<?xml version="1.0" encoding="UTF-8"?><gpx creator="Wikiloc - https://www.wikiloc.com" version="1.1" xmlns="http://www.topografix.com/GPX/1/1" xmlns:xsi="http://www.w3.org/2001/XMLSchema-instance" xsi:schemaLocation="http://www.topografix.com/GPX/1/1 http://www.topografix.com/GPX/1/1/gpx.xsd"><metadata><name>Wikiloc - Hanoi VespaTour</name><author><name>Os Pés do Caminho</name><link href="https://www.wikiloc.com/wikiloc/user.do?id=3542072"><text>Os Pés do Caminho on Wikiloc</text></link></author><link href="https://www.wikiloc.com/motorcycling-trails/hanoi-vespatour-28384092"><text>Hanoi VespaTour on Wikiloc</text></link><time>2018-09-07T07:59:02Z</time></metadata><wpt lat="21.027885" lon="105.840113"><ele>6.0</ele><time>2018-09-07T01:13:09Z</time><name>Foto</name><cmt></cmt><desc></desc></wpt><wpt lat="21.041811" lon="105.854712"><ele>-14.1</ele><time>2018-09-07T01:32:35Z</time><name>Foto</name><cmt></cmt><desc></desc></wpt><wpt lat="21.068516" lon="105.877920"><ele>-22.5</ele><time>2018-09-07T01:56:14Z</time><name>Ponte</name><cmt></cmt><desc></desc></wpt><wpt lat="21.075611" lon="105.876315"><ele>-19.7</ele><time>2018-09-07T02:08:36Z</time><name>Dong Tru village</name><cmt></cmt><desc></desc></wpt><wpt lat="21.080786" lon="105.884723"><ele>-21.5</ele><time>2018-09-07T02:13:53Z</time><name>Dien Phuc pagoda</name><cmt></cmt><desc></desc></wpt><wpt lat="21.085442" lon="105.883478"><ele>-18.0</ele><time>2018-09-07T02:34:42Z</time><name>Rice paddies</name><cmt></cmt><desc></desc></wpt><wpt lat="21.098672" lon="105.873529"><ele>-18.9</ele><time>2018-09-07T02:51:27Z</time><name>Foto</name><cmt></cmt><desc></desc></wpt><wpt lat="21.113407" lon="105.873390"><ele>-25.4</ele><time>2018-09-07T03:40:13Z</time><name>Foto</name><cmt></cmt><desc></desc></wpt><wpt lat="21.117471" lon="105.862877"><ele>-39.7</ele><time>2018-09-07T03:55:05Z</time><name>Foto</name><cmt></cmt><desc></desc></wpt><wpt lat="21.046417" lon="105.840856"><ele>-19.4</ele><time>2018-09-07T05:41:22Z</time><name>Foto</name><cmt></cmt><desc></desc></wpt><wpt lat="21.046486" lon="105.836854"><ele>-36.7</ele><time>2018-09-07T05:47:16Z</time><name>McCain memorial</name><cmt></cmt><desc></desc></wpt><wpt lat="21.038156" lon="105.827083"><ele>-18.1</ele><time>2018-09-07T06:08:05Z</time><name>B52 remains at Ngoc Ha</name><cmt></cmt><desc></desc></wpt><wpt lat="21.016541" lon="105.841301"><ele>-13.9</ele><time>2018-09-07T06:36:01Z</time><name>Foto</name><cmt></cmt><desc></desc></wpt><wpt lat="21.016781" lon="105.841228"><ele>-11.7</ele><time>2018-09-07T06:36:35Z</time><name>Foto</name><cmt></cmt><desc></desc></wpt><wpt lat="21.017166" lon="105.851793"><ele>-10.1</ele><time>2018-09-07T06:51:24Z</time><name>Hanoi market</name><cmt></cmt><desc></desc></wpt><wpt lat="21.024160" lon="105.856937"><ele>-36.2</ele><time>2018-09-07T07:10:13Z</time><name>Hanoi Opera</name><cmt></cmt><desc></desc></wpt><wpt lat="21.033381" lon="105.854557"><ele>148.0</ele><time>2018-09-07T07:39:08Z</time><name>Egg cofee... Delicious..</name><cmt></cmt><desc></desc></wpt><trk><name>Hanoi VespaTour - Wikiloc</name><cmt></cmt><desc></desc><trkseg><trkpt lat="21.027885" lon="105.840113"><ele>-14.798</ele><time>2018-09-07T03:12:55Z</time></trkpt><trkpt lat="21.027857" lon="105.840160"><ele>-14.715</ele><time>2018-09-07T03:13:11Z</time></trkpt><trkpt lat="21.027815" lon="105.840180"><ele>-14.726</ele><time>2018-09-07T03:13:56Z</time></trkpt><trkpt lat="21.027843" lon="105.840140"><ele>-14.708</ele><time>2018-09-07T03:14:06Z</time></trkpt><trkpt lat="21.027873" lon="105.840086"><ele>-14.791</ele><time>2018-09-07T03:14:11Z</time></trkpt><trkpt lat="21.027859" lon="105.840040"><ele>-14.737</ele><time>2018-09-07T03:14:35Z</time></trkpt><trkpt lat="21.027839" lon="105.840114"><ele>-14.782</ele><time>2018-09-07T03:14:51Z</time></trkpt><trkpt lat="21.027845" lon="105.840165"><ele>-14.717</ele><time>2018-09-07T03:14:55Z</time></trkpt><trkpt lat="21.027812" lon="105.840201"><ele>-14.723</ele><time>2018-09-07T03:15:31Z</time></trkpt><trkpt lat="21.027860" lon="105.840203"><ele>-14.729</ele><time>2018-09-07T03:16:01Z</time></trkpt><trkpt lat="21.027911" lon="105.840161"><ele>-14.718</ele><time>2018-09-07T03:16:05Z</time></trkpt><trkpt lat="21.027958" lon="105.840122"><ele>-14.731</ele><time>2018-09-07T03:16:07Z</time></trkpt><trkpt lat="21.027993" lon="105.840085"><ele>-14.729</ele><time>2018-09-07T03:16:11Z</time></trkpt><trkpt lat="21.027956" lon="105.840150"><ele>-14.700</ele><time>2018-09-07T03:16:49Z</time></trkpt><trkpt lat="21.027879" lon="105.840207"><ele>-14.720</ele><time>2018-09-07T03:16:54Z</time></trkpt><trkpt lat="21.027843" lon="105.840238"><ele>-16.508</ele><time>2018-09-07T03:17:10Z</time></trkpt><trkpt lat="21.027832" lon="105.840190"><ele>-17.584</ele><time>2018-09-07T03:17:37Z</time></trkpt><trkpt lat="21.027858" lon="105.840147"><ele>-17.280</ele><time>2018-09-07T03:18:14Z</time></trkpt><trkpt lat="21.027862" lon="105.840196"><ele>-15.995</ele><time>2018-09-07T03:18:45Z</time></trkpt><trkpt lat="21.027824" lon="105.840222"><ele>-15.590</ele><time>2018-09-07T03:19:02Z</time></trkpt><trkpt lat="21.027846" lon="105.840165"><ele>-16.596</ele><time>2018-09-07T03:20:38Z</time></trkpt><trkpt lat="21.027839" lon="105.840214"><ele>-16.782</ele><time>2018-09-07T03:21:04Z</time></trkpt><trkpt lat="21.027871" lon="105.840250"><ele>-16.831</ele><time>2018-09-07T03:21:29Z</time></trkpt><trkpt lat="21.027875" lon="105.840298"><ele>-17.784</ele><time>2018-09-07T03:21:34Z</time></trkpt><trkpt lat="21.027872" lon="105.840354"><ele>-17.541</ele><time>2018-09-07T03:21:36Z</time></trkpt><trkpt lat="21.027859" lon="105.840406"><ele>-17.281</ele><time>2018-09-07T03:21:39Z</time></trkpt><trkpt lat="21.027841" lon="105.840454"><ele>-16.709</ele><time>2018-09-07T03:21:43Z</time></trkpt><trkpt lat="21.027825" lon="105.840504"><ele>-16.808</ele><time>2018-09-07T03:21:59Z</time></trkpt><trkpt lat="21.027800" lon="105.840556"><ele>-17.056</ele><time>2018-09-07T03:22:02Z</time></trkpt><trkpt lat="21.027784" lon="105.840601"><ele>-17.712</ele><time>2018-09-07T03:22:04Z</time></trkpt><trkpt lat="21.027752" lon="105.840707"><ele>-18.647</ele><time>2018-09-07T03:22:05Z</time></trkpt><trkpt lat="21.027751" lon="105.840776"><ele>-18.782</ele><time>2018-09-07T03:22:06Z</time></trkpt><trkpt lat="21.027749" lon="105.840843"><ele>-18.878</ele><time>2018-09-07T03:22:07Z</time></trkpt><trkpt lat="21.027747" lon="105.840914"><ele>-19.034</ele><time>2018-09-07T03:22:08Z</time></trkpt><trkpt lat="21.027736" lon="105.840980"><ele>-18.553</ele><time>2018-09-07T03:22:09Z</time></trkpt><trkpt lat="21.027737" lon="105.841032"><ele>-18.076</ele><time>2018-09-07T03:22:10Z</time></trkpt><trkpt lat="21.027736" lon="105.841096"><ele>-17.173</ele><time>2018-09-07T03:22:12Z</time></trkpt><trkpt lat="21.027722" lon="105.841161"><ele>-16.685</ele><time>2018-09-07T03:22:14Z</time></trkpt><trkpt lat="21.027714" lon="105.841223"><ele>-15.913</ele><time>2018-09-07T03:22:16Z</time></trkpt><trkpt lat="21.027705" lon="105.841294"><ele>-14.708</ele><time>2018-09-07T03:22:18Z</time></trkpt><trkpt lat="21.027696" lon="105.841360"><ele>-14.099</ele><time>2018-09-07T03:22:20Z</time></trkpt><trkpt lat="21.027690" lon="105.841409"><ele>-13.695</ele><time>2018-09-07T03:22:22Z</time></trkpt><trkpt lat="21.027675" lon="105.841489"><ele>-12.220</ele><time>2018-09-07T03:22:37Z</time></trkpt><trkpt lat="21.027653" lon="105.841546"><ele>-10.465</ele><time>2018-09-07T03:22:41Z</time></trkpt><trkpt lat="21.027642" lon="105.841617"><ele>-9.471</ele><time>2018-09-07T03:22:43Z</time></trkpt><trkpt lat="21.027630" lon="105.841689"><ele>-8.877</ele><time>2018-09-07T03:22:45Z</time></trkpt><trkpt lat="21.027625" lon="105.841761"><ele>-8.466</ele><time>2018-09-07T03:22:47Z</time></trkpt><trkpt lat="21.027616" lon="105.841823"><ele>-8.319</ele><time>2018-09-07T03:22:49Z</time></trkpt><trkpt lat="21.027605" lon="105.841871"><ele>-8.554</ele><time>2018-09-07T03:22:51Z</time></trkpt><trkpt lat="21.027614" lon="105.841923"><ele>-9.156</ele><time>2018-09-07T03:22:54Z</time></trkpt><trkpt lat="21.027631" lon="105.841968"><ele>-10.311</ele><time>2018-09-07T03:22:58Z</time></trkpt><trkpt lat="21.027641" lon="105.842024"><ele>-10.208</ele><time>2018-09-07T03:23:02Z</time></trkpt><trkpt lat="21.027656" lon="105.842073"><ele>-10.027</ele><time>2018-09-07T03:23:04Z</time></trkpt><trkpt lat="21.027675" lon="105.842136"><ele>-10.033</ele><time>2018-09-07T03:23:06Z</time></trkpt><trkpt lat="21.027698" lon="105.842209"><ele>-10.048</ele><time>2018-09-07T03:23:08Z</time></trkpt><trkpt lat="21.027739" lon="105.842351"><ele>-10.053</ele><time>2018-09-07T03:23:10Z</time></trkpt><trkpt lat="21.027767" lon="105.842413"><ele>-10.059</ele><time>2018-09-07T03:23:11Z</time></trkpt><trkpt lat="21.027777" lon="105.842474"><ele>-10.475</ele><time>2018-09-07T03:23:12Z</time></trkpt><trkpt lat="21.027784" lon="105.842530"><ele>-10.784</ele><time>2018-09-07T03:23:13Z</time></trkpt><trkpt lat="21.027788" lon="105.842580"><ele>-10.897</ele><time>2018-09-07T03:23:14Z</time></trkpt><trkpt lat="21.027805" lon="105.842666"><ele>-10.825</ele><time>2018-09-07T03:23:16Z</time></trkpt><trkpt lat="21.027840" lon="105.842749"><ele>-11.826</ele><time>2018-09-07T03:23:18Z</time></trkpt><trkpt lat="21.027855" lon="105.842808"><ele>-12.708</ele><time>2018-09-07T03:23:19Z</time></trkpt><trkpt lat="21.027867" lon="105.842865"><ele>-12.808</ele><time>2018-09-07T03:23:20Z</time></trkpt><trkpt lat="21.027884" lon="105.842924"><ele>-13.294</ele><time>2018-09-07T03:23:21Z</time></trkpt><trkpt lat="21.027896" lon="105.842985"><ele>-13.510</ele><time>2018-09-07T03:23:22Z</time></trkpt><trkpt lat="21.027911" lon="105.843049"><ele>-13.795</ele><time>2018-09-07T03:23:23Z</time></trkpt><trkpt lat="21.027925" lon="105.843108"><ele>-13.820</ele><time>2018-09-07T03:23:24Z</time></trkpt><trkpt lat="21.027937" lon="105.843170"><ele>-13.976</ele><time>2018-09-07T03:23:25Z</time></trkpt><trkpt lat="21.027946" lon="105.843227"><ele>-13.982</ele><time>2018-09-07T03:23:26Z</time></trkpt><trkpt lat="21.027955" lon="105.843278"><ele>-13.961</ele><time>2018-09-07T03:23:27Z</time></trkpt><trkpt lat="21.027960" lon="105.843326"><ele>-14.354</ele><time>2018-09-07T03:23:28Z</time></trkpt><trkpt lat="21.027977" lon="105.843391"><ele>-14.574</ele><time>2018-09-07T03:23:30Z</time></trkpt><trkpt lat="21.028003" lon="105.843458"><ele>-15.056</ele><time>2018-09-07T03:23:33Z</time></trkpt><trkpt lat="21.028028" lon="105.843498"><ele>-15.321</ele><time>2018-09-07T03:23:35Z</time></trkpt><trkpt lat="21.028071" lon="105.843551"><ele>-15.508</ele><time>2018-09-07T03:23:38Z</time></trkpt><trkpt lat="21.028113" lon="105.843588"><ele>-16.829</ele><time>2018-09-07T03:23:56Z</time></trkpt><trkpt lat="21.028154" lon="105.843634"><ele>-17.615</ele><time>2018-09-07T03:24:00Z</time></trkpt><trkpt lat="21.028196" lon="105.843673"><ele>-18.530</ele><time>2018-09-07T03:24:02Z</time></trkpt><trkpt lat="21.028261" lon="105.843731"><ele>-19.055</ele><time>2018-09-07T03:24:03Z</time></trkpt><trkpt lat="21.028331" lon="105.843786"><ele>-19.381</ele><time>2018-09-07T03:24:05Z</time></trkpt><trkpt lat="21.028391" lon="105.843850"><ele>-20.037</ele><time>2018-09-07T03:24:07Z</time></trkpt><trkpt lat="21.028426" lon="105.843883"><ele>-20.386</ele><time>2018-09-07T03:24:08Z</time></trkpt><trkpt lat="21.028460" lon="105.843920"><ele>-20.519</ele><time>2018-09-07T03:24:09Z</time></trkpt><trkpt lat="21.028507" lon="105.843965"><ele>-20.696</ele><time>2018-09-07T03:24:11Z</time></trkpt><trkpt lat="21.028569" lon="105.844018"><ele>-21.131</ele><time>2018-09-07T03:24:13Z</time></trkpt><trkpt lat="21.028614" lon="105.844068"><ele>-21.524</ele><time>2018-09-07T03:24:16Z</time></trkpt><trkpt lat="21.028665" lon="105.844165"><ele>-21.608</ele><time>2018-09-07T03:24:18Z</time></trkpt><trkpt lat="21.028692" lon="105.844213"><ele>-21.821</ele><time>2018-09-07T03:24:19Z</time></trkpt><trkpt lat="21.028720" lon="105.844263"><ele>-21.827</ele><time>2018-09-07T03:24:20Z</time></trkpt><trkpt lat="21.028741" lon="105.844321"><ele>-22.342</ele><time>2018-09-07T03:24:21Z</time></trkpt><trkpt lat="21.028779" lon="105.844400"><ele>-22.527</ele><time>2018-09-07T03:24:23Z</time></trkpt><trkpt lat="21.028809" lon="105.844440"><ele>-22.873</ele><time>2018-09-07T03:24:25Z</time></trkpt><trkpt lat="21.028844" lon="105.844485"><ele>-22.579</ele><time>2018-09-07T03:24:27Z</time></trkpt><trkpt lat="21.028889" lon="105.844529"><ele>-22.378</ele><time>2018-09-07T03:24:29Z</time></trkpt><trkpt lat="21.029000" lon="105.844578"><ele>-22.141</ele><time>2018-09-07T03:24:31Z</time></trkpt><trkpt lat="21.029085" lon="105.844578"><ele>-22.018</ele><time>2018-09-07T03:24:33Z</time></trkpt><trkpt lat="21.029175" lon="105.844585"><ele>-22.098</ele><time>2018-09-07T03:24:35Z</time></trkpt><trkpt lat="21.029227" lon="105.844587"><ele>-22.017</ele><time>2018-09-07T03:24:36Z</time></trkpt><trkpt lat="21.029275" lon="105.844594"><ele>-22.008</ele><time>2018-09-07T03:24:37Z</time></trkpt><trkpt lat="21.029336" lon="105.844605"><ele>-22.523</ele><time>2018-09-07T03:24:38Z</time></trkpt><trkpt lat="21.029384" lon="105.844615"><ele>-22.659</ele><time>2018-09-07T03:24:39Z</time></trkpt><trkpt lat="21.029433" lon="105.844629"><ele>-23.174</ele><time>2018-09-07T03:24:40Z</time></trkpt><trkpt lat="21.029482" lon="105.844642"><ele>-23.589</ele><time>2018-09-07T03:24:41Z</time></trkpt><trkpt lat="21.029531" lon="105.844650"><ele>-23.695</ele><time>2018-09-07T03:24:42Z</time></trkpt><trkpt lat="21.029579" lon="105.844659"><ele>-23.891</ele><time>2018-09-07T03:24:43Z</time></trkpt><trkpt lat="21.029626" lon="105.844659"><ele>-23.810</ele><time>2018-09-07T03:24:44Z</time></trkpt><trkpt lat="21.029676" lon="105.844666"><ele>-23.863</ele><time>2018-09-07T03:24:46Z</time></trkpt><trkpt lat="21.029730" lon="105.844676"><ele>-23.852</ele><time>2018-09-07T03:24:48Z</time></trkpt><trkpt lat="21.029789" lon="105.844686"><ele>-24.353</ele><time>2018-09-07T03:24:50Z</time></trkpt><trkpt lat="21.029852" lon="105.844697"><ele>-24.508</ele><time>2018-09-07T03:24:52Z</time></trkpt><trkpt lat="21.029921" lon="105.844710"><ele>-24.508</ele><time>2018-09-07T03:24:54Z</time></trkpt><trkpt lat="21.030010" lon="105.844724"><ele>-24.647</ele><time>2018-09-07T03:24:55Z</time></trkpt><trkpt lat="21.030096" lon="105.844721"><ele>-24.333</ele><time>2018-09-07T03:24:57Z</time></trkpt><trkpt lat="21.030147" lon="105.844719"><ele>-24.118</ele><time>2018-09-07T03:24:58Z</time></trkpt><trkpt lat="21.030200" lon="105.844719"><ele>-23.633</ele><time>2018-09-07T03:24:59Z</time></trkpt><trkpt lat="21.030252" lon="105.844723"><ele>-23.369</ele><time>2018-09-07T03:25:00Z</time></trkpt><trkpt lat="21.030300" lon="105.844737"><ele>-23.145</ele><time>2018-09-07T03:25:01Z</time></trkpt><trkpt lat="21.030381" lon="105.844772"><ele>-22.694</ele><time>2018-09-07T03:25:03Z</time></trkpt><trkpt lat="21.030476" lon="105.844799"><ele>-22.347</ele><time>2018-09-07T03:25:05Z</time></trkpt><trkpt lat="21.030534" lon="105.844805"><ele>-21.822</ele><time>2018-09-07T03:25:06Z</time></trkpt><trkpt lat="21.030597" lon="105.844809"><ele>-21.362</ele><time>2018-09-07T03:25:07Z</time></trkpt><trkpt lat="21.030666" lon="105.844810"><ele>-21.108</ele><time>2018-09-07T03:25:08Z</time></trkpt><trkpt lat="21.030732" lon="105.844817"><ele>-21.008</ele><time>2018-09-07T03:25:09Z</time></trkpt><trkpt lat="21.030795" lon="105.844829"><ele>-21.094</ele><time>2018-09-07T03:25:10Z</time></trkpt><trkpt lat="21.030855" lon="105.844841"><ele>-21.050</ele><time>2018-09-07T03:25:11Z</time></trkpt><trkpt lat="21.030905" lon="105.844855"><ele>-21.095</ele><time>2018-09-07T03:25:12Z</time></trkpt><trkpt lat="21.030959" lon="105.844866"><ele>-21.090</ele><time>2018-09-07T03:25:13Z</time></trkpt><trkpt lat="21.031012" lon="105.844875"><ele>-21.056</ele><time>2018-09-07T03:25:14Z</time></trkpt><trkpt lat="21.031064" lon="105.844886"><ele>-21.032</ele><time>2018-09-07T03:25:15Z</time></trkpt><trkpt lat="21.031118" lon="105.844898"><ele>-21.081</ele><time>2018-09-07T03:25:16Z</time></trkpt><trkpt lat="21.031171" lon="105.844908"><ele>-21.054</ele><time>2018-09-07T03:25:17Z</time></trkpt><trkpt lat="21.031223" lon="105.844919"><ele>-21.343</ele><time>2018-09-07T03:25:18Z</time></trkpt><trkpt lat="21.031277" lon="105.844929"><ele>-21.564</ele><time>2018-09-07T03:25:19Z</time></trkpt><trkpt lat="21.031327" lon="105.844941"><ele>-21.610</ele><time>2018-09-07T03:25:20Z</time></trkpt><trkpt lat="21.031377" lon="105.844952"><ele>-21.808</ele><time>2018-09-07T03:25:21Z</time></trkpt><trkpt lat="21.031425" lon="105.844962"><ele>-21.816</ele><time>2018-09-07T03:25:22Z</time></trkpt><trkpt lat="21.031477" lon="105.844971"><ele>-21.852</ele><time>2018-09-07T03:25:23Z</time></trkpt><trkpt lat="21.031534" lon="105.844980"><ele>-21.837</ele><time>2018-09-07T03:25:24Z</time></trkpt><trkpt lat="21.031596" lon="105.844990"><ele>-21.862</ele><time>2018-09-07T03:25:25Z</time></trkpt><trkpt lat="21.031649" lon="105.844997"><ele>-21.878</ele><time>2018-09-07T03:25:26Z</time></trkpt><trkpt lat="21.031701" lon="105.845008"><ele>-22.394</ele><time>2018-09-07T03:25:27Z</time></trkpt><trkpt lat="21.031755" lon="105.845021"><ele>-22.523</ele><time>2018-09-07T03:25:28Z</time></trkpt><trkpt lat="21.031805" lon="105.845032"><ele>-22.586</ele><time>2018-09-07T03:25:29Z</time></trkpt><trkpt lat="21.031853" lon="105.845042"><ele>-22.655</ele><time>2018-09-07T03:25:30Z</time></trkpt><trkpt lat="21.031899" lon="105.845049"><ele>-22.807</ele><time>2018-09-07T03:25:31Z</time></trkpt><trkpt lat="21.031988" lon="105.845063"><ele>-22.817</ele><time>2018-09-07T03:25:33Z</time></trkpt><trkpt lat="21.032032" lon="105.845075"><ele>-22.308</ele><time>2018-09-07T03:25:34Z</time></trkpt><trkpt lat="21.032078" lon="105.845084"><ele>-22.527</ele><time>2018-09-07T03:25:35Z</time></trkpt><trkpt lat="21.032128" lon="105.845092"><ele>-22.683</ele><time>2018-09-07T03:25:36Z</time></trkpt><trkpt lat="21.032175" lon="105.845101"><ele>-22.858</ele><time>2018-09-07T03:25:37Z</time></trkpt><trkpt lat="21.032227" lon="105.845105"><ele>-22.813</ele><time>2018-09-07T03:25:38Z</time></trkpt><trkpt lat="21.032274" lon="105.845106"><ele>-22.849</ele><time>2018-09-07T03:25:39Z</time></trkpt><trkpt lat="21.032360" lon="105.845127"><ele>-22.345</ele><time>2018-09-07T03:25:41Z</time></trkpt><trkpt lat="21.032444" lon="105.845166"><ele>-22.144</ele><time>2018-09-07T03:25:43Z</time></trkpt><trkpt lat="21.032488" lon="105.845184"><ele>-22.067</ele><time>2018-09-07T03:25:44Z</time></trkpt><trkpt lat="21.032534" lon="105.845198"><ele>-22.022</ele><time>2018-09-07T03:25:45Z</time></trkpt><trkpt lat="21.032617" lon="105.845203"><ele>-21.862</ele><time>2018-09-07T03:25:47Z</time></trkpt><trkpt lat="21.032685" lon="105.845222"><ele>-21.508</ele><time>2018-09-07T03:25:50Z</time></trkpt><trkpt lat="21.032745" lon="105.845235"><ele>-21.108</ele><time>2018-09-07T03:25:52Z</time></trkpt><trkpt lat="21.032810" lon="105.845252"><ele>-21.074</ele><time>2018-09-07T03:25:54Z</time></trkpt><trkpt lat="21.032927" lon="105.845289"><ele>-20.850</ele><time>2018-09-07T03:25:56Z</time></trkpt><trkpt lat="21.032983" lon="105.845304"><ele>-20.875</ele><time>2018-09-07T03:25:59Z</time></trkpt><trkpt lat="21.033035" lon="105.845321"><ele>-20.830</ele><time>2018-09-07T03:26:01Z</time></trkpt><trkpt lat="21.033102" lon="105.845332"><ele>-20.846</ele><time>2018-09-07T03:26:03Z</time></trkpt><trkpt lat="21.033174" lon="105.845349"><ele>-20.822</ele><time>2018-09-07T03:26:05Z</time></trkpt><trkpt lat="21.033268" lon="105.845374"><ele>-20.371</ele><time>2018-09-07T03:26:06Z</time></trkpt><trkpt lat="21.033323" lon="105.845379"><ele>-20.144</ele><time>2018-09-07T03:26:07Z</time></trkpt><trkpt lat="21.033379" lon="105.845391"><ele>-20.066</ele><time>2018-09-07T03:26:08Z</time></trkpt><trkpt lat="21.033433" lon="105.845403"><ele>-20.029</ele><time>2018-09-07T03:26:09Z</time></trkpt><trkpt lat="21.033494" lon="105.845427"><ele>-19.821</ele><time>2018-09-07T03:26:10Z</time></trkpt><trkpt lat="21.033555" lon="105.845445"><ele>-19.808</ele><time>2018-09-07T03:26:11Z</time></trkpt><trkpt lat="21.033611" lon="105.845463"><ele>-19.818</ele><time>2018-09-07T03:26:12Z</time></trkpt><trkpt lat="21.033660" lon="105.845478"><ele>-19.854</ele><time>2018-09-07T03:26:13Z</time></trkpt><trkpt lat="21.033712" lon="105.845489"><ele>-19.889</ele><time>2018-09-07T03:26:14Z</time></trkpt><trkpt lat="21.033794" lon="105.845506"><ele>-20.334</ele><time>2018-09-07T03:26:16Z</time></trkpt><trkpt lat="21.033844" lon="105.845516"><ele>-20.520</ele><time>2018-09-07T03:26:17Z</time></trkpt><trkpt lat="21.033901" lon="105.845507"><ele>-20.166</ele><time>2018-09-07T03:26:18Z</time></trkpt><trkpt lat="21.033974" lon="105.845519"><ele>-20.075</ele><time>2018-09-07T03:26:19Z</time></trkpt><trkpt lat="21.034058" lon="105.845542"><ele>-19.888</ele><time>2018-09-07T03:26:20Z</time></trkpt><trkpt lat="21.034125" lon="105.845553"><ele>-19.879</ele><time>2018-09-07T03:26:21Z</time></trkpt><trkpt lat="21.034186" lon="105.845563"><ele>-20.105</ele><time>2018-09-07T03:26:22Z</time></trkpt><trkpt lat="21.034238" lon="105.845570"><ele>-20.325</ele><time>2018-09-07T03:26:23Z</time></trkpt><trkpt lat="21.034296" lon="105.845577"><ele>-20.008</ele><time>2018-09-07T03:26:24Z</time></trkpt><trkpt lat="21.034355" lon="105.845563"><ele>-18.679</ele><time>2018-09-07T03:26:25Z</time></trkpt><trkpt lat="21.034410" lon="105.845575"><ele>-17.545</ele><time>2018-09-07T03:26:26Z</time></trkpt><trkpt lat="21.034464" lon="105.845588"><ele>-16.780</ele><time>2018-09-07T03:26:27Z</time></trkpt><trkpt lat="21.034508" lon="105.845599"><ele>-15.985</ele><time>2018-09-07T03:26:28Z</time></trkpt><trkpt lat="21.034594" lon="105.845616"><ele>-15.471</ele><time>2018-09-07T03:26:30Z</time></trkpt><trkpt lat="21.034681" lon="105.845626"><ele>-15.167</ele><time>2018-09-07T03:26:32Z</time></trkpt><trkpt lat="21.034731" lon="105.845635"><ele>-14.926</ele><time>2018-09-07T03:26:33Z</time></trkpt><trkpt lat="21.034776" lon="105.845643"><ele>-14.829</ele><time>2018-09-07T03:26:34Z</time></trkpt><trkpt lat="21.034872" lon="105.845657"><ele>-14.775</ele><time>2018-09-07T03:26:36Z</time></trkpt><trkpt lat="21.034924" lon="105.845666"><ele>-14.328</ele><time>2018-09-07T03:26:37Z</time></trkpt><trkpt lat="21.034978" lon="105.845679"><ele>-14.020</ele><time>2018-09-07T03:26:38Z</time></trkpt><trkpt lat="21.035025" lon="105.845680"><ele>-13.808</ele><time>2018-09-07T03:26:39Z</time></trkpt><trkpt lat="21.035077" lon="105.845692"><ele>-13.779</ele><time>2018-09-07T03:26:40Z</time></trkpt><trkpt lat="21.035160" lon="105.845717"><ele>-13.675</ele><time>2018-09-07T03:26:42Z</time></trkpt><trkpt lat="21.035242" lon="105.845737"><ele>-14.040</ele><time>2018-09-07T03:26:44Z</time></trkpt><trkpt lat="21.035291" lon="105.845747"><ele>-14.215</ele><time>2018-09-07T03:26:45Z</time></trkpt><trkpt lat="21.035341" lon="105.845762"><ele>-14.741</ele><time>2018-09-07T03:26:46Z</time></trkpt><trkpt lat="21.035398" lon="105.845776"><ele>-15.087</ele><time>2018-09-07T03:26:47Z</time></trkpt><trkpt lat="21.035457" lon="105.845792"><ele>-15.276</ele><time>2018-09-07T03:26:48Z</time></trkpt><trkpt lat="21.035517" lon="105.845812"><ele>-15.349</ele><time>2018-09-07T03:26:49Z</time></trkpt><trkpt lat="21.035575" lon="105.845829"><ele>-15.815</ele><time>2018-09-07T03:26:50Z</time></trkpt><trkpt lat="21.035634" lon="105.845847"><ele>-16.165</ele><time>2018-09-07T03:26:51Z</time></trkpt><trkpt lat="21.035689" lon="105.845858"><ele>-16.311</ele><time>2018-09-07T03:26:52Z</time></trkpt><trkpt lat="21.035743" lon="105.845874"><ele>-16.508</ele><time>2018-09-07T03:26:53Z</time></trkpt><trkpt lat="21.035805" lon="105.845896"><ele>-16.553</ele><time>2018-09-07T03:26:54Z</time></trkpt><trkpt lat="21.035868" lon="105.845916"><ele>-16.529</ele><time>2018-09-07T03:26:55Z</time></trkpt><trkpt lat="21.035925" lon="105.845931"><ele>-16.554</ele><time>2018-09-07T03:26:56Z</time></trkpt><trkpt lat="21.035986" lon="105.845933"><ele>-16.529</ele><time>2018-09-07T03:26:57Z</time></trkpt><trkpt lat="21.036049" lon="105.845927"><ele>-16.125</ele><time>2018-09-07T03:26:58Z</time></trkpt><trkpt lat="21.036111" lon="105.845942"><ele>-16.361</ele><time>2018-09-07T03:26:59Z</time></trkpt><trkpt lat="21.036172" lon="105.845956"><ele>-16.520</ele><time>2018-09-07T03:27:00Z</time></trkpt><trkpt lat="21.036232" lon="105.845966"><ele>-16.553</ele><time>2018-09-07T03:27:01Z</time></trkpt><trkpt lat="21.036299" lon="105.845979"><ele>-16.518</ele><time>2018-09-07T03:27:02Z</time></trkpt><trkpt lat="21.036360" lon="105.845990"><ele>-16.598</ele><time>2018-09-07T03:27:03Z</time></trkpt><trkpt lat="21.036409" lon="105.846001"><ele>-16.517</ele><time>2018-09-07T03:27:04Z</time></trkpt><trkpt lat="21.036462" lon="105.846015"><ele>-16.508</ele><time>2018-09-07T03:27:05Z</time></trkpt><trkpt lat="21.036513" lon="105.846028"><ele>-16.513</ele><time>2018-09-07T03:27:06Z</time></trkpt><trkpt lat="21.036564" lon="105.846040"><ele>-16.529</ele><time>2018-09-07T03:27:07Z</time></trkpt><trkpt lat="21.036618" lon="105.846053"><ele>-16.564</ele><time>2018-09-07T03:27:08Z</time></trkpt><trkpt lat="21.036669" lon="105.846068"><ele>-16.519</ele><time>2018-09-07T03:27:09Z</time></trkpt><trkpt lat="21.036718" lon="105.846081"><ele>-16.545</ele><time>2018-09-07T03:27:10Z</time></trkpt><trkpt lat="21.036769" lon="105.846098"><ele>-16.561</ele><time>2018-09-07T03:27:11Z</time></trkpt><trkpt lat="21.036823" lon="105.846114"><ele>-16.540</ele><time>2018-09-07T03:27:12Z</time></trkpt><trkpt lat="21.036874" lon="105.846125"><ele>-16.593</ele><time>2018-09-07T03:27:13Z</time></trkpt><trkpt lat="21.036925" lon="105.846139"><ele>-16.579</ele><time>2018-09-07T03:27:14Z</time></trkpt><trkpt lat="21.036974" lon="105.846148"><ele>-16.105</ele><time>2018-09-07T03:27:15Z</time></trkpt><trkpt lat="21.037023" lon="105.846155"><ele>-15.925</ele><time>2018-09-07T03:27:16Z</time></trkpt><trkpt lat="21.037103" lon="105.846180"><ele>-16.208</ele><time>2018-09-07T03:27:18Z</time></trkpt><trkpt lat="21.037157" lon="105.846194"><ele>-16.589</ele><time>2018-09-07T03:27:19Z</time></trkpt><trkpt lat="21.037211" lon="105.846208"><ele>-16.525</ele><time>2018-09-07T03:27:20Z</time></trkpt><trkpt lat="21.037258" lon="105.846218"><ele>-16.620</ele><time>2018-09-07T03:27:21Z</time></trkpt><trkpt lat="21.037305" lon="105.846227"><ele>-16.665</ele><time>2018-09-07T03:27:22Z</time></trkpt><trkpt lat="21.037357" lon="105.846231"><ele>-16.661</ele><time>2018-09-07T03:27:23Z</time></trkpt><trkpt lat="21.037412" lon="105.846244"><ele>-16.697</ele><time>2018-09-07T03:27:24Z</time></trkpt><trkpt lat="21.037470" lon="105.846264"><ele>-16.646</ele><time>2018-09-07T03:27:25Z</time></trkpt><trkpt lat="21.037528" lon="105.846277"><ele>-16.239</ele><time>2018-09-07T03:27:26Z</time></trkpt><trkpt lat="21.037585" lon="105.846292"><ele>-16.081</ele><time>2018-09-07T03:27:27Z</time></trkpt><trkpt lat="21.037640" lon="105.846312"><ele>-15.961</ele><time>2018-09-07T03:27:28Z</time></trkpt><trkpt lat="21.037691" lon="105.846331"><ele>-15.417</ele><time>2018-09-07T03:27:29Z</time></trkpt><trkpt lat="21.037737" lon="105.846353"><ele>-15.508</ele><time>2018-09-07T03:27:30Z</time></trkpt><trkpt lat="21.037781" lon="105.846373"><ele>-15.670</ele><time>2018-09-07T03:27:31Z</time></trkpt><trkpt lat="21.037824" lon="105.846396"><ele>-15.666</ele><time>2018-09-07T03:27:32Z</time></trkpt><trkpt lat="21.037906" lon="105.846449"><ele>-15.611</ele><time>2018-09-07T03:27:34Z</time></trkpt><trkpt lat="21.037982" lon="105.846491"><ele>-15.676</ele><time>2018-09-07T03:27:36Z</time></trkpt><trkpt lat="21.038022" lon="105.846519"><ele>-15.662</ele><time>2018-09-07T03:27:37Z</time></trkpt><trkpt lat="21.038064" lon="105.846552"><ele>-15.658</ele><time>2018-09-07T03:27:38Z</time></trkpt><trkpt lat="21.038104" lon="105.846583"><ele>-15.627</ele><time>2018-09-07T03:27:39Z</time></trkpt><trkpt lat="21.038148" lon="105.846619"><ele>-15.630</ele><time>2018-09-07T03:27:40Z</time></trkpt><trkpt lat="21.038186" lon="105.846655"><ele>-15.674</ele><time>2018-09-07T03:27:41Z</time></trkpt><trkpt lat="21.038223" lon="105.846687"><ele>-15.656</ele><time>2018-09-07T03:27:42Z</time></trkpt><trkpt lat="21.038259" lon="105.846726"><ele>-15.621</ele><time>2018-09-07T03:27:43Z</time></trkpt><trkpt lat="21.038294" lon="105.846762"><ele>-15.608</ele><time>2018-09-07T03:27:44Z</time></trkpt><trkpt lat="21.038329" lon="105.846802"><ele>-15.669</ele><time>2018-09-07T03:27:45Z</time></trkpt><trkpt lat="21.038382" lon="105.846881"><ele>-16.555</ele><time>2018-09-07T03:27:47Z</time></trkpt><trkpt lat="21.038431" lon="105.846950"><ele>-17.040</ele><time>2018-09-07T03:27:49Z</time></trkpt><trkpt lat="21.038465" lon="105.846989"><ele>-17.215</ele><time>2018-09-07T03:27:50Z</time></trkpt><trkpt lat="21.038502" lon="105.847029"><ele>-17.881</ele><time>2018-09-07T03:27:51Z</time></trkpt><trkpt lat="21.038535" lon="105.847071"><ele>-18.177</ele><time>2018-09-07T03:27:52Z</time></trkpt><trkpt lat="21.038570" lon="105.847103"><ele>-18.336</ele><time>2018-09-07T03:27:53Z</time></trkpt><trkpt lat="21.038624" lon="105.847138"><ele>-18.889</ele><time>2018-09-07T03:27:56Z</time></trkpt><trkpt lat="21.038686" lon="105.847170"><ele>-18.763</ele><time>2018-09-07T03:27:59Z</time></trkpt><trkpt lat="21.038737" lon="105.847207"><ele>-18.644</ele><time>2018-09-07T03:28:02Z</time></trkpt><trkpt lat="21.038778" lon="105.847269"><ele>-18.618</ele><time>2018-09-07T03:28:05Z</time></trkpt><trkpt lat="21.038812" lon="105.847338"><ele>-18.608</ele><time>2018-09-07T03:28:07Z</time></trkpt><trkpt lat="21.038839" lon="105.847398"><ele>-18.688</ele><time>2018-09-07T03:28:09Z</time></trkpt><trkpt lat="21.038870" lon="105.847464"><ele>-18.654</ele><time>2018-09-07T03:28:12Z</time></trkpt><trkpt lat="21.038900" lon="105.847516"><ele>-18.649</ele><time>2018-09-07T03:28:15Z</time></trkpt><trkpt lat="21.038924" lon="105.847560"><ele>-18.614</ele><time>2018-09-07T03:28:18Z</time></trkpt><trkpt lat="21.038946" lon="105.847607"><ele>-18.640</ele><time>2018-09-07T03:28:20Z</time></trkpt><trkpt lat="21.038962" lon="105.847656"><ele>-18.646</ele><time>2018-09-07T03:28:22Z</time></trkpt><trkpt lat="21.038977" lon="105.847724"><ele>-18.615</ele><time>2018-09-07T03:28:24Z</time></trkpt><trkpt lat="21.038996" lon="105.847788"><ele>-19.038</ele><time>2018-09-07T03:28:26Z</time></trkpt><trkpt lat="21.039016" lon="105.847838"><ele>-19.349</ele><time>2018-09-07T03:28:28Z</time></trkpt><trkpt lat="21.039042" lon="105.847900"><ele>-19.302</ele><time>2018-09-07T03:28:31Z</time></trkpt><trkpt lat="21.039061" lon="105.847955"><ele>-19.522</ele><time>2018-09-07T03:28:35Z</time></trkpt><trkpt lat="21.039075" lon="105.848017"><ele>-19.508</ele><time>2018-09-07T03:28:38Z</time></trkpt><trkpt lat="21.039101" lon="105.848068"><ele>-20.016</ele><time>2018-09-07T03:28:42Z</time></trkpt><trkpt lat="21.039153" lon="105.848082"><ele>-20.392</ele><time>2018-09-07T03:28:44Z</time></trkpt><trkpt lat="21.039220" lon="105.848078"><ele>-20.537</ele><time>2018-09-07T03:28:46Z</time></trkpt><trkpt lat="21.039300" lon="105.848061"><ele>-20.192</ele><time>2018-09-07T03:28:48Z</time></trkpt><trkpt lat="21.039352" lon="105.848049"><ele>-20.058</ele><time>2018-09-07T03:28:49Z</time></trkpt><trkpt lat="21.039400" lon="105.848038"><ele>-19.874</ele><time>2018-09-07T03:28:50Z</time></trkpt><trkpt lat="21.039490" lon="105.848019"><ele>-19.863</ele><time>2018-09-07T03:28:52Z</time></trkpt><trkpt lat="21.039534" lon="105.848011"><ele>-19.816</ele><time>2018-09-07T03:28:53Z</time></trkpt><trkpt lat="21.039604" lon="105.847990"><ele>-19.851</ele><time>2018-09-07T03:28:55Z</time></trkpt><trkpt lat="21.039653" lon="105.847976"><ele>-19.801</ele><time>2018-09-07T03:28:57Z</time></trkpt><trkpt lat="21.039704" lon="105.847970"><ele>-19.311</ele><time>2018-09-07T03:29:01Z</time></trkpt><trkpt lat="21.039756" lon="105.847968"><ele>-18.708</ele><time>2018-09-07T03:29:35Z</time></trkpt><trkpt lat="21.039802" lon="105.847948"><ele>-19.197</ele><time>2018-09-07T03:29:39Z</time></trkpt><trkpt lat="21.039855" lon="105.847920"><ele>-19.033</ele><time>2018-09-07T03:29:43Z</time></trkpt><trkpt lat="21.039914" lon="105.847900"><ele>-18.868</ele><time>2018-09-07T03:29:46Z</time></trkpt><trkpt lat="21.039975" lon="105.847917"><ele>-19.143</ele><time>2018-09-07T03:29:49Z</time></trkpt><trkpt lat="21.039999" lon="105.847962"><ele>-19.329</ele><time>2018-09-07T03:29:51Z</time></trkpt><trkpt lat="21.040018" lon="105.848098"><ele>-19.825</ele><time>2018-09-07T03:29:53Z</time></trkpt><trkpt lat="21.040033" lon="105.848173"><ele>-20.554</ele><time>2018-09-07T03:29:54Z</time></trkpt><trkpt lat="21.040044" lon="105.848252"><ele>-21.047</ele><time>2018-09-07T03:29:55Z</time></trkpt><trkpt lat="21.040058" lon="105.848335"><ele>-21.613</ele><time>2018-09-07T03:29:56Z</time></trkpt><trkpt lat="21.040074" lon="105.848411"><ele>-22.543</ele><time>2018-09-07T03:29:57Z</time></trkpt><trkpt lat="21.040094" lon="105.848492"><ele>-23.007</ele><time>2018-09-07T03:29:58Z</time></trkpt><trkpt lat="21.040126" lon="105.848553"><ele>-23.308</ele><time>2018-09-07T03:29:59Z</time></trkpt><trkpt lat="21.040158" lon="105.848601"><ele>-23.883</ele><time>2018-09-07T03:30:00Z</time></trkpt><trkpt lat="21.040189" lon="105.848687"><ele>-23.899</ele><time>2018-09-07T03:30:02Z</time></trkpt><trkpt lat="21.040198" lon="105.848736"><ele>-23.864</ele><time>2018-09-07T03:30:03Z</time></trkpt><trkpt lat="21.040209" lon="105.848787"><ele>-23.369</ele><time>2018-09-07T03:30:04Z</time></trkpt><trkpt lat="21.040219" lon="105.848839"><ele>-23.515</ele><time>2018-09-07T03:30:05Z</time></trkpt><trkpt lat="21.040232" lon="105.848889"><ele>-23.521</ele><time>2018-09-07T03:30:06Z</time></trkpt><trkpt lat="21.040243" lon="105.848947"><ele>-23.680</ele><time>2018-09-07T03:30:07Z</time></trkpt><trkpt lat="21.040254" lon="105.849004"><ele>-23.683</ele><time>2018-09-07T03:30:08Z</time></trkpt><trkpt lat="21.040270" lon="105.849054"><ele>-23.376</ele><time>2018-09-07T03:30:09Z</time></trkpt><trkpt lat="21.040287" lon="105.849112"><ele>-23.090</ele><time>2018-09-07T03:30:10Z</time></trkpt><trkpt lat="21.040305" lon="105.849177"><ele>-23.019</ele><time>2018-09-07T03:30:11Z</time></trkpt><trkpt lat="21.040319" lon="105.849233"><ele>-22.508</ele><time>2018-09-07T03:30:12Z</time></trkpt><trkpt lat="21.040345" lon="105.849294"><ele>-22.149</ele><time>2018-09-07T03:30:14Z</time></trkpt><trkpt lat="21.040365" lon="105.849347"><ele>-21.515</ele><time>2018-09-07T03:30:16Z</time></trkpt><trkpt lat="21.040402" lon="105.849421"><ele>-21.360</ele><time>2018-09-07T03:30:17Z</time></trkpt><trkpt lat="21.040434" lon="105.849468"><ele>-21.065</ele><time>2018-09-07T03:30:19Z</time></trkpt><trkpt lat="21.040474" lon="105.849534"><ele>-21.071</ele><time>2018-09-07T03:30:20Z</time></trkpt><trkpt lat="21.040495" lon="105.849584"><ele>-20.827</ele><time>2018-09-07T03:30:21Z</time></trkpt><trkpt lat="21.040509" lon="105.849638"><ele>-20.886</ele><time>2018-09-07T03:30:22Z</time></trkpt><trkpt lat="21.040528" lon="105.849686"><ele>-20.889</ele><time>2018-09-07T03:30:23Z</time></trkpt><trkpt lat="21.040542" lon="105.849735"><ele>-20.855</ele><time>2018-09-07T03:30:25Z</time></trkpt><trkpt lat="21.040565" lon="105.849786"><ele>-20.807</ele><time>2018-09-07T03:30:27Z</time></trkpt><trkpt lat="21.040584" lon="105.849874"><ele>-20.817</ele><time>2018-09-07T03:30:28Z</time></trkpt><trkpt lat="21.040593" lon="105.849933"><ele>-20.508</ele><time>2018-09-07T03:30:29Z</time></trkpt><trkpt lat="21.040594" lon="105.849987"><ele>-20.387</ele><time>2018-09-07T03:30:30Z</time></trkpt><trkpt lat="21.040596" lon="105.850047"><ele>-19.873</ele><time>2018-09-07T03:30:31Z</time></trkpt><trkpt lat="21.040598" lon="105.850111"><ele>-19.078</ele><time>2018-09-07T03:30:32Z</time></trkpt><trkpt lat="21.040608" lon="105.850181"><ele>-17.893</ele><time>2018-09-07T03:30:33Z</time></trkpt><trkpt lat="21.040594" lon="105.850244"><ele>-17.169</ele><time>2018-09-07T03:30:34Z</time></trkpt><trkpt lat="21.040559" lon="105.850297"><ele>-16.765</ele><time>2018-09-07T03:30:35Z</time></trkpt><trkpt lat="21.040515" lon="105.850347"><ele>-16.554</ele><time>2018-09-07T03:30:36Z</time></trkpt><trkpt lat="21.040459" lon="105.850395"><ele>-16.247</ele><time>2018-09-07T03:30:37Z</time></trkpt><trkpt lat="21.040405" lon="105.850435"><ele>-16.551</ele><time>2018-09-07T03:30:38Z</time></trkpt><trkpt lat="21.040355" lon="105.850474"><ele>-16.301</ele><time>2018-09-07T03:30:39Z</time></trkpt><trkpt lat="21.040310" lon="105.850525"><ele>-16.211</ele><time>2018-09-07T03:30:40Z</time></trkpt><trkpt lat="21.040272" lon="105.850590"><ele>-16.108</ele><time>2018-09-07T03:30:41Z</time></trkpt><trkpt lat="21.040261" lon="105.850643"><ele>-15.717</ele><time>2018-09-07T03:30:42Z</time></trkpt><trkpt lat="21.040273" lon="105.850697"><ele>-15.893</ele><time>2018-09-07T03:30:44Z</time></trkpt><trkpt lat="21.040302" lon="105.850815"><ele>-15.548</ele><time>2018-09-07T03:30:46Z</time></trkpt><trkpt lat="21.040323" lon="105.850869"><ele>-14.913</ele><time>2018-09-07T03:30:47Z</time></trkpt><trkpt lat="21.040354" lon="105.850923"><ele>-14.539</ele><time>2018-09-07T03:30:48Z</time></trkpt><trkpt lat="21.040375" lon="105.850970"><ele>-14.325</ele><time>2018-09-07T03:30:49Z</time></trkpt><trkpt lat="21.040397" lon="105.851024"><ele>-14.274</ele><time>2018-09-07T03:30:50Z</time></trkpt><trkpt lat="21.040415" lon="105.851076"><ele>-14.167</ele><time>2018-09-07T03:30:51Z</time></trkpt><trkpt lat="21.040435" lon="105.851128"><ele>-14.138</ele><time>2018-09-07T03:30:52Z</time></trkpt><trkpt lat="21.040454" lon="105.851180"><ele>-14.170</ele><time>2018-09-07T03:30:53Z</time></trkpt><trkpt lat="21.040473" lon="105.851237"><ele>-13.717</ele><time>2018-09-07T03:30:54Z</time></trkpt><trkpt lat="21.040499" lon="105.851297"><ele>-13.908</ele><time>2018-09-07T03:30:55Z</time></trkpt><trkpt lat="21.040520" lon="105.851352"><ele>-13.625</ele><time>2018-09-07T03:30:56Z</time></trkpt><trkpt lat="21.040540" lon="105.851409"><ele>-13.411</ele><time>2018-09-07T03:30:57Z</time></trkpt><trkpt lat="21.040561" lon="105.851466"><ele>-13.376</ele><time>2018-09-07T03:30:58Z</time></trkpt><trkpt lat="21.040582" lon="105.851530"><ele>-13.621</ele><time>2018-09-07T03:30:59Z</time></trkpt><trkpt lat="21.040603" lon="105.851591"><ele>-13.867</ele><time>2018-09-07T03:31:00Z</time></trkpt><trkpt lat="21.040627" lon="105.851655"><ele>-13.953</ele><time>2018-09-07T03:31:01Z</time></trkpt><trkpt lat="21.040646" lon="105.851708"><ele>-14.472</ele><time>2018-09-07T03:31:02Z</time></trkpt><trkpt lat="21.040663" lon="105.851761"><ele>-14.715</ele><time>2018-09-07T03:31:03Z</time></trkpt><trkpt lat="21.040679" lon="105.851814"><ele>-14.964</ele><time>2018-09-07T03:31:04Z</time></trkpt><trkpt lat="21.040701" lon="105.851874"><ele>-15.006</ele><time>2018-09-07T03:31:05Z</time></trkpt><trkpt lat="21.040720" lon="105.851936"><ele>-15.116</ele><time>2018-09-07T03:31:06Z</time></trkpt><trkpt lat="21.040736" lon="105.852000"><ele>-15.108</ele><time>2018-09-07T03:31:07Z</time></trkpt><trkpt lat="21.040750" lon="105.852067"><ele>-15.538</ele><time>2018-09-07T03:31:08Z</time></trkpt><trkpt lat="21.040768" lon="105.852130"><ele>-16.214</ele><time>2018-09-07T03:31:09Z</time></trkpt><trkpt lat="21.040797" lon="105.852196"><ele>-16.659</ele><time>2018-09-07T03:31:10Z</time></trkpt><trkpt lat="21.040828" lon="105.852270"><ele>-16.894</ele><time>2018-09-07T03:31:11Z</time></trkpt><trkpt lat="21.040856" lon="105.852350"><ele>-17.340</ele><time>2018-09-07T03:31:12Z</time></trkpt><trkpt lat="21.040886" lon="105.852428"><ele>-18.016</ele><time>2018-09-07T03:31:13Z</time></trkpt><trkpt lat="21.040921" lon="105.852504"><ele>-18.545</ele><time>2018-09-07T03:31:14Z</time></trkpt><trkpt lat="21.040955" lon="105.852579"><ele>-18.738</ele><time>2018-09-07T03:31:15Z</time></trkpt><trkpt lat="21.040996" lon="105.852658"><ele>-19.039</ele><time>2018-09-07T03:31:16Z</time></trkpt><trkpt lat="21.041031" lon="105.852737"><ele>-19.001</ele><time>2018-09-07T03:31:17Z</time></trkpt><trkpt lat="21.041068" lon="105.852819"><ele>-18.721</ele><time>2018-09-07T03:31:18Z</time></trkpt><trkpt lat="21.041107" lon="105.852897"><ele>-18.508</ele><time>2018-09-07T03:31:19Z</time></trkpt><trkpt lat="21.041144" lon="105.852966"><ele>-18.595</ele><time>2018-09-07T03:31:20Z</time></trkpt><trkpt lat="21.041174" lon="105.853029"><ele>-18.071</ele><time>2018-09-07T03:31:21Z</time></trkpt><trkpt lat="21.041205" lon="105.853099"><ele>-17.656</ele><time>2018-09-07T03:31:22Z</time></trkpt><trkpt lat="21.041236" lon="105.853163"><ele>-17.531</ele><time>2018-09-07T03:31:23Z</time></trkpt><trkpt lat="21.041269" lon="105.853234"><ele>-17.387</ele><time>2018-09-07T03:31:24Z</time></trkpt><trkpt lat="21.041305" lon="105.853310"><ele>-17.273</ele><time>2018-09-07T03:31:25Z</time></trkpt><trkpt lat="21.041332" lon="105.853378"><ele>-17.272</ele><time>2018-09-07T03:31:26Z</time></trkpt><trkpt lat="21.041357" lon="105.853443"><ele>-17.295</ele><time>2018-09-07T03:31:27Z</time></trkpt><trkpt lat="21.041379" lon="105.853507"><ele>-17.233</ele><time>2018-09-07T03:31:28Z</time></trkpt><trkpt lat="21.041403" lon="105.853566"><ele>-17.223</ele><time>2018-09-07T03:31:29Z</time></trkpt><trkpt lat="21.041426" lon="105.853628"><ele>-17.215</ele><time>2018-09-07T03:31:30Z</time></trkpt><trkpt lat="21.041450" lon="105.853692"><ele>-17.208</ele><time>2018-09-07T03:31:31Z</time></trkpt><trkpt lat="21.041478" lon="105.853753"><ele>-17.295</ele><time>2018-09-07T03:31:32Z</time></trkpt><trkpt lat="21.041503" lon="105.853817"><ele>-17.231</ele><time>2018-09-07T03:31:33Z</time></trkpt><trkpt lat="21.041525" lon="105.853878"><ele>-17.266</ele><time>2018-09-07T03:31:34Z</time></trkpt><trkpt lat="21.041548" lon="105.853941"><ele>-17.251</ele><time>2018-09-07T03:31:35Z</time></trkpt><trkpt lat="21.041567" lon="105.854003"><ele>-17.227</ele><time>2018-09-07T03:31:36Z</time></trkpt><trkpt lat="21.041591" lon="105.854058"><ele>-16.883</ele><time>2018-09-07T03:31:37Z</time></trkpt><trkpt lat="21.041614" lon="105.854108"><ele>-16.612</ele><time>2018-09-07T03:31:38Z</time></trkpt><trkpt lat="21.041634" lon="105.854161"><ele>-16.525</ele><time>2018-09-07T03:31:39Z</time></trkpt><trkpt lat="21.041659" lon="105.854205"><ele>-16.549</ele><time>2018-09-07T03:31:40Z</time></trkpt><trkpt lat="21.041676" lon="105.854250"><ele>-16.302</ele><time>2018-09-07T03:31:41Z</time></trkpt><trkpt lat="21.041692" lon="105.854305"><ele>-15.922</ele><time>2018-09-07T03:31:43Z</time></trkpt><trkpt lat="21.041716" lon="105.854379"><ele>-15.608</ele><time>2018-09-07T03:31:44Z</time></trkpt><trkpt lat="21.041728" lon="105.854428"><ele>-15.416</ele><time>2018-09-07T03:31:45Z</time></trkpt><trkpt lat="21.041749" lon="105.854472"><ele>-15.312</ele><time>2018-09-07T03:31:47Z</time></trkpt><trkpt lat="21.041764" lon="105.854528"><ele>-14.867</ele><time>2018-09-07T03:31:49Z</time></trkpt><trkpt lat="21.041776" lon="105.854582"><ele>-14.512</ele><time>2018-09-07T03:31:51Z</time></trkpt><trkpt lat="21.041794" lon="105.854649"><ele>-14.398</ele><time>2018-09-07T03:31:54Z</time></trkpt><trkpt lat="21.041820" lon="105.854704"><ele>-14.264</ele><time>2018-09-07T03:31:57Z</time></trkpt><trkpt lat="21.041840" lon="105.854751"><ele>-13.733</ele><time>2018-09-07T03:32:37Z</time></trkpt><trkpt lat="21.041824" lon="105.854702"><ele>-14.626</ele><time>2018-09-07T03:32:55Z</time></trkpt><trkpt lat="21.041808" lon="105.854650"><ele>-14.413</ele><time>2018-09-07T03:35:15Z</time></trkpt><trkpt lat="21.041805" lon="105.854704"><ele>-15.143</ele><time>2018-09-07T03:38:06Z</time></trkpt><trkpt lat="21.041810" lon="105.854756"><ele>-16.307</ele><time>2018-09-07T03:38:20Z</time></trkpt><trkpt lat="21.041832" lon="105.854803"><ele>-15.808</ele><time>2018-09-07T03:40:20Z</time></trkpt><trkpt lat="21.041852" lon="105.854859"><ele>-16.333</ele><time>2018-09-07T03:40:24Z</time></trkpt><trkpt lat="21.041879" lon="105.854980"><ele>-16.629</ele><time>2018-09-07T03:40:26Z</time></trkpt><trkpt lat="21.041904" lon="105.855029"><ele>-16.884</ele><time>2018-09-07T03:40:27Z</time></trkpt><trkpt lat="21.041931" lon="105.855080"><ele>-17.089</ele><time>2018-09-07T03:40:28Z</time></trkpt><trkpt lat="21.041952" lon="105.855135"><ele>-17.565</ele><time>2018-09-07T03:40:29Z</time></trkpt><trkpt lat="21.041973" lon="105.855196"><ele>-17.771</ele><time>2018-09-07T03:40:30Z</time></trkpt><trkpt lat="21.041995" lon="105.855266"><ele>-18.330</ele><time>2018-09-07T03:40:31Z</time></trkpt><trkpt lat="21.042014" lon="105.855339"><ele>-18.663</ele><time>2018-09-07T03:40:32Z</time></trkpt><trkpt lat="21.042034" lon="105.855414"><ele>-18.857</ele><time>2018-09-07T03:40:33Z</time></trkpt><trkpt lat="21.042061" lon="105.855486"><ele>-19.300</ele><time>2018-09-07T03:40:34Z</time></trkpt><trkpt lat="21.042081" lon="105.855551"><ele>-19.620</ele><time>2018-09-07T03:40:35Z</time></trkpt><trkpt lat="21.042102" lon="105.855619"><ele>-20.308</ele><time>2018-09-07T03:40:36Z</time></trkpt><trkpt lat="21.042136" lon="105.855687"><ele>-20.667</ele><time>2018-09-07T03:40:37Z</time></trkpt><trkpt lat="21.042163" lon="105.855768"><ele>-21.363</ele><time>2018-09-07T03:40:38Z</time></trkpt><trkpt lat="21.042196" lon="105.855843"><ele>-21.688</ele><time>2018-09-07T03:40:39Z</time></trkpt><trkpt lat="21.042219" lon="105.855911"><ele>-21.853</ele><time>2018-09-07T03:40:40Z</time></trkpt><trkpt lat="21.042243" lon="105.855975"><ele>-22.069</ele><time>2018-09-07T03:40:41Z</time></trkpt><trkpt lat="21.042273" lon="105.856037"><ele>-22.585</ele><time>2018-09-07T03:40:42Z</time></trkpt><trkpt lat="21.042309" lon="105.856107"><ele>-23.114</ele><time>2018-09-07T03:40:43Z</time></trkpt><trkpt lat="21.042342" lon="105.856172"><ele>-23.577</ele><time>2018-09-07T03:40:44Z</time></trkpt><trkpt lat="21.042377" lon="105.856239"><ele>-23.871</ele><time>2018-09-07T03:40:45Z</time></trkpt><trkpt lat="21.042407" lon="105.856314"><ele>-24.341</ele><time>2018-09-07T03:40:46Z</time></trkpt><trkpt lat="21.042464" lon="105.856465"><ele>-24.515</ele><time>2018-09-07T03:40:48Z</time></trkpt><trkpt lat="21.042484" lon="105.856550"><ele>-24.808</ele><time>2018-09-07T03:40:49Z</time></trkpt><trkpt lat="21.042508" lon="105.856619"><ele>-24.829</ele><time>2018-09-07T03:40:50Z</time></trkpt><trkpt lat="21.042528" lon="105.856683"><ele>-24.525</ele><time>2018-09-07T03:40:51Z</time></trkpt><trkpt lat="21.042552" lon="105.856748"><ele>-24.340</ele><time>2018-09-07T03:40:52Z</time></trkpt><trkpt lat="21.042575" lon="105.856808"><ele>-23.825</ele><time>2018-09-07T03:40:53Z</time></trkpt><trkpt lat="21.042606" lon="105.856868"><ele>-23.591</ele><time>2018-09-07T03:40:54Z</time></trkpt><trkpt lat="21.042634" lon="105.856925"><ele>-23.317</ele><time>2018-09-07T03:40:55Z</time></trkpt><trkpt lat="21.042656" lon="105.856992"><ele>-23.326</ele><time>2018-09-07T03:40:56Z</time></trkpt><trkpt lat="21.042683" lon="105.857059"><ele>-23.129</ele><time>2018-09-07T03:40:57Z</time></trkpt><trkpt lat="21.042706" lon="105.857125"><ele>-23.146</ele><time>2018-09-07T03:40:58Z</time></trkpt><trkpt lat="21.042735" lon="105.857189"><ele>-23.188</ele><time>2018-09-07T03:40:59Z</time></trkpt><trkpt lat="21.042759" lon="105.857256"><ele>-23.116</ele><time>2018-09-07T03:41:00Z</time></trkpt><trkpt lat="21.042789" lon="105.857325"><ele>-23.108</ele><time>2018-09-07T03:41:01Z</time></trkpt><trkpt lat="21.042816" lon="105.857396"><ele>-23.186</ele><time>2018-09-07T03:41:02Z</time></trkpt><trkpt lat="21.042844" lon="105.857460"><ele>-23.142</ele><time>2018-09-07T03:41:03Z</time></trkpt><trkpt lat="21.042871" lon="105.857526"><ele>-23.127</ele><time>2018-09-07T03:41:04Z</time></trkpt><trkpt lat="21.042895" lon="105.857592"><ele>-23.192</ele><time>2018-09-07T03:41:05Z</time></trkpt><trkpt lat="21.042921" lon="105.857660"><ele>-23.148</ele><time>2018-09-07T03:41:06Z</time></trkpt><trkpt lat="21.042945" lon="105.857732"><ele>-23.174</ele><time>2018-09-07T03:41:07Z</time></trkpt><trkpt lat="21.042973" lon="105.857793"><ele>-22.833</ele><time>2018-09-07T03:41:08Z</time></trkpt><trkpt lat="21.043006" lon="105.857851"><ele>-22.546</ele><time>2018-09-07T03:41:09Z</time></trkpt><trkpt lat="21.043038" lon="105.857913"><ele>-22.568</ele><time>2018-09-07T03:41:10Z</time></trkpt><trkpt lat="21.043073" lon="105.857980"><ele>-22.042</ele><time>2018-09-07T03:41:11Z</time></trkpt><trkpt lat="21.043109" lon="105.858044"><ele>-21.626</ele><time>2018-09-07T03:41:12Z</time></trkpt><trkpt lat="21.043143" lon="105.858107"><ele>-21.008</ele><time>2018-09-07T03:41:13Z</time></trkpt><trkpt lat="21.043172" lon="105.858175"><ele>-20.328</ele><time>2018-09-07T03:41:14Z</time></trkpt><trkpt lat="21.043200" lon="105.858240"><ele>-20.024</ele><time>2018-09-07T03:41:15Z</time></trkpt><trkpt lat="21.043225" lon="105.858312"><ele>-19.689</ele><time>2018-09-07T03:41:16Z</time></trkpt><trkpt lat="21.043251" lon="105.858378"><ele>-19.074</ele><time>2018-09-07T03:41:17Z</time></trkpt><trkpt lat="21.043274" lon="105.858439"><ele>-18.770</ele><time>2018-09-07T03:41:18Z</time></trkpt><trkpt lat="21.043299" lon="105.858491"><ele>-18.596</ele><time>2018-09-07T03:41:19Z</time></trkpt><trkpt lat="21.043322" lon="105.858545"><ele>-18.555</ele><time>2018-09-07T03:41:20Z</time></trkpt><trkpt lat="21.043350" lon="105.858601"><ele>-18.348</ele><time>2018-09-07T03:41:21Z</time></trkpt><trkpt lat="21.043374" lon="105.858663"><ele>-18.052</ele><time>2018-09-07T03:41:22Z</time></trkpt><trkpt lat="21.043401" lon="105.858722"><ele>-17.653</ele><time>2018-09-07T03:41:23Z</time></trkpt><trkpt lat="21.043425" lon="105.858784"><ele>-17.508</ele><time>2018-09-07T03:41:24Z</time></trkpt><trkpt lat="21.043452" lon="105.858842"><ele>-17.008</ele><time>2018-09-07T03:41:25Z</time></trkpt><trkpt lat="21.043476" lon="105.858904"><ele>-16.637</ele><time>2018-09-07T03:41:26Z</time></trkpt><trkpt lat="21.043498" lon="105.858968"><ele>-16.033</ele><time>2018-09-07T03:41:27Z</time></trkpt><trkpt lat="21.043522" lon="105.859031"><ele>-15.728</ele><time>2018-09-07T03:41:28Z</time></trkpt><trkpt lat="21.043545" lon="105.859095"><ele>-15.583</ele><time>2018-09-07T03:41:29Z</time></trkpt><trkpt lat="21.043570" lon="105.859157"><ele>-15.049</ele><time>2018-09-07T03:41:30Z</time></trkpt><trkpt lat="21.043594" lon="105.859218"><ele>-15.115</ele><time>2018-09-07T03:41:31Z</time></trkpt><trkpt lat="21.043619" lon="105.859288"><ele>-15.294</ele><time>2018-09-07T03:41:32Z</time></trkpt><trkpt lat="21.043642" lon="105.859358"><ele>-15.647</ele><time>2018-09-07T03:41:33Z</time></trkpt><trkpt lat="21.043671" lon="105.859424"><ele>-15.995</ele><time>2018-09-07T03:41:34Z</time></trkpt><trkpt lat="21.043694" lon="105.859487"><ele>-15.749</ele><time>2018-09-07T03:41:35Z</time></trkpt><trkpt lat="21.043715" lon="105.859546"><ele>-15.623</ele><time>2018-09-07T03:41:36Z</time></trkpt><trkpt lat="21.043739" lon="105.859606"><ele>-15.508</ele><time>2018-09-07T03:41:37Z</time></trkpt><trkpt lat="21.043758" lon="105.859668"><ele>-15.431</ele><time>2018-09-07T03:41:38Z</time></trkpt><trkpt lat="21.043778" lon="105.859727"><ele>-15.417</ele><time>2018-09-07T03:41:39Z</time></trkpt><trkpt lat="21.043801" lon="105.859775"><ele>-15.462</ele><time>2018-09-07T03:41:40Z</time></trkpt><trkpt lat="21.043827" lon="105.859828"><ele>-15.437</ele><time>2018-09-07T03:41:41Z</time></trkpt><trkpt lat="21.043849" lon="105.859886"><ele>-15.493</ele><time>2018-09-07T03:41:42Z</time></trkpt><trkpt lat="21.043872" lon="105.859955"><ele>-15.069</ele><time>2018-09-07T03:41:43Z</time></trkpt><trkpt lat="21.043895" lon="105.860021"><ele>-14.838</ele><time>2018-09-07T03:41:44Z</time></trkpt><trkpt lat="21.043918" lon="105.860079"><ele>-14.791</ele><time>2018-09-07T03:41:45Z</time></trkpt><trkpt lat="21.043942" lon="105.860139"><ele>-14.678</ele><time>2018-09-07T03:41:46Z</time></trkpt><trkpt lat="21.043960" lon="105.860200"><ele>-14.533</ele><time>2018-09-07T03:41:47Z</time></trkpt><trkpt lat="21.043984" lon="105.860267"><ele>-14.526</ele><time>2018-09-07T03:41:48Z</time></trkpt><trkpt lat="21.044008" lon="105.860326"><ele>-14.508</ele><time>2018-09-07T03:41:49Z</time></trkpt><trkpt lat="21.044030" lon="105.860384"><ele>-14.549</ele><time>2018-09-07T03:41:50Z</time></trkpt><trkpt lat="21.044054" lon="105.860444"><ele>-14.525</ele><time>2018-09-07T03:41:51Z</time></trkpt><trkpt lat="21.044081" lon="105.860507"><ele>-14.540</ele><time>2018-09-07T03:41:52Z</time></trkpt><trkpt lat="21.044106" lon="105.860570"><ele>-14.525</ele><time>2018-09-07T03:41:53Z</time></trkpt><trkpt lat="21.044127" lon="105.860631"><ele>-14.511</ele><time>2018-09-07T03:41:54Z</time></trkpt><trkpt lat="21.044152" lon="105.860689"><ele>-14.527</ele><time>2018-09-07T03:41:55Z</time></trkpt><trkpt lat="21.044173" lon="105.860742"><ele>-14.526</ele><time>2018-09-07T03:41:56Z</time></trkpt><trkpt lat="21.044194" lon="105.860799"><ele>-14.569</ele><time>2018-09-07T03:41:57Z</time></trkpt><trkpt lat="21.044216" lon="105.860859"><ele>-14.151</ele><time>2018-09-07T03:41:58Z</time></trkpt><trkpt lat="21.044241" lon="105.860919"><ele>-13.901</ele><time>2018-09-07T03:41:59Z</time></trkpt><trkpt lat="21.044267" lon="105.860981"><ele>-14.211</ele><time>2018-09-07T03:42:00Z</time></trkpt><trkpt lat="21.044295" lon="105.861041"><ele>-14.408</ele><time>2018-09-07T03:42:01Z</time></trkpt><trkpt lat="21.044318" lon="105.861095"><ele>-14.577</ele><time>2018-09-07T03:42:02Z</time></trkpt><trkpt lat="21.044338" lon="105.861159"><ele>-14.673</ele><time>2018-09-07T03:42:03Z</time></trkpt><trkpt lat="21.044364" lon="105.861215"><ele>-14.648</ele><time>2018-09-07T03:42:04Z</time></trkpt><trkpt lat="21.044390" lon="105.861273"><ele>-14.223</ele><time>2018-09-07T03:42:05Z</time></trkpt><trkpt lat="21.044411" lon="105.861327"><ele>-14.489</ele><time>2018-09-07T03:42:06Z</time></trkpt><trkpt lat="21.044436" lon="105.861390"><ele>-14.555</ele><time>2018-09-07T03:42:07Z</time></trkpt><trkpt lat="21.044462" lon="105.861454"><ele>-14.624</ele><time>2018-09-07T03:42:08Z</time></trkpt><trkpt lat="21.044489" lon="105.861519"><ele>-14.697</ele><time>2018-09-07T03:42:09Z</time></trkpt><trkpt lat="21.044515" lon="105.861584"><ele>-14.634</ele><time>2018-09-07T03:42:10Z</time></trkpt><trkpt lat="21.044541" lon="105.861653"><ele>-14.655</ele><time>2018-09-07T03:42:11Z</time></trkpt><trkpt lat="21.044569" lon="105.861718"><ele>-14.610</ele><time>2018-09-07T03:42:12Z</time></trkpt><trkpt lat="21.044594" lon="105.861784"><ele>-14.208</ele><time>2018-09-07T03:42:13Z</time></trkpt><trkpt lat="21.044619" lon="105.861846"><ele>-14.045</ele><time>2018-09-07T03:42:14Z</time></trkpt><trkpt lat="21.044646" lon="105.861912"><ele>-13.971</ele><time>2018-09-07T03:42:15Z</time></trkpt><trkpt lat="21.044671" lon="105.861974"><ele>-13.816</ele><time>2018-09-07T03:42:16Z</time></trkpt><trkpt lat="21.044698" lon="105.862034"><ele>-13.731</ele><time>2018-09-07T03:42:17Z</time></trkpt><trkpt lat="21.044725" lon="105.862100"><ele>-13.737</ele><time>2018-09-07T03:42:18Z</time></trkpt><trkpt lat="21.044751" lon="105.862163"><ele>-13.343</ele><time>2018-09-07T03:42:19Z</time></trkpt><trkpt lat="21.044781" lon="105.862229"><ele>-13.042</ele><time>2018-09-07T03:42:20Z</time></trkpt><trkpt lat="21.044805" lon="105.862290"><ele>-12.865</ele><time>2018-09-07T03:42:21Z</time></trkpt><trkpt lat="21.044828" lon="105.862351"><ele>-12.384</ele><time>2018-09-07T03:42:22Z</time></trkpt><trkpt lat="21.044851" lon="105.862409"><ele>-12.007</ele><time>2018-09-07T03:42:23Z</time></trkpt><trkpt lat="21.044871" lon="105.862473"><ele>-11.817</ele><time>2018-09-07T03:42:24Z</time></trkpt><trkpt lat="21.044897" lon="105.862539"><ele>-11.808</ele><time>2018-09-07T03:42:25Z</time></trkpt><trkpt lat="21.044917" lon="105.862603"><ele>-12.070</ele><time>2018-09-07T03:42:26Z</time></trkpt><trkpt lat="21.044944" lon="105.862665"><ele>-11.836</ele><time>2018-09-07T03:42:27Z</time></trkpt><trkpt lat="21.044967" lon="105.862725"><ele>-12.261</ele><time>2018-09-07T03:42:28Z</time></trkpt><trkpt lat="21.044991" lon="105.862785"><ele>-11.916</ele><time>2018-09-07T03:42:29Z</time></trkpt><trkpt lat="21.045013" lon="105.862842"><ele>-11.892</ele><time>2018-09-07T03:42:30Z</time></trkpt><trkpt lat="21.045034" lon="105.862900"><ele>-11.838</ele><time>2018-09-07T03:42:31Z</time></trkpt><trkpt lat="21.045057" lon="105.862954"><ele>-11.867</ele><time>2018-09-07T03:42:32Z</time></trkpt><trkpt lat="21.045081" lon="105.863011"><ele>-11.890</ele><time>2018-09-07T03:42:33Z</time></trkpt><trkpt lat="21.045106" lon="105.863069"><ele>-11.838</ele><time>2018-09-07T03:42:34Z</time></trkpt><trkpt lat="21.045133" lon="105.863124"><ele>-11.870</ele><time>2018-09-07T03:42:35Z</time></trkpt><trkpt lat="21.045154" lon="105.863181"><ele>-11.817</ele><time>2018-09-07T03:42:36Z</time></trkpt><trkpt lat="21.045177" lon="105.863241"><ele>-11.808</ele><time>2018-09-07T03:42:37Z</time></trkpt><trkpt lat="21.045201" lon="105.863299"><ele>-11.335</ele><time>2018-09-07T03:42:38Z</time></trkpt><trkpt lat="21.045227" lon="105.863354"><ele>-11.231</ele><time>2018-09-07T03:42:39Z</time></trkpt><trkpt lat="21.045254" lon="105.863417"><ele>-11.056</ele><time>2018-09-07T03:42:40Z</time></trkpt><trkpt lat="21.045277" lon="105.863483"><ele>-10.951</ele><time>2018-09-07T03:42:41Z</time></trkpt><trkpt lat="21.045300" lon="105.863548"><ele>-10.897</ele><time>2018-09-07T03:42:42Z</time></trkpt><trkpt lat="21.045324" lon="105.863617"><ele>-10.833</ele><time>2018-09-07T03:42:43Z</time></trkpt><trkpt lat="21.045349" lon="105.863675"><ele>-11.362</ele><time>2018-09-07T03:42:44Z</time></trkpt><trkpt lat="21.045373" lon="105.863736"><ele>-11.495</ele><time>2018-09-07T03:42:45Z</time></trkpt><trkpt lat="21.045395" lon="105.863795"><ele>-11.298</ele><time>2018-09-07T03:42:46Z</time></trkpt><trkpt lat="21.045420" lon="105.863856"><ele>-10.915</ele><time>2018-09-07T03:42:47Z</time></trkpt><trkpt lat="21.045445" lon="105.863914"><ele>-10.826</ele><time>2018-09-07T03:42:48Z</time></trkpt><trkpt lat="21.045473" lon="105.863976"><ele>-10.308</ele><time>2018-09-07T03:42:49Z</time></trkpt><trkpt lat="21.045495" lon="105.864032"><ele>-10.041</ele><time>2018-09-07T03:42:50Z</time></trkpt><trkpt lat="21.045518" lon="105.864087"><ele>-10.377</ele><time>2018-09-07T03:42:51Z</time></trkpt><trkpt lat="21.045537" lon="105.864151"><ele>-10.392</ele><time>2018-09-07T03:42:52Z</time></trkpt><trkpt lat="21.045556" lon="105.864214"><ele>-10.827</ele><time>2018-09-07T03:42:53Z</time></trkpt><trkpt lat="21.045575" lon="105.864270"><ele>-11.283</ele><time>2018-09-07T03:42:54Z</time></trkpt><trkpt lat="21.045588" lon="105.864330"><ele>-11.399</ele><time>2018-09-07T03:42:55Z</time></trkpt><trkpt lat="21.045601" lon="105.864385"><ele>-11.438</ele><time>2018-09-07T03:42:56Z</time></trkpt><trkpt lat="21.045619" lon="105.864442"><ele>-11.911</ele><time>2018-09-07T03:42:57Z</time></trkpt><trkpt lat="21.045641" lon="105.864497"><ele>-12.393</ele><time>2018-09-07T03:42:58Z</time></trkpt><trkpt lat="21.045666" lon="105.864552"><ele>-12.465</ele><time>2018-09-07T03:42:59Z</time></trkpt><trkpt lat="21.045691" lon="105.864610"><ele>-12.521</ele><time>2018-09-07T03:43:00Z</time></trkpt><trkpt lat="21.045717" lon="105.864668"><ele>-12.708</ele><time>2018-09-07T03:43:01Z</time></trkpt><trkpt lat="21.045747" lon="105.864726"><ele>-12.741</ele><time>2018-09-07T03:43:02Z</time></trkpt><trkpt lat="21.045772" lon="105.864785"><ele>-12.797</ele><time>2018-09-07T03:43:03Z</time></trkpt><trkpt lat="21.045794" lon="105.864845"><ele>-12.772</ele><time>2018-09-07T03:43:04Z</time></trkpt><trkpt lat="21.045812" lon="105.864903"><ele>-12.747</ele><time>2018-09-07T03:43:05Z</time></trkpt><trkpt lat="21.045833" lon="105.864960"><ele>-12.783</ele><time>2018-09-07T03:43:06Z</time></trkpt><trkpt lat="21.045858" lon="105.865029"><ele>-13.059</ele><time>2018-09-07T03:43:07Z</time></trkpt><trkpt lat="21.045881" lon="105.865101"><ele>-13.268</ele><time>2018-09-07T03:43:08Z</time></trkpt><trkpt lat="21.045902" lon="105.865165"><ele>-13.381</ele><time>2018-09-07T03:43:09Z</time></trkpt><trkpt lat="21.045925" lon="105.865221"><ele>-13.432</ele><time>2018-09-07T03:43:10Z</time></trkpt><trkpt lat="21.045944" lon="105.865275"><ele>-13.592</ele><time>2018-09-07T03:43:11Z</time></trkpt><trkpt lat="21.045967" lon="105.865328"><ele>-13.511</ele><time>2018-09-07T03:43:12Z</time></trkpt><trkpt lat="21.045988" lon="105.865383"><ele>-13.508</ele><time>2018-09-07T03:43:13Z</time></trkpt><trkpt lat="21.046006" lon="105.865436"><ele>-13.575</ele><time>2018-09-07T03:43:14Z</time></trkpt><trkpt lat="21.046024" lon="105.865487"><ele>-13.581</ele><time>2018-09-07T03:43:15Z</time></trkpt><trkpt lat="21.046043" lon="105.865534"><ele>-13.516</ele><time>2018-09-07T03:43:16Z</time></trkpt><trkpt lat="21.046079" lon="105.865619"><ele>-13.591</ele><time>2018-09-07T03:43:18Z</time></trkpt><trkpt lat="21.046118" lon="105.865692"><ele>-13.577</ele><time>2018-09-07T03:43:20Z</time></trkpt><trkpt lat="21.046156" lon="105.865770"><ele>-13.513</ele><time>2018-09-07T03:43:22Z</time></trkpt><trkpt lat="21.046190" lon="105.865858"><ele>-13.512</ele><time>2018-09-07T03:43:24Z</time></trkpt><trkpt lat="21.046232" lon="105.865923"><ele>-13.565</ele><time>2018-09-07T03:43:26Z</time></trkpt><trkpt lat="21.046298" lon="105.865974"><ele>-13.982</ele><time>2018-09-07T03:43:28Z</time></trkpt><trkpt lat="21.046349" lon="105.865995"><ele>-14.143</ele><time>2018-09-07T03:43:29Z</time></trkpt><trkpt lat="21.046398" lon="105.866018"><ele>-14.217</ele><time>2018-09-07T03:43:30Z</time></trkpt><trkpt lat="21.046445" lon="105.866036"><ele>-14.308</ele><time>2018-09-07T03:43:31Z</time></trkpt><trkpt lat="21.046492" lon="105.866043"><ele>-14.820</ele><time>2018-09-07T03:43:32Z</time></trkpt><trkpt lat="21.046551" lon="105.866043"><ele>-15.196</ele><time>2018-09-07T03:43:33Z</time></trkpt><trkpt lat="21.046610" lon="105.866035"><ele>-15.371</ele><time>2018-09-07T03:43:34Z</time></trkpt><trkpt lat="21.046668" lon="105.866027"><ele>-15.436</ele><time>2018-09-07T03:43:35Z</time></trkpt><trkpt lat="21.046713" lon="105.866012"><ele>-15.592</ele><time>2018-09-07T03:43:36Z</time></trkpt><trkpt lat="21.046757" lon="105.865994"><ele>-15.518</ele><time>2018-09-07T03:43:37Z</time></trkpt><trkpt lat="21.046796" lon="105.865969"><ele>-15.517</ele><time>2018-09-07T03:43:39Z</time></trkpt><trkpt lat="21.046838" lon="105.865916"><ele>-15.520</ele><time>2018-09-07T03:43:40Z</time></trkpt><trkpt lat="21.046862" lon="105.865868"><ele>-15.167</ele><time>2018-09-07T03:43:42Z</time></trkpt><trkpt lat="21.046909" lon="105.865807"><ele>-14.981</ele><time>2018-09-07T03:43:43Z</time></trkpt><trkpt lat="21.046959" lon="105.865775"><ele>-14.819</ele><time>2018-09-07T03:43:44Z</time></trkpt><trkpt lat="21.047021" lon="105.865753"><ele>-14.308</ele><time>2018-09-07T03:43:45Z</time></trkpt><trkpt lat="21.047083" lon="105.865734"><ele>-13.628</ele><time>2018-09-07T03:43:46Z</time></trkpt><trkpt lat="21.047149" lon="105.865699"><ele>-13.224</ele><time>2018-09-07T03:43:47Z</time></trkpt><trkpt lat="21.047204" lon="105.865669"><ele>-13.099</ele><time>2018-09-07T03:43:48Z</time></trkpt><trkpt lat="21.047258" lon="105.865655"><ele>-13.784</ele><time>2018-09-07T03:43:49Z</time></trkpt><trkpt lat="21.047311" lon="105.865642"><ele>-14.120</ele><time>2018-09-07T03:43:50Z</time></trkpt><trkpt lat="21.047370" lon="105.865636"><ele>-14.356</ele><time>2018-09-07T03:43:51Z</time></trkpt><trkpt lat="21.047425" lon="105.865631"><ele>-14.465</ele><time>2018-09-07T03:43:52Z</time></trkpt><trkpt lat="21.047482" lon="105.865620"><ele>-14.558</ele><time>2018-09-07T03:43:53Z</time></trkpt><trkpt lat="21.047545" lon="105.865613"><ele>-15.017</ele><time>2018-09-07T03:43:54Z</time></trkpt><trkpt lat="21.047610" lon="105.865605"><ele>-15.387</ele><time>2018-09-07T03:43:55Z</time></trkpt><trkpt lat="21.047674" lon="105.865593"><ele>-15.515</ele><time>2018-09-07T03:43:56Z</time></trkpt><trkpt lat="21.047731" lon="105.865589"><ele>-15.608</ele><time>2018-09-07T03:43:57Z</time></trkpt><trkpt lat="21.047789" lon="105.865576"><ele>-15.763</ele><time>2018-09-07T03:43:58Z</time></trkpt><trkpt lat="21.047848" lon="105.865565"><ele>-16.129</ele><time>2018-09-07T03:43:59Z</time></trkpt><trkpt lat="21.047909" lon="105.865552"><ele>-16.594</ele><time>2018-09-07T03:44:00Z</time></trkpt><trkpt lat="21.047974" lon="105.865539"><ele>-16.619</ele><time>2018-09-07T03:44:01Z</time></trkpt><trkpt lat="21.048033" lon="105.865523"><ele>-17.115</ele><time>2018-09-07T03:44:02Z</time></trkpt><trkpt lat="21.048089" lon="105.865509"><ele>-17.871</ele><time>2018-09-07T03:44:03Z</time></trkpt><trkpt lat="21.048146" lon="105.865496"><ele>-18.230</ele><time>2018-09-07T03:44:04Z</time></trkpt><trkpt lat="21.048203" lon="105.865486"><ele>-19.023</ele><time>2018-09-07T03:44:05Z</time></trkpt><trkpt lat="21.048263" lon="105.865474"><ele>-19.339</ele><time>2018-09-07T03:44:06Z</time></trkpt><trkpt lat="21.048323" lon="105.865455"><ele>-20.001</ele><time>2018-09-07T03:44:07Z</time></trkpt><trkpt lat="21.048386" lon="105.865438"><ele>-20.821</ele><time>2018-09-07T03:44:08Z</time></trkpt><trkpt lat="21.048448" lon="105.865425"><ele>-21.308</ele><time>2018-09-07T03:44:09Z</time></trkpt><trkpt lat="21.048510" lon="105.865415"><ele>-22.035</ele><time>2018-09-07T03:44:10Z</time></trkpt><trkpt lat="21.048572" lon="105.865406"><ele>-22.321</ele><time>2018-09-07T03:44:11Z</time></trkpt><trkpt lat="21.048637" lon="105.865395"><ele>-22.526</ele><time>2018-09-07T03:44:12Z</time></trkpt><trkpt lat="21.048698" lon="105.865385"><ele>-23.021</ele><time>2018-09-07T03:44:13Z</time></trkpt><trkpt lat="21.048756" lon="105.865376"><ele>-23.387</ele><time>2018-09-07T03:44:14Z</time></trkpt><trkpt lat="21.048816" lon="105.865365"><ele>-24.013</ele><time>2018-09-07T03:44:15Z</time></trkpt><trkpt lat="21.048876" lon="105.865359"><ele>-24.392</ele><time>2018-09-07T03:44:16Z</time></trkpt><trkpt lat="21.048941" lon="105.865358"><ele>-24.525</ele><time>2018-09-07T03:44:17Z</time></trkpt><trkpt lat="21.049004" lon="105.865360"><ele>-25.065</ele><time>2018-09-07T03:44:18Z</time></trkpt><trkpt lat="21.049065" lon="105.865362"><ele>-25.368</ele><time>2018-09-07T03:44:19Z</time></trkpt><trkpt lat="21.049128" lon="105.865368"><ele>-25.914</ele><time>2018-09-07T03:44:20Z</time></trkpt><trkpt lat="21.049190" lon="105.865379"><ele>-26.308</ele><time>2018-09-07T03:44:21Z</time></trkpt><trkpt lat="21.049254" lon="105.865393"><ele>-26.978</ele><time>2018-09-07T03:44:22Z</time></trkpt><trkpt lat="21.049322" lon="105.865405"><ele>-27.394</ele><time>2018-09-07T03:44:23Z</time></trkpt><trkpt lat="21.049388" lon="105.865409"><ele>-27.529</ele><time>2018-09-07T03:44:24Z</time></trkpt><trkpt lat="21.049455" lon="105.865413"><ele>-27.684</ele><time>2018-09-07T03:44:25Z</time></trkpt><trkpt lat="21.049518" lon="105.865413"><ele>-27.780</ele><time>2018-09-07T03:44:26Z</time></trkpt><trkpt lat="21.049576" lon="105.865413"><ele>-28.176</ele><time>2018-09-07T03:44:27Z</time></trkpt><trkpt lat="21.049624" lon="105.865404"><ele>-28.045</ele><time>2018-09-07T03:44:28Z</time></trkpt><trkpt lat="21.049674" lon="105.865390"><ele>-27.988</ele><time>2018-09-07T03:44:29Z</time></trkpt><trkpt lat="21.049726" lon="105.865381"><ele>-27.991</ele><time>2018-09-07T03:44:30Z</time></trkpt><trkpt lat="21.049778" lon="105.865364"><ele>-27.981</ele><time>2018-09-07T03:44:31Z</time></trkpt><trkpt lat="21.049832" lon="105.865344"><ele>-27.919</ele><time>2018-09-07T03:44:32Z</time></trkpt><trkpt lat="21.049890" lon="105.865322"><ele>-27.908</ele><time>2018-09-07T03:44:33Z</time></trkpt><trkpt lat="21.049943" lon="105.865297"><ele>-27.971</ele><time>2018-09-07T03:44:34Z</time></trkpt><trkpt lat="21.049995" lon="105.865268"><ele>-27.967</ele><time>2018-09-07T03:44:35Z</time></trkpt><trkpt lat="21.050052" lon="105.865236"><ele>-27.952</ele><time>2018-09-07T03:44:36Z</time></trkpt><trkpt lat="21.050107" lon="105.865202"><ele>-27.967</ele><time>2018-09-07T03:44:37Z</time></trkpt><trkpt lat="21.050163" lon="105.865170"><ele>-27.973</ele><time>2018-09-07T03:44:38Z</time></trkpt><trkpt lat="21.050221" lon="105.865143"><ele>-28.399</ele><time>2018-09-07T03:44:39Z</time></trkpt><trkpt lat="21.050278" lon="105.865118"><ele>-28.558</ele><time>2018-09-07T03:44:40Z</time></trkpt><trkpt lat="21.050336" lon="105.865093"><ele>-28.661</ele><time>2018-09-07T03:44:41Z</time></trkpt><trkpt lat="21.050386" lon="105.865068"><ele>-28.796</ele><time>2018-09-07T03:44:42Z</time></trkpt><trkpt lat="21.050440" lon="105.865044"><ele>-28.831</ele><time>2018-09-07T03:44:43Z</time></trkpt><trkpt lat="21.050488" lon="105.865019"><ele>-28.824</ele><time>2018-09-07T03:44:44Z</time></trkpt><trkpt lat="21.050530" lon="105.864997"><ele>-29.208</ele><time>2018-09-07T03:44:45Z</time></trkpt><trkpt lat="21.050573" lon="105.864970"><ele>-29.121</ele><time>2018-09-07T03:44:46Z</time></trkpt><trkpt lat="21.050624" lon="105.864931"><ele>-29.047</ele><time>2018-09-07T03:44:47Z</time></trkpt><trkpt lat="21.050668" lon="105.864893"><ele>-28.522</ele><time>2018-09-07T03:44:48Z</time></trkpt><trkpt lat="21.050709" lon="105.864854"><ele>-28.267</ele><time>2018-09-07T03:44:49Z</time></trkpt><trkpt lat="21.050756" lon="105.864801"><ele>-28.023</ele><time>2018-09-07T03:44:50Z</time></trkpt><trkpt lat="21.050795" lon="105.864756"><ele>-27.939</ele><time>2018-09-07T03:44:51Z</time></trkpt><trkpt lat="21.050835" lon="105.864712"><ele>-27.468</ele><time>2018-09-07T03:44:52Z</time></trkpt><trkpt lat="21.050873" lon="105.864671"><ele>-27.171</ele><time>2018-09-07T03:44:53Z</time></trkpt><trkpt lat="21.050913" lon="105.864627"><ele>-26.584</ele><time>2018-09-07T03:44:54Z</time></trkpt><trkpt lat="21.050952" lon="105.864583"><ele>-26.207</ele><time>2018-09-07T03:44:55Z</time></trkpt><trkpt lat="21.050989" lon="105.864548"><ele>-25.617</ele><time>2018-09-07T03:44:56Z</time></trkpt><trkpt lat="21.051031" lon="105.864508"><ele>-25.608</ele><time>2018-09-07T03:44:57Z</time></trkpt><trkpt lat="21.051071" lon="105.864472"><ele>-25.680</ele><time>2018-09-07T03:44:58Z</time></trkpt><trkpt lat="21.051113" lon="105.864439"><ele>-25.626</ele><time>2018-09-07T03:44:59Z</time></trkpt><trkpt lat="21.051168" lon="105.864414"><ele>-25.621</ele><time>2018-09-07T03:45:00Z</time></trkpt><trkpt lat="21.051220" lon="105.864395"><ele>-26.096</ele><time>2018-09-07T03:45:01Z</time></trkpt><trkpt lat="21.051280" lon="105.864378"><ele>-26.612</ele><time>2018-09-07T03:45:02Z</time></trkpt><trkpt lat="21.051346" lon="105.864358"><ele>-27.038</ele><time>2018-09-07T03:45:03Z</time></trkpt><trkpt lat="21.051409" lon="105.864341"><ele>-27.227</ele><time>2018-09-07T03:45:04Z</time></trkpt><trkpt lat="21.051472" lon="105.864322"><ele>-27.770</ele><time>2018-09-07T03:45:05Z</time></trkpt><trkpt lat="21.051533" lon="105.864299"><ele>-28.034</ele><time>2018-09-07T03:45:06Z</time></trkpt><trkpt lat="21.051595" lon="105.864277"><ele>-28.255</ele><time>2018-09-07T03:45:07Z</time></trkpt><trkpt lat="21.051655" lon="105.864256"><ele>-28.710</ele><time>2018-09-07T03:45:08Z</time></trkpt><trkpt lat="21.051712" lon="105.864237"><ele>-29.008</ele><time>2018-09-07T03:45:09Z</time></trkpt><trkpt lat="21.051766" lon="105.864216"><ele>-29.265</ele><time>2018-09-07T03:45:10Z</time></trkpt><trkpt lat="21.051816" lon="105.864202"><ele>-29.331</ele><time>2018-09-07T03:45:11Z</time></trkpt><trkpt lat="21.051868" lon="105.864192"><ele>-29.866</ele><time>2018-09-07T03:45:12Z</time></trkpt><trkpt lat="21.051923" lon="105.864174"><ele>-30.111</ele><time>2018-09-07T03:45:13Z</time></trkpt><trkpt lat="21.051973" lon="105.864163"><ele>-30.717</ele><time>2018-09-07T03:45:14Z</time></trkpt><trkpt lat="21.052022" lon="105.864155"><ele>-31.063</ele><time>2018-09-07T03:45:15Z</time></trkpt><trkpt lat="21.052071" lon="105.864149"><ele>-30.812</ele><time>2018-09-07T03:45:16Z</time></trkpt><trkpt lat="21.052124" lon="105.864144"><ele>-31.195</ele><time>2018-09-07T03:45:17Z</time></trkpt><trkpt lat="21.052179" lon="105.864141"><ele>-31.381</ele><time>2018-09-07T03:45:18Z</time></trkpt><trkpt lat="21.052239" lon="105.864148"><ele>-31.461</ele><time>2018-09-07T03:45:19Z</time></trkpt><trkpt lat="21.052296" lon="105.864158"><ele>-31.517</ele><time>2018-09-07T03:45:20Z</time></trkpt><trkpt lat="21.052356" lon="105.864166"><ele>-31.508</ele><time>2018-09-07T03:45:21Z</time></trkpt><trkpt lat="21.052415" lon="105.864178"><ele>-31.520</ele><time>2018-09-07T03:45:22Z</time></trkpt><trkpt lat="21.052469" lon="105.864191"><ele>-31.576</ele><time>2018-09-07T03:45:23Z</time></trkpt><trkpt lat="21.052523" lon="105.864212"><ele>-31.521</ele><time>2018-09-07T03:45:24Z</time></trkpt><trkpt lat="21.052577" lon="105.864235"><ele>-31.566</ele><time>2018-09-07T03:45:25Z</time></trkpt><trkpt lat="21.052628" lon="105.864256"><ele>-31.542</ele><time>2018-09-07T03:45:26Z</time></trkpt><trkpt lat="21.052682" lon="105.864280"><ele>-31.948</ele><time>2018-09-07T03:45:27Z</time></trkpt><trkpt lat="21.052739" lon="105.864307"><ele>-32.167</ele><time>2018-09-07T03:45:28Z</time></trkpt><trkpt lat="21.052795" lon="105.864333"><ele>-32.220</ele><time>2018-09-07T03:45:29Z</time></trkpt><trkpt lat="21.052851" lon="105.864362"><ele>-32.478</ele><time>2018-09-07T03:45:30Z</time></trkpt><trkpt lat="21.052906" lon="105.864385"><ele>-32.933</ele><time>2018-09-07T03:45:31Z</time></trkpt><trkpt lat="21.052958" lon="105.864411"><ele>-33.126</ele><time>2018-09-07T03:45:32Z</time></trkpt><trkpt lat="21.053013" lon="105.864430"><ele>-33.408</ele><time>2018-09-07T03:45:33Z</time></trkpt><trkpt lat="21.053068" lon="105.864450"><ele>-33.939</ele><time>2018-09-07T03:45:34Z</time></trkpt><trkpt lat="21.053120" lon="105.864467"><ele>-34.145</ele><time>2018-09-07T03:45:35Z</time></trkpt><trkpt lat="21.053170" lon="105.864488"><ele>-34.470</ele><time>2018-09-07T03:45:36Z</time></trkpt><trkpt lat="21.053223" lon="105.864507"><ele>-34.425</ele><time>2018-09-07T03:45:37Z</time></trkpt><trkpt lat="21.053275" lon="105.864528"><ele>-34.541</ele><time>2018-09-07T03:45:38Z</time></trkpt><trkpt lat="21.053328" lon="105.864556"><ele>-34.557</ele><time>2018-09-07T03:45:39Z</time></trkpt><trkpt lat="21.053378" lon="105.864586"><ele>-34.556</ele><time>2018-09-07T03:45:40Z</time></trkpt><trkpt lat="21.053424" lon="105.864619"><ele>-34.519</ele><time>2018-09-07T03:45:41Z</time></trkpt><trkpt lat="21.053475" lon="105.864651"><ele>-34.942</ele><time>2018-09-07T03:45:42Z</time></trkpt><trkpt lat="21.053523" lon="105.864682"><ele>-35.122</ele><time>2018-09-07T03:45:43Z</time></trkpt><trkpt lat="21.053570" lon="105.864712"><ele>-35.214</ele><time>2018-09-07T03:45:44Z</time></trkpt><trkpt lat="21.053619" lon="105.864740"><ele>-35.408</ele><time>2018-09-07T03:45:45Z</time></trkpt><trkpt lat="21.053664" lon="105.864766"><ele>-35.496</ele><time>2018-09-07T03:45:46Z</time></trkpt><trkpt lat="21.053712" lon="105.864795"><ele>-35.462</ele><time>2018-09-07T03:45:47Z</time></trkpt><trkpt lat="21.053757" lon="105.864825"><ele>-35.457</ele><time>2018-09-07T03:45:48Z</time></trkpt><trkpt lat="21.053802" lon="105.864856"><ele>-35.472</ele><time>2018-09-07T03:45:49Z</time></trkpt><trkpt lat="21.053844" lon="105.864883"><ele>-35.428</ele><time>2018-09-07T03:45:50Z</time></trkpt><trkpt lat="21.053889" lon="105.864914"><ele>-35.464</ele><time>2018-09-07T03:45:51Z</time></trkpt><trkpt lat="21.053945" lon="105.864940"><ele>-34.693</ele><time>2018-09-07T03:45:52Z</time></trkpt><trkpt lat="21.053998" lon="105.864965"><ele>-33.796</ele><time>2018-09-07T03:45:53Z</time></trkpt><trkpt lat="21.054055" lon="105.864984"><ele>-32.479</ele><time>2018-09-07T03:45:54Z</time></trkpt><trkpt lat="21.054108" lon="105.865005"><ele>-31.205</ele><time>2018-09-07T03:45:55Z</time></trkpt><trkpt lat="21.054154" lon="105.865028"><ele>-30.125</ele><time>2018-09-07T03:45:56Z</time></trkpt><trkpt lat="21.054203" lon="105.865051"><ele>-29.408</ele><time>2018-09-07T03:45:57Z</time></trkpt><trkpt lat="21.054251" lon="105.865075"><ele>-29.099</ele><time>2018-09-07T03:45:58Z</time></trkpt><trkpt lat="21.054303" lon="105.865101"><ele>-28.865</ele><time>2018-09-07T03:45:59Z</time></trkpt><trkpt lat="21.054355" lon="105.865122"><ele>-28.360</ele><time>2018-09-07T03:46:00Z</time></trkpt><trkpt lat="21.054400" lon="105.865147"><ele>-28.035</ele><time>2018-09-07T03:46:01Z</time></trkpt><trkpt lat="21.054447" lon="105.865167"><ele>-27.861</ele><time>2018-09-07T03:46:02Z</time></trkpt><trkpt lat="21.054491" lon="105.865185"><ele>-27.727</ele><time>2018-09-07T03:46:03Z</time></trkpt><trkpt lat="21.054538" lon="105.865205"><ele>-27.666</ele><time>2018-09-07T03:46:04Z</time></trkpt><trkpt lat="21.054582" lon="105.865230"><ele>-27.699</ele><time>2018-09-07T03:46:05Z</time></trkpt><trkpt lat="21.054631" lon="105.865253"><ele>-27.612</ele><time>2018-09-07T03:46:06Z</time></trkpt><trkpt lat="21.054678" lon="105.865278"><ele>-27.632</ele><time>2018-09-07T03:46:07Z</time></trkpt><trkpt lat="21.054734" lon="105.865299"><ele>-27.205</ele><time>2018-09-07T03:46:08Z</time></trkpt><trkpt lat="21.054786" lon="105.865324"><ele>-27.008</ele><time>2018-09-07T03:46:09Z</time></trkpt><trkpt lat="21.054839" lon="105.865345"><ele>-26.983</ele><time>2018-09-07T03:46:10Z</time></trkpt><trkpt lat="21.054890" lon="105.865368"><ele>-26.879</ele><time>2018-09-07T03:46:11Z</time></trkpt><trkpt lat="21.054943" lon="105.865391"><ele>-26.764</ele><time>2018-09-07T03:46:12Z</time></trkpt><trkpt lat="21.054995" lon="105.865417"><ele>-26.719</ele><time>2018-09-07T03:46:13Z</time></trkpt><trkpt lat="21.055043" lon="105.865448"><ele>-26.735</ele><time>2018-09-07T03:46:14Z</time></trkpt><trkpt lat="21.055090" lon="105.865475"><ele>-26.791</ele><time>2018-09-07T03:46:15Z</time></trkpt><trkpt lat="21.055139" lon="105.865503"><ele>-26.760</ele><time>2018-09-07T03:46:16Z</time></trkpt><trkpt lat="21.055187" lon="105.865531"><ele>-26.773</ele><time>2018-09-07T03:46:17Z</time></trkpt><trkpt lat="21.055232" lon="105.865562"><ele>-26.797</ele><time>2018-09-07T03:46:18Z</time></trkpt><trkpt lat="21.055273" lon="105.865593"><ele>-26.723</ele><time>2018-09-07T03:46:19Z</time></trkpt><trkpt lat="21.055313" lon="105.865629"><ele>-26.725</ele><time>2018-09-07T03:46:20Z</time></trkpt><trkpt lat="21.055352" lon="105.865665"><ele>-26.308</ele><time>2018-09-07T03:46:21Z</time></trkpt><trkpt lat="21.055394" lon="105.865702"><ele>-25.711</ele><time>2018-09-07T03:46:22Z</time></trkpt><trkpt lat="21.055446" lon="105.865751"><ele>-24.517</ele><time>2018-09-07T03:46:23Z</time></trkpt><trkpt lat="21.055489" lon="105.865803"><ele>-23.832</ele><time>2018-09-07T03:46:24Z</time></trkpt><trkpt lat="21.055532" lon="105.865860"><ele>-23.537</ele><time>2018-09-07T03:46:25Z</time></trkpt><trkpt lat="21.055579" lon="105.865913"><ele>-23.143</ele><time>2018-09-07T03:46:26Z</time></trkpt><trkpt lat="21.055633" lon="105.865970"><ele>-23.049</ele><time>2018-09-07T03:46:27Z</time></trkpt><trkpt lat="21.055677" lon="105.866025"><ele>-22.828</ele><time>2018-09-07T03:46:28Z</time></trkpt><trkpt lat="21.055717" lon="105.866075"><ele>-22.821</ele><time>2018-09-07T03:46:29Z</time></trkpt><trkpt lat="21.055758" lon="105.866119"><ele>-22.862</ele><time>2018-09-07T03:46:30Z</time></trkpt><trkpt lat="21.055797" lon="105.866159"><ele>-22.883</ele><time>2018-09-07T03:46:31Z</time></trkpt><trkpt lat="21.055835" lon="105.866192"><ele>-22.811</ele><time>2018-09-07T03:46:32Z</time></trkpt><trkpt lat="21.055870" lon="105.866225"><ele>-22.808</ele><time>2018-09-07T03:46:33Z</time></trkpt><trkpt lat="21.055910" lon="105.866258"><ele>-22.888</ele><time>2018-09-07T03:46:34Z</time></trkpt><trkpt lat="21.055952" lon="105.866290"><ele>-22.864</ele><time>2018-09-07T03:46:35Z</time></trkpt><trkpt lat="21.056003" lon="105.866317"><ele>-22.819</ele><time>2018-09-07T03:46:36Z</time></trkpt><trkpt lat="21.056056" lon="105.866344"><ele>-22.874</ele><time>2018-09-07T03:46:37Z</time></trkpt><trkpt lat="21.056111" lon="105.866362"><ele>-23.150</ele><time>2018-09-07T03:46:38Z</time></trkpt><trkpt lat="21.056171" lon="105.866374"><ele>-23.826</ele><time>2018-09-07T03:46:39Z</time></trkpt><trkpt lat="21.056229" lon="105.866380"><ele>-24.125</ele><time>2018-09-07T03:46:40Z</time></trkpt><trkpt lat="21.056288" lon="105.866379"><ele>-24.868</ele><time>2018-09-07T03:46:41Z</time></trkpt><trkpt lat="21.056349" lon="105.866373"><ele>-25.125</ele><time>2018-09-07T03:46:42Z</time></trkpt><trkpt lat="21.056410" lon="105.866364"><ele>-25.726</ele><time>2018-09-07T03:46:43Z</time></trkpt><trkpt lat="21.056473" lon="105.866356"><ele>-26.108</ele><time>2018-09-07T03:46:44Z</time></trkpt><trkpt lat="21.056533" lon="105.866345"><ele>-26.308</ele><time>2018-09-07T03:46:45Z</time></trkpt><trkpt lat="21.056603" lon="105.866328"><ele>-26.424</ele><time>2018-09-07T03:46:46Z</time></trkpt><trkpt lat="21.056670" lon="105.866297"><ele>-26.510</ele><time>2018-09-07T03:46:47Z</time></trkpt><trkpt lat="21.056747" lon="105.866259"><ele>-26.175</ele><time>2018-09-07T03:46:48Z</time></trkpt><trkpt lat="21.056813" lon="105.866217"><ele>-25.570</ele><time>2018-09-07T03:46:49Z</time></trkpt><trkpt lat="21.056876" lon="105.866171"><ele>-25.166</ele><time>2018-09-07T03:46:50Z</time></trkpt><trkpt lat="21.056937" lon="105.866124"><ele>-25.042</ele><time>2018-09-07T03:46:51Z</time></trkpt><trkpt lat="21.057000" lon="105.866073"><ele>-24.541</ele><time>2018-09-07T03:46:52Z</time></trkpt><trkpt lat="21.057063" lon="105.866017"><ele>-24.164</ele><time>2018-09-07T03:46:53Z</time></trkpt><trkpt lat="21.057123" lon="105.865965"><ele>-24.078</ele><time>2018-09-07T03:46:54Z</time></trkpt><trkpt lat="21.057185" lon="105.865916"><ele>-23.533</ele><time>2018-09-07T03:46:55Z</time></trkpt><trkpt lat="21.057247" lon="105.865870"><ele>-23.126</ele><time>2018-09-07T03:46:56Z</time></trkpt><trkpt lat="21.057303" lon="105.865829"><ele>-23.008</ele><time>2018-09-07T03:46:57Z</time></trkpt><trkpt lat="21.057359" lon="105.865786"><ele>-22.859</ele><time>2018-09-07T03:46:58Z</time></trkpt><trkpt lat="21.057411" lon="105.865741"><ele>-22.395</ele><time>2018-09-07T03:46:59Z</time></trkpt><trkpt lat="21.057462" lon="105.865696"><ele>-22.050</ele><time>2018-09-07T03:47:00Z</time></trkpt><trkpt lat="21.057515" lon="105.865654"><ele>-21.835</ele><time>2018-09-07T03:47:01Z</time></trkpt><trkpt lat="21.057571" lon="105.865614"><ele>-21.841</ele><time>2018-09-07T03:47:02Z</time></trkpt><trkpt lat="21.057629" lon="105.865573"><ele>-22.017</ele><time>2018-09-07T03:47:03Z</time></trkpt><trkpt lat="21.057691" lon="105.865527"><ele>-22.326</ele><time>2018-09-07T03:47:04Z</time></trkpt><trkpt lat="21.057754" lon="105.865476"><ele>-22.379</ele><time>2018-09-07T03:47:05Z</time></trkpt><trkpt lat="21.057815" lon="105.865429"><ele>-22.579</ele><time>2018-09-07T03:47:06Z</time></trkpt><trkpt lat="21.057878" lon="105.865386"><ele>-22.505</ele><time>2018-09-07T03:47:07Z</time></trkpt><trkpt lat="21.057936" lon="105.865344"><ele>-22.525</ele><time>2018-09-07T03:47:08Z</time></trkpt><trkpt lat="21.057992" lon="105.865302"><ele>-22.508</ele><time>2018-09-07T03:47:09Z</time></trkpt><trkpt lat="21.058049" lon="105.865264"><ele>-22.519</ele><time>2018-09-07T03:47:10Z</time></trkpt><trkpt lat="21.058102" lon="105.865223"><ele>-22.595</ele><time>2018-09-07T03:47:11Z</time></trkpt><trkpt lat="21.058157" lon="105.865181"><ele>-22.870</ele><time>2018-09-07T03:47:12Z</time></trkpt><trkpt lat="21.058216" lon="105.865137"><ele>-23.085</ele><time>2018-09-07T03:47:13Z</time></trkpt><trkpt lat="21.058271" lon="105.865100"><ele>-23.131</ele><time>2018-09-07T03:47:14Z</time></trkpt><trkpt lat="21.058326" lon="105.865061"><ele>-23.367</ele><time>2018-09-07T03:47:15Z</time></trkpt><trkpt lat="21.058377" lon="105.865026"><ele>-23.316</ele><time>2018-09-07T03:47:16Z</time></trkpt><trkpt lat="21.058428" lon="105.864991"><ele>-23.379</ele><time>2018-09-07T03:47:17Z</time></trkpt><trkpt lat="21.058480" lon="105.864956"><ele>-23.845</ele><time>2018-09-07T03:47:18Z</time></trkpt><trkpt lat="21.058538" lon="105.864923"><ele>-24.047</ele><time>2018-09-07T03:47:19Z</time></trkpt><trkpt lat="21.058593" lon="105.864883"><ele>-24.311</ele><time>2018-09-07T03:47:20Z</time></trkpt><trkpt lat="21.058652" lon="105.864841"><ele>-24.308</ele><time>2018-09-07T03:47:21Z</time></trkpt><trkpt lat="21.058701" lon="105.864799"><ele>-24.596</ele><time>2018-09-07T03:47:22Z</time></trkpt><trkpt lat="21.058749" lon="105.864764"><ele>-24.592</ele><time>2018-09-07T03:47:23Z</time></trkpt><trkpt lat="21.058799" lon="105.864732"><ele>-24.517</ele><time>2018-09-07T03:47:24Z</time></trkpt><trkpt lat="21.058846" lon="105.864699"><ele>-24.572</ele><time>2018-09-07T03:47:25Z</time></trkpt><trkpt lat="21.058895" lon="105.864661"><ele>-24.558</ele><time>2018-09-07T03:47:26Z</time></trkpt><trkpt lat="21.058940" lon="105.864624"><ele>-24.524</ele><time>2018-09-07T03:47:27Z</time></trkpt><trkpt lat="21.058993" lon="105.864580"><ele>-24.533</ele><time>2018-09-07T03:47:28Z</time></trkpt><trkpt lat="21.059051" lon="105.864539"><ele>-24.566</ele><time>2018-09-07T03:47:29Z</time></trkpt><trkpt lat="21.059105" lon="105.864504"><ele>-24.066</ele><time>2018-09-07T03:47:30Z</time></trkpt><trkpt lat="21.059156" lon="105.864469"><ele>-23.829</ele><time>2018-09-07T03:47:31Z</time></trkpt><trkpt lat="21.059208" lon="105.864429"><ele>-23.821</ele><time>2018-09-07T03:47:32Z</time></trkpt><trkpt lat="21.059263" lon="105.864389"><ele>-23.608</ele><time>2018-09-07T03:47:33Z</time></trkpt><trkpt lat="21.059322" lon="105.864345"><ele>-23.168</ele><time>2018-09-07T03:47:34Z</time></trkpt><trkpt lat="21.059383" lon="105.864306"><ele>-22.884</ele><time>2018-09-07T03:47:35Z</time></trkpt><trkpt lat="21.059440" lon="105.864264"><ele>-22.679</ele><time>2018-09-07T03:47:36Z</time></trkpt><trkpt lat="21.059500" lon="105.864220"><ele>-23.074</ele><time>2018-09-07T03:47:37Z</time></trkpt><trkpt lat="21.059559" lon="105.864179"><ele>-23.170</ele><time>2018-09-07T03:47:38Z</time></trkpt><trkpt lat="21.059614" lon="105.864141"><ele>-23.396</ele><time>2018-09-07T03:47:39Z</time></trkpt><trkpt lat="21.059671" lon="105.864102"><ele>-23.355</ele><time>2018-09-07T03:47:40Z</time></trkpt><trkpt lat="21.059719" lon="105.864066"><ele>-23.828</ele><time>2018-09-07T03:47:41Z</time></trkpt><trkpt lat="21.059765" lon="105.864032"><ele>-24.073</ele><time>2018-09-07T03:47:42Z</time></trkpt><trkpt lat="21.059807" lon="105.863995"><ele>-24.385</ele><time>2018-09-07T03:47:43Z</time></trkpt><trkpt lat="21.059847" lon="105.863961"><ele>-24.313</ele><time>2018-09-07T03:47:44Z</time></trkpt><trkpt lat="21.059888" lon="105.863928"><ele>-24.508</ele><time>2018-09-07T03:47:45Z</time></trkpt><trkpt lat="21.059931" lon="105.863894"><ele>-24.559</ele><time>2018-09-07T03:47:46Z</time></trkpt><trkpt lat="21.059977" lon="105.863868"><ele>-24.565</ele><time>2018-09-07T03:47:47Z</time></trkpt><trkpt lat="21.060022" lon="105.863835"><ele>-24.510</ele><time>2018-09-07T03:47:48Z</time></trkpt><trkpt lat="21.060068" lon="105.863807"><ele>-24.535</ele><time>2018-09-07T03:47:49Z</time></trkpt><trkpt lat="21.060122" lon="105.863771"><ele>-24.531</ele><time>2018-09-07T03:47:50Z</time></trkpt><trkpt lat="21.060174" lon="105.863729"><ele>-24.867</ele><time>2018-09-07T03:47:51Z</time></trkpt><trkpt lat="21.060230" lon="105.863689"><ele>-25.076</ele><time>2018-09-07T03:47:52Z</time></trkpt><trkpt lat="21.060288" lon="105.863650"><ele>-25.179</ele><time>2018-09-07T03:47:53Z</time></trkpt><trkpt lat="21.060348" lon="105.863607"><ele>-25.618</ele><time>2018-09-07T03:47:54Z</time></trkpt><trkpt lat="21.060405" lon="105.863567"><ele>-25.998</ele><time>2018-09-07T03:47:55Z</time></trkpt><trkpt lat="21.060463" lon="105.863528"><ele>-26.117</ele><time>2018-09-07T03:47:56Z</time></trkpt><trkpt lat="21.060524" lon="105.863491"><ele>-26.208</ele><time>2018-09-07T03:47:57Z</time></trkpt><trkpt lat="21.060584" lon="105.863450"><ele>-26.393</ele><time>2018-09-07T03:47:58Z</time></trkpt><trkpt lat="21.060641" lon="105.863409"><ele>-26.329</ele><time>2018-09-07T03:47:59Z</time></trkpt><trkpt lat="21.060703" lon="105.863364"><ele>-25.964</ele><time>2018-09-07T03:48:00Z</time></trkpt><trkpt lat="21.060765" lon="105.863322"><ele>-25.329</ele><time>2018-09-07T03:48:01Z</time></trkpt><trkpt lat="21.060817" lon="105.863285"><ele>-25.075</ele><time>2018-09-07T03:48:02Z</time></trkpt><trkpt lat="21.060868" lon="105.863248"><ele>-24.321</ele><time>2018-09-07T03:48:03Z</time></trkpt><trkpt lat="21.060919" lon="105.863211"><ele>-24.010</ele><time>2018-09-07T03:48:04Z</time></trkpt><trkpt lat="21.060966" lon="105.863181"><ele>-23.383</ele><time>2018-09-07T03:48:05Z</time></trkpt><trkpt lat="21.061008" lon="105.863155"><ele>-23.051</ele><time>2018-09-07T03:48:06Z</time></trkpt><trkpt lat="21.061047" lon="105.863124"><ele>-22.301</ele><time>2018-09-07T03:48:07Z</time></trkpt><trkpt lat="21.061085" lon="105.863095"><ele>-22.011</ele><time>2018-09-07T03:48:08Z</time></trkpt><trkpt lat="21.061123" lon="105.863065"><ele>-21.808</ele><time>2018-09-07T03:48:09Z</time></trkpt><trkpt lat="21.061162" lon="105.863040"><ele>-21.687</ele><time>2018-09-07T03:48:10Z</time></trkpt><trkpt lat="21.061234" lon="105.862987"><ele>-22.073</ele><time>2018-09-07T03:48:12Z</time></trkpt><trkpt lat="21.061302" lon="105.862928"><ele>-22.138</ele><time>2018-09-07T03:48:14Z</time></trkpt><trkpt lat="21.061341" lon="105.862900"><ele>-22.333</ele><time>2018-09-07T03:48:15Z</time></trkpt><trkpt lat="21.061381" lon="105.862878"><ele>-22.379</ele><time>2018-09-07T03:48:16Z</time></trkpt><trkpt lat="21.061464" lon="105.862865"><ele>-22.895</ele><time>2018-09-07T03:48:18Z</time></trkpt><trkpt lat="21.061545" lon="105.862886"><ele>-23.014</ele><time>2018-09-07T03:48:20Z</time></trkpt><trkpt lat="21.061588" lon="105.862905"><ele>-23.317</ele><time>2018-09-07T03:48:21Z</time></trkpt><trkpt lat="21.061649" lon="105.862982"><ele>-23.064</ele><time>2018-09-07T03:48:23Z</time></trkpt><trkpt lat="21.061674" lon="105.863034"><ele>-22.806</ele><time>2018-09-07T03:48:24Z</time></trkpt><trkpt lat="21.061701" lon="105.863088"><ele>-22.616</ele><time>2018-09-07T03:48:25Z</time></trkpt><trkpt lat="21.061732" lon="105.863146"><ele>-22.508</ele><time>2018-09-07T03:48:26Z</time></trkpt><trkpt lat="21.061762" lon="105.863209"><ele>-22.198</ele><time>2018-09-07T03:48:27Z</time></trkpt><trkpt lat="21.061795" lon="105.863276"><ele>-22.334</ele><time>2018-09-07T03:48:28Z</time></trkpt><trkpt lat="21.061829" lon="105.863338"><ele>-22.399</ele><time>2018-09-07T03:48:29Z</time></trkpt><trkpt lat="21.061869" lon="105.863403"><ele>-22.314</ele><time>2018-09-07T03:48:30Z</time></trkpt><trkpt lat="21.061910" lon="105.863476"><ele>-22.310</ele><time>2018-09-07T03:48:31Z</time></trkpt><trkpt lat="21.061948" lon="105.863551"><ele>-22.376</ele><time>2018-09-07T03:48:32Z</time></trkpt><trkpt lat="21.061985" lon="105.863633"><ele>-22.365</ele><time>2018-09-07T03:48:33Z</time></trkpt><trkpt lat="21.062025" lon="105.863715"><ele>-22.338</ele><time>2018-09-07T03:48:34Z</time></trkpt><trkpt lat="21.062064" lon="105.863796"><ele>-22.379</ele><time>2018-09-07T03:48:35Z</time></trkpt><trkpt lat="21.062106" lon="105.863877"><ele>-22.305</ele><time>2018-09-07T03:48:36Z</time></trkpt><trkpt lat="21.062161" lon="105.863965"><ele>-22.325</ele><time>2018-09-07T03:48:37Z</time></trkpt><trkpt lat="21.062214" lon="105.864053"><ele>-22.308</ele><time>2018-09-07T03:48:38Z</time></trkpt><trkpt lat="21.062259" lon="105.864144"><ele>-22.349</ele><time>2018-09-07T03:48:39Z</time></trkpt><trkpt lat="21.062300" lon="105.864235"><ele>-22.085</ele><time>2018-09-07T03:48:40Z</time></trkpt><trkpt lat="21.062341" lon="105.864325"><ele>-21.820</ele><time>2018-09-07T03:48:41Z</time></trkpt><trkpt lat="21.062384" lon="105.864414"><ele>-21.675</ele><time>2018-09-07T03:48:42Z</time></trkpt><trkpt lat="21.062427" lon="105.864500"><ele>-21.131</ele><time>2018-09-07T03:48:43Z</time></trkpt><trkpt lat="21.062470" lon="105.864584"><ele>-20.837</ele><time>2018-09-07T03:48:44Z</time></trkpt><trkpt lat="21.062512" lon="105.864662"><ele>-20.636</ele><time>2018-09-07T03:48:45Z</time></trkpt><trkpt lat="21.062557" lon="105.864739"><ele>-20.529</ele><time>2018-09-07T03:48:46Z</time></trkpt><trkpt lat="21.062596" lon="105.864817"><ele>-20.527</ele><time>2018-09-07T03:48:47Z</time></trkpt><trkpt lat="21.062630" lon="105.864891"><ele>-20.568</ele><time>2018-09-07T03:48:48Z</time></trkpt><trkpt lat="21.062667" lon="105.864964"><ele>-20.514</ele><time>2018-09-07T03:48:49Z</time></trkpt><trkpt lat="21.062699" lon="105.865034"><ele>-20.808</ele><time>2018-09-07T03:48:50Z</time></trkpt><trkpt lat="21.062739" lon="105.865102"><ele>-21.084</ele><time>2018-09-07T03:48:51Z</time></trkpt><trkpt lat="21.062773" lon="105.865170"><ele>-21.170</ele><time>2018-09-07T03:48:52Z</time></trkpt><trkpt lat="21.062808" lon="105.865239"><ele>-20.845</ele><time>2018-09-07T03:48:53Z</time></trkpt><trkpt lat="21.062839" lon="105.865311"><ele>-21.050</ele><time>2018-09-07T03:48:54Z</time></trkpt><trkpt lat="21.062871" lon="105.865381"><ele>-21.196</ele><time>2018-09-07T03:48:55Z</time></trkpt><trkpt lat="21.062906" lon="105.865451"><ele>-21.322</ele><time>2018-09-07T03:48:56Z</time></trkpt><trkpt lat="21.062936" lon="105.865518"><ele>-21.361</ele><time>2018-09-07T03:48:57Z</time></trkpt><trkpt lat="21.062969" lon="105.865589"><ele>-21.324</ele><time>2018-09-07T03:48:58Z</time></trkpt><trkpt lat="21.063003" lon="105.865661"><ele>-21.386</ele><time>2018-09-07T03:48:59Z</time></trkpt><trkpt lat="21.063041" lon="105.865734"><ele>-21.360</ele><time>2018-09-07T03:49:00Z</time></trkpt><trkpt lat="21.063081" lon="105.865810"><ele>-21.326</ele><time>2018-09-07T03:49:01Z</time></trkpt><trkpt lat="21.063119" lon="105.865888"><ele>-20.808</ele><time>2018-09-07T03:49:02Z</time></trkpt><trkpt lat="21.063165" lon="105.865968"><ele>-20.630</ele><time>2018-09-07T03:49:03Z</time></trkpt><trkpt lat="21.063209" lon="105.866041"><ele>-20.556</ele><time>2018-09-07T03:49:04Z</time></trkpt><trkpt lat="21.063248" lon="105.866112"><ele>-20.561</ele><time>2018-09-07T03:49:05Z</time></trkpt><trkpt lat="21.063290" lon="105.866180"><ele>-20.336</ele><time>2018-09-07T03:49:06Z</time></trkpt><trkpt lat="21.063334" lon="105.866245"><ele>-20.362</ele><time>2018-09-07T03:49:07Z</time></trkpt><trkpt lat="21.063376" lon="105.866313"><ele>-20.318</ele><time>2018-09-07T03:49:08Z</time></trkpt><trkpt lat="21.063416" lon="105.866384"><ele>-20.887</ele><time>2018-09-07T03:49:09Z</time></trkpt><trkpt lat="21.063456" lon="105.866450"><ele>-21.050</ele><time>2018-09-07T03:49:10Z</time></trkpt><trkpt lat="21.063495" lon="105.866521"><ele>-21.092</ele><time>2018-09-07T03:49:11Z</time></trkpt><trkpt lat="21.063535" lon="105.866589"><ele>-21.173</ele><time>2018-09-07T03:49:12Z</time></trkpt><trkpt lat="21.063574" lon="105.866656"><ele>-21.320</ele><time>2018-09-07T03:49:13Z</time></trkpt><trkpt lat="21.063615" lon="105.866720"><ele>-21.608</ele><time>2018-09-07T03:49:14Z</time></trkpt><trkpt lat="21.063655" lon="105.866789"><ele>-22.051</ele><time>2018-09-07T03:49:15Z</time></trkpt><trkpt lat="21.063693" lon="105.866857"><ele>-22.127</ele><time>2018-09-07T03:49:16Z</time></trkpt><trkpt lat="21.063730" lon="105.866923"><ele>-22.312</ele><time>2018-09-07T03:49:17Z</time></trkpt><trkpt lat="21.063765" lon="105.866985"><ele>-22.337</ele><time>2018-09-07T03:49:18Z</time></trkpt><trkpt lat="21.063803" lon="105.867047"><ele>-22.043</ele><time>2018-09-07T03:49:19Z</time></trkpt><trkpt lat="21.063844" lon="105.867107"><ele>-22.199</ele><time>2018-09-07T03:49:20Z</time></trkpt><trkpt lat="21.063887" lon="105.867169"><ele>-22.388</ele><time>2018-09-07T03:49:21Z</time></trkpt><trkpt lat="21.063936" lon="105.867238"><ele>-22.021</ele><time>2018-09-07T03:49:22Z</time></trkpt><trkpt lat="21.063983" lon="105.867307"><ele>-21.898</ele><time>2018-09-07T03:49:23Z</time></trkpt><trkpt lat="21.064017" lon="105.867372"><ele>-21.615</ele><time>2018-09-07T03:49:24Z</time></trkpt><trkpt lat="21.064054" lon="105.867435"><ele>-21.126</ele><time>2018-09-07T03:49:25Z</time></trkpt><trkpt lat="21.064093" lon="105.867499"><ele>-20.808</ele><time>2018-09-07T03:49:26Z</time></trkpt><trkpt lat="21.064132" lon="105.867563"><ele>-20.341</ele><time>2018-09-07T03:49:27Z</time></trkpt><trkpt lat="21.064168" lon="105.867628"><ele>-20.067</ele><time>2018-09-07T03:49:28Z</time></trkpt><trkpt lat="21.064204" lon="105.867693"><ele>-19.892</ele><time>2018-09-07T03:49:29Z</time></trkpt><trkpt lat="21.064239" lon="105.867752"><ele>-19.637</ele><time>2018-09-07T03:49:30Z</time></trkpt><trkpt lat="21.064272" lon="105.867811"><ele>-19.573</ele><time>2018-09-07T03:49:31Z</time></trkpt><trkpt lat="21.064309" lon="105.867866"><ele>-19.529</ele><time>2018-09-07T03:49:32Z</time></trkpt><trkpt lat="21.064351" lon="105.867923"><ele>-19.598</ele><time>2018-09-07T03:49:33Z</time></trkpt><trkpt lat="21.064390" lon="105.867990"><ele>-19.591</ele><time>2018-09-07T03:49:34Z</time></trkpt><trkpt lat="21.064429" lon="105.868057"><ele>-19.533</ele><time>2018-09-07T03:49:35Z</time></trkpt><trkpt lat="21.064466" lon="105.868125"><ele>-19.523</ele><time>2018-09-07T03:49:36Z</time></trkpt><trkpt lat="21.064503" lon="105.868187"><ele>-19.515</ele><time>2018-09-07T03:49:37Z</time></trkpt><trkpt lat="21.064540" lon="105.868249"><ele>-19.508</ele><time>2018-09-07T03:49:38Z</time></trkpt><trkpt lat="21.064578" lon="105.868309"><ele>-20.085</ele><time>2018-09-07T03:49:39Z</time></trkpt><trkpt lat="21.064612" lon="105.868365"><ele>-20.121</ele><time>2018-09-07T03:49:40Z</time></trkpt><trkpt lat="21.064648" lon="105.868422"><ele>-20.316</ele><time>2018-09-07T03:49:41Z</time></trkpt><trkpt lat="21.064684" lon="105.868477"><ele>-20.891</ele><time>2018-09-07T03:49:42Z</time></trkpt><trkpt lat="21.064726" lon="105.868538"><ele>-21.047</ele><time>2018-09-07T03:49:43Z</time></trkpt><trkpt lat="21.064768" lon="105.868601"><ele>-21.383</ele><time>2018-09-07T03:49:44Z</time></trkpt><trkpt lat="21.064810" lon="105.868667"><ele>-21.812</ele><time>2018-09-07T03:49:45Z</time></trkpt><trkpt lat="21.064852" lon="105.868735"><ele>-22.035</ele><time>2018-09-07T03:49:46Z</time></trkpt><trkpt lat="21.064889" lon="105.868802"><ele>-22.365</ele><time>2018-09-07T03:49:47Z</time></trkpt><trkpt lat="21.064929" lon="105.868871"><ele>-22.368</ele><time>2018-09-07T03:49:48Z</time></trkpt><trkpt lat="21.064964" lon="105.868939"><ele>-22.514</ele><time>2018-09-07T03:49:49Z</time></trkpt><trkpt lat="21.065002" lon="105.869007"><ele>-22.508</ele><time>2018-09-07T03:49:50Z</time></trkpt><trkpt lat="21.065037" lon="105.869072"><ele>-22.548</ele><time>2018-09-07T03:49:51Z</time></trkpt><trkpt lat="21.065076" lon="105.869138"><ele>-22.564</ele><time>2018-09-07T03:49:52Z</time></trkpt><trkpt lat="21.065115" lon="105.869207"><ele>-22.579</ele><time>2018-09-07T03:49:53Z</time></trkpt><trkpt lat="21.065159" lon="105.869273"><ele>-22.864</ele><time>2018-09-07T03:49:54Z</time></trkpt><trkpt lat="21.065202" lon="105.869338"><ele>-23.010</ele><time>2018-09-07T03:49:55Z</time></trkpt><trkpt lat="21.065242" lon="105.869400"><ele>-23.136</ele><time>2018-09-07T03:49:56Z</time></trkpt><trkpt lat="21.065283" lon="105.869463"><ele>-23.395</ele><time>2018-09-07T03:49:57Z</time></trkpt><trkpt lat="21.065321" lon="105.869527"><ele>-23.348</ele><time>2018-09-07T03:49:58Z</time></trkpt><trkpt lat="21.065356" lon="105.869593"><ele>-23.327</ele><time>2018-09-07T03:49:59Z</time></trkpt><trkpt lat="21.065396" lon="105.869663"><ele>-23.368</ele><time>2018-09-07T03:50:00Z</time></trkpt><trkpt lat="21.065435" lon="105.869728"><ele>-23.314</ele><time>2018-09-07T03:50:01Z</time></trkpt><trkpt lat="21.065470" lon="105.869799"><ele>-23.308</ele><time>2018-09-07T03:50:02Z</time></trkpt><trkpt lat="21.065510" lon="105.869868"><ele>-23.334</ele><time>2018-09-07T03:50:03Z</time></trkpt><trkpt lat="21.065550" lon="105.869942"><ele>-23.390</ele><time>2018-09-07T03:50:04Z</time></trkpt><trkpt lat="21.065591" lon="105.870015"><ele>-23.335</ele><time>2018-09-07T03:50:05Z</time></trkpt><trkpt lat="21.065631" lon="105.870085"><ele>-23.320</ele><time>2018-09-07T03:50:06Z</time></trkpt><trkpt lat="21.065667" lon="105.870155"><ele>-23.336</ele><time>2018-09-07T03:50:07Z</time></trkpt><trkpt lat="21.065700" lon="105.870227"><ele>-23.342</ele><time>2018-09-07T03:50:08Z</time></trkpt><trkpt lat="21.065733" lon="105.870295"><ele>-23.341</ele><time>2018-09-07T03:50:09Z</time></trkpt><trkpt lat="21.065766" lon="105.870361"><ele>-23.384</ele><time>2018-09-07T03:50:10Z</time></trkpt><trkpt lat="21.065795" lon="105.870424"><ele>-23.348</ele><time>2018-09-07T03:50:11Z</time></trkpt><trkpt lat="21.065823" lon="105.870482"><ele>-23.061</ele><time>2018-09-07T03:50:12Z</time></trkpt><trkpt lat="21.065852" lon="105.870536"><ele>-22.817</ele><time>2018-09-07T03:50:13Z</time></trkpt><trkpt lat="21.065880" lon="105.870587"><ele>-22.608</ele><time>2018-09-07T03:50:14Z</time></trkpt><trkpt lat="21.065905" lon="105.870642"><ele>-22.576</ele><time>2018-09-07T03:50:15Z</time></trkpt><trkpt lat="21.065932" lon="105.870704"><ele>-22.542</ele><time>2018-09-07T03:50:16Z</time></trkpt><trkpt lat="21.065960" lon="105.870770"><ele>-22.837</ele><time>2018-09-07T03:50:17Z</time></trkpt><trkpt lat="21.065993" lon="105.870839"><ele>-23.072</ele><time>2018-09-07T03:50:18Z</time></trkpt><trkpt lat="21.066027" lon="105.870911"><ele>-23.528</ele><time>2018-09-07T03:50:19Z</time></trkpt><trkpt lat="21.066063" lon="105.870986"><ele>-23.864</ele><time>2018-09-07T03:50:20Z</time></trkpt><trkpt lat="21.066102" lon="105.871063"><ele>-24.013</ele><time>2018-09-07T03:50:21Z</time></trkpt><trkpt lat="21.066140" lon="105.871142"><ele>-24.166</ele><time>2018-09-07T03:50:22Z</time></trkpt><trkpt lat="21.066177" lon="105.871223"><ele>-24.371</ele><time>2018-09-07T03:50:23Z</time></trkpt><trkpt lat="21.066213" lon="105.871309"><ele>-24.341</ele><time>2018-09-07T03:50:24Z</time></trkpt><trkpt lat="21.066243" lon="105.871389"><ele>-24.315</ele><time>2018-09-07T03:50:25Z</time></trkpt><trkpt lat="21.066275" lon="105.871466"><ele>-24.308</ele><time>2018-09-07T03:50:26Z</time></trkpt><trkpt lat="21.066306" lon="105.871542"><ele>-24.359</ele><time>2018-09-07T03:50:27Z</time></trkpt><trkpt lat="21.066339" lon="105.871619"><ele>-24.335</ele><time>2018-09-07T03:50:28Z</time></trkpt><trkpt lat="21.066371" lon="105.871692"><ele>-23.810</ele><time>2018-09-07T03:50:29Z</time></trkpt><trkpt lat="21.066401" lon="105.871763"><ele>-23.635</ele><time>2018-09-07T03:50:30Z</time></trkpt><trkpt lat="21.066431" lon="105.871829"><ele>-23.541</ele><time>2018-09-07T03:50:31Z</time></trkpt><trkpt lat="21.066459" lon="105.871898"><ele>-23.547</ele><time>2018-09-07T03:50:32Z</time></trkpt><trkpt lat="21.066486" lon="105.871965"><ele>-23.386</ele><time>2018-09-07T03:50:33Z</time></trkpt><trkpt lat="21.066509" lon="105.872030"><ele>-23.399</ele><time>2018-09-07T03:50:34Z</time></trkpt><trkpt lat="21.066533" lon="105.872093"><ele>-23.334</ele><time>2018-09-07T03:50:35Z</time></trkpt><trkpt lat="21.066562" lon="105.872157"><ele>-23.355</ele><time>2018-09-07T03:50:36Z</time></trkpt><trkpt lat="21.066592" lon="105.872224"><ele>-23.310</ele><time>2018-09-07T03:50:37Z</time></trkpt><trkpt lat="21.066617" lon="105.872290"><ele>-23.308</ele><time>2018-09-07T03:50:38Z</time></trkpt><trkpt lat="21.066641" lon="105.872357"><ele>-23.335</ele><time>2018-09-07T03:50:39Z</time></trkpt><trkpt lat="21.066665" lon="105.872419"><ele>-23.341</ele><time>2018-09-07T03:50:40Z</time></trkpt><trkpt lat="21.066688" lon="105.872478"><ele>-23.366</ele><time>2018-09-07T03:50:41Z</time></trkpt><trkpt lat="21.066714" lon="105.872532"><ele>-23.381</ele><time>2018-09-07T03:50:42Z</time></trkpt><trkpt lat="21.066733" lon="105.872582"><ele>-23.367</ele><time>2018-09-07T03:50:43Z</time></trkpt><trkpt lat="21.066750" lon="105.872631"><ele>-23.343</ele><time>2018-09-07T03:50:44Z</time></trkpt><trkpt lat="21.066772" lon="105.872685"><ele>-23.322</ele><time>2018-09-07T03:50:45Z</time></trkpt><trkpt lat="21.066788" lon="105.872735"><ele>-23.335</ele><time>2018-09-07T03:50:46Z</time></trkpt><trkpt lat="21.066808" lon="105.872788"><ele>-23.891</ele><time>2018-09-07T03:50:47Z</time></trkpt><trkpt lat="21.066832" lon="105.872850"><ele>-24.081</ele><time>2018-09-07T03:50:48Z</time></trkpt><trkpt lat="21.066855" lon="105.872912"><ele>-24.019</ele><time>2018-09-07T03:50:49Z</time></trkpt><trkpt lat="21.066876" lon="105.872982"><ele>-24.108</ele><time>2018-09-07T03:50:50Z</time></trkpt><trkpt lat="21.066897" lon="105.873056"><ele>-24.391</ele><time>2018-09-07T03:50:51Z</time></trkpt><trkpt lat="21.066919" lon="105.873130"><ele>-24.347</ele><time>2018-09-07T03:50:52Z</time></trkpt><trkpt lat="21.066946" lon="105.873209"><ele>-24.392</ele><time>2018-09-07T03:50:53Z</time></trkpt><trkpt lat="21.066971" lon="105.873289"><ele>-24.387</ele><time>2018-09-07T03:50:54Z</time></trkpt><trkpt lat="21.066992" lon="105.873365"><ele>-24.353</ele><time>2018-09-07T03:50:55Z</time></trkpt><trkpt lat="21.067012" lon="105.873444"><ele>-24.619</ele><time>2018-09-07T03:50:56Z</time></trkpt><trkpt lat="21.067036" lon="105.873519"><ele>-24.858</ele><time>2018-09-07T03:50:57Z</time></trkpt><trkpt lat="21.067056" lon="105.873591"><ele>-25.051</ele><time>2018-09-07T03:50:58Z</time></trkpt><trkpt lat="21.067078" lon="105.873656"><ele>-25.048</ele><time>2018-09-07T03:50:59Z</time></trkpt><trkpt lat="21.067095" lon="105.873723"><ele>-25.161</ele><time>2018-09-07T03:51:00Z</time></trkpt><trkpt lat="21.067117" lon="105.873794"><ele>-25.117</ele><time>2018-09-07T03:51:01Z</time></trkpt><trkpt lat="21.067142" lon="105.873863"><ele>-25.108</ele><time>2018-09-07T03:51:02Z</time></trkpt><trkpt lat="21.067166" lon="105.873930"><ele>-25.176</ele><time>2018-09-07T03:51:03Z</time></trkpt><trkpt lat="21.067191" lon="105.874003"><ele>-25.152</ele><time>2018-09-07T03:51:04Z</time></trkpt><trkpt lat="21.067217" lon="105.874080"><ele>-25.517</ele><time>2018-09-07T03:51:05Z</time></trkpt><trkpt lat="21.067241" lon="105.874161"><ele>-25.732</ele><time>2018-09-07T03:51:06Z</time></trkpt><trkpt lat="21.067263" lon="105.874244"><ele>-25.858</ele><time>2018-09-07T03:51:07Z</time></trkpt><trkpt lat="21.067283" lon="105.874325"><ele>-25.944</ele><time>2018-09-07T03:51:08Z</time></trkpt><trkpt lat="21.067308" lon="105.874405"><ele>-25.633</ele><time>2018-09-07T03:51:09Z</time></trkpt><trkpt lat="21.067335" lon="105.874482"><ele>-25.556</ele><time>2018-09-07T03:51:10Z</time></trkpt><trkpt lat="21.067361" lon="105.874560"><ele>-25.319</ele><time>2018-09-07T03:51:11Z</time></trkpt><trkpt lat="21.067383" lon="105.874638"><ele>-25.309</ele><time>2018-09-07T03:51:12Z</time></trkpt><trkpt lat="21.067411" lon="105.874715"><ele>-25.319</ele><time>2018-09-07T03:51:13Z</time></trkpt><trkpt lat="21.067440" lon="105.874789"><ele>-25.308</ele><time>2018-09-07T03:51:14Z</time></trkpt><trkpt lat="21.067474" lon="105.874865"><ele>-25.343</ele><time>2018-09-07T03:51:15Z</time></trkpt><trkpt lat="21.067501" lon="105.874945"><ele>-24.879</ele><time>2018-09-07T03:51:16Z</time></trkpt><trkpt lat="21.067534" lon="105.875022"><ele>-24.654</ele><time>2018-09-07T03:51:17Z</time></trkpt><trkpt lat="21.067565" lon="105.875100"><ele>-24.139</ele><time>2018-09-07T03:51:18Z</time></trkpt><trkpt lat="21.067593" lon="105.875182"><ele>-23.815</ele><time>2018-09-07T03:51:19Z</time></trkpt><trkpt lat="21.067620" lon="105.875263"><ele>-23.661</ele><time>2018-09-07T03:51:20Z</time></trkpt><trkpt lat="21.067643" lon="105.875345"><ele>-23.520</ele><time>2018-09-07T03:51:21Z</time></trkpt><trkpt lat="21.067667" lon="105.875427"><ele>-23.033</ele><time>2018-09-07T03:51:22Z</time></trkpt><trkpt lat="21.067688" lon="105.875507"><ele>-22.834</ele><time>2018-09-07T03:51:23Z</time></trkpt><trkpt lat="21.067710" lon="105.875586"><ele>-22.555</ele><time>2018-09-07T03:51:24Z</time></trkpt><trkpt lat="21.067732" lon="105.875663"><ele>-22.510</ele><time>2018-09-07T03:51:25Z</time></trkpt><trkpt lat="21.067759" lon="105.875736"><ele>-22.308</ele><time>2018-09-07T03:51:26Z</time></trkpt><trkpt lat="21.067789" lon="105.875812"><ele>-22.015</ele><time>2018-09-07T03:51:27Z</time></trkpt><trkpt lat="21.067814" lon="105.875888"><ele>-21.661</ele><time>2018-09-07T03:51:28Z</time></trkpt><trkpt lat="21.067839" lon="105.875961"><ele>-21.586</ele><time>2018-09-07T03:51:29Z</time></trkpt><trkpt lat="21.067862" lon="105.876040"><ele>-21.371</ele><time>2018-09-07T03:51:30Z</time></trkpt><trkpt lat="21.067887" lon="105.876116"><ele>-21.367</ele><time>2018-09-07T03:51:31Z</time></trkpt><trkpt lat="21.067912" lon="105.876192"><ele>-21.373</ele><time>2018-09-07T03:51:32Z</time></trkpt><trkpt lat="21.067935" lon="105.876271"><ele>-20.872</ele><time>2018-09-07T03:51:33Z</time></trkpt><trkpt lat="21.067961" lon="105.876345"><ele>-21.015</ele><time>2018-09-07T03:51:34Z</time></trkpt><trkpt lat="21.067990" lon="105.876419"><ele>-21.076</ele><time>2018-09-07T03:51:35Z</time></trkpt><trkpt lat="21.068019" lon="105.876491"><ele>-21.190</ele><time>2018-09-07T03:51:36Z</time></trkpt><trkpt lat="21.068047" lon="105.876562"><ele>-21.119</ele><time>2018-09-07T03:51:37Z</time></trkpt><trkpt lat="21.068073" lon="105.876637"><ele>-21.108</ele><time>2018-09-07T03:51:38Z</time></trkpt><trkpt lat="21.068100" lon="105.876710"><ele>-21.189</ele><time>2018-09-07T03:51:39Z</time></trkpt><trkpt lat="21.068126" lon="105.876781"><ele>-21.195</ele><time>2018-09-07T03:51:40Z</time></trkpt><trkpt lat="21.068152" lon="105.876850"><ele>-21.550</ele><time>2018-09-07T03:51:41Z</time></trkpt><trkpt lat="21.068177" lon="105.876920"><ele>-21.865</ele><time>2018-09-07T03:51:42Z</time></trkpt><trkpt lat="21.068199" lon="105.876983"><ele>-21.831</ele><time>2018-09-07T03:51:43Z</time></trkpt><trkpt lat="21.068215" lon="105.877039"><ele>-22.057</ele><time>2018-09-07T03:51:44Z</time></trkpt><trkpt lat="21.068234" lon="105.877093"><ele>-22.526</ele><time>2018-09-07T03:51:45Z</time></trkpt><trkpt lat="21.068252" lon="105.877148"><ele>-22.859</ele><time>2018-09-07T03:51:46Z</time></trkpt><trkpt lat="21.068270" lon="105.877197"><ele>-23.014</ele><time>2018-09-07T03:51:47Z</time></trkpt><trkpt lat="21.068288" lon="105.877249"><ele>-23.054</ele><time>2018-09-07T03:51:48Z</time></trkpt><trkpt lat="21.068309" lon="105.877309"><ele>-23.509</ele><time>2018-09-07T03:51:50Z</time></trkpt><trkpt lat="21.068334" lon="105.877377"><ele>-23.808</ele><time>2018-09-07T03:51:53Z</time></trkpt><trkpt lat="21.068356" lon="105.877439"><ele>-24.023</ele><time>2018-09-07T03:51:55Z</time></trkpt><trkpt lat="21.068369" lon="105.877492"><ele>-23.889</ele><time>2018-09-07T03:51:57Z</time></trkpt><trkpt lat="21.068383" lon="105.877559"><ele>-24.054</ele><time>2018-09-07T03:52:00Z</time></trkpt><trkpt lat="21.068394" lon="105.877609"><ele>-23.699</ele><time>2018-09-07T03:52:03Z</time></trkpt><trkpt lat="21.068406" lon="105.877659"><ele>-23.595</ele><time>2018-09-07T03:52:52Z</time></trkpt><trkpt lat="21.068421" lon="105.877719"><ele>-23.811</ele><time>2018-09-07T03:52:57Z</time></trkpt><trkpt lat="21.068436" lon="105.877778"><ele>-23.520</ele><time>2018-09-07T03:53:21Z</time></trkpt><trkpt lat="21.068485" lon="105.877782"><ele>-23.043</ele><time>2018-09-07T03:53:41Z</time></trkpt><trkpt lat="21.068523" lon="105.877809"><ele>-23.123</ele><time>2018-09-07T03:53:57Z</time></trkpt><trkpt lat="21.068540" lon="105.877866"><ele>-23.183</ele><time>2018-09-07T03:54:02Z</time></trkpt><trkpt lat="21.068542" lon="105.877914"><ele>-22.811</ele><time>2018-09-07T03:54:07Z</time></trkpt><trkpt lat="21.068593" lon="105.877996"><ele>-22.108</ele><time>2018-09-07T03:58:07Z</time></trkpt><trkpt lat="21.068623" lon="105.878050"><ele>-21.324</ele><time>2018-09-07T03:58:08Z</time></trkpt><trkpt lat="21.068647" lon="105.878112"><ele>-20.520</ele><time>2018-09-07T03:58:09Z</time></trkpt><trkpt lat="21.068670" lon="105.878180"><ele>-20.075</ele><time>2018-09-07T03:58:10Z</time></trkpt><trkpt lat="21.068703" lon="105.878253"><ele>-20.030</ele><time>2018-09-07T03:58:11Z</time></trkpt><trkpt lat="21.068737" lon="105.878334"><ele>-20.146</ele><time>2018-09-07T03:58:12Z</time></trkpt><trkpt lat="21.068781" lon="105.878427"><ele>-20.122</ele><time>2018-09-07T03:58:13Z</time></trkpt><trkpt lat="21.068824" lon="105.878516"><ele>-19.851</ele><time>2018-09-07T03:58:14Z</time></trkpt><trkpt lat="21.068869" lon="105.878601"><ele>-19.594</ele><time>2018-09-07T03:58:15Z</time></trkpt><trkpt lat="21.068912" lon="105.878684"><ele>-19.017</ele><time>2018-09-07T03:58:16Z</time></trkpt><trkpt lat="21.068948" lon="105.878758"><ele>-18.787</ele><time>2018-09-07T03:58:17Z</time></trkpt><trkpt lat="21.068981" lon="105.878829"><ele>-18.515</ele><time>2018-09-07T03:58:18Z</time></trkpt><trkpt lat="21.069013" lon="105.878904"><ele>-18.508</ele><time>2018-09-07T03:58:19Z</time></trkpt><trkpt lat="21.069044" lon="105.878974"><ele>-18.363</ele><time>2018-09-07T03:58:20Z</time></trkpt><trkpt lat="21.069070" lon="105.879046"><ele>-18.089</ele><time>2018-09-07T03:58:21Z</time></trkpt><trkpt lat="21.069095" lon="105.879116"><ele>-17.674</ele><time>2018-09-07T03:58:22Z</time></trkpt><trkpt lat="21.069120" lon="105.879184"><ele>-17.589</ele><time>2018-09-07T03:58:23Z</time></trkpt><trkpt lat="21.069141" lon="105.879257"><ele>-17.335</ele><time>2018-09-07T03:58:24Z</time></trkpt><trkpt lat="21.069164" lon="105.879326"><ele>-17.241</ele><time>2018-09-07T03:58:25Z</time></trkpt><trkpt lat="21.069185" lon="105.879393"><ele>-17.220</ele><time>2018-09-07T03:58:26Z</time></trkpt><trkpt lat="21.069204" lon="105.879447"><ele>-17.233</ele><time>2018-09-07T03:58:27Z</time></trkpt><trkpt lat="21.069221" lon="105.879492"><ele>-17.257</ele><time>2018-09-07T03:58:28Z</time></trkpt><trkpt lat="21.069259" lon="105.879570"><ele>-17.200</ele><time>2018-09-07T03:58:30Z</time></trkpt><trkpt lat="21.069273" lon="105.879642"><ele>-17.220</ele><time>2018-09-07T03:58:32Z</time></trkpt><trkpt lat="21.069267" lon="105.879707"><ele>-17.208</ele><time>2018-09-07T03:58:34Z</time></trkpt><trkpt lat="21.069235" lon="105.879794"><ele>-17.637</ele><time>2018-09-07T03:58:35Z</time></trkpt><trkpt lat="21.069194" lon="105.879841"><ele>-17.563</ele><time>2018-09-07T03:58:36Z</time></trkpt><trkpt lat="21.069150" lon="105.879883"><ele>-17.338</ele><time>2018-09-07T03:58:37Z</time></trkpt><trkpt lat="21.069104" lon="105.879922"><ele>-17.213</ele><time>2018-09-07T03:58:38Z</time></trkpt><trkpt lat="21.069053" lon="105.879963"><ele>-17.299</ele><time>2018-09-07T03:58:39Z</time></trkpt><trkpt lat="21.068994" lon="105.880008"><ele>-17.255</ele><time>2018-09-07T03:58:40Z</time></trkpt><trkpt lat="21.068931" lon="105.880052"><ele>-17.294</ele><time>2018-09-07T03:58:41Z</time></trkpt><trkpt lat="21.068865" lon="105.880091"><ele>-17.287</ele><time>2018-09-07T03:58:42Z</time></trkpt><trkpt lat="21.068801" lon="105.880134"><ele>-17.219</ele><time>2018-09-07T03:58:43Z</time></trkpt><trkpt lat="21.068738" lon="105.880176"><ele>-17.209</ele><time>2018-09-07T03:58:44Z</time></trkpt><trkpt lat="21.068676" lon="105.880228"><ele>-16.819</ele><time>2018-09-07T03:58:45Z</time></trkpt><trkpt lat="21.068613" lon="105.880270"><ele>-16.608</ele><time>2018-09-07T03:58:46Z</time></trkpt><trkpt lat="21.068548" lon="105.880312"><ele>-16.533</ele><time>2018-09-07T03:58:47Z</time></trkpt><trkpt lat="21.068482" lon="105.880357"><ele>-16.519</ele><time>2018-09-07T03:58:48Z</time></trkpt><trkpt lat="21.068415" lon="105.880399"><ele>-16.344</ele><time>2018-09-07T03:58:49Z</time></trkpt><trkpt lat="21.068346" lon="105.880443"><ele>-16.359</ele><time>2018-09-07T03:58:50Z</time></trkpt><trkpt lat="21.068281" lon="105.880484"><ele>-16.385</ele><time>2018-09-07T03:58:51Z</time></trkpt><trkpt lat="21.068208" lon="105.880522"><ele>-16.371</ele><time>2018-09-07T03:58:52Z</time></trkpt><trkpt lat="21.068133" lon="105.880567"><ele>-16.350</ele><time>2018-09-07T03:58:53Z</time></trkpt><trkpt lat="21.068060" lon="105.880613"><ele>-15.913</ele><time>2018-09-07T03:58:54Z</time></trkpt><trkpt lat="21.067982" lon="105.880645"><ele>-16.175</ele><time>2018-09-07T03:58:55Z</time></trkpt><trkpt lat="21.067906" lon="105.880681"><ele>-16.228</ele><time>2018-09-07T03:58:56Z</time></trkpt><trkpt lat="21.067827" lon="105.880713"><ele>-15.920</ele><time>2018-09-07T03:58:57Z</time></trkpt><trkpt lat="21.067758" lon="105.880745"><ele>-15.708</ele><time>2018-09-07T03:58:58Z</time></trkpt><trkpt lat="21.067689" lon="105.880769"><ele>-15.699</ele><time>2018-09-07T03:58:59Z</time></trkpt><trkpt lat="21.067609" lon="105.880795"><ele>-15.515</ele><time>2018-09-07T03:59:00Z</time></trkpt><trkpt lat="21.067535" lon="105.880823"><ele>-15.140</ele><time>2018-09-07T03:59:01Z</time></trkpt><trkpt lat="21.067466" lon="105.880847"><ele>-14.825</ele><time>2018-09-07T03:59:02Z</time></trkpt><trkpt lat="21.067399" lon="105.880877"><ele>-14.621</ele><time>2018-09-07T03:59:03Z</time></trkpt><trkpt lat="21.067330" lon="105.880908"><ele>-14.987</ele><time>2018-09-07T03:59:04Z</time></trkpt><trkpt lat="21.067261" lon="105.880932"><ele>-14.776</ele><time>2018-09-07T03:59:05Z</time></trkpt><trkpt lat="21.067183" lon="105.880960"><ele>-14.699</ele><time>2018-09-07T03:59:06Z</time></trkpt><trkpt lat="21.067110" lon="105.880982"><ele>-14.585</ele><time>2018-09-07T03:59:07Z</time></trkpt><trkpt lat="21.067036" lon="105.881008"><ele>-14.589</ele><time>2018-09-07T03:59:08Z</time></trkpt><trkpt lat="21.066961" lon="105.881034"><ele>-14.517</ele><time>2018-09-07T03:59:09Z</time></trkpt><trkpt lat="21.066893" lon="105.881064"><ele>-14.908</ele><time>2018-09-07T03:59:10Z</time></trkpt><trkpt lat="21.066828" lon="105.881099"><ele>-15.160</ele><time>2018-09-07T03:59:11Z</time></trkpt><trkpt lat="21.066767" lon="105.881143"><ele>-14.866</ele><time>2018-09-07T03:59:12Z</time></trkpt><trkpt lat="21.066710" lon="105.881188"><ele>-14.641</ele><time>2018-09-07T03:59:13Z</time></trkpt><trkpt lat="21.066657" lon="105.881242"><ele>-14.516</ele><time>2018-09-07T03:59:14Z</time></trkpt><trkpt lat="21.066609" lon="105.881298"><ele>-14.492</ele><time>2018-09-07T03:59:15Z</time></trkpt><trkpt lat="21.066564" lon="105.881355"><ele>-14.018</ele><time>2018-09-07T03:59:16Z</time></trkpt><trkpt lat="21.066523" lon="105.881405"><ele>-13.747</ele><time>2018-09-07T03:59:17Z</time></trkpt><trkpt lat="21.066485" lon="105.881460"><ele>-13.130</ele><time>2018-09-07T03:59:18Z</time></trkpt><trkpt lat="21.066452" lon="105.881514"><ele>-12.867</ele><time>2018-09-07T03:59:19Z</time></trkpt><trkpt lat="21.066423" lon="105.881561"><ele>-13.081</ele><time>2018-09-07T03:59:20Z</time></trkpt><trkpt lat="21.066392" lon="105.881605"><ele>-13.119</ele><time>2018-09-07T03:59:21Z</time></trkpt><trkpt lat="21.066332" lon="105.881665"><ele>-13.208</ele><time>2018-09-07T03:59:23Z</time></trkpt><trkpt lat="21.066285" lon="105.881686"><ele>-13.618</ele><time>2018-09-07T03:59:24Z</time></trkpt><trkpt lat="21.066235" lon="105.881694"><ele>-13.994</ele><time>2018-09-07T03:59:25Z</time></trkpt><trkpt lat="21.066176" lon="105.881686"><ele>-14.149</ele><time>2018-09-07T03:59:26Z</time></trkpt><trkpt lat="21.066122" lon="105.881666"><ele>-14.634</ele><time>2018-09-07T03:59:27Z</time></trkpt><trkpt lat="21.066071" lon="105.881632"><ele>-14.920</ele><time>2018-09-07T03:59:28Z</time></trkpt><trkpt lat="21.066039" lon="105.881577"><ele>-15.196</ele><time>2018-09-07T03:59:29Z</time></trkpt><trkpt lat="21.066018" lon="105.881516"><ele>-15.225</ele><time>2018-09-07T03:59:30Z</time></trkpt><trkpt lat="21.066010" lon="105.881457"><ele>-14.938</ele><time>2018-09-07T03:59:31Z</time></trkpt><trkpt lat="21.066010" lon="105.881400"><ele>-14.744</ele><time>2018-09-07T03:59:32Z</time></trkpt><trkpt lat="21.066027" lon="105.881346"><ele>-14.205</ele><time>2018-09-07T03:59:33Z</time></trkpt><trkpt lat="21.066048" lon="105.881303"><ele>-13.915</ele><time>2018-09-07T03:59:34Z</time></trkpt><trkpt lat="21.066074" lon="105.881260"><ele>-13.708</ele><time>2018-09-07T03:59:35Z</time></trkpt><trkpt lat="21.066121" lon="105.881224"><ele>-13.666</ele><time>2018-09-07T03:59:36Z</time></trkpt><trkpt lat="21.066183" lon="105.881201"><ele>-13.532</ele><time>2018-09-07T03:59:37Z</time></trkpt><trkpt lat="21.066249" lon="105.881183"><ele>-13.557</ele><time>2018-09-07T03:59:38Z</time></trkpt><trkpt lat="21.066316" lon="105.881165"><ele>-13.962</ele><time>2018-09-07T03:59:39Z</time></trkpt><trkpt lat="21.066383" lon="105.881139"><ele>-14.118</ele><time>2018-09-07T03:59:40Z</time></trkpt><trkpt lat="21.066449" lon="105.881108"><ele>-14.224</ele><time>2018-09-07T03:59:41Z</time></trkpt><trkpt lat="21.066524" lon="105.881077"><ele>-14.743</ele><time>2018-09-07T03:59:42Z</time></trkpt><trkpt lat="21.066604" lon="105.881049"><ele>-15.036</ele><time>2018-09-07T03:59:43Z</time></trkpt><trkpt lat="21.066683" lon="105.881021"><ele>-15.213</ele><time>2018-09-07T03:59:44Z</time></trkpt><trkpt lat="21.066766" lon="105.880992"><ele>-15.343</ele><time>2018-09-07T03:59:45Z</time></trkpt><trkpt lat="21.066849" lon="105.880961"><ele>-15.007</ele><time>2018-09-07T03:59:46Z</time></trkpt><trkpt lat="21.066929" lon="105.880927"><ele>-14.808</ele><time>2018-09-07T03:59:47Z</time></trkpt><trkpt lat="21.067012" lon="105.880896"><ele>-14.783</ele><time>2018-09-07T03:59:48Z</time></trkpt><trkpt lat="21.067094" lon="105.880867"><ele>-14.639</ele><time>2018-09-07T03:59:49Z</time></trkpt><trkpt lat="21.067174" lon="105.880837"><ele>-14.234</ele><time>2018-09-07T03:59:50Z</time></trkpt><trkpt lat="21.067254" lon="105.880808"><ele>-13.939</ele><time>2018-09-07T03:59:51Z</time></trkpt><trkpt lat="21.067334" lon="105.880781"><ele>-13.765</ele><time>2018-09-07T03:59:52Z</time></trkpt><trkpt lat="21.067409" lon="105.880748"><ele>-13.291</ele><time>2018-09-07T03:59:53Z</time></trkpt><trkpt lat="21.067484" lon="105.880716"><ele>-12.990</ele><time>2018-09-07T03:59:54Z</time></trkpt><trkpt lat="21.067558" lon="105.880682"><ele>-12.323</ele><time>2018-09-07T03:59:55Z</time></trkpt><trkpt lat="21.067627" lon="105.880646"><ele>-12.019</ele><time>2018-09-07T03:59:56Z</time></trkpt><trkpt lat="21.067697" lon="105.880612"><ele>-11.809</ele><time>2018-09-07T03:59:57Z</time></trkpt><trkpt lat="21.067766" lon="105.880574"><ele>-11.819</ele><time>2018-09-07T03:59:58Z</time></trkpt><trkpt lat="21.067837" lon="105.880537"><ele>-11.708</ele><time>2018-09-07T03:59:59Z</time></trkpt><trkpt lat="21.067902" lon="105.880502"><ele>-11.373</ele><time>2018-09-07T04:00:00Z</time></trkpt><trkpt lat="21.067968" lon="105.880468"><ele>-10.979</ele><time>2018-09-07T04:00:01Z</time></trkpt><trkpt lat="21.068033" lon="105.880428"><ele>-10.824</ele><time>2018-09-07T04:00:02Z</time></trkpt><trkpt lat="21.068098" lon="105.880388"><ele>-10.729</ele><time>2018-09-07T04:00:03Z</time></trkpt><trkpt lat="21.068166" lon="105.880355"><ele>-10.295</ele><time>2018-09-07T04:00:04Z</time></trkpt><trkpt lat="21.068232" lon="105.880319"><ele>-9.891</ele><time>2018-09-07T04:00:05Z</time></trkpt><trkpt lat="21.068301" lon="105.880285"><ele>-9.760</ele><time>2018-09-07T04:00:06Z</time></trkpt><trkpt lat="21.068368" lon="105.880241"><ele>-9.583</ele><time>2018-09-07T04:00:07Z</time></trkpt><trkpt lat="21.068431" lon="105.880199"><ele>-9.452</ele><time>2018-09-07T04:00:08Z</time></trkpt><trkpt lat="21.068495" lon="105.880155"><ele>-9.453</ele><time>2018-09-07T04:00:09Z</time></trkpt><trkpt lat="21.068563" lon="105.880115"><ele>-9.008</ele><time>2018-09-07T04:00:10Z</time></trkpt><trkpt lat="21.068631" lon="105.880071"><ele>-8.808</ele><time>2018-09-07T04:00:11Z</time></trkpt><trkpt lat="21.068697" lon="105.880032"><ele>-8.577</ele><time>2018-09-07T04:00:12Z</time></trkpt><trkpt lat="21.068761" lon="105.879987"><ele>-8.493</ele><time>2018-09-07T04:00:13Z</time></trkpt><trkpt lat="21.068832" lon="105.879940"><ele>-8.398</ele><time>2018-09-07T04:00:14Z</time></trkpt><trkpt lat="21.068903" lon="105.879895"><ele>-8.353</ele><time>2018-09-07T04:00:15Z</time></trkpt><trkpt lat="21.068972" lon="105.879848"><ele>-8.859</ele><time>2018-09-07T04:00:16Z</time></trkpt><trkpt lat="21.069038" lon="105.879799"><ele>-8.945</ele><time>2018-09-07T04:00:17Z</time></trkpt><trkpt lat="21.069103" lon="105.879752"><ele>-9.044</ele><time>2018-09-07T04:00:18Z</time></trkpt><trkpt lat="21.069168" lon="105.879705"><ele>-9.117</ele><time>2018-09-07T04:00:19Z</time></trkpt><trkpt lat="21.069234" lon="105.879656"><ele>-9.111</ele><time>2018-09-07T04:00:20Z</time></trkpt><trkpt lat="21.069304" lon="105.879608"><ele>-9.121</ele><time>2018-09-07T04:00:21Z</time></trkpt><trkpt lat="21.069373" lon="105.879559"><ele>-9.103</ele><time>2018-09-07T04:00:22Z</time></trkpt><trkpt lat="21.069442" lon="105.879511"><ele>-9.108</ele><time>2018-09-07T04:00:23Z</time></trkpt><trkpt lat="21.069513" lon="105.879461"><ele>-9.193</ele><time>2018-09-07T04:00:24Z</time></trkpt><trkpt lat="21.069579" lon="105.879415"><ele>-9.159</ele><time>2018-09-07T04:00:25Z</time></trkpt><trkpt lat="21.069652" lon="105.879371"><ele>-9.114</ele><time>2018-09-07T04:00:26Z</time></trkpt><trkpt lat="21.069728" lon="105.879326"><ele>-9.159</ele><time>2018-09-07T04:00:27Z</time></trkpt><trkpt lat="21.069799" lon="105.879281"><ele>-9.135</ele><time>2018-09-07T04:00:28Z</time></trkpt><trkpt lat="21.069868" lon="105.879229"><ele>-9.541</ele><time>2018-09-07T04:00:29Z</time></trkpt><trkpt lat="21.069939" lon="105.879187"><ele>-9.880</ele><time>2018-09-07T04:00:30Z</time></trkpt><trkpt lat="21.070009" lon="105.879140"><ele>-9.853</ele><time>2018-09-07T04:00:31Z</time></trkpt><trkpt lat="21.070075" lon="105.879089"><ele>-9.965</ele><time>2018-09-07T04:00:32Z</time></trkpt><trkpt lat="21.070143" lon="105.879037"><ele>-9.768</ele><time>2018-09-07T04:00:33Z</time></trkpt><trkpt lat="21.070208" lon="105.878993"><ele>-9.414</ele><time>2018-09-07T04:00:34Z</time></trkpt><trkpt lat="21.070268" lon="105.878951"><ele>-9.308</ele><time>2018-09-07T04:00:35Z</time></trkpt><trkpt lat="21.070324" lon="105.878909"><ele>-9.358</ele><time>2018-09-07T04:00:36Z</time></trkpt><trkpt lat="21.070381" lon="105.878866"><ele>-9.394</ele><time>2018-09-07T04:00:37Z</time></trkpt><trkpt lat="21.070436" lon="105.878819"><ele>-9.749</ele><time>2018-09-07T04:00:38Z</time></trkpt><trkpt lat="21.070489" lon="105.878768"><ele>-9.494</ele><time>2018-09-07T04:00:39Z</time></trkpt><trkpt lat="21.070543" lon="105.878718"><ele>-9.390</ele><time>2018-09-07T04:00:40Z</time></trkpt><trkpt lat="21.070604" lon="105.878665"><ele>-9.336</ele><time>2018-09-07T04:00:41Z</time></trkpt><trkpt lat="21.070666" lon="105.878615"><ele>-9.745</ele><time>2018-09-07T04:00:42Z</time></trkpt><trkpt lat="21.070734" lon="105.878565"><ele>-9.898</ele><time>2018-09-07T04:00:43Z</time></trkpt><trkpt lat="21.070816" lon="105.878521"><ele>-9.564</ele><time>2018-09-07T04:00:44Z</time></trkpt><trkpt lat="21.070872" lon="105.878469"><ele>-9.306</ele><time>2018-09-07T04:00:45Z</time></trkpt><trkpt lat="21.070933" lon="105.878417"><ele>-9.316</ele><time>2018-09-07T04:00:46Z</time></trkpt><trkpt lat="21.070995" lon="105.878370"><ele>-9.108</ele><time>2018-09-07T04:00:47Z</time></trkpt><trkpt lat="21.071057" lon="105.878323"><ele>-9.168</ele><time>2018-09-07T04:00:48Z</time></trkpt><trkpt lat="21.071120" lon="105.878278"><ele>-9.144</ele><time>2018-09-07T04:00:49Z</time></trkpt><trkpt lat="21.071182" lon="105.878236"><ele>-9.149</ele><time>2018-09-07T04:00:50Z</time></trkpt><trkpt lat="21.071244" lon="105.878192"><ele>-9.134</ele><time>2018-09-07T04:00:51Z</time></trkpt><trkpt lat="21.071308" lon="105.878145"><ele>-9.160</ele><time>2018-09-07T04:00:52Z</time></trkpt><trkpt lat="21.071374" lon="105.878091"><ele>-8.816</ele><time>2018-09-07T04:00:53Z</time></trkpt><trkpt lat="21.071440" lon="105.878045"><ele>-8.555</ele><time>2018-09-07T04:00:54Z</time></trkpt><trkpt lat="21.071504" lon="105.877996"><ele>-8.468</ele><time>2018-09-07T04:00:55Z</time></trkpt><trkpt lat="21.071570" lon="105.877952"><ele>-8.375</ele><time>2018-09-07T04:00:56Z</time></trkpt><trkpt lat="21.071627" lon="105.877894"><ele>-7.828</ele><time>2018-09-07T04:00:57Z</time></trkpt><trkpt lat="21.071691" lon="105.877847"><ele>-7.120</ele><time>2018-09-07T04:00:58Z</time></trkpt><trkpt lat="21.071756" lon="105.877807"><ele>-6.408</ele><time>2018-09-07T04:00:59Z</time></trkpt><trkpt lat="21.071816" lon="105.877765"><ele>-5.969</ele><time>2018-09-07T04:01:00Z</time></trkpt><trkpt lat="21.071871" lon="105.877730"><ele>-5.555</ele><time>2018-09-07T04:01:01Z</time></trkpt><trkpt lat="21.071924" lon="105.877693"><ele>-5.420</ele><time>2018-09-07T04:01:02Z</time></trkpt><trkpt lat="21.071974" lon="105.877656"><ele>-5.735</ele><time>2018-09-07T04:01:03Z</time></trkpt><trkpt lat="21.072023" lon="105.877619"><ele>-5.971</ele><time>2018-09-07T04:01:04Z</time></trkpt><trkpt lat="21.072072" lon="105.877577"><ele>-5.947</ele><time>2018-09-07T04:01:05Z</time></trkpt><trkpt lat="21.072129" lon="105.877541"><ele>-6.426</ele><time>2018-09-07T04:01:06Z</time></trkpt><trkpt lat="21.072183" lon="105.877493"><ele>-6.479</ele><time>2018-09-07T04:01:07Z</time></trkpt><trkpt lat="21.072240" lon="105.877441"><ele>-6.239</ele><time>2018-09-07T04:01:08Z</time></trkpt><trkpt lat="21.072295" lon="105.877399"><ele>-5.901</ele><time>2018-09-07T04:01:09Z</time></trkpt><trkpt lat="21.072356" lon="105.877371"><ele>-5.521</ele><time>2018-09-07T04:01:10Z</time></trkpt><trkpt lat="21.072420" lon="105.877346"><ele>-4.908</ele><time>2018-09-07T04:01:11Z</time></trkpt><trkpt lat="21.072474" lon="105.877322"><ele>-4.795</ele><time>2018-09-07T04:01:12Z</time></trkpt><trkpt lat="21.072533" lon="105.877290"><ele>-4.461</ele><time>2018-09-07T04:01:13Z</time></trkpt><trkpt lat="21.072584" lon="105.877257"><ele>-4.756</ele><time>2018-09-07T04:01:14Z</time></trkpt><trkpt lat="21.072633" lon="105.877224"><ele>-4.931</ele><time>2018-09-07T04:01:15Z</time></trkpt><trkpt lat="21.072685" lon="105.877192"><ele>-5.057</ele><time>2018-09-07T04:01:16Z</time></trkpt><trkpt lat="21.072745" lon="105.877162"><ele>-5.573</ele><time>2018-09-07T04:01:17Z</time></trkpt><trkpt lat="21.072801" lon="105.877134"><ele>-5.462</ele><time>2018-09-07T04:01:18Z</time></trkpt><trkpt lat="21.072859" lon="105.877099"><ele>-5.425</ele><time>2018-09-07T04:01:19Z</time></trkpt><trkpt lat="21.072914" lon="105.877053"><ele>-5.416</ele><time>2018-09-07T04:01:20Z</time></trkpt><trkpt lat="21.072976" lon="105.877007"><ele>-5.776</ele><time>2018-09-07T04:01:21Z</time></trkpt><trkpt lat="21.073038" lon="105.876964"><ele>-5.913</ele><time>2018-09-07T04:01:22Z</time></trkpt><trkpt lat="21.073103" lon="105.876920"><ele>-6.008</ele><time>2018-09-07T04:01:23Z</time></trkpt><trkpt lat="21.073166" lon="105.876879"><ele>-6.553</ele><time>2018-09-07T04:01:24Z</time></trkpt><trkpt lat="21.073228" lon="105.876834"><ele>-6.889</ele><time>2018-09-07T04:01:25Z</time></trkpt><trkpt lat="21.073297" lon="105.876791"><ele>-7.034</ele><time>2018-09-07T04:01:26Z</time></trkpt><trkpt lat="21.073366" lon="105.876744"><ele>-7.559</ele><time>2018-09-07T04:01:27Z</time></trkpt><trkpt lat="21.073435" lon="105.876695"><ele>-7.875</ele><time>2018-09-07T04:01:28Z</time></trkpt><trkpt lat="21.073504" lon="105.876650"><ele>-8.491</ele><time>2018-09-07T04:01:29Z</time></trkpt><trkpt lat="21.073574" lon="105.876609"><ele>-8.810</ele><time>2018-09-07T04:01:30Z</time></trkpt><trkpt lat="21.073643" lon="105.876569"><ele>-8.963</ele><time>2018-09-07T04:01:31Z</time></trkpt><trkpt lat="21.073707" lon="105.876524"><ele>-9.034</ele><time>2018-09-07T04:01:32Z</time></trkpt><trkpt lat="21.073769" lon="105.876475"><ele>-9.555</ele><time>2018-09-07T04:01:33Z</time></trkpt><trkpt lat="21.073831" lon="105.876428"><ele>-9.810</ele><time>2018-09-07T04:01:34Z</time></trkpt><trkpt lat="21.073890" lon="105.876382"><ele>-10.008</ele><time>2018-09-07T04:01:35Z</time></trkpt><trkpt lat="21.073954" lon="105.876342"><ele>-10.555</ele><time>2018-09-07T04:01:36Z</time></trkpt><trkpt lat="21.074021" lon="105.876301"><ele>-10.821</ele><time>2018-09-07T04:01:37Z</time></trkpt><trkpt lat="21.074080" lon="105.876252"><ele>-11.076</ele><time>2018-09-07T04:01:38Z</time></trkpt><trkpt lat="21.074142" lon="105.876207"><ele>-11.221</ele><time>2018-09-07T04:01:39Z</time></trkpt><trkpt lat="21.074209" lon="105.876160"><ele>-11.357</ele><time>2018-09-07T04:01:40Z</time></trkpt><trkpt lat="21.074275" lon="105.876114"><ele>-11.323</ele><time>2018-09-07T04:01:41Z</time></trkpt><trkpt lat="21.074338" lon="105.876067"><ele>-11.372</ele><time>2018-09-07T04:01:42Z</time></trkpt><trkpt lat="21.074399" lon="105.876023"><ele>-11.355</ele><time>2018-09-07T04:01:43Z</time></trkpt><trkpt lat="21.074457" lon="105.875981"><ele>-11.341</ele><time>2018-09-07T04:01:44Z</time></trkpt><trkpt lat="21.074515" lon="105.875935"><ele>-11.781</ele><time>2018-09-07T04:01:45Z</time></trkpt><trkpt lat="21.074573" lon="105.875894"><ele>-11.809</ele><time>2018-09-07T04:01:46Z</time></trkpt><trkpt lat="21.074633" lon="105.875851"><ele>-12.308</ele><time>2018-09-07T04:01:47Z</time></trkpt><trkpt lat="21.074692" lon="105.875806"><ele>-12.796</ele><time>2018-09-07T04:01:48Z</time></trkpt><trkpt lat="21.074760" lon="105.875761"><ele>-13.252</ele><time>2018-09-07T04:01:49Z</time></trkpt><trkpt lat="21.074822" lon="105.875717"><ele>-13.217</ele><time>2018-09-07T04:01:50Z</time></trkpt><trkpt lat="21.074887" lon="105.875670"><ele>-13.272</ele><time>2018-09-07T04:01:51Z</time></trkpt><trkpt lat="21.074953" lon="105.875619"><ele>-13.278</ele><time>2018-09-07T04:01:52Z</time></trkpt><trkpt lat="21.075021" lon="105.875576"><ele>-13.634</ele><time>2018-09-07T04:01:53Z</time></trkpt><trkpt lat="21.075087" lon="105.875527"><ele>-14.283</ele><time>2018-09-07T04:01:54Z</time></trkpt><trkpt lat="21.075160" lon="105.875479"><ele>-14.666</ele><time>2018-09-07T04:01:55Z</time></trkpt><trkpt lat="21.075230" lon="105.875432"><ele>-14.813</ele><time>2018-09-07T04:01:56Z</time></trkpt><trkpt lat="21.075301" lon="105.875385"><ele>-15.343</ele><time>2018-09-07T04:01:57Z</time></trkpt><trkpt lat="21.075372" lon="105.875341"><ele>-15.607</ele><time>2018-09-07T04:01:58Z</time></trkpt><trkpt lat="21.075447" lon="105.875293"><ele>-16.208</ele><time>2018-09-07T04:01:59Z</time></trkpt><trkpt lat="21.075522" lon="105.875247"><ele>-16.643</ele><time>2018-09-07T04:02:00Z</time></trkpt><trkpt lat="21.075602" lon="105.875202"><ele>-17.249</ele><time>2018-09-07T04:02:01Z</time></trkpt><trkpt lat="21.075681" lon="105.875156"><ele>-17.634</ele><time>2018-09-07T04:02:02Z</time></trkpt><trkpt lat="21.075760" lon="105.875110"><ele>-17.849</ele><time>2018-09-07T04:02:03Z</time></trkpt><trkpt lat="21.075840" lon="105.875062"><ele>-18.325</ele><time>2018-09-07T04:02:04Z</time></trkpt><trkpt lat="21.075924" lon="105.875016"><ele>-18.651</ele><time>2018-09-07T04:02:05Z</time></trkpt><trkpt lat="21.076005" lon="105.874978"><ele>-18.860</ele><time>2018-09-07T04:02:06Z</time></trkpt><trkpt lat="21.076085" lon="105.874935"><ele>-19.043</ele><time>2018-09-07T04:02:07Z</time></trkpt><trkpt lat="21.076161" lon="105.874895"><ele>-19.066</ele><time>2018-09-07T04:02:08Z</time></trkpt><trkpt lat="21.076237" lon="105.874855"><ele>-19.029</ele><time>2018-09-07T04:02:09Z</time></trkpt><trkpt lat="21.076313" lon="105.874813"><ele>-19.021</ele><time>2018-09-07T04:02:10Z</time></trkpt><trkpt lat="21.076391" lon="105.874774"><ele>-19.008</ele><time>2018-09-07T04:02:11Z</time></trkpt><trkpt lat="21.076473" lon="105.874732"><ele>-19.088</ele><time>2018-09-07T04:02:12Z</time></trkpt><trkpt lat="21.076552" lon="105.874695"><ele>-19.014</ele><time>2018-09-07T04:02:13Z</time></trkpt><trkpt lat="21.076631" lon="105.874655"><ele>-19.089</ele><time>2018-09-07T04:02:14Z</time></trkpt><trkpt lat="21.076697" lon="105.874619"><ele>-19.074</ele><time>2018-09-07T04:02:15Z</time></trkpt><trkpt lat="21.076766" lon="105.874582"><ele>-19.560</ele><time>2018-09-07T04:02:16Z</time></trkpt><trkpt lat="21.076836" lon="105.874544"><ele>-19.696</ele><time>2018-09-07T04:02:17Z</time></trkpt><trkpt lat="21.076907" lon="105.874508"><ele>-19.865</ele><time>2018-09-07T04:02:18Z</time></trkpt><trkpt lat="21.076974" lon="105.874473"><ele>-19.818</ele><time>2018-09-07T04:02:19Z</time></trkpt><trkpt lat="21.077042" lon="105.874437"><ele>-20.014</ele><time>2018-09-07T04:02:20Z</time></trkpt><trkpt lat="21.077108" lon="105.874403"><ele>-20.054</ele><time>2018-09-07T04:02:21Z</time></trkpt><trkpt lat="21.077171" lon="105.874367"><ele>-20.009</ele><time>2018-09-07T04:02:22Z</time></trkpt><trkpt lat="21.077237" lon="105.874331"><ele>-20.008</ele><time>2018-09-07T04:02:23Z</time></trkpt><trkpt lat="21.077303" lon="105.874293"><ele>-20.063</ele><time>2018-09-07T04:02:24Z</time></trkpt><trkpt lat="21.077370" lon="105.874254"><ele>-20.099</ele><time>2018-09-07T04:02:25Z</time></trkpt><trkpt lat="21.077435" lon="105.874216"><ele>-20.074</ele><time>2018-09-07T04:02:26Z</time></trkpt><trkpt lat="21.077503" lon="105.874180"><ele>-20.329</ele><time>2018-09-07T04:02:27Z</time></trkpt><trkpt lat="21.077570" lon="105.874148"><ele>-20.565</ele><time>2018-09-07T04:02:28Z</time></trkpt><trkpt lat="21.077636" lon="105.874123"><ele>-20.341</ele><time>2018-09-07T04:02:29Z</time></trkpt><trkpt lat="21.077699" lon="105.874094"><ele>-20.080</ele><time>2018-09-07T04:02:30Z</time></trkpt><trkpt lat="21.077762" lon="105.874062"><ele>-19.513</ele><time>2018-09-07T04:02:31Z</time></trkpt><trkpt lat="21.077827" lon="105.874030"><ele>-19.347</ele><time>2018-09-07T04:02:32Z</time></trkpt><trkpt lat="21.077885" lon="105.873996"><ele>-18.629</ele><time>2018-09-07T04:02:33Z</time></trkpt><trkpt lat="21.077945" lon="105.873969"><ele>-18.321</ele><time>2018-09-07T04:02:34Z</time></trkpt><trkpt lat="21.078004" lon="105.873946"><ele>-17.708</ele><time>2018-09-07T04:02:35Z</time></trkpt><trkpt lat="21.078061" lon="105.873936"><ele>-17.316</ele><time>2018-09-07T04:02:36Z</time></trkpt><trkpt lat="21.078114" lon="105.873934"><ele>-17.112</ele><time>2018-09-07T04:02:37Z</time></trkpt><trkpt lat="21.078170" lon="105.873938"><ele>-17.077</ele><time>2018-09-07T04:02:38Z</time></trkpt><trkpt lat="21.078227" lon="105.873956"><ele>-17.322</ele><time>2018-09-07T04:02:39Z</time></trkpt><trkpt lat="21.078276" lon="105.873992"><ele>-17.588</ele><time>2018-09-07T04:02:40Z</time></trkpt><trkpt lat="21.078307" lon="105.874050"><ele>-18.014</ele><time>2018-09-07T04:02:41Z</time></trkpt><trkpt lat="21.078333" lon="105.874111"><ele>-18.363</ele><time>2018-09-07T04:02:42Z</time></trkpt><trkpt lat="21.078351" lon="105.874166"><ele>-18.586</ele><time>2018-09-07T04:02:43Z</time></trkpt><trkpt lat="21.078366" lon="105.874226"><ele>-19.071</ele><time>2018-09-07T04:02:44Z</time></trkpt><trkpt lat="21.078365" lon="105.874288"><ele>-19.341</ele><time>2018-09-07T04:02:45Z</time></trkpt><trkpt lat="21.078360" lon="105.874344"><ele>-19.115</ele><time>2018-09-07T04:02:46Z</time></trkpt><trkpt lat="21.078344" lon="105.874393"><ele>-18.608</ele><time>2018-09-07T04:02:47Z</time></trkpt><trkpt lat="21.078304" lon="105.874438"><ele>-18.329</ele><time>2018-09-07T04:02:48Z</time></trkpt><trkpt lat="21.078253" lon="105.874475"><ele>-18.175</ele><time>2018-09-07T04:02:49Z</time></trkpt><trkpt lat="21.078193" lon="105.874505"><ele>-18.040</ele><time>2018-09-07T04:02:50Z</time></trkpt><trkpt lat="21.078128" lon="105.874536"><ele>-18.055</ele><time>2018-09-07T04:02:51Z</time></trkpt><trkpt lat="21.078059" lon="105.874565"><ele>-18.061</ele><time>2018-09-07T04:02:52Z</time></trkpt><trkpt lat="21.077990" lon="105.874594"><ele>-18.017</ele><time>2018-09-07T04:02:53Z</time></trkpt><trkpt lat="21.077922" lon="105.874632"><ele>-17.526</ele><time>2018-09-07T04:02:54Z</time></trkpt><trkpt lat="21.077855" lon="105.874666"><ele>-17.359</ele><time>2018-09-07T04:02:55Z</time></trkpt><trkpt lat="21.077783" lon="105.874695"><ele>-16.864</ele><time>2018-09-07T04:02:56Z</time></trkpt><trkpt lat="21.077710" lon="105.874719"><ele>-16.506</ele><time>2018-09-07T04:02:57Z</time></trkpt><trkpt lat="21.077635" lon="105.874747"><ele>-15.916</ele><time>2018-09-07T04:02:58Z</time></trkpt><trkpt lat="21.077554" lon="105.874775"><ele>-15.908</ele><time>2018-09-07T04:02:59Z</time></trkpt><trkpt lat="21.077476" lon="105.874805"><ele>-15.598</ele><time>2018-09-07T04:03:00Z</time></trkpt><trkpt lat="21.077399" lon="105.874836"><ele>-15.314</ele><time>2018-09-07T04:03:01Z</time></trkpt><trkpt lat="21.077323" lon="105.874866"><ele>-15.279</ele><time>2018-09-07T04:03:02Z</time></trkpt><trkpt lat="21.077253" lon="105.874891"><ele>-14.774</ele><time>2018-09-07T04:03:03Z</time></trkpt><trkpt lat="21.077182" lon="105.874917"><ele>-14.430</ele><time>2018-09-07T04:03:04Z</time></trkpt><trkpt lat="21.077115" lon="105.874943"><ele>-14.266</ele><time>2018-09-07T04:03:05Z</time></trkpt><trkpt lat="21.077053" lon="105.874969"><ele>-14.135</ele><time>2018-09-07T04:03:06Z</time></trkpt><trkpt lat="21.076989" lon="105.874991"><ele>-14.088</ele><time>2018-09-07T04:03:07Z</time></trkpt><trkpt lat="21.076925" lon="105.875019"><ele>-14.091</ele><time>2018-09-07T04:03:08Z</time></trkpt><trkpt lat="21.076861" lon="105.875046"><ele>-14.481</ele><time>2018-09-07T04:03:09Z</time></trkpt><trkpt lat="21.076795" lon="105.875074"><ele>-14.619</ele><time>2018-09-07T04:03:10Z</time></trkpt><trkpt lat="21.076729" lon="105.875107"><ele>-14.708</ele><time>2018-09-07T04:03:11Z</time></trkpt><trkpt lat="21.076664" lon="105.875140"><ele>-14.811</ele><time>2018-09-07T04:03:12Z</time></trkpt><trkpt lat="21.076596" lon="105.875170"><ele>-14.887</ele><time>2018-09-07T04:03:13Z</time></trkpt><trkpt lat="21.076527" lon="105.875202"><ele>-14.882</ele><time>2018-09-07T04:03:14Z</time></trkpt><trkpt lat="21.076460" lon="105.875234"><ele>-14.827</ele><time>2018-09-07T04:03:15Z</time></trkpt><trkpt lat="21.076392" lon="105.875269"><ele>-14.893</ele><time>2018-09-07T04:03:16Z</time></trkpt><trkpt lat="21.076326" lon="105.875302"><ele>-14.829</ele><time>2018-09-07T04:03:17Z</time></trkpt><trkpt lat="21.076260" lon="105.875333"><ele>-14.838</ele><time>2018-09-07T04:03:18Z</time></trkpt><trkpt lat="21.076195" lon="105.875364"><ele>-14.821</ele><time>2018-09-07T04:03:19Z</time></trkpt><trkpt lat="21.076132" lon="105.875395"><ele>-14.446</ele><time>2018-09-07T04:03:20Z</time></trkpt><trkpt lat="21.076070" lon="105.875432"><ele>-14.288</ele><time>2018-09-07T04:03:21Z</time></trkpt><trkpt lat="21.076013" lon="105.875465"><ele>-14.116</ele><time>2018-09-07T04:03:22Z</time></trkpt><trkpt lat="21.075961" lon="105.875499"><ele>-14.008</ele><time>2018-09-07T04:03:23Z</time></trkpt><trkpt lat="21.075910" lon="105.875530"><ele>-13.966</ele><time>2018-09-07T04:03:24Z</time></trkpt><trkpt lat="21.075864" lon="105.875561"><ele>-13.982</ele><time>2018-09-07T04:03:25Z</time></trkpt><trkpt lat="21.075820" lon="105.875590"><ele>-13.947</ele><time>2018-09-07T04:03:26Z</time></trkpt><trkpt lat="21.075744" lon="105.875638"><ele>-13.952</ele><time>2018-09-07T04:03:28Z</time></trkpt><trkpt lat="21.075702" lon="105.875661"><ele>-13.948</ele><time>2018-09-07T04:03:29Z</time></trkpt><trkpt lat="21.075658" lon="105.875690"><ele>-13.914</ele><time>2018-09-07T04:03:30Z</time></trkpt><trkpt lat="21.075618" lon="105.875715"><ele>-13.513</ele><time>2018-09-07T04:03:31Z</time></trkpt><trkpt lat="21.075545" lon="105.875755"><ele>-13.336</ele><time>2018-09-07T04:03:33Z</time></trkpt><trkpt lat="21.075500" lon="105.875790"><ele>-13.233</ele><time>2018-09-07T04:03:35Z</time></trkpt><trkpt lat="21.075477" lon="105.875900"><ele>-13.123</ele><time>2018-09-07T04:03:38Z</time></trkpt><trkpt lat="21.075496" lon="105.875948"><ele>-13.415</ele><time>2018-09-07T04:03:39Z</time></trkpt><trkpt lat="21.075517" lon="105.876018"><ele>-13.608</ele><time>2018-09-07T04:03:42Z</time></trkpt><trkpt lat="21.075530" lon="105.876065"><ele>-13.765</ele><time>2018-09-07T04:03:44Z</time></trkpt><trkpt lat="21.075544" lon="105.876121"><ele>-14.251</ele><time>2018-09-07T04:03:47Z</time></trkpt><trkpt lat="21.075561" lon="105.876171"><ele>-14.986</ele><time>2018-09-07T04:04:20Z</time></trkpt><trkpt lat="21.075581" lon="105.876217"><ele>-15.791</ele><time>2018-09-07T04:04:46Z</time></trkpt><trkpt lat="21.075604" lon="105.876270"><ele>-17.047</ele><time>2018-09-07T04:05:25Z</time></trkpt><trkpt lat="21.075640" lon="105.876309"><ele>-19.853</ele><time>2018-09-07T04:08:31Z</time></trkpt><trkpt lat="21.075620" lon="105.876258"><ele>-20.312</ele><time>2018-09-07T04:08:49Z</time></trkpt><trkpt lat="21.075606" lon="105.876206"><ele>-21.095</ele><time>2018-09-07T04:08:55Z</time></trkpt><trkpt lat="21.075613" lon="105.876254"><ele>-23.571</ele><time>2018-09-07T04:09:26Z</time></trkpt><trkpt lat="21.075646" lon="105.876335"><ele>-24.841</ele><time>2018-09-07T04:09:27Z</time></trkpt><trkpt lat="21.075653" lon="105.876394"><ele>-25.715</ele><time>2018-09-07T04:09:28Z</time></trkpt><trkpt lat="21.075667" lon="105.876464"><ele>-26.608</ele><time>2018-09-07T04:09:29Z</time></trkpt><trkpt lat="21.075685" lon="105.876534"><ele>-27.269</ele><time>2018-09-07T04:09:30Z</time></trkpt><trkpt lat="21.075709" lon="105.876610"><ele>-27.585</ele><time>2018-09-07T04:09:31Z</time></trkpt><trkpt lat="21.075727" lon="105.876675"><ele>-28.110</ele><time>2018-09-07T04:09:32Z</time></trkpt><trkpt lat="21.075745" lon="105.876741"><ele>-28.595</ele><time>2018-09-07T04:09:33Z</time></trkpt><trkpt lat="21.075764" lon="105.876797"><ele>-29.131</ele><time>2018-09-07T04:09:34Z</time></trkpt><trkpt lat="21.075794" lon="105.876893"><ele>-30.317</ele><time>2018-09-07T04:09:36Z</time></trkpt><trkpt lat="21.075818" lon="105.876962"><ele>-31.066</ele><time>2018-09-07T04:09:37Z</time></trkpt><trkpt lat="21.075840" lon="105.877027"><ele>-31.439</ele><time>2018-09-07T04:09:38Z</time></trkpt><trkpt lat="21.075868" lon="105.877095"><ele>-31.717</ele><time>2018-09-07T04:09:39Z</time></trkpt><trkpt lat="21.075897" lon="105.877162"><ele>-31.987</ele><time>2018-09-07T04:09:40Z</time></trkpt><trkpt lat="21.075927" lon="105.877236"><ele>-32.415</ele><time>2018-09-07T04:09:41Z</time></trkpt><trkpt lat="21.075958" lon="105.877307"><ele>-32.408</ele><time>2018-09-07T04:09:42Z</time></trkpt><trkpt lat="21.075991" lon="105.877372"><ele>-32.223</ele><time>2018-09-07T04:09:43Z</time></trkpt><trkpt lat="21.076019" lon="105.877428"><ele>-31.839</ele><time>2018-09-07T04:09:44Z</time></trkpt><trkpt lat="21.076044" lon="105.877487"><ele>-31.574</ele><time>2018-09-07T04:09:45Z</time></trkpt><trkpt lat="21.076066" lon="105.877548"><ele>-31.379</ele><time>2018-09-07T04:09:46Z</time></trkpt><trkpt lat="21.076089" lon="105.877608"><ele>-31.225</ele><time>2018-09-07T04:09:47Z</time></trkpt><trkpt lat="21.076107" lon="105.877673"><ele>-31.161</ele><time>2018-09-07T04:09:48Z</time></trkpt><trkpt lat="21.076135" lon="105.877738"><ele>-31.110</ele><time>2018-09-07T04:09:49Z</time></trkpt><trkpt lat="21.076167" lon="105.877804"><ele>-31.163</ele><time>2018-09-07T04:09:50Z</time></trkpt><trkpt lat="21.076192" lon="105.877864"><ele>-31.142</ele><time>2018-09-07T04:09:51Z</time></trkpt><trkpt lat="21.076210" lon="105.877930"><ele>-31.122</ele><time>2018-09-07T04:09:52Z</time></trkpt><trkpt lat="21.076228" lon="105.877992"><ele>-31.114</ele><time>2018-09-07T04:09:53Z</time></trkpt><trkpt lat="21.076255" lon="105.878044"><ele>-31.108</ele><time>2018-09-07T04:09:54Z</time></trkpt><trkpt lat="21.076281" lon="105.878098"><ele>-31.196</ele><time>2018-09-07T04:09:55Z</time></trkpt><trkpt lat="21.076309" lon="105.878145"><ele>-31.112</ele><time>2018-09-07T04:09:56Z</time></trkpt><trkpt lat="21.076339" lon="105.878192"><ele>-30.797</ele><time>2018-09-07T04:09:57Z</time></trkpt><trkpt lat="21.076372" lon="105.878245"><ele>-30.542</ele><time>2018-09-07T04:09:58Z</time></trkpt><trkpt lat="21.076398" lon="105.878296"><ele>-30.448</ele><time>2018-09-07T04:09:59Z</time></trkpt><trkpt lat="21.076417" lon="105.878345"><ele>-29.974</ele><time>2018-09-07T04:10:00Z</time></trkpt><trkpt lat="21.076456" lon="105.878426"><ele>-29.693</ele><time>2018-09-07T04:10:02Z</time></trkpt><trkpt lat="21.076501" lon="105.878507"><ele>-29.486</ele><time>2018-09-07T04:10:04Z</time></trkpt><trkpt lat="21.076553" lon="105.878586"><ele>-29.349</ele><time>2018-09-07T04:10:06Z</time></trkpt><trkpt lat="21.076587" lon="105.878646"><ele>-29.202</ele><time>2018-09-07T04:10:08Z</time></trkpt><trkpt lat="21.076611" lon="105.878699"><ele>-29.622</ele><time>2018-09-07T04:10:10Z</time></trkpt><trkpt lat="21.076624" lon="105.878757"><ele>-29.408</ele><time>2018-09-07T04:10:12Z</time></trkpt><trkpt lat="21.076623" lon="105.878807"><ele>-29.326</ele><time>2018-09-07T04:10:14Z</time></trkpt><trkpt lat="21.076604" lon="105.878862"><ele>-29.212</ele><time>2018-09-07T04:10:16Z</time></trkpt><trkpt lat="21.076554" lon="105.878935"><ele>-29.227</ele><time>2018-09-07T04:10:17Z</time></trkpt><trkpt lat="21.076530" lon="105.878981"><ele>-28.832</ele><time>2018-09-07T04:10:18Z</time></trkpt><trkpt lat="21.076487" lon="105.879010"><ele>-28.558</ele><time>2018-09-07T04:10:19Z</time></trkpt><trkpt lat="21.076434" lon="105.879069"><ele>-28.714</ele><time>2018-09-07T04:10:21Z</time></trkpt><trkpt lat="21.076394" lon="105.879092"><ele>-28.823</ele><time>2018-09-07T04:10:22Z</time></trkpt><trkpt lat="21.076353" lon="105.879113"><ele>-28.566</ele><time>2018-09-07T04:10:23Z</time></trkpt><trkpt lat="21.076303" lon="105.879133"><ele>-27.936</ele><time>2018-09-07T04:10:24Z</time></trkpt><trkpt lat="21.076243" lon="105.879143"><ele>-27.517</ele><time>2018-09-07T04:10:25Z</time></trkpt><trkpt lat="21.076198" lon="105.879159"><ele>-27.718</ele><time>2018-09-07T04:10:26Z</time></trkpt><trkpt lat="21.076148" lon="105.879199"><ele>-26.208</ele><time>2018-09-07T04:10:28Z</time></trkpt><trkpt lat="21.076094" lon="105.879235"><ele>-24.575</ele><time>2018-09-07T04:10:30Z</time></trkpt><trkpt lat="21.076045" lon="105.879254"><ele>-23.531</ele><time>2018-09-07T04:10:31Z</time></trkpt><trkpt lat="21.075989" lon="105.879288"><ele>-23.076</ele><time>2018-09-07T04:10:34Z</time></trkpt><trkpt lat="21.075940" lon="105.879318"><ele>-22.121</ele><time>2018-09-07T04:10:36Z</time></trkpt><trkpt lat="21.075902" lon="105.879344"><ele>-21.697</ele><time>2018-09-07T04:10:38Z</time></trkpt><trkpt lat="21.075874" lon="105.879462"><ele>-21.393</ele><time>2018-09-07T04:10:41Z</time></trkpt><trkpt lat="21.075899" lon="105.879512"><ele>-21.172</ele><time>2018-09-07T04:10:42Z</time></trkpt><trkpt lat="21.075932" lon="105.879603"><ele>-21.025</ele><time>2018-09-07T04:10:44Z</time></trkpt><trkpt lat="21.075952" lon="105.879650"><ele>-21.029</ele><time>2018-09-07T04:10:45Z</time></trkpt><trkpt lat="21.075986" lon="105.879738"><ele>-20.500</ele><time>2018-09-07T04:10:47Z</time></trkpt><trkpt lat="21.076001" lon="105.879784"><ele>-20.320</ele><time>2018-09-07T04:10:48Z</time></trkpt><trkpt lat="21.076038" lon="105.879868"><ele>-19.608</ele><time>2018-09-07T04:10:50Z</time></trkpt><trkpt lat="21.076059" lon="105.879913"><ele>-19.374</ele><time>2018-09-07T04:10:51Z</time></trkpt><trkpt lat="21.076086" lon="105.879964"><ele>-19.130</ele><time>2018-09-07T04:10:52Z</time></trkpt><trkpt lat="21.076107" lon="105.880023"><ele>-19.065</ele><time>2018-09-07T04:10:53Z</time></trkpt><trkpt lat="21.076126" lon="105.880081"><ele>-19.050</ele><time>2018-09-07T04:10:54Z</time></trkpt><trkpt lat="21.076143" lon="105.880136"><ele>-19.086</ele><time>2018-09-07T04:10:55Z</time></trkpt><trkpt lat="21.076167" lon="105.880190"><ele>-19.042</ele><time>2018-09-07T04:10:56Z</time></trkpt><trkpt lat="21.076190" lon="105.880241"><ele>-19.031</ele><time>2018-09-07T04:10:57Z</time></trkpt><trkpt lat="21.076215" lon="105.880295"><ele>-19.074</ele><time>2018-09-07T04:10:58Z</time></trkpt><trkpt lat="21.076235" lon="105.880338"><ele>-19.398</ele><time>2018-09-07T04:10:59Z</time></trkpt><trkpt lat="21.076253" lon="105.880388"><ele>-19.115</ele><time>2018-09-07T04:11:00Z</time></trkpt><trkpt lat="21.076275" lon="105.880435"><ele>-19.026</ele><time>2018-09-07T04:11:01Z</time></trkpt><trkpt lat="21.076292" lon="105.880480"><ele>-19.008</ele><time>2018-09-07T04:11:02Z</time></trkpt><trkpt lat="21.076316" lon="105.880525"><ele>-19.071</ele><time>2018-09-07T04:11:03Z</time></trkpt><trkpt lat="21.076342" lon="105.880568"><ele>-19.017</ele><time>2018-09-07T04:11:04Z</time></trkpt><trkpt lat="21.076370" lon="105.880618"><ele>-19.022</ele><time>2018-09-07T04:11:05Z</time></trkpt><trkpt lat="21.076401" lon="105.880669"><ele>-19.077</ele><time>2018-09-07T04:11:06Z</time></trkpt><trkpt lat="21.076435" lon="105.880721"><ele>-19.023</ele><time>2018-09-07T04:11:07Z</time></trkpt><trkpt lat="21.076470" lon="105.880777"><ele>-18.169</ele><time>2018-09-07T04:11:08Z</time></trkpt><trkpt lat="21.076503" lon="105.880822"><ele>-18.018</ele><time>2018-09-07T04:11:09Z</time></trkpt><trkpt lat="21.076535" lon="105.880864"><ele>-17.671</ele><time>2018-09-07T04:11:10Z</time></trkpt><trkpt lat="21.076563" lon="105.880905"><ele>-17.337</ele><time>2018-09-07T04:11:11Z</time></trkpt><trkpt lat="21.076583" lon="105.880954"><ele>-16.749</ele><time>2018-09-07T04:11:12Z</time></trkpt><trkpt lat="21.076607" lon="105.880997"><ele>-16.513</ele><time>2018-09-07T04:11:13Z</time></trkpt><trkpt lat="21.076653" lon="105.881078"><ele>-15.808</ele><time>2018-09-07T04:11:15Z</time></trkpt><trkpt lat="21.076695" lon="105.881137"><ele>-15.425</ele><time>2018-09-07T04:11:17Z</time></trkpt><trkpt lat="21.076766" lon="105.881195"><ele>-14.841</ele><time>2018-09-07T04:11:19Z</time></trkpt><trkpt lat="21.076822" lon="105.881219"><ele>-14.856</ele><time>2018-09-07T04:11:20Z</time></trkpt><trkpt lat="21.076899" lon="105.881234"><ele>-14.881</ele><time>2018-09-07T04:11:21Z</time></trkpt><trkpt lat="21.076980" lon="105.881236"><ele>-15.217</ele><time>2018-09-07T04:11:22Z</time></trkpt><trkpt lat="21.077063" lon="105.881245"><ele>-15.413</ele><time>2018-09-07T04:11:23Z</time></trkpt><trkpt lat="21.077138" lon="105.881250"><ele>-15.522</ele><time>2018-09-07T04:11:24Z</time></trkpt><trkpt lat="21.077206" lon="105.881247"><ele>-16.045</ele><time>2018-09-07T04:11:25Z</time></trkpt><trkpt lat="21.077267" lon="105.881246"><ele>-16.318</ele><time>2018-09-07T04:11:26Z</time></trkpt><trkpt lat="21.077326" lon="105.881245"><ele>-16.598</ele><time>2018-09-07T04:11:27Z</time></trkpt><trkpt lat="21.077376" lon="105.881240"><ele>-16.617</ele><time>2018-09-07T04:11:28Z</time></trkpt><trkpt lat="21.077428" lon="105.881233"><ele>-17.108</ele><time>2018-09-07T04:11:29Z</time></trkpt><trkpt lat="21.077487" lon="105.881230"><ele>-17.053</ele><time>2018-09-07T04:11:30Z</time></trkpt><trkpt lat="21.077551" lon="105.881225"><ele>-16.559</ele><time>2018-09-07T04:11:31Z</time></trkpt><trkpt lat="21.077612" lon="105.881218"><ele>-16.214</ele><time>2018-09-07T04:11:32Z</time></trkpt><trkpt lat="21.077670" lon="105.881209"><ele>-16.059</ele><time>2018-09-07T04:11:33Z</time></trkpt><trkpt lat="21.077728" lon="105.881205"><ele>-16.355</ele><time>2018-09-07T04:11:34Z</time></trkpt><trkpt lat="21.077787" lon="105.881201"><ele>-16.121</ele><time>2018-09-07T04:11:35Z</time></trkpt><trkpt lat="21.077842" lon="105.881196"><ele>-16.560</ele><time>2018-09-07T04:11:36Z</time></trkpt><trkpt lat="21.077892" lon="105.881190"><ele>-16.653</ele><time>2018-09-07T04:11:37Z</time></trkpt><trkpt lat="21.077949" lon="105.881188"><ele>-16.753</ele><time>2018-09-07T04:11:38Z</time></trkpt><trkpt lat="21.078010" lon="105.881182"><ele>-17.204</ele><time>2018-09-07T04:11:39Z</time></trkpt><trkpt lat="21.078068" lon="105.881180"><ele>-17.114</ele><time>2018-09-07T04:11:40Z</time></trkpt><trkpt lat="21.078125" lon="105.881176"><ele>-17.508</ele><time>2018-09-07T04:11:41Z</time></trkpt><trkpt lat="21.078176" lon="105.881174"><ele>-17.297</ele><time>2018-09-07T04:11:42Z</time></trkpt><trkpt lat="21.078225" lon="105.881171"><ele>-17.173</ele><time>2018-09-07T04:11:43Z</time></trkpt><trkpt lat="21.078273" lon="105.881172"><ele>-17.018</ele><time>2018-09-07T04:11:44Z</time></trkpt><trkpt lat="21.078361" lon="105.881180"><ele>-17.553</ele><time>2018-09-07T04:11:46Z</time></trkpt><trkpt lat="21.078449" lon="105.881208"><ele>-17.699</ele><time>2018-09-07T04:11:48Z</time></trkpt><trkpt lat="21.078491" lon="105.881229"><ele>-18.175</ele><time>2018-09-07T04:11:49Z</time></trkpt><trkpt lat="21.078533" lon="105.881253"><ele>-18.074</ele><time>2018-09-07T04:11:50Z</time></trkpt><trkpt lat="21.078575" lon="105.881278"><ele>-18.017</ele><time>2018-09-07T04:11:51Z</time></trkpt><trkpt lat="21.078612" lon="105.881309"><ele>-18.076</ele><time>2018-09-07T04:11:52Z</time></trkpt><trkpt lat="21.078652" lon="105.881346"><ele>-17.690</ele><time>2018-09-07T04:11:53Z</time></trkpt><trkpt lat="21.078688" lon="105.881389"><ele>-17.319</ele><time>2018-09-07T04:11:54Z</time></trkpt><trkpt lat="21.078724" lon="105.881435"><ele>-17.108</ele><time>2018-09-07T04:11:55Z</time></trkpt><trkpt lat="21.078753" lon="105.881480"><ele>-17.099</ele><time>2018-09-07T04:11:56Z</time></trkpt><trkpt lat="21.078781" lon="105.881530"><ele>-17.085</ele><time>2018-09-07T04:11:57Z</time></trkpt><trkpt lat="21.078810" lon="105.881579"><ele>-17.050</ele><time>2018-09-07T04:11:58Z</time></trkpt><trkpt lat="21.078842" lon="105.881628"><ele>-17.015</ele><time>2018-09-07T04:11:59Z</time></trkpt><trkpt lat="21.078881" lon="105.881680"><ele>-17.371</ele><time>2018-09-07T04:12:00Z</time></trkpt><trkpt lat="21.078916" lon="105.881734"><ele>-17.597</ele><time>2018-09-07T04:12:01Z</time></trkpt><trkpt lat="21.078947" lon="105.881794"><ele>-17.616</ele><time>2018-09-07T04:12:02Z</time></trkpt><trkpt lat="21.078981" lon="105.881852"><ele>-17.739</ele><time>2018-09-07T04:12:03Z</time></trkpt><trkpt lat="21.079015" lon="105.881914"><ele>-17.895</ele><time>2018-09-07T04:12:04Z</time></trkpt><trkpt lat="21.079049" lon="105.881975"><ele>-17.549</ele><time>2018-09-07T04:12:05Z</time></trkpt><trkpt lat="21.079087" lon="105.882036"><ele>-17.223</ele><time>2018-09-07T04:12:06Z</time></trkpt><trkpt lat="21.079125" lon="105.882097"><ele>-17.108</ele><time>2018-09-07T04:12:07Z</time></trkpt><trkpt lat="21.079160" lon="105.882159"><ele>-17.531</ele><time>2018-09-07T04:12:08Z</time></trkpt><trkpt lat="21.079200" lon="105.882222"><ele>-17.617</ele><time>2018-09-07T04:12:09Z</time></trkpt><trkpt lat="21.079238" lon="105.882287"><ele>-17.722</ele><time>2018-09-07T04:12:10Z</time></trkpt><trkpt lat="21.079268" lon="105.882343"><ele>-17.567</ele><time>2018-09-07T04:12:11Z</time></trkpt><trkpt lat="21.079300" lon="105.882397"><ele>-17.223</ele><time>2018-09-07T04:12:12Z</time></trkpt><trkpt lat="21.079337" lon="105.882451"><ele>-17.179</ele><time>2018-09-07T04:12:13Z</time></trkpt><trkpt lat="21.079370" lon="105.882501"><ele>-17.048</ele><time>2018-09-07T04:12:14Z</time></trkpt><trkpt lat="21.079400" lon="105.882550"><ele>-16.691</ele><time>2018-09-07T04:12:15Z</time></trkpt><trkpt lat="21.079430" lon="105.882602"><ele>-16.712</ele><time>2018-09-07T04:12:16Z</time></trkpt><trkpt lat="21.079458" lon="105.882655"><ele>-16.832</ele><time>2018-09-07T04:12:17Z</time></trkpt><trkpt lat="21.079485" lon="105.882712"><ele>-16.805</ele><time>2018-09-07T04:12:18Z</time></trkpt><trkpt lat="21.079515" lon="105.882766"><ele>-16.808</ele><time>2018-09-07T04:12:19Z</time></trkpt><trkpt lat="21.079545" lon="105.882826"><ele>-16.843</ele><time>2018-09-07T04:12:20Z</time></trkpt><trkpt lat="21.079577" lon="105.882884"><ele>-17.229</ele><time>2018-09-07T04:12:21Z</time></trkpt><trkpt lat="21.079602" lon="105.882939"><ele>-17.034</ele><time>2018-09-07T04:12:22Z</time></trkpt><trkpt lat="21.079622" lon="105.882995"><ele>-17.089</ele><time>2018-09-07T04:12:23Z</time></trkpt><trkpt lat="21.079647" lon="105.883056"><ele>-16.895</ele><time>2018-09-07T04:12:24Z</time></trkpt><trkpt lat="21.079671" lon="105.883115"><ele>-16.851</ele><time>2018-09-07T04:12:25Z</time></trkpt><trkpt lat="21.079696" lon="105.883173"><ele>-16.820</ele><time>2018-09-07T04:12:26Z</time></trkpt><trkpt lat="21.079728" lon="105.883235"><ele>-16.843</ele><time>2018-09-07T04:12:27Z</time></trkpt><trkpt lat="21.079763" lon="105.883299"><ele>-16.838</ele><time>2018-09-07T04:12:28Z</time></trkpt><trkpt lat="21.079798" lon="105.883362"><ele>-16.870</ele><time>2018-09-07T04:12:29Z</time></trkpt><trkpt lat="21.079832" lon="105.883424"><ele>-16.817</ele><time>2018-09-07T04:12:30Z</time></trkpt><trkpt lat="21.079864" lon="105.883482"><ele>-16.808</ele><time>2018-09-07T04:12:31Z</time></trkpt><trkpt lat="21.079895" lon="105.883538"><ele>-16.865</ele><time>2018-09-07T04:12:32Z</time></trkpt><trkpt lat="21.079924" lon="105.883593"><ele>-16.891</ele><time>2018-09-07T04:12:33Z</time></trkpt><trkpt lat="21.079954" lon="105.883647"><ele>-16.836</ele><time>2018-09-07T04:12:34Z</time></trkpt><trkpt lat="21.079985" lon="105.883704"><ele>-16.811</ele><time>2018-09-07T04:12:35Z</time></trkpt><trkpt lat="21.080012" lon="105.883761"><ele>-16.837</ele><time>2018-09-07T04:12:36Z</time></trkpt><trkpt lat="21.080043" lon="105.883819"><ele>-16.823</ele><time>2018-09-07T04:12:37Z</time></trkpt><trkpt lat="21.080074" lon="105.883875"><ele>-17.282</ele><time>2018-09-07T04:12:38Z</time></trkpt><trkpt lat="21.080103" lon="105.883934"><ele>-17.535</ele><time>2018-09-07T04:12:39Z</time></trkpt><trkpt lat="21.080133" lon="105.883982"><ele>-17.539</ele><time>2018-09-07T04:12:40Z</time></trkpt><trkpt lat="21.080162" lon="105.884032"><ele>-17.601</ele><time>2018-09-07T04:12:41Z</time></trkpt><trkpt lat="21.080189" lon="105.884084"><ele>-17.721</ele><time>2018-09-07T04:12:42Z</time></trkpt><trkpt lat="21.080234" lon="105.884161"><ele>-17.708</ele><time>2018-09-07T04:12:44Z</time></trkpt><trkpt lat="21.080270" lon="105.884208"><ele>-17.775</ele><time>2018-09-07T04:12:46Z</time></trkpt><trkpt lat="21.080315" lon="105.884251"><ele>-17.771</ele><time>2018-09-07T04:12:49Z</time></trkpt><trkpt lat="21.080369" lon="105.884257"><ele>-17.746</ele><time>2018-09-07T04:12:52Z</time></trkpt><trkpt lat="21.080426" lon="105.884251"><ele>-18.171</ele><time>2018-09-07T04:12:55Z</time></trkpt><trkpt lat="21.080479" lon="105.884281"><ele>-18.387</ele><time>2018-09-07T04:12:58Z</time></trkpt><trkpt lat="21.080545" lon="105.884378"><ele>-18.563</ele><time>2018-09-07T04:13:00Z</time></trkpt><trkpt lat="21.080584" lon="105.884451"><ele>-19.012</ele><time>2018-09-07T04:13:02Z</time></trkpt><trkpt lat="21.080610" lon="105.884504"><ele>-19.615</ele><time>2018-09-07T04:13:04Z</time></trkpt><trkpt lat="21.080644" lon="105.884554"><ele>-20.067</ele><time>2018-09-07T04:13:06Z</time></trkpt><trkpt lat="21.080682" lon="105.884598"><ele>-20.381</ele><time>2018-09-07T04:13:08Z</time></trkpt><trkpt lat="21.080720" lon="105.884634"><ele>-20.319</ele><time>2018-09-07T04:13:10Z</time></trkpt><trkpt lat="21.080767" lon="105.884675"><ele>-20.808</ele><time>2018-09-07T04:13:13Z</time></trkpt><trkpt lat="21.080817" lon="105.884717"><ele>-21.178</ele><time>2018-09-07T04:13:32Z</time></trkpt><trkpt lat="21.080862" lon="105.884758"><ele>-21.874</ele><time>2018-09-07T04:14:10Z</time></trkpt><trkpt lat="21.080902" lon="105.884783"><ele>-20.849</ele><time>2018-09-07T04:15:11Z</time></trkpt><trkpt lat="21.080968" lon="105.884773"><ele>-20.334</ele><time>2018-09-07T04:15:31Z</time></trkpt><trkpt lat="21.080992" lon="105.884728"><ele>-19.320</ele><time>2018-09-07T04:15:40Z</time></trkpt><trkpt lat="21.080977" lon="105.884669"><ele>-18.196</ele><time>2018-09-07T04:16:16Z</time></trkpt><trkpt lat="21.080961" lon="105.884618"><ele>-18.015</ele><time>2018-09-07T04:16:24Z</time></trkpt><trkpt lat="21.080942" lon="105.884568"><ele>-17.848</ele><time>2018-09-07T04:16:29Z</time></trkpt><trkpt lat="21.080921" lon="105.884522"><ele>-18.569</ele><time>2018-09-07T04:16:38Z</time></trkpt><trkpt lat="21.080910" lon="105.884475"><ele>-19.804</ele><time>2018-09-07T04:17:27Z</time></trkpt><trkpt lat="21.080953" lon="105.884447"><ele>-20.824</ele><time>2018-09-07T04:19:12Z</time></trkpt><trkpt lat="21.080998" lon="105.884448"><ele>-20.808</ele><time>2018-09-07T04:19:40Z</time></trkpt><trkpt lat="21.081042" lon="105.884424"><ele>-20.338</ele><time>2018-09-07T04:20:01Z</time></trkpt><trkpt lat="21.081101" lon="105.884424"><ele>-19.554</ele><time>2018-09-07T04:20:52Z</time></trkpt><trkpt lat="21.081152" lon="105.884440"><ele>-19.189</ele><time>2018-09-07T04:21:00Z</time></trkpt><trkpt lat="21.081197" lon="105.884464"><ele>-19.044</ele><time>2018-09-07T04:21:47Z</time></trkpt><trkpt lat="21.081244" lon="105.884457"><ele>-20.040</ele><time>2018-09-07T04:22:31Z</time></trkpt><trkpt lat="21.081264" lon="105.884407"><ele>-21.016</ele><time>2018-09-07T04:22:40Z</time></trkpt><trkpt lat="21.081318" lon="105.884390"><ele>-22.065</ele><time>2018-09-07T04:22:57Z</time></trkpt><trkpt lat="21.081294" lon="105.884334"><ele>-23.568</ele><time>2018-09-07T04:23:21Z</time></trkpt><trkpt lat="21.081156" lon="105.884386"><ele>-19.578</ele><time>2018-09-07T04:24:30Z</time></trkpt><trkpt lat="21.081208" lon="105.884396"><ele>-21.033</ele><time>2018-09-07T04:24:36Z</time></trkpt><trkpt lat="21.081233" lon="105.884354"><ele>-22.026</ele><time>2018-09-07T04:25:17Z</time></trkpt><trkpt lat="21.081205" lon="105.884310"><ele>-24.308</ele><time>2018-09-07T04:25:59Z</time></trkpt><trkpt lat="21.081164" lon="105.884342"><ele>-24.889</ele><time>2018-09-07T04:26:19Z</time></trkpt><trkpt lat="21.081128" lon="105.884377"><ele>-25.015</ele><time>2018-09-07T04:26:23Z</time></trkpt><trkpt lat="21.081085" lon="105.884414"><ele>-25.610</ele><time>2018-09-07T04:26:26Z</time></trkpt><trkpt lat="21.081041" lon="105.884438"><ele>-26.085</ele><time>2018-09-07T04:26:29Z</time></trkpt><trkpt lat="21.081006" lon="105.884468"><ele>-26.291</ele><time>2018-09-07T04:26:32Z</time></trkpt><trkpt lat="21.081290" lon="105.884408"><ele>-22.317</ele><time>2018-09-07T04:27:36Z</time></trkpt><trkpt lat="21.081313" lon="105.884473"><ele>-18.286</ele><time>2018-09-07T04:27:42Z</time></trkpt><trkpt lat="21.081358" lon="105.884497"><ele>-14.279</ele><time>2018-09-07T04:27:47Z</time></trkpt><trkpt lat="21.081334" lon="105.884438"><ele>-10.812</ele><time>2018-09-07T04:27:51Z</time></trkpt><trkpt lat="21.081274" lon="105.884429"><ele>-6.732</ele><time>2018-09-07T04:27:53Z</time></trkpt><trkpt lat="21.081223" lon="105.884432"><ele>-8.605</ele><time>2018-09-07T04:28:01Z</time></trkpt><trkpt lat="21.081229" lon="105.884481"><ele>-9.308</ele><time>2018-09-07T04:29:00Z</time></trkpt><trkpt lat="21.081187" lon="105.884500"><ele>-10.283</ele><time>2018-09-07T04:29:31Z</time></trkpt><trkpt lat="21.081137" lon="105.884485"><ele>-10.759</ele><time>2018-09-07T04:29:41Z</time></trkpt><trkpt lat="21.081094" lon="105.884462"><ele>-11.394</ele><time>2018-09-07T04:29:47Z</time></trkpt><trkpt lat="21.081046" lon="105.884460"><ele>-12.519</ele><time>2018-09-07T04:29:55Z</time></trkpt><trkpt lat="21.080996" lon="105.884477"><ele>-13.675</ele><time>2018-09-07T04:30:07Z</time></trkpt><trkpt lat="21.080953" lon="105.884505"><ele>-14.791</ele><time>2018-09-07T04:30:15Z</time></trkpt><trkpt lat="21.080944" lon="105.884556"><ele>-16.530</ele><time>2018-09-07T04:30:23Z</time></trkpt><trkpt lat="21.080965" lon="105.884628"><ele>-17.663</ele><time>2018-09-07T04:30:35Z</time></trkpt><trkpt lat="21.080967" lon="105.884685"><ele>-19.191</ele><time>2018-09-07T04:30:40Z</time></trkpt><trkpt lat="21.080950" lon="105.884730"><ele>-20.081</ele><time>2018-09-07T04:30:49Z</time></trkpt><trkpt lat="21.080907" lon="105.884759"><ele>-19.819</ele><time>2018-09-07T04:30:59Z</time></trkpt><trkpt lat="21.080888" lon="105.884712"><ele>-19.108</ele><time>2018-09-07T04:31:34Z</time></trkpt><trkpt lat="21.080851" lon="105.884741"><ele>-20.071</ele><time>2018-09-07T04:32:05Z</time></trkpt><trkpt lat="21.080792" lon="105.884646"><ele>-21.077</ele><time>2018-09-07T04:32:08Z</time></trkpt><trkpt lat="21.080748" lon="105.884568"><ele>-21.552</ele><time>2018-09-07T04:32:10Z</time></trkpt><trkpt lat="21.080721" lon="105.884517"><ele>-22.397</ele><time>2018-09-07T04:32:11Z</time></trkpt><trkpt lat="21.080695" lon="105.884472"><ele>-22.663</ele><time>2018-09-07T04:32:12Z</time></trkpt><trkpt lat="21.080674" lon="105.884423"><ele>-23.039</ele><time>2018-09-07T04:32:13Z</time></trkpt><trkpt lat="21.080651" lon="105.884378"><ele>-22.828</ele><time>2018-09-07T04:32:14Z</time></trkpt><trkpt lat="21.080621" lon="105.884307"><ele>-22.371</ele><time>2018-09-07T04:32:16Z</time></trkpt><trkpt lat="21.080602" lon="105.884250"><ele>-21.568</ele><time>2018-09-07T04:32:19Z</time></trkpt><trkpt lat="21.080633" lon="105.884155"><ele>-21.142</ele><time>2018-09-07T04:32:22Z</time></trkpt><trkpt lat="21.080711" lon="105.884113"><ele>-20.826</ele><time>2018-09-07T04:32:24Z</time></trkpt><trkpt lat="21.080758" lon="105.884093"><ele>-20.608</ele><time>2018-09-07T04:32:25Z</time></trkpt><trkpt lat="21.080803" lon="105.884066"><ele>-20.528</ele><time>2018-09-07T04:32:26Z</time></trkpt><trkpt lat="21.080843" lon="105.884041"><ele>-20.554</ele><time>2018-09-07T04:32:27Z</time></trkpt><trkpt lat="21.080881" lon="105.884008"><ele>-20.579</ele><time>2018-09-07T04:32:28Z</time></trkpt><trkpt lat="21.080939" lon="105.883972"><ele>-20.094</ele><time>2018-09-07T04:32:30Z</time></trkpt><trkpt lat="21.080987" lon="105.883954"><ele>-20.120</ele><time>2018-09-07T04:32:32Z</time></trkpt><trkpt lat="21.081050" lon="105.883937"><ele>-20.336</ele><time>2018-09-07T04:32:34Z</time></trkpt><trkpt lat="21.081117" lon="105.883924"><ele>-20.895</ele><time>2018-09-07T04:32:36Z</time></trkpt><trkpt lat="21.081185" lon="105.883914"><ele>-21.078</ele><time>2018-09-07T04:32:38Z</time></trkpt><trkpt lat="21.081256" lon="105.883902"><ele>-21.621</ele><time>2018-09-07T04:32:40Z</time></trkpt><trkpt lat="21.081356" lon="105.883881"><ele>-22.041</ele><time>2018-09-07T04:32:41Z</time></trkpt><trkpt lat="21.081402" lon="105.883872"><ele>-22.105</ele><time>2018-09-07T04:32:42Z</time></trkpt><trkpt lat="21.081465" lon="105.883865"><ele>-22.308</ele><time>2018-09-07T04:32:43Z</time></trkpt><trkpt lat="21.081520" lon="105.883857"><ele>-22.364</ele><time>2018-09-07T04:32:44Z</time></trkpt><trkpt lat="21.081578" lon="105.883846"><ele>-22.870</ele><time>2018-09-07T04:32:45Z</time></trkpt><trkpt lat="21.081631" lon="105.883846"><ele>-22.645</ele><time>2018-09-07T04:32:46Z</time></trkpt><trkpt lat="21.081687" lon="105.883841"><ele>-22.180</ele><time>2018-09-07T04:32:47Z</time></trkpt><trkpt lat="21.081746" lon="105.883839"><ele>-21.856</ele><time>2018-09-07T04:32:48Z</time></trkpt><trkpt lat="21.081806" lon="105.883837"><ele>-21.682</ele><time>2018-09-07T04:32:49Z</time></trkpt><trkpt lat="21.081860" lon="105.883828"><ele>-21.541</ele><time>2018-09-07T04:32:50Z</time></trkpt><trkpt lat="21.081908" lon="105.883819"><ele>-21.564</ele><time>2018-09-07T04:32:51Z</time></trkpt><trkpt lat="21.081961" lon="105.883809"><ele>-21.548</ele><time>2018-09-07T04:32:52Z</time></trkpt><trkpt lat="21.082015" lon="105.883804"><ele>-21.561</ele><time>2018-09-07T04:32:53Z</time></trkpt><trkpt lat="21.082066" lon="105.883801"><ele>-21.517</ele><time>2018-09-07T04:32:54Z</time></trkpt><trkpt lat="21.082122" lon="105.883806"><ele>-21.008</ele><time>2018-09-07T04:32:55Z</time></trkpt><trkpt lat="21.082172" lon="105.883802"><ele>-20.876</ele><time>2018-09-07T04:32:56Z</time></trkpt><trkpt lat="21.082225" lon="105.883802"><ele>-20.872</ele><time>2018-09-07T04:32:57Z</time></trkpt><trkpt lat="21.082276" lon="105.883802"><ele>-20.317</ele><time>2018-09-07T04:32:58Z</time></trkpt><trkpt lat="21.082323" lon="105.883802"><ele>-20.042</ele><time>2018-09-07T04:32:59Z</time></trkpt><trkpt lat="21.082376" lon="105.883801"><ele>-19.838</ele><time>2018-09-07T04:33:00Z</time></trkpt><trkpt lat="21.082427" lon="105.883791"><ele>-20.064</ele><time>2018-09-07T04:33:01Z</time></trkpt><trkpt lat="21.082479" lon="105.883786"><ele>-20.353</ele><time>2018-09-07T04:33:02Z</time></trkpt><trkpt lat="21.082527" lon="105.883781"><ele>-20.386</ele><time>2018-09-07T04:33:03Z</time></trkpt><trkpt lat="21.082615" lon="105.883773"><ele>-20.878</ele><time>2018-09-07T04:33:05Z</time></trkpt><trkpt lat="21.082673" lon="105.883770"><ele>-21.133</ele><time>2018-09-07T04:33:06Z</time></trkpt><trkpt lat="21.082728" lon="105.883770"><ele>-21.326</ele><time>2018-09-07T04:33:07Z</time></trkpt><trkpt lat="21.082782" lon="105.883769"><ele>-21.808</ele><time>2018-09-07T04:33:08Z</time></trkpt><trkpt lat="21.082838" lon="105.883771"><ele>-21.819</ele><time>2018-09-07T04:33:09Z</time></trkpt><trkpt lat="21.082893" lon="105.883768"><ele>-21.615</ele><time>2018-09-07T04:33:10Z</time></trkpt><trkpt lat="21.082955" lon="105.883764"><ele>-21.670</ele><time>2018-09-07T04:33:11Z</time></trkpt><trkpt lat="21.083014" lon="105.883763"><ele>-22.075</ele><time>2018-09-07T04:33:12Z</time></trkpt><trkpt lat="21.083068" lon="105.883759"><ele>-22.341</ele><time>2018-09-07T04:33:13Z</time></trkpt><trkpt lat="21.083124" lon="105.883753"><ele>-22.097</ele><time>2018-09-07T04:33:14Z</time></trkpt><trkpt lat="21.083182" lon="105.883747"><ele>-22.156</ele><time>2018-09-07T04:33:15Z</time></trkpt><trkpt lat="21.083238" lon="105.883735"><ele>-21.849</ele><time>2018-09-07T04:33:16Z</time></trkpt><trkpt lat="21.083293" lon="105.883724"><ele>-21.689</ele><time>2018-09-07T04:33:17Z</time></trkpt><trkpt lat="21.083343" lon="105.883719"><ele>-21.506</ele><time>2018-09-07T04:33:18Z</time></trkpt><trkpt lat="21.083388" lon="105.883714"><ele>-21.026</ele><time>2018-09-07T04:33:19Z</time></trkpt><trkpt lat="21.083477" lon="105.883698"><ele>-20.808</ele><time>2018-09-07T04:33:21Z</time></trkpt><trkpt lat="21.083523" lon="105.883690"><ele>-20.540</ele><time>2018-09-07T04:33:22Z</time></trkpt><trkpt lat="21.083569" lon="105.883683"><ele>-20.546</ele><time>2018-09-07T04:33:23Z</time></trkpt><trkpt lat="21.083619" lon="105.883671"><ele>-20.091</ele><time>2018-09-07T04:33:24Z</time></trkpt><trkpt lat="21.083666" lon="105.883662"><ele>-19.666</ele><time>2018-09-07T04:33:25Z</time></trkpt><trkpt lat="21.083714" lon="105.883654"><ele>-19.042</ele><time>2018-09-07T04:33:26Z</time></trkpt><trkpt lat="21.083759" lon="105.883650"><ele>-18.748</ele><time>2018-09-07T04:33:27Z</time></trkpt><trkpt lat="21.083804" lon="105.883648"><ele>-18.587</ele><time>2018-09-07T04:33:28Z</time></trkpt><trkpt lat="21.083896" lon="105.883641"><ele>-18.520</ele><time>2018-09-07T04:33:30Z</time></trkpt><trkpt lat="21.083941" lon="105.883635"><ele>-18.367</ele><time>2018-09-07T04:33:31Z</time></trkpt><trkpt lat="21.084030" lon="105.883623"><ele>-18.381</ele><time>2018-09-07T04:33:33Z</time></trkpt><trkpt lat="21.084110" lon="105.883610"><ele>-18.319</ele><time>2018-09-07T04:33:35Z</time></trkpt><trkpt lat="21.084186" lon="105.883604"><ele>-18.308</ele><time>2018-09-07T04:33:37Z</time></trkpt><trkpt lat="21.084252" lon="105.883590"><ele>-18.048</ele><time>2018-09-07T04:33:40Z</time></trkpt><trkpt lat="21.084325" lon="105.883579"><ele>-17.764</ele><time>2018-09-07T04:33:41Z</time></trkpt><trkpt lat="21.084415" lon="105.883568"><ele>-17.619</ele><time>2018-09-07T04:33:43Z</time></trkpt><trkpt lat="21.084469" lon="105.883566"><ele>-18.054</ele><time>2018-09-07T04:33:44Z</time></trkpt><trkpt lat="21.084522" lon="105.883562"><ele>-18.120</ele><time>2018-09-07T04:33:45Z</time></trkpt><trkpt lat="21.084570" lon="105.883556"><ele>-18.276</ele><time>2018-09-07T04:33:46Z</time></trkpt><trkpt lat="21.084620" lon="105.883550"><ele>-18.315</ele><time>2018-09-07T04:33:47Z</time></trkpt><trkpt lat="21.084673" lon="105.883545"><ele>-18.388</ele><time>2018-09-07T04:33:48Z</time></trkpt><trkpt lat="21.084727" lon="105.883539"><ele>-18.365</ele><time>2018-09-07T04:33:49Z</time></trkpt><trkpt lat="21.084780" lon="105.883532"><ele>-18.068</ele><time>2018-09-07T04:33:50Z</time></trkpt><trkpt lat="21.084835" lon="105.883529"><ele>-17.714</ele><time>2018-09-07T04:33:51Z</time></trkpt><trkpt lat="21.084888" lon="105.883527"><ele>-18.008</ele><time>2018-09-07T04:33:52Z</time></trkpt><trkpt lat="21.084937" lon="105.883527"><ele>-18.238</ele><time>2018-09-07T04:33:53Z</time></trkpt><trkpt lat="21.085027" lon="105.883522"><ele>-18.334</ele><time>2018-09-07T04:33:55Z</time></trkpt><trkpt lat="21.085114" lon="105.883515"><ele>-18.599</ele><time>2018-09-07T04:33:57Z</time></trkpt><trkpt lat="21.085162" lon="105.883511"><ele>-18.554</ele><time>2018-09-07T04:33:58Z</time></trkpt><trkpt lat="21.085207" lon="105.883509"><ele>-18.590</ele><time>2018-09-07T04:33:59Z</time></trkpt><trkpt lat="21.085272" lon="105.883503"><ele>-18.546</ele><time>2018-09-07T04:34:02Z</time></trkpt><trkpt lat="21.085320" lon="105.883496"><ele>-18.035</ele><time>2018-09-07T04:34:04Z</time></trkpt><trkpt lat="21.085365" lon="105.883491"><ele>-17.828</ele><time>2018-09-07T04:34:06Z</time></trkpt><trkpt lat="21.085423" lon="105.883485"><ele>-17.724</ele><time>2018-09-07T04:34:09Z</time></trkpt><trkpt lat="21.085470" lon="105.883476"><ele>-17.604</ele><time>2018-09-07T04:34:12Z</time></trkpt><trkpt lat="21.085512" lon="105.883459"><ele>-17.514</ele><time>2018-09-07T04:34:46Z</time></trkpt><trkpt lat="21.085572" lon="105.883473"><ele>-17.508</ele><time>2018-09-07T04:35:03Z</time></trkpt><trkpt lat="21.085619" lon="105.883450"><ele>-17.134</ele><time>2018-09-07T04:35:21Z</time></trkpt><trkpt lat="21.085641" lon="105.883404"><ele>-16.820</ele><time>2018-09-07T04:39:01Z</time></trkpt><trkpt lat="21.085618" lon="105.883446"><ele>-15.835</ele><time>2018-09-07T04:43:16Z</time></trkpt><trkpt lat="21.085568" lon="105.883460"><ele>-14.880</ele><time>2018-09-07T04:43:25Z</time></trkpt><trkpt lat="21.085652" lon="105.883456"><ele>-15.836</ele><time>2018-09-07T04:44:55Z</time></trkpt><trkpt lat="21.085735" lon="105.883468"><ele>-17.222</ele><time>2018-09-07T04:44:57Z</time></trkpt><trkpt lat="21.085791" lon="105.883472"><ele>-18.071</ele><time>2018-09-07T04:44:58Z</time></trkpt><trkpt lat="21.085853" lon="105.883473"><ele>-19.054</ele><time>2018-09-07T04:44:59Z</time></trkpt><trkpt lat="21.085928" lon="105.883468"><ele>-19.538</ele><time>2018-09-07T04:45:00Z</time></trkpt><trkpt lat="21.085998" lon="105.883463"><ele>-19.870</ele><time>2018-09-07T04:45:01Z</time></trkpt><trkpt lat="21.086075" lon="105.883459"><ele>-20.317</ele><time>2018-09-07T04:45:02Z</time></trkpt><trkpt lat="21.086153" lon="105.883457"><ele>-21.108</ele><time>2018-09-07T04:45:03Z</time></trkpt><trkpt lat="21.086232" lon="105.883451"><ele>-21.615</ele><time>2018-09-07T04:45:04Z</time></trkpt><trkpt lat="21.086304" lon="105.883442"><ele>-22.361</ele><time>2018-09-07T04:45:05Z</time></trkpt><trkpt lat="21.086371" lon="105.883433"><ele>-22.346</ele><time>2018-09-07T04:45:06Z</time></trkpt><trkpt lat="21.086436" lon="105.883425"><ele>-22.371</ele><time>2018-09-07T04:45:07Z</time></trkpt><trkpt lat="21.086504" lon="105.883417"><ele>-22.347</ele><time>2018-09-07T04:45:08Z</time></trkpt><trkpt lat="21.086567" lon="105.883412"><ele>-22.393</ele><time>2018-09-07T04:45:09Z</time></trkpt><trkpt lat="21.086631" lon="105.883406"><ele>-22.352</ele><time>2018-09-07T04:45:10Z</time></trkpt><trkpt lat="21.086689" lon="105.883399"><ele>-22.375</ele><time>2018-09-07T04:45:11Z</time></trkpt><trkpt lat="21.086752" lon="105.883388"><ele>-22.031</ele><time>2018-09-07T04:45:12Z</time></trkpt><trkpt lat="21.086817" lon="105.883381"><ele>-21.861</ele><time>2018-09-07T04:45:13Z</time></trkpt><trkpt lat="21.086881" lon="105.883375"><ele>-21.607</ele><time>2018-09-07T04:45:14Z</time></trkpt><trkpt lat="21.086944" lon="105.883366"><ele>-21.508</ele><time>2018-09-07T04:45:15Z</time></trkpt><trkpt lat="21.087013" lon="105.883362"><ele>-21.535</ele><time>2018-09-07T04:45:16Z</time></trkpt><trkpt lat="21.087085" lon="105.883356"><ele>-21.531</ele><time>2018-09-07T04:45:17Z</time></trkpt><trkpt lat="21.087146" lon="105.883348"><ele>-21.526</ele><time>2018-09-07T04:45:18Z</time></trkpt><trkpt lat="21.087213" lon="105.883341"><ele>-21.511</ele><time>2018-09-07T04:45:19Z</time></trkpt><trkpt lat="21.087279" lon="105.883336"><ele>-21.567</ele><time>2018-09-07T04:45:20Z</time></trkpt><trkpt lat="21.087343" lon="105.883330"><ele>-21.513</ele><time>2018-09-07T04:45:21Z</time></trkpt><trkpt lat="21.087412" lon="105.883326"><ele>-21.542</ele><time>2018-09-07T04:45:22Z</time></trkpt><trkpt lat="21.087480" lon="105.883321"><ele>-21.555</ele><time>2018-09-07T04:45:23Z</time></trkpt><trkpt lat="21.087539" lon="105.883311"><ele>-21.573</ele><time>2018-09-07T04:45:24Z</time></trkpt><trkpt lat="21.087590" lon="105.883304"><ele>-21.085</ele><time>2018-09-07T04:45:25Z</time></trkpt><trkpt lat="21.087639" lon="105.883297"><ele>-20.813</ele><time>2018-09-07T04:45:26Z</time></trkpt><trkpt lat="21.087688" lon="105.883287"><ele>-20.808</ele><time>2018-09-07T04:45:27Z</time></trkpt><trkpt lat="21.087733" lon="105.883281"><ele>-20.699</ele><time>2018-09-07T04:45:28Z</time></trkpt><trkpt lat="21.087779" lon="105.883274"><ele>-20.165</ele><time>2018-09-07T04:45:29Z</time></trkpt><trkpt lat="21.087826" lon="105.883269"><ele>-19.890</ele><time>2018-09-07T04:45:30Z</time></trkpt><trkpt lat="21.087874" lon="105.883264"><ele>-19.655</ele><time>2018-09-07T04:45:31Z</time></trkpt><trkpt lat="21.087926" lon="105.883258"><ele>-19.541</ele><time>2018-09-07T04:45:32Z</time></trkpt><trkpt lat="21.087982" lon="105.883253"><ele>-19.577</ele><time>2018-09-07T04:45:33Z</time></trkpt><trkpt lat="21.088039" lon="105.883248"><ele>-19.556</ele><time>2018-09-07T04:45:34Z</time></trkpt><trkpt lat="21.088099" lon="105.883242"><ele>-19.569</ele><time>2018-09-07T04:45:35Z</time></trkpt><trkpt lat="21.088159" lon="105.883234"><ele>-19.579</ele><time>2018-09-07T04:45:36Z</time></trkpt><trkpt lat="21.088218" lon="105.883229"><ele>-19.505</ele><time>2018-09-07T04:45:37Z</time></trkpt><trkpt lat="21.088276" lon="105.883227"><ele>-19.025</ele><time>2018-09-07T04:45:38Z</time></trkpt><trkpt lat="21.088332" lon="105.883223"><ele>-19.308</ele><time>2018-09-07T04:45:39Z</time></trkpt><trkpt lat="21.088388" lon="105.883217"><ele>-19.099</ele><time>2018-09-07T04:45:40Z</time></trkpt><trkpt lat="21.088450" lon="105.883208"><ele>-18.775</ele><time>2018-09-07T04:45:41Z</time></trkpt><trkpt lat="21.088515" lon="105.883202"><ele>-19.020</ele><time>2018-09-07T04:45:42Z</time></trkpt><trkpt lat="21.088579" lon="105.883195"><ele>-19.385</ele><time>2018-09-07T04:45:43Z</time></trkpt><trkpt lat="21.088641" lon="105.883191"><ele>-19.331</ele><time>2018-09-07T04:45:44Z</time></trkpt><trkpt lat="21.088702" lon="105.883185"><ele>-19.597</ele><time>2018-09-07T04:45:45Z</time></trkpt><trkpt lat="21.088765" lon="105.883180"><ele>-19.516</ele><time>2018-09-07T04:45:46Z</time></trkpt><trkpt lat="21.088825" lon="105.883174"><ele>-19.539</ele><time>2018-09-07T04:45:47Z</time></trkpt><trkpt lat="21.088884" lon="105.883169"><ele>-19.541</ele><time>2018-09-07T04:45:48Z</time></trkpt><trkpt lat="21.088947" lon="105.883162"><ele>-19.581</ele><time>2018-09-07T04:45:49Z</time></trkpt><trkpt lat="21.089002" lon="105.883158"><ele>-19.509</ele><time>2018-09-07T04:45:50Z</time></trkpt><trkpt lat="21.089057" lon="105.883151"><ele>-19.008</ele><time>2018-09-07T04:45:51Z</time></trkpt><trkpt lat="21.089112" lon="105.883145"><ele>-18.836</ele><time>2018-09-07T04:45:52Z</time></trkpt><trkpt lat="21.089165" lon="105.883140"><ele>-18.792</ele><time>2018-09-07T04:45:53Z</time></trkpt><trkpt lat="21.089216" lon="105.883132"><ele>-18.677</ele><time>2018-09-07T04:45:54Z</time></trkpt><trkpt lat="21.089269" lon="105.883124"><ele>-18.532</ele><time>2018-09-07T04:45:55Z</time></trkpt><trkpt lat="21.089317" lon="105.883118"><ele>-19.048</ele><time>2018-09-07T04:45:56Z</time></trkpt><trkpt lat="21.089407" lon="105.883105"><ele>-18.724</ele><time>2018-09-07T04:45:58Z</time></trkpt><trkpt lat="21.089453" lon="105.883101"><ele>-18.663</ele><time>2018-09-07T04:45:59Z</time></trkpt><trkpt lat="21.089499" lon="105.883089"><ele>-18.516</ele><time>2018-09-07T04:46:00Z</time></trkpt><trkpt lat="21.089548" lon="105.883048"><ele>-18.521</ele><time>2018-09-07T04:46:01Z</time></trkpt><trkpt lat="21.089578" lon="105.883000"><ele>-18.541</ele><time>2018-09-07T04:46:02Z</time></trkpt><trkpt lat="21.089600" lon="105.882942"><ele>-18.505</ele><time>2018-09-07T04:46:03Z</time></trkpt><trkpt lat="21.089618" lon="105.882886"><ele>-18.508</ele><time>2018-09-07T04:46:04Z</time></trkpt><trkpt lat="21.089633" lon="105.882835"><ele>-18.534</ele><time>2018-09-07T04:46:05Z</time></trkpt><trkpt lat="21.089645" lon="105.882769"><ele>-19.020</ele><time>2018-09-07T04:46:07Z</time></trkpt><trkpt lat="21.089650" lon="105.882718"><ele>-19.185</ele><time>2018-09-07T04:46:09Z</time></trkpt><trkpt lat="21.089660" lon="105.882663"><ele>-19.350</ele><time>2018-09-07T04:46:11Z</time></trkpt><trkpt lat="21.089701" lon="105.882620"><ele>-19.076</ele><time>2018-09-07T04:46:14Z</time></trkpt><trkpt lat="21.089777" lon="105.882616"><ele>-18.792</ele><time>2018-09-07T04:46:15Z</time></trkpt><trkpt lat="21.089828" lon="105.882623"><ele>-18.621</ele><time>2018-09-07T04:46:16Z</time></trkpt><trkpt lat="21.089890" lon="105.882635"><ele>-18.514</ele><time>2018-09-07T04:46:17Z</time></trkpt><trkpt lat="21.089951" lon="105.882646"><ele>-19.061</ele><time>2018-09-07T04:46:18Z</time></trkpt><trkpt lat="21.090016" lon="105.882651"><ele>-19.121</ele><time>2018-09-07T04:46:19Z</time></trkpt><trkpt lat="21.090080" lon="105.882664"><ele>-19.313</ele><time>2018-09-07T04:46:20Z</time></trkpt><trkpt lat="21.090147" lon="105.882671"><ele>-19.308</ele><time>2018-09-07T04:46:21Z</time></trkpt><trkpt lat="21.090214" lon="105.882681"><ele>-19.388</ele><time>2018-09-07T04:46:22Z</time></trkpt><trkpt lat="21.090275" lon="105.882688"><ele>-19.364</ele><time>2018-09-07T04:46:23Z</time></trkpt><trkpt lat="21.090334" lon="105.882691"><ele>-19.339</ele><time>2018-09-07T04:46:24Z</time></trkpt><trkpt lat="21.090391" lon="105.882694"><ele>-19.354</ele><time>2018-09-07T04:46:25Z</time></trkpt><trkpt lat="21.090446" lon="105.882697"><ele>-19.840</ele><time>2018-09-07T04:46:26Z</time></trkpt><trkpt lat="21.090501" lon="105.882704"><ele>-20.016</ele><time>2018-09-07T04:46:27Z</time></trkpt><trkpt lat="21.090563" lon="105.882710"><ele>-20.025</ele><time>2018-09-07T04:46:28Z</time></trkpt><trkpt lat="21.090623" lon="105.882718"><ele>-20.148</ele><time>2018-09-07T04:46:29Z</time></trkpt><trkpt lat="21.090682" lon="105.882726"><ele>-20.637</ele><time>2018-09-07T04:46:30Z</time></trkpt><trkpt lat="21.090740" lon="105.882731"><ele>-21.049</ele><time>2018-09-07T04:46:31Z</time></trkpt><trkpt lat="21.090792" lon="105.882734"><ele>-21.113</ele><time>2018-09-07T04:46:32Z</time></trkpt><trkpt lat="21.090846" lon="105.882735"><ele>-21.308</ele><time>2018-09-07T04:46:33Z</time></trkpt><trkpt lat="21.090903" lon="105.882733"><ele>-21.365</ele><time>2018-09-07T04:46:34Z</time></trkpt><trkpt lat="21.090963" lon="105.882729"><ele>-21.361</ele><time>2018-09-07T04:46:35Z</time></trkpt><trkpt lat="21.091024" lon="105.882733"><ele>-21.316</ele><time>2018-09-07T04:46:36Z</time></trkpt><trkpt lat="21.091088" lon="105.882732"><ele>-21.371</ele><time>2018-09-07T04:46:37Z</time></trkpt><trkpt lat="21.091149" lon="105.882731"><ele>-21.377</ele><time>2018-09-07T04:46:38Z</time></trkpt><trkpt lat="21.091209" lon="105.882734"><ele>-21.873</ele><time>2018-09-07T04:46:39Z</time></trkpt><trkpt lat="21.091263" lon="105.882734"><ele>-22.032</ele><time>2018-09-07T04:46:40Z</time></trkpt><trkpt lat="21.091323" lon="105.882735"><ele>-22.085</ele><time>2018-09-07T04:46:41Z</time></trkpt><trkpt lat="21.091383" lon="105.882733"><ele>-22.118</ele><time>2018-09-07T04:46:42Z</time></trkpt><trkpt lat="21.091439" lon="105.882732"><ele>-22.398</ele><time>2018-09-07T04:46:43Z</time></trkpt><trkpt lat="21.091498" lon="105.882733"><ele>-22.317</ele><time>2018-09-07T04:46:44Z</time></trkpt><trkpt lat="21.091550" lon="105.882734"><ele>-21.808</ele><time>2018-09-07T04:46:45Z</time></trkpt><trkpt lat="21.091603" lon="105.882733"><ele>-21.653</ele><time>2018-09-07T04:46:46Z</time></trkpt><trkpt lat="21.091651" lon="105.882732"><ele>-21.599</ele><time>2018-09-07T04:46:47Z</time></trkpt><trkpt lat="21.091703" lon="105.882733"><ele>-21.524</ele><time>2018-09-07T04:46:48Z</time></trkpt><trkpt lat="21.091769" lon="105.882739"><ele>-21.569</ele><time>2018-09-07T04:46:50Z</time></trkpt><trkpt lat="21.091832" lon="105.882742"><ele>-21.535</ele><time>2018-09-07T04:46:51Z</time></trkpt><trkpt lat="21.091888" lon="105.882744"><ele>-21.521</ele><time>2018-09-07T04:46:52Z</time></trkpt><trkpt lat="21.091935" lon="105.882751"><ele>-21.560</ele><time>2018-09-07T04:46:53Z</time></trkpt><trkpt lat="21.091992" lon="105.882755"><ele>-21.523</ele><time>2018-09-07T04:46:54Z</time></trkpt><trkpt lat="21.092053" lon="105.882758"><ele>-21.859</ele><time>2018-09-07T04:46:55Z</time></trkpt><trkpt lat="21.092104" lon="105.882766"><ele>-22.003</ele><time>2018-09-07T04:46:56Z</time></trkpt><trkpt lat="21.092163" lon="105.882772"><ele>-22.123</ele><time>2018-09-07T04:46:57Z</time></trkpt><trkpt lat="21.092229" lon="105.882772"><ele>-22.308</ele><time>2018-09-07T04:46:58Z</time></trkpt><trkpt lat="21.092291" lon="105.882774"><ele>-22.317</ele><time>2018-09-07T04:46:59Z</time></trkpt><trkpt lat="21.092355" lon="105.882774"><ele>-22.333</ele><time>2018-09-07T04:47:00Z</time></trkpt><trkpt lat="21.092421" lon="105.882773"><ele>-22.398</ele><time>2018-09-07T04:47:01Z</time></trkpt><trkpt lat="21.092483" lon="105.882775"><ele>-22.353</ele><time>2018-09-07T04:47:02Z</time></trkpt><trkpt lat="21.092536" lon="105.882782"><ele>-22.319</ele><time>2018-09-07T04:47:03Z</time></trkpt><trkpt lat="21.092591" lon="105.882785"><ele>-22.875</ele><time>2018-09-07T04:47:04Z</time></trkpt><trkpt lat="21.092656" lon="105.882788"><ele>-23.074</ele><time>2018-09-07T04:47:07Z</time></trkpt><trkpt lat="21.092721" lon="105.882791"><ele>-23.097</ele><time>2018-09-07T04:47:10Z</time></trkpt><trkpt lat="21.092810" lon="105.882844"><ele>-23.153</ele><time>2018-09-07T04:47:12Z</time></trkpt><trkpt lat="21.092826" lon="105.882938"><ele>-23.604</ele><time>2018-09-07T04:47:14Z</time></trkpt><trkpt lat="21.092835" lon="105.883024"><ele>-24.014</ele><time>2018-09-07T04:47:16Z</time></trkpt><trkpt lat="21.092844" lon="105.883097"><ele>-24.508</ele><time>2018-09-07T04:47:19Z</time></trkpt><trkpt lat="21.092865" lon="105.883144"><ele>-24.547</ele><time>2018-09-07T04:47:21Z</time></trkpt><trkpt lat="21.092903" lon="105.883176"><ele>-24.553</ele><time>2018-09-07T04:47:23Z</time></trkpt><trkpt lat="21.092956" lon="105.883199"><ele>-24.518</ele><time>2018-09-07T04:47:25Z</time></trkpt><trkpt lat="21.093014" lon="105.883221"><ele>-24.893</ele><time>2018-09-07T04:47:27Z</time></trkpt><trkpt lat="21.093052" lon="105.883255"><ele>-25.029</ele><time>2018-09-07T04:47:29Z</time></trkpt><trkpt lat="21.093082" lon="105.883312"><ele>-25.115</ele><time>2018-09-07T04:47:31Z</time></trkpt><trkpt lat="21.093165" lon="105.883446"><ele>-25.324</ele><time>2018-09-07T04:47:33Z</time></trkpt><trkpt lat="21.093218" lon="105.883474"><ele>-25.737</ele><time>2018-09-07T04:47:34Z</time></trkpt><trkpt lat="21.093270" lon="105.883489"><ele>-26.088</ele><time>2018-09-07T04:47:35Z</time></trkpt><trkpt lat="21.093324" lon="105.883505"><ele>-26.224</ele><time>2018-09-07T04:47:36Z</time></trkpt><trkpt lat="21.093385" lon="105.883519"><ele>-26.326</ele><time>2018-09-07T04:47:37Z</time></trkpt><trkpt lat="21.093435" lon="105.883532"><ele>-26.408</ele><time>2018-09-07T04:47:38Z</time></trkpt><trkpt lat="21.093493" lon="105.883544"><ele>-26.450</ele><time>2018-09-07T04:47:39Z</time></trkpt><trkpt lat="21.093546" lon="105.883565"><ele>-26.426</ele><time>2018-09-07T04:47:40Z</time></trkpt><trkpt lat="21.093596" lon="105.883591"><ele>-26.441</ele><time>2018-09-07T04:47:41Z</time></trkpt><trkpt lat="21.093643" lon="105.883614"><ele>-26.476</ele><time>2018-09-07T04:47:42Z</time></trkpt><trkpt lat="21.093694" lon="105.883631"><ele>-26.482</ele><time>2018-09-07T04:47:43Z</time></trkpt><trkpt lat="21.093748" lon="105.883648"><ele>-26.488</ele><time>2018-09-07T04:47:44Z</time></trkpt><trkpt lat="21.093805" lon="105.883660"><ele>-26.817</ele><time>2018-09-07T04:47:45Z</time></trkpt><trkpt lat="21.093861" lon="105.883678"><ele>-27.080</ele><time>2018-09-07T04:47:46Z</time></trkpt><trkpt lat="21.093918" lon="105.883697"><ele>-27.535</ele><time>2018-09-07T04:47:47Z</time></trkpt><trkpt lat="21.093974" lon="105.883712"><ele>-27.886</ele><time>2018-09-07T04:47:48Z</time></trkpt><trkpt lat="21.094035" lon="105.883730"><ele>-28.014</ele><time>2018-09-07T04:47:49Z</time></trkpt><trkpt lat="21.094097" lon="105.883747"><ele>-28.508</ele><time>2018-09-07T04:47:50Z</time></trkpt><trkpt lat="21.094153" lon="105.883763"><ele>-28.825</ele><time>2018-09-07T04:47:51Z</time></trkpt><trkpt lat="21.094210" lon="105.883780"><ele>-29.031</ele><time>2018-09-07T04:47:52Z</time></trkpt><trkpt lat="21.094274" lon="105.883801"><ele>-29.526</ele><time>2018-09-07T04:47:53Z</time></trkpt><trkpt lat="21.094339" lon="105.883817"><ele>-29.471</ele><time>2018-09-07T04:47:54Z</time></trkpt><trkpt lat="21.094405" lon="105.883828"><ele>-29.337</ele><time>2018-09-07T04:47:55Z</time></trkpt><trkpt lat="21.094469" lon="105.883838"><ele>-29.343</ele><time>2018-09-07T04:47:56Z</time></trkpt><trkpt lat="21.094528" lon="105.883855"><ele>-29.392</ele><time>2018-09-07T04:47:57Z</time></trkpt><trkpt lat="21.094591" lon="105.883868"><ele>-29.755</ele><time>2018-09-07T04:47:58Z</time></trkpt><trkpt lat="21.094652" lon="105.883889"><ele>-29.916</ele><time>2018-09-07T04:47:59Z</time></trkpt><trkpt lat="21.094712" lon="105.883903"><ele>-30.076</ele><time>2018-09-07T04:48:00Z</time></trkpt><trkpt lat="21.094769" lon="105.883917"><ele>-30.113</ele><time>2018-09-07T04:48:01Z</time></trkpt><trkpt lat="21.094828" lon="105.883929"><ele>-30.208</ele><time>2018-09-07T04:48:02Z</time></trkpt><trkpt lat="21.094883" lon="105.883942"><ele>-30.673</ele><time>2018-09-07T04:48:03Z</time></trkpt><trkpt lat="21.094940" lon="105.883956"><ele>-30.959</ele><time>2018-09-07T04:48:04Z</time></trkpt><trkpt lat="21.094996" lon="105.883973"><ele>-31.114</ele><time>2018-09-07T04:48:05Z</time></trkpt><trkpt lat="21.095055" lon="105.883988"><ele>-31.259</ele><time>2018-09-07T04:48:06Z</time></trkpt><trkpt lat="21.095113" lon="105.883999"><ele>-31.335</ele><time>2018-09-07T04:48:07Z</time></trkpt><trkpt lat="21.095170" lon="105.884015"><ele>-30.521</ele><time>2018-09-07T04:48:08Z</time></trkpt><trkpt lat="21.095218" lon="105.884019"><ele>-30.050</ele><time>2018-09-07T04:48:09Z</time></trkpt><trkpt lat="21.095265" lon="105.884020"><ele>-29.713</ele><time>2018-09-07T04:48:10Z</time></trkpt><trkpt lat="21.095345" lon="105.883975"><ele>-29.553</ele><time>2018-09-07T04:48:12Z</time></trkpt><trkpt lat="21.095378" lon="105.883942"><ele>-29.404</ele><time>2018-09-07T04:48:13Z</time></trkpt><trkpt lat="21.095401" lon="105.883897"><ele>-29.314</ele><time>2018-09-07T04:48:14Z</time></trkpt><trkpt lat="21.095421" lon="105.883850"><ele>-29.308</ele><time>2018-09-07T04:48:15Z</time></trkpt><trkpt lat="21.095439" lon="105.883804"><ele>-29.357</ele><time>2018-09-07T04:48:16Z</time></trkpt><trkpt lat="21.095468" lon="105.883709"><ele>-28.983</ele><time>2018-09-07T04:48:18Z</time></trkpt><trkpt lat="21.095483" lon="105.883657"><ele>-28.778</ele><time>2018-09-07T04:48:19Z</time></trkpt><trkpt lat="21.095502" lon="105.883592"><ele>-28.693</ele><time>2018-09-07T04:48:20Z</time></trkpt><trkpt lat="21.095520" lon="105.883533"><ele>-28.539</ele><time>2018-09-07T04:48:21Z</time></trkpt><trkpt lat="21.095543" lon="105.883479"><ele>-28.425</ele><time>2018-09-07T04:48:22Z</time></trkpt><trkpt lat="21.095574" lon="105.883422"><ele>-28.444</ele><time>2018-09-07T04:48:23Z</time></trkpt><trkpt lat="21.095610" lon="105.883374"><ele>-28.427</ele><time>2018-09-07T04:48:24Z</time></trkpt><trkpt lat="21.095642" lon="105.883334"><ele>-28.057</ele><time>2018-09-07T04:48:26Z</time></trkpt><trkpt lat="21.095672" lon="105.883297"><ele>-27.800</ele><time>2018-09-07T04:48:28Z</time></trkpt><trkpt lat="21.095718" lon="105.883245"><ele>-27.320</ele><time>2018-09-07T04:48:31Z</time></trkpt><trkpt lat="21.095750" lon="105.883204"><ele>-27.008</ele><time>2018-09-07T04:48:33Z</time></trkpt><trkpt lat="21.095783" lon="105.883159"><ele>-26.447</ele><time>2018-09-07T04:48:35Z</time></trkpt><trkpt lat="21.095844" lon="105.883083"><ele>-26.023</ele><time>2018-09-07T04:48:36Z</time></trkpt><trkpt lat="21.095875" lon="105.883040"><ele>-25.078</ele><time>2018-09-07T04:48:37Z</time></trkpt><trkpt lat="21.095908" lon="105.883001"><ele>-24.023</ele><time>2018-09-07T04:48:39Z</time></trkpt><trkpt lat="21.095953" lon="105.882960"><ele>-23.589</ele><time>2018-09-07T04:48:41Z</time></trkpt><trkpt lat="21.096071" lon="105.882896"><ele>-22.655</ele><time>2018-09-07T04:48:43Z</time></trkpt><trkpt lat="21.096118" lon="105.882907"><ele>-22.114</ele><time>2018-09-07T04:48:44Z</time></trkpt><trkpt lat="21.096167" lon="105.882925"><ele>-21.577</ele><time>2018-09-07T04:48:45Z</time></trkpt><trkpt lat="21.096214" lon="105.882948"><ele>-21.567</ele><time>2018-09-07T04:48:46Z</time></trkpt><trkpt lat="21.096275" lon="105.882972"><ele>-21.081</ele><time>2018-09-07T04:48:48Z</time></trkpt><trkpt lat="21.096321" lon="105.882975"><ele>-20.819</ele><time>2018-09-07T04:48:50Z</time></trkpt><trkpt lat="21.096380" lon="105.882945"><ele>-20.808</ele><time>2018-09-07T04:48:51Z</time></trkpt><trkpt lat="21.096403" lon="105.882890"><ele>-20.688</ele><time>2018-09-07T04:48:52Z</time></trkpt><trkpt lat="21.096432" lon="105.882829"><ele>-20.534</ele><time>2018-09-07T04:48:53Z</time></trkpt><trkpt lat="21.096463" lon="105.882762"><ele>-21.049</ele><time>2018-09-07T04:48:54Z</time></trkpt><trkpt lat="21.096484" lon="105.882696"><ele>-21.114</ele><time>2018-09-07T04:48:55Z</time></trkpt><trkpt lat="21.096503" lon="105.882627"><ele>-21.670</ele><time>2018-09-07T04:48:56Z</time></trkpt><trkpt lat="21.096522" lon="105.882553"><ele>-22.096</ele><time>2018-09-07T04:48:57Z</time></trkpt><trkpt lat="21.096541" lon="105.882481"><ele>-22.145</ele><time>2018-09-07T04:48:58Z</time></trkpt><trkpt lat="21.096555" lon="105.882414"><ele>-22.318</ele><time>2018-09-07T04:48:59Z</time></trkpt><trkpt lat="21.096570" lon="105.882347"><ele>-22.893</ele><time>2018-09-07T04:49:00Z</time></trkpt><trkpt lat="21.096581" lon="105.882281"><ele>-23.065</ele><time>2018-09-07T04:49:01Z</time></trkpt><trkpt lat="21.096600" lon="105.882213"><ele>-23.321</ele><time>2018-09-07T04:49:02Z</time></trkpt><trkpt lat="21.096619" lon="105.882147"><ele>-23.308</ele><time>2018-09-07T04:49:03Z</time></trkpt><trkpt lat="21.096636" lon="105.882084"><ele>-23.521</ele><time>2018-09-07T04:49:04Z</time></trkpt><trkpt lat="21.096656" lon="105.882020"><ele>-23.577</ele><time>2018-09-07T04:49:05Z</time></trkpt><trkpt lat="21.096674" lon="105.881956"><ele>-23.512</ele><time>2018-09-07T04:49:06Z</time></trkpt><trkpt lat="21.096693" lon="105.881895"><ele>-23.527</ele><time>2018-09-07T04:49:07Z</time></trkpt><trkpt lat="21.096715" lon="105.881833"><ele>-23.563</ele><time>2018-09-07T04:49:08Z</time></trkpt><trkpt lat="21.096732" lon="105.881776"><ele>-23.549</ele><time>2018-09-07T04:49:09Z</time></trkpt><trkpt lat="21.096747" lon="105.881718"><ele>-23.588</ele><time>2018-09-07T04:49:10Z</time></trkpt><trkpt lat="21.096763" lon="105.881657"><ele>-23.021</ele><time>2018-09-07T04:49:11Z</time></trkpt><trkpt lat="21.096779" lon="105.881600"><ele>-22.891</ele><time>2018-09-07T04:49:12Z</time></trkpt><trkpt lat="21.096798" lon="105.881541"><ele>-22.881</ele><time>2018-09-07T04:49:13Z</time></trkpt><trkpt lat="21.096810" lon="105.881488"><ele>-22.319</ele><time>2018-09-07T04:49:14Z</time></trkpt><trkpt lat="21.096824" lon="105.881430"><ele>-22.308</ele><time>2018-09-07T04:49:15Z</time></trkpt><trkpt lat="21.096837" lon="105.881368"><ele>-22.061</ele><time>2018-09-07T04:49:16Z</time></trkpt><trkpt lat="21.096849" lon="105.881305"><ele>-21.877</ele><time>2018-09-07T04:49:17Z</time></trkpt><trkpt lat="21.096864" lon="105.881243"><ele>-22.172</ele><time>2018-09-07T04:49:18Z</time></trkpt><trkpt lat="21.096879" lon="105.881182"><ele>-22.027</ele><time>2018-09-07T04:49:19Z</time></trkpt><trkpt lat="21.096890" lon="105.881122"><ele>-21.883</ele><time>2018-09-07T04:49:20Z</time></trkpt><trkpt lat="21.096904" lon="105.881063"><ele>-21.849</ele><time>2018-09-07T04:49:21Z</time></trkpt><trkpt lat="21.096916" lon="105.881009"><ele>-21.678</ele><time>2018-09-07T04:49:22Z</time></trkpt><trkpt lat="21.096931" lon="105.880958"><ele>-22.071</ele><time>2018-09-07T04:49:23Z</time></trkpt><trkpt lat="21.096937" lon="105.880900"><ele>-21.837</ele><time>2018-09-07T04:49:24Z</time></trkpt><trkpt lat="21.096942" lon="105.880841"><ele>-21.849</ele><time>2018-09-07T04:49:25Z</time></trkpt><trkpt lat="21.096953" lon="105.880790"><ele>-21.613</ele><time>2018-09-07T04:49:26Z</time></trkpt><trkpt lat="21.096968" lon="105.880738"><ele>-21.608</ele><time>2018-09-07T04:49:27Z</time></trkpt><trkpt lat="21.096981" lon="105.880687"><ele>-22.015</ele><time>2018-09-07T04:49:28Z</time></trkpt><trkpt lat="21.096997" lon="105.880635"><ele>-22.311</ele><time>2018-09-07T04:49:29Z</time></trkpt><trkpt lat="21.097008" lon="105.880582"><ele>-22.316</ele><time>2018-09-07T04:49:30Z</time></trkpt><trkpt lat="21.097018" lon="105.880519"><ele>-22.521</ele><time>2018-09-07T04:49:31Z</time></trkpt><trkpt lat="21.097035" lon="105.880454"><ele>-22.897</ele><time>2018-09-07T04:49:32Z</time></trkpt><trkpt lat="21.097053" lon="105.880389"><ele>-23.193</ele><time>2018-09-07T04:49:33Z</time></trkpt><trkpt lat="21.097071" lon="105.880319"><ele>-23.342</ele><time>2018-09-07T04:49:34Z</time></trkpt><trkpt lat="21.097090" lon="105.880243"><ele>-23.065</ele><time>2018-09-07T04:49:35Z</time></trkpt><trkpt lat="21.097109" lon="105.880165"><ele>-22.834</ele><time>2018-09-07T04:49:36Z</time></trkpt><trkpt lat="21.097130" lon="105.880089"><ele>-22.855</ele><time>2018-09-07T04:49:37Z</time></trkpt><trkpt lat="21.097150" lon="105.880007"><ele>-22.610</ele><time>2018-09-07T04:49:38Z</time></trkpt><trkpt lat="21.097170" lon="105.879927"><ele>-22.608</ele><time>2018-09-07T04:49:39Z</time></trkpt><trkpt lat="21.097191" lon="105.879847"><ele>-22.385</ele><time>2018-09-07T04:49:40Z</time></trkpt><trkpt lat="21.097211" lon="105.879765"><ele>-22.051</ele><time>2018-09-07T04:49:41Z</time></trkpt><trkpt lat="21.097229" lon="105.879684"><ele>-21.856</ele><time>2018-09-07T04:49:42Z</time></trkpt><trkpt lat="21.097246" lon="105.879601"><ele>-21.681</ele><time>2018-09-07T04:49:43Z</time></trkpt><trkpt lat="21.097262" lon="105.879515"><ele>-21.517</ele><time>2018-09-07T04:49:44Z</time></trkpt><trkpt lat="21.097282" lon="105.879432"><ele>-21.523</ele><time>2018-09-07T04:49:45Z</time></trkpt><trkpt lat="21.097302" lon="105.879345"><ele>-21.522</ele><time>2018-09-07T04:49:46Z</time></trkpt><trkpt lat="21.097319" lon="105.879264"><ele>-21.175</ele><time>2018-09-07T04:49:47Z</time></trkpt><trkpt lat="21.097338" lon="105.879185"><ele>-21.078</ele><time>2018-09-07T04:49:48Z</time></trkpt><trkpt lat="21.097356" lon="105.879102"><ele>-20.533</ele><time>2018-09-07T04:49:49Z</time></trkpt><trkpt lat="21.097375" lon="105.879023"><ele>-20.126</ele><time>2018-09-07T04:49:50Z</time></trkpt><trkpt lat="21.097394" lon="105.878950"><ele>-20.008</ele><time>2018-09-07T04:49:51Z</time></trkpt><trkpt lat="21.097410" lon="105.878878"><ele>-19.839</ele><time>2018-09-07T04:49:52Z</time></trkpt><trkpt lat="21.097429" lon="105.878807"><ele>-19.875</ele><time>2018-09-07T04:49:53Z</time></trkpt><trkpt lat="21.097445" lon="105.878740"><ele>-19.880</ele><time>2018-09-07T04:49:54Z</time></trkpt><trkpt lat="21.097461" lon="105.878670"><ele>-19.895</ele><time>2018-09-07T04:49:55Z</time></trkpt><trkpt lat="21.097476" lon="105.878600"><ele>-19.871</ele><time>2018-09-07T04:49:56Z</time></trkpt><trkpt lat="21.097491" lon="105.878534"><ele>-19.847</ele><time>2018-09-07T04:49:57Z</time></trkpt><trkpt lat="21.097511" lon="105.878467"><ele>-19.866</ele><time>2018-09-07T04:49:58Z</time></trkpt><trkpt lat="21.097529" lon="105.878399"><ele>-19.829</ele><time>2018-09-07T04:49:59Z</time></trkpt><trkpt lat="21.097547" lon="105.878328"><ele>-19.817</ele><time>2018-09-07T04:50:00Z</time></trkpt><trkpt lat="21.097564" lon="105.878255"><ele>-19.387</ele><time>2018-09-07T04:50:01Z</time></trkpt><trkpt lat="21.097583" lon="105.878183"><ele>-19.115</ele><time>2018-09-07T04:50:02Z</time></trkpt><trkpt lat="21.097601" lon="105.878109"><ele>-19.008</ele><time>2018-09-07T04:50:03Z</time></trkpt><trkpt lat="21.097615" lon="105.878035"><ele>-19.063</ele><time>2018-09-07T04:50:04Z</time></trkpt><trkpt lat="21.097633" lon="105.877965"><ele>-18.829</ele><time>2018-09-07T04:50:05Z</time></trkpt><trkpt lat="21.097651" lon="105.877898"><ele>-18.854</ele><time>2018-09-07T04:50:06Z</time></trkpt><trkpt lat="21.097669" lon="105.877834"><ele>-19.399</ele><time>2018-09-07T04:50:07Z</time></trkpt><trkpt lat="21.097686" lon="105.877766"><ele>-19.565</ele><time>2018-09-07T04:50:08Z</time></trkpt><trkpt lat="21.097705" lon="105.877697"><ele>-19.521</ele><time>2018-09-07T04:50:09Z</time></trkpt><trkpt lat="21.097721" lon="105.877626"><ele>-19.650</ele><time>2018-09-07T04:50:10Z</time></trkpt><trkpt lat="21.097735" lon="105.877553"><ele>-19.373</ele><time>2018-09-07T04:50:11Z</time></trkpt><trkpt lat="21.097747" lon="105.877476"><ele>-19.599</ele><time>2018-09-07T04:50:12Z</time></trkpt><trkpt lat="21.097766" lon="105.877399"><ele>-19.507</ele><time>2018-09-07T04:50:13Z</time></trkpt><trkpt lat="21.097782" lon="105.877320"><ele>-19.327</ele><time>2018-09-07T04:50:14Z</time></trkpt><trkpt lat="21.097800" lon="105.877236"><ele>-19.008</ele><time>2018-09-07T04:50:15Z</time></trkpt><trkpt lat="21.097818" lon="105.877152"><ele>-19.061</ele><time>2018-09-07T04:50:16Z</time></trkpt><trkpt lat="21.097839" lon="105.877069"><ele>-18.867</ele><time>2018-09-07T04:50:17Z</time></trkpt><trkpt lat="21.097859" lon="105.876988"><ele>-18.882</ele><time>2018-09-07T04:50:18Z</time></trkpt><trkpt lat="21.097878" lon="105.876908"><ele>-19.367</ele><time>2018-09-07T04:50:19Z</time></trkpt><trkpt lat="21.097897" lon="105.876827"><ele>-19.023</ele><time>2018-09-07T04:50:20Z</time></trkpt><trkpt lat="21.097914" lon="105.876744"><ele>-19.029</ele><time>2018-09-07T04:50:21Z</time></trkpt><trkpt lat="21.097933" lon="105.876664"><ele>-18.838</ele><time>2018-09-07T04:50:22Z</time></trkpt><trkpt lat="21.097951" lon="105.876583"><ele>-18.831</ele><time>2018-09-07T04:50:23Z</time></trkpt><trkpt lat="21.097965" lon="105.876504"><ele>-18.811</ele><time>2018-09-07T04:50:24Z</time></trkpt><trkpt lat="21.097982" lon="105.876426"><ele>-18.821</ele><time>2018-09-07T04:50:25Z</time></trkpt><trkpt lat="21.098000" lon="105.876350"><ele>-18.803</ele><time>2018-09-07T04:50:26Z</time></trkpt><trkpt lat="21.098016" lon="105.876274"><ele>-18.508</ele><time>2018-09-07T04:50:27Z</time></trkpt><trkpt lat="21.098033" lon="105.876200"><ele>-18.223</ele><time>2018-09-07T04:50:28Z</time></trkpt><trkpt lat="21.098050" lon="105.876122"><ele>-18.179</ele><time>2018-09-07T04:50:29Z</time></trkpt><trkpt lat="21.098071" lon="105.876046"><ele>-18.014</ele><time>2018-09-07T04:50:30Z</time></trkpt><trkpt lat="21.098089" lon="105.875973"><ele>-18.079</ele><time>2018-09-07T04:50:31Z</time></trkpt><trkpt lat="21.098109" lon="105.875901"><ele>-18.035</ele><time>2018-09-07T04:50:32Z</time></trkpt><trkpt lat="21.098130" lon="105.875830"><ele>-18.071</ele><time>2018-09-07T04:50:33Z</time></trkpt><trkpt lat="21.098144" lon="105.875764"><ele>-18.060</ele><time>2018-09-07T04:50:34Z</time></trkpt><trkpt lat="21.098161" lon="105.875697"><ele>-17.573</ele><time>2018-09-07T04:50:35Z</time></trkpt><trkpt lat="21.098178" lon="105.875631"><ele>-17.321</ele><time>2018-09-07T04:50:36Z</time></trkpt><trkpt lat="21.098198" lon="105.875562"><ele>-17.241</ele><time>2018-09-07T04:50:37Z</time></trkpt><trkpt lat="21.098215" lon="105.875492"><ele>-17.105</ele><time>2018-09-07T04:50:38Z</time></trkpt><trkpt lat="21.098233" lon="105.875422"><ele>-17.008</ele><time>2018-09-07T04:50:39Z</time></trkpt><trkpt lat="21.098255" lon="105.875352"><ele>-17.064</ele><time>2018-09-07T04:50:40Z</time></trkpt><trkpt lat="21.098272" lon="105.875276"><ele>-17.090</ele><time>2018-09-07T04:50:41Z</time></trkpt><trkpt lat="21.098288" lon="105.875200"><ele>-17.015</ele><time>2018-09-07T04:50:42Z</time></trkpt><trkpt lat="21.098307" lon="105.875124"><ele>-17.030</ele><time>2018-09-07T04:50:43Z</time></trkpt><trkpt lat="21.098327" lon="105.875048"><ele>-17.086</ele><time>2018-09-07T04:50:44Z</time></trkpt><trkpt lat="21.098349" lon="105.874973"><ele>-17.052</ele><time>2018-09-07T04:50:45Z</time></trkpt><trkpt lat="21.098366" lon="105.874900"><ele>-17.051</ele><time>2018-09-07T04:50:46Z</time></trkpt><trkpt lat="21.098384" lon="105.874833"><ele>-17.084</ele><time>2018-09-07T04:50:47Z</time></trkpt><trkpt lat="21.098403" lon="105.874764"><ele>-17.015</ele><time>2018-09-07T04:50:48Z</time></trkpt><trkpt lat="21.098424" lon="105.874695"><ele>-17.065</ele><time>2018-09-07T04:50:49Z</time></trkpt><trkpt lat="21.098443" lon="105.874628"><ele>-17.011</ele><time>2018-09-07T04:50:50Z</time></trkpt><trkpt lat="21.098459" lon="105.874556"><ele>-17.008</ele><time>2018-09-07T04:50:51Z</time></trkpt><trkpt lat="21.098474" lon="105.874484"><ele>-17.043</ele><time>2018-09-07T04:50:52Z</time></trkpt><trkpt lat="21.098492" lon="105.874411"><ele>-17.089</ele><time>2018-09-07T04:50:53Z</time></trkpt><trkpt lat="21.098511" lon="105.874338"><ele>-17.024</ele><time>2018-09-07T04:50:54Z</time></trkpt><trkpt lat="21.098531" lon="105.874262"><ele>-17.089</ele><time>2018-09-07T04:50:55Z</time></trkpt><trkpt lat="21.098547" lon="105.874191"><ele>-17.065</ele><time>2018-09-07T04:50:56Z</time></trkpt><trkpt lat="21.098565" lon="105.874119"><ele>-17.511</ele><time>2018-09-07T04:50:57Z</time></trkpt><trkpt lat="21.098579" lon="105.874052"><ele>-17.690</ele><time>2018-09-07T04:50:58Z</time></trkpt><trkpt lat="21.098590" lon="105.873993"><ele>-17.733</ele><time>2018-09-07T04:50:59Z</time></trkpt><trkpt lat="21.098603" lon="105.873931"><ele>-17.898</ele><time>2018-09-07T04:51:00Z</time></trkpt><trkpt lat="21.098616" lon="105.873871"><ele>-18.015</ele><time>2018-09-07T04:51:01Z</time></trkpt><trkpt lat="21.098632" lon="105.873813"><ele>-18.326</ele><time>2018-09-07T04:51:02Z</time></trkpt><trkpt lat="21.098646" lon="105.873759"><ele>-18.608</ele><time>2018-09-07T04:51:03Z</time></trkpt><trkpt lat="21.098659" lon="105.873711"><ele>-18.891</ele><time>2018-09-07T04:51:04Z</time></trkpt><trkpt lat="21.098669" lon="105.873648"><ele>-19.017</ele><time>2018-09-07T04:51:06Z</time></trkpt><trkpt lat="21.098684" lon="105.873585"><ele>-19.062</ele><time>2018-09-07T04:51:09Z</time></trkpt><trkpt lat="21.098698" lon="105.873534"><ele>-19.057</ele><time>2018-09-07T04:51:12Z</time></trkpt><trkpt lat="21.098709" lon="105.873482"><ele>-19.093</ele><time>2018-09-07T04:51:28Z</time></trkpt><trkpt lat="21.098701" lon="105.873432"><ele>-18.679</ele><time>2018-09-07T04:52:31Z</time></trkpt><trkpt lat="21.098721" lon="105.873387"><ele>-18.548</ele><time>2018-09-07T04:52:37Z</time></trkpt><trkpt lat="21.098766" lon="105.873386"><ele>-18.731</ele><time>2018-09-07T04:52:40Z</time></trkpt><trkpt lat="21.098827" lon="105.873404"><ele>-19.078</ele><time>2018-09-07T04:52:43Z</time></trkpt><trkpt lat="21.098886" lon="105.873420"><ele>-19.033</ele><time>2018-09-07T04:52:46Z</time></trkpt><trkpt lat="21.098934" lon="105.873431"><ele>-18.726</ele><time>2018-09-07T04:52:48Z</time></trkpt><trkpt lat="21.098990" lon="105.873447"><ele>-19.008</ele><time>2018-09-07T04:52:50Z</time></trkpt><trkpt lat="21.099043" lon="105.873463"><ele>-19.059</ele><time>2018-09-07T04:52:52Z</time></trkpt><trkpt lat="21.099095" lon="105.873480"><ele>-19.165</ele><time>2018-09-07T04:52:54Z</time></trkpt><trkpt lat="21.099145" lon="105.873500"><ele>-19.560</ele><time>2018-09-07T04:52:56Z</time></trkpt><trkpt lat="21.099192" lon="105.873518"><ele>-19.845</ele><time>2018-09-07T04:52:58Z</time></trkpt><trkpt lat="21.099237" lon="105.873531"><ele>-20.091</ele><time>2018-09-07T04:53:00Z</time></trkpt><trkpt lat="21.099281" lon="105.873545"><ele>-20.117</ele><time>2018-09-07T04:53:02Z</time></trkpt><trkpt lat="21.099337" lon="105.873565"><ele>-20.656</ele><time>2018-09-07T04:53:05Z</time></trkpt><trkpt lat="21.099412" lon="105.873583"><ele>-20.559</ele><time>2018-09-07T04:53:12Z</time></trkpt><trkpt lat="21.099456" lon="105.873602"><ele>-20.869</ele><time>2018-09-07T04:53:19Z</time></trkpt><trkpt lat="21.099563" lon="105.873641"><ele>-21.004</ele><time>2018-09-07T04:53:22Z</time></trkpt><trkpt lat="21.099608" lon="105.873648"><ele>-20.824</ele><time>2018-09-07T04:53:23Z</time></trkpt><trkpt lat="21.099688" lon="105.873680"><ele>-19.808</ele><time>2018-09-07T04:53:25Z</time></trkpt><trkpt lat="21.099734" lon="105.873696"><ele>-19.118</ele><time>2018-09-07T04:53:26Z</time></trkpt><trkpt lat="21.099780" lon="105.873713"><ele>-19.384</ele><time>2018-09-07T04:53:27Z</time></trkpt><trkpt lat="21.099840" lon="105.873728"><ele>-18.829</ele><time>2018-09-07T04:53:29Z</time></trkpt><trkpt lat="21.099887" lon="105.873730"><ele>-18.614</ele><time>2018-09-07T04:53:32Z</time></trkpt><trkpt lat="21.099938" lon="105.873662"><ele>-19.070</ele><time>2018-09-07T04:53:34Z</time></trkpt><trkpt lat="21.099957" lon="105.873605"><ele>-18.786</ele><time>2018-09-07T04:53:36Z</time></trkpt><trkpt lat="21.099973" lon="105.873536"><ele>-19.085</ele><time>2018-09-07T04:53:39Z</time></trkpt><trkpt lat="21.099987" lon="105.873489"><ele>-19.368</ele><time>2018-09-07T04:53:41Z</time></trkpt><trkpt lat="21.100038" lon="105.873458"><ele>-19.329</ele><time>2018-09-07T04:53:44Z</time></trkpt><trkpt lat="21.100118" lon="105.873453"><ele>-19.500</ele><time>2018-09-07T04:53:45Z</time></trkpt><trkpt lat="21.100171" lon="105.873460"><ele>-19.520</ele><time>2018-09-07T04:53:46Z</time></trkpt><trkpt lat="21.100230" lon="105.873471"><ele>-19.808</ele><time>2018-09-07T04:53:47Z</time></trkpt><trkpt lat="21.100295" lon="105.873476"><ele>-19.874</ele><time>2018-09-07T04:53:48Z</time></trkpt><trkpt lat="21.100356" lon="105.873487"><ele>-19.660</ele><time>2018-09-07T04:53:49Z</time></trkpt><trkpt lat="21.100408" lon="105.873497"><ele>-19.545</ele><time>2018-09-07T04:53:50Z</time></trkpt><trkpt lat="21.100459" lon="105.873502"><ele>-19.570</ele><time>2018-09-07T04:53:51Z</time></trkpt><trkpt lat="21.100509" lon="105.873507"><ele>-19.566</ele><time>2018-09-07T04:53:52Z</time></trkpt><trkpt lat="21.100559" lon="105.873514"><ele>-19.512</ele><time>2018-09-07T04:53:53Z</time></trkpt><trkpt lat="21.100605" lon="105.873522"><ele>-20.091</ele><time>2018-09-07T04:53:55Z</time></trkpt><trkpt lat="21.100666" lon="105.873535"><ele>-19.864</ele><time>2018-09-07T04:53:58Z</time></trkpt><trkpt lat="21.100715" lon="105.873542"><ele>-19.685</ele><time>2018-09-07T04:54:00Z</time></trkpt><trkpt lat="21.100804" lon="105.873554"><ele>-19.589</ele><time>2018-09-07T04:54:01Z</time></trkpt><trkpt lat="21.100854" lon="105.873560"><ele>-19.517</ele><time>2018-09-07T04:54:02Z</time></trkpt><trkpt lat="21.100905" lon="105.873568"><ele>-19.508</ele><time>2018-09-07T04:54:03Z</time></trkpt><trkpt lat="21.100988" lon="105.873584"><ele>-19.520</ele><time>2018-09-07T04:54:05Z</time></trkpt><trkpt lat="21.101060" lon="105.873594"><ele>-19.526</ele><time>2018-09-07T04:54:07Z</time></trkpt><trkpt lat="21.101120" lon="105.873589"><ele>-19.561</ele><time>2018-09-07T04:54:09Z</time></trkpt><trkpt lat="21.101179" lon="105.873593"><ele>-19.526</ele><time>2018-09-07T04:54:12Z</time></trkpt><trkpt lat="21.101248" lon="105.873604"><ele>-19.572</ele><time>2018-09-07T04:54:15Z</time></trkpt><trkpt lat="21.101292" lon="105.873614"><ele>-19.578</ele><time>2018-09-07T04:54:17Z</time></trkpt><trkpt lat="21.101346" lon="105.873626"><ele>-19.567</ele><time>2018-09-07T04:54:20Z</time></trkpt><trkpt lat="21.101404" lon="105.873641"><ele>-19.540</ele><time>2018-09-07T04:54:23Z</time></trkpt><trkpt lat="21.101485" lon="105.873659"><ele>-19.525</ele><time>2018-09-07T04:54:24Z</time></trkpt><trkpt lat="21.101540" lon="105.873656"><ele>-19.526</ele><time>2018-09-07T04:54:25Z</time></trkpt><trkpt lat="21.101594" lon="105.873662"><ele>-19.108</ele><time>2018-09-07T04:54:26Z</time></trkpt><trkpt lat="21.101646" lon="105.873673"><ele>-19.008</ele><time>2018-09-07T04:54:27Z</time></trkpt><trkpt lat="21.101696" lon="105.873680"><ele>-19.364</ele><time>2018-09-07T04:54:28Z</time></trkpt><trkpt lat="21.101741" lon="105.873684"><ele>-19.590</ele><time>2018-09-07T04:54:29Z</time></trkpt><trkpt lat="21.101818" lon="105.873690"><ele>-19.535</ele><time>2018-09-07T04:54:31Z</time></trkpt><trkpt lat="21.101902" lon="105.873708"><ele>-19.690</ele><time>2018-09-07T04:54:33Z</time></trkpt><trkpt lat="21.101947" lon="105.873720"><ele>-19.696</ele><time>2018-09-07T04:54:34Z</time></trkpt><trkpt lat="21.102002" lon="105.873727"><ele>-19.652</ele><time>2018-09-07T04:54:35Z</time></trkpt><trkpt lat="21.102053" lon="105.873734"><ele>-19.681</ele><time>2018-09-07T04:54:36Z</time></trkpt><trkpt lat="21.102101" lon="105.873738"><ele>-20.034</ele><time>2018-09-07T04:54:37Z</time></trkpt><trkpt lat="21.102154" lon="105.873747"><ele>-20.335</ele><time>2018-09-07T04:54:38Z</time></trkpt><trkpt lat="21.102208" lon="105.873754"><ele>-20.386</ele><time>2018-09-07T04:54:39Z</time></trkpt><trkpt lat="21.102260" lon="105.873758"><ele>-20.514</ele><time>2018-09-07T04:54:40Z</time></trkpt><trkpt lat="21.102316" lon="105.873762"><ele>-20.108</ele><time>2018-09-07T04:54:41Z</time></trkpt><trkpt lat="21.102365" lon="105.873768"><ele>-20.365</ele><time>2018-09-07T04:54:42Z</time></trkpt><trkpt lat="21.102410" lon="105.873774"><ele>-20.051</ele><time>2018-09-07T04:54:43Z</time></trkpt><trkpt lat="21.102473" lon="105.873776"><ele>-19.896</ele><time>2018-09-07T04:54:45Z</time></trkpt><trkpt lat="21.102531" lon="105.873781"><ele>-19.881</ele><time>2018-09-07T04:54:48Z</time></trkpt><trkpt lat="21.102582" lon="105.873785"><ele>-19.647</ele><time>2018-09-07T04:54:51Z</time></trkpt><trkpt lat="21.102633" lon="105.873796"><ele>-19.683</ele><time>2018-09-07T04:54:54Z</time></trkpt><trkpt lat="21.102717" lon="105.873865"><ele>-19.672</ele><time>2018-09-07T04:54:56Z</time></trkpt><trkpt lat="21.102762" lon="105.873895"><ele>-19.625</ele><time>2018-09-07T04:54:57Z</time></trkpt><trkpt lat="21.102828" lon="105.873935"><ele>-19.687</ele><time>2018-09-07T04:54:58Z</time></trkpt><trkpt lat="21.102891" lon="105.873968"><ele>-19.642</ele><time>2018-09-07T04:54:59Z</time></trkpt><trkpt lat="21.102958" lon="105.874010"><ele>-19.626</ele><time>2018-09-07T04:55:00Z</time></trkpt><trkpt lat="21.103018" lon="105.874055"><ele>-19.608</ele><time>2018-09-07T04:55:01Z</time></trkpt><trkpt lat="21.103080" lon="105.874099"><ele>-19.320</ele><time>2018-09-07T04:55:02Z</time></trkpt><trkpt lat="21.103142" lon="105.874142"><ele>-19.026</ele><time>2018-09-07T04:55:03Z</time></trkpt><trkpt lat="21.103196" lon="105.874174"><ele>-19.071</ele><time>2018-09-07T04:55:04Z</time></trkpt><trkpt lat="21.103249" lon="105.874216"><ele>-18.886</ele><time>2018-09-07T04:55:05Z</time></trkpt><trkpt lat="21.103308" lon="105.874264"><ele>-18.712</ele><time>2018-09-07T04:55:06Z</time></trkpt><trkpt lat="21.103361" lon="105.874311"><ele>-18.318</ele><time>2018-09-07T04:55:07Z</time></trkpt><trkpt lat="21.103411" lon="105.874364"><ele>-18.057</ele><time>2018-09-07T04:55:08Z</time></trkpt><trkpt lat="21.103465" lon="105.874411"><ele>-17.880</ele><time>2018-09-07T04:55:09Z</time></trkpt><trkpt lat="21.103523" lon="105.874460"><ele>-17.739</ele><time>2018-09-07T04:55:10Z</time></trkpt><trkpt lat="21.103577" lon="105.874503"><ele>-17.601</ele><time>2018-09-07T04:55:11Z</time></trkpt><trkpt lat="21.103628" lon="105.874551"><ele>-17.221</ele><time>2018-09-07T04:55:12Z</time></trkpt><trkpt lat="21.103669" lon="105.874584"><ele>-17.008</ele><time>2018-09-07T04:55:13Z</time></trkpt><trkpt lat="21.103711" lon="105.874617"><ele>-16.745</ele><time>2018-09-07T04:55:14Z</time></trkpt><trkpt lat="21.103755" lon="105.874650"><ele>-16.631</ele><time>2018-09-07T04:55:15Z</time></trkpt><trkpt lat="21.103802" lon="105.874693"><ele>-16.596</ele><time>2018-09-07T04:55:16Z</time></trkpt><trkpt lat="21.103850" lon="105.874734"><ele>-16.531</ele><time>2018-09-07T04:55:17Z</time></trkpt><trkpt lat="21.103897" lon="105.874770"><ele>-16.527</ele><time>2018-09-07T04:55:18Z</time></trkpt><trkpt lat="21.103934" lon="105.874803"><ele>-16.553</ele><time>2018-09-07T04:55:19Z</time></trkpt><trkpt lat="21.103972" lon="105.874834"><ele>-16.522</ele><time>2018-09-07T04:55:20Z</time></trkpt><trkpt lat="21.104014" lon="105.874869"><ele>-16.555</ele><time>2018-09-07T04:55:21Z</time></trkpt><trkpt lat="21.104063" lon="105.874898"><ele>-16.514</ele><time>2018-09-07T04:55:22Z</time></trkpt><trkpt lat="21.104111" lon="105.874929"><ele>-16.554</ele><time>2018-09-07T04:55:23Z</time></trkpt><trkpt lat="21.104165" lon="105.874952"><ele>-16.509</ele><time>2018-09-07T04:55:24Z</time></trkpt><trkpt lat="21.104227" lon="105.874972"><ele>-16.508</ele><time>2018-09-07T04:55:25Z</time></trkpt><trkpt lat="21.104292" lon="105.874994"><ele>-16.543</ele><time>2018-09-07T04:55:26Z</time></trkpt><trkpt lat="21.104361" lon="105.875024"><ele>-16.559</ele><time>2018-09-07T04:55:27Z</time></trkpt><trkpt lat="21.104434" lon="105.875054"><ele>-16.554</ele><time>2018-09-07T04:55:28Z</time></trkpt><trkpt lat="21.104508" lon="105.875072"><ele>-16.539</ele><time>2018-09-07T04:55:29Z</time></trkpt><trkpt lat="21.104579" lon="105.875093"><ele>-16.595</ele><time>2018-09-07T04:55:30Z</time></trkpt><trkpt lat="21.104642" lon="105.875116"><ele>-16.591</ele><time>2018-09-07T04:55:31Z</time></trkpt><trkpt lat="21.104707" lon="105.875142"><ele>-16.510</ele><time>2018-09-07T04:55:32Z</time></trkpt><trkpt lat="21.104774" lon="105.875164"><ele>-16.563</ele><time>2018-09-07T04:55:33Z</time></trkpt><trkpt lat="21.104848" lon="105.875187"><ele>-16.579</ele><time>2018-09-07T04:55:34Z</time></trkpt><trkpt lat="21.104919" lon="105.875211"><ele>-17.005</ele><time>2018-09-07T04:55:35Z</time></trkpt><trkpt lat="21.104994" lon="105.875229"><ele>-17.125</ele><time>2018-09-07T04:55:36Z</time></trkpt><trkpt lat="21.105066" lon="105.875251"><ele>-17.208</ele><time>2018-09-07T04:55:37Z</time></trkpt><trkpt lat="21.105130" lon="105.875271"><ele>-17.329</ele><time>2018-09-07T04:55:38Z</time></trkpt><trkpt lat="21.105196" lon="105.875293"><ele>-17.525</ele><time>2018-09-07T04:55:39Z</time></trkpt><trkpt lat="21.105260" lon="105.875311"><ele>-17.590</ele><time>2018-09-07T04:55:40Z</time></trkpt><trkpt lat="21.105330" lon="105.875329"><ele>-17.555</ele><time>2018-09-07T04:55:41Z</time></trkpt><trkpt lat="21.105401" lon="105.875345"><ele>-17.581</ele><time>2018-09-07T04:55:42Z</time></trkpt><trkpt lat="21.105474" lon="105.875365"><ele>-17.517</ele><time>2018-09-07T04:55:43Z</time></trkpt><trkpt lat="21.105549" lon="105.875382"><ele>-17.566</ele><time>2018-09-07T04:55:44Z</time></trkpt><trkpt lat="21.105631" lon="105.875396"><ele>-17.519</ele><time>2018-09-07T04:55:45Z</time></trkpt><trkpt lat="21.105708" lon="105.875417"><ele>-17.595</ele><time>2018-09-07T04:55:46Z</time></trkpt><trkpt lat="21.105788" lon="105.875437"><ele>-17.049</ele><time>2018-09-07T04:55:47Z</time></trkpt><trkpt lat="21.105864" lon="105.875455"><ele>-17.223</ele><time>2018-09-07T04:55:48Z</time></trkpt><trkpt lat="21.105937" lon="105.875474"><ele>-17.308</ele><time>2018-09-07T04:55:49Z</time></trkpt><trkpt lat="21.106006" lon="105.875490"><ele>-17.581</ele><time>2018-09-07T04:55:50Z</time></trkpt><trkpt lat="21.106074" lon="105.875507"><ele>-17.557</ele><time>2018-09-07T04:55:51Z</time></trkpt><trkpt lat="21.106137" lon="105.875525"><ele>-17.522</ele><time>2018-09-07T04:55:52Z</time></trkpt><trkpt lat="21.106197" lon="105.875545"><ele>-17.557</ele><time>2018-09-07T04:55:53Z</time></trkpt><trkpt lat="21.106256" lon="105.875559"><ele>-17.873</ele><time>2018-09-07T04:55:54Z</time></trkpt><trkpt lat="21.106317" lon="105.875579"><ele>-18.039</ele><time>2018-09-07T04:55:55Z</time></trkpt><trkpt lat="21.106378" lon="105.875599"><ele>-18.188</ele><time>2018-09-07T04:55:56Z</time></trkpt><trkpt lat="21.106438" lon="105.875619"><ele>-18.211</ele><time>2018-09-07T04:55:57Z</time></trkpt><trkpt lat="21.106498" lon="105.875639"><ele>-18.369</ele><time>2018-09-07T04:55:58Z</time></trkpt><trkpt lat="21.106558" lon="105.875662"><ele>-18.304</ele><time>2018-09-07T04:55:59Z</time></trkpt><trkpt lat="21.106614" lon="105.875686"><ele>-18.024</ele><time>2018-09-07T04:56:00Z</time></trkpt><trkpt lat="21.106671" lon="105.875707"><ele>-17.708</ele><time>2018-09-07T04:56:01Z</time></trkpt><trkpt lat="21.106724" lon="105.875728"><ele>-18.068</ele><time>2018-09-07T04:56:02Z</time></trkpt><trkpt lat="21.106784" lon="105.875752"><ele>-18.694</ele><time>2018-09-07T04:56:03Z</time></trkpt><trkpt lat="21.106843" lon="105.875776"><ele>-19.049</ele><time>2018-09-07T04:56:04Z</time></trkpt><trkpt lat="21.106900" lon="105.875804"><ele>-19.174</ele><time>2018-09-07T04:56:05Z</time></trkpt><trkpt lat="21.106960" lon="105.875833"><ele>-19.370</ele><time>2018-09-07T04:56:06Z</time></trkpt><trkpt lat="21.107020" lon="105.875862"><ele>-19.346</ele><time>2018-09-07T04:56:07Z</time></trkpt><trkpt lat="21.107082" lon="105.875892"><ele>-19.035</ele><time>2018-09-07T04:56:08Z</time></trkpt><trkpt lat="21.107147" lon="105.875926"><ele>-18.778</ele><time>2018-09-07T04:56:09Z</time></trkpt><trkpt lat="21.107211" lon="105.875962"><ele>-18.645</ele><time>2018-09-07T04:56:10Z</time></trkpt><trkpt lat="21.107272" lon="105.876000"><ele>-18.147</ele><time>2018-09-07T04:56:11Z</time></trkpt><trkpt lat="21.107334" lon="105.876039"><ele>-17.811</ele><time>2018-09-07T04:56:12Z</time></trkpt><trkpt lat="21.107395" lon="105.876075"><ele>-17.608</ele><time>2018-09-07T04:56:13Z</time></trkpt><trkpt lat="21.107457" lon="105.876111"><ele>-17.556</ele><time>2018-09-07T04:56:14Z</time></trkpt><trkpt lat="21.107512" lon="105.876150"><ele>-17.552</ele><time>2018-09-07T04:56:15Z</time></trkpt><trkpt lat="21.107573" lon="105.876186"><ele>-17.037</ele><time>2018-09-07T04:56:16Z</time></trkpt><trkpt lat="21.107630" lon="105.876226"><ele>-17.172</ele><time>2018-09-07T04:56:17Z</time></trkpt><trkpt lat="21.107684" lon="105.876266"><ele>-17.228</ele><time>2018-09-07T04:56:18Z</time></trkpt><trkpt lat="21.107739" lon="105.876309"><ele>-17.244</ele><time>2018-09-07T04:56:19Z</time></trkpt><trkpt lat="21.107796" lon="105.876351"><ele>-17.263</ele><time>2018-09-07T04:56:20Z</time></trkpt><trkpt lat="21.107857" lon="105.876392"><ele>-17.256</ele><time>2018-09-07T04:56:21Z</time></trkpt><trkpt lat="21.107913" lon="105.876433"><ele>-16.826</ele><time>2018-09-07T04:56:22Z</time></trkpt><trkpt lat="21.107968" lon="105.876470"><ele>-17.047</ele><time>2018-09-07T04:56:23Z</time></trkpt><trkpt lat="21.108020" lon="105.876510"><ele>-17.111</ele><time>2018-09-07T04:56:24Z</time></trkpt><trkpt lat="21.108073" lon="105.876549"><ele>-17.208</ele><time>2018-09-07T04:56:25Z</time></trkpt><trkpt lat="21.108121" lon="105.876594"><ele>-17.284</ele><time>2018-09-07T04:56:26Z</time></trkpt><trkpt lat="21.108170" lon="105.876635"><ele>-16.870</ele><time>2018-09-07T04:56:27Z</time></trkpt><trkpt lat="21.108221" lon="105.876680"><ele>-16.695</ele><time>2018-09-07T04:56:28Z</time></trkpt><trkpt lat="21.108272" lon="105.876722"><ele>-16.530</ele><time>2018-09-07T04:56:29Z</time></trkpt><trkpt lat="21.108318" lon="105.876749"><ele>-15.616</ele><time>2018-09-07T04:56:30Z</time></trkpt><trkpt lat="21.108365" lon="105.876782"><ele>-15.192</ele><time>2018-09-07T04:56:31Z</time></trkpt><trkpt lat="21.108414" lon="105.876814"><ele>-14.431</ele><time>2018-09-07T04:56:32Z</time></trkpt><trkpt lat="21.108462" lon="105.876836"><ele>-13.624</ele><time>2018-09-07T04:56:33Z</time></trkpt><trkpt lat="21.108509" lon="105.876860"><ele>-13.167</ele><time>2018-09-07T04:56:34Z</time></trkpt><trkpt lat="21.108552" lon="105.876890"><ele>-12.481</ele><time>2018-09-07T04:56:35Z</time></trkpt><trkpt lat="21.108599" lon="105.876926"><ele>-12.019</ele><time>2018-09-07T04:56:36Z</time></trkpt><trkpt lat="21.108650" lon="105.876963"><ele>-11.808</ele><time>2018-09-07T04:56:37Z</time></trkpt><trkpt lat="21.108700" lon="105.877002"><ele>-11.298</ele><time>2018-09-07T04:56:38Z</time></trkpt><trkpt lat="21.108751" lon="105.877040"><ele>-10.844</ele><time>2018-09-07T04:56:39Z</time></trkpt><trkpt lat="21.108795" lon="105.877077"><ele>-10.759</ele><time>2018-09-07T04:56:40Z</time></trkpt><trkpt lat="21.108834" lon="105.877115"><ele>-10.524</ele><time>2018-09-07T04:56:41Z</time></trkpt><trkpt lat="21.108877" lon="105.877154"><ele>-10.460</ele><time>2018-09-07T04:56:43Z</time></trkpt><trkpt lat="21.108937" lon="105.877205"><ele>-10.446</ele><time>2018-09-07T04:56:44Z</time></trkpt><trkpt lat="21.108981" lon="105.877230"><ele>-10.485</ele><time>2018-09-07T04:56:45Z</time></trkpt><trkpt lat="21.109028" lon="105.877265"><ele>-10.468</ele><time>2018-09-07T04:56:46Z</time></trkpt><trkpt lat="21.109066" lon="105.877304"><ele>-10.464</ele><time>2018-09-07T04:56:47Z</time></trkpt><trkpt lat="21.109110" lon="105.877342"><ele>-10.806</ele><time>2018-09-07T04:56:48Z</time></trkpt><trkpt lat="21.109153" lon="105.877376"><ele>-11.016</ele><time>2018-09-07T04:56:49Z</time></trkpt><trkpt lat="21.109199" lon="105.877410"><ele>-11.208</ele><time>2018-09-07T04:56:50Z</time></trkpt><trkpt lat="21.109248" lon="105.877442"><ele>-11.368</ele><time>2018-09-07T04:56:51Z</time></trkpt><trkpt lat="21.109294" lon="105.877470"><ele>-11.344</ele><time>2018-09-07T04:56:52Z</time></trkpt><trkpt lat="21.109343" lon="105.877501"><ele>-11.899</ele><time>2018-09-07T04:56:53Z</time></trkpt><trkpt lat="21.109399" lon="105.877527"><ele>-12.064</ele><time>2018-09-07T04:56:54Z</time></trkpt><trkpt lat="21.109455" lon="105.877554"><ele>-12.310</ele><time>2018-09-07T04:56:55Z</time></trkpt><trkpt lat="21.109505" lon="105.877574"><ele>-12.366</ele><time>2018-09-07T04:56:56Z</time></trkpt><trkpt lat="21.109557" lon="105.877590"><ele>-12.855</ele><time>2018-09-07T04:56:57Z</time></trkpt><trkpt lat="21.109604" lon="105.877597"><ele>-13.558</ele><time>2018-09-07T04:56:58Z</time></trkpt><trkpt lat="21.109649" lon="105.877595"><ele>-13.918</ele><time>2018-09-07T04:56:59Z</time></trkpt><trkpt lat="21.109702" lon="105.877590"><ele>-14.598</ele><time>2018-09-07T04:57:00Z</time></trkpt><trkpt lat="21.109752" lon="105.877584"><ele>-14.917</ele><time>2018-09-07T04:57:01Z</time></trkpt><trkpt lat="21.109796" lon="105.877576"><ele>-15.108</ele><time>2018-09-07T04:57:02Z</time></trkpt><trkpt lat="21.109848" lon="105.877568"><ele>-15.213</ele><time>2018-09-07T04:57:03Z</time></trkpt><trkpt lat="21.109900" lon="105.877556"><ele>-15.359</ele><time>2018-09-07T04:57:04Z</time></trkpt><trkpt lat="21.109956" lon="105.877541"><ele>-15.754</ele><time>2018-09-07T04:57:05Z</time></trkpt><trkpt lat="21.110010" lon="105.877527"><ele>-16.019</ele><time>2018-09-07T04:57:06Z</time></trkpt><trkpt lat="21.110062" lon="105.877507"><ele>-16.675</ele><time>2018-09-07T04:57:07Z</time></trkpt><trkpt lat="21.110110" lon="105.877486"><ele>-16.591</ele><time>2018-09-07T04:57:08Z</time></trkpt><trkpt lat="21.110169" lon="105.877465"><ele>-16.570</ele><time>2018-09-07T04:57:09Z</time></trkpt><trkpt lat="21.110230" lon="105.877441"><ele>-16.173</ele><time>2018-09-07T04:57:10Z</time></trkpt><trkpt lat="21.110291" lon="105.877422"><ele>-15.878</ele><time>2018-09-07T04:57:11Z</time></trkpt><trkpt lat="21.110360" lon="105.877405"><ele>-15.233</ele><time>2018-09-07T04:57:12Z</time></trkpt><trkpt lat="21.110433" lon="105.877383"><ele>-14.926</ele><time>2018-09-07T04:57:13Z</time></trkpt><trkpt lat="21.110503" lon="105.877364"><ele>-14.708</ele><time>2018-09-07T04:57:14Z</time></trkpt><trkpt lat="21.110569" lon="105.877345"><ele>-14.269</ele><time>2018-09-07T04:57:15Z</time></trkpt><trkpt lat="21.110640" lon="105.877326"><ele>-13.945</ele><time>2018-09-07T04:57:16Z</time></trkpt><trkpt lat="21.110709" lon="105.877306"><ele>-13.710</ele><time>2018-09-07T04:57:17Z</time></trkpt><trkpt lat="21.110777" lon="105.877287"><ele>-13.645</ele><time>2018-09-07T04:57:18Z</time></trkpt><trkpt lat="21.110845" lon="105.877268"><ele>-13.951</ele><time>2018-09-07T04:57:19Z</time></trkpt><trkpt lat="21.110908" lon="105.877247"><ele>-14.127</ele><time>2018-09-07T04:57:20Z</time></trkpt><trkpt lat="21.110969" lon="105.877223"><ele>-14.236</ele><time>2018-09-07T04:57:21Z</time></trkpt><trkpt lat="21.111027" lon="105.877199"><ele>-14.389</ele><time>2018-09-07T04:57:22Z</time></trkpt><trkpt lat="21.111083" lon="105.877173"><ele>-14.396</ele><time>2018-09-07T04:57:23Z</time></trkpt><trkpt lat="21.111138" lon="105.877145"><ele>-14.331</ele><time>2018-09-07T04:57:24Z</time></trkpt><trkpt lat="21.111182" lon="105.877113"><ele>-14.324</ele><time>2018-09-07T04:57:25Z</time></trkpt><trkpt lat="21.111216" lon="105.877073"><ele>-14.308</ele><time>2018-09-07T04:57:26Z</time></trkpt><trkpt lat="21.111251" lon="105.877032"><ele>-14.391</ele><time>2018-09-07T04:57:27Z</time></trkpt><trkpt lat="21.111293" lon="105.876990"><ele>-14.397</ele><time>2018-09-07T04:57:28Z</time></trkpt><trkpt lat="21.111338" lon="105.876957"><ele>-14.382</ele><time>2018-09-07T04:57:29Z</time></trkpt><trkpt lat="21.111375" lon="105.876928"><ele>-14.347</ele><time>2018-09-07T04:57:30Z</time></trkpt><trkpt lat="21.111417" lon="105.876895"><ele>-14.363</ele><time>2018-09-07T04:57:31Z</time></trkpt><trkpt lat="21.111463" lon="105.876865"><ele>-14.389</ele><time>2018-09-07T04:57:32Z</time></trkpt><trkpt lat="21.111505" lon="105.876833"><ele>-14.378</ele><time>2018-09-07T04:57:33Z</time></trkpt><trkpt lat="21.111585" lon="105.876778"><ele>-14.381</ele><time>2018-09-07T04:57:35Z</time></trkpt><trkpt lat="21.111628" lon="105.876751"><ele>-14.355</ele><time>2018-09-07T04:57:36Z</time></trkpt><trkpt lat="21.111666" lon="105.876707"><ele>-13.907</ele><time>2018-09-07T04:57:37Z</time></trkpt><trkpt lat="21.111711" lon="105.876668"><ele>-14.117</ele><time>2018-09-07T04:57:38Z</time></trkpt><trkpt lat="21.111761" lon="105.876630"><ele>-14.208</ele><time>2018-09-07T04:57:39Z</time></trkpt><trkpt lat="21.111809" lon="105.876601"><ele>-14.317</ele><time>2018-09-07T04:57:40Z</time></trkpt><trkpt lat="21.111864" lon="105.876581"><ele>-15.123</ele><time>2018-09-07T04:57:41Z</time></trkpt><trkpt lat="21.111920" lon="105.876559"><ele>-16.028</ele><time>2018-09-07T04:57:42Z</time></trkpt><trkpt lat="21.111974" lon="105.876536"><ele>-17.063</ele><time>2018-09-07T04:57:43Z</time></trkpt><trkpt lat="21.112023" lon="105.876516"><ele>-17.549</ele><time>2018-09-07T04:57:44Z</time></trkpt><trkpt lat="21.112070" lon="105.876496"><ele>-17.865</ele><time>2018-09-07T04:57:45Z</time></trkpt><trkpt lat="21.112134" lon="105.876433"><ele>-18.544</ele><time>2018-09-07T04:57:47Z</time></trkpt><trkpt lat="21.112164" lon="105.876388"><ele>-19.677</ele><time>2018-09-07T04:57:48Z</time></trkpt><trkpt lat="21.112191" lon="105.876348"><ele>-20.386</ele><time>2018-09-07T04:57:49Z</time></trkpt><trkpt lat="21.112201" lon="105.876296"><ele>-20.860</ele><time>2018-09-07T04:57:50Z</time></trkpt><trkpt lat="21.112201" lon="105.876224"><ele>-21.826</ele><time>2018-09-07T04:57:51Z</time></trkpt><trkpt lat="21.112197" lon="105.876157"><ele>-23.608</ele><time>2018-09-07T04:57:52Z</time></trkpt><trkpt lat="21.112197" lon="105.876095"><ele>-25.510</ele><time>2018-09-07T04:57:53Z</time></trkpt><trkpt lat="21.112189" lon="105.876026"><ele>-27.416</ele><time>2018-09-07T04:57:54Z</time></trkpt><trkpt lat="21.112178" lon="105.875964"><ele>-29.081</ele><time>2018-09-07T04:57:55Z</time></trkpt><trkpt lat="21.112169" lon="105.875895"><ele>-29.926</ele><time>2018-09-07T04:57:56Z</time></trkpt><trkpt lat="21.112161" lon="105.875826"><ele>-30.542</ele><time>2018-09-07T04:57:57Z</time></trkpt><trkpt lat="21.112160" lon="105.875753"><ele>-30.438</ele><time>2018-09-07T04:57:58Z</time></trkpt><trkpt lat="21.112169" lon="105.875685"><ele>-30.827</ele><time>2018-09-07T04:57:59Z</time></trkpt><trkpt lat="21.112168" lon="105.875618"><ele>-30.620</ele><time>2018-09-07T04:58:00Z</time></trkpt><trkpt lat="21.112167" lon="105.875564"><ele>-29.755</ele><time>2018-09-07T04:58:01Z</time></trkpt><trkpt lat="21.112164" lon="105.875508"><ele>-29.207</ele><time>2018-09-07T04:58:02Z</time></trkpt><trkpt lat="21.112163" lon="105.875452"><ele>-28.117</ele><time>2018-09-07T04:58:03Z</time></trkpt><trkpt lat="21.112161" lon="105.875397"><ele>-27.408</ele><time>2018-09-07T04:58:04Z</time></trkpt><trkpt lat="21.112164" lon="105.875334"><ele>-27.057</ele><time>2018-09-07T04:58:05Z</time></trkpt><trkpt lat="21.112166" lon="105.875273"><ele>-26.463</ele><time>2018-09-07T04:58:06Z</time></trkpt><trkpt lat="21.112167" lon="105.875211"><ele>-25.668</ele><time>2018-09-07T04:58:07Z</time></trkpt><trkpt lat="21.112165" lon="105.875149"><ele>-25.133</ele><time>2018-09-07T04:58:08Z</time></trkpt><trkpt lat="21.112165" lon="105.875083"><ele>-24.879</ele><time>2018-09-07T04:58:09Z</time></trkpt><trkpt lat="21.112157" lon="105.875015"><ele>-24.385</ele><time>2018-09-07T04:58:10Z</time></trkpt><trkpt lat="21.112150" lon="105.874936"><ele>-23.514</ele><time>2018-09-07T04:58:11Z</time></trkpt><trkpt lat="21.112149" lon="105.874845"><ele>-23.117</ele><time>2018-09-07T04:58:12Z</time></trkpt><trkpt lat="21.112149" lon="105.874752"><ele>-22.528</ele><time>2018-09-07T04:58:13Z</time></trkpt><trkpt lat="21.112144" lon="105.874668"><ele>-22.089</ele><time>2018-09-07T04:58:14Z</time></trkpt><trkpt lat="21.112135" lon="105.874578"><ele>-21.817</ele><time>2018-09-07T04:58:15Z</time></trkpt><trkpt lat="21.112129" lon="105.874484"><ele>-21.808</ele><time>2018-09-07T04:58:16Z</time></trkpt><trkpt lat="21.112125" lon="105.874394"><ele>-21.334</ele><time>2018-09-07T04:58:17Z</time></trkpt><trkpt lat="21.112123" lon="105.874314"><ele>-21.090</ele><time>2018-09-07T04:58:18Z</time></trkpt><trkpt lat="21.112120" lon="105.874238"><ele>-21.115</ele><time>2018-09-07T04:58:19Z</time></trkpt><trkpt lat="21.112112" lon="105.874168"><ele>-20.560</ele><time>2018-09-07T04:58:20Z</time></trkpt><trkpt lat="21.112108" lon="105.874104"><ele>-20.026</ele><time>2018-09-07T04:58:21Z</time></trkpt><trkpt lat="21.112100" lon="105.874039"><ele>-19.522</ele><time>2018-09-07T04:58:22Z</time></trkpt><trkpt lat="21.112097" lon="105.873969"><ele>-19.061</ele><time>2018-09-07T04:58:23Z</time></trkpt><trkpt lat="21.112081" lon="105.873908"><ele>-18.584</ele><time>2018-09-07T04:58:24Z</time></trkpt><trkpt lat="21.112080" lon="105.873836"><ele>-18.023</ele><time>2018-09-07T04:58:25Z</time></trkpt><trkpt lat="21.112072" lon="105.873768"><ele>-17.883</ele><time>2018-09-07T04:58:26Z</time></trkpt><trkpt lat="21.112071" lon="105.873715"><ele>-17.711</ele><time>2018-09-07T04:58:27Z</time></trkpt><trkpt lat="21.112077" lon="105.873665"><ele>-17.608</ele><time>2018-09-07T04:58:28Z</time></trkpt><trkpt lat="21.112092" lon="105.873618"><ele>-17.664</ele><time>2018-09-07T04:58:30Z</time></trkpt><trkpt lat="21.112128" lon="105.873584"><ele>-17.290</ele><time>2018-09-07T04:58:32Z</time></trkpt><trkpt lat="21.112186" lon="105.873575"><ele>-17.075</ele><time>2018-09-07T04:58:35Z</time></trkpt><trkpt lat="21.112243" lon="105.873577"><ele>-16.720</ele><time>2018-09-07T04:58:38Z</time></trkpt><trkpt lat="21.112293" lon="105.873575"><ele>-16.616</ele><time>2018-09-07T04:58:40Z</time></trkpt><trkpt lat="21.112338" lon="105.873582"><ele>-16.592</ele><time>2018-09-07T04:58:42Z</time></trkpt><trkpt lat="21.112308" lon="105.873625"><ele>-16.541</ele><time>2018-09-07T04:58:52Z</time></trkpt><trkpt lat="21.112261" lon="105.873642"><ele>-16.564</ele><time>2018-09-07T04:59:33Z</time></trkpt><trkpt lat="21.112304" lon="105.873623"><ele>-17.398</ele><time>2018-09-07T05:18:56Z</time></trkpt><trkpt lat="21.112355" lon="105.873636"><ele>-17.815</ele><time>2018-09-07T05:19:48Z</time></trkpt><trkpt lat="21.112393" lon="105.873606"><ele>-18.126</ele><time>2018-09-07T05:19:51Z</time></trkpt><trkpt lat="21.112459" lon="105.873585"><ele>-18.008</ele><time>2018-09-07T05:19:54Z</time></trkpt><trkpt lat="21.112548" lon="105.873582"><ele>-17.821</ele><time>2018-09-07T05:19:55Z</time></trkpt><trkpt lat="21.112595" lon="105.873582"><ele>-17.727</ele><time>2018-09-07T05:19:56Z</time></trkpt><trkpt lat="21.112696" lon="105.873551"><ele>-17.372</ele><time>2018-09-07T05:19:59Z</time></trkpt><trkpt lat="21.112724" lon="105.873497"><ele>-17.097</ele><time>2018-09-07T05:20:00Z</time></trkpt><trkpt lat="21.112756" lon="105.873451"><ele>-16.833</ele><time>2018-09-07T05:20:01Z</time></trkpt><trkpt lat="21.112786" lon="105.873414"><ele>-16.769</ele><time>2018-09-07T05:20:02Z</time></trkpt><trkpt lat="21.112833" lon="105.873396"><ele>-16.648</ele><time>2018-09-07T05:20:03Z</time></trkpt><trkpt lat="21.112884" lon="105.873394"><ele>-16.641</ele><time>2018-09-07T05:20:04Z</time></trkpt><trkpt lat="21.112940" lon="105.873396"><ele>-16.682</ele><time>2018-09-07T05:20:05Z</time></trkpt><trkpt lat="21.112996" lon="105.873398"><ele>-16.643</ele><time>2018-09-07T05:20:06Z</time></trkpt><trkpt lat="21.113046" lon="105.873396"><ele>-16.617</ele><time>2018-09-07T05:20:07Z</time></trkpt><trkpt lat="21.113098" lon="105.873391"><ele>-17.008</ele><time>2018-09-07T05:20:08Z</time></trkpt><trkpt lat="21.113145" lon="105.873389"><ele>-16.810</ele><time>2018-09-07T05:20:09Z</time></trkpt><trkpt lat="21.113201" lon="105.873385"><ele>-16.746</ele><time>2018-09-07T05:20:11Z</time></trkpt><trkpt lat="21.113253" lon="105.873391"><ele>-17.071</ele><time>2018-09-07T05:20:15Z</time></trkpt><trkpt lat="21.113311" lon="105.873399"><ele>-16.896</ele><time>2018-09-07T05:20:37Z</time></trkpt><trkpt lat="21.113359" lon="105.873351"><ele>-17.122</ele><time>2018-09-07T05:21:11Z</time></trkpt><trkpt lat="21.113404" lon="105.873319"><ele>-17.328</ele><time>2018-09-07T05:21:15Z</time></trkpt><trkpt lat="21.113531" lon="105.873392"><ele>-20.667</ele><time>2018-09-07T05:27:41Z</time></trkpt><trkpt lat="21.113491" lon="105.873360"><ele>-23.020</ele><time>2018-09-07T05:27:43Z</time></trkpt><trkpt lat="21.113468" lon="105.873313"><ele>-27.016</ele><time>2018-09-07T05:27:47Z</time></trkpt><trkpt lat="21.113515" lon="105.873341"><ele>-31.076</ele><time>2018-09-07T05:27:51Z</time></trkpt><trkpt lat="21.113556" lon="105.873362"><ele>-32.413</ele><time>2018-09-07T05:27:52Z</time></trkpt><trkpt lat="21.113598" lon="105.873378"><ele>-32.908</ele><time>2018-09-07T05:28:00Z</time></trkpt><trkpt lat="21.113569" lon="105.873338"><ele>-32.083</ele><time>2018-09-07T05:28:14Z</time></trkpt><trkpt lat="21.113523" lon="105.873318"><ele>-31.889</ele><time>2018-09-07T05:28:16Z</time></trkpt><trkpt lat="21.113475" lon="105.873293"><ele>-30.994</ele><time>2018-09-07T05:28:19Z</time></trkpt><trkpt lat="21.113450" lon="105.873227"><ele>-30.829</ele><time>2018-09-07T05:28:28Z</time></trkpt><trkpt lat="21.113484" lon="105.873265"><ele>-29.935</ele><time>2018-09-07T05:28:34Z</time></trkpt><trkpt lat="21.113516" lon="105.873228"><ele>-28.251</ele><time>2018-09-07T05:28:41Z</time></trkpt><trkpt lat="21.113479" lon="105.873276"><ele>-26.840</ele><time>2018-09-07T05:29:48Z</time></trkpt><trkpt lat="21.113498" lon="105.873224"><ele>-25.923</ele><time>2018-09-07T05:30:03Z</time></trkpt><trkpt lat="21.113459" lon="105.873256"><ele>-25.051</ele><time>2018-09-07T05:30:09Z</time></trkpt><trkpt lat="21.113488" lon="105.873302"><ele>-29.001</ele><time>2018-09-07T05:31:16Z</time></trkpt><trkpt lat="21.113471" lon="105.873238"><ele>-33.011</ele><time>2018-09-07T05:31:54Z</time></trkpt><trkpt lat="21.113482" lon="105.873173"><ele>-33.608</ele><time>2018-09-07T05:39:05Z</time></trkpt><trkpt lat="21.113445" lon="105.873264"><ele>-31.617</ele><time>2018-09-07T05:39:13Z</time></trkpt><trkpt lat="21.113462" lon="105.873314"><ele>-28.473</ele><time>2018-09-07T05:39:38Z</time></trkpt><trkpt lat="21.113432" lon="105.873399"><ele>-26.148</ele><time>2018-09-07T05:40:07Z</time></trkpt><trkpt lat="21.113387" lon="105.873386"><ele>-24.393</ele><time>2018-09-07T05:40:32Z</time></trkpt><trkpt lat="21.113329" lon="105.873374"><ele>-23.379</ele><time>2018-09-07T05:40:51Z</time></trkpt><trkpt lat="21.113270" lon="105.873371"><ele>-23.095</ele><time>2018-09-07T05:40:53Z</time></trkpt><trkpt lat="21.113145" lon="105.873363"><ele>-23.314</ele><time>2018-09-07T05:40:54Z</time></trkpt><trkpt lat="21.113086" lon="105.873356"><ele>-23.547</ele><time>2018-09-07T05:40:55Z</time></trkpt><trkpt lat="21.113031" lon="105.873339"><ele>-23.663</ele><time>2018-09-07T05:40:56Z</time></trkpt><trkpt lat="21.112979" lon="105.873335"><ele>-24.144</ele><time>2018-09-07T05:40:58Z</time></trkpt><trkpt lat="21.112932" lon="105.873348"><ele>-24.518</ele><time>2018-09-07T05:41:00Z</time></trkpt><trkpt lat="21.112890" lon="105.873403"><ele>-25.508</ele><time>2018-09-07T05:41:03Z</time></trkpt><trkpt lat="21.112912" lon="105.873520"><ele>-26.018</ele><time>2018-09-07T05:41:05Z</time></trkpt><trkpt lat="21.112952" lon="105.873556"><ele>-26.714</ele><time>2018-09-07T05:41:06Z</time></trkpt><trkpt lat="21.112993" lon="105.873581"><ele>-27.119</ele><time>2018-09-07T05:41:07Z</time></trkpt><trkpt lat="21.113045" lon="105.873602"><ele>-27.824</ele><time>2018-09-07T05:41:08Z</time></trkpt><trkpt lat="21.113093" lon="105.873625"><ele>-28.630</ele><time>2018-09-07T05:41:09Z</time></trkpt><trkpt lat="21.113138" lon="105.873641"><ele>-29.196</ele><time>2018-09-07T05:41:10Z</time></trkpt><trkpt lat="21.113183" lon="105.873661"><ele>-29.065</ele><time>2018-09-07T05:41:11Z</time></trkpt><trkpt lat="21.113232" lon="105.873690"><ele>-27.738</ele><time>2018-09-07T05:41:12Z</time></trkpt><trkpt lat="21.113278" lon="105.873719"><ele>-26.569</ele><time>2018-09-07T05:41:13Z</time></trkpt><trkpt lat="21.113352" lon="105.873731"><ele>-25.504</ele><time>2018-09-07T05:41:14Z</time></trkpt><trkpt lat="21.113412" lon="105.873745"><ele>-24.324</ele><time>2018-09-07T05:41:15Z</time></trkpt><trkpt lat="21.113475" lon="105.873761"><ele>-23.808</ele><time>2018-09-07T05:41:16Z</time></trkpt><trkpt lat="21.113536" lon="105.873771"><ele>-23.328</ele><time>2018-09-07T05:41:17Z</time></trkpt><trkpt lat="21.113596" lon="105.873778"><ele>-23.144</ele><time>2018-09-07T05:41:18Z</time></trkpt><trkpt lat="21.113660" lon="105.873785"><ele>-23.039</ele><time>2018-09-07T05:41:19Z</time></trkpt><trkpt lat="21.113712" lon="105.873797"><ele>-23.374</ele><time>2018-09-07T05:41:20Z</time></trkpt><trkpt lat="21.113770" lon="105.873802"><ele>-23.520</ele><time>2018-09-07T05:41:21Z</time></trkpt><trkpt lat="21.113828" lon="105.873807"><ele>-24.076</ele><time>2018-09-07T05:41:22Z</time></trkpt><trkpt lat="21.113886" lon="105.873813"><ele>-24.065</ele><time>2018-09-07T05:41:23Z</time></trkpt><trkpt lat="21.113952" lon="105.873812"><ele>-23.858</ele><time>2018-09-07T05:41:24Z</time></trkpt><trkpt lat="21.114018" lon="105.873811"><ele>-23.888</ele><time>2018-09-07T05:41:25Z</time></trkpt><trkpt lat="21.114081" lon="105.873814"><ele>-23.824</ele><time>2018-09-07T05:41:26Z</time></trkpt><trkpt lat="21.114144" lon="105.873810"><ele>-23.826</ele><time>2018-09-07T05:41:27Z</time></trkpt><trkpt lat="21.114199" lon="105.873805"><ele>-24.308</ele><time>2018-09-07T05:41:28Z</time></trkpt><trkpt lat="21.114273" lon="105.873802"><ele>-24.530</ele><time>2018-09-07T05:41:29Z</time></trkpt><trkpt lat="21.114324" lon="105.873791"><ele>-24.526</ele><time>2018-09-07T05:41:30Z</time></trkpt><trkpt lat="21.114379" lon="105.873775"><ele>-24.691</ele><time>2018-09-07T05:41:31Z</time></trkpt><trkpt lat="21.114438" lon="105.873759"><ele>-25.116</ele><time>2018-09-07T05:41:32Z</time></trkpt><trkpt lat="21.114497" lon="105.873744"><ele>-25.542</ele><time>2018-09-07T05:41:33Z</time></trkpt><trkpt lat="21.114564" lon="105.873738"><ele>-25.628</ele><time>2018-09-07T05:41:34Z</time></trkpt><trkpt lat="21.114622" lon="105.873731"><ele>-25.717</ele><time>2018-09-07T05:41:35Z</time></trkpt><trkpt lat="21.114678" lon="105.873716"><ele>-25.860</ele><time>2018-09-07T05:41:36Z</time></trkpt><trkpt lat="21.114733" lon="105.873707"><ele>-25.856</ele><time>2018-09-07T05:41:37Z</time></trkpt><trkpt lat="21.114792" lon="105.873694"><ele>-25.859</ele><time>2018-09-07T05:41:38Z</time></trkpt><trkpt lat="21.114841" lon="105.873681"><ele>-25.814</ele><time>2018-09-07T05:41:39Z</time></trkpt><trkpt lat="21.114890" lon="105.873675"><ele>-25.808</ele><time>2018-09-07T05:41:40Z</time></trkpt><trkpt lat="21.114940" lon="105.873675"><ele>-25.817</ele><time>2018-09-07T05:41:41Z</time></trkpt><trkpt lat="21.115011" lon="105.873684"><ele>-26.273</ele><time>2018-09-07T05:41:42Z</time></trkpt><trkpt lat="21.115062" lon="105.873680"><ele>-26.818</ele><time>2018-09-07T05:41:43Z</time></trkpt><trkpt lat="21.115108" lon="105.873664"><ele>-27.273</ele><time>2018-09-07T05:41:44Z</time></trkpt><trkpt lat="21.115157" lon="105.873665"><ele>-27.459</ele><time>2018-09-07T05:41:45Z</time></trkpt><trkpt lat="21.115206" lon="105.873661"><ele>-27.565</ele><time>2018-09-07T05:41:46Z</time></trkpt><trkpt lat="21.115253" lon="105.873656"><ele>-27.684</ele><time>2018-09-07T05:41:47Z</time></trkpt><trkpt lat="21.115299" lon="105.873650"><ele>-27.677</ele><time>2018-09-07T05:41:48Z</time></trkpt><trkpt lat="21.115345" lon="105.873649"><ele>-27.676</ele><time>2018-09-07T05:41:49Z</time></trkpt><trkpt lat="21.115412" lon="105.873667"><ele>-27.690</ele><time>2018-09-07T05:41:52Z</time></trkpt><trkpt lat="21.115459" lon="105.873681"><ele>-27.619</ele><time>2018-09-07T05:41:54Z</time></trkpt><trkpt lat="21.115519" lon="105.873696"><ele>-27.608</ele><time>2018-09-07T05:41:57Z</time></trkpt><trkpt lat="21.115574" lon="105.873713"><ele>-27.699</ele><time>2018-09-07T05:42:00Z</time></trkpt><trkpt lat="21.115618" lon="105.873764"><ele>-27.655</ele><time>2018-09-07T05:42:03Z</time></trkpt><trkpt lat="21.115636" lon="105.873812"><ele>-27.630</ele><time>2018-09-07T05:42:05Z</time></trkpt><trkpt lat="21.115658" lon="105.873871"><ele>-27.615</ele><time>2018-09-07T05:42:07Z</time></trkpt><trkpt lat="21.115731" lon="105.873994"><ele>-27.671</ele><time>2018-09-07T05:42:09Z</time></trkpt><trkpt lat="21.115771" lon="105.874034"><ele>-27.627</ele><time>2018-09-07T05:42:10Z</time></trkpt><trkpt lat="21.115821" lon="105.874055"><ele>-27.696</ele><time>2018-09-07T05:42:11Z</time></trkpt><trkpt lat="21.115874" lon="105.874076"><ele>-27.649</ele><time>2018-09-07T05:42:12Z</time></trkpt><trkpt lat="21.115935" lon="105.874092"><ele>-28.016</ele><time>2018-09-07T05:42:14Z</time></trkpt><trkpt lat="21.116042" lon="105.874101"><ele>-28.276</ele><time>2018-09-07T05:42:16Z</time></trkpt><trkpt lat="21.116090" lon="105.874104"><ele>-28.313</ele><time>2018-09-07T05:42:18Z</time></trkpt><trkpt lat="21.116147" lon="105.874109"><ele>-28.808</ele><time>2018-09-07T05:42:20Z</time></trkpt><trkpt lat="21.116208" lon="105.874118"><ele>-29.193</ele><time>2018-09-07T05:42:22Z</time></trkpt><trkpt lat="21.116267" lon="105.874124"><ele>-29.339</ele><time>2018-09-07T05:42:24Z</time></trkpt><trkpt lat="21.116320" lon="105.874135"><ele>-29.414</ele><time>2018-09-07T05:42:26Z</time></trkpt><trkpt lat="21.116465" lon="105.874155"><ele>-29.519</ele><time>2018-09-07T05:42:28Z</time></trkpt><trkpt lat="21.116519" lon="105.874147"><ele>-29.535</ele><time>2018-09-07T05:42:29Z</time></trkpt><trkpt lat="21.116564" lon="105.874143"><ele>-29.531</ele><time>2018-09-07T05:42:30Z</time></trkpt><trkpt lat="21.116642" lon="105.874143"><ele>-29.150</ele><time>2018-09-07T05:42:32Z</time></trkpt><trkpt lat="21.116695" lon="105.874151"><ele>-29.313</ele><time>2018-09-07T05:42:34Z</time></trkpt><trkpt lat="21.116744" lon="105.874156"><ele>-29.864</ele><time>2018-09-07T05:42:36Z</time></trkpt><trkpt lat="21.116799" lon="105.874158"><ele>-30.106</ele><time>2018-09-07T05:42:38Z</time></trkpt><trkpt lat="21.116860" lon="105.874165"><ele>-30.316</ele><time>2018-09-07T05:42:40Z</time></trkpt><trkpt lat="21.116938" lon="105.874171"><ele>-30.408</ele><time>2018-09-07T05:42:42Z</time></trkpt><trkpt lat="21.117021" lon="105.874177"><ele>-30.588</ele><time>2018-09-07T05:42:44Z</time></trkpt><trkpt lat="21.117181" lon="105.874191"><ele>-30.924</ele><time>2018-09-07T05:42:46Z</time></trkpt><trkpt lat="21.117237" lon="105.874202"><ele>-31.239</ele><time>2018-09-07T05:42:47Z</time></trkpt><trkpt lat="21.117305" lon="105.874212"><ele>-31.454</ele><time>2018-09-07T05:42:50Z</time></trkpt><trkpt lat="21.117357" lon="105.874229"><ele>-31.560</ele><time>2018-09-07T05:42:53Z</time></trkpt><trkpt lat="21.117402" lon="105.874293"><ele>-31.216</ele><time>2018-09-07T05:42:57Z</time></trkpt><trkpt lat="21.117361" lon="105.874359"><ele>-31.025</ele><time>2018-09-07T05:42:59Z</time></trkpt><trkpt lat="21.117307" lon="105.874419"><ele>-31.398</ele><time>2018-09-07T05:43:01Z</time></trkpt><trkpt lat="21.117279" lon="105.874459"><ele>-31.966</ele><time>2018-09-07T05:43:02Z</time></trkpt><trkpt lat="21.117243" lon="105.874499"><ele>-32.229</ele><time>2018-09-07T05:43:03Z</time></trkpt><trkpt lat="21.117204" lon="105.874583"><ele>-32.021</ele><time>2018-09-07T05:43:05Z</time></trkpt><trkpt lat="21.117182" lon="105.874634"><ele>-31.908</ele><time>2018-09-07T05:43:06Z</time></trkpt><trkpt lat="21.117156" lon="105.874682"><ele>-31.478</ele><time>2018-09-07T05:43:07Z</time></trkpt><trkpt lat="21.117122" lon="105.874726"><ele>-30.744</ele><time>2018-09-07T05:43:08Z</time></trkpt><trkpt lat="21.117086" lon="105.874775"><ele>-30.799</ele><time>2018-09-07T05:43:09Z</time></trkpt><trkpt lat="21.117052" lon="105.874840"><ele>-30.794</ele><time>2018-09-07T05:43:10Z</time></trkpt><trkpt lat="21.116997" lon="105.874887"><ele>-30.390</ele><time>2018-09-07T05:43:11Z</time></trkpt><trkpt lat="21.116942" lon="105.874941"><ele>-30.136</ele><time>2018-09-07T05:43:12Z</time></trkpt><trkpt lat="21.116891" lon="105.874990"><ele>-30.025</ele><time>2018-09-07T05:43:13Z</time></trkpt><trkpt lat="21.116844" lon="105.875040"><ele>-29.928</ele><time>2018-09-07T05:43:14Z</time></trkpt><trkpt lat="21.116791" lon="105.875088"><ele>-29.834</ele><time>2018-09-07T05:43:15Z</time></trkpt><trkpt lat="21.116738" lon="105.875132"><ele>-29.855</ele><time>2018-09-07T05:43:16Z</time></trkpt><trkpt lat="21.116681" lon="105.875177"><ele>-29.810</ele><time>2018-09-07T05:43:17Z</time></trkpt><trkpt lat="21.116627" lon="105.875224"><ele>-30.208</ele><time>2018-09-07T05:43:18Z</time></trkpt><trkpt lat="21.116570" lon="105.875266"><ele>-30.435</ele><time>2018-09-07T05:43:19Z</time></trkpt><trkpt lat="21.116521" lon="105.875313"><ele>-30.141</ele><time>2018-09-07T05:43:20Z</time></trkpt><trkpt lat="21.116472" lon="105.875363"><ele>-29.986</ele><time>2018-09-07T05:43:21Z</time></trkpt><trkpt lat="21.116424" lon="105.875408"><ele>-29.851</ele><time>2018-09-07T05:43:22Z</time></trkpt><trkpt lat="21.116373" lon="105.875449"><ele>-29.737</ele><time>2018-09-07T05:43:23Z</time></trkpt><trkpt lat="21.116323" lon="105.875502"><ele>-29.393</ele><time>2018-09-07T05:43:24Z</time></trkpt><trkpt lat="21.116278" lon="105.875562"><ele>-29.012</ele><time>2018-09-07T05:43:25Z</time></trkpt><trkpt lat="21.116236" lon="105.875635"><ele>-28.415</ele><time>2018-09-07T05:43:26Z</time></trkpt><trkpt lat="21.116200" lon="105.875715"><ele>-27.753</ele><time>2018-09-07T05:43:27Z</time></trkpt><trkpt lat="21.116168" lon="105.875780"><ele>-26.904</ele><time>2018-09-07T05:43:28Z</time></trkpt><trkpt lat="21.116133" lon="105.875838"><ele>-26.414</ele><time>2018-09-07T05:43:29Z</time></trkpt><trkpt lat="21.116099" lon="105.875895"><ele>-26.108</ele><time>2018-09-07T05:43:30Z</time></trkpt><trkpt lat="21.116071" lon="105.875957"><ele>-25.957</ele><time>2018-09-07T05:43:31Z</time></trkpt><trkpt lat="21.116040" lon="105.876019"><ele>-25.553</ele><time>2018-09-07T05:43:32Z</time></trkpt><trkpt lat="21.116010" lon="105.876084"><ele>-25.118</ele><time>2018-09-07T05:43:33Z</time></trkpt><trkpt lat="21.115983" lon="105.876150"><ele>-25.033</ele><time>2018-09-07T05:43:34Z</time></trkpt><trkpt lat="21.115958" lon="105.876212"><ele>-24.869</ele><time>2018-09-07T05:43:35Z</time></trkpt><trkpt lat="21.115932" lon="105.876268"><ele>-24.385</ele><time>2018-09-07T05:43:36Z</time></trkpt><trkpt lat="21.115908" lon="105.876315"><ele>-24.554</ele><time>2018-09-07T05:43:37Z</time></trkpt><trkpt lat="21.115886" lon="105.876359"><ele>-24.537</ele><time>2018-09-07T05:43:38Z</time></trkpt><trkpt lat="21.115868" lon="105.876405"><ele>-24.543</ele><time>2018-09-07T05:43:40Z</time></trkpt><trkpt lat="21.115855" lon="105.876455"><ele>-24.564</ele><time>2018-09-07T05:43:42Z</time></trkpt><trkpt lat="21.115875" lon="105.876528"><ele>-24.510</ele><time>2018-09-07T05:43:45Z</time></trkpt><trkpt lat="21.115947" lon="105.876627"><ele>-24.508</ele><time>2018-09-07T05:43:47Z</time></trkpt><trkpt lat="21.115984" lon="105.876662"><ele>-24.126</ele><time>2018-09-07T05:43:48Z</time></trkpt><trkpt lat="21.116038" lon="105.876707"><ele>-24.062</ele><time>2018-09-07T05:43:49Z</time></trkpt><trkpt lat="21.116076" lon="105.876740"><ele>-23.867</ele><time>2018-09-07T05:43:50Z</time></trkpt><trkpt lat="21.116118" lon="105.876774"><ele>-23.392</ele><time>2018-09-07T05:43:51Z</time></trkpt><trkpt lat="21.116155" lon="105.876806"><ele>-23.028</ele><time>2018-09-07T05:43:52Z</time></trkpt><trkpt lat="21.116200" lon="105.876835"><ele>-23.394</ele><time>2018-09-07T05:43:53Z</time></trkpt><trkpt lat="21.116241" lon="105.876866"><ele>-23.343</ele><time>2018-09-07T05:43:54Z</time></trkpt><trkpt lat="21.116280" lon="105.876896"><ele>-23.596</ele><time>2018-09-07T05:43:55Z</time></trkpt><trkpt lat="21.116321" lon="105.876934"><ele>-23.016</ele><time>2018-09-07T05:43:56Z</time></trkpt><trkpt lat="21.116361" lon="105.876975"><ele>-22.876</ele><time>2018-09-07T05:43:57Z</time></trkpt><trkpt lat="21.116413" lon="105.877019"><ele>-22.313</ele><time>2018-09-07T05:43:58Z</time></trkpt><trkpt lat="21.116467" lon="105.877071"><ele>-22.008</ele><time>2018-09-07T05:43:59Z</time></trkpt><trkpt lat="21.116518" lon="105.877131"><ele>-21.883</ele><time>2018-09-07T05:44:00Z</time></trkpt><trkpt lat="21.116562" lon="105.877194"><ele>-21.879</ele><time>2018-09-07T05:44:01Z</time></trkpt><trkpt lat="21.116599" lon="105.877252"><ele>-21.334</ele><time>2018-09-07T05:44:02Z</time></trkpt><trkpt lat="21.116635" lon="105.877309"><ele>-21.019</ele><time>2018-09-07T05:44:03Z</time></trkpt><trkpt lat="21.116674" lon="105.877365"><ele>-20.845</ele><time>2018-09-07T05:44:04Z</time></trkpt><trkpt lat="21.116708" lon="105.877425"><ele>-21.091</ele><time>2018-09-07T05:44:05Z</time></trkpt><trkpt lat="21.116745" lon="105.877485"><ele>-21.320</ele><time>2018-09-07T05:44:06Z</time></trkpt><trkpt lat="21.116782" lon="105.877543"><ele>-21.383</ele><time>2018-09-07T05:44:07Z</time></trkpt><trkpt lat="21.116821" lon="105.877602"><ele>-21.581</ele><time>2018-09-07T05:44:08Z</time></trkpt><trkpt lat="21.116860" lon="105.877662"><ele>-21.561</ele><time>2018-09-07T05:44:09Z</time></trkpt><trkpt lat="21.116892" lon="105.877725"><ele>-21.017</ele><time>2018-09-07T05:44:10Z</time></trkpt><trkpt lat="21.116926" lon="105.877786"><ele>-20.808</ele><time>2018-09-07T05:44:11Z</time></trkpt><trkpt lat="21.116964" lon="105.877847"><ele>-20.810</ele><time>2018-09-07T05:44:12Z</time></trkpt><trkpt lat="21.117004" lon="105.877905"><ele>-20.386</ele><time>2018-09-07T05:44:13Z</time></trkpt><trkpt lat="21.117041" lon="105.877962"><ele>-20.051</ele><time>2018-09-07T05:44:14Z</time></trkpt><trkpt lat="21.117077" lon="105.878024"><ele>-19.816</ele><time>2018-09-07T05:44:15Z</time></trkpt><trkpt lat="21.117105" lon="105.878080"><ele>-19.612</ele><time>2018-09-07T05:44:16Z</time></trkpt><trkpt lat="21.117136" lon="105.878135"><ele>-19.518</ele><time>2018-09-07T05:44:17Z</time></trkpt><trkpt lat="21.117165" lon="105.878191"><ele>-19.527</ele><time>2018-09-07T05:44:18Z</time></trkpt><trkpt lat="21.117193" lon="105.878244"><ele>-19.530</ele><time>2018-09-07T05:44:19Z</time></trkpt><trkpt lat="21.117224" lon="105.878297"><ele>-19.511</ele><time>2018-09-07T05:44:20Z</time></trkpt><trkpt lat="21.117250" lon="105.878355"><ele>-19.521</ele><time>2018-09-07T05:44:21Z</time></trkpt><trkpt lat="21.117278" lon="105.878416"><ele>-19.503</ele><time>2018-09-07T05:44:22Z</time></trkpt><trkpt lat="21.117310" lon="105.878481"><ele>-19.508</ele><time>2018-09-07T05:44:23Z</time></trkpt><trkpt lat="21.117342" lon="105.878544"><ele>-19.533</ele><time>2018-09-07T05:44:24Z</time></trkpt><trkpt lat="21.117372" lon="105.878605"><ele>-19.539</ele><time>2018-09-07T05:44:25Z</time></trkpt><trkpt lat="21.117406" lon="105.878666"><ele>-19.534</ele><time>2018-09-07T05:44:26Z</time></trkpt><trkpt lat="21.117441" lon="105.878727"><ele>-19.179</ele><time>2018-09-07T05:44:27Z</time></trkpt><trkpt lat="21.117478" lon="105.878780"><ele>-19.025</ele><time>2018-09-07T05:44:28Z</time></trkpt><trkpt lat="21.117514" lon="105.878827"><ele>-18.881</ele><time>2018-09-07T05:44:29Z</time></trkpt><trkpt lat="21.117551" lon="105.878868"><ele>-18.730</ele><time>2018-09-07T05:44:30Z</time></trkpt><trkpt lat="21.117592" lon="105.878899"><ele>-18.613</ele><time>2018-09-07T05:44:31Z</time></trkpt><trkpt lat="21.117673" lon="105.878946"><ele>-18.613</ele><time>2018-09-07T05:44:33Z</time></trkpt><trkpt lat="21.117756" lon="105.878986"><ele>-18.643</ele><time>2018-09-07T05:44:35Z</time></trkpt><trkpt lat="21.117805" lon="105.879002"><ele>-19.007</ele><time>2018-09-07T05:44:36Z</time></trkpt><trkpt lat="21.117853" lon="105.879017"><ele>-19.308</ele><time>2018-09-07T05:44:37Z</time></trkpt><trkpt lat="21.117903" lon="105.879026"><ele>-19.353</ele><time>2018-09-07T05:44:38Z</time></trkpt><trkpt lat="21.117958" lon="105.879034"><ele>-19.829</ele><time>2018-09-07T05:44:39Z</time></trkpt><trkpt lat="21.118013" lon="105.879038"><ele>-20.134</ele><time>2018-09-07T05:44:40Z</time></trkpt><trkpt lat="21.118072" lon="105.879040"><ele>-20.359</ele><time>2018-09-07T05:44:41Z</time></trkpt><trkpt lat="21.118146" lon="105.879038"><ele>-20.055</ele><time>2018-09-07T05:44:42Z</time></trkpt><trkpt lat="21.118200" lon="105.879040"><ele>-20.321</ele><time>2018-09-07T05:44:43Z</time></trkpt><trkpt lat="21.118248" lon="105.879044"><ele>-20.350</ele><time>2018-09-07T05:44:44Z</time></trkpt><trkpt lat="21.118295" lon="105.879049"><ele>-20.523</ele><time>2018-09-07T05:44:45Z</time></trkpt><trkpt lat="21.118344" lon="105.879050"><ele>-20.882</ele><time>2018-09-07T05:44:46Z</time></trkpt><trkpt lat="21.118389" lon="105.879047"><ele>-21.143</ele><time>2018-09-07T05:44:47Z</time></trkpt><trkpt lat="21.118435" lon="105.879040"><ele>-21.317</ele><time>2018-09-07T05:44:48Z</time></trkpt><trkpt lat="21.118484" lon="105.879032"><ele>-21.508</ele><time>2018-09-07T05:44:49Z</time></trkpt><trkpt lat="21.118534" lon="105.879026"><ele>-21.560</ele><time>2018-09-07T05:44:50Z</time></trkpt><trkpt lat="21.118584" lon="105.879021"><ele>-21.596</ele><time>2018-09-07T05:44:51Z</time></trkpt><trkpt lat="21.118632" lon="105.879021"><ele>-22.091</ele><time>2018-09-07T05:44:52Z</time></trkpt><trkpt lat="21.118679" lon="105.879013"><ele>-22.346</ele><time>2018-09-07T05:44:53Z</time></trkpt><trkpt lat="21.118726" lon="105.879007"><ele>-22.582</ele><time>2018-09-07T05:44:54Z</time></trkpt><trkpt lat="21.118775" lon="105.879001"><ele>-22.558</ele><time>2018-09-07T05:44:55Z</time></trkpt><trkpt lat="21.118822" lon="105.878993"><ele>-23.097</ele><time>2018-09-07T05:44:56Z</time></trkpt><trkpt lat="21.118866" lon="105.878982"><ele>-23.380</ele><time>2018-09-07T05:44:57Z</time></trkpt><trkpt lat="21.118913" lon="105.878974"><ele>-24.048</ele><time>2018-09-07T05:44:58Z</time></trkpt><trkpt lat="21.118965" lon="105.878970"><ele>-24.361</ele><time>2018-09-07T05:45:00Z</time></trkpt><trkpt lat="21.119023" lon="105.878967"><ele>-24.517</ele><time>2018-09-07T05:45:02Z</time></trkpt><trkpt lat="21.119085" lon="105.878964"><ele>-24.508</ele><time>2018-09-07T05:45:04Z</time></trkpt><trkpt lat="21.119149" lon="105.878963"><ele>-25.036</ele><time>2018-09-07T05:45:06Z</time></trkpt><trkpt lat="21.119216" lon="105.878965"><ele>-25.342</ele><time>2018-09-07T05:45:08Z</time></trkpt><trkpt lat="21.119286" lon="105.878965"><ele>-25.567</ele><time>2018-09-07T05:45:10Z</time></trkpt><trkpt lat="21.119351" lon="105.878971"><ele>-25.682</ele><time>2018-09-07T05:45:12Z</time></trkpt><trkpt lat="21.119446" lon="105.878996"><ele>-25.768</ele><time>2018-09-07T05:45:13Z</time></trkpt><trkpt lat="21.119496" lon="105.879046"><ele>-25.774</ele><time>2018-09-07T05:45:16Z</time></trkpt><trkpt lat="21.119537" lon="105.879110"><ele>-25.793</ele><time>2018-09-07T05:45:17Z</time></trkpt><trkpt lat="21.119562" lon="105.879160"><ele>-25.756</ele><time>2018-09-07T05:45:18Z</time></trkpt><trkpt lat="21.119578" lon="105.879215"><ele>-25.735</ele><time>2018-09-07T05:45:19Z</time></trkpt><trkpt lat="21.119595" lon="105.879269"><ele>-25.786</ele><time>2018-09-07T05:45:20Z</time></trkpt><trkpt lat="21.119617" lon="105.879322"><ele>-25.714</ele><time>2018-09-07T05:45:21Z</time></trkpt><trkpt lat="21.119649" lon="105.879410"><ele>-25.708</ele><time>2018-09-07T05:45:23Z</time></trkpt><trkpt lat="21.119682" lon="105.879494"><ele>-25.795</ele><time>2018-09-07T05:45:25Z</time></trkpt><trkpt lat="21.119724" lon="105.879585"><ele>-26.151</ele><time>2018-09-07T05:45:27Z</time></trkpt><trkpt lat="21.119742" lon="105.879635"><ele>-26.396</ele><time>2018-09-07T05:45:28Z</time></trkpt><trkpt lat="21.119754" lon="105.879691"><ele>-26.421</ele><time>2018-09-07T05:45:29Z</time></trkpt><trkpt lat="21.119769" lon="105.879741"><ele>-26.567</ele><time>2018-09-07T05:45:30Z</time></trkpt><trkpt lat="21.119783" lon="105.879791"><ele>-26.683</ele><time>2018-09-07T05:45:32Z</time></trkpt><trkpt lat="21.119797" lon="105.879847"><ele>-26.672</ele><time>2018-09-07T05:45:34Z</time></trkpt><trkpt lat="21.119812" lon="105.879906"><ele>-26.675</ele><time>2018-09-07T05:45:36Z</time></trkpt><trkpt lat="21.119829" lon="105.879961"><ele>-26.651</ele><time>2018-09-07T05:45:38Z</time></trkpt><trkpt lat="21.119854" lon="105.880011"><ele>-26.601</ele><time>2018-09-07T05:45:40Z</time></trkpt><trkpt lat="21.119899" lon="105.880055"><ele>-26.611</ele><time>2018-09-07T05:45:42Z</time></trkpt><trkpt lat="21.119952" lon="105.880075"><ele>-26.608</ele><time>2018-09-07T05:45:44Z</time></trkpt><trkpt lat="21.120022" lon="105.880084"><ele>-26.677</ele><time>2018-09-07T05:45:46Z</time></trkpt><trkpt lat="21.120165" lon="105.880098"><ele>-26.623</ele><time>2018-09-07T05:45:48Z</time></trkpt><trkpt lat="21.120214" lon="105.880100"><ele>-26.678</ele><time>2018-09-07T05:45:49Z</time></trkpt><trkpt lat="21.120267" lon="105.880093"><ele>-27.083</ele><time>2018-09-07T05:45:50Z</time></trkpt><trkpt lat="21.120319" lon="105.880087"><ele>-27.259</ele><time>2018-09-07T05:45:51Z</time></trkpt><trkpt lat="21.120378" lon="105.880081"><ele>-27.385</ele><time>2018-09-07T05:45:52Z</time></trkpt><trkpt lat="21.120436" lon="105.880076"><ele>-27.434</ele><time>2018-09-07T05:45:53Z</time></trkpt><trkpt lat="21.120493" lon="105.880072"><ele>-27.537</ele><time>2018-09-07T05:45:54Z</time></trkpt><trkpt lat="21.120549" lon="105.880068"><ele>-27.556</ele><time>2018-09-07T05:45:55Z</time></trkpt><trkpt lat="21.120598" lon="105.880062"><ele>-27.559</ele><time>2018-09-07T05:45:56Z</time></trkpt><trkpt lat="21.120650" lon="105.880054"><ele>-27.514</ele><time>2018-09-07T05:45:57Z</time></trkpt><trkpt lat="21.120731" lon="105.880038"><ele>-27.908</ele><time>2018-09-07T05:45:59Z</time></trkpt><trkpt lat="21.120801" lon="105.880028"><ele>-28.137</ele><time>2018-09-07T05:46:02Z</time></trkpt><trkpt lat="21.120881" lon="105.880017"><ele>-28.293</ele><time>2018-09-07T05:46:03Z</time></trkpt><trkpt lat="21.120926" lon="105.880006"><ele>-28.368</ele><time>2018-09-07T05:46:04Z</time></trkpt><trkpt lat="21.120974" lon="105.880000"><ele>-28.473</ele><time>2018-09-07T05:46:05Z</time></trkpt><trkpt lat="21.121023" lon="105.879994"><ele>-28.449</ele><time>2018-09-07T05:46:06Z</time></trkpt><trkpt lat="21.121091" lon="105.879980"><ele>-28.415</ele><time>2018-09-07T05:46:07Z</time></trkpt><trkpt lat="21.121139" lon="105.879970"><ele>-28.434</ele><time>2018-09-07T05:46:08Z</time></trkpt><trkpt lat="21.121184" lon="105.879969"><ele>-28.477</ele><time>2018-09-07T05:46:09Z</time></trkpt><trkpt lat="21.121232" lon="105.879961"><ele>-28.425</ele><time>2018-09-07T05:46:10Z</time></trkpt><trkpt lat="21.121279" lon="105.879952"><ele>-28.426</ele><time>2018-09-07T05:46:11Z</time></trkpt><trkpt lat="21.121329" lon="105.879948"><ele>-28.408</ele><time>2018-09-07T05:46:12Z</time></trkpt><trkpt lat="21.121377" lon="105.879942"><ele>-28.408</ele><time>2018-09-07T05:46:13Z</time></trkpt><trkpt lat="21.121426" lon="105.879934"><ele>-28.854</ele><time>2018-09-07T05:46:14Z</time></trkpt><trkpt lat="21.121473" lon="105.879918"><ele>-29.080</ele><time>2018-09-07T05:46:15Z</time></trkpt><trkpt lat="21.121525" lon="105.879898"><ele>-29.125</ele><time>2018-09-07T05:46:16Z</time></trkpt><trkpt lat="21.121578" lon="105.879878"><ele>-29.690</ele><time>2018-09-07T05:46:17Z</time></trkpt><trkpt lat="21.121638" lon="105.879867"><ele>-30.376</ele><time>2018-09-07T05:46:18Z</time></trkpt><trkpt lat="21.121696" lon="105.879860"><ele>-30.782</ele><time>2018-09-07T05:46:19Z</time></trkpt><trkpt lat="21.121749" lon="105.879846"><ele>-30.991</ele><time>2018-09-07T05:46:20Z</time></trkpt><trkpt lat="21.121806" lon="105.879833"><ele>-31.484</ele><time>2018-09-07T05:46:21Z</time></trkpt><trkpt lat="21.121859" lon="105.879810"><ele>-31.738</ele><time>2018-09-07T05:46:22Z</time></trkpt><trkpt lat="21.121899" lon="105.879784"><ele>-31.970</ele><time>2018-09-07T05:46:24Z</time></trkpt><trkpt lat="21.121963" lon="105.879693"><ele>-32.017</ele><time>2018-09-07T05:46:26Z</time></trkpt><trkpt lat="21.121995" lon="105.879646"><ele>-31.708</ele><time>2018-09-07T05:46:27Z</time></trkpt><trkpt lat="21.122000" lon="105.879592"><ele>-31.585</ele><time>2018-09-07T05:46:28Z</time></trkpt><trkpt lat="21.122002" lon="105.879535"><ele>-31.471</ele><time>2018-09-07T05:46:29Z</time></trkpt><trkpt lat="21.121998" lon="105.879472"><ele>-31.346</ele><time>2018-09-07T05:46:30Z</time></trkpt><trkpt lat="21.121993" lon="105.879406"><ele>-31.381</ele><time>2018-09-07T05:46:31Z</time></trkpt><trkpt lat="21.121990" lon="105.879337"><ele>-31.317</ele><time>2018-09-07T05:46:32Z</time></trkpt><trkpt lat="21.121988" lon="105.879268"><ele>-31.783</ele><time>2018-09-07T05:46:33Z</time></trkpt><trkpt lat="21.121986" lon="105.879198"><ele>-31.932</ele><time>2018-09-07T05:46:34Z</time></trkpt><trkpt lat="21.121982" lon="105.879137"><ele>-32.065</ele><time>2018-09-07T05:46:35Z</time></trkpt><trkpt lat="21.121978" lon="105.879080"><ele>-32.188</ele><time>2018-09-07T05:46:36Z</time></trkpt><trkpt lat="21.121988" lon="105.879010"><ele>-32.124</ele><time>2018-09-07T05:46:37Z</time></trkpt><trkpt lat="21.121997" lon="105.878945"><ele>-32.126</ele><time>2018-09-07T05:46:38Z</time></trkpt><trkpt lat="21.122008" lon="105.878888"><ele>-32.108</ele><time>2018-09-07T05:46:39Z</time></trkpt><trkpt lat="21.122018" lon="105.878828"><ele>-32.130</ele><time>2018-09-07T05:46:40Z</time></trkpt><trkpt lat="21.122024" lon="105.878771"><ele>-32.156</ele><time>2018-09-07T05:46:41Z</time></trkpt><trkpt lat="21.122027" lon="105.878721"><ele>-32.511</ele><time>2018-09-07T05:46:42Z</time></trkpt><trkpt lat="21.122034" lon="105.878669"><ele>-32.736</ele><time>2018-09-07T05:46:43Z</time></trkpt><trkpt lat="21.122036" lon="105.878614"><ele>-32.962</ele><time>2018-09-07T05:46:44Z</time></trkpt><trkpt lat="21.122037" lon="105.878556"><ele>-32.968</ele><time>2018-09-07T05:46:45Z</time></trkpt><trkpt lat="21.122043" lon="105.878494"><ele>-33.097</ele><time>2018-09-07T05:46:46Z</time></trkpt><trkpt lat="21.122054" lon="105.878427"><ele>-33.090</ele><time>2018-09-07T05:46:47Z</time></trkpt><trkpt lat="21.122064" lon="105.878361"><ele>-33.082</ele><time>2018-09-07T05:46:48Z</time></trkpt><trkpt lat="21.122077" lon="105.878290"><ele>-33.043</ele><time>2018-09-07T05:46:49Z</time></trkpt><trkpt lat="21.122087" lon="105.878223"><ele>-33.017</ele><time>2018-09-07T05:46:50Z</time></trkpt><trkpt lat="21.122104" lon="105.878157"><ele>-33.008</ele><time>2018-09-07T05:46:51Z</time></trkpt><trkpt lat="21.122126" lon="105.878089"><ele>-33.470</ele><time>2018-09-07T05:46:52Z</time></trkpt><trkpt lat="21.122142" lon="105.878030"><ele>-33.696</ele><time>2018-09-07T05:46:53Z</time></trkpt><trkpt lat="21.122168" lon="105.877972"><ele>-33.491</ele><time>2018-09-07T05:46:54Z</time></trkpt><trkpt lat="21.122187" lon="105.877916"><ele>-33.146</ele><time>2018-09-07T05:46:55Z</time></trkpt><trkpt lat="21.122209" lon="105.877860"><ele>-33.022</ele><time>2018-09-07T05:46:56Z</time></trkpt><trkpt lat="21.122234" lon="105.877802"><ele>-32.988</ele><time>2018-09-07T05:46:57Z</time></trkpt><trkpt lat="21.122258" lon="105.877740"><ele>-32.537</ele><time>2018-09-07T05:46:58Z</time></trkpt><trkpt lat="21.122278" lon="105.877680"><ele>-32.290</ele><time>2018-09-07T05:46:59Z</time></trkpt><trkpt lat="21.122291" lon="105.877619"><ele>-32.017</ele><time>2018-09-07T05:47:00Z</time></trkpt><trkpt lat="21.122310" lon="105.877559"><ele>-31.987</ele><time>2018-09-07T05:47:01Z</time></trkpt><trkpt lat="21.122327" lon="105.877502"><ele>-31.815</ele><time>2018-09-07T05:47:02Z</time></trkpt><trkpt lat="21.122344" lon="105.877443"><ele>-31.808</ele><time>2018-09-07T05:47:03Z</time></trkpt><trkpt lat="21.122360" lon="105.877381"><ele>-31.813</ele><time>2018-09-07T05:47:04Z</time></trkpt><trkpt lat="21.122377" lon="105.877319"><ele>-32.229</ele><time>2018-09-07T05:47:05Z</time></trkpt><trkpt lat="21.122393" lon="105.877259"><ele>-32.414</ele><time>2018-09-07T05:47:06Z</time></trkpt><trkpt lat="21.122404" lon="105.877193"><ele>-32.169</ele><time>2018-09-07T05:47:07Z</time></trkpt><trkpt lat="21.122417" lon="105.877130"><ele>-32.415</ele><time>2018-09-07T05:47:08Z</time></trkpt><trkpt lat="21.122422" lon="105.877070"><ele>-32.441</ele><time>2018-09-07T05:47:09Z</time></trkpt><trkpt lat="21.122430" lon="105.877011"><ele>-32.130</ele><time>2018-09-07T05:47:10Z</time></trkpt><trkpt lat="21.122432" lon="105.876956"><ele>-31.923</ele><time>2018-09-07T05:47:11Z</time></trkpt><trkpt lat="21.122435" lon="105.876907"><ele>-31.837</ele><time>2018-09-07T05:47:12Z</time></trkpt><trkpt lat="21.122440" lon="105.876857"><ele>-32.149</ele><time>2018-09-07T05:47:13Z</time></trkpt><trkpt lat="21.122442" lon="105.876788"><ele>-32.713</ele><time>2018-09-07T05:47:15Z</time></trkpt><trkpt lat="21.122438" lon="105.876739"><ele>-33.108</ele><time>2018-09-07T05:47:17Z</time></trkpt><trkpt lat="21.122432" lon="105.876685"><ele>-33.425</ele><time>2018-09-07T05:47:19Z</time></trkpt><trkpt lat="21.122429" lon="105.876550"><ele>-33.481</ele><time>2018-09-07T05:47:21Z</time></trkpt><trkpt lat="21.122478" lon="105.876487"><ele>-33.586</ele><time>2018-09-07T05:47:22Z</time></trkpt><trkpt lat="21.122499" lon="105.876429"><ele>-33.521</ele><time>2018-09-07T05:47:23Z</time></trkpt><trkpt lat="21.122504" lon="105.876373"><ele>-33.597</ele><time>2018-09-07T05:47:24Z</time></trkpt><trkpt lat="21.122503" lon="105.876321"><ele>-33.933</ele><time>2018-09-07T05:47:25Z</time></trkpt><trkpt lat="21.122498" lon="105.876268"><ele>-34.262</ele><time>2018-09-07T05:47:26Z</time></trkpt><trkpt lat="21.122500" lon="105.876202"><ele>-34.475</ele><time>2018-09-07T05:47:27Z</time></trkpt><trkpt lat="21.122494" lon="105.876141"><ele>-34.511</ele><time>2018-09-07T05:47:28Z</time></trkpt><trkpt lat="21.122485" lon="105.876085"><ele>-34.621</ele><time>2018-09-07T05:47:29Z</time></trkpt><trkpt lat="21.122481" lon="105.876028"><ele>-34.603</ele><time>2018-09-07T05:47:30Z</time></trkpt><trkpt lat="21.122477" lon="105.875964"><ele>-34.608</ele><time>2018-09-07T05:47:31Z</time></trkpt><trkpt lat="21.122476" lon="105.875904"><ele>-34.653</ele><time>2018-09-07T05:47:32Z</time></trkpt><trkpt lat="21.122487" lon="105.875845"><ele>-35.049</ele><time>2018-09-07T05:47:33Z</time></trkpt><trkpt lat="21.122490" lon="105.875787"><ele>-35.254</ele><time>2018-09-07T05:47:34Z</time></trkpt><trkpt lat="21.122492" lon="105.875733"><ele>-35.489</ele><time>2018-09-07T05:47:35Z</time></trkpt><trkpt lat="21.122504" lon="105.875678"><ele>-35.415</ele><time>2018-09-07T05:47:36Z</time></trkpt><trkpt lat="21.122510" lon="105.875570"><ele>-35.191</ele><time>2018-09-07T05:47:38Z</time></trkpt><trkpt lat="21.122517" lon="105.875508"><ele>-34.980</ele><time>2018-09-07T05:47:39Z</time></trkpt><trkpt lat="21.122527" lon="105.875457"><ele>-34.993</ele><time>2018-09-07T05:47:40Z</time></trkpt><trkpt lat="21.122540" lon="105.875406"><ele>-35.128</ele><time>2018-09-07T05:47:41Z</time></trkpt><trkpt lat="21.122541" lon="105.875350"><ele>-35.489</ele><time>2018-09-07T05:47:42Z</time></trkpt><trkpt lat="21.122573" lon="105.875288"><ele>-35.017</ele><time>2018-09-07T05:47:43Z</time></trkpt><trkpt lat="21.122576" lon="105.875237"><ele>-34.908</ele><time>2018-09-07T05:47:45Z</time></trkpt><trkpt lat="21.122586" lon="105.875153"><ele>-34.744</ele><time>2018-09-07T05:47:46Z</time></trkpt><trkpt lat="21.122588" lon="105.875095"><ele>-34.610</ele><time>2018-09-07T05:47:47Z</time></trkpt><trkpt lat="21.122593" lon="105.875037"><ele>-34.695</ele><time>2018-09-07T05:47:48Z</time></trkpt><trkpt lat="21.122591" lon="105.874981"><ele>-34.260</ele><time>2018-09-07T05:47:49Z</time></trkpt><trkpt lat="21.122591" lon="105.874922"><ele>-33.946</ele><time>2018-09-07T05:47:50Z</time></trkpt><trkpt lat="21.122597" lon="105.874867"><ele>-33.762</ele><time>2018-09-07T05:47:51Z</time></trkpt><trkpt lat="21.122617" lon="105.874815"><ele>-33.631</ele><time>2018-09-07T05:47:52Z</time></trkpt><trkpt lat="21.122613" lon="105.874764"><ele>-33.514</ele><time>2018-09-07T05:47:53Z</time></trkpt><trkpt lat="21.122601" lon="105.874663"><ele>-33.939</ele><time>2018-09-07T05:47:55Z</time></trkpt><trkpt lat="21.122600" lon="105.874602"><ele>-34.101</ele><time>2018-09-07T05:47:57Z</time></trkpt><trkpt lat="21.122601" lon="105.874531"><ele>-34.621</ele><time>2018-09-07T05:47:59Z</time></trkpt><trkpt lat="21.122606" lon="105.874468"><ele>-34.908</ele><time>2018-09-07T05:48:01Z</time></trkpt><trkpt lat="21.122616" lon="105.874410"><ele>-35.185</ele><time>2018-09-07T05:48:03Z</time></trkpt><trkpt lat="21.122642" lon="105.874369"><ele>-34.991</ele><time>2018-09-07T05:48:05Z</time></trkpt><trkpt lat="21.122686" lon="105.874347"><ele>-35.066</ele><time>2018-09-07T05:48:07Z</time></trkpt><trkpt lat="21.122739" lon="105.874337"><ele>-35.181</ele><time>2018-09-07T05:48:09Z</time></trkpt><trkpt lat="21.122795" lon="105.874334"><ele>-34.937</ele><time>2018-09-07T05:48:11Z</time></trkpt><trkpt lat="21.122858" lon="105.874335"><ele>-34.613</ele><time>2018-09-07T05:48:13Z</time></trkpt><trkpt lat="21.122963" lon="105.874332"><ele>-34.592</ele><time>2018-09-07T05:48:14Z</time></trkpt><trkpt lat="21.123017" lon="105.874334"><ele>-34.415</ele><time>2018-09-07T05:48:15Z</time></trkpt><trkpt lat="21.123070" lon="105.874331"><ele>-34.429</ele><time>2018-09-07T05:48:16Z</time></trkpt><trkpt lat="21.123120" lon="105.874329"><ele>-34.900</ele><time>2018-09-07T05:48:17Z</time></trkpt><trkpt lat="21.123174" lon="105.874325"><ele>-35.020</ele><time>2018-09-07T05:48:18Z</time></trkpt><trkpt lat="21.123269" lon="105.874313"><ele>-35.108</ele><time>2018-09-07T05:48:20Z</time></trkpt><trkpt lat="21.123325" lon="105.874314"><ele>-35.654</ele><time>2018-09-07T05:48:21Z</time></trkpt><trkpt lat="21.123379" lon="105.874309"><ele>-35.990</ele><time>2018-09-07T05:48:22Z</time></trkpt><trkpt lat="21.123435" lon="105.874308"><ele>-36.185</ele><time>2018-09-07T05:48:23Z</time></trkpt><trkpt lat="21.123489" lon="105.874301"><ele>-36.290</ele><time>2018-09-07T05:48:24Z</time></trkpt><trkpt lat="21.123542" lon="105.874288"><ele>-36.476</ele><time>2018-09-07T05:48:25Z</time></trkpt><trkpt lat="21.123603" lon="105.874274"><ele>-36.432</ele><time>2018-09-07T05:48:26Z</time></trkpt><trkpt lat="21.123663" lon="105.874263"><ele>-36.441</ele><time>2018-09-07T05:48:27Z</time></trkpt><trkpt lat="21.123717" lon="105.874249"><ele>-36.444</ele><time>2018-09-07T05:48:28Z</time></trkpt><trkpt lat="21.123771" lon="105.874234"><ele>-36.441</ele><time>2018-09-07T05:48:29Z</time></trkpt><trkpt lat="21.123822" lon="105.874218"><ele>-36.481</ele><time>2018-09-07T05:48:30Z</time></trkpt><trkpt lat="21.123873" lon="105.874207"><ele>-35.909</ele><time>2018-09-07T05:48:31Z</time></trkpt><trkpt lat="21.123924" lon="105.874195"><ele>-35.708</ele><time>2018-09-07T05:48:32Z</time></trkpt><trkpt lat="21.123974" lon="105.874185"><ele>-35.686</ele><time>2018-09-07T05:48:33Z</time></trkpt><trkpt lat="21.124022" lon="105.874177"><ele>-35.552</ele><time>2018-09-07T05:48:34Z</time></trkpt><trkpt lat="21.124071" lon="105.874171"><ele>-35.447</ele><time>2018-09-07T05:48:35Z</time></trkpt><trkpt lat="21.124122" lon="105.874162"><ele>-35.432</ele><time>2018-09-07T05:48:36Z</time></trkpt><trkpt lat="21.124172" lon="105.874151"><ele>-35.078</ele><time>2018-09-07T05:48:37Z</time></trkpt><trkpt lat="21.124237" lon="105.874139"><ele>-34.414</ele><time>2018-09-07T05:48:39Z</time></trkpt><trkpt lat="21.124334" lon="105.874120"><ele>-33.913</ele><time>2018-09-07T05:48:41Z</time></trkpt><trkpt lat="21.124380" lon="105.874110"><ele>-33.716</ele><time>2018-09-07T05:48:42Z</time></trkpt><trkpt lat="21.124425" lon="105.874103"><ele>-33.277</ele><time>2018-09-07T05:48:43Z</time></trkpt><trkpt lat="21.124473" lon="105.874091"><ele>-32.961</ele><time>2018-09-07T05:48:44Z</time></trkpt><trkpt lat="21.124520" lon="105.874083"><ele>-32.427</ele><time>2018-09-07T05:48:45Z</time></trkpt><trkpt lat="21.124632" lon="105.874054"><ele>-31.508</ele><time>2018-09-07T05:48:48Z</time></trkpt><trkpt lat="21.124685" lon="105.874048"><ele>-30.649</ele><time>2018-09-07T05:48:50Z</time></trkpt><trkpt lat="21.124739" lon="105.874043"><ele>-30.185</ele><time>2018-09-07T05:48:52Z</time></trkpt><trkpt lat="21.124795" lon="105.874033"><ele>-29.810</ele><time>2018-09-07T05:48:54Z</time></trkpt><trkpt lat="21.124853" lon="105.874022"><ele>-29.635</ele><time>2018-09-07T05:48:56Z</time></trkpt><trkpt lat="21.124904" lon="105.874005"><ele>-29.111</ele><time>2018-09-07T05:48:58Z</time></trkpt><trkpt lat="21.124953" lon="105.873964"><ele>-28.887</ele><time>2018-09-07T05:49:01Z</time></trkpt><trkpt lat="21.124996" lon="105.873844"><ele>-29.016</ele><time>2018-09-07T05:49:03Z</time></trkpt><trkpt lat="21.125012" lon="105.873782"><ele>-29.189</ele><time>2018-09-07T05:49:04Z</time></trkpt><trkpt lat="21.125015" lon="105.873720"><ele>-29.251</ele><time>2018-09-07T05:49:05Z</time></trkpt><trkpt lat="21.125013" lon="105.873660"><ele>-29.201</ele><time>2018-09-07T05:49:06Z</time></trkpt><trkpt lat="21.125005" lon="105.873603"><ele>-28.811</ele><time>2018-09-07T05:49:07Z</time></trkpt><trkpt lat="21.125004" lon="105.873547"><ele>-28.608</ele><time>2018-09-07T05:49:08Z</time></trkpt><trkpt lat="21.125000" lon="105.873491"><ele>-28.527</ele><time>2018-09-07T05:49:09Z</time></trkpt><trkpt lat="21.124997" lon="105.873429"><ele>-28.453</ele><time>2018-09-07T05:49:10Z</time></trkpt><trkpt lat="21.124997" lon="105.873366"><ele>-28.048</ele><time>2018-09-07T05:49:11Z</time></trkpt><trkpt lat="21.124993" lon="105.873309"><ele>-27.393</ele><time>2018-09-07T05:49:12Z</time></trkpt><trkpt lat="21.124992" lon="105.873254"><ele>-26.959</ele><time>2018-09-07T05:49:13Z</time></trkpt><trkpt lat="21.124989" lon="105.873162"><ele>-26.335</ele><time>2018-09-07T05:49:15Z</time></trkpt><trkpt lat="21.124985" lon="105.873108"><ele>-25.524</ele><time>2018-09-07T05:49:16Z</time></trkpt><trkpt lat="21.124985" lon="105.873014"><ele>-25.077</ele><time>2018-09-07T05:49:18Z</time></trkpt><trkpt lat="21.124983" lon="105.872964"><ele>-24.879</ele><time>2018-09-07T05:49:19Z</time></trkpt><trkpt lat="21.124979" lon="105.872913"><ele>-24.505</ele><time>2018-09-07T05:49:20Z</time></trkpt><trkpt lat="21.124970" lon="105.872813"><ele>-24.525</ele><time>2018-09-07T05:49:22Z</time></trkpt><trkpt lat="21.124970" lon="105.872758"><ele>-24.308</ele><time>2018-09-07T05:49:23Z</time></trkpt><trkpt lat="21.124965" lon="105.872699"><ele>-24.839</ele><time>2018-09-07T05:49:24Z</time></trkpt><trkpt lat="21.124958" lon="105.872640"><ele>-25.025</ele><time>2018-09-07T05:49:25Z</time></trkpt><trkpt lat="21.124951" lon="105.872581"><ele>-25.090</ele><time>2018-09-07T05:49:26Z</time></trkpt><trkpt lat="21.124947" lon="105.872523"><ele>-24.865</ele><time>2018-09-07T05:49:27Z</time></trkpt><trkpt lat="21.124938" lon="105.872467"><ele>-24.581</ele><time>2018-09-07T05:49:28Z</time></trkpt><trkpt lat="21.124938" lon="105.872416"><ele>-24.067</ele><time>2018-09-07T05:49:29Z</time></trkpt><trkpt lat="21.124934" lon="105.872332"><ele>-23.856</ele><time>2018-09-07T05:49:31Z</time></trkpt><trkpt lat="21.124926" lon="105.872241"><ele>-23.579</ele><time>2018-09-07T05:49:33Z</time></trkpt><trkpt lat="21.124923" lon="105.872186"><ele>-23.567</ele><time>2018-09-07T05:49:34Z</time></trkpt><trkpt lat="21.124918" lon="105.872136"><ele>-23.381</ele><time>2018-09-07T05:49:35Z</time></trkpt><trkpt lat="21.124913" lon="105.872083"><ele>-23.319</ele><time>2018-09-07T05:49:36Z</time></trkpt><trkpt lat="21.124910" lon="105.872026"><ele>-23.308</ele><time>2018-09-07T05:49:37Z</time></trkpt><trkpt lat="21.124905" lon="105.871973"><ele>-23.358</ele><time>2018-09-07T05:49:38Z</time></trkpt><trkpt lat="21.124900" lon="105.871918"><ele>-23.334</ele><time>2018-09-07T05:49:39Z</time></trkpt><trkpt lat="21.124899" lon="105.871869"><ele>-23.389</ele><time>2018-09-07T05:49:40Z</time></trkpt><trkpt lat="21.124899" lon="105.871820"><ele>-23.344</ele><time>2018-09-07T05:49:41Z</time></trkpt><trkpt lat="21.124899" lon="105.871766"><ele>-23.080</ele><time>2018-09-07T05:49:42Z</time></trkpt><trkpt lat="21.124897" lon="105.871712"><ele>-22.856</ele><time>2018-09-07T05:49:43Z</time></trkpt><trkpt lat="21.124891" lon="105.871662"><ele>-22.635</ele><time>2018-09-07T05:49:44Z</time></trkpt><trkpt lat="21.124879" lon="105.871570"><ele>-22.158</ele><time>2018-09-07T05:49:46Z</time></trkpt><trkpt lat="21.124871" lon="105.871481"><ele>-21.848</ele><time>2018-09-07T05:49:48Z</time></trkpt><trkpt lat="21.124869" lon="105.871433"><ele>-22.061</ele><time>2018-09-07T05:49:49Z</time></trkpt><trkpt lat="21.124864" lon="105.871379"><ele>-22.117</ele><time>2018-09-07T05:49:50Z</time></trkpt><trkpt lat="21.124858" lon="105.871321"><ele>-21.808</ele><time>2018-09-07T05:49:51Z</time></trkpt><trkpt lat="21.124854" lon="105.871269"><ele>-21.646</ele><time>2018-09-07T05:49:52Z</time></trkpt><trkpt lat="21.124848" lon="105.871220"><ele>-22.032</ele><time>2018-09-07T05:49:53Z</time></trkpt><trkpt lat="21.124842" lon="105.871168"><ele>-21.817</ele><time>2018-09-07T05:49:54Z</time></trkpt><trkpt lat="21.124842" lon="105.871112"><ele>-21.642</ele><time>2018-09-07T05:49:55Z</time></trkpt><trkpt lat="21.124835" lon="105.871060"><ele>-21.588</ele><time>2018-09-07T05:49:56Z</time></trkpt><trkpt lat="21.124828" lon="105.871007"><ele>-21.514</ele><time>2018-09-07T05:49:57Z</time></trkpt><trkpt lat="21.124822" lon="105.870953"><ele>-21.563</ele><time>2018-09-07T05:49:58Z</time></trkpt><trkpt lat="21.124813" lon="105.870895"><ele>-21.516</ele><time>2018-09-07T05:49:59Z</time></trkpt><trkpt lat="21.124808" lon="105.870835"><ele>-21.517</ele><time>2018-09-07T05:50:00Z</time></trkpt><trkpt lat="21.124805" lon="105.870777"><ele>-21.587</ele><time>2018-09-07T05:50:01Z</time></trkpt><trkpt lat="21.124803" lon="105.870716"><ele>-21.515</ele><time>2018-09-07T05:50:02Z</time></trkpt><trkpt lat="21.124794" lon="105.870653"><ele>-21.108</ele><time>2018-09-07T05:50:03Z</time></trkpt><trkpt lat="21.124790" lon="105.870589"><ele>-21.073</ele><time>2018-09-07T05:50:04Z</time></trkpt><trkpt lat="21.124785" lon="105.870530"><ele>-20.879</ele><time>2018-09-07T05:50:05Z</time></trkpt><trkpt lat="21.124781" lon="105.870476"><ele>-20.864</ele><time>2018-09-07T05:50:06Z</time></trkpt><trkpt lat="21.124777" lon="105.870420"><ele>-20.649</ele><time>2018-09-07T05:50:07Z</time></trkpt><trkpt lat="21.124773" lon="105.870362"><ele>-20.665</ele><time>2018-09-07T05:50:08Z</time></trkpt><trkpt lat="21.124769" lon="105.870301"><ele>-21.081</ele><time>2018-09-07T05:50:09Z</time></trkpt><trkpt lat="21.124764" lon="105.870237"><ele>-21.330</ele><time>2018-09-07T05:50:10Z</time></trkpt><trkpt lat="21.124760" lon="105.870176"><ele>-21.373</ele><time>2018-09-07T05:50:11Z</time></trkpt><trkpt lat="21.124755" lon="105.870116"><ele>-21.866</ele><time>2018-09-07T05:50:12Z</time></trkpt><trkpt lat="21.124755" lon="105.870063"><ele>-22.129</ele><time>2018-09-07T05:50:13Z</time></trkpt><trkpt lat="21.124753" lon="105.870015"><ele>-22.321</ele><time>2018-09-07T05:50:14Z</time></trkpt><trkpt lat="21.124753" lon="105.869966"><ele>-22.508</ele><time>2018-09-07T05:50:15Z</time></trkpt><trkpt lat="21.124790" lon="105.869876"><ele>-22.148</ele><time>2018-09-07T05:50:17Z</time></trkpt><trkpt lat="21.124832" lon="105.869838"><ele>-22.074</ele><time>2018-09-07T05:50:18Z</time></trkpt><trkpt lat="21.124875" lon="105.869794"><ele>-21.849</ele><time>2018-09-07T05:50:19Z</time></trkpt><trkpt lat="21.124919" lon="105.869746"><ele>-21.894</ele><time>2018-09-07T05:50:20Z</time></trkpt><trkpt lat="21.124962" lon="105.869696"><ele>-21.830</ele><time>2018-09-07T05:50:21Z</time></trkpt><trkpt lat="21.125013" lon="105.869646"><ele>-21.846</ele><time>2018-09-07T05:50:22Z</time></trkpt><trkpt lat="21.125066" lon="105.869596"><ele>-21.855</ele><time>2018-09-07T05:50:23Z</time></trkpt><trkpt lat="21.125116" lon="105.869544"><ele>-21.858</ele><time>2018-09-07T05:50:24Z</time></trkpt><trkpt lat="21.125166" lon="105.869492"><ele>-21.833</ele><time>2018-09-07T05:50:25Z</time></trkpt><trkpt lat="21.125218" lon="105.869442"><ele>-21.823</ele><time>2018-09-07T05:50:26Z</time></trkpt><trkpt lat="21.125268" lon="105.869391"><ele>-21.315</ele><time>2018-09-07T05:50:27Z</time></trkpt><trkpt lat="21.125316" lon="105.869338"><ele>-21.108</ele><time>2018-09-07T05:50:28Z</time></trkpt><trkpt lat="21.125363" lon="105.869288"><ele>-21.095</ele><time>2018-09-07T05:50:29Z</time></trkpt><trkpt lat="21.125413" lon="105.869237"><ele>-21.321</ele><time>2018-09-07T05:50:30Z</time></trkpt><trkpt lat="21.125466" lon="105.869188"><ele>-21.536</ele><time>2018-09-07T05:50:31Z</time></trkpt><trkpt lat="21.125515" lon="105.869143"><ele>-21.661</ele><time>2018-09-07T05:50:32Z</time></trkpt><trkpt lat="21.125563" lon="105.869100"><ele>-21.827</ele><time>2018-09-07T05:50:33Z</time></trkpt><trkpt lat="21.125612" lon="105.869060"><ele>-21.863</ele><time>2018-09-07T05:50:34Z</time></trkpt><trkpt lat="21.125661" lon="105.869020"><ele>-21.832</ele><time>2018-09-07T05:50:35Z</time></trkpt><trkpt lat="21.125705" lon="105.868981"><ele>-21.865</ele><time>2018-09-07T05:50:36Z</time></trkpt><trkpt lat="21.125747" lon="105.868935"><ele>-21.834</ele><time>2018-09-07T05:50:37Z</time></trkpt><trkpt lat="21.125789" lon="105.868890"><ele>-21.855</ele><time>2018-09-07T05:50:38Z</time></trkpt><trkpt lat="21.125827" lon="105.868847"><ele>-21.310</ele><time>2018-09-07T05:50:39Z</time></trkpt><trkpt lat="21.125871" lon="105.868808"><ele>-21.108</ele><time>2018-09-07T05:50:40Z</time></trkpt><trkpt lat="21.125916" lon="105.868771"><ele>-21.535</ele><time>2018-09-07T05:50:41Z</time></trkpt><trkpt lat="21.125962" lon="105.868724"><ele>-21.641</ele><time>2018-09-07T05:50:42Z</time></trkpt><trkpt lat="21.126003" lon="105.868674"><ele>-21.896</ele><time>2018-09-07T05:50:43Z</time></trkpt><trkpt lat="21.126044" lon="105.868628"><ele>-21.871</ele><time>2018-09-07T05:50:44Z</time></trkpt><trkpt lat="21.126082" lon="105.868594"><ele>-21.867</ele><time>2018-09-07T05:50:45Z</time></trkpt><trkpt lat="21.126119" lon="105.868560"><ele>-21.863</ele><time>2018-09-07T05:50:46Z</time></trkpt><trkpt lat="21.126163" lon="105.868516"><ele>-21.882</ele><time>2018-09-07T05:50:48Z</time></trkpt><trkpt lat="21.126204" lon="105.868476"><ele>-21.875</ele><time>2018-09-07T05:50:50Z</time></trkpt><trkpt lat="21.126259" lon="105.868415"><ele>-21.814</ele><time>2018-09-07T05:50:51Z</time></trkpt><trkpt lat="21.126300" lon="105.868386"><ele>-21.854</ele><time>2018-09-07T05:50:53Z</time></trkpt><trkpt lat="21.126342" lon="105.868347"><ele>-21.809</ele><time>2018-09-07T05:50:55Z</time></trkpt><trkpt lat="21.126356" lon="105.868288"><ele>-21.508</ele><time>2018-09-07T05:50:58Z</time></trkpt><trkpt lat="21.126320" lon="105.868240"><ele>-21.313</ele><time>2018-09-07T05:50:59Z</time></trkpt><trkpt lat="21.126239" lon="105.868218"><ele>-21.169</ele><time>2018-09-07T05:51:01Z</time></trkpt><trkpt lat="21.126149" lon="105.868219"><ele>-21.044</ele><time>2018-09-07T05:51:03Z</time></trkpt><trkpt lat="21.126060" lon="105.868225"><ele>-21.069</ele><time>2018-09-07T05:51:05Z</time></trkpt><trkpt lat="21.126014" lon="105.868228"><ele>-21.035</ele><time>2018-09-07T05:51:06Z</time></trkpt><trkpt lat="21.125926" lon="105.868234"><ele>-21.361</ele><time>2018-09-07T05:51:08Z</time></trkpt><trkpt lat="21.125839" lon="105.868240"><ele>-21.570</ele><time>2018-09-07T05:51:10Z</time></trkpt><trkpt lat="21.125793" lon="105.868242"><ele>-21.663</ele><time>2018-09-07T05:51:11Z</time></trkpt><trkpt lat="21.125703" lon="105.868240"><ele>-21.372</ele><time>2018-09-07T05:51:13Z</time></trkpt><trkpt lat="21.125650" lon="105.868247"><ele>-21.113</ele><time>2018-09-07T05:51:14Z</time></trkpt><trkpt lat="21.125598" lon="105.868252"><ele>-21.014</ele><time>2018-09-07T05:51:15Z</time></trkpt><trkpt lat="21.125540" lon="105.868254"><ele>-21.008</ele><time>2018-09-07T05:51:16Z</time></trkpt><trkpt lat="21.125483" lon="105.868257"><ele>-21.079</ele><time>2018-09-07T05:51:17Z</time></trkpt><trkpt lat="21.125427" lon="105.868261"><ele>-20.585</ele><time>2018-09-07T05:51:18Z</time></trkpt><trkpt lat="21.125370" lon="105.868266"><ele>-20.390</ele><time>2018-09-07T05:51:19Z</time></trkpt><trkpt lat="21.125313" lon="105.868274"><ele>-20.065</ele><time>2018-09-07T05:51:20Z</time></trkpt><trkpt lat="21.125254" lon="105.868280"><ele>-19.541</ele><time>2018-09-07T05:51:21Z</time></trkpt><trkpt lat="21.125199" lon="105.868278"><ele>-19.627</ele><time>2018-09-07T05:51:22Z</time></trkpt><trkpt lat="21.125140" lon="105.868278"><ele>-19.876</ele><time>2018-09-07T05:51:23Z</time></trkpt><trkpt lat="21.125078" lon="105.868276"><ele>-19.899</ele><time>2018-09-07T05:51:24Z</time></trkpt><trkpt lat="21.125016" lon="105.868269"><ele>-19.871</ele><time>2018-09-07T05:51:25Z</time></trkpt><trkpt lat="21.124960" lon="105.868260"><ele>-19.841</ele><time>2018-09-07T05:51:26Z</time></trkpt><trkpt lat="21.124911" lon="105.868258"><ele>-19.815</ele><time>2018-09-07T05:51:27Z</time></trkpt><trkpt lat="21.124861" lon="105.868257"><ele>-20.108</ele><time>2018-09-07T05:51:28Z</time></trkpt><trkpt lat="21.124812" lon="105.868254"><ele>-20.339</ele><time>2018-09-07T05:51:29Z</time></trkpt><trkpt lat="21.124764" lon="105.868245"><ele>-20.565</ele><time>2018-09-07T05:51:30Z</time></trkpt><trkpt lat="21.124719" lon="105.868236"><ele>-20.510</ele><time>2018-09-07T05:51:31Z</time></trkpt><trkpt lat="21.124660" lon="105.868230"><ele>-20.695</ele><time>2018-09-07T05:51:33Z</time></trkpt><trkpt lat="21.124607" lon="105.868222"><ele>-21.071</ele><time>2018-09-07T05:51:36Z</time></trkpt><trkpt lat="21.124558" lon="105.868209"><ele>-21.337</ele><time>2018-09-07T05:51:40Z</time></trkpt><trkpt lat="21.124489" lon="105.868199"><ele>-22.036</ele><time>2018-09-07T05:51:44Z</time></trkpt><trkpt lat="21.124364" lon="105.868177"><ele>-22.329</ele><time>2018-09-07T05:51:46Z</time></trkpt><trkpt lat="21.124310" lon="105.868167"><ele>-22.553</ele><time>2018-09-07T05:51:47Z</time></trkpt><trkpt lat="21.124260" lon="105.868153"><ele>-22.504</ele><time>2018-09-07T05:51:48Z</time></trkpt><trkpt lat="21.124208" lon="105.868139"><ele>-23.014</ele><time>2018-09-07T05:51:49Z</time></trkpt><trkpt lat="21.124153" lon="105.868127"><ele>-23.308</ele><time>2018-09-07T05:51:50Z</time></trkpt><trkpt lat="21.124100" lon="105.868115"><ele>-23.537</ele><time>2018-09-07T05:51:51Z</time></trkpt><trkpt lat="21.124038" lon="105.868107"><ele>-24.013</ele><time>2018-09-07T05:51:52Z</time></trkpt><trkpt lat="21.123986" lon="105.868104"><ele>-24.338</ele><time>2018-09-07T05:51:53Z</time></trkpt><trkpt lat="21.123932" lon="105.868100"><ele>-24.593</ele><time>2018-09-07T05:51:54Z</time></trkpt><trkpt lat="21.123886" lon="105.868097"><ele>-25.079</ele><time>2018-09-07T05:51:55Z</time></trkpt><trkpt lat="21.123845" lon="105.868060"><ele>-25.355</ele><time>2018-09-07T05:51:57Z</time></trkpt><trkpt lat="21.123820" lon="105.867988"><ele>-25.584</ele><time>2018-09-07T05:51:59Z</time></trkpt><trkpt lat="21.123814" lon="105.867911"><ele>-25.627</ele><time>2018-09-07T05:52:01Z</time></trkpt><trkpt lat="21.123819" lon="105.867860"><ele>-26.156</ele><time>2018-09-07T05:52:02Z</time></trkpt><trkpt lat="21.123816" lon="105.867810"><ele>-26.859</ele><time>2018-09-07T05:52:03Z</time></trkpt><trkpt lat="21.123821" lon="105.867759"><ele>-27.214</ele><time>2018-09-07T05:52:04Z</time></trkpt><trkpt lat="21.123834" lon="105.867667"><ele>-27.808</ele><time>2018-09-07T05:52:06Z</time></trkpt><trkpt lat="21.123841" lon="105.867618"><ele>-28.687</ele><time>2018-09-07T05:52:08Z</time></trkpt><trkpt lat="21.123852" lon="105.867561"><ele>-29.563</ele><time>2018-09-07T05:52:10Z</time></trkpt><trkpt lat="21.123853" lon="105.867504"><ele>-30.068</ele><time>2018-09-07T05:52:12Z</time></trkpt><trkpt lat="21.123822" lon="105.867444"><ele>-30.713</ele><time>2018-09-07T05:52:14Z</time></trkpt><trkpt lat="21.123767" lon="105.867394"><ele>-31.549</ele><time>2018-09-07T05:52:16Z</time></trkpt><trkpt lat="21.123721" lon="105.867359"><ele>-32.075</ele><time>2018-09-07T05:52:18Z</time></trkpt><trkpt lat="21.123676" lon="105.867334"><ele>-32.434</ele><time>2018-09-07T05:52:20Z</time></trkpt><trkpt lat="21.123623" lon="105.867299"><ele>-32.517</ele><time>2018-09-07T05:52:23Z</time></trkpt><trkpt lat="21.123576" lon="105.867268"><ele>-32.627</ele><time>2018-09-07T05:52:26Z</time></trkpt><trkpt lat="21.123509" lon="105.867224"><ele>-32.768</ele><time>2018-09-07T05:52:27Z</time></trkpt><trkpt lat="21.123468" lon="105.867196"><ele>-32.714</ele><time>2018-09-07T05:52:28Z</time></trkpt><trkpt lat="21.123423" lon="105.867161"><ele>-32.708</ele><time>2018-09-07T05:52:29Z</time></trkpt><trkpt lat="21.123374" lon="105.867127"><ele>-32.714</ele><time>2018-09-07T05:52:30Z</time></trkpt><trkpt lat="21.123319" lon="105.867093"><ele>-31.940</ele><time>2018-09-07T05:52:31Z</time></trkpt><trkpt lat="21.123258" lon="105.867059"><ele>-30.225</ele><time>2018-09-07T05:52:32Z</time></trkpt><trkpt lat="21.123200" lon="105.867021"><ele>-28.890</ele><time>2018-09-07T05:52:33Z</time></trkpt><trkpt lat="21.123138" lon="105.866987"><ele>-27.646</ele><time>2018-09-07T05:52:34Z</time></trkpt><trkpt lat="21.123078" lon="105.866944"><ele>-26.542</ele><time>2018-09-07T05:52:35Z</time></trkpt><trkpt lat="21.123011" lon="105.866910"><ele>-25.531</ele><time>2018-09-07T05:52:36Z</time></trkpt><trkpt lat="21.122949" lon="105.866866"><ele>-24.864</ele><time>2018-09-07T05:52:37Z</time></trkpt><trkpt lat="21.122884" lon="105.866821"><ele>-24.066</ele><time>2018-09-07T05:52:38Z</time></trkpt><trkpt lat="21.122820" lon="105.866774"><ele>-23.529</ele><time>2018-09-07T05:52:39Z</time></trkpt><trkpt lat="21.122759" lon="105.866728"><ele>-22.821</ele><time>2018-09-07T05:52:40Z</time></trkpt><trkpt lat="21.122700" lon="105.866684"><ele>-22.808</ele><time>2018-09-07T05:52:41Z</time></trkpt><trkpt lat="21.122647" lon="105.866642"><ele>-22.838</ele><time>2018-09-07T05:52:42Z</time></trkpt><trkpt lat="21.122595" lon="105.866603"><ele>-22.834</ele><time>2018-09-07T05:52:43Z</time></trkpt><trkpt lat="21.122545" lon="105.866563"><ele>-22.859</ele><time>2018-09-07T05:52:44Z</time></trkpt><trkpt lat="21.122495" lon="105.866522"><ele>-23.164</ele><time>2018-09-07T05:52:45Z</time></trkpt><trkpt lat="21.122444" lon="105.866484"><ele>-23.330</ele><time>2018-09-07T05:52:46Z</time></trkpt><trkpt lat="21.122397" lon="105.866449"><ele>-23.526</ele><time>2018-09-07T05:52:47Z</time></trkpt><trkpt lat="21.122348" lon="105.866414"><ele>-24.095</ele><time>2018-09-07T05:52:48Z</time></trkpt><trkpt lat="21.122300" lon="105.866376"><ele>-24.318</ele><time>2018-09-07T05:52:49Z</time></trkpt><trkpt lat="21.122255" lon="105.866341"><ele>-24.897</ele><time>2018-09-07T05:52:50Z</time></trkpt><trkpt lat="21.122213" lon="105.866309"><ele>-25.123</ele><time>2018-09-07T05:52:51Z</time></trkpt><trkpt lat="21.122170" lon="105.866273"><ele>-25.725</ele><time>2018-09-07T05:52:52Z</time></trkpt><trkpt lat="21.122128" lon="105.866236"><ele>-26.108</ele><time>2018-09-07T05:52:53Z</time></trkpt><trkpt lat="21.122083" lon="105.866196"><ele>-26.741</ele><time>2018-09-07T05:52:54Z</time></trkpt><trkpt lat="21.122035" lon="105.866152"><ele>-27.187</ele><time>2018-09-07T05:52:55Z</time></trkpt><trkpt lat="21.121990" lon="105.866106"><ele>-27.752</ele><time>2018-09-07T05:52:56Z</time></trkpt><trkpt lat="21.121941" lon="105.866061"><ele>-28.167</ele><time>2018-09-07T05:52:57Z</time></trkpt><trkpt lat="21.121891" lon="105.866013"><ele>-28.343</ele><time>2018-09-07T05:52:58Z</time></trkpt><trkpt lat="21.121841" lon="105.865965"><ele>-28.449</ele><time>2018-09-07T05:52:59Z</time></trkpt><trkpt lat="21.121789" lon="105.865912"><ele>-28.568</ele><time>2018-09-07T05:53:00Z</time></trkpt><trkpt lat="21.121728" lon="105.865859"><ele>-28.591</ele><time>2018-09-07T05:53:01Z</time></trkpt><trkpt lat="21.121661" lon="105.865811"><ele>-28.956</ele><time>2018-09-07T05:53:02Z</time></trkpt><trkpt lat="21.121590" lon="105.865762"><ele>-29.259</ele><time>2018-09-07T05:53:03Z</time></trkpt><trkpt lat="21.121518" lon="105.865714"><ele>-29.414</ele><time>2018-09-07T05:53:04Z</time></trkpt><trkpt lat="21.121442" lon="105.865665"><ele>-29.508</ele><time>2018-09-07T05:53:05Z</time></trkpt><trkpt lat="21.121366" lon="105.865617"><ele>-29.687</ele><time>2018-09-07T05:53:06Z</time></trkpt><trkpt lat="21.121291" lon="105.865568"><ele>-29.643</ele><time>2018-09-07T05:53:07Z</time></trkpt><trkpt lat="21.121218" lon="105.865520"><ele>-29.688</ele><time>2018-09-07T05:53:08Z</time></trkpt><trkpt lat="21.121149" lon="105.865476"><ele>-29.663</ele><time>2018-09-07T05:53:09Z</time></trkpt><trkpt lat="21.121083" lon="105.865430"><ele>-29.629</ele><time>2018-09-07T05:53:10Z</time></trkpt><trkpt lat="21.121019" lon="105.865380"><ele>-29.655</ele><time>2018-09-07T05:53:11Z</time></trkpt><trkpt lat="21.120955" lon="105.865333"><ele>-30.044</ele><time>2018-09-07T05:53:12Z</time></trkpt><trkpt lat="21.120893" lon="105.865285"><ele>-30.247</ele><time>2018-09-07T05:53:13Z</time></trkpt><trkpt lat="21.120832" lon="105.865245"><ele>-30.756</ele><time>2018-09-07T05:53:14Z</time></trkpt><trkpt lat="21.120771" lon="105.865200"><ele>-31.059</ele><time>2018-09-07T05:53:15Z</time></trkpt><trkpt lat="21.120712" lon="105.865158"><ele>-31.214</ele><time>2018-09-07T05:53:16Z</time></trkpt><trkpt lat="21.120657" lon="105.865118"><ele>-31.308</ele><time>2018-09-07T05:53:17Z</time></trkpt><trkpt lat="21.120604" lon="105.865078"><ele>-31.427</ele><time>2018-09-07T05:53:18Z</time></trkpt><trkpt lat="21.120554" lon="105.865042"><ele>-31.473</ele><time>2018-09-07T05:53:19Z</time></trkpt><trkpt lat="21.120502" lon="105.865004"><ele>-31.468</ele><time>2018-09-07T05:53:20Z</time></trkpt><trkpt lat="21.120452" lon="105.864964"><ele>-31.453</ele><time>2018-09-07T05:53:21Z</time></trkpt><trkpt lat="21.120403" lon="105.864928"><ele>-31.499</ele><time>2018-09-07T05:53:22Z</time></trkpt><trkpt lat="21.120354" lon="105.864891"><ele>-31.455</ele><time>2018-09-07T05:53:23Z</time></trkpt><trkpt lat="21.120305" lon="105.864853"><ele>-31.444</ele><time>2018-09-07T05:53:24Z</time></trkpt><trkpt lat="21.120255" lon="105.864815"><ele>-31.867</ele><time>2018-09-07T05:53:25Z</time></trkpt><trkpt lat="21.120201" lon="105.864773"><ele>-31.697</ele><time>2018-09-07T05:53:26Z</time></trkpt><trkpt lat="21.120146" lon="105.864734"><ele>-31.523</ele><time>2018-09-07T05:53:27Z</time></trkpt><trkpt lat="21.120090" lon="105.864694"><ele>-31.425</ele><time>2018-09-07T05:53:28Z</time></trkpt><trkpt lat="21.120035" lon="105.864653"><ele>-31.408</ele><time>2018-09-07T05:53:29Z</time></trkpt><trkpt lat="21.119979" lon="105.864608"><ele>-31.471</ele><time>2018-09-07T05:53:30Z</time></trkpt><trkpt lat="21.119923" lon="105.864571"><ele>-31.497</ele><time>2018-09-07T05:53:31Z</time></trkpt><trkpt lat="21.119868" lon="105.864531"><ele>-31.422</ele><time>2018-09-07T05:53:32Z</time></trkpt><trkpt lat="21.119814" lon="105.864493"><ele>-31.487</ele><time>2018-09-07T05:53:33Z</time></trkpt><trkpt lat="21.119761" lon="105.864454"><ele>-31.413</ele><time>2018-09-07T05:53:34Z</time></trkpt><trkpt lat="21.119706" lon="105.864413"><ele>-31.489</ele><time>2018-09-07T05:53:35Z</time></trkpt><trkpt lat="21.119651" lon="105.864372"><ele>-31.438</ele><time>2018-09-07T05:53:36Z</time></trkpt><trkpt lat="21.119599" lon="105.864333"><ele>-31.491</ele><time>2018-09-07T05:53:37Z</time></trkpt><trkpt lat="21.119544" lon="105.864294"><ele>-31.466</ele><time>2018-09-07T05:53:38Z</time></trkpt><trkpt lat="21.119491" lon="105.864254"><ele>-31.429</ele><time>2018-09-07T05:53:39Z</time></trkpt><trkpt lat="21.119440" lon="105.864211"><ele>-31.821</ele><time>2018-09-07T05:53:40Z</time></trkpt><trkpt lat="21.119389" lon="105.864170"><ele>-32.008</ele><time>2018-09-07T05:53:41Z</time></trkpt><trkpt lat="21.119338" lon="105.864133"><ele>-32.138</ele><time>2018-09-07T05:53:42Z</time></trkpt><trkpt lat="21.119285" lon="105.864094"><ele>-32.274</ele><time>2018-09-07T05:53:43Z</time></trkpt><trkpt lat="21.119239" lon="105.864058"><ele>-32.719</ele><time>2018-09-07T05:53:44Z</time></trkpt><trkpt lat="21.119189" lon="105.864020"><ele>-33.014</ele><time>2018-09-07T05:53:45Z</time></trkpt><trkpt lat="21.119139" lon="105.863983"><ele>-33.660</ele><time>2018-09-07T05:53:46Z</time></trkpt><trkpt lat="21.119086" lon="105.863945"><ele>-34.496</ele><time>2018-09-07T05:53:47Z</time></trkpt><trkpt lat="21.119030" lon="105.863907"><ele>-34.765</ele><time>2018-09-07T05:53:48Z</time></trkpt><trkpt lat="21.118973" lon="105.863866"><ele>-35.058</ele><time>2018-09-07T05:53:49Z</time></trkpt><trkpt lat="21.118920" lon="105.863823"><ele>-35.661</ele><time>2018-09-07T05:53:50Z</time></trkpt><trkpt lat="21.118865" lon="105.863785"><ele>-35.921</ele><time>2018-09-07T05:53:51Z</time></trkpt><trkpt lat="21.118812" lon="105.863746"><ele>-36.113</ele><time>2018-09-07T05:53:52Z</time></trkpt><trkpt lat="21.118757" lon="105.863707"><ele>-36.208</ele><time>2018-09-07T05:53:53Z</time></trkpt><trkpt lat="21.118703" lon="105.863667"><ele>-36.448</ele><time>2018-09-07T05:53:54Z</time></trkpt><trkpt lat="21.118650" lon="105.863629"><ele>-36.784</ele><time>2018-09-07T05:53:55Z</time></trkpt><trkpt lat="21.118600" lon="105.863592"><ele>-37.029</ele><time>2018-09-07T05:53:56Z</time></trkpt><trkpt lat="21.118548" lon="105.863555"><ele>-37.294</ele><time>2018-09-07T05:53:57Z</time></trkpt><trkpt lat="21.118494" lon="105.863516"><ele>-37.440</ele><time>2018-09-07T05:53:58Z</time></trkpt><trkpt lat="21.118442" lon="105.863478"><ele>-37.416</ele><time>2018-09-07T05:53:59Z</time></trkpt><trkpt lat="21.118387" lon="105.863441"><ele>-37.065</ele><time>2018-09-07T05:54:00Z</time></trkpt><trkpt lat="21.118333" lon="105.863401"><ele>-37.298</ele><time>2018-09-07T05:54:01Z</time></trkpt><trkpt lat="21.118277" lon="105.863364"><ele>-36.999</ele><time>2018-09-07T05:54:02Z</time></trkpt><trkpt lat="21.118217" lon="105.863327"><ele>-36.707</ele><time>2018-09-07T05:54:03Z</time></trkpt><trkpt lat="21.118163" lon="105.863289"><ele>-37.027</ele><time>2018-09-07T05:54:04Z</time></trkpt><trkpt lat="21.118109" lon="105.863247"><ele>-37.208</ele><time>2018-09-07T05:54:05Z</time></trkpt><trkpt lat="21.118054" lon="105.863212"><ele>-37.461</ele><time>2018-09-07T05:54:06Z</time></trkpt><trkpt lat="21.117998" lon="105.863177"><ele>-37.417</ele><time>2018-09-07T05:54:07Z</time></trkpt><trkpt lat="21.117945" lon="105.863140"><ele>-37.442</ele><time>2018-09-07T05:54:08Z</time></trkpt><trkpt lat="21.117893" lon="105.863104"><ele>-37.497</ele><time>2018-09-07T05:54:09Z</time></trkpt><trkpt lat="21.117840" lon="105.863070"><ele>-37.493</ele><time>2018-09-07T05:54:10Z</time></trkpt><trkpt lat="21.117791" lon="105.863038"><ele>-37.999</ele><time>2018-09-07T05:54:11Z</time></trkpt><trkpt lat="21.117747" lon="105.863016"><ele>-38.058</ele><time>2018-09-07T05:54:12Z</time></trkpt><trkpt lat="21.117696" lon="105.862982"><ele>-38.181</ele><time>2018-09-07T05:54:14Z</time></trkpt><trkpt lat="21.117649" lon="105.862953"><ele>-38.649</ele><time>2018-09-07T05:54:17Z</time></trkpt><trkpt lat="21.117604" lon="105.862927"><ele>-39.002</ele><time>2018-09-07T05:54:21Z</time></trkpt><trkpt lat="21.117550" lon="105.862907"><ele>-39.122</ele><time>2018-09-07T05:54:25Z</time></trkpt><trkpt lat="21.117499" lon="105.862886"><ele>-39.208</ele><time>2018-09-07T05:54:30Z</time></trkpt><trkpt lat="21.117457" lon="105.862935"><ele>-38.166</ele><time>2018-09-07T05:55:08Z</time></trkpt><trkpt lat="21.117489" lon="105.862897"><ele>-35.482</ele><time>2018-09-07T05:55:29Z</time></trkpt><trkpt lat="21.117518" lon="105.862846"><ele>-32.687</ele><time>2018-09-07T05:55:35Z</time></trkpt><trkpt lat="21.117519" lon="105.862797"><ele>-30.552</ele><time>2018-09-07T05:55:41Z</time></trkpt><trkpt lat="21.117468" lon="105.862765"><ele>-29.248</ele><time>2018-09-07T05:56:01Z</time></trkpt><trkpt lat="21.117424" lon="105.862750"><ele>-28.084</ele><time>2018-09-07T05:56:47Z</time></trkpt><trkpt lat="21.117479" lon="105.862777"><ele>-26.523</ele><time>2018-09-07T05:57:34Z</time></trkpt><trkpt lat="21.117529" lon="105.862744"><ele>-25.636</ele><time>2018-09-07T05:57:48Z</time></trkpt><trkpt lat="21.117564" lon="105.862680"><ele>-25.556</ele><time>2018-09-07T05:58:00Z</time></trkpt><trkpt lat="21.117602" lon="105.862649"><ele>-25.859</ele><time>2018-09-07T05:58:09Z</time></trkpt><trkpt lat="21.117649" lon="105.862636"><ele>-25.314</ele><time>2018-09-07T05:58:23Z</time></trkpt><trkpt lat="21.117702" lon="105.862659"><ele>-24.008</ele><time>2018-09-07T05:59:15Z</time></trkpt><trkpt lat="21.117694" lon="105.862609"><ele>-25.057</ele><time>2018-09-07T06:01:08Z</time></trkpt><trkpt lat="21.117697" lon="105.862557"><ele>-24.693</ele><time>2018-09-07T06:04:45Z</time></trkpt><trkpt lat="21.117735" lon="105.862525"><ele>-24.588</ele><time>2018-09-07T06:05:12Z</time></trkpt><trkpt lat="21.117695" lon="105.862581"><ele>-25.513</ele><time>2018-09-07T06:06:06Z</time></trkpt><trkpt lat="21.117655" lon="105.862621"><ele>-23.829</ele><time>2018-09-07T06:06:12Z</time></trkpt><trkpt lat="21.117615" lon="105.862652"><ele>-22.855</ele><time>2018-09-07T06:06:23Z</time></trkpt><trkpt lat="21.117596" lon="105.862705"><ele>-21.844</ele><time>2018-09-07T06:06:29Z</time></trkpt><trkpt lat="21.117578" lon="105.862756"><ele>-21.327</ele><time>2018-09-07T06:06:34Z</time></trkpt><trkpt lat="21.117554" lon="105.862805"><ele>-20.884</ele><time>2018-09-07T06:06:39Z</time></trkpt><trkpt lat="21.117529" lon="105.862853"><ele>-20.607</ele><time>2018-09-07T06:06:44Z</time></trkpt><trkpt lat="21.117506" lon="105.862899"><ele>-20.517</ele><time>2018-09-07T06:06:49Z</time></trkpt><trkpt lat="21.117464" lon="105.862920"><ele>-19.608</ele><time>2018-09-07T06:06:54Z</time></trkpt><trkpt lat="21.117420" lon="105.862902"><ele>-19.180</ele><time>2018-09-07T06:07:04Z</time></trkpt><trkpt lat="21.117372" lon="105.862892"><ele>-19.316</ele><time>2018-09-07T06:07:41Z</time></trkpt><trkpt lat="21.117322" lon="105.862862"><ele>-19.691</ele><time>2018-09-07T06:07:43Z</time></trkpt><trkpt lat="21.117247" lon="105.862804"><ele>-20.096</ele><time>2018-09-07T06:07:44Z</time></trkpt><trkpt lat="21.117208" lon="105.862778"><ele>-20.532</ele><time>2018-09-07T06:07:45Z</time></trkpt><trkpt lat="21.117160" lon="105.862751"><ele>-20.828</ele><time>2018-09-07T06:07:46Z</time></trkpt><trkpt lat="21.117118" lon="105.862728"><ele>-21.067</ele><time>2018-09-07T06:07:47Z</time></trkpt><trkpt lat="21.117073" lon="105.862705"><ele>-21.130</ele><time>2018-09-07T06:07:48Z</time></trkpt><trkpt lat="21.117029" lon="105.862681"><ele>-21.345</ele><time>2018-09-07T06:07:49Z</time></trkpt><trkpt lat="21.116982" lon="105.862657"><ele>-21.347</ele><time>2018-09-07T06:07:50Z</time></trkpt><trkpt lat="21.116930" lon="105.862632"><ele>-21.311</ele><time>2018-09-07T06:07:51Z</time></trkpt><trkpt lat="21.116877" lon="105.862604"><ele>-21.308</ele><time>2018-09-07T06:07:52Z</time></trkpt><trkpt lat="21.116825" lon="105.862577"><ele>-21.336</ele><time>2018-09-07T06:07:53Z</time></trkpt><trkpt lat="21.116776" lon="105.862550"><ele>-21.392</ele><time>2018-09-07T06:07:54Z</time></trkpt><trkpt lat="21.116726" lon="105.862524"><ele>-21.637</ele><time>2018-09-07T06:07:55Z</time></trkpt><trkpt lat="21.116676" lon="105.862502"><ele>-21.872</ele><time>2018-09-07T06:07:56Z</time></trkpt><trkpt lat="21.116625" lon="105.862479"><ele>-22.098</ele><time>2018-09-07T06:07:57Z</time></trkpt><trkpt lat="21.116573" lon="105.862451"><ele>-22.034</ele><time>2018-09-07T06:07:58Z</time></trkpt><trkpt lat="21.116519" lon="105.862424"><ele>-22.143</ele><time>2018-09-07T06:07:59Z</time></trkpt><trkpt lat="21.116465" lon="105.862396"><ele>-22.126</ele><time>2018-09-07T06:08:00Z</time></trkpt><trkpt lat="21.116410" lon="105.862369"><ele>-22.551</ele><time>2018-09-07T06:08:01Z</time></trkpt><trkpt lat="21.116353" lon="105.862343"><ele>-22.501</ele><time>2018-09-07T06:08:02Z</time></trkpt><trkpt lat="21.116299" lon="105.862319"><ele>-22.311</ele><time>2018-09-07T06:08:03Z</time></trkpt><trkpt lat="21.116245" lon="105.862296"><ele>-22.308</ele><time>2018-09-07T06:08:04Z</time></trkpt><trkpt lat="21.116193" lon="105.862271"><ele>-22.327</ele><time>2018-09-07T06:08:05Z</time></trkpt><trkpt lat="21.116138" lon="105.862244"><ele>-22.683</ele><time>2018-09-07T06:08:06Z</time></trkpt><trkpt lat="21.116083" lon="105.862220"><ele>-22.868</ele><time>2018-09-07T06:08:07Z</time></trkpt><trkpt lat="21.116025" lon="105.862192"><ele>-23.053</ele><time>2018-09-07T06:08:08Z</time></trkpt><trkpt lat="21.115966" lon="105.862166"><ele>-23.079</ele><time>2018-09-07T06:08:09Z</time></trkpt><trkpt lat="21.115902" lon="105.862137"><ele>-23.085</ele><time>2018-09-07T06:08:10Z</time></trkpt><trkpt lat="21.115838" lon="105.862110"><ele>-23.064</ele><time>2018-09-07T06:08:11Z</time></trkpt><trkpt lat="21.115774" lon="105.862082"><ele>-23.067</ele><time>2018-09-07T06:08:12Z</time></trkpt><trkpt lat="21.115715" lon="105.862061"><ele>-23.016</ele><time>2018-09-07T06:08:13Z</time></trkpt><trkpt lat="21.115654" lon="105.862041"><ele>-23.076</ele><time>2018-09-07T06:08:14Z</time></trkpt><trkpt lat="21.115594" lon="105.862018"><ele>-23.013</ele><time>2018-09-07T06:08:15Z</time></trkpt><trkpt lat="21.115534" lon="105.861996"><ele>-23.008</ele><time>2018-09-07T06:08:16Z</time></trkpt><trkpt lat="21.115475" lon="105.861976"><ele>-23.053</ele><time>2018-09-07T06:08:17Z</time></trkpt><trkpt lat="21.115416" lon="105.861954"><ele>-23.049</ele><time>2018-09-07T06:08:18Z</time></trkpt><trkpt lat="21.115355" lon="105.861933"><ele>-23.054</ele><time>2018-09-07T06:08:19Z</time></trkpt><trkpt lat="21.115294" lon="105.861911"><ele>-23.029</ele><time>2018-09-07T06:08:20Z</time></trkpt><trkpt lat="21.115232" lon="105.861891"><ele>-23.075</ele><time>2018-09-07T06:08:21Z</time></trkpt><trkpt lat="21.115168" lon="105.861877"><ele>-23.591</ele><time>2018-09-07T06:08:22Z</time></trkpt><trkpt lat="21.115106" lon="105.861882"><ele>-23.690</ele><time>2018-09-07T06:08:23Z</time></trkpt><trkpt lat="21.115046" lon="105.861893"><ele>-24.193</ele><time>2018-09-07T06:08:24Z</time></trkpt><trkpt lat="21.114985" lon="105.861909"><ele>-24.516</ele><time>2018-09-07T06:08:25Z</time></trkpt><trkpt lat="21.114919" lon="105.861932"><ele>-24.676</ele><time>2018-09-07T06:08:26Z</time></trkpt><trkpt lat="21.114856" lon="105.861946"><ele>-24.813</ele><time>2018-09-07T06:08:27Z</time></trkpt><trkpt lat="21.114786" lon="105.861958"><ele>-25.308</ele><time>2018-09-07T06:08:28Z</time></trkpt><trkpt lat="21.114714" lon="105.861972"><ele>-25.573</ele><time>2018-09-07T06:08:29Z</time></trkpt><trkpt lat="21.114642" lon="105.861989"><ele>-25.759</ele><time>2018-09-07T06:08:30Z</time></trkpt><trkpt lat="21.114571" lon="105.862004"><ele>-25.884</ele><time>2018-09-07T06:08:31Z</time></trkpt><trkpt lat="21.114500" lon="105.862019"><ele>-25.969</ele><time>2018-09-07T06:08:32Z</time></trkpt><trkpt lat="21.114428" lon="105.862037"><ele>-25.915</ele><time>2018-09-07T06:08:33Z</time></trkpt><trkpt lat="21.114361" lon="105.862053"><ele>-25.921</ele><time>2018-09-07T06:08:34Z</time></trkpt><trkpt lat="21.114295" lon="105.862070"><ele>-25.910</ele><time>2018-09-07T06:08:35Z</time></trkpt><trkpt lat="21.114229" lon="105.862082"><ele>-25.993</ele><time>2018-09-07T06:08:36Z</time></trkpt><trkpt lat="21.114171" lon="105.862097"><ele>-25.972</ele><time>2018-09-07T06:08:37Z</time></trkpt><trkpt lat="21.114118" lon="105.862107"><ele>-25.913</ele><time>2018-09-07T06:08:38Z</time></trkpt><trkpt lat="21.114071" lon="105.862108"><ele>-25.914</ele><time>2018-09-07T06:08:39Z</time></trkpt><trkpt lat="21.114017" lon="105.862091"><ele>-25.908</ele><time>2018-09-07T06:08:41Z</time></trkpt><trkpt lat="21.113985" lon="105.862047"><ele>-25.559</ele><time>2018-09-07T06:08:42Z</time></trkpt><trkpt lat="21.113968" lon="105.862000"><ele>-25.395</ele><time>2018-09-07T06:08:43Z</time></trkpt><trkpt lat="21.113956" lon="105.861943"><ele>-25.630</ele><time>2018-09-07T06:08:44Z</time></trkpt><trkpt lat="21.113936" lon="105.861893"><ele>-25.545</ele><time>2018-09-07T06:08:45Z</time></trkpt><trkpt lat="21.113917" lon="105.861840"><ele>-25.341</ele><time>2018-09-07T06:08:46Z</time></trkpt><trkpt lat="21.113893" lon="105.861778"><ele>-25.367</ele><time>2018-09-07T06:08:47Z</time></trkpt><trkpt lat="21.113869" lon="105.861707"><ele>-25.156</ele><time>2018-09-07T06:08:48Z</time></trkpt><trkpt lat="21.113846" lon="105.861629"><ele>-25.129</ele><time>2018-09-07T06:08:49Z</time></trkpt><trkpt lat="21.113815" lon="105.861547"><ele>-25.125</ele><time>2018-09-07T06:08:50Z</time></trkpt><trkpt lat="21.113795" lon="105.861471"><ele>-25.126</ele><time>2018-09-07T06:08:51Z</time></trkpt><trkpt lat="21.113773" lon="105.861395"><ele>-25.108</ele><time>2018-09-07T06:08:52Z</time></trkpt><trkpt lat="21.113747" lon="105.861315"><ele>-25.108</ele><time>2018-09-07T06:08:53Z</time></trkpt><trkpt lat="21.113719" lon="105.861235"><ele>-25.184</ele><time>2018-09-07T06:08:54Z</time></trkpt><trkpt lat="21.113691" lon="105.861155"><ele>-25.120</ele><time>2018-09-07T06:08:55Z</time></trkpt><trkpt lat="21.113663" lon="105.861077"><ele>-24.815</ele><time>2018-09-07T06:08:56Z</time></trkpt><trkpt lat="21.113636" lon="105.860998"><ele>-24.510</ele><time>2018-09-07T06:08:57Z</time></trkpt><trkpt lat="21.113608" lon="105.860922"><ele>-24.816</ele><time>2018-09-07T06:08:58Z</time></trkpt><trkpt lat="21.113577" lon="105.860847"><ele>-25.012</ele><time>2018-09-07T06:08:59Z</time></trkpt><trkpt lat="21.113547" lon="105.860774"><ele>-25.131</ele><time>2018-09-07T06:09:00Z</time></trkpt><trkpt lat="21.113518" lon="105.860706"><ele>-25.354</ele><time>2018-09-07T06:09:01Z</time></trkpt><trkpt lat="21.113489" lon="105.860635"><ele>-25.395</ele><time>2018-09-07T06:09:02Z</time></trkpt><trkpt lat="21.113458" lon="105.860566"><ele>-25.349</ele><time>2018-09-07T06:09:03Z</time></trkpt><trkpt lat="21.113429" lon="105.860496"><ele>-25.323</ele><time>2018-09-07T06:09:04Z</time></trkpt><trkpt lat="21.113402" lon="105.860427"><ele>-25.308</ele><time>2018-09-07T06:09:05Z</time></trkpt><trkpt lat="21.113376" lon="105.860353"><ele>-25.341</ele><time>2018-09-07T06:09:06Z</time></trkpt><trkpt lat="21.113345" lon="105.860282"><ele>-25.637</ele><time>2018-09-07T06:09:07Z</time></trkpt><trkpt lat="21.113315" lon="105.860208"><ele>-25.882</ele><time>2018-09-07T06:09:08Z</time></trkpt><trkpt lat="21.113283" lon="105.860130"><ele>-26.357</ele><time>2018-09-07T06:09:09Z</time></trkpt><trkpt lat="21.113250" lon="105.860056"><ele>-26.683</ele><time>2018-09-07T06:09:10Z</time></trkpt><trkpt lat="21.113221" lon="105.859987"><ele>-26.859</ele><time>2018-09-07T06:09:11Z</time></trkpt><trkpt lat="21.113192" lon="105.859916"><ele>-26.978</ele><time>2018-09-07T06:09:12Z</time></trkpt><trkpt lat="21.113164" lon="105.859848"><ele>-26.641</ele><time>2018-09-07T06:09:13Z</time></trkpt><trkpt lat="21.113141" lon="105.859777"><ele>-26.454</ele><time>2018-09-07T06:09:14Z</time></trkpt><trkpt lat="21.113118" lon="105.859710"><ele>-26.356</ele><time>2018-09-07T06:09:15Z</time></trkpt><trkpt lat="21.113098" lon="105.859642"><ele>-26.211</ele><time>2018-09-07T06:09:16Z</time></trkpt><trkpt lat="21.113082" lon="105.859573"><ele>-26.208</ele><time>2018-09-07T06:09:17Z</time></trkpt><trkpt lat="21.113061" lon="105.859509"><ele>-26.247</ele><time>2018-09-07T06:09:18Z</time></trkpt><trkpt lat="21.113025" lon="105.859452"><ele>-26.263</ele><time>2018-09-07T06:09:19Z</time></trkpt><trkpt lat="21.112999" lon="105.859387"><ele>-26.228</ele><time>2018-09-07T06:09:20Z</time></trkpt><trkpt lat="21.112974" lon="105.859320"><ele>-26.273</ele><time>2018-09-07T06:09:21Z</time></trkpt><trkpt lat="21.112954" lon="105.859253"><ele>-26.259</ele><time>2018-09-07T06:09:22Z</time></trkpt><trkpt lat="21.112934" lon="105.859186"><ele>-26.225</ele><time>2018-09-07T06:09:23Z</time></trkpt><trkpt lat="21.112912" lon="105.859120"><ele>-26.274</ele><time>2018-09-07T06:09:24Z</time></trkpt><trkpt lat="21.112896" lon="105.859062"><ele>-26.267</ele><time>2018-09-07T06:09:25Z</time></trkpt><trkpt lat="21.112881" lon="105.859013"><ele>-26.245</ele><time>2018-09-07T06:09:26Z</time></trkpt><trkpt lat="21.112826" lon="105.858900"><ele>-25.847</ele><time>2018-09-07T06:09:30Z</time></trkpt><trkpt lat="21.112797" lon="105.858834"><ele>-25.611</ele><time>2018-09-07T06:09:32Z</time></trkpt><trkpt lat="21.112771" lon="105.858778"><ele>-25.508</ele><time>2018-09-07T06:09:34Z</time></trkpt><trkpt lat="21.112745" lon="105.858735"><ele>-25.596</ele><time>2018-09-07T06:09:36Z</time></trkpt><trkpt lat="21.112419" lon="105.858941"><ele>-23.852</ele><time>2018-09-07T06:09:44Z</time></trkpt><trkpt lat="21.112329" lon="105.859041"><ele>-23.037</ele><time>2018-09-07T06:09:46Z</time></trkpt><trkpt lat="21.112273" lon="105.859095"><ele>-22.892</ele><time>2018-09-07T06:09:47Z</time></trkpt><trkpt lat="21.112219" lon="105.859157"><ele>-22.538</ele><time>2018-09-07T06:09:48Z</time></trkpt><trkpt lat="21.112164" lon="105.859216"><ele>-22.514</ele><time>2018-09-07T06:09:49Z</time></trkpt><trkpt lat="21.112109" lon="105.859276"><ele>-22.353</ele><time>2018-09-07T06:09:50Z</time></trkpt><trkpt lat="21.112047" lon="105.859342"><ele>-22.086</ele><time>2018-09-07T06:09:51Z</time></trkpt><trkpt lat="21.111983" lon="105.859408"><ele>-21.323</ele><time>2018-09-07T06:09:52Z</time></trkpt><trkpt lat="21.111930" lon="105.859464"><ele>-20.583</ele><time>2018-09-07T06:09:53Z</time></trkpt><trkpt lat="21.111878" lon="105.859526"><ele>-20.011</ele><time>2018-09-07T06:09:54Z</time></trkpt><trkpt lat="21.111825" lon="105.859587"><ele>-19.608</ele><time>2018-09-07T06:09:55Z</time></trkpt><trkpt lat="21.111769" lon="105.859651"><ele>-19.534</ele><time>2018-09-07T06:09:56Z</time></trkpt><trkpt lat="21.111712" lon="105.859713"><ele>-19.320</ele><time>2018-09-07T06:09:57Z</time></trkpt><trkpt lat="21.111652" lon="105.859770"><ele>-19.345</ele><time>2018-09-07T06:09:58Z</time></trkpt><trkpt lat="21.111594" lon="105.859828"><ele>-18.850</ele><time>2018-09-07T06:09:59Z</time></trkpt><trkpt lat="21.111540" lon="105.859884"><ele>-18.516</ele><time>2018-09-07T06:10:00Z</time></trkpt><trkpt lat="21.111483" lon="105.859941"><ele>-18.362</ele><time>2018-09-07T06:10:01Z</time></trkpt><trkpt lat="21.111426" lon="105.860005"><ele>-18.211</ele><time>2018-09-07T06:10:02Z</time></trkpt><trkpt lat="21.111372" lon="105.860067"><ele>-18.114</ele><time>2018-09-07T06:10:03Z</time></trkpt><trkpt lat="21.111318" lon="105.860132"><ele>-18.184</ele><time>2018-09-07T06:10:04Z</time></trkpt><trkpt lat="21.111262" lon="105.860197"><ele>-18.107</ele><time>2018-09-07T06:10:05Z</time></trkpt><trkpt lat="21.111205" lon="105.860255"><ele>-18.117</ele><time>2018-09-07T06:10:06Z</time></trkpt><trkpt lat="21.111150" lon="105.860323"><ele>-18.108</ele><time>2018-09-07T06:10:07Z</time></trkpt><trkpt lat="21.111099" lon="105.860394"><ele>-18.150</ele><time>2018-09-07T06:10:08Z</time></trkpt><trkpt lat="21.111051" lon="105.860465"><ele>-18.146</ele><time>2018-09-07T06:10:09Z</time></trkpt><trkpt lat="21.111000" lon="105.860537"><ele>-18.131</ele><time>2018-09-07T06:10:10Z</time></trkpt><trkpt lat="21.110954" lon="105.860602"><ele>-18.186</ele><time>2018-09-07T06:10:11Z</time></trkpt><trkpt lat="21.110905" lon="105.860668"><ele>-18.152</ele><time>2018-09-07T06:10:12Z</time></trkpt><trkpt lat="21.110856" lon="105.860725"><ele>-18.148</ele><time>2018-09-07T06:10:13Z</time></trkpt><trkpt lat="21.110809" lon="105.860789"><ele>-18.557</ele><time>2018-09-07T06:10:14Z</time></trkpt><trkpt lat="21.110759" lon="105.860852"><ele>-18.790</ele><time>2018-09-07T06:10:15Z</time></trkpt><trkpt lat="21.110713" lon="105.860918"><ele>-18.537</ele><time>2018-09-07T06:10:16Z</time></trkpt><trkpt lat="21.110664" lon="105.860979"><ele>-18.249</ele><time>2018-09-07T06:10:17Z</time></trkpt><trkpt lat="21.110617" lon="105.861041"><ele>-18.113</ele><time>2018-09-07T06:10:18Z</time></trkpt><trkpt lat="21.110571" lon="105.861105"><ele>-18.008</ele><time>2018-09-07T06:10:19Z</time></trkpt><trkpt lat="21.110524" lon="105.861170"><ele>-18.025</ele><time>2018-09-07T06:10:20Z</time></trkpt><trkpt lat="21.110476" lon="105.861229"><ele>-18.011</ele><time>2018-09-07T06:10:21Z</time></trkpt><trkpt lat="21.110435" lon="105.861281"><ele>-18.086</ele><time>2018-09-07T06:10:22Z</time></trkpt><trkpt lat="21.110389" lon="105.861323"><ele>-18.081</ele><time>2018-09-07T06:10:23Z</time></trkpt><trkpt lat="21.110341" lon="105.861355"><ele>-18.057</ele><time>2018-09-07T06:10:24Z</time></trkpt><trkpt lat="21.110295" lon="105.861370"><ele>-18.093</ele><time>2018-09-07T06:10:25Z</time></trkpt><trkpt lat="21.110245" lon="105.861368"><ele>-18.042</ele><time>2018-09-07T06:10:26Z</time></trkpt><trkpt lat="21.110191" lon="105.861339"><ele>-18.095</ele><time>2018-09-07T06:10:27Z</time></trkpt><trkpt lat="21.110135" lon="105.861304"><ele>-18.031</ele><time>2018-09-07T06:10:28Z</time></trkpt><trkpt lat="21.110087" lon="105.861276"><ele>-18.061</ele><time>2018-09-07T06:10:29Z</time></trkpt><trkpt lat="21.110038" lon="105.861256"><ele>-18.007</ele><time>2018-09-07T06:10:30Z</time></trkpt><trkpt lat="21.109993" lon="105.861257"><ele>-18.008</ele><time>2018-09-07T06:10:31Z</time></trkpt><trkpt lat="21.109928" lon="105.861320"><ele>-18.035</ele><time>2018-09-07T06:10:33Z</time></trkpt><trkpt lat="21.109902" lon="105.861375"><ele>-18.041</ele><time>2018-09-07T06:10:34Z</time></trkpt><trkpt lat="21.109873" lon="105.861425"><ele>-18.066</ele><time>2018-09-07T06:10:35Z</time></trkpt><trkpt lat="21.109844" lon="105.861489"><ele>-18.531</ele><time>2018-09-07T06:10:36Z</time></trkpt><trkpt lat="21.109809" lon="105.861562"><ele>-19.057</ele><time>2018-09-07T06:10:37Z</time></trkpt><trkpt lat="21.109779" lon="105.861617"><ele>-19.823</ele><time>2018-09-07T06:10:38Z</time></trkpt><trkpt lat="21.109748" lon="105.861677"><ele>-20.312</ele><time>2018-09-07T06:10:39Z</time></trkpt><trkpt lat="21.109721" lon="105.861728"><ele>-20.365</ele><time>2018-09-07T06:10:40Z</time></trkpt><trkpt lat="21.109695" lon="105.861784"><ele>-20.155</ele><time>2018-09-07T06:10:41Z</time></trkpt><trkpt lat="21.109672" lon="105.861837"><ele>-20.107</ele><time>2018-09-07T06:10:42Z</time></trkpt><trkpt lat="21.109653" lon="105.861887"><ele>-20.117</ele><time>2018-09-07T06:10:43Z</time></trkpt><trkpt lat="21.109627" lon="105.861982"><ele>-20.508</ele><time>2018-09-07T06:10:45Z</time></trkpt><trkpt lat="21.109623" lon="105.862070"><ele>-20.817</ele><time>2018-09-07T06:10:47Z</time></trkpt><trkpt lat="21.109649" lon="105.862172"><ele>-20.833</ele><time>2018-09-07T06:10:49Z</time></trkpt><trkpt lat="21.109664" lon="105.862231"><ele>-21.038</ele><time>2018-09-07T06:10:50Z</time></trkpt><trkpt lat="21.109675" lon="105.862294"><ele>-21.083</ele><time>2018-09-07T06:10:51Z</time></trkpt><trkpt lat="21.109680" lon="105.862350"><ele>-21.029</ele><time>2018-09-07T06:10:52Z</time></trkpt><trkpt lat="21.109684" lon="105.862405"><ele>-20.545</ele><time>2018-09-07T06:10:53Z</time></trkpt><trkpt lat="21.109670" lon="105.862453"><ele>-20.384</ele><time>2018-09-07T06:10:54Z</time></trkpt><trkpt lat="21.109644" lon="105.862506"><ele>-20.347</ele><time>2018-09-07T06:10:55Z</time></trkpt><trkpt lat="21.109619" lon="105.862554"><ele>-20.169</ele><time>2018-09-07T06:10:56Z</time></trkpt><trkpt lat="21.109571" lon="105.862635"><ele>-20.104</ele><time>2018-09-07T06:10:58Z</time></trkpt><trkpt lat="21.109532" lon="105.862712"><ele>-20.124</ele><time>2018-09-07T06:11:00Z</time></trkpt><trkpt lat="21.109513" lon="105.862768"><ele>-20.108</ele><time>2018-09-07T06:11:01Z</time></trkpt><trkpt lat="21.109490" lon="105.862815"><ele>-20.528</ele><time>2018-09-07T06:11:02Z</time></trkpt><trkpt lat="21.109462" lon="105.862862"><ele>-20.854</ele><time>2018-09-07T06:11:03Z</time></trkpt><trkpt lat="21.109435" lon="105.862913"><ele>-20.829</ele><time>2018-09-07T06:11:04Z</time></trkpt><trkpt lat="21.109409" lon="105.862962"><ele>-21.064</ele><time>2018-09-07T06:11:05Z</time></trkpt><trkpt lat="21.109372" lon="105.863016"><ele>-21.560</ele><time>2018-09-07T06:11:06Z</time></trkpt><trkpt lat="21.109334" lon="105.863076"><ele>-21.896</ele><time>2018-09-07T06:11:07Z</time></trkpt><trkpt lat="21.109296" lon="105.863134"><ele>-22.095</ele><time>2018-09-07T06:11:08Z</time></trkpt><trkpt lat="21.109258" lon="105.863188"><ele>-21.628</ele><time>2018-09-07T06:11:09Z</time></trkpt><trkpt lat="21.109226" lon="105.863242"><ele>-21.516</ele><time>2018-09-07T06:11:10Z</time></trkpt><trkpt lat="21.109191" lon="105.863293"><ele>-21.376</ele><time>2018-09-07T06:11:11Z</time></trkpt><trkpt lat="21.109156" lon="105.863333"><ele>-21.613</ele><time>2018-09-07T06:11:12Z</time></trkpt><trkpt lat="21.109123" lon="105.863378"><ele>-21.808</ele><time>2018-09-07T06:11:13Z</time></trkpt><trkpt lat="21.109096" lon="105.863433"><ele>-22.033</ele><time>2018-09-07T06:11:14Z</time></trkpt><trkpt lat="21.109067" lon="105.863500"><ele>-22.059</ele><time>2018-09-07T06:11:15Z</time></trkpt><trkpt lat="21.109030" lon="105.863572"><ele>-21.664</ele><time>2018-09-07T06:11:16Z</time></trkpt><trkpt lat="21.109003" lon="105.863636"><ele>-21.579</ele><time>2018-09-07T06:11:17Z</time></trkpt><trkpt lat="21.108972" lon="105.863705"><ele>-21.865</ele><time>2018-09-07T06:11:18Z</time></trkpt><trkpt lat="21.108942" lon="105.863764"><ele>-22.081</ele><time>2018-09-07T06:11:19Z</time></trkpt><trkpt lat="21.108909" lon="105.863808"><ele>-22.010</ele><time>2018-09-07T06:11:20Z</time></trkpt><trkpt lat="21.108880" lon="105.863852"><ele>-22.113</ele><time>2018-09-07T06:11:21Z</time></trkpt><trkpt lat="21.108835" lon="105.863920"><ele>-21.867</ele><time>2018-09-07T06:11:23Z</time></trkpt><trkpt lat="21.108778" lon="105.863968"><ele>-22.081</ele><time>2018-09-07T06:11:25Z</time></trkpt><trkpt lat="21.108729" lon="105.864016"><ele>-21.619</ele><time>2018-09-07T06:11:28Z</time></trkpt><trkpt lat="21.108638" lon="105.864094"><ele>-21.508</ele><time>2018-09-07T06:11:30Z</time></trkpt><trkpt lat="21.108596" lon="105.864126"><ele>-21.898</ele><time>2018-09-07T06:11:31Z</time></trkpt><trkpt lat="21.108541" lon="105.864146"><ele>-22.064</ele><time>2018-09-07T06:11:32Z</time></trkpt><trkpt lat="21.108495" lon="105.864171"><ele>-22.049</ele><time>2018-09-07T06:11:33Z</time></trkpt><trkpt lat="21.108435" lon="105.864190"><ele>-22.564</ele><time>2018-09-07T06:11:34Z</time></trkpt><trkpt lat="21.108377" lon="105.864205"><ele>-23.360</ele><time>2018-09-07T06:11:35Z</time></trkpt><trkpt lat="21.108314" lon="105.864226"><ele>-23.616</ele><time>2018-09-07T06:11:36Z</time></trkpt><trkpt lat="21.108263" lon="105.864248"><ele>-23.835</ele><time>2018-09-07T06:11:37Z</time></trkpt><trkpt lat="21.108218" lon="105.864256"><ele>-24.098</ele><time>2018-09-07T06:11:38Z</time></trkpt><trkpt lat="21.108174" lon="105.864273"><ele>-23.698</ele><time>2018-09-07T06:11:39Z</time></trkpt><trkpt lat="21.108090" lon="105.864314"><ele>-23.515</ele><time>2018-09-07T06:11:41Z</time></trkpt><trkpt lat="21.108048" lon="105.864340"><ele>-23.326</ele><time>2018-09-07T06:11:42Z</time></trkpt><trkpt lat="21.108000" lon="105.864374"><ele>-23.308</ele><time>2018-09-07T06:11:43Z</time></trkpt><trkpt lat="21.107940" lon="105.864416"><ele>-22.821</ele><time>2018-09-07T06:11:44Z</time></trkpt><trkpt lat="21.107893" lon="105.864467"><ele>-22.597</ele><time>2018-09-07T06:11:45Z</time></trkpt><trkpt lat="21.107855" lon="105.864530"><ele>-22.062</ele><time>2018-09-07T06:11:46Z</time></trkpt><trkpt lat="21.107827" lon="105.864598"><ele>-21.657</ele><time>2018-09-07T06:11:47Z</time></trkpt><trkpt lat="21.107810" lon="105.864656"><ele>-21.013</ele><time>2018-09-07T06:11:48Z</time></trkpt><trkpt lat="21.107792" lon="105.864715"><ele>-20.629</ele><time>2018-09-07T06:11:49Z</time></trkpt><trkpt lat="21.107767" lon="105.864772"><ele>-20.058</ele><time>2018-09-07T06:11:50Z</time></trkpt><trkpt lat="21.107744" lon="105.864830"><ele>-19.641</ele><time>2018-09-07T06:11:51Z</time></trkpt><trkpt lat="21.107724" lon="105.864883"><ele>-19.548</ele><time>2018-09-07T06:11:52Z</time></trkpt><trkpt lat="21.107712" lon="105.864944"><ele>-19.061</ele><time>2018-09-07T06:11:53Z</time></trkpt><trkpt lat="21.107702" lon="105.865005"><ele>-19.017</ele><time>2018-09-07T06:11:54Z</time></trkpt><trkpt lat="21.107690" lon="105.865066"><ele>-19.008</ele><time>2018-09-07T06:11:55Z</time></trkpt><trkpt lat="21.107676" lon="105.865128"><ele>-19.056</ele><time>2018-09-07T06:11:56Z</time></trkpt><trkpt lat="21.107664" lon="105.865185"><ele>-19.052</ele><time>2018-09-07T06:11:57Z</time></trkpt><trkpt lat="21.107650" lon="105.865242"><ele>-19.077</ele><time>2018-09-07T06:11:58Z</time></trkpt><trkpt lat="21.107641" lon="105.865289"><ele>-18.682</ele><time>2018-09-07T06:11:59Z</time></trkpt><trkpt lat="21.107630" lon="105.865360"><ele>-18.518</ele><time>2018-09-07T06:12:01Z</time></trkpt><trkpt lat="21.107630" lon="105.865444"><ele>-18.074</ele><time>2018-09-07T06:12:03Z</time></trkpt><trkpt lat="21.107625" lon="105.865540"><ele>-18.053</ele><time>2018-09-07T06:12:05Z</time></trkpt><trkpt lat="21.107621" lon="105.865638"><ele>-18.086</ele><time>2018-09-07T06:12:07Z</time></trkpt><trkpt lat="21.107620" lon="105.865689"><ele>-18.088</ele><time>2018-09-07T06:12:08Z</time></trkpt><trkpt lat="21.107620" lon="105.865742"><ele>-18.024</ele><time>2018-09-07T06:12:09Z</time></trkpt><trkpt lat="21.107615" lon="105.865799"><ele>-18.026</ele><time>2018-09-07T06:12:10Z</time></trkpt><trkpt lat="21.107599" lon="105.865857"><ele>-18.508</ele><time>2018-09-07T06:12:11Z</time></trkpt><trkpt lat="21.107581" lon="105.865910"><ele>-18.610</ele><time>2018-09-07T06:12:12Z</time></trkpt><trkpt lat="21.107553" lon="105.865969"><ele>-18.346</ele><time>2018-09-07T06:12:15Z</time></trkpt><trkpt lat="21.107448" lon="105.865956"><ele>-18.121</ele><time>2018-09-07T06:12:17Z</time></trkpt><trkpt lat="21.107389" lon="105.865928"><ele>-18.586</ele><time>2018-09-07T06:12:18Z</time></trkpt><trkpt lat="21.107330" lon="105.865914"><ele>-18.682</ele><time>2018-09-07T06:12:19Z</time></trkpt><trkpt lat="21.107271" lon="105.865897"><ele>-18.788</ele><time>2018-09-07T06:12:20Z</time></trkpt><trkpt lat="21.107212" lon="105.865880"><ele>-18.887</ele><time>2018-09-07T06:12:21Z</time></trkpt><trkpt lat="21.107154" lon="105.865861"><ele>-18.810</ele><time>2018-09-07T06:12:22Z</time></trkpt><trkpt lat="21.107097" lon="105.865844"><ele>-18.835</ele><time>2018-09-07T06:12:23Z</time></trkpt><trkpt lat="21.107036" lon="105.865826"><ele>-18.886</ele><time>2018-09-07T06:12:24Z</time></trkpt><trkpt lat="21.106972" lon="105.865803"><ele>-19.314</ele><time>2018-09-07T06:12:25Z</time></trkpt><trkpt lat="21.106901" lon="105.865782"><ele>-19.508</ele><time>2018-09-07T06:12:26Z</time></trkpt><trkpt lat="21.106828" lon="105.865769"><ele>-19.525</ele><time>2018-09-07T06:12:27Z</time></trkpt><trkpt lat="21.106760" lon="105.865748"><ele>-20.061</ele><time>2018-09-07T06:12:28Z</time></trkpt><trkpt lat="21.106688" lon="105.865723"><ele>-20.326</ele><time>2018-09-07T06:12:29Z</time></trkpt><trkpt lat="21.106621" lon="105.865703"><ele>-21.041</ele><time>2018-09-07T06:12:30Z</time></trkpt><trkpt lat="21.106556" lon="105.865679"><ele>-21.697</ele><time>2018-09-07T06:12:31Z</time></trkpt><trkpt lat="21.106487" lon="105.865656"><ele>-22.093</ele><time>2018-09-07T06:12:32Z</time></trkpt><trkpt lat="21.106419" lon="105.865633"><ele>-22.892</ele><time>2018-09-07T06:12:33Z</time></trkpt><trkpt lat="21.106350" lon="105.865607"><ele>-23.135</ele><time>2018-09-07T06:12:34Z</time></trkpt><trkpt lat="21.106278" lon="105.865581"><ele>-23.331</ele><time>2018-09-07T06:12:35Z</time></trkpt><trkpt lat="21.106210" lon="105.865558"><ele>-23.861</ele><time>2018-09-07T06:12:36Z</time></trkpt><trkpt lat="21.106137" lon="105.865537"><ele>-24.107</ele><time>2018-09-07T06:12:37Z</time></trkpt><trkpt lat="21.106071" lon="105.865517"><ele>-24.808</ele><time>2018-09-07T06:12:38Z</time></trkpt><trkpt lat="21.106010" lon="105.865497"><ele>-25.135</ele><time>2018-09-07T06:12:39Z</time></trkpt><trkpt lat="21.105948" lon="105.865482"><ele>-25.361</ele><time>2018-09-07T06:12:40Z</time></trkpt><trkpt lat="21.105891" lon="105.865462"><ele>-25.846</ele><time>2018-09-07T06:12:41Z</time></trkpt><trkpt lat="21.105830" lon="105.865440"><ele>-26.141</ele><time>2018-09-07T06:12:42Z</time></trkpt><trkpt lat="21.105769" lon="105.865422"><ele>-26.327</ele><time>2018-09-07T06:12:43Z</time></trkpt><trkpt lat="21.105705" lon="105.865402"><ele>-26.493</ele><time>2018-09-07T06:12:44Z</time></trkpt><trkpt lat="21.105642" lon="105.865379"><ele>-26.582</ele><time>2018-09-07T06:12:45Z</time></trkpt><trkpt lat="21.105573" lon="105.865357"><ele>-26.525</ele><time>2018-09-07T06:12:46Z</time></trkpt><trkpt lat="21.105506" lon="105.865331"><ele>-26.579</ele><time>2018-09-07T06:12:47Z</time></trkpt><trkpt lat="21.105440" lon="105.865305"><ele>-26.505</ele><time>2018-09-07T06:12:48Z</time></trkpt><trkpt lat="21.105378" lon="105.865285"><ele>-26.525</ele><time>2018-09-07T06:12:49Z</time></trkpt><trkpt lat="21.105314" lon="105.865263"><ele>-26.508</ele><time>2018-09-07T06:12:50Z</time></trkpt><trkpt lat="21.105251" lon="105.865243"><ele>-26.589</ele><time>2018-09-07T06:12:51Z</time></trkpt><trkpt lat="21.105186" lon="105.865219"><ele>-26.585</ele><time>2018-09-07T06:12:52Z</time></trkpt><trkpt lat="21.105121" lon="105.865197"><ele>-26.540</ele><time>2018-09-07T06:12:53Z</time></trkpt><trkpt lat="21.105060" lon="105.865177"><ele>-26.545</ele><time>2018-09-07T06:12:54Z</time></trkpt><trkpt lat="21.105001" lon="105.865155"><ele>-26.551</ele><time>2018-09-07T06:12:55Z</time></trkpt><trkpt lat="21.104939" lon="105.865131"><ele>-26.577</ele><time>2018-09-07T06:12:56Z</time></trkpt><trkpt lat="21.104872" lon="105.865106"><ele>-26.546</ele><time>2018-09-07T06:12:57Z</time></trkpt><trkpt lat="21.104806" lon="105.865083"><ele>-26.519</ele><time>2018-09-07T06:12:58Z</time></trkpt><trkpt lat="21.104740" lon="105.865058"><ele>-26.933</ele><time>2018-09-07T06:12:59Z</time></trkpt><trkpt lat="21.104673" lon="105.865034"><ele>-27.123</ele><time>2018-09-07T06:13:00Z</time></trkpt><trkpt lat="21.104611" lon="105.865009"><ele>-27.215</ele><time>2018-09-07T06:13:01Z</time></trkpt><trkpt lat="21.104551" lon="105.864984"><ele>-27.308</ele><time>2018-09-07T06:13:02Z</time></trkpt><trkpt lat="21.104490" lon="105.864964"><ele>-27.835</ele><time>2018-09-07T06:13:03Z</time></trkpt><trkpt lat="21.104429" lon="105.864946"><ele>-28.181</ele><time>2018-09-07T06:13:04Z</time></trkpt><trkpt lat="21.104372" lon="105.864932"><ele>-27.966</ele><time>2018-09-07T06:13:05Z</time></trkpt><trkpt lat="21.104316" lon="105.864911"><ele>-27.831</ele><time>2018-09-07T06:13:06Z</time></trkpt><trkpt lat="21.104255" lon="105.864895"><ele>-27.777</ele><time>2018-09-07T06:13:07Z</time></trkpt><trkpt lat="21.104197" lon="105.864879"><ele>-27.673</ele><time>2018-09-07T06:13:08Z</time></trkpt><trkpt lat="21.104139" lon="105.864859"><ele>-27.672</ele><time>2018-09-07T06:13:09Z</time></trkpt><trkpt lat="21.104078" lon="105.864839"><ele>-27.685</ele><time>2018-09-07T06:13:10Z</time></trkpt><trkpt lat="21.104023" lon="105.864824"><ele>-27.239</ele><time>2018-09-07T06:13:11Z</time></trkpt><trkpt lat="21.103969" lon="105.864811"><ele>-27.001</ele><time>2018-09-07T06:13:12Z</time></trkpt><trkpt lat="21.103915" lon="105.864791"><ele>-26.921</ele><time>2018-09-07T06:13:13Z</time></trkpt><trkpt lat="21.103865" lon="105.864773"><ele>-26.808</ele><time>2018-09-07T06:13:14Z</time></trkpt><trkpt lat="21.103818" lon="105.864752"><ele>-26.365</ele><time>2018-09-07T06:13:15Z</time></trkpt><trkpt lat="21.103732" lon="105.864725"><ele>-26.021</ele><time>2018-09-07T06:13:17Z</time></trkpt><trkpt lat="21.103686" lon="105.864704"><ele>-25.866</ele><time>2018-09-07T06:13:18Z</time></trkpt><trkpt lat="21.103633" lon="105.864689"><ele>-25.361</ele><time>2018-09-07T06:13:19Z</time></trkpt><trkpt lat="21.103581" lon="105.864669"><ele>-25.077</ele><time>2018-09-07T06:13:20Z</time></trkpt><trkpt lat="21.103524" lon="105.864656"><ele>-24.843</ele><time>2018-09-07T06:13:21Z</time></trkpt><trkpt lat="21.103470" lon="105.864636"><ele>-24.892</ele><time>2018-09-07T06:13:22Z</time></trkpt><trkpt lat="21.103417" lon="105.864619"><ele>-24.655</ele><time>2018-09-07T06:13:23Z</time></trkpt><trkpt lat="21.103367" lon="105.864600"><ele>-24.657</ele><time>2018-09-07T06:13:24Z</time></trkpt><trkpt lat="21.103317" lon="105.864583"><ele>-24.600</ele><time>2018-09-07T06:13:25Z</time></trkpt><trkpt lat="21.103270" lon="105.864562"><ele>-24.620</ele><time>2018-09-07T06:13:26Z</time></trkpt><trkpt lat="21.103222" lon="105.864544"><ele>-24.608</ele><time>2018-09-07T06:13:27Z</time></trkpt><trkpt lat="21.103135" lon="105.864546"><ele>-24.687</ele><time>2018-09-07T06:13:29Z</time></trkpt><trkpt lat="21.103058" lon="105.864577"><ele>-23.853</ele><time>2018-09-07T06:13:31Z</time></trkpt><trkpt lat="21.103023" lon="105.864608"><ele>-23.378</ele><time>2018-09-07T06:13:32Z</time></trkpt><trkpt lat="21.102992" lon="105.864651"><ele>-23.063</ele><time>2018-09-07T06:13:33Z</time></trkpt><trkpt lat="21.102962" lon="105.864703"><ele>-22.579</ele><time>2018-09-07T06:13:34Z</time></trkpt><trkpt lat="21.102939" lon="105.864764"><ele>-22.155</ele><time>2018-09-07T06:13:35Z</time></trkpt><trkpt lat="21.102920" lon="105.864832"><ele>-21.584</ele><time>2018-09-07T06:13:36Z</time></trkpt><trkpt lat="21.102916" lon="105.864911"><ele>-21.187</ele><time>2018-09-07T06:13:37Z</time></trkpt><trkpt lat="21.102905" lon="105.864997"><ele>-21.064</ele><time>2018-09-07T06:13:38Z</time></trkpt><trkpt lat="21.102900" lon="105.865088"><ele>-20.806</ele><time>2018-09-07T06:13:39Z</time></trkpt><trkpt lat="21.102895" lon="105.865182"><ele>-20.816</ele><time>2018-09-07T06:13:40Z</time></trkpt><trkpt lat="21.102887" lon="105.865269"><ele>-20.808</ele><time>2018-09-07T06:13:41Z</time></trkpt><trkpt lat="21.102882" lon="105.865362"><ele>-20.878</ele><time>2018-09-07T06:13:42Z</time></trkpt><trkpt lat="21.102878" lon="105.865453"><ele>-20.894</ele><time>2018-09-07T06:13:43Z</time></trkpt><trkpt lat="21.102874" lon="105.865543"><ele>-20.889</ele><time>2018-09-07T06:13:44Z</time></trkpt><trkpt lat="21.102875" lon="105.865632"><ele>-20.834</ele><time>2018-09-07T06:13:45Z</time></trkpt><trkpt lat="21.102876" lon="105.865722"><ele>-20.850</ele><time>2018-09-07T06:13:46Z</time></trkpt><trkpt lat="21.102876" lon="105.865811"><ele>-20.376</ele><time>2018-09-07T06:13:47Z</time></trkpt><trkpt lat="21.102877" lon="105.865893"><ele>-20.125</ele><time>2018-09-07T06:13:48Z</time></trkpt><trkpt lat="21.102876" lon="105.865973"><ele>-20.028</ele><time>2018-09-07T06:13:49Z</time></trkpt><trkpt lat="21.102872" lon="105.866055"><ele>-20.049</ele><time>2018-09-07T06:13:50Z</time></trkpt><trkpt lat="21.102873" lon="105.866142"><ele>-19.802</ele><time>2018-09-07T06:13:51Z</time></trkpt><trkpt lat="21.102874" lon="105.866221"><ele>-19.822</ele><time>2018-09-07T06:13:52Z</time></trkpt><trkpt lat="21.102871" lon="105.866307"><ele>-19.808</ele><time>2018-09-07T06:13:53Z</time></trkpt><trkpt lat="21.102867" lon="105.866393"><ele>-19.896</ele><time>2018-09-07T06:13:54Z</time></trkpt><trkpt lat="21.102862" lon="105.866481"><ele>-19.832</ele><time>2018-09-07T06:13:55Z</time></trkpt><trkpt lat="21.102859" lon="105.866566"><ele>-19.887</ele><time>2018-09-07T06:13:56Z</time></trkpt><trkpt lat="21.102856" lon="105.866651"><ele>-19.882</ele><time>2018-09-07T06:13:57Z</time></trkpt><trkpt lat="21.102855" lon="105.866735"><ele>-19.598</ele><time>2018-09-07T06:13:58Z</time></trkpt><trkpt lat="21.102855" lon="105.866822"><ele>-19.614</ele><time>2018-09-07T06:13:59Z</time></trkpt><trkpt lat="21.102850" lon="105.866914"><ele>-19.323</ele><time>2018-09-07T06:14:00Z</time></trkpt><trkpt lat="21.102849" lon="105.867004"><ele>-19.156</ele><time>2018-09-07T06:14:01Z</time></trkpt><trkpt lat="21.102850" lon="105.867091"><ele>-19.073</ele><time>2018-09-07T06:14:02Z</time></trkpt><trkpt lat="21.102845" lon="105.867178"><ele>-19.085</ele><time>2018-09-07T06:14:03Z</time></trkpt><trkpt lat="21.102842" lon="105.867268"><ele>-19.013</ele><time>2018-09-07T06:14:04Z</time></trkpt><trkpt lat="21.102838" lon="105.867355"><ele>-18.508</ele><time>2018-09-07T06:14:05Z</time></trkpt><trkpt lat="21.102829" lon="105.867441"><ele>-18.299</ele><time>2018-09-07T06:14:06Z</time></trkpt><trkpt lat="21.102824" lon="105.867528"><ele>-18.595</ele><time>2018-09-07T06:14:07Z</time></trkpt><trkpt lat="21.102819" lon="105.867616"><ele>-18.190</ele><time>2018-09-07T06:14:08Z</time></trkpt><trkpt lat="21.102816" lon="105.867704"><ele>-18.085</ele><time>2018-09-07T06:14:09Z</time></trkpt><trkpt lat="21.102809" lon="105.867788"><ele>-18.241</ele><time>2018-09-07T06:14:10Z</time></trkpt><trkpt lat="21.102807" lon="105.867873"><ele>-18.077</ele><time>2018-09-07T06:14:11Z</time></trkpt><trkpt lat="21.102803" lon="105.867959"><ele>-18.016</ele><time>2018-09-07T06:14:12Z</time></trkpt><trkpt lat="21.102804" lon="105.868047"><ele>-17.859</ele><time>2018-09-07T06:14:13Z</time></trkpt><trkpt lat="21.102801" lon="105.868135"><ele>-17.854</ele><time>2018-09-07T06:14:14Z</time></trkpt><trkpt lat="21.102798" lon="105.868221"><ele>-18.256</ele><time>2018-09-07T06:14:15Z</time></trkpt><trkpt lat="21.102793" lon="105.868308"><ele>-18.011</ele><time>2018-09-07T06:14:16Z</time></trkpt><trkpt lat="21.102789" lon="105.868394"><ele>-18.008</ele><time>2018-09-07T06:14:17Z</time></trkpt><trkpt lat="21.102787" lon="105.868475"><ele>-18.217</ele><time>2018-09-07T06:14:18Z</time></trkpt><trkpt lat="21.102784" lon="105.868556"><ele>-18.053</ele><time>2018-09-07T06:14:19Z</time></trkpt><trkpt lat="21.102781" lon="105.868634"><ele>-18.098</ele><time>2018-09-07T06:14:20Z</time></trkpt><trkpt lat="21.102776" lon="105.868710"><ele>-18.263</ele><time>2018-09-07T06:14:21Z</time></trkpt><trkpt lat="21.102769" lon="105.868785"><ele>-18.049</ele><time>2018-09-07T06:14:22Z</time></trkpt><trkpt lat="21.102759" lon="105.868851"><ele>-18.015</ele><time>2018-09-07T06:14:23Z</time></trkpt><trkpt lat="21.102746" lon="105.868911"><ele>-17.844</ele><time>2018-09-07T06:14:24Z</time></trkpt><trkpt lat="21.102729" lon="105.868969"><ele>-17.827</ele><time>2018-09-07T06:14:25Z</time></trkpt><trkpt lat="21.102702" lon="105.869015"><ele>-17.886</ele><time>2018-09-07T06:14:26Z</time></trkpt><trkpt lat="21.102650" lon="105.869083"><ele>-17.560</ele><time>2018-09-07T06:14:28Z</time></trkpt><trkpt lat="21.102550" lon="105.869085"><ele>-17.626</ele><time>2018-09-07T06:14:30Z</time></trkpt><trkpt lat="21.102496" lon="105.869076"><ele>-18.108</ele><time>2018-09-07T06:14:31Z</time></trkpt><trkpt lat="21.102432" lon="105.869068"><ele>-18.580</ele><time>2018-09-07T06:14:32Z</time></trkpt><trkpt lat="21.102376" lon="105.869046"><ele>-18.696</ele><time>2018-09-07T06:14:33Z</time></trkpt><trkpt lat="21.102306" lon="105.869022"><ele>-19.181</ele><time>2018-09-07T06:14:34Z</time></trkpt><trkpt lat="21.102234" lon="105.868993"><ele>-19.856</ele><time>2018-09-07T06:14:35Z</time></trkpt><trkpt lat="21.102159" lon="105.868969"><ele>-20.352</ele><time>2018-09-07T06:14:36Z</time></trkpt><trkpt lat="21.102082" lon="105.868941"><ele>-20.578</ele><time>2018-09-07T06:14:37Z</time></trkpt><trkpt lat="21.102006" lon="105.868915"><ele>-20.847</ele><time>2018-09-07T06:14:38Z</time></trkpt><trkpt lat="21.101933" lon="105.868886"><ele>-20.830</ele><time>2018-09-07T06:14:39Z</time></trkpt><trkpt lat="21.101856" lon="105.868858"><ele>-21.062</ele><time>2018-09-07T06:14:40Z</time></trkpt><trkpt lat="21.101777" lon="105.868831"><ele>-21.383</ele><time>2018-09-07T06:14:41Z</time></trkpt><trkpt lat="21.101700" lon="105.868799"><ele>-21.611</ele><time>2018-09-07T06:14:42Z</time></trkpt><trkpt lat="21.101617" lon="105.868770"><ele>-21.808</ele><time>2018-09-07T06:14:43Z</time></trkpt><trkpt lat="21.101540" lon="105.868742"><ele>-22.018</ele><time>2018-09-07T06:14:44Z</time></trkpt><trkpt lat="21.101467" lon="105.868711"><ele>-22.094</ele><time>2018-09-07T06:14:45Z</time></trkpt><trkpt lat="21.101397" lon="105.868684"><ele>-22.029</ele><time>2018-09-07T06:14:46Z</time></trkpt><trkpt lat="21.101325" lon="105.868661"><ele>-22.054</ele><time>2018-09-07T06:14:47Z</time></trkpt><trkpt lat="21.101261" lon="105.868638"><ele>-22.060</ele><time>2018-09-07T06:14:48Z</time></trkpt><trkpt lat="21.101194" lon="105.868615"><ele>-22.046</ele><time>2018-09-07T06:14:49Z</time></trkpt><trkpt lat="21.101124" lon="105.868590"><ele>-22.055</ele><time>2018-09-07T06:14:50Z</time></trkpt><trkpt lat="21.101052" lon="105.868567"><ele>-22.518</ele><time>2018-09-07T06:14:51Z</time></trkpt><trkpt lat="21.100973" lon="105.868543"><ele>-22.616</ele><time>2018-09-07T06:14:52Z</time></trkpt><trkpt lat="21.100891" lon="105.868515"><ele>-22.876</ele><time>2018-09-07T06:14:53Z</time></trkpt><trkpt lat="21.100810" lon="105.868483"><ele>-22.813</ele><time>2018-09-07T06:14:54Z</time></trkpt><trkpt lat="21.100723" lon="105.868449"><ele>-23.008</ele><time>2018-09-07T06:14:55Z</time></trkpt><trkpt lat="21.100640" lon="105.868421"><ele>-22.523</ele><time>2018-09-07T06:14:56Z</time></trkpt><trkpt lat="21.100553" lon="105.868390"><ele>-22.359</ele><time>2018-09-07T06:14:57Z</time></trkpt><trkpt lat="21.100467" lon="105.868362"><ele>-22.314</ele><time>2018-09-07T06:14:58Z</time></trkpt><trkpt lat="21.100379" lon="105.868334"><ele>-22.169</ele><time>2018-09-07T06:14:59Z</time></trkpt><trkpt lat="21.100289" lon="105.868304"><ele>-22.125</ele><time>2018-09-07T06:15:00Z</time></trkpt><trkpt lat="21.100202" lon="105.868275"><ele>-22.531</ele><time>2018-09-07T06:15:01Z</time></trkpt><trkpt lat="21.100120" lon="105.868246"><ele>-22.830</ele><time>2018-09-07T06:15:02Z</time></trkpt><trkpt lat="21.100034" lon="105.868215"><ele>-22.853</ele><time>2018-09-07T06:15:03Z</time></trkpt><trkpt lat="21.099947" lon="105.868185"><ele>-23.029</ele><time>2018-09-07T06:15:04Z</time></trkpt><trkpt lat="21.099859" lon="105.868156"><ele>-23.000</ele><time>2018-09-07T06:15:05Z</time></trkpt><trkpt lat="21.099774" lon="105.868127"><ele>-23.020</ele><time>2018-09-07T06:15:06Z</time></trkpt><trkpt lat="21.099691" lon="105.868095"><ele>-23.008</ele><time>2018-09-07T06:15:07Z</time></trkpt><trkpt lat="21.099608" lon="105.868067"><ele>-23.084</ele><time>2018-09-07T06:15:08Z</time></trkpt><trkpt lat="21.099529" lon="105.868042"><ele>-23.040</ele><time>2018-09-07T06:15:09Z</time></trkpt><trkpt lat="21.099451" lon="105.868019"><ele>-23.375</ele><time>2018-09-07T06:15:10Z</time></trkpt><trkpt lat="21.099371" lon="105.867992"><ele>-23.520</ele><time>2018-09-07T06:15:11Z</time></trkpt><trkpt lat="21.099292" lon="105.867966"><ele>-23.636</ele><time>2018-09-07T06:15:12Z</time></trkpt><trkpt lat="21.099216" lon="105.867943"><ele>-23.392</ele><time>2018-09-07T06:15:13Z</time></trkpt><trkpt lat="21.099136" lon="105.867918"><ele>-23.111</ele><time>2018-09-07T06:15:14Z</time></trkpt><trkpt lat="21.099059" lon="105.867891"><ele>-23.064</ele><time>2018-09-07T06:15:15Z</time></trkpt><trkpt lat="21.098981" lon="105.867865"><ele>-23.033</ele><time>2018-09-07T06:15:16Z</time></trkpt><trkpt lat="21.098900" lon="105.867840"><ele>-23.023</ele><time>2018-09-07T06:15:17Z</time></trkpt><trkpt lat="21.098815" lon="105.867809"><ele>-23.015</ele><time>2018-09-07T06:15:18Z</time></trkpt><trkpt lat="21.098726" lon="105.867782"><ele>-23.008</ele><time>2018-09-07T06:15:19Z</time></trkpt><trkpt lat="21.098640" lon="105.867760"><ele>-22.525</ele><time>2018-09-07T06:15:20Z</time></trkpt><trkpt lat="21.098550" lon="105.867724"><ele>-22.381</ele><time>2018-09-07T06:15:21Z</time></trkpt><trkpt lat="21.098461" lon="105.867690"><ele>-22.326</ele><time>2018-09-07T06:15:22Z</time></trkpt><trkpt lat="21.098370" lon="105.867655"><ele>-21.821</ele><time>2018-09-07T06:15:23Z</time></trkpt><trkpt lat="21.098284" lon="105.867626"><ele>-21.527</ele><time>2018-09-07T06:15:24Z</time></trkpt><trkpt lat="21.098197" lon="105.867595"><ele>-21.373</ele><time>2018-09-07T06:15:25Z</time></trkpt><trkpt lat="21.098110" lon="105.867567"><ele>-21.192</ele><time>2018-09-07T06:15:26Z</time></trkpt><trkpt lat="21.098026" lon="105.867539"><ele>-21.095</ele><time>2018-09-07T06:15:27Z</time></trkpt><trkpt lat="21.097947" lon="105.867514"><ele>-20.693</ele><time>2018-09-07T06:15:28Z</time></trkpt><trkpt lat="21.097866" lon="105.867488"><ele>-20.365</ele><time>2018-09-07T06:15:29Z</time></trkpt><trkpt lat="21.097790" lon="105.867463"><ele>-20.121</ele><time>2018-09-07T06:15:30Z</time></trkpt><trkpt lat="21.097717" lon="105.867440"><ele>-20.008</ele><time>2018-09-07T06:15:31Z</time></trkpt><trkpt lat="21.097648" lon="105.867419"><ele>-20.041</ele><time>2018-09-07T06:15:32Z</time></trkpt><trkpt lat="21.097578" lon="105.867402"><ele>-20.017</ele><time>2018-09-07T06:15:33Z</time></trkpt><trkpt lat="21.097508" lon="105.867380"><ele>-20.052</ele><time>2018-09-07T06:15:34Z</time></trkpt><trkpt lat="21.097433" lon="105.867351"><ele>-20.047</ele><time>2018-09-07T06:15:35Z</time></trkpt><trkpt lat="21.097351" lon="105.867329"><ele>-20.013</ele><time>2018-09-07T06:15:36Z</time></trkpt><trkpt lat="21.097272" lon="105.867309"><ele>-20.099</ele><time>2018-09-07T06:15:37Z</time></trkpt><trkpt lat="21.097198" lon="105.867288"><ele>-20.028</ele><time>2018-09-07T06:15:38Z</time></trkpt><trkpt lat="21.097128" lon="105.867269"><ele>-20.021</ele><time>2018-09-07T06:15:39Z</time></trkpt><trkpt lat="21.097061" lon="105.867245"><ele>-20.032</ele><time>2018-09-07T06:15:40Z</time></trkpt><trkpt lat="21.096992" lon="105.867230"><ele>-20.092</ele><time>2018-09-07T06:15:41Z</time></trkpt><trkpt lat="21.096910" lon="105.867205"><ele>-20.311</ele><time>2018-09-07T06:15:42Z</time></trkpt><trkpt lat="21.096827" lon="105.867189"><ele>-21.008</ele><time>2018-09-07T06:15:43Z</time></trkpt><trkpt lat="21.096752" lon="105.867175"><ele>-21.395</ele><time>2018-09-07T06:15:44Z</time></trkpt><trkpt lat="21.096683" lon="105.867165"><ele>-22.081</ele><time>2018-09-07T06:15:45Z</time></trkpt><trkpt lat="21.096618" lon="105.867145"><ele>-22.856</ele><time>2018-09-07T06:15:46Z</time></trkpt><trkpt lat="21.096555" lon="105.867117"><ele>-23.361</ele><time>2018-09-07T06:15:47Z</time></trkpt><trkpt lat="21.096489" lon="105.867091"><ele>-24.057</ele><time>2018-09-07T06:15:48Z</time></trkpt><trkpt lat="21.096418" lon="105.867068"><ele>-24.373</ele><time>2018-09-07T06:15:49Z</time></trkpt><trkpt lat="21.096343" lon="105.867049"><ele>-24.512</ele><time>2018-09-07T06:15:50Z</time></trkpt><trkpt lat="21.096272" lon="105.867035"><ele>-24.655</ele><time>2018-09-07T06:15:51Z</time></trkpt><trkpt lat="21.096207" lon="105.867016"><ele>-25.193</ele><time>2018-09-07T06:15:52Z</time></trkpt><trkpt lat="21.096159" lon="105.867002"><ele>-25.565</ele><time>2018-09-07T06:15:53Z</time></trkpt><trkpt lat="21.096103" lon="105.866991"><ele>-26.021</ele><time>2018-09-07T06:15:54Z</time></trkpt><trkpt lat="21.096051" lon="105.866972"><ele>-26.308</ele><time>2018-09-07T06:15:55Z</time></trkpt><trkpt lat="21.095994" lon="105.866959"><ele>-26.511</ele><time>2018-09-07T06:15:56Z</time></trkpt><trkpt lat="21.095927" lon="105.866942"><ele>-26.637</ele><time>2018-09-07T06:15:57Z</time></trkpt><trkpt lat="21.095852" lon="105.866913"><ele>-26.782</ele><time>2018-09-07T06:15:58Z</time></trkpt><trkpt lat="21.095769" lon="105.866889"><ele>-26.787</ele><time>2018-09-07T06:15:59Z</time></trkpt><trkpt lat="21.095673" lon="105.866862"><ele>-26.353</ele><time>2018-09-07T06:16:00Z</time></trkpt><trkpt lat="21.095587" lon="105.866835"><ele>-26.159</ele><time>2018-09-07T06:16:01Z</time></trkpt><trkpt lat="21.095506" lon="105.866814"><ele>-26.078</ele><time>2018-09-07T06:16:02Z</time></trkpt><trkpt lat="21.095430" lon="105.866793"><ele>-25.961</ele><time>2018-09-07T06:16:03Z</time></trkpt><trkpt lat="21.095355" lon="105.866772"><ele>-26.351</ele><time>2018-09-07T06:16:04Z</time></trkpt><trkpt lat="21.095277" lon="105.866756"><ele>-26.501</ele><time>2018-09-07T06:16:05Z</time></trkpt><trkpt lat="21.095202" lon="105.866740"><ele>-26.611</ele><time>2018-09-07T06:16:06Z</time></trkpt><trkpt lat="21.095132" lon="105.866725"><ele>-27.108</ele><time>2018-09-07T06:16:07Z</time></trkpt><trkpt lat="21.095055" lon="105.866715"><ele>-27.467</ele><time>2018-09-07T06:16:08Z</time></trkpt><trkpt lat="21.094977" lon="105.866700"><ele>-27.643</ele><time>2018-09-07T06:16:09Z</time></trkpt><trkpt lat="21.094895" lon="105.866686"><ele>-27.738</ele><time>2018-09-07T06:16:10Z</time></trkpt><trkpt lat="21.094816" lon="105.866667"><ele>-27.863</ele><time>2018-09-07T06:16:11Z</time></trkpt><trkpt lat="21.094734" lon="105.866653"><ele>-27.839</ele><time>2018-09-07T06:16:12Z</time></trkpt><trkpt lat="21.094641" lon="105.866642"><ele>-27.845</ele><time>2018-09-07T06:16:13Z</time></trkpt><trkpt lat="21.094558" lon="105.866632"><ele>-27.884</ele><time>2018-09-07T06:16:14Z</time></trkpt><trkpt lat="21.094473" lon="105.866632"><ele>-27.817</ele><time>2018-09-07T06:16:15Z</time></trkpt><trkpt lat="21.094387" lon="105.866637"><ele>-27.834</ele><time>2018-09-07T06:16:16Z</time></trkpt><trkpt lat="21.094296" lon="105.866648"><ele>-28.255</ele><time>2018-09-07T06:16:17Z</time></trkpt><trkpt lat="21.094209" lon="105.866659"><ele>-28.010</ele><time>2018-09-07T06:16:18Z</time></trkpt><trkpt lat="21.094120" lon="105.866674"><ele>-27.908</ele><time>2018-09-07T06:16:19Z</time></trkpt><trkpt lat="21.094044" lon="105.866688"><ele>-27.865</ele><time>2018-09-07T06:16:20Z</time></trkpt><trkpt lat="21.093965" lon="105.866700"><ele>-27.851</ele><time>2018-09-07T06:16:21Z</time></trkpt><trkpt lat="21.093888" lon="105.866716"><ele>-27.886</ele><time>2018-09-07T06:16:22Z</time></trkpt><trkpt lat="21.093810" lon="105.866732"><ele>-27.821</ele><time>2018-09-07T06:16:23Z</time></trkpt><trkpt lat="21.093733" lon="105.866741"><ele>-27.847</ele><time>2018-09-07T06:16:24Z</time></trkpt><trkpt lat="21.093656" lon="105.866749"><ele>-27.823</ele><time>2018-09-07T06:16:25Z</time></trkpt><trkpt lat="21.093575" lon="105.866755"><ele>-27.832</ele><time>2018-09-07T06:16:26Z</time></trkpt><trkpt lat="21.093496" lon="105.866760"><ele>-27.885</ele><time>2018-09-07T06:16:27Z</time></trkpt><trkpt lat="21.093427" lon="105.866756"><ele>-28.223</ele><time>2018-09-07T06:16:28Z</time></trkpt><trkpt lat="21.093362" lon="105.866762"><ele>-28.483</ele><time>2018-09-07T06:16:29Z</time></trkpt><trkpt lat="21.093300" lon="105.866772"><ele>-28.511</ele><time>2018-09-07T06:16:30Z</time></trkpt><trkpt lat="21.093235" lon="105.866795"><ele>-28.608</ele><time>2018-09-07T06:16:31Z</time></trkpt><trkpt lat="21.093168" lon="105.866824"><ele>-28.314</ele><time>2018-09-07T06:16:32Z</time></trkpt><trkpt lat="21.093093" lon="105.866867"><ele>-28.110</ele><time>2018-09-07T06:16:33Z</time></trkpt><trkpt lat="21.093023" lon="105.866915"><ele>-28.085</ele><time>2018-09-07T06:16:34Z</time></trkpt><trkpt lat="21.092957" lon="105.866960"><ele>-27.560</ele><time>2018-09-07T06:16:35Z</time></trkpt><trkpt lat="21.092889" lon="105.867009"><ele>-27.286</ele><time>2018-09-07T06:16:36Z</time></trkpt><trkpt lat="21.092819" lon="105.867051"><ele>-27.022</ele><time>2018-09-07T06:16:37Z</time></trkpt><trkpt lat="21.092750" lon="105.867097"><ele>-26.941</ele><time>2018-09-07T06:16:38Z</time></trkpt><trkpt lat="21.092671" lon="105.867145"><ele>-26.494</ele><time>2018-09-07T06:16:39Z</time></trkpt><trkpt lat="21.092588" lon="105.867197"><ele>-25.798</ele><time>2018-09-07T06:16:40Z</time></trkpt><trkpt lat="21.092502" lon="105.867252"><ele>-25.315</ele><time>2018-09-07T06:16:41Z</time></trkpt><trkpt lat="21.092418" lon="105.867305"><ele>-24.826</ele><time>2018-09-07T06:16:42Z</time></trkpt><trkpt lat="21.092340" lon="105.867354"><ele>-24.308</ele><time>2018-09-07T06:16:43Z</time></trkpt><trkpt lat="21.092261" lon="105.867403"><ele>-24.181</ele><time>2018-09-07T06:16:44Z</time></trkpt><trkpt lat="21.092181" lon="105.867458"><ele>-23.677</ele><time>2018-09-07T06:16:45Z</time></trkpt><trkpt lat="21.092102" lon="105.867513"><ele>-23.382</ele><time>2018-09-07T06:16:46Z</time></trkpt><trkpt lat="21.092022" lon="105.867562"><ele>-23.127</ele><time>2018-09-07T06:16:47Z</time></trkpt><trkpt lat="21.091945" lon="105.867610"><ele>-22.643</ele><time>2018-09-07T06:16:48Z</time></trkpt><trkpt lat="21.091876" lon="105.867653"><ele>-22.369</ele><time>2018-09-07T06:16:49Z</time></trkpt><trkpt lat="21.091803" lon="105.867696"><ele>-22.138</ele><time>2018-09-07T06:16:50Z</time></trkpt><trkpt lat="21.091736" lon="105.867736"><ele>-21.641</ele><time>2018-09-07T06:16:51Z</time></trkpt><trkpt lat="21.091666" lon="105.867780"><ele>-21.349</ele><time>2018-09-07T06:16:52Z</time></trkpt><trkpt lat="21.091591" lon="105.867819"><ele>-21.102</ele><time>2018-09-07T06:16:53Z</time></trkpt><trkpt lat="21.091517" lon="105.867866"><ele>-21.022</ele><time>2018-09-07T06:16:54Z</time></trkpt><trkpt lat="21.091442" lon="105.867908"><ele>-21.008</ele><time>2018-09-07T06:16:55Z</time></trkpt><trkpt lat="21.091368" lon="105.867950"><ele>-21.096</ele><time>2018-09-07T06:16:56Z</time></trkpt><trkpt lat="21.091293" lon="105.867994"><ele>-21.022</ele><time>2018-09-07T06:16:57Z</time></trkpt><trkpt lat="21.091218" lon="105.868038"><ele>-20.517</ele><time>2018-09-07T06:16:58Z</time></trkpt><trkpt lat="21.091138" lon="105.868083"><ele>-20.342</ele><time>2018-09-07T06:16:59Z</time></trkpt><trkpt lat="21.091058" lon="105.868128"><ele>-20.338</ele><time>2018-09-07T06:17:00Z</time></trkpt><trkpt lat="21.090970" lon="105.868177"><ele>-20.174</ele><time>2018-09-07T06:17:01Z</time></trkpt><trkpt lat="21.090886" lon="105.868230"><ele>-20.043</ele><time>2018-09-07T06:17:02Z</time></trkpt><trkpt lat="21.090804" lon="105.868276"><ele>-19.626</ele><time>2018-09-07T06:17:03Z</time></trkpt><trkpt lat="21.090721" lon="105.868322"><ele>-19.322</ele><time>2018-09-07T06:17:04Z</time></trkpt><trkpt lat="21.090641" lon="105.868370"><ele>-19.162</ele><time>2018-09-07T06:17:05Z</time></trkpt><trkpt lat="21.090563" lon="105.868416"><ele>-19.008</ele><time>2018-09-07T06:17:06Z</time></trkpt><trkpt lat="21.090479" lon="105.868456"><ele>-19.008</ele><time>2018-09-07T06:17:07Z</time></trkpt><trkpt lat="21.090398" lon="105.868491"><ele>-19.374</ele><time>2018-09-07T06:17:08Z</time></trkpt><trkpt lat="21.090316" lon="105.868538"><ele>-19.580</ele><time>2018-09-07T06:17:09Z</time></trkpt><trkpt lat="21.090237" lon="105.868586"><ele>-19.675</ele><time>2018-09-07T06:17:10Z</time></trkpt><trkpt lat="21.090156" lon="105.868631"><ele>-20.170</ele><time>2018-09-07T06:17:11Z</time></trkpt><trkpt lat="21.090081" lon="105.868675"><ele>-20.526</ele><time>2018-09-07T06:17:12Z</time></trkpt><trkpt lat="21.090007" lon="105.868720"><ele>-21.012</ele><time>2018-09-07T06:17:13Z</time></trkpt><trkpt lat="21.089931" lon="105.868766"><ele>-21.091</ele><time>2018-09-07T06:17:14Z</time></trkpt><trkpt lat="21.089854" lon="105.868815"><ele>-21.084</ele><time>2018-09-07T06:17:15Z</time></trkpt><trkpt lat="21.089776" lon="105.868864"><ele>-21.026</ele><time>2018-09-07T06:17:16Z</time></trkpt><trkpt lat="21.089697" lon="105.868911"><ele>-21.047</ele><time>2018-09-07T06:17:17Z</time></trkpt><trkpt lat="21.089622" lon="105.868954"><ele>-21.011</ele><time>2018-09-07T06:17:18Z</time></trkpt><trkpt lat="21.089550" lon="105.868994"><ele>-21.008</ele><time>2018-09-07T06:17:19Z</time></trkpt><trkpt lat="21.089476" lon="105.869038"><ele>-21.034</ele><time>2018-09-07T06:17:20Z</time></trkpt><trkpt lat="21.089398" lon="105.869085"><ele>-21.010</ele><time>2018-09-07T06:17:21Z</time></trkpt><trkpt lat="21.089317" lon="105.869132"><ele>-21.035</ele><time>2018-09-07T06:17:22Z</time></trkpt><trkpt lat="21.089235" lon="105.869176"><ele>-21.040</ele><time>2018-09-07T06:17:23Z</time></trkpt><trkpt lat="21.089158" lon="105.869225"><ele>-21.036</ele><time>2018-09-07T06:17:24Z</time></trkpt><trkpt lat="21.089082" lon="105.869276"><ele>-21.072</ele><time>2018-09-07T06:17:25Z</time></trkpt><trkpt lat="21.089005" lon="105.869330"><ele>-20.571</ele><time>2018-09-07T06:17:26Z</time></trkpt><trkpt lat="21.088926" lon="105.869378"><ele>-20.884</ele><time>2018-09-07T06:17:27Z</time></trkpt><trkpt lat="21.088856" lon="105.869422"><ele>-20.838</ele><time>2018-09-07T06:17:28Z</time></trkpt><trkpt lat="21.088787" lon="105.869464"><ele>-20.570</ele><time>2018-09-07T06:17:29Z</time></trkpt><trkpt lat="21.088723" lon="105.869506"><ele>-20.817</ele><time>2018-09-07T06:17:30Z</time></trkpt><trkpt lat="21.088655" lon="105.869552"><ele>-20.808</ele><time>2018-09-07T06:17:31Z</time></trkpt><trkpt lat="21.088584" lon="105.869601"><ele>-20.535</ele><time>2018-09-07T06:17:32Z</time></trkpt><trkpt lat="21.088508" lon="105.869645"><ele>-20.341</ele><time>2018-09-07T06:17:33Z</time></trkpt><trkpt lat="21.088428" lon="105.869698"><ele>-20.356</ele><time>2018-09-07T06:17:34Z</time></trkpt><trkpt lat="21.088356" lon="105.869748"><ele>-20.141</ele><time>2018-09-07T06:17:35Z</time></trkpt><trkpt lat="21.088282" lon="105.869800"><ele>-20.127</ele><time>2018-09-07T06:17:36Z</time></trkpt><trkpt lat="21.088208" lon="105.869856"><ele>-20.143</ele><time>2018-09-07T06:17:37Z</time></trkpt><trkpt lat="21.088132" lon="105.869909"><ele>-20.132</ele><time>2018-09-07T06:17:38Z</time></trkpt><trkpt lat="21.088056" lon="105.869959"><ele>-19.885</ele><time>2018-09-07T06:17:39Z</time></trkpt><trkpt lat="21.087981" lon="105.870008"><ele>-19.573</ele><time>2018-09-07T06:17:40Z</time></trkpt><trkpt lat="21.087900" lon="105.870059"><ele>-19.585</ele><time>2018-09-07T06:17:41Z</time></trkpt><trkpt lat="21.087817" lon="105.870108"><ele>-19.813</ele><time>2018-09-07T06:17:42Z</time></trkpt><trkpt lat="21.087736" lon="105.870158"><ele>-19.508</ele><time>2018-09-07T06:17:43Z</time></trkpt><trkpt lat="21.087653" lon="105.870207"><ele>-19.569</ele><time>2018-09-07T06:17:44Z</time></trkpt><trkpt lat="21.087576" lon="105.870254"><ele>-19.895</ele><time>2018-09-07T06:17:45Z</time></trkpt><trkpt lat="21.087500" lon="105.870297"><ele>-20.070</ele><time>2018-09-07T06:17:46Z</time></trkpt><trkpt lat="21.087427" lon="105.870344"><ele>-20.075</ele><time>2018-09-07T06:17:47Z</time></trkpt><trkpt lat="21.087358" lon="105.870390"><ele>-20.171</ele><time>2018-09-07T06:17:48Z</time></trkpt><trkpt lat="21.087290" lon="105.870436"><ele>-20.157</ele><time>2018-09-07T06:17:49Z</time></trkpt><trkpt lat="21.087221" lon="105.870485"><ele>-19.876</ele><time>2018-09-07T06:17:50Z</time></trkpt><trkpt lat="21.087144" lon="105.870536"><ele>-19.549</ele><time>2018-09-07T06:17:51Z</time></trkpt><trkpt lat="21.087068" lon="105.870582"><ele>-19.567</ele><time>2018-09-07T06:17:52Z</time></trkpt><trkpt lat="21.086987" lon="105.870633"><ele>-19.381</ele><time>2018-09-07T06:17:53Z</time></trkpt><trkpt lat="21.086913" lon="105.870690"><ele>-19.019</ele><time>2018-09-07T06:17:54Z</time></trkpt><trkpt lat="21.086840" lon="105.870747"><ele>-18.608</ele><time>2018-09-07T06:17:55Z</time></trkpt><trkpt lat="21.086769" lon="105.870799"><ele>-18.568</ele><time>2018-09-07T06:17:56Z</time></trkpt><trkpt lat="21.086707" lon="105.870844"><ele>-18.074</ele><time>2018-09-07T06:17:57Z</time></trkpt><trkpt lat="21.086654" lon="105.870883"><ele>-17.619</ele><time>2018-09-07T06:17:58Z</time></trkpt><trkpt lat="21.086596" lon="105.870928"><ele>-17.534</ele><time>2018-09-07T06:17:59Z</time></trkpt><trkpt lat="21.086545" lon="105.870977"><ele>-17.350</ele><time>2018-09-07T06:18:00Z</time></trkpt><trkpt lat="21.086500" lon="105.871023"><ele>-17.236</ele><time>2018-09-07T06:18:01Z</time></trkpt><trkpt lat="21.086462" lon="105.871064"><ele>-17.695</ele><time>2018-09-07T06:18:02Z</time></trkpt><trkpt lat="21.086416" lon="105.871102"><ele>-17.848</ele><time>2018-09-07T06:18:03Z</time></trkpt><trkpt lat="21.086374" lon="105.871131"><ele>-18.334</ele><time>2018-09-07T06:18:04Z</time></trkpt><trkpt lat="21.086327" lon="105.871178"><ele>-19.055</ele><time>2018-09-07T06:18:05Z</time></trkpt><trkpt lat="21.086276" lon="105.871228"><ele>-19.510</ele><time>2018-09-07T06:18:06Z</time></trkpt><trkpt lat="21.086224" lon="105.871273"><ele>-19.808</ele><time>2018-09-07T06:18:07Z</time></trkpt><trkpt lat="21.086171" lon="105.871317"><ele>-20.325</ele><time>2018-09-07T06:18:08Z</time></trkpt><trkpt lat="21.086115" lon="105.871357"><ele>-20.641</ele><time>2018-09-07T06:18:09Z</time></trkpt><trkpt lat="21.086068" lon="105.871396"><ele>-21.336</ele><time>2018-09-07T06:18:10Z</time></trkpt><trkpt lat="21.086016" lon="105.871435"><ele>-21.681</ele><time>2018-09-07T06:18:11Z</time></trkpt><trkpt lat="21.085963" lon="105.871473"><ele>-21.817</ele><time>2018-09-07T06:18:12Z</time></trkpt><trkpt lat="21.085904" lon="105.871516"><ele>-22.073</ele><time>2018-09-07T06:18:13Z</time></trkpt><trkpt lat="21.085836" lon="105.871567"><ele>-22.042</ele><time>2018-09-07T06:18:14Z</time></trkpt><trkpt lat="21.085769" lon="105.871621"><ele>-22.015</ele><time>2018-09-07T06:18:15Z</time></trkpt><trkpt lat="21.085696" lon="105.871674"><ele>-22.039</ele><time>2018-09-07T06:18:16Z</time></trkpt><trkpt lat="21.085622" lon="105.871725"><ele>-22.501</ele><time>2018-09-07T06:18:17Z</time></trkpt><trkpt lat="21.085549" lon="105.871774"><ele>-22.821</ele><time>2018-09-07T06:18:18Z</time></trkpt><trkpt lat="21.085482" lon="105.871820"><ele>-23.008</ele><time>2018-09-07T06:18:19Z</time></trkpt><trkpt lat="21.085409" lon="105.871865"><ele>-23.065</ele><time>2018-09-07T06:18:20Z</time></trkpt><trkpt lat="21.085340" lon="105.871908"><ele>-23.171</ele><time>2018-09-07T06:18:21Z</time></trkpt><trkpt lat="21.085269" lon="105.871947"><ele>-23.166</ele><time>2018-09-07T06:18:22Z</time></trkpt><trkpt lat="21.085209" lon="105.871979"><ele>-23.141</ele><time>2018-09-07T06:18:23Z</time></trkpt><trkpt lat="21.085155" lon="105.872009"><ele>-23.117</ele><time>2018-09-07T06:18:24Z</time></trkpt><trkpt lat="21.085098" lon="105.872039"><ele>-23.573</ele><time>2018-09-07T06:18:25Z</time></trkpt><trkpt lat="21.085036" lon="105.872068"><ele>-23.852</ele><time>2018-09-07T06:18:26Z</time></trkpt><trkpt lat="21.084974" lon="105.872101"><ele>-23.875</ele><time>2018-09-07T06:18:27Z</time></trkpt><trkpt lat="21.084913" lon="105.872136"><ele>-24.089</ele><time>2018-09-07T06:18:28Z</time></trkpt><trkpt lat="21.084848" lon="105.872168"><ele>-23.606</ele><time>2018-09-07T06:18:29Z</time></trkpt><trkpt lat="21.084793" lon="105.872199"><ele>-23.526</ele><time>2018-09-07T06:18:30Z</time></trkpt><trkpt lat="21.084746" lon="105.872225"><ele>-23.308</ele><time>2018-09-07T06:18:31Z</time></trkpt><trkpt lat="21.084702" lon="105.872249"><ele>-23.370</ele><time>2018-09-07T06:18:32Z</time></trkpt><trkpt lat="21.084655" lon="105.872281"><ele>-23.326</ele><time>2018-09-07T06:18:33Z</time></trkpt><trkpt lat="21.084605" lon="105.872309"><ele>-23.341</ele><time>2018-09-07T06:18:34Z</time></trkpt><trkpt lat="21.084556" lon="105.872340"><ele>-23.316</ele><time>2018-09-07T06:18:35Z</time></trkpt><trkpt lat="21.084499" lon="105.872362"><ele>-23.682</ele><time>2018-09-07T06:18:36Z</time></trkpt><trkpt lat="21.084436" lon="105.872384"><ele>-23.818</ele><time>2018-09-07T06:18:37Z</time></trkpt><trkpt lat="21.084370" lon="105.872408"><ele>-24.337</ele><time>2018-09-07T06:18:38Z</time></trkpt><trkpt lat="21.084292" lon="105.872425"><ele>-25.080</ele><time>2018-09-07T06:18:39Z</time></trkpt><trkpt lat="21.084210" lon="105.872447"><ele>-25.823</ele><time>2018-09-07T06:18:40Z</time></trkpt><trkpt lat="21.084133" lon="105.872486"><ele>-26.783</ele><time>2018-09-07T06:18:41Z</time></trkpt><trkpt lat="21.084055" lon="105.872517"><ele>-27.211</ele><time>2018-09-07T06:18:42Z</time></trkpt><trkpt lat="21.083983" lon="105.872548"><ele>-27.908</ele><time>2018-09-07T06:18:43Z</time></trkpt><trkpt lat="21.083918" lon="105.872572"><ele>-28.734</ele><time>2018-09-07T06:18:44Z</time></trkpt><trkpt lat="21.083850" lon="105.872601"><ele>-29.680</ele><time>2018-09-07T06:18:45Z</time></trkpt><trkpt lat="21.083783" lon="105.872615"><ele>-30.195</ele><time>2018-09-07T06:18:46Z</time></trkpt><trkpt lat="21.083715" lon="105.872631"><ele>-30.850</ele><time>2018-09-07T06:18:47Z</time></trkpt><trkpt lat="21.083652" lon="105.872632"><ele>-31.286</ele><time>2018-09-07T06:18:48Z</time></trkpt><trkpt lat="21.083591" lon="105.872625"><ele>-31.582</ele><time>2018-09-07T06:18:49Z</time></trkpt><trkpt lat="21.083525" lon="105.872622"><ele>-31.781</ele><time>2018-09-07T06:18:50Z</time></trkpt><trkpt lat="21.083457" lon="105.872621"><ele>-31.854</ele><time>2018-09-07T06:18:51Z</time></trkpt><trkpt lat="21.083406" lon="105.872601"><ele>-31.922</ele><time>2018-09-07T06:18:52Z</time></trkpt><trkpt lat="21.083357" lon="105.872577"><ele>-31.962</ele><time>2018-09-07T06:18:53Z</time></trkpt><trkpt lat="21.083302" lon="105.872558"><ele>-31.908</ele><time>2018-09-07T06:18:54Z</time></trkpt><trkpt lat="21.083244" lon="105.872550"><ele>-31.908</ele><time>2018-09-07T06:18:55Z</time></trkpt><trkpt lat="21.083178" lon="105.872554"><ele>-31.944</ele><time>2018-09-07T06:18:56Z</time></trkpt><trkpt lat="21.083103" lon="105.872561"><ele>-31.930</ele><time>2018-09-07T06:18:57Z</time></trkpt><trkpt lat="21.083033" lon="105.872571"><ele>-31.535</ele><time>2018-09-07T06:18:58Z</time></trkpt><trkpt lat="21.082949" lon="105.872595"><ele>-30.930</ele><time>2018-09-07T06:18:59Z</time></trkpt><trkpt lat="21.082864" lon="105.872623"><ele>-30.556</ele><time>2018-09-07T06:19:00Z</time></trkpt><trkpt lat="21.082787" lon="105.872650"><ele>-30.312</ele><time>2018-09-07T06:19:01Z</time></trkpt><trkpt lat="21.082711" lon="105.872672"><ele>-30.281</ele><time>2018-09-07T06:19:02Z</time></trkpt><trkpt lat="21.082642" lon="105.872699"><ele>-30.134</ele><time>2018-09-07T06:19:03Z</time></trkpt><trkpt lat="21.082575" lon="105.872724"><ele>-30.182</ele><time>2018-09-07T06:19:04Z</time></trkpt><trkpt lat="21.082509" lon="105.872751"><ele>-30.143</ele><time>2018-09-07T06:19:05Z</time></trkpt><trkpt lat="21.082443" lon="105.872781"><ele>-30.117</ele><time>2018-09-07T06:19:06Z</time></trkpt><trkpt lat="21.082376" lon="105.872805"><ele>-30.108</ele><time>2018-09-07T06:19:07Z</time></trkpt><trkpt lat="21.082308" lon="105.872825"><ele>-29.780</ele><time>2018-09-07T06:19:08Z</time></trkpt><trkpt lat="21.082243" lon="105.872854"><ele>-29.596</ele><time>2018-09-07T06:19:09Z</time></trkpt><trkpt lat="21.082175" lon="105.872893"><ele>-29.051</ele><time>2018-09-07T06:19:10Z</time></trkpt><trkpt lat="21.082101" lon="105.872927"><ele>-28.766</ele><time>2018-09-07T06:19:11Z</time></trkpt><trkpt lat="21.082029" lon="105.872961"><ele>-28.542</ele><time>2018-09-07T06:19:12Z</time></trkpt><trkpt lat="21.081959" lon="105.872986"><ele>-28.468</ele><time>2018-09-07T06:19:13Z</time></trkpt><trkpt lat="21.081899" lon="105.873009"><ele>-28.337</ele><time>2018-09-07T06:19:14Z</time></trkpt><trkpt lat="21.081838" lon="105.873036"><ele>-28.360</ele><time>2018-09-07T06:19:15Z</time></trkpt><trkpt lat="21.081775" lon="105.873064"><ele>-28.314</ele><time>2018-09-07T06:19:16Z</time></trkpt><trkpt lat="21.081698" lon="105.873094"><ele>-28.754</ele><time>2018-09-07T06:19:17Z</time></trkpt><trkpt lat="21.081613" lon="105.873129"><ele>-28.909</ele><time>2018-09-07T06:19:18Z</time></trkpt><trkpt lat="21.081522" lon="105.873154"><ele>-29.008</ele><time>2018-09-07T06:19:19Z</time></trkpt><trkpt lat="21.081442" lon="105.873187"><ele>-29.183</ele><time>2018-09-07T06:19:20Z</time></trkpt><trkpt lat="21.081365" lon="105.873218"><ele>-29.149</ele><time>2018-09-07T06:19:21Z</time></trkpt><trkpt lat="21.081276" lon="105.873254"><ele>-29.114</ele><time>2018-09-07T06:19:22Z</time></trkpt><trkpt lat="21.081182" lon="105.873292"><ele>-29.199</ele><time>2018-09-07T06:19:23Z</time></trkpt><trkpt lat="21.081105" lon="105.873324"><ele>-29.165</ele><time>2018-09-07T06:19:24Z</time></trkpt><trkpt lat="21.081025" lon="105.873354"><ele>-28.381</ele><time>2018-09-07T06:19:25Z</time></trkpt><trkpt lat="21.080950" lon="105.873380"><ele>-28.260</ele><time>2018-09-07T06:19:26Z</time></trkpt><trkpt lat="21.080876" lon="105.873409"><ele>-28.293</ele><time>2018-09-07T06:19:27Z</time></trkpt><trkpt lat="21.080798" lon="105.873435"><ele>-28.691</ele><time>2018-09-07T06:19:28Z</time></trkpt><trkpt lat="21.080715" lon="105.873461"><ele>-28.881</ele><time>2018-09-07T06:19:29Z</time></trkpt><trkpt lat="21.080632" lon="105.873491"><ele>-29.319</ele><time>2018-09-07T06:19:30Z</time></trkpt><trkpt lat="21.080560" lon="105.873521"><ele>-29.608</ele><time>2018-09-07T06:19:31Z</time></trkpt><trkpt lat="21.080484" lon="105.873551"><ele>-29.811</ele><time>2018-09-07T06:19:32Z</time></trkpt><trkpt lat="21.080403" lon="105.873584"><ele>-29.977</ele><time>2018-09-07T06:19:33Z</time></trkpt><trkpt lat="21.080324" lon="105.873617"><ele>-30.042</ele><time>2018-09-07T06:19:34Z</time></trkpt><trkpt lat="21.080257" lon="105.873648"><ele>-30.017</ele><time>2018-09-07T06:19:35Z</time></trkpt><trkpt lat="21.080194" lon="105.873688"><ele>-30.083</ele><time>2018-09-07T06:19:36Z</time></trkpt><trkpt lat="21.080135" lon="105.873732"><ele>-29.679</ele><time>2018-09-07T06:19:37Z</time></trkpt><trkpt lat="21.080081" lon="105.873771"><ele>-29.018</ele><time>2018-09-07T06:19:38Z</time></trkpt><trkpt lat="21.080034" lon="105.873799"><ele>-28.671</ele><time>2018-09-07T06:19:39Z</time></trkpt><trkpt lat="21.079979" lon="105.873835"><ele>-28.495</ele><time>2018-09-07T06:19:40Z</time></trkpt><trkpt lat="21.079920" lon="105.873870"><ele>-28.349</ele><time>2018-09-07T06:19:41Z</time></trkpt><trkpt lat="21.079848" lon="105.873917"><ele>-27.823</ele><time>2018-09-07T06:19:42Z</time></trkpt><trkpt lat="21.079778" lon="105.873951"><ele>-27.108</ele><time>2018-09-07T06:19:43Z</time></trkpt><trkpt lat="21.079703" lon="105.873980"><ele>-27.191</ele><time>2018-09-07T06:19:44Z</time></trkpt><trkpt lat="21.079631" lon="105.874019"><ele>-27.167</ele><time>2018-09-07T06:19:45Z</time></trkpt><trkpt lat="21.079554" lon="105.874061"><ele>-27.152</ele><time>2018-09-07T06:19:46Z</time></trkpt><trkpt lat="21.079476" lon="105.874095"><ele>-27.147</ele><time>2018-09-07T06:19:47Z</time></trkpt><trkpt lat="21.079396" lon="105.874132"><ele>-27.193</ele><time>2018-09-07T06:19:48Z</time></trkpt><trkpt lat="21.079319" lon="105.874168"><ele>-26.789</ele><time>2018-09-07T06:19:49Z</time></trkpt><trkpt lat="21.079242" lon="105.874199"><ele>-26.938</ele><time>2018-09-07T06:19:50Z</time></trkpt><trkpt lat="21.079165" lon="105.874230"><ele>-27.451</ele><time>2018-09-07T06:19:51Z</time></trkpt><trkpt lat="21.079084" lon="105.874261"><ele>-27.733</ele><time>2018-09-07T06:19:52Z</time></trkpt><trkpt lat="21.079008" lon="105.874295"><ele>-27.523</ele><time>2018-09-07T06:19:53Z</time></trkpt><trkpt lat="21.078929" lon="105.874324"><ele>-27.415</ele><time>2018-09-07T06:19:54Z</time></trkpt><trkpt lat="21.078863" lon="105.874348"><ele>-27.708</ele><time>2018-09-07T06:19:55Z</time></trkpt><trkpt lat="21.078801" lon="105.874374"><ele>-27.545</ele><time>2018-09-07T06:19:56Z</time></trkpt><trkpt lat="21.078745" lon="105.874400"><ele>-27.881</ele><time>2018-09-07T06:19:57Z</time></trkpt><trkpt lat="21.078691" lon="105.874418"><ele>-28.096</ele><time>2018-09-07T06:19:58Z</time></trkpt><trkpt lat="21.078633" lon="105.874443"><ele>-28.111</ele><time>2018-09-07T06:19:59Z</time></trkpt><trkpt lat="21.078575" lon="105.874466"><ele>-28.247</ele><time>2018-09-07T06:20:00Z</time></trkpt><trkpt lat="21.078510" lon="105.874487"><ele>-27.853</ele><time>2018-09-07T06:20:01Z</time></trkpt><trkpt lat="21.078435" lon="105.874513"><ele>-27.612</ele><time>2018-09-07T06:20:02Z</time></trkpt><trkpt lat="21.078356" lon="105.874536"><ele>-27.195</ele><time>2018-09-07T06:20:03Z</time></trkpt><trkpt lat="21.078278" lon="105.874561"><ele>-26.883</ele><time>2018-09-07T06:20:04Z</time></trkpt><trkpt lat="21.078194" lon="105.874585"><ele>-26.625</ele><time>2018-09-07T06:20:05Z</time></trkpt><trkpt lat="21.078108" lon="105.874613"><ele>-26.517</ele><time>2018-09-07T06:20:06Z</time></trkpt><trkpt lat="21.078022" lon="105.874643"><ele>-26.008</ele><time>2018-09-07T06:20:07Z</time></trkpt><trkpt lat="21.077934" lon="105.874672"><ele>-25.730</ele><time>2018-09-07T06:20:08Z</time></trkpt><trkpt lat="21.077844" lon="105.874704"><ele>-25.176</ele><time>2018-09-07T06:20:09Z</time></trkpt><trkpt lat="21.077751" lon="105.874738"><ele>-25.331</ele><time>2018-09-07T06:20:10Z</time></trkpt><trkpt lat="21.077662" lon="105.874767"><ele>-25.326</ele><time>2018-09-07T06:20:11Z</time></trkpt><trkpt lat="21.077571" lon="105.874805"><ele>-25.352</ele><time>2018-09-07T06:20:12Z</time></trkpt><trkpt lat="21.077474" lon="105.874845"><ele>-25.338</ele><time>2018-09-07T06:20:13Z</time></trkpt><trkpt lat="21.077380" lon="105.874886"><ele>-24.817</ele><time>2018-09-07T06:20:14Z</time></trkpt><trkpt lat="21.077291" lon="105.874921"><ele>-25.080</ele><time>2018-09-07T06:20:15Z</time></trkpt><trkpt lat="21.077206" lon="105.874947"><ele>-25.184</ele><time>2018-09-07T06:20:16Z</time></trkpt><trkpt lat="21.077121" lon="105.874981"><ele>-25.307</ele><time>2018-09-07T06:20:17Z</time></trkpt><trkpt lat="21.077039" lon="105.875014"><ele>-25.317</ele><time>2018-09-07T06:20:18Z</time></trkpt><trkpt lat="21.076956" lon="105.875052"><ele>-25.308</ele><time>2018-09-07T06:20:19Z</time></trkpt><trkpt lat="21.076881" lon="105.875086"><ele>-25.380</ele><time>2018-09-07T06:20:20Z</time></trkpt><trkpt lat="21.076807" lon="105.875118"><ele>-25.356</ele><time>2018-09-07T06:20:21Z</time></trkpt><trkpt lat="21.076733" lon="105.875153"><ele>-25.331</ele><time>2018-09-07T06:20:22Z</time></trkpt><trkpt lat="21.076656" lon="105.875189"><ele>-25.356</ele><time>2018-09-07T06:20:23Z</time></trkpt><trkpt lat="21.076574" lon="105.875226"><ele>-25.382</ele><time>2018-09-07T06:20:24Z</time></trkpt><trkpt lat="21.076493" lon="105.875267"><ele>-25.348</ele><time>2018-09-07T06:20:25Z</time></trkpt><trkpt lat="21.076412" lon="105.875308"><ele>-25.347</ele><time>2018-09-07T06:20:26Z</time></trkpt><trkpt lat="21.076328" lon="105.875351"><ele>-25.360</ele><time>2018-09-07T06:20:27Z</time></trkpt><trkpt lat="21.076245" lon="105.875394"><ele>-25.335</ele><time>2018-09-07T06:20:28Z</time></trkpt><trkpt lat="21.076163" lon="105.875434"><ele>-25.386</ele><time>2018-09-07T06:20:29Z</time></trkpt><trkpt lat="21.076079" lon="105.875471"><ele>-25.314</ele><time>2018-09-07T06:20:30Z</time></trkpt><trkpt lat="21.075997" lon="105.875510"><ele>-25.308</ele><time>2018-09-07T06:20:31Z</time></trkpt><trkpt lat="21.075911" lon="105.875546"><ele>-25.365</ele><time>2018-09-07T06:20:32Z</time></trkpt><trkpt lat="21.075823" lon="105.875585"><ele>-25.331</ele><time>2018-09-07T06:20:33Z</time></trkpt><trkpt lat="21.075741" lon="105.875620"><ele>-25.396</ele><time>2018-09-07T06:20:34Z</time></trkpt><trkpt lat="21.075660" lon="105.875657"><ele>-25.381</ele><time>2018-09-07T06:20:35Z</time></trkpt><trkpt lat="21.075584" lon="105.875693"><ele>-24.897</ele><time>2018-09-07T06:20:36Z</time></trkpt><trkpt lat="21.075509" lon="105.875723"><ele>-24.673</ele><time>2018-09-07T06:20:37Z</time></trkpt><trkpt lat="21.075435" lon="105.875752"><ele>-24.532</ele><time>2018-09-07T06:20:38Z</time></trkpt><trkpt lat="21.075357" lon="105.875778"><ele>-24.895</ele><time>2018-09-07T06:20:39Z</time></trkpt><trkpt lat="21.075285" lon="105.875805"><ele>-25.096</ele><time>2018-09-07T06:20:40Z</time></trkpt><trkpt lat="21.075208" lon="105.875838"><ele>-25.131</ele><time>2018-09-07T06:20:41Z</time></trkpt><trkpt lat="21.075130" lon="105.875866"><ele>-25.324</ele><time>2018-09-07T06:20:42Z</time></trkpt><trkpt lat="21.075055" lon="105.875887"><ele>-25.608</ele><time>2018-09-07T06:20:43Z</time></trkpt><trkpt lat="21.074981" lon="105.875910"><ele>-25.931</ele><time>2018-09-07T06:20:44Z</time></trkpt><trkpt lat="21.074911" lon="105.875932"><ele>-26.147</ele><time>2018-09-07T06:20:45Z</time></trkpt><trkpt lat="21.074842" lon="105.875959"><ele>-26.212</ele><time>2018-09-07T06:20:46Z</time></trkpt><trkpt lat="21.074772" lon="105.875987"><ele>-26.317</ele><time>2018-09-07T06:20:47Z</time></trkpt><trkpt lat="21.074707" lon="105.876018"><ele>-26.363</ele><time>2018-09-07T06:20:48Z</time></trkpt><trkpt lat="21.074648" lon="105.876043"><ele>-26.349</ele><time>2018-09-07T06:20:49Z</time></trkpt><trkpt lat="21.074594" lon="105.876059"><ele>-26.388</ele><time>2018-09-07T06:20:50Z</time></trkpt><trkpt lat="21.074545" lon="105.876079"><ele>-26.371</ele><time>2018-09-07T06:20:51Z</time></trkpt><trkpt lat="21.074490" lon="105.876095"><ele>-26.318</ele><time>2018-09-07T06:20:52Z</time></trkpt><trkpt lat="21.074443" lon="105.876098"><ele>-26.398</ele><time>2018-09-07T06:20:53Z</time></trkpt><trkpt lat="21.074397" lon="105.876086"><ele>-26.317</ele><time>2018-09-07T06:20:54Z</time></trkpt><trkpt lat="21.074349" lon="105.876045"><ele>-26.308</ele><time>2018-09-07T06:20:55Z</time></trkpt><trkpt lat="21.074314" lon="105.875985"><ele>-25.993</ele><time>2018-09-07T06:20:56Z</time></trkpt><trkpt lat="21.074280" lon="105.875935"><ele>-25.769</ele><time>2018-09-07T06:20:57Z</time></trkpt><trkpt lat="21.074269" lon="105.875870"><ele>-25.614</ele><time>2018-09-07T06:20:58Z</time></trkpt><trkpt lat="21.074266" lon="105.875796"><ele>-25.179</ele><time>2018-09-07T06:20:59Z</time></trkpt><trkpt lat="21.074289" lon="105.875734"><ele>-24.875</ele><time>2018-09-07T06:21:00Z</time></trkpt><trkpt lat="21.074319" lon="105.875676"><ele>-24.391</ele><time>2018-09-07T06:21:01Z</time></trkpt><trkpt lat="21.074368" lon="105.875613"><ele>-24.090</ele><time>2018-09-07T06:21:02Z</time></trkpt><trkpt lat="21.074419" lon="105.875550"><ele>-23.883</ele><time>2018-09-07T06:21:03Z</time></trkpt><trkpt lat="21.074481" lon="105.875493"><ele>-24.049</ele><time>2018-09-07T06:21:04Z</time></trkpt><trkpt lat="21.074544" lon="105.875438"><ele>-23.802</ele><time>2018-09-07T06:21:05Z</time></trkpt><trkpt lat="21.074615" lon="105.875390"><ele>-23.822</ele><time>2018-09-07T06:21:06Z</time></trkpt><trkpt lat="21.074687" lon="105.875335"><ele>-23.608</ele><time>2018-09-07T06:21:07Z</time></trkpt><trkpt lat="21.074756" lon="105.875282"><ele>-23.526</ele><time>2018-09-07T06:21:08Z</time></trkpt><trkpt lat="21.074820" lon="105.875223"><ele>-23.572</ele><time>2018-09-07T06:21:09Z</time></trkpt><trkpt lat="21.074895" lon="105.875169"><ele>-23.597</ele><time>2018-09-07T06:21:10Z</time></trkpt><trkpt lat="21.074966" lon="105.875116"><ele>-23.592</ele><time>2018-09-07T06:21:11Z</time></trkpt><trkpt lat="21.075039" lon="105.875067"><ele>-23.598</ele><time>2018-09-07T06:21:12Z</time></trkpt><trkpt lat="21.075116" lon="105.875026"><ele>-23.514</ele><time>2018-09-07T06:21:13Z</time></trkpt><trkpt lat="21.075190" lon="105.874983"><ele>-23.583</ele><time>2018-09-07T06:21:14Z</time></trkpt><trkpt lat="21.075263" lon="105.874941"><ele>-23.566</ele><time>2018-09-07T06:21:15Z</time></trkpt><trkpt lat="21.075330" lon="105.874893"><ele>-23.126</ele><time>2018-09-07T06:21:16Z</time></trkpt><trkpt lat="21.075403" lon="105.874847"><ele>-23.347</ele><time>2018-09-07T06:21:17Z</time></trkpt><trkpt lat="21.075471" lon="105.874800"><ele>-23.511</ele><time>2018-09-07T06:21:18Z</time></trkpt><trkpt lat="21.075541" lon="105.874753"><ele>-23.108</ele><time>2018-09-07T06:21:19Z</time></trkpt><trkpt lat="21.075617" lon="105.874712"><ele>-23.374</ele><time>2018-09-07T06:21:20Z</time></trkpt><trkpt lat="21.075692" lon="105.874672"><ele>-23.590</ele><time>2018-09-07T06:21:21Z</time></trkpt><trkpt lat="21.075767" lon="105.874630"><ele>-23.145</ele><time>2018-09-07T06:21:22Z</time></trkpt><trkpt lat="21.075839" lon="105.874592"><ele>-23.370</ele><time>2018-09-07T06:21:23Z</time></trkpt><trkpt lat="21.075914" lon="105.874552"><ele>-23.516</ele><time>2018-09-07T06:21:24Z</time></trkpt><trkpt lat="21.075994" lon="105.874517"><ele>-23.582</ele><time>2018-09-07T06:21:25Z</time></trkpt><trkpt lat="21.076072" lon="105.874478"><ele>-23.561</ele><time>2018-09-07T06:21:26Z</time></trkpt><trkpt lat="21.076153" lon="105.874435"><ele>-23.544</ele><time>2018-09-07T06:21:27Z</time></trkpt><trkpt lat="21.076231" lon="105.874393"><ele>-23.183</ele><time>2018-09-07T06:21:28Z</time></trkpt><trkpt lat="21.076313" lon="105.874356"><ele>-23.025</ele><time>2018-09-07T06:21:29Z</time></trkpt><trkpt lat="21.076393" lon="105.874313"><ele>-22.817</ele><time>2018-09-07T06:21:30Z</time></trkpt><trkpt lat="21.076475" lon="105.874274"><ele>-22.808</ele><time>2018-09-07T06:21:31Z</time></trkpt><trkpt lat="21.076558" lon="105.874232"><ele>-22.890</ele><time>2018-09-07T06:21:32Z</time></trkpt><trkpt lat="21.076643" lon="105.874190"><ele>-22.886</ele><time>2018-09-07T06:21:33Z</time></trkpt><trkpt lat="21.076728" lon="105.874144"><ele>-22.821</ele><time>2018-09-07T06:21:34Z</time></trkpt><trkpt lat="21.076811" lon="105.874096"><ele>-22.336</ele><time>2018-09-07T06:21:35Z</time></trkpt><trkpt lat="21.076896" lon="105.874049"><ele>-22.122</ele><time>2018-09-07T06:21:36Z</time></trkpt><trkpt lat="21.076975" lon="105.874005"><ele>-21.668</ele><time>2018-09-07T06:21:37Z</time></trkpt><trkpt lat="21.077059" lon="105.873966"><ele>-21.347</ele><time>2018-09-07T06:21:38Z</time></trkpt><trkpt lat="21.077135" lon="105.873925"><ele>-21.160</ele><time>2018-09-07T06:21:39Z</time></trkpt><trkpt lat="21.077202" lon="105.873879"><ele>-21.026</ele><time>2018-09-07T06:21:40Z</time></trkpt><trkpt lat="21.077267" lon="105.873831"><ele>-21.047</ele><time>2018-09-07T06:21:41Z</time></trkpt><trkpt lat="21.077328" lon="105.873774"><ele>-21.011</ele><time>2018-09-07T06:21:42Z</time></trkpt><trkpt lat="21.077385" lon="105.873713"><ele>-21.008</ele><time>2018-09-07T06:21:43Z</time></trkpt><trkpt lat="21.077435" lon="105.873643"><ele>-20.544</ele><time>2018-09-07T06:21:44Z</time></trkpt><trkpt lat="21.077476" lon="105.873569"><ele>-20.310</ele><time>2018-09-07T06:21:45Z</time></trkpt><trkpt lat="21.077515" lon="105.873496"><ele>-20.365</ele><time>2018-09-07T06:21:46Z</time></trkpt><trkpt lat="21.077546" lon="105.873423"><ele>-20.190</ele><time>2018-09-07T06:21:47Z</time></trkpt><trkpt lat="21.077574" lon="105.873360"><ele>-20.046</ele><time>2018-09-07T06:21:48Z</time></trkpt><trkpt lat="21.077604" lon="105.873300"><ele>-19.612</ele><time>2018-09-07T06:21:49Z</time></trkpt><trkpt lat="21.077645" lon="105.873244"><ele>-19.361</ele><time>2018-09-07T06:21:50Z</time></trkpt><trkpt lat="21.077696" lon="105.873201"><ele>-19.124</ele><time>2018-09-07T06:21:51Z</time></trkpt><trkpt lat="21.077753" lon="105.873180"><ele>-19.041</ele><time>2018-09-07T06:21:52Z</time></trkpt><trkpt lat="21.077808" lon="105.873179"><ele>-19.081</ele><time>2018-09-07T06:21:53Z</time></trkpt><trkpt lat="21.077863" lon="105.873202"><ele>-19.009</ele><time>2018-09-07T06:21:54Z</time></trkpt><trkpt lat="21.077906" lon="105.873243"><ele>-19.308</ele><time>2018-09-07T06:21:55Z</time></trkpt><trkpt lat="21.077941" lon="105.873295"><ele>-19.126</ele><time>2018-09-07T06:21:56Z</time></trkpt><trkpt lat="21.077954" lon="105.873353"><ele>-19.012</ele><time>2018-09-07T06:21:57Z</time></trkpt><trkpt lat="21.077955" lon="105.873418"><ele>-19.027</ele><time>2018-09-07T06:21:58Z</time></trkpt><trkpt lat="21.077941" lon="105.873485"><ele>-19.062</ele><time>2018-09-07T06:21:59Z</time></trkpt><trkpt lat="21.077906" lon="105.873545"><ele>-19.098</ele><time>2018-09-07T06:22:00Z</time></trkpt><trkpt lat="21.077861" lon="105.873597"><ele>-19.064</ele><time>2018-09-07T06:22:01Z</time></trkpt><trkpt lat="21.077800" lon="105.873639"><ele>-19.083</ele><time>2018-09-07T06:22:02Z</time></trkpt><trkpt lat="21.077733" lon="105.873681"><ele>-19.096</ele><time>2018-09-07T06:22:03Z</time></trkpt><trkpt lat="21.077663" lon="105.873722"><ele>-19.078</ele><time>2018-09-07T06:22:04Z</time></trkpt><trkpt lat="21.077592" lon="105.873764"><ele>-19.333</ele><time>2018-09-07T06:22:05Z</time></trkpt><trkpt lat="21.077521" lon="105.873807"><ele>-19.526</ele><time>2018-09-07T06:22:06Z</time></trkpt><trkpt lat="21.077448" lon="105.873850"><ele>-19.608</ele><time>2018-09-07T06:22:07Z</time></trkpt><trkpt lat="21.077372" lon="105.873898"><ele>-19.819</ele><time>2018-09-07T06:22:08Z</time></trkpt><trkpt lat="21.077293" lon="105.873943"><ele>-19.815</ele><time>2018-09-07T06:22:09Z</time></trkpt><trkpt lat="21.077217" lon="105.873985"><ele>-19.830</ele><time>2018-09-07T06:22:10Z</time></trkpt><trkpt lat="21.077141" lon="105.874025"><ele>-19.865</ele><time>2018-09-07T06:22:11Z</time></trkpt><trkpt lat="21.077064" lon="105.874067"><ele>-19.511</ele><time>2018-09-07T06:22:12Z</time></trkpt><trkpt lat="21.076985" lon="105.874103"><ele>-19.687</ele><time>2018-09-07T06:22:13Z</time></trkpt><trkpt lat="21.076903" lon="105.874147"><ele>-19.826</ele><time>2018-09-07T06:22:14Z</time></trkpt><trkpt lat="21.076822" lon="105.874193"><ele>-19.599</ele><time>2018-09-07T06:22:15Z</time></trkpt><trkpt lat="21.076736" lon="105.874237"><ele>-19.329</ele><time>2018-09-07T06:22:16Z</time></trkpt><trkpt lat="21.076651" lon="105.874283"><ele>-19.100</ele><time>2018-09-07T06:22:17Z</time></trkpt><trkpt lat="21.076566" lon="105.874326"><ele>-19.020</ele><time>2018-09-07T06:22:18Z</time></trkpt><trkpt lat="21.076484" lon="105.874373"><ele>-18.608</ele><time>2018-09-07T06:22:19Z</time></trkpt><trkpt lat="21.076400" lon="105.874424"><ele>-18.334</ele><time>2018-09-07T06:22:20Z</time></trkpt><trkpt lat="21.076316" lon="105.874470"><ele>-18.150</ele><time>2018-09-07T06:22:21Z</time></trkpt><trkpt lat="21.076235" lon="105.874513"><ele>-17.675</ele><time>2018-09-07T06:22:22Z</time></trkpt><trkpt lat="21.076154" lon="105.874553"><ele>-17.320</ele><time>2018-09-07T06:22:23Z</time></trkpt><trkpt lat="21.076077" lon="105.874593"><ele>-17.156</ele><time>2018-09-07T06:22:24Z</time></trkpt><trkpt lat="21.075997" lon="105.874638"><ele>-16.682</ele><time>2018-09-07T06:22:25Z</time></trkpt><trkpt lat="21.075916" lon="105.874680"><ele>-16.381</ele><time>2018-09-07T06:22:26Z</time></trkpt><trkpt lat="21.075838" lon="105.874722"><ele>-16.114</ele><time>2018-09-07T06:22:27Z</time></trkpt><trkpt lat="21.075763" lon="105.874768"><ele>-16.062</ele><time>2018-09-07T06:22:28Z</time></trkpt><trkpt lat="21.075681" lon="105.874812"><ele>-15.583</ele><time>2018-09-07T06:22:29Z</time></trkpt><trkpt lat="21.075606" lon="105.874864"><ele>-15.211</ele><time>2018-09-07T06:22:30Z</time></trkpt><trkpt lat="21.075528" lon="105.874909"><ele>-14.608</ele><time>2018-09-07T06:22:31Z</time></trkpt><trkpt lat="21.075449" lon="105.874965"><ele>-14.388</ele><time>2018-09-07T06:22:32Z</time></trkpt><trkpt lat="21.075368" lon="105.875019"><ele>-13.724</ele><time>2018-09-07T06:22:33Z</time></trkpt><trkpt lat="21.075286" lon="105.875068"><ele>-13.329</ele><time>2018-09-07T06:22:34Z</time></trkpt><trkpt lat="21.075204" lon="105.875116"><ele>-12.874</ele><time>2018-09-07T06:22:35Z</time></trkpt><trkpt lat="21.075130" lon="105.875171"><ele>-12.360</ele><time>2018-09-07T06:22:36Z</time></trkpt><trkpt lat="21.075061" lon="105.875226"><ele>-11.836</ele><time>2018-09-07T06:22:37Z</time></trkpt><trkpt lat="21.074994" lon="105.875273"><ele>-11.355</ele><time>2018-09-07T06:22:38Z</time></trkpt><trkpt lat="21.074926" lon="105.875318"><ele>-11.298</ele><time>2018-09-07T06:22:39Z</time></trkpt><trkpt lat="21.074860" lon="105.875362"><ele>-10.736</ele><time>2018-09-07T06:22:40Z</time></trkpt><trkpt lat="21.074795" lon="105.875409"><ele>-10.317</ele><time>2018-09-07T06:22:41Z</time></trkpt><trkpt lat="21.074733" lon="105.875460"><ele>-9.818</ele><time>2018-09-07T06:22:42Z</time></trkpt><trkpt lat="21.074673" lon="105.875508"><ele>-8.908</ele><time>2018-09-07T06:22:43Z</time></trkpt><trkpt lat="21.074609" lon="105.875555"><ele>-8.425</ele><time>2018-09-07T06:22:44Z</time></trkpt><trkpt lat="21.074547" lon="105.875602"><ele>-8.161</ele><time>2018-09-07T06:22:45Z</time></trkpt><trkpt lat="21.074481" lon="105.875645"><ele>-7.586</ele><time>2018-09-07T06:22:46Z</time></trkpt><trkpt lat="21.074415" lon="105.875690"><ele>-7.261</ele><time>2018-09-07T06:22:47Z</time></trkpt><trkpt lat="21.074351" lon="105.875734"><ele>-6.697</ele><time>2018-09-07T06:22:48Z</time></trkpt><trkpt lat="21.074284" lon="105.875783"><ele>-6.263</ele><time>2018-09-07T06:22:49Z</time></trkpt><trkpt lat="21.074218" lon="105.875830"><ele>-6.092</ele><time>2018-09-07T06:22:50Z</time></trkpt><trkpt lat="21.074152" lon="105.875877"><ele>-5.935</ele><time>2018-09-07T06:22:51Z</time></trkpt><trkpt lat="21.074085" lon="105.875920"><ele>-5.489</ele><time>2018-09-07T06:22:52Z</time></trkpt><trkpt lat="21.074016" lon="105.875966"><ele>-5.206</ele><time>2018-09-07T06:22:53Z</time></trkpt><trkpt lat="21.073945" lon="105.876016"><ele>-4.926</ele><time>2018-09-07T06:22:54Z</time></trkpt><trkpt lat="21.073872" lon="105.876065"><ele>-4.408</ele><time>2018-09-07T06:22:55Z</time></trkpt><trkpt lat="21.073797" lon="105.876114"><ele>-4.220</ele><time>2018-09-07T06:22:56Z</time></trkpt><trkpt lat="21.073723" lon="105.876167"><ele>-3.926</ele><time>2018-09-07T06:22:57Z</time></trkpt><trkpt lat="21.073650" lon="105.876219"><ele>-3.861</ele><time>2018-09-07T06:22:58Z</time></trkpt><trkpt lat="21.073575" lon="105.876273"><ele>-3.716</ele><time>2018-09-07T06:22:59Z</time></trkpt><trkpt lat="21.073504" lon="105.876323"><ele>-3.712</ele><time>2018-09-07T06:23:00Z</time></trkpt><trkpt lat="21.073461" lon="105.876351"><ele>-3.738</ele><time>2018-09-07T06:23:01Z</time></trkpt><trkpt lat="21.073412" lon="105.876382"><ele>-3.397</ele><time>2018-09-07T06:23:05Z</time></trkpt><trkpt lat="21.073330" lon="105.876436"><ele>-3.190</ele><time>2018-09-07T06:23:07Z</time></trkpt><trkpt lat="21.073284" lon="105.876472"><ele>-3.094</ele><time>2018-09-07T06:23:08Z</time></trkpt><trkpt lat="21.073236" lon="105.876507"><ele>-3.057</ele><time>2018-09-07T06:23:09Z</time></trkpt><trkpt lat="21.073183" lon="105.876547"><ele>-2.922</ele><time>2018-09-07T06:23:10Z</time></trkpt><trkpt lat="21.073133" lon="105.876588"><ele>-3.208</ele><time>2018-09-07T06:23:11Z</time></trkpt><trkpt lat="21.073074" lon="105.876624"><ele>-3.461</ele><time>2018-09-07T06:23:12Z</time></trkpt><trkpt lat="21.073019" lon="105.876670"><ele>-3.597</ele><time>2018-09-07T06:23:13Z</time></trkpt><trkpt lat="21.072959" lon="105.876714"><ele>-3.662</ele><time>2018-09-07T06:23:14Z</time></trkpt><trkpt lat="21.072893" lon="105.876764"><ele>-3.657</ele><time>2018-09-07T06:23:15Z</time></trkpt><trkpt lat="21.072819" lon="105.876814"><ele>-3.613</ele><time>2018-09-07T06:23:16Z</time></trkpt><trkpt lat="21.072743" lon="105.876868"><ele>-3.699</ele><time>2018-09-07T06:23:17Z</time></trkpt><trkpt lat="21.072671" lon="105.876921"><ele>-3.628</ele><time>2018-09-07T06:23:18Z</time></trkpt><trkpt lat="21.072594" lon="105.876971"><ele>-3.651</ele><time>2018-09-07T06:23:19Z</time></trkpt><trkpt lat="21.072520" lon="105.877025"><ele>-3.672</ele><time>2018-09-07T06:23:20Z</time></trkpt><trkpt lat="21.072445" lon="105.877075"><ele>-3.613</ele><time>2018-09-07T06:23:21Z</time></trkpt><trkpt lat="21.072374" lon="105.877130"><ele>-3.614</ele><time>2018-09-07T06:23:22Z</time></trkpt><trkpt lat="21.072304" lon="105.877181"><ele>-3.608</ele><time>2018-09-07T06:23:23Z</time></trkpt><trkpt lat="21.072240" lon="105.877233"><ele>-3.689</ele><time>2018-09-07T06:23:24Z</time></trkpt><trkpt lat="21.072172" lon="105.877285"><ele>-3.625</ele><time>2018-09-07T06:23:25Z</time></trkpt><trkpt lat="21.072103" lon="105.877339"><ele>-3.610</ele><time>2018-09-07T06:23:26Z</time></trkpt><trkpt lat="21.072036" lon="105.877390"><ele>-3.635</ele><time>2018-09-07T06:23:27Z</time></trkpt><trkpt lat="21.071972" lon="105.877447"><ele>-3.651</ele><time>2018-09-07T06:23:28Z</time></trkpt><trkpt lat="21.071902" lon="105.877493"><ele>-3.647</ele><time>2018-09-07T06:23:29Z</time></trkpt><trkpt lat="21.071833" lon="105.877548"><ele>-3.616</ele><time>2018-09-07T06:23:30Z</time></trkpt><trkpt lat="21.071759" lon="105.877597"><ele>-3.229</ele><time>2018-09-07T06:23:31Z</time></trkpt><trkpt lat="21.071683" lon="105.877655"><ele>-3.048</ele><time>2018-09-07T06:23:32Z</time></trkpt><trkpt lat="21.071614" lon="105.877709"><ele>-3.061</ele><time>2018-09-07T06:23:33Z</time></trkpt><trkpt lat="21.071541" lon="105.877762"><ele>-2.917</ele><time>2018-09-07T06:23:34Z</time></trkpt><trkpt lat="21.071470" lon="105.877814"><ele>-2.708</ele><time>2018-09-07T06:23:35Z</time></trkpt><trkpt lat="21.071406" lon="105.877862"><ele>-2.766</ele><time>2018-09-07T06:23:36Z</time></trkpt><trkpt lat="21.071335" lon="105.877905"><ele>-2.452</ele><time>2018-09-07T06:23:37Z</time></trkpt><trkpt lat="21.071264" lon="105.877952"><ele>-2.087</ele><time>2018-09-07T06:23:38Z</time></trkpt><trkpt lat="21.071200" lon="105.877996"><ele>-1.822</ele><time>2018-09-07T06:23:39Z</time></trkpt><trkpt lat="21.071131" lon="105.878044"><ele>-1.768</ele><time>2018-09-07T06:23:40Z</time></trkpt><trkpt lat="21.071069" lon="105.878095"><ele>-1.624</ele><time>2018-09-07T06:23:41Z</time></trkpt><trkpt lat="21.071011" lon="105.878145"><ele>-1.613</ele><time>2018-09-07T06:23:42Z</time></trkpt><trkpt lat="21.070950" lon="105.878192"><ele>-1.356</ele><time>2018-09-07T06:23:43Z</time></trkpt><trkpt lat="21.070890" lon="105.878237"><ele>-0.944</ele><time>2018-09-07T06:23:44Z</time></trkpt><trkpt lat="21.070830" lon="105.878279"><ele>-0.805</ele><time>2018-09-07T06:23:45Z</time></trkpt><trkpt lat="21.070766" lon="105.878332"><ele>-0.715</ele><time>2018-09-07T06:23:46Z</time></trkpt><trkpt lat="21.070700" lon="105.878373"><ele>-0.108</ele><time>2018-09-07T06:23:47Z</time></trkpt><trkpt lat="21.070639" lon="105.878414"><ele>0.246</ele><time>2018-09-07T06:23:48Z</time></trkpt><trkpt lat="21.070580" lon="105.878445"><ele>0.462</ele><time>2018-09-07T06:23:49Z</time></trkpt><trkpt lat="21.070526" lon="105.878482"><ele>0.587</ele><time>2018-09-07T06:23:50Z</time></trkpt><trkpt lat="21.070475" lon="105.878513"><ele>0.642</ele><time>2018-09-07T06:23:51Z</time></trkpt><trkpt lat="21.070426" lon="105.878541"><ele>0.658</ele><time>2018-09-07T06:23:52Z</time></trkpt><trkpt lat="21.070376" lon="105.878569"><ele>0.694</ele><time>2018-09-07T06:23:53Z</time></trkpt><trkpt lat="21.070316" lon="105.878599"><ele>0.673</ele><time>2018-09-07T06:23:54Z</time></trkpt><trkpt lat="21.070256" lon="105.878635"><ele>0.676</ele><time>2018-09-07T06:23:55Z</time></trkpt><trkpt lat="21.070186" lon="105.878680"><ele>0.635</ele><time>2018-09-07T06:23:56Z</time></trkpt><trkpt lat="21.070117" lon="105.878724"><ele>0.686</ele><time>2018-09-07T06:23:57Z</time></trkpt><trkpt lat="21.070041" lon="105.878776"><ele>0.614</ele><time>2018-09-07T06:23:58Z</time></trkpt><trkpt lat="21.069969" lon="105.878822"><ele>0.208</ele><time>2018-09-07T06:23:59Z</time></trkpt><trkpt lat="21.069894" lon="105.878874"><ele>0.045</ele><time>2018-09-07T06:24:00Z</time></trkpt><trkpt lat="21.069818" lon="105.878922"><ele>-0.181</ele><time>2018-09-07T06:24:01Z</time></trkpt><trkpt lat="21.069740" lon="105.878973"><ele>-0.246</ele><time>2018-09-07T06:24:02Z</time></trkpt><trkpt lat="21.069666" lon="105.879028"><ele>-0.451</ele><time>2018-09-07T06:24:03Z</time></trkpt><trkpt lat="21.069589" lon="105.879089"><ele>-0.457</ele><time>2018-09-07T06:24:04Z</time></trkpt><trkpt lat="21.069511" lon="105.879146"><ele>-0.813</ele><time>2018-09-07T06:24:05Z</time></trkpt><trkpt lat="21.069435" lon="105.879200"><ele>-1.062</ele><time>2018-09-07T06:24:06Z</time></trkpt><trkpt lat="21.069357" lon="105.879256"><ele>-1.355</ele><time>2018-09-07T06:24:07Z</time></trkpt><trkpt lat="21.069281" lon="105.879312"><ele>-1.345</ele><time>2018-09-07T06:24:08Z</time></trkpt><trkpt lat="21.069207" lon="105.879368"><ele>-1.547</ele><time>2018-09-07T06:24:09Z</time></trkpt><trkpt lat="21.069132" lon="105.879429"><ele>-1.511</ele><time>2018-09-07T06:24:10Z</time></trkpt><trkpt lat="21.069054" lon="105.879488"><ele>-1.808</ele><time>2018-09-07T06:24:11Z</time></trkpt><trkpt lat="21.068973" lon="105.879545"><ele>-2.556</ele><time>2018-09-07T06:24:12Z</time></trkpt><trkpt lat="21.068889" lon="105.879602"><ele>-3.072</ele><time>2018-09-07T06:24:13Z</time></trkpt><trkpt lat="21.068803" lon="105.879658"><ele>-3.577</ele><time>2018-09-07T06:24:14Z</time></trkpt><trkpt lat="21.068715" lon="105.879715"><ele>-3.942</ele><time>2018-09-07T06:24:15Z</time></trkpt><trkpt lat="21.068628" lon="105.879768"><ele>-4.288</ele><time>2018-09-07T06:24:16Z</time></trkpt><trkpt lat="21.068538" lon="105.879820"><ele>-4.724</ele><time>2018-09-07T06:24:17Z</time></trkpt><trkpt lat="21.068451" lon="105.879875"><ele>-4.953</ele><time>2018-09-07T06:24:18Z</time></trkpt><trkpt lat="21.068360" lon="105.879931"><ele>-5.556</ele><time>2018-09-07T06:24:19Z</time></trkpt><trkpt lat="21.068270" lon="105.879985"><ele>-5.989</ele><time>2018-09-07T06:24:20Z</time></trkpt><trkpt lat="21.068179" lon="105.880030"><ele>-6.206</ele><time>2018-09-07T06:24:21Z</time></trkpt><trkpt lat="21.068093" lon="105.880086"><ele>-6.626</ele><time>2018-09-07T06:24:22Z</time></trkpt><trkpt lat="21.068001" lon="105.880133"><ele>-6.908</ele><time>2018-09-07T06:24:23Z</time></trkpt><trkpt lat="21.067908" lon="105.880181"><ele>-7.590</ele><time>2018-09-07T06:24:24Z</time></trkpt><trkpt lat="21.067818" lon="105.880231"><ele>-7.956</ele><time>2018-09-07T06:24:25Z</time></trkpt><trkpt lat="21.067727" lon="105.880274"><ele>-8.571</ele><time>2018-09-07T06:24:26Z</time></trkpt><trkpt lat="21.067628" lon="105.880315"><ele>-9.386</ele><time>2018-09-07T06:24:27Z</time></trkpt><trkpt lat="21.067529" lon="105.880357"><ele>-10.382</ele><time>2018-09-07T06:24:28Z</time></trkpt><trkpt lat="21.067432" lon="105.880397"><ele>-11.518</ele><time>2018-09-07T06:24:29Z</time></trkpt><trkpt lat="21.067334" lon="105.880436"><ele>-12.817</ele><time>2018-09-07T06:24:30Z</time></trkpt><trkpt lat="21.067236" lon="105.880473"><ele>-13.850</ele><time>2018-09-07T06:24:31Z</time></trkpt><trkpt lat="21.067139" lon="105.880510"><ele>-14.918</ele><time>2018-09-07T06:24:32Z</time></trkpt><trkpt lat="21.067040" lon="105.880553"><ele>-15.598</ele><time>2018-09-07T06:24:33Z</time></trkpt><trkpt lat="21.066939" lon="105.880591"><ele>-16.317</ele><time>2018-09-07T06:24:34Z</time></trkpt><trkpt lat="21.066838" lon="105.880627"><ele>-17.208</ele><time>2018-09-07T06:24:35Z</time></trkpt><trkpt lat="21.066739" lon="105.880654"><ele>-17.743</ele><time>2018-09-07T06:24:36Z</time></trkpt><trkpt lat="21.066640" lon="105.880686"><ele>-18.029</ele><time>2018-09-07T06:24:37Z</time></trkpt><trkpt lat="21.066545" lon="105.880721"><ele>-18.284</ele><time>2018-09-07T06:24:38Z</time></trkpt><trkpt lat="21.066449" lon="105.880753"><ele>-18.319</ele><time>2018-09-07T06:24:39Z</time></trkpt><trkpt lat="21.066350" lon="105.880786"><ele>-18.835</ele><time>2018-09-07T06:24:40Z</time></trkpt><trkpt lat="21.066253" lon="105.880820"><ele>-19.121</ele><time>2018-09-07T06:24:41Z</time></trkpt><trkpt lat="21.066161" lon="105.880853"><ele>-19.380</ele><time>2018-09-07T06:24:42Z</time></trkpt><trkpt lat="21.066073" lon="105.880882"><ele>-19.533</ele><time>2018-09-07T06:24:43Z</time></trkpt><trkpt lat="21.065984" lon="105.880915"><ele>-19.578</ele><time>2018-09-07T06:24:44Z</time></trkpt><trkpt lat="21.065900" lon="105.880948"><ele>-19.533</ele><time>2018-09-07T06:24:45Z</time></trkpt><trkpt lat="21.065816" lon="105.880978"><ele>-19.526</ele><time>2018-09-07T06:24:46Z</time></trkpt><trkpt lat="21.065734" lon="105.881006"><ele>-19.508</ele><time>2018-09-07T06:24:47Z</time></trkpt><trkpt lat="21.065656" lon="105.881033"><ele>-20.069</ele><time>2018-09-07T06:24:48Z</time></trkpt><trkpt lat="21.065573" lon="105.881060"><ele>-20.145</ele><time>2018-09-07T06:24:49Z</time></trkpt><trkpt lat="21.065486" lon="105.881087"><ele>-20.320</ele><time>2018-09-07T06:24:50Z</time></trkpt><trkpt lat="21.065400" lon="105.881111"><ele>-20.345</ele><time>2018-09-07T06:24:51Z</time></trkpt><trkpt lat="21.065312" lon="105.881131"><ele>-20.581</ele><time>2018-09-07T06:24:52Z</time></trkpt><trkpt lat="21.065223" lon="105.881154"><ele>-20.527</ele><time>2018-09-07T06:24:53Z</time></trkpt><trkpt lat="21.065136" lon="105.881179"><ele>-20.596</ele><time>2018-09-07T06:24:54Z</time></trkpt><trkpt lat="21.065045" lon="105.881205"><ele>-20.569</ele><time>2018-09-07T06:24:55Z</time></trkpt><trkpt lat="21.064961" lon="105.881237"><ele>-20.584</ele><time>2018-09-07T06:24:56Z</time></trkpt><trkpt lat="21.064873" lon="105.881263"><ele>-20.507</ele><time>2018-09-07T06:24:57Z</time></trkpt><trkpt lat="21.064784" lon="105.881291"><ele>-20.017</ele><time>2018-09-07T06:24:58Z</time></trkpt><trkpt lat="21.064694" lon="105.881317"><ele>-19.808</ele><time>2018-09-07T06:24:59Z</time></trkpt><trkpt lat="21.064604" lon="105.881340"><ele>-19.860</ele><time>2018-09-07T06:25:00Z</time></trkpt><trkpt lat="21.064516" lon="105.881362"><ele>-20.056</ele><time>2018-09-07T06:25:01Z</time></trkpt><trkpt lat="21.064431" lon="105.881386"><ele>-19.881</ele><time>2018-09-07T06:25:02Z</time></trkpt><trkpt lat="21.064345" lon="105.881407"><ele>-19.896</ele><time>2018-09-07T06:25:03Z</time></trkpt><trkpt lat="21.064255" lon="105.881428"><ele>-19.672</ele><time>2018-09-07T06:25:04Z</time></trkpt><trkpt lat="21.064163" lon="105.881454"><ele>-19.688</ele><time>2018-09-07T06:25:05Z</time></trkpt><trkpt lat="21.064069" lon="105.881487"><ele>-20.067</ele><time>2018-09-07T06:25:06Z</time></trkpt><trkpt lat="21.063966" lon="105.881521"><ele>-19.850</ele><time>2018-09-07T06:25:07Z</time></trkpt><trkpt lat="21.063856" lon="105.881552"><ele>-19.864</ele><time>2018-09-07T06:25:08Z</time></trkpt><trkpt lat="21.063747" lon="105.881583"><ele>-20.006</ele><time>2018-09-07T06:25:09Z</time></trkpt><trkpt lat="21.063639" lon="105.881614"><ele>-19.816</ele><time>2018-09-07T06:25:10Z</time></trkpt><trkpt lat="21.063530" lon="105.881648"><ele>-19.808</ele><time>2018-09-07T06:25:11Z</time></trkpt><trkpt lat="21.063421" lon="105.881681"><ele>-19.668</ele><time>2018-09-07T06:25:12Z</time></trkpt><trkpt lat="21.063309" lon="105.881715"><ele>-19.634</ele><time>2018-09-07T06:25:13Z</time></trkpt><trkpt lat="21.063202" lon="105.881758"><ele>-19.629</ele><time>2018-09-07T06:25:14Z</time></trkpt><trkpt lat="21.063094" lon="105.881794"><ele>-19.624</ele><time>2018-09-07T06:25:15Z</time></trkpt><trkpt lat="21.062987" lon="105.881837"><ele>-20.040</ele><time>2018-09-07T06:25:16Z</time></trkpt><trkpt lat="21.062886" lon="105.881874"><ele>-20.376</ele><time>2018-09-07T06:25:17Z</time></trkpt><trkpt lat="21.062786" lon="105.881909"><ele>-20.355</ele><time>2018-09-07T06:25:18Z</time></trkpt><trkpt lat="21.062687" lon="105.881935"><ele>-20.578</ele><time>2018-09-07T06:25:19Z</time></trkpt><trkpt lat="21.062587" lon="105.881948"><ele>-21.011</ele><time>2018-09-07T06:25:20Z</time></trkpt><trkpt lat="21.062500" lon="105.881954"><ele>-20.821</ele><time>2018-09-07T06:25:21Z</time></trkpt><trkpt lat="21.062426" lon="105.881954"><ele>-20.803</ele><time>2018-09-07T06:25:22Z</time></trkpt><trkpt lat="21.062366" lon="105.881950"><ele>-20.808</ele><time>2018-09-07T06:25:23Z</time></trkpt><trkpt lat="21.062304" lon="105.881936"><ele>-20.883</ele><time>2018-09-07T06:25:24Z</time></trkpt><trkpt lat="21.062251" lon="105.881907"><ele>-20.899</ele><time>2018-09-07T06:25:25Z</time></trkpt><trkpt lat="21.062212" lon="105.881872"><ele>-20.364</ele><time>2018-09-07T06:25:26Z</time></trkpt><trkpt lat="21.062187" lon="105.881824"><ele>-20.169</ele><time>2018-09-07T06:25:27Z</time></trkpt><trkpt lat="21.062179" lon="105.881773"><ele>-20.075</ele><time>2018-09-07T06:25:28Z</time></trkpt><trkpt lat="21.062182" lon="105.881721"><ele>-20.041</ele><time>2018-09-07T06:25:29Z</time></trkpt><trkpt lat="21.062193" lon="105.881668"><ele>-19.840</ele><time>2018-09-07T06:25:30Z</time></trkpt><trkpt lat="21.062215" lon="105.881623"><ele>-19.843</ele><time>2018-09-07T06:25:31Z</time></trkpt><trkpt lat="21.062243" lon="105.881585"><ele>-19.831</ele><time>2018-09-07T06:25:32Z</time></trkpt><trkpt lat="21.062282" lon="105.881553"><ele>-19.861</ele><time>2018-09-07T06:25:33Z</time></trkpt><trkpt lat="21.062330" lon="105.881545"><ele>-19.807</ele><time>2018-09-07T06:25:34Z</time></trkpt><trkpt lat="21.062382" lon="105.881542"><ele>-19.808</ele><time>2018-09-07T06:25:35Z</time></trkpt><trkpt lat="21.062437" lon="105.881555"><ele>-19.845</ele><time>2018-09-07T06:25:36Z</time></trkpt><trkpt lat="21.062483" lon="105.881572"><ele>-19.821</ele><time>2018-09-07T06:25:37Z</time></trkpt><trkpt lat="21.062564" lon="105.881601"><ele>-19.816</ele><time>2018-09-07T06:25:39Z</time></trkpt><trkpt lat="21.062639" lon="105.881622"><ele>-19.851</ele><time>2018-09-07T06:25:41Z</time></trkpt><trkpt lat="21.062693" lon="105.881631"><ele>-19.827</ele><time>2018-09-07T06:25:43Z</time></trkpt><trkpt lat="21.062768" lon="105.881651"><ele>-19.843</ele><time>2018-09-07T06:25:45Z</time></trkpt><trkpt lat="21.062846" lon="105.881661"><ele>-19.862</ele><time>2018-09-07T06:25:47Z</time></trkpt><trkpt lat="21.062928" lon="105.881661"><ele>-19.835</ele><time>2018-09-07T06:25:49Z</time></trkpt><trkpt lat="21.063014" lon="105.881659"><ele>-19.525</ele><time>2018-09-07T06:25:51Z</time></trkpt><trkpt lat="21.063063" lon="105.881654"><ele>-19.326</ele><time>2018-09-07T06:25:52Z</time></trkpt><trkpt lat="21.063118" lon="105.881644"><ele>-19.108</ele><time>2018-09-07T06:25:53Z</time></trkpt><trkpt lat="21.063174" lon="105.881625"><ele>-19.008</ele><time>2018-09-07T06:25:54Z</time></trkpt><trkpt lat="21.063229" lon="105.881602"><ele>-19.084</ele><time>2018-09-07T06:25:55Z</time></trkpt><trkpt lat="21.063277" lon="105.881583"><ele>-19.050</ele><time>2018-09-07T06:25:56Z</time></trkpt><trkpt lat="21.063323" lon="105.881566"><ele>-19.385</ele><time>2018-09-07T06:25:57Z</time></trkpt><trkpt lat="21.063363" lon="105.881543"><ele>-19.150</ele><time>2018-09-07T06:25:58Z</time></trkpt><trkpt lat="21.063419" lon="105.881526"><ele>-19.086</ele><time>2018-09-07T06:26:00Z</time></trkpt><trkpt lat="21.063472" lon="105.881510"><ele>-19.082</ele><time>2018-09-07T06:26:01Z</time></trkpt><trkpt lat="21.063544" lon="105.881483"><ele>-19.311</ele><time>2018-09-07T06:26:03Z</time></trkpt><trkpt lat="21.063600" lon="105.881461"><ele>-19.594</ele><time>2018-09-07T06:26:05Z</time></trkpt><trkpt lat="21.063666" lon="105.881439"><ele>-19.687</ele><time>2018-09-07T06:26:08Z</time></trkpt><trkpt lat="21.063725" lon="105.881420"><ele>-19.842</ele><time>2018-09-07T06:26:10Z</time></trkpt><trkpt lat="21.063775" lon="105.881414"><ele>-20.126</ele><time>2018-09-07T06:26:12Z</time></trkpt><trkpt lat="21.063825" lon="105.881421"><ele>-20.508</ele><time>2018-09-07T06:27:27Z</time></trkpt><trkpt lat="21.063822" lon="105.881476"><ele>-19.870</ele><time>2018-09-07T06:28:14Z</time></trkpt><trkpt lat="21.063884" lon="105.881398"><ele>-19.096</ele><time>2018-09-07T06:30:20Z</time></trkpt><trkpt lat="21.063939" lon="105.881373"><ele>-18.531</ele><time>2018-09-07T06:30:21Z</time></trkpt><trkpt lat="21.063992" lon="105.881354"><ele>-17.876</ele><time>2018-09-07T06:30:22Z</time></trkpt><trkpt lat="21.064047" lon="105.881341"><ele>-17.592</ele><time>2018-09-07T06:30:23Z</time></trkpt><trkpt lat="21.064111" lon="105.881320"><ele>-17.288</ele><time>2018-09-07T06:30:24Z</time></trkpt><trkpt lat="21.064176" lon="105.881305"><ele>-17.557</ele><time>2018-09-07T06:30:25Z</time></trkpt><trkpt lat="21.064240" lon="105.881289"><ele>-17.760</ele><time>2018-09-07T06:30:26Z</time></trkpt><trkpt lat="21.064307" lon="105.881278"><ele>-17.837</ele><time>2018-09-07T06:30:27Z</time></trkpt><trkpt lat="21.064376" lon="105.881263"><ele>-18.049</ele><time>2018-09-07T06:30:28Z</time></trkpt><trkpt lat="21.064445" lon="105.881242"><ele>-18.313</ele><time>2018-09-07T06:30:29Z</time></trkpt><trkpt lat="21.064513" lon="105.881222"><ele>-18.608</ele><time>2018-09-07T06:30:30Z</time></trkpt><trkpt lat="21.064587" lon="105.881204"><ele>-18.835</ele><time>2018-09-07T06:30:31Z</time></trkpt><trkpt lat="21.064653" lon="105.881179"><ele>-19.061</ele><time>2018-09-07T06:30:32Z</time></trkpt><trkpt lat="21.064723" lon="105.881155"><ele>-19.096</ele><time>2018-09-07T06:30:33Z</time></trkpt><trkpt lat="21.064795" lon="105.881130"><ele>-19.031</ele><time>2018-09-07T06:30:34Z</time></trkpt><trkpt lat="21.064872" lon="105.881109"><ele>-19.057</ele><time>2018-09-07T06:30:35Z</time></trkpt><trkpt lat="21.064950" lon="105.881086"><ele>-19.093</ele><time>2018-09-07T06:30:36Z</time></trkpt><trkpt lat="21.065027" lon="105.881059"><ele>-19.052</ele><time>2018-09-07T06:30:37Z</time></trkpt><trkpt lat="21.065106" lon="105.881035"><ele>-19.045</ele><time>2018-09-07T06:30:38Z</time></trkpt><trkpt lat="21.065183" lon="105.881014"><ele>-19.046</ele><time>2018-09-07T06:30:39Z</time></trkpt><trkpt lat="21.065259" lon="105.880993"><ele>-19.088</ele><time>2018-09-07T06:30:40Z</time></trkpt><trkpt lat="21.065332" lon="105.880971"><ele>-19.016</ele><time>2018-09-07T06:30:41Z</time></trkpt><trkpt lat="21.065406" lon="105.880946"><ele>-19.008</ele><time>2018-09-07T06:30:42Z</time></trkpt><trkpt lat="21.065477" lon="105.880919"><ele>-19.086</ele><time>2018-09-07T06:30:43Z</time></trkpt><trkpt lat="21.065551" lon="105.880890"><ele>-19.072</ele><time>2018-09-07T06:30:44Z</time></trkpt><trkpt lat="21.065628" lon="105.880864"><ele>-18.617</ele><time>2018-09-07T06:30:45Z</time></trkpt><trkpt lat="21.065705" lon="105.880840"><ele>-18.512</ele><time>2018-09-07T06:30:46Z</time></trkpt><trkpt lat="21.065782" lon="105.880818"><ele>-18.328</ele><time>2018-09-07T06:30:47Z</time></trkpt><trkpt lat="21.065857" lon="105.880795"><ele>-18.234</ele><time>2018-09-07T06:30:48Z</time></trkpt><trkpt lat="21.065930" lon="105.880773"><ele>-18.153</ele><time>2018-09-07T06:30:49Z</time></trkpt><trkpt lat="21.065999" lon="105.880749"><ele>-18.146</ele><time>2018-09-07T06:30:50Z</time></trkpt><trkpt lat="21.066065" lon="105.880730"><ele>-18.197</ele><time>2018-09-07T06:30:51Z</time></trkpt><trkpt lat="21.066134" lon="105.880712"><ele>-17.723</ele><time>2018-09-07T06:30:52Z</time></trkpt><trkpt lat="21.066203" lon="105.880693"><ele>-17.525</ele><time>2018-09-07T06:30:53Z</time></trkpt><trkpt lat="21.066276" lon="105.880671"><ele>-17.508</ele><time>2018-09-07T06:30:54Z</time></trkpt><trkpt lat="21.066352" lon="105.880648"><ele>-17.341</ele><time>2018-09-07T06:30:55Z</time></trkpt><trkpt lat="21.066428" lon="105.880624"><ele>-17.267</ele><time>2018-09-07T06:30:56Z</time></trkpt><trkpt lat="21.066510" lon="105.880599"><ele>-17.242</ele><time>2018-09-07T06:30:57Z</time></trkpt><trkpt lat="21.066592" lon="105.880575"><ele>-17.217</ele><time>2018-09-07T06:30:58Z</time></trkpt><trkpt lat="21.066669" lon="105.880547"><ele>-17.243</ele><time>2018-09-07T06:30:59Z</time></trkpt><trkpt lat="21.066750" lon="105.880521"><ele>-17.259</ele><time>2018-09-07T06:31:00Z</time></trkpt><trkpt lat="21.066831" lon="105.880492"><ele>-17.288</ele><time>2018-09-07T06:31:01Z</time></trkpt><trkpt lat="21.066911" lon="105.880464"><ele>-17.261</ele><time>2018-09-07T06:31:02Z</time></trkpt><trkpt lat="21.066995" lon="105.880437"><ele>-17.252</ele><time>2018-09-07T06:31:03Z</time></trkpt><trkpt lat="21.067077" lon="105.880403"><ele>-17.253</ele><time>2018-09-07T06:31:04Z</time></trkpt><trkpt lat="21.067156" lon="105.880364"><ele>-17.208</ele><time>2018-09-07T06:31:05Z</time></trkpt><trkpt lat="21.067233" lon="105.880332"><ele>-17.208</ele><time>2018-09-07T06:31:06Z</time></trkpt><trkpt lat="21.067311" lon="105.880298"><ele>-17.247</ele><time>2018-09-07T06:31:07Z</time></trkpt><trkpt lat="21.067392" lon="105.880265"><ele>-17.263</ele><time>2018-09-07T06:31:08Z</time></trkpt><trkpt lat="21.067474" lon="105.880229"><ele>-17.258</ele><time>2018-09-07T06:31:09Z</time></trkpt><trkpt lat="21.067556" lon="105.880194"><ele>-17.223</ele><time>2018-09-07T06:31:10Z</time></trkpt><trkpt lat="21.067635" lon="105.880161"><ele>-17.269</ele><time>2018-09-07T06:31:11Z</time></trkpt><trkpt lat="21.067716" lon="105.880121"><ele>-17.245</ele><time>2018-09-07T06:31:12Z</time></trkpt><trkpt lat="21.067801" lon="105.880087"><ele>-17.254</ele><time>2018-09-07T06:31:13Z</time></trkpt><trkpt lat="21.067884" lon="105.880043"><ele>-17.237</ele><time>2018-09-07T06:31:14Z</time></trkpt><trkpt lat="21.067969" lon="105.879997"><ele>-17.264</ele><time>2018-09-07T06:31:15Z</time></trkpt><trkpt lat="21.068053" lon="105.879959"><ele>-17.206</ele><time>2018-09-07T06:31:16Z</time></trkpt><trkpt lat="21.068131" lon="105.879918"><ele>-17.216</ele><time>2018-09-07T06:31:17Z</time></trkpt><trkpt lat="21.068209" lon="105.879871"><ele>-16.808</ele><time>2018-09-07T06:31:18Z</time></trkpt><trkpt lat="21.068286" lon="105.879828"><ele>-16.638</ele><time>2018-09-07T06:31:19Z</time></trkpt><trkpt lat="21.068366" lon="105.879784"><ele>-16.544</ele><time>2018-09-07T06:31:20Z</time></trkpt><trkpt lat="21.068444" lon="105.879736"><ele>-16.539</ele><time>2018-09-07T06:31:21Z</time></trkpt><trkpt lat="21.068523" lon="105.879692"><ele>-16.314</ele><time>2018-09-07T06:31:22Z</time></trkpt><trkpt lat="21.068599" lon="105.879646"><ele>-16.310</ele><time>2018-09-07T06:31:23Z</time></trkpt><trkpt lat="21.068672" lon="105.879596"><ele>-15.916</ele><time>2018-09-07T06:31:24Z</time></trkpt><trkpt lat="21.068744" lon="105.879547"><ele>-15.695</ele><time>2018-09-07T06:31:25Z</time></trkpt><trkpt lat="21.068817" lon="105.879501"><ele>-15.438</ele><time>2018-09-07T06:31:26Z</time></trkpt><trkpt lat="21.068884" lon="105.879456"><ele>-15.329</ele><time>2018-09-07T06:31:27Z</time></trkpt><trkpt lat="21.068948" lon="105.879416"><ele>-15.600</ele><time>2018-09-07T06:31:28Z</time></trkpt><trkpt lat="21.069002" lon="105.879377"><ele>-15.420</ele><time>2018-09-07T06:31:29Z</time></trkpt><trkpt lat="21.069057" lon="105.879335"><ele>-15.308</ele><time>2018-09-07T06:31:30Z</time></trkpt><trkpt lat="21.069094" lon="105.879298"><ele>-15.214</ele><time>2018-09-07T06:31:31Z</time></trkpt><trkpt lat="21.069126" lon="105.879264"><ele>-15.210</ele><time>2018-09-07T06:31:32Z</time></trkpt><trkpt lat="21.069179" lon="105.879193"><ele>-14.865</ele><time>2018-09-07T06:31:34Z</time></trkpt><trkpt lat="21.069218" lon="105.879089"><ele>-14.140</ele><time>2018-09-07T06:31:36Z</time></trkpt><trkpt lat="21.069230" lon="105.879017"><ele>-13.326</ele><time>2018-09-07T06:31:37Z</time></trkpt><trkpt lat="21.069233" lon="105.878936"><ele>-12.482</ele><time>2018-09-07T06:31:38Z</time></trkpt><trkpt lat="21.069237" lon="105.878854"><ele>-11.961</ele><time>2018-09-07T06:31:39Z</time></trkpt><trkpt lat="21.069243" lon="105.878776"><ele>-11.374</ele><time>2018-09-07T06:31:40Z</time></trkpt><trkpt lat="21.069242" lon="105.878693"><ele>-10.459</ele><time>2018-09-07T06:31:41Z</time></trkpt><trkpt lat="21.069240" lon="105.878611"><ele>-9.903</ele><time>2018-09-07T06:31:42Z</time></trkpt><trkpt lat="21.069236" lon="105.878536"><ele>-9.723</ele><time>2018-09-07T06:31:43Z</time></trkpt><trkpt lat="21.069232" lon="105.878462"><ele>-9.008</ele><time>2018-09-07T06:31:44Z</time></trkpt><trkpt lat="21.069225" lon="105.878397"><ele>-8.877</ele><time>2018-09-07T06:31:45Z</time></trkpt><trkpt lat="21.069216" lon="105.878334"><ele>-8.553</ele><time>2018-09-07T06:31:46Z</time></trkpt><trkpt lat="21.069207" lon="105.878266"><ele>-8.428</ele><time>2018-09-07T06:31:47Z</time></trkpt><trkpt lat="21.069201" lon="105.878196"><ele>-8.843</ele><time>2018-09-07T06:31:48Z</time></trkpt><trkpt lat="21.069193" lon="105.878117"><ele>-8.999</ele><time>2018-09-07T06:31:49Z</time></trkpt><trkpt lat="21.069179" lon="105.878035"><ele>-9.035</ele><time>2018-09-07T06:31:50Z</time></trkpt><trkpt lat="21.069152" lon="105.877948"><ele>-9.564</ele><time>2018-09-07T06:31:51Z</time></trkpt><trkpt lat="21.069117" lon="105.877859"><ele>-9.897</ele><time>2018-09-07T06:31:52Z</time></trkpt><trkpt lat="21.069085" lon="105.877768"><ele>-10.077</ele><time>2018-09-07T06:31:53Z</time></trkpt><trkpt lat="21.069049" lon="105.877677"><ele>-10.561</ele><time>2018-09-07T06:31:54Z</time></trkpt><trkpt lat="21.069008" lon="105.877583"><ele>-10.827</ele><time>2018-09-07T06:31:55Z</time></trkpt><trkpt lat="21.068967" lon="105.877487"><ele>-11.008</ele><time>2018-09-07T06:31:56Z</time></trkpt><trkpt lat="21.068923" lon="105.877392"><ele>-11.269</ele><time>2018-09-07T06:31:57Z</time></trkpt><trkpt lat="21.068880" lon="105.877289"><ele>-10.825</ele><time>2018-09-07T06:31:58Z</time></trkpt><trkpt lat="21.068841" lon="105.877188"><ele>-10.360</ele><time>2018-09-07T06:31:59Z</time></trkpt><trkpt lat="21.068799" lon="105.877081"><ele>-9.815</ele><time>2018-09-07T06:32:00Z</time></trkpt><trkpt lat="21.068756" lon="105.876978"><ele>-10.081</ele><time>2018-09-07T06:32:01Z</time></trkpt><trkpt lat="21.068711" lon="105.876870"><ele>-9.837</ele><time>2018-09-07T06:32:02Z</time></trkpt><trkpt lat="21.068671" lon="105.876758"><ele>-9.516</ele><time>2018-09-07T06:32:03Z</time></trkpt><trkpt lat="21.068634" lon="105.876657"><ele>-9.029</ele><time>2018-09-07T06:32:04Z</time></trkpt><trkpt lat="21.068597" lon="105.876551"><ele>-8.865</ele><time>2018-09-07T06:32:05Z</time></trkpt><trkpt lat="21.068562" lon="105.876447"><ele>-8.568</ele><time>2018-09-07T06:32:06Z</time></trkpt><trkpt lat="21.068518" lon="105.876342"><ele>-8.414</ele><time>2018-09-07T06:32:07Z</time></trkpt><trkpt lat="21.068478" lon="105.876239"><ele>-8.308</ele><time>2018-09-07T06:32:08Z</time></trkpt><trkpt lat="21.068439" lon="105.876147"><ele>-7.928</ele><time>2018-09-07T06:32:09Z</time></trkpt><trkpt lat="21.068403" lon="105.876053"><ele>-8.014</ele><time>2018-09-07T06:32:10Z</time></trkpt><trkpt lat="21.068368" lon="105.875958"><ele>-8.199</ele><time>2018-09-07T06:32:11Z</time></trkpt><trkpt lat="21.068333" lon="105.875868"><ele>-8.174</ele><time>2018-09-07T06:32:12Z</time></trkpt><trkpt lat="21.068303" lon="105.875776"><ele>-8.120</ele><time>2018-09-07T06:32:13Z</time></trkpt><trkpt lat="21.068270" lon="105.875691"><ele>-8.126</ele><time>2018-09-07T06:32:14Z</time></trkpt><trkpt lat="21.068239" lon="105.875602"><ele>-8.585</ele><time>2018-09-07T06:32:15Z</time></trkpt><trkpt lat="21.068208" lon="105.875517"><ele>-9.168</ele><time>2018-09-07T06:32:16Z</time></trkpt><trkpt lat="21.068176" lon="105.875431"><ele>-9.577</ele><time>2018-09-07T06:32:17Z</time></trkpt><trkpt lat="21.068148" lon="105.875344"><ele>-9.861</ele><time>2018-09-07T06:32:18Z</time></trkpt><trkpt lat="21.068120" lon="105.875253"><ele>-9.827</ele><time>2018-09-07T06:32:19Z</time></trkpt><trkpt lat="21.068091" lon="105.875165"><ele>-9.908</ele><time>2018-09-07T06:32:20Z</time></trkpt><trkpt lat="21.068061" lon="105.875075"><ele>-10.079</ele><time>2018-09-07T06:32:21Z</time></trkpt><trkpt lat="21.068030" lon="105.874989"><ele>-9.755</ele><time>2018-09-07T06:32:22Z</time></trkpt><trkpt lat="21.067998" lon="105.874903"><ele>-9.030</ele><time>2018-09-07T06:32:23Z</time></trkpt><trkpt lat="21.067966" lon="105.874815"><ele>-8.615</ele><time>2018-09-07T06:32:24Z</time></trkpt><trkpt lat="21.067936" lon="105.874728"><ele>-8.471</ele><time>2018-09-07T06:32:25Z</time></trkpt><trkpt lat="21.067909" lon="105.874636"><ele>-8.337</ele><time>2018-09-07T06:32:26Z</time></trkpt><trkpt lat="21.067877" lon="105.874549"><ele>-7.896</ele><time>2018-09-07T06:32:27Z</time></trkpt><trkpt lat="21.067845" lon="105.874461"><ele>-7.999</ele><time>2018-09-07T06:32:28Z</time></trkpt><trkpt lat="21.067813" lon="105.874378"><ele>-8.413</ele><time>2018-09-07T06:32:29Z</time></trkpt><trkpt lat="21.067783" lon="105.874299"><ele>-8.343</ele><time>2018-09-07T06:32:30Z</time></trkpt><trkpt lat="21.067749" lon="105.874223"><ele>-8.307</ele><time>2018-09-07T06:32:31Z</time></trkpt><trkpt lat="21.067719" lon="105.874144"><ele>-8.308</ele><time>2018-09-07T06:32:32Z</time></trkpt><trkpt lat="21.067688" lon="105.874063"><ele>-8.313</ele><time>2018-09-07T06:32:33Z</time></trkpt><trkpt lat="21.067656" lon="105.873983"><ele>-7.879</ele><time>2018-09-07T06:32:34Z</time></trkpt><trkpt lat="21.067622" lon="105.873899"><ele>-7.694</ele><time>2018-09-07T06:32:35Z</time></trkpt><trkpt lat="21.067589" lon="105.873813"><ele>-7.549</ele><time>2018-09-07T06:32:36Z</time></trkpt><trkpt lat="21.067556" lon="105.873729"><ele>-7.495</ele><time>2018-09-07T06:32:37Z</time></trkpt><trkpt lat="21.067523" lon="105.873644"><ele>-7.781</ele><time>2018-09-07T06:32:38Z</time></trkpt><trkpt lat="21.067489" lon="105.873571"><ele>-7.980</ele><time>2018-09-07T06:32:39Z</time></trkpt><trkpt lat="21.067454" lon="105.873495"><ele>-7.693</ele><time>2018-09-07T06:32:40Z</time></trkpt><trkpt lat="21.067414" lon="105.873418"><ele>-7.891</ele><time>2018-09-07T06:32:41Z</time></trkpt><trkpt lat="21.067376" lon="105.873339"><ele>-7.581</ele><time>2018-09-07T06:32:42Z</time></trkpt><trkpt lat="21.067343" lon="105.873254"><ele>-7.319</ele><time>2018-09-07T06:32:43Z</time></trkpt><trkpt lat="21.067318" lon="105.873161"><ele>-7.208</ele><time>2018-09-07T06:32:44Z</time></trkpt><trkpt lat="21.067300" lon="105.873065"><ele>-7.171</ele><time>2018-09-07T06:32:45Z</time></trkpt><trkpt lat="21.067283" lon="105.872972"><ele>-7.177</ele><time>2018-09-07T06:32:46Z</time></trkpt><trkpt lat="21.067263" lon="105.872874"><ele>-7.112</ele><time>2018-09-07T06:32:47Z</time></trkpt><trkpt lat="21.067237" lon="105.872775"><ele>-7.177</ele><time>2018-09-07T06:32:48Z</time></trkpt><trkpt lat="21.067203" lon="105.872680"><ele>-7.173</ele><time>2018-09-07T06:32:49Z</time></trkpt><trkpt lat="21.067168" lon="105.872587"><ele>-7.199</ele><time>2018-09-07T06:32:50Z</time></trkpt><trkpt lat="21.067130" lon="105.872492"><ele>-7.138</ele><time>2018-09-07T06:32:51Z</time></trkpt><trkpt lat="21.067093" lon="105.872391"><ele>-6.791</ele><time>2018-09-07T06:32:52Z</time></trkpt><trkpt lat="21.067056" lon="105.872290"><ele>-6.521</ele><time>2018-09-07T06:32:53Z</time></trkpt><trkpt lat="21.067018" lon="105.872190"><ele>-6.441</ele><time>2018-09-07T06:32:54Z</time></trkpt><trkpt lat="21.066979" lon="105.872089"><ele>-5.905</ele><time>2018-09-07T06:32:55Z</time></trkpt><trkpt lat="21.066941" lon="105.871988"><ele>-6.008</ele><time>2018-09-07T06:32:56Z</time></trkpt><trkpt lat="21.066900" lon="105.871889"><ele>-6.234</ele><time>2018-09-07T06:32:57Z</time></trkpt><trkpt lat="21.066859" lon="105.871791"><ele>-6.250</ele><time>2018-09-07T06:32:58Z</time></trkpt><trkpt lat="21.066820" lon="105.871694"><ele>-6.275</ele><time>2018-09-07T06:32:59Z</time></trkpt><trkpt lat="21.066777" lon="105.871609"><ele>-6.270</ele><time>2018-09-07T06:33:00Z</time></trkpt><trkpt lat="21.066732" lon="105.871521"><ele>-6.216</ele><time>2018-09-07T06:33:01Z</time></trkpt><trkpt lat="21.066684" lon="105.871432"><ele>-6.242</ele><time>2018-09-07T06:33:02Z</time></trkpt><trkpt lat="21.066640" lon="105.871337"><ele>-6.241</ele><time>2018-09-07T06:33:03Z</time></trkpt><trkpt lat="21.066596" lon="105.871245"><ele>-6.574</ele><time>2018-09-07T06:33:04Z</time></trkpt><trkpt lat="21.066553" lon="105.871148"><ele>-6.729</ele><time>2018-09-07T06:33:05Z</time></trkpt><trkpt lat="21.066512" lon="105.871053"><ele>-6.400</ele><time>2018-09-07T06:33:06Z</time></trkpt><trkpt lat="21.066472" lon="105.870961"><ele>-6.220</ele><time>2018-09-07T06:33:07Z</time></trkpt><trkpt lat="21.066429" lon="105.870867"><ele>-6.208</ele><time>2018-09-07T06:33:08Z</time></trkpt><trkpt lat="21.066386" lon="105.870773"><ele>-6.454</ele><time>2018-09-07T06:33:09Z</time></trkpt><trkpt lat="21.066344" lon="105.870681"><ele>-6.690</ele><time>2018-09-07T06:33:10Z</time></trkpt><trkpt lat="21.066296" lon="105.870591"><ele>-6.485</ele><time>2018-09-07T06:33:11Z</time></trkpt><trkpt lat="21.066251" lon="105.870507"><ele>-6.590</ele><time>2018-09-07T06:33:12Z</time></trkpt><trkpt lat="21.066199" lon="105.870430"><ele>-6.616</ele><time>2018-09-07T06:33:13Z</time></trkpt><trkpt lat="21.066151" lon="105.870347"><ele>-6.712</ele><time>2018-09-07T06:33:14Z</time></trkpt><trkpt lat="21.066096" lon="105.870262"><ele>-6.821</ele><time>2018-09-07T06:33:15Z</time></trkpt><trkpt lat="21.066047" lon="105.870184"><ele>-7.284</ele><time>2018-09-07T06:33:16Z</time></trkpt><trkpt lat="21.066001" lon="105.870109"><ele>-7.552</ele><time>2018-09-07T06:33:17Z</time></trkpt><trkpt lat="21.065956" lon="105.870034"><ele>-7.753</ele><time>2018-09-07T06:33:18Z</time></trkpt><trkpt lat="21.065909" lon="105.869954"><ele>-8.308</ele><time>2018-09-07T06:33:19Z</time></trkpt><trkpt lat="21.065862" lon="105.869873"><ele>-8.508</ele><time>2018-09-07T06:33:20Z</time></trkpt><trkpt lat="21.065813" lon="105.869789"><ele>-9.127</ele><time>2018-09-07T06:33:21Z</time></trkpt><trkpt lat="21.065764" lon="105.869709"><ele>-9.483</ele><time>2018-09-07T06:33:22Z</time></trkpt><trkpt lat="21.065716" lon="105.869629"><ele>-9.728</ele><time>2018-09-07T06:33:23Z</time></trkpt><trkpt lat="21.065674" lon="105.869550"><ele>-10.293</ele><time>2018-09-07T06:33:24Z</time></trkpt><trkpt lat="21.065630" lon="105.869475"><ele>-10.459</ele><time>2018-09-07T06:33:25Z</time></trkpt><trkpt lat="21.065589" lon="105.869401"><ele>-10.795</ele><time>2018-09-07T06:33:26Z</time></trkpt><trkpt lat="21.065549" lon="105.869333"><ele>-10.824</ele><time>2018-09-07T06:33:27Z</time></trkpt><trkpt lat="21.065503" lon="105.869263"><ele>-10.887</ele><time>2018-09-07T06:33:28Z</time></trkpt><trkpt lat="21.065458" lon="105.869195"><ele>-10.831</ele><time>2018-09-07T06:33:29Z</time></trkpt><trkpt lat="21.065415" lon="105.869126"><ele>-10.861</ele><time>2018-09-07T06:33:30Z</time></trkpt><trkpt lat="21.065370" lon="105.869054"><ele>-10.807</ele><time>2018-09-07T06:33:31Z</time></trkpt><trkpt lat="21.065327" lon="105.868980"><ele>-10.808</ele><time>2018-09-07T06:33:32Z</time></trkpt><trkpt lat="21.065280" lon="105.868907"><ele>-10.855</ele><time>2018-09-07T06:33:33Z</time></trkpt><trkpt lat="21.065236" lon="105.868834"><ele>-10.861</ele><time>2018-09-07T06:33:34Z</time></trkpt><trkpt lat="21.065193" lon="105.868769"><ele>-11.396</ele><time>2018-09-07T06:33:35Z</time></trkpt><trkpt lat="21.065150" lon="105.868701"><ele>-11.431</ele><time>2018-09-07T06:33:36Z</time></trkpt><trkpt lat="21.065104" lon="105.868629"><ele>-11.967</ele><time>2018-09-07T06:33:37Z</time></trkpt><trkpt lat="21.065060" lon="105.868555"><ele>-12.383</ele><time>2018-09-07T06:33:38Z</time></trkpt><trkpt lat="21.065011" lon="105.868481"><ele>-12.442</ele><time>2018-09-07T06:33:39Z</time></trkpt><trkpt lat="21.064967" lon="105.868412"><ele>-12.565</ele><time>2018-09-07T06:33:40Z</time></trkpt><trkpt lat="21.064925" lon="105.868342"><ele>-12.715</ele><time>2018-09-07T06:33:41Z</time></trkpt><trkpt lat="21.064882" lon="105.868270"><ele>-13.065</ele><time>2018-09-07T06:33:42Z</time></trkpt><trkpt lat="21.064839" lon="105.868197"><ele>-13.311</ele><time>2018-09-07T06:33:43Z</time></trkpt><trkpt lat="21.064799" lon="105.868125"><ele>-13.508</ele><time>2018-09-07T06:33:44Z</time></trkpt><trkpt lat="21.064757" lon="105.868054"><ele>-13.213</ele><time>2018-09-07T06:33:45Z</time></trkpt><trkpt lat="21.064712" lon="105.867982"><ele>-13.099</ele><time>2018-09-07T06:33:46Z</time></trkpt><trkpt lat="21.064668" lon="105.867910"><ele>-12.954</ele><time>2018-09-07T06:33:47Z</time></trkpt><trkpt lat="21.064625" lon="105.867836"><ele>-12.869</ele><time>2018-09-07T06:33:48Z</time></trkpt><trkpt lat="21.064579" lon="105.867764"><ele>-13.255</ele><time>2018-09-07T06:33:49Z</time></trkpt><trkpt lat="21.064534" lon="105.867700"><ele>-13.081</ele><time>2018-09-07T06:33:50Z</time></trkpt><trkpt lat="21.064493" lon="105.867638"><ele>-12.990</ele><time>2018-09-07T06:33:51Z</time></trkpt><trkpt lat="21.064455" lon="105.867577"><ele>-12.833</ele><time>2018-09-07T06:33:52Z</time></trkpt><trkpt lat="21.064419" lon="105.867513"><ele>-12.822</ele><time>2018-09-07T06:33:53Z</time></trkpt><trkpt lat="21.064381" lon="105.867451"><ele>-12.862</ele><time>2018-09-07T06:33:54Z</time></trkpt><trkpt lat="21.064343" lon="105.867386"><ele>-12.808</ele><time>2018-09-07T06:33:55Z</time></trkpt><trkpt lat="21.064306" lon="105.867324"><ele>-12.808</ele><time>2018-09-07T06:33:56Z</time></trkpt><trkpt lat="21.064270" lon="105.867260"><ele>-12.874</ele><time>2018-09-07T06:33:57Z</time></trkpt><trkpt lat="21.064232" lon="105.867200"><ele>-12.850</ele><time>2018-09-07T06:33:58Z</time></trkpt><trkpt lat="21.064193" lon="105.867132"><ele>-13.255</ele><time>2018-09-07T06:33:59Z</time></trkpt><trkpt lat="21.064155" lon="105.867062"><ele>-13.430</ele><time>2018-09-07T06:34:00Z</time></trkpt><trkpt lat="21.064116" lon="105.866990"><ele>-13.576</ele><time>2018-09-07T06:34:01Z</time></trkpt><trkpt lat="21.064077" lon="105.866919"><ele>-13.682</ele><time>2018-09-07T06:34:02Z</time></trkpt><trkpt lat="21.064040" lon="105.866847"><ele>-13.741</ele><time>2018-09-07T06:34:03Z</time></trkpt><trkpt lat="21.064005" lon="105.866780"><ele>-13.744</ele><time>2018-09-07T06:34:04Z</time></trkpt><trkpt lat="21.063966" lon="105.866714"><ele>-13.773</ele><time>2018-09-07T06:34:05Z</time></trkpt><trkpt lat="21.063927" lon="105.866646"><ele>-13.785</ele><time>2018-09-07T06:34:06Z</time></trkpt><trkpt lat="21.063890" lon="105.866579"><ele>-13.713</ele><time>2018-09-07T06:34:07Z</time></trkpt><trkpt lat="21.063854" lon="105.866513"><ele>-13.708</ele><time>2018-09-07T06:34:08Z</time></trkpt><trkpt lat="21.063814" lon="105.866444"><ele>-13.389</ele><time>2018-09-07T06:34:09Z</time></trkpt><trkpt lat="21.063777" lon="105.866376"><ele>-13.525</ele><time>2018-09-07T06:34:10Z</time></trkpt><trkpt lat="21.063738" lon="105.866306"><ele>-13.670</ele><time>2018-09-07T06:34:11Z</time></trkpt><trkpt lat="21.063699" lon="105.866242"><ele>-13.785</ele><time>2018-09-07T06:34:12Z</time></trkpt><trkpt lat="21.063663" lon="105.866184"><ele>-13.791</ele><time>2018-09-07T06:34:13Z</time></trkpt><trkpt lat="21.063632" lon="105.866126"><ele>-13.747</ele><time>2018-09-07T06:34:14Z</time></trkpt><trkpt lat="21.063599" lon="105.866068"><ele>-13.786</ele><time>2018-09-07T06:34:15Z</time></trkpt><trkpt lat="21.063570" lon="105.866007"><ele>-13.729</ele><time>2018-09-07T06:34:16Z</time></trkpt><trkpt lat="21.063540" lon="105.865945"><ele>-14.181</ele><time>2018-09-07T06:34:17Z</time></trkpt><trkpt lat="21.063512" lon="105.865884"><ele>-14.361</ele><time>2018-09-07T06:34:18Z</time></trkpt><trkpt lat="21.063477" lon="105.865824"><ele>-14.817</ele><time>2018-09-07T06:34:19Z</time></trkpt><trkpt lat="21.063441" lon="105.865761"><ele>-15.508</ele><time>2018-09-07T06:34:20Z</time></trkpt><trkpt lat="21.063403" lon="105.865695"><ele>-15.910</ele><time>2018-09-07T06:34:21Z</time></trkpt><trkpt lat="21.063368" lon="105.865633"><ele>-16.266</ele><time>2018-09-07T06:34:22Z</time></trkpt><trkpt lat="21.063331" lon="105.865571"><ele>-16.581</ele><time>2018-09-07T06:34:23Z</time></trkpt><trkpt lat="21.063298" lon="105.865509"><ele>-16.556</ele><time>2018-09-07T06:34:24Z</time></trkpt><trkpt lat="21.063259" lon="105.865443"><ele>-16.262</ele><time>2018-09-07T06:34:25Z</time></trkpt><trkpt lat="21.063220" lon="105.865378"><ele>-16.048</ele><time>2018-09-07T06:34:26Z</time></trkpt><trkpt lat="21.063183" lon="105.865305"><ele>-15.937</ele><time>2018-09-07T06:34:27Z</time></trkpt><trkpt lat="21.063146" lon="105.865234"><ele>-15.890</ele><time>2018-09-07T06:34:28Z</time></trkpt><trkpt lat="21.063108" lon="105.865165"><ele>-15.888</ele><time>2018-09-07T06:34:29Z</time></trkpt><trkpt lat="21.063068" lon="105.865099"><ele>-15.824</ele><time>2018-09-07T06:34:30Z</time></trkpt><trkpt lat="21.063026" lon="105.865030"><ele>-15.826</ele><time>2018-09-07T06:34:31Z</time></trkpt><trkpt lat="21.062990" lon="105.864960"><ele>-15.808</ele><time>2018-09-07T06:34:32Z</time></trkpt><trkpt lat="21.062952" lon="105.864891"><ele>-15.820</ele><time>2018-09-07T06:34:33Z</time></trkpt><trkpt lat="21.062913" lon="105.864828"><ele>-15.896</ele><time>2018-09-07T06:34:34Z</time></trkpt><trkpt lat="21.062876" lon="105.864763"><ele>-15.491</ele><time>2018-09-07T06:34:35Z</time></trkpt><trkpt lat="21.062838" lon="105.864695"><ele>-15.236</ele><time>2018-09-07T06:34:36Z</time></trkpt><trkpt lat="21.062802" lon="105.864629"><ele>-15.182</ele><time>2018-09-07T06:34:37Z</time></trkpt><trkpt lat="21.062767" lon="105.864566"><ele>-15.088</ele><time>2018-09-07T06:34:38Z</time></trkpt><trkpt lat="21.062731" lon="105.864503"><ele>-14.957</ele><time>2018-09-07T06:34:39Z</time></trkpt><trkpt lat="21.062692" lon="105.864436"><ele>-14.550</ele><time>2018-09-07T06:34:40Z</time></trkpt><trkpt lat="21.062655" lon="105.864364"><ele>-14.244</ele><time>2018-09-07T06:34:41Z</time></trkpt><trkpt lat="21.062619" lon="105.864299"><ele>-14.405</ele><time>2018-09-07T06:34:42Z</time></trkpt><trkpt lat="21.062586" lon="105.864236"><ele>-14.515</ele><time>2018-09-07T06:34:43Z</time></trkpt><trkpt lat="21.062557" lon="105.864174"><ele>-14.208</ele><time>2018-09-07T06:34:44Z</time></trkpt><trkpt lat="21.062524" lon="105.864108"><ele>-14.096</ele><time>2018-09-07T06:34:45Z</time></trkpt><trkpt lat="21.062491" lon="105.864043"><ele>-13.922</ele><time>2018-09-07T06:34:46Z</time></trkpt><trkpt lat="21.062463" lon="105.863980"><ele>-13.897</ele><time>2018-09-07T06:34:47Z</time></trkpt><trkpt lat="21.062434" lon="105.863913"><ele>-13.442</ele><time>2018-09-07T06:34:48Z</time></trkpt><trkpt lat="21.062404" lon="105.863849"><ele>-13.548</ele><time>2018-09-07T06:34:49Z</time></trkpt><trkpt lat="21.062376" lon="105.863781"><ele>-13.294</ele><time>2018-09-07T06:34:50Z</time></trkpt><trkpt lat="21.062346" lon="105.863712"><ele>-13.053</ele><time>2018-09-07T06:34:51Z</time></trkpt><trkpt lat="21.062321" lon="105.863642"><ele>-12.996</ele><time>2018-09-07T06:34:52Z</time></trkpt><trkpt lat="21.062298" lon="105.863571"><ele>-12.816</ele><time>2018-09-07T06:34:53Z</time></trkpt><trkpt lat="21.062276" lon="105.863502"><ele>-12.876</ele><time>2018-09-07T06:34:54Z</time></trkpt><trkpt lat="21.062253" lon="105.863432"><ele>-13.213</ele><time>2018-09-07T06:34:55Z</time></trkpt><trkpt lat="21.062232" lon="105.863367"><ele>-13.408</ele><time>2018-09-07T06:34:56Z</time></trkpt><trkpt lat="21.062207" lon="105.863300"><ele>-13.533</ele><time>2018-09-07T06:34:57Z</time></trkpt><trkpt lat="21.062182" lon="105.863230"><ele>-13.689</ele><time>2018-09-07T06:34:58Z</time></trkpt><trkpt lat="21.062154" lon="105.863157"><ele>-13.664</ele><time>2018-09-07T06:34:59Z</time></trkpt><trkpt lat="21.062127" lon="105.863090"><ele>-13.699</ele><time>2018-09-07T06:35:00Z</time></trkpt><trkpt lat="21.062106" lon="105.863029"><ele>-13.615</ele><time>2018-09-07T06:35:01Z</time></trkpt><trkpt lat="21.062081" lon="105.862973"><ele>-13.681</ele><time>2018-09-07T06:35:02Z</time></trkpt><trkpt lat="21.062052" lon="105.862915"><ele>-13.670</ele><time>2018-09-07T06:35:03Z</time></trkpt><trkpt lat="21.062012" lon="105.862861"><ele>-14.083</ele><time>2018-09-07T06:35:04Z</time></trkpt><trkpt lat="21.061966" lon="105.862814"><ele>-14.244</ele><time>2018-09-07T06:35:05Z</time></trkpt><trkpt lat="21.061912" lon="105.862774"><ele>-14.705</ele><time>2018-09-07T06:35:06Z</time></trkpt><trkpt lat="21.061850" lon="105.862736"><ele>-15.815</ele><time>2018-09-07T06:35:07Z</time></trkpt><trkpt lat="21.061786" lon="105.862700"><ele>-16.508</ele><time>2018-09-07T06:35:08Z</time></trkpt><trkpt lat="21.061724" lon="105.862664"><ele>-17.336</ele><time>2018-09-07T06:35:09Z</time></trkpt><trkpt lat="21.061665" lon="105.862647"><ele>-18.262</ele><time>2018-09-07T06:35:10Z</time></trkpt><trkpt lat="21.061602" lon="105.862641"><ele>-18.727</ele><time>2018-09-07T06:35:11Z</time></trkpt><trkpt lat="21.061532" lon="105.862637"><ele>-19.032</ele><time>2018-09-07T06:35:12Z</time></trkpt><trkpt lat="21.061467" lon="105.862639"><ele>-19.368</ele><time>2018-09-07T06:35:13Z</time></trkpt><trkpt lat="21.061398" lon="105.862663"><ele>-19.334</ele><time>2018-09-07T06:35:14Z</time></trkpt><trkpt lat="21.061330" lon="105.862701"><ele>-19.093</ele><time>2018-09-07T06:35:15Z</time></trkpt><trkpt lat="21.061266" lon="105.862739"><ele>-18.876</ele><time>2018-09-07T06:35:16Z</time></trkpt><trkpt lat="21.061208" lon="105.862774"><ele>-18.795</ele><time>2018-09-07T06:35:17Z</time></trkpt><trkpt lat="21.061147" lon="105.862814"><ele>-18.249</ele><time>2018-09-07T06:35:18Z</time></trkpt><trkpt lat="21.061088" lon="105.862855"><ele>-17.523</ele><time>2018-09-07T06:35:19Z</time></trkpt><trkpt lat="21.061030" lon="105.862894"><ele>-17.108</ele><time>2018-09-07T06:35:20Z</time></trkpt><trkpt lat="21.060972" lon="105.862929"><ele>-16.571</ele><time>2018-09-07T06:35:21Z</time></trkpt><trkpt lat="21.060914" lon="105.862965"><ele>-16.147</ele><time>2018-09-07T06:35:22Z</time></trkpt><trkpt lat="21.060857" lon="105.863003"><ele>-15.962</ele><time>2018-09-07T06:35:23Z</time></trkpt><trkpt lat="21.060797" lon="105.863045"><ele>-15.467</ele><time>2018-09-07T06:35:24Z</time></trkpt><trkpt lat="21.060743" lon="105.863086"><ele>-15.173</ele><time>2018-09-07T06:35:25Z</time></trkpt><trkpt lat="21.060687" lon="105.863127"><ele>-14.569</ele><time>2018-09-07T06:35:26Z</time></trkpt><trkpt lat="21.060629" lon="105.863170"><ele>-14.178</ele><time>2018-09-07T06:35:27Z</time></trkpt><trkpt lat="21.060567" lon="105.863214"><ele>-13.571</ele><time>2018-09-07T06:35:28Z</time></trkpt><trkpt lat="21.060503" lon="105.863257"><ele>-13.162</ele><time>2018-09-07T06:35:29Z</time></trkpt><trkpt lat="21.060442" lon="105.863297"><ele>-12.983</ele><time>2018-09-07T06:35:30Z</time></trkpt><trkpt lat="21.060386" lon="105.863337"><ele>-12.811</ele><time>2018-09-07T06:35:31Z</time></trkpt><trkpt lat="21.060333" lon="105.863372"><ele>-12.808</ele><time>2018-09-07T06:35:32Z</time></trkpt><trkpt lat="21.060283" lon="105.863402"><ele>-12.818</ele><time>2018-09-07T06:35:33Z</time></trkpt><trkpt lat="21.060229" lon="105.863438"><ele>-12.834</ele><time>2018-09-07T06:35:34Z</time></trkpt><trkpt lat="21.060175" lon="105.863477"><ele>-12.839</ele><time>2018-09-07T06:35:35Z</time></trkpt><trkpt lat="21.060125" lon="105.863514"><ele>-12.844</ele><time>2018-09-07T06:35:36Z</time></trkpt><trkpt lat="21.060069" lon="105.863549"><ele>-12.350</ele><time>2018-09-07T06:35:37Z</time></trkpt><trkpt lat="21.060016" lon="105.863584"><ele>-12.226</ele><time>2018-09-07T06:35:38Z</time></trkpt><trkpt lat="21.059961" lon="105.863621"><ele>-12.095</ele><time>2018-09-07T06:35:39Z</time></trkpt><trkpt lat="21.059903" lon="105.863663"><ele>-11.948</ele><time>2018-09-07T06:35:40Z</time></trkpt><trkpt lat="21.059845" lon="105.863706"><ele>-11.883</ele><time>2018-09-07T06:35:41Z</time></trkpt><trkpt lat="21.059793" lon="105.863745"><ele>-11.825</ele><time>2018-09-07T06:35:42Z</time></trkpt><trkpt lat="21.059740" lon="105.863786"><ele>-11.817</ele><time>2018-09-07T06:35:43Z</time></trkpt><trkpt lat="21.059686" lon="105.863826"><ele>-11.408</ele><time>2018-09-07T06:35:44Z</time></trkpt><trkpt lat="21.059631" lon="105.863868"><ele>-11.360</ele><time>2018-09-07T06:35:45Z</time></trkpt><trkpt lat="21.059575" lon="105.863912"><ele>-11.286</ele><time>2018-09-07T06:35:46Z</time></trkpt><trkpt lat="21.059513" lon="105.863957"><ele>-11.051</ele><time>2018-09-07T06:35:47Z</time></trkpt><trkpt lat="21.059451" lon="105.864004"><ele>-10.926</ele><time>2018-09-07T06:35:48Z</time></trkpt><trkpt lat="21.059386" lon="105.864056"><ele>-10.532</ele><time>2018-09-07T06:35:49Z</time></trkpt><trkpt lat="21.059318" lon="105.864104"><ele>-10.338</ele><time>2018-09-07T06:35:50Z</time></trkpt><trkpt lat="21.059247" lon="105.864155"><ele>-10.077</ele><time>2018-09-07T06:35:51Z</time></trkpt><trkpt lat="21.059182" lon="105.864203"><ele>-9.910</ele><time>2018-09-07T06:35:52Z</time></trkpt><trkpt lat="21.059124" lon="105.864247"><ele>-9.877</ele><time>2018-09-07T06:35:53Z</time></trkpt><trkpt lat="21.059066" lon="105.864283"><ele>-9.461</ele><time>2018-09-07T06:35:54Z</time></trkpt><trkpt lat="21.059010" lon="105.864318"><ele>-9.127</ele><time>2018-09-07T06:35:55Z</time></trkpt><trkpt lat="21.058955" lon="105.864354"><ele>-8.908</ele><time>2018-09-07T06:35:56Z</time></trkpt><trkpt lat="21.058902" lon="105.864389"><ele>-8.899</ele><time>2018-09-07T06:35:57Z</time></trkpt><trkpt lat="21.058849" lon="105.864428"><ele>-8.865</ele><time>2018-09-07T06:35:58Z</time></trkpt><trkpt lat="21.058790" lon="105.864462"><ele>-8.880</ele><time>2018-09-07T06:35:59Z</time></trkpt><trkpt lat="21.058730" lon="105.864500"><ele>-8.815</ele><time>2018-09-07T06:36:00Z</time></trkpt><trkpt lat="21.058674" lon="105.864541"><ele>-9.151</ele><time>2018-09-07T06:36:01Z</time></trkpt><trkpt lat="21.058611" lon="105.864583"><ele>-8.927</ele><time>2018-09-07T06:36:02Z</time></trkpt><trkpt lat="21.058554" lon="105.864627"><ele>-8.886</ele><time>2018-09-07T06:36:03Z</time></trkpt><trkpt lat="21.058493" lon="105.864673"><ele>-8.879</ele><time>2018-09-07T06:36:04Z</time></trkpt><trkpt lat="21.058435" lon="105.864714"><ele>-8.844</ele><time>2018-09-07T06:36:05Z</time></trkpt><trkpt lat="21.058375" lon="105.864750"><ele>-8.805</ele><time>2018-09-07T06:36:06Z</time></trkpt><trkpt lat="21.058315" lon="105.864791"><ele>-8.815</ele><time>2018-09-07T06:36:07Z</time></trkpt><trkpt lat="21.058255" lon="105.864835"><ele>-8.808</ele><time>2018-09-07T06:36:08Z</time></trkpt><trkpt lat="21.058197" lon="105.864882"><ele>-8.896</ele><time>2018-09-07T06:36:09Z</time></trkpt><trkpt lat="21.058138" lon="105.864925"><ele>-8.342</ele><time>2018-09-07T06:36:10Z</time></trkpt><trkpt lat="21.058081" lon="105.864967"><ele>-8.187</ele><time>2018-09-07T06:36:11Z</time></trkpt><trkpt lat="21.058021" lon="105.865007"><ele>-8.092</ele><time>2018-09-07T06:36:12Z</time></trkpt><trkpt lat="21.057962" lon="105.865052"><ele>-8.338</ele><time>2018-09-07T06:36:13Z</time></trkpt><trkpt lat="21.057897" lon="105.865097"><ele>-8.524</ele><time>2018-09-07T06:36:14Z</time></trkpt><trkpt lat="21.057830" lon="105.865144"><ele>-8.653</ele><time>2018-09-07T06:36:15Z</time></trkpt><trkpt lat="21.057774" lon="105.865190"><ele>-8.886</ele><time>2018-09-07T06:36:16Z</time></trkpt><trkpt lat="21.057716" lon="105.865235"><ele>-8.839</ele><time>2018-09-07T06:36:17Z</time></trkpt><trkpt lat="21.057660" lon="105.865280"><ele>-8.801</ele><time>2018-09-07T06:36:18Z</time></trkpt><trkpt lat="21.057599" lon="105.865329"><ele>-8.821</ele><time>2018-09-07T06:36:19Z</time></trkpt><trkpt lat="21.057542" lon="105.865376"><ele>-8.808</ele><time>2018-09-07T06:36:20Z</time></trkpt><trkpt lat="21.057485" lon="105.865425"><ele>-8.895</ele><time>2018-09-07T06:36:21Z</time></trkpt><trkpt lat="21.057427" lon="105.865467"><ele>-8.891</ele><time>2018-09-07T06:36:22Z</time></trkpt><trkpt lat="21.057365" lon="105.865509"><ele>-8.836</ele><time>2018-09-07T06:36:23Z</time></trkpt><trkpt lat="21.057305" lon="105.865553"><ele>-8.851</ele><time>2018-09-07T06:36:24Z</time></trkpt><trkpt lat="21.057246" lon="105.865595"><ele>-8.897</ele><time>2018-09-07T06:36:25Z</time></trkpt><trkpt lat="21.057187" lon="105.865634"><ele>-9.113</ele><time>2018-09-07T06:36:26Z</time></trkpt><trkpt lat="21.057130" lon="105.865671"><ele>-9.392</ele><time>2018-09-07T06:36:27Z</time></trkpt><trkpt lat="21.057077" lon="105.865701"><ele>-9.495</ele><time>2018-09-07T06:36:28Z</time></trkpt><trkpt lat="21.057026" lon="105.865730"><ele>-9.911</ele><time>2018-09-07T06:36:29Z</time></trkpt><trkpt lat="21.056969" lon="105.865761"><ele>-10.321</ele><time>2018-09-07T06:36:30Z</time></trkpt><trkpt lat="21.056920" lon="105.865796"><ele>-10.403</ele><time>2018-09-07T06:36:31Z</time></trkpt><trkpt lat="21.056865" lon="105.865832"><ele>-10.508</ele><time>2018-09-07T06:36:32Z</time></trkpt><trkpt lat="21.056807" lon="105.865872"><ele>-10.773</ele><time>2018-09-07T06:36:33Z</time></trkpt><trkpt lat="21.056750" lon="105.865911"><ele>-10.799</ele><time>2018-09-07T06:36:34Z</time></trkpt><trkpt lat="21.056686" lon="105.865946"><ele>-10.774</ele><time>2018-09-07T06:36:35Z</time></trkpt><trkpt lat="21.056620" lon="105.865979"><ele>-10.769</ele><time>2018-09-07T06:36:36Z</time></trkpt><trkpt lat="21.056554" lon="105.866008"><ele>-11.025</ele><time>2018-09-07T06:36:37Z</time></trkpt><trkpt lat="21.056486" lon="105.866032"><ele>-11.351</ele><time>2018-09-07T06:36:38Z</time></trkpt><trkpt lat="21.056420" lon="105.866051"><ele>-11.840</ele><time>2018-09-07T06:36:39Z</time></trkpt><trkpt lat="21.056356" lon="105.866065"><ele>-12.043</ele><time>2018-09-07T06:36:40Z</time></trkpt><trkpt lat="21.056290" lon="105.866078"><ele>-12.339</ele><time>2018-09-07T06:36:41Z</time></trkpt><trkpt lat="21.056227" lon="105.866071"><ele>-12.301</ele><time>2018-09-07T06:36:42Z</time></trkpt><trkpt lat="21.056164" lon="105.866052"><ele>-12.821</ele><time>2018-09-07T06:36:43Z</time></trkpt><trkpt lat="21.056107" lon="105.866025"><ele>-13.508</ele><time>2018-09-07T06:36:44Z</time></trkpt><trkpt lat="21.056058" lon="105.865988"><ele>-13.925</ele><time>2018-09-07T06:36:45Z</time></trkpt><trkpt lat="21.056014" lon="105.865943"><ele>-14.151</ele><time>2018-09-07T06:36:46Z</time></trkpt><trkpt lat="21.055968" lon="105.865893"><ele>-14.266</ele><time>2018-09-07T06:36:47Z</time></trkpt><trkpt lat="21.055922" lon="105.865841"><ele>-14.311</ele><time>2018-09-07T06:36:48Z</time></trkpt><trkpt lat="21.055876" lon="105.865792"><ele>-14.477</ele><time>2018-09-07T06:36:49Z</time></trkpt><trkpt lat="21.055834" lon="105.865744"><ele>-14.073</ele><time>2018-09-07T06:36:50Z</time></trkpt><trkpt lat="21.055791" lon="105.865688"><ele>-13.892</ele><time>2018-09-07T06:36:51Z</time></trkpt><trkpt lat="21.055744" lon="105.865631"><ele>-13.755</ele><time>2018-09-07T06:36:52Z</time></trkpt><trkpt lat="21.055693" lon="105.865578"><ele>-13.641</ele><time>2018-09-07T06:36:53Z</time></trkpt><trkpt lat="21.055646" lon="105.865526"><ele>-13.681</ele><time>2018-09-07T06:36:54Z</time></trkpt><trkpt lat="21.055598" lon="105.865477"><ele>-13.609</ele><time>2018-09-07T06:36:55Z</time></trkpt><trkpt lat="21.055554" lon="105.865436"><ele>-13.208</ele><time>2018-09-07T06:36:56Z</time></trkpt><trkpt lat="21.055503" lon="105.865392"><ele>-12.956</ele><time>2018-09-07T06:36:57Z</time></trkpt><trkpt lat="21.055451" lon="105.865357"><ele>-12.812</ele><time>2018-09-07T06:36:58Z</time></trkpt><trkpt lat="21.055398" lon="105.865318"><ele>-12.797</ele><time>2018-09-07T06:36:59Z</time></trkpt><trkpt lat="21.055338" lon="105.865276"><ele>-12.552</ele><time>2018-09-07T06:37:00Z</time></trkpt><trkpt lat="21.055272" lon="105.865234"><ele>-12.578</ele><time>2018-09-07T06:37:01Z</time></trkpt><trkpt lat="21.055202" lon="105.865198"><ele>-12.534</ele><time>2018-09-07T06:37:02Z</time></trkpt><trkpt lat="21.055132" lon="105.865164"><ele>-12.543</ele><time>2018-09-07T06:37:03Z</time></trkpt><trkpt lat="21.055065" lon="105.865127"><ele>-12.276</ele><time>2018-09-07T06:37:04Z</time></trkpt><trkpt lat="21.054995" lon="105.865088"><ele>-11.985</ele><time>2018-09-07T06:37:05Z</time></trkpt><trkpt lat="21.054920" lon="105.865048"><ele>-11.889</ele><time>2018-09-07T06:37:06Z</time></trkpt><trkpt lat="21.054849" lon="105.865009"><ele>-11.817</ele><time>2018-09-07T06:37:07Z</time></trkpt><trkpt lat="21.054781" lon="105.864962"><ele>-12.008</ele><time>2018-09-07T06:37:08Z</time></trkpt><trkpt lat="21.054710" lon="105.864922"><ele>-12.390</ele><time>2018-09-07T06:37:09Z</time></trkpt><trkpt lat="21.054643" lon="105.864885"><ele>-12.826</ele><time>2018-09-07T06:37:10Z</time></trkpt><trkpt lat="21.054577" lon="105.864856"><ele>-13.051</ele><time>2018-09-07T06:37:11Z</time></trkpt><trkpt lat="21.054513" lon="105.864825"><ele>-13.286</ele><time>2018-09-07T06:37:12Z</time></trkpt><trkpt lat="21.054450" lon="105.864790"><ele>-13.372</ele><time>2018-09-07T06:37:13Z</time></trkpt><trkpt lat="21.054389" lon="105.864755"><ele>-13.888</ele><time>2018-09-07T06:37:14Z</time></trkpt><trkpt lat="21.054327" lon="105.864721"><ele>-14.127</ele><time>2018-09-07T06:37:15Z</time></trkpt><trkpt lat="21.054261" lon="105.864698"><ele>-13.910</ele><time>2018-09-07T06:37:16Z</time></trkpt><trkpt lat="21.054195" lon="105.864667"><ele>-13.861</ele><time>2018-09-07T06:37:17Z</time></trkpt><trkpt lat="21.054132" lon="105.864634"><ele>-14.121</ele><time>2018-09-07T06:37:18Z</time></trkpt><trkpt lat="21.054070" lon="105.864600"><ele>-14.313</ele><time>2018-09-07T06:37:19Z</time></trkpt><trkpt lat="21.054002" lon="105.864564"><ele>-14.408</ele><time>2018-09-07T06:37:20Z</time></trkpt><trkpt lat="21.053940" lon="105.864528"><ele>-14.598</ele><time>2018-09-07T06:37:21Z</time></trkpt><trkpt lat="21.053876" lon="105.864487"><ele>-14.514</ele><time>2018-09-07T06:37:22Z</time></trkpt><trkpt lat="21.053820" lon="105.864441"><ele>-14.169</ele><time>2018-09-07T06:37:23Z</time></trkpt><trkpt lat="21.053768" lon="105.864399"><ele>-13.914</ele><time>2018-09-07T06:37:24Z</time></trkpt><trkpt lat="21.053712" lon="105.864360"><ele>-13.840</ele><time>2018-09-07T06:37:25Z</time></trkpt><trkpt lat="21.053652" lon="105.864319"><ele>-14.176</ele><time>2018-09-07T06:37:26Z</time></trkpt><trkpt lat="21.053591" lon="105.864279"><ele>-14.395</ele><time>2018-09-07T06:37:27Z</time></trkpt><trkpt lat="21.053524" lon="105.864240"><ele>-14.428</ele><time>2018-09-07T06:37:28Z</time></trkpt><trkpt lat="21.053461" lon="105.864193"><ele>-14.583</ele><time>2018-09-07T06:37:29Z</time></trkpt><trkpt lat="21.053394" lon="105.864151"><ele>-14.125</ele><time>2018-09-07T06:37:30Z</time></trkpt><trkpt lat="21.053329" lon="105.864108"><ele>-13.917</ele><time>2018-09-07T06:37:31Z</time></trkpt><trkpt lat="21.053263" lon="105.864062"><ele>-13.808</ele><time>2018-09-07T06:37:32Z</time></trkpt><trkpt lat="21.053201" lon="105.864018"><ele>-13.720</ele><time>2018-09-07T06:37:33Z</time></trkpt><trkpt lat="21.053139" lon="105.863975"><ele>-13.786</ele><time>2018-09-07T06:37:34Z</time></trkpt><trkpt lat="21.053081" lon="105.863932"><ele>-13.721</ele><time>2018-09-07T06:37:35Z</time></trkpt><trkpt lat="21.053027" lon="105.863886"><ele>-13.766</ele><time>2018-09-07T06:37:36Z</time></trkpt><trkpt lat="21.052971" lon="105.863849"><ele>-13.722</ele><time>2018-09-07T06:37:37Z</time></trkpt><trkpt lat="21.052919" lon="105.863809"><ele>-13.718</ele><time>2018-09-07T06:37:38Z</time></trkpt><trkpt lat="21.052865" lon="105.863773"><ele>-13.717</ele><time>2018-09-07T06:37:39Z</time></trkpt><trkpt lat="21.052813" lon="105.863739"><ele>-14.180</ele><time>2018-09-07T06:37:40Z</time></trkpt><trkpt lat="21.052759" lon="105.863711"><ele>-14.322</ele><time>2018-09-07T06:37:41Z</time></trkpt><trkpt lat="21.052704" lon="105.863681"><ele>-14.462</ele><time>2018-09-07T06:37:42Z</time></trkpt><trkpt lat="21.052642" lon="105.863651"><ele>-14.108</ele><time>2018-09-07T06:37:43Z</time></trkpt><trkpt lat="21.052583" lon="105.863634"><ele>-13.908</ele><time>2018-09-07T06:37:44Z</time></trkpt><trkpt lat="21.052514" lon="105.863632"><ele>-14.264</ele><time>2018-09-07T06:37:45Z</time></trkpt><trkpt lat="21.052444" lon="105.863636"><ele>-14.420</ele><time>2018-09-07T06:37:46Z</time></trkpt><trkpt lat="21.052371" lon="105.863647"><ele>-14.565</ele><time>2018-09-07T06:37:47Z</time></trkpt><trkpt lat="21.052299" lon="105.863664"><ele>-14.290</ele><time>2018-09-07T06:37:48Z</time></trkpt><trkpt lat="21.052229" lon="105.863677"><ele>-14.026</ele><time>2018-09-07T06:37:49Z</time></trkpt><trkpt lat="21.052153" lon="105.863691"><ele>-13.962</ele><time>2018-09-07T06:37:50Z</time></trkpt><trkpt lat="21.052076" lon="105.863709"><ele>-13.441</ele><time>2018-09-07T06:37:51Z</time></trkpt><trkpt lat="21.052001" lon="105.863733"><ele>-13.174</ele><time>2018-09-07T06:37:52Z</time></trkpt><trkpt lat="21.051925" lon="105.863754"><ele>-12.592</ele><time>2018-09-07T06:37:53Z</time></trkpt><trkpt lat="21.051848" lon="105.863776"><ele>-12.373</ele><time>2018-09-07T06:37:54Z</time></trkpt><trkpt lat="21.051773" lon="105.863796"><ele>-12.020</ele><time>2018-09-07T06:37:55Z</time></trkpt><trkpt lat="21.051701" lon="105.863816"><ele>-11.508</ele><time>2018-09-07T06:37:56Z</time></trkpt><trkpt lat="21.051631" lon="105.863835"><ele>-11.371</ele><time>2018-09-07T06:37:57Z</time></trkpt><trkpt lat="21.051565" lon="105.863849"><ele>-11.017</ele><time>2018-09-07T06:37:58Z</time></trkpt><trkpt lat="21.051503" lon="105.863865"><ele>-10.942</ele><time>2018-09-07T06:37:59Z</time></trkpt><trkpt lat="21.051442" lon="105.863881"><ele>-10.897</ele><time>2018-09-07T06:38:00Z</time></trkpt><trkpt lat="21.051380" lon="105.863904"><ele>-10.493</ele><time>2018-09-07T06:38:01Z</time></trkpt><trkpt lat="21.051319" lon="105.863931"><ele>-10.289</ele><time>2018-09-07T06:38:02Z</time></trkpt><trkpt lat="21.051267" lon="105.863960"><ele>-10.338</ele><time>2018-09-07T06:38:03Z</time></trkpt><trkpt lat="21.051215" lon="105.863990"><ele>-10.421</ele><time>2018-09-07T06:38:04Z</time></trkpt><trkpt lat="21.051161" lon="105.864023"><ele>-10.568</ele><time>2018-09-07T06:38:05Z</time></trkpt><trkpt lat="21.051109" lon="105.864063"><ele>-10.742</ele><time>2018-09-07T06:38:06Z</time></trkpt><trkpt lat="21.051061" lon="105.864105"><ele>-10.726</ele><time>2018-09-07T06:38:07Z</time></trkpt><trkpt lat="21.051015" lon="105.864149"><ele>-10.708</ele><time>2018-09-07T06:38:08Z</time></trkpt><trkpt lat="21.050968" lon="105.864197"><ele>-10.778</ele><time>2018-09-07T06:38:09Z</time></trkpt><trkpt lat="21.050912" lon="105.864251"><ele>-10.714</ele><time>2018-09-07T06:38:10Z</time></trkpt><trkpt lat="21.050856" lon="105.864304"><ele>-10.769</ele><time>2018-09-07T06:38:11Z</time></trkpt><trkpt lat="21.050808" lon="105.864366"><ele>-10.784</ele><time>2018-09-07T06:38:12Z</time></trkpt><trkpt lat="21.050763" lon="105.864427"><ele>-10.740</ele><time>2018-09-07T06:38:13Z</time></trkpt><trkpt lat="21.050715" lon="105.864489"><ele>-10.756</ele><time>2018-09-07T06:38:14Z</time></trkpt><trkpt lat="21.050663" lon="105.864552"><ele>-10.745</ele><time>2018-09-07T06:38:15Z</time></trkpt><trkpt lat="21.050606" lon="105.864612"><ele>-10.798</ele><time>2018-09-07T06:38:16Z</time></trkpt><trkpt lat="21.050538" lon="105.864665"><ele>-11.033</ele><time>2018-09-07T06:38:17Z</time></trkpt><trkpt lat="21.050470" lon="105.864714"><ele>-11.323</ele><time>2018-09-07T06:38:18Z</time></trkpt><trkpt lat="21.050397" lon="105.864760"><ele>-11.315</ele><time>2018-09-07T06:38:19Z</time></trkpt><trkpt lat="21.050324" lon="105.864793"><ele>-11.408</ele><time>2018-09-07T06:38:20Z</time></trkpt><trkpt lat="21.050251" lon="105.864820"><ele>-11.955</ele><time>2018-09-07T06:38:21Z</time></trkpt><trkpt lat="21.050181" lon="105.864843"><ele>-12.361</ele><time>2018-09-07T06:38:22Z</time></trkpt><trkpt lat="21.050116" lon="105.864860"><ele>-12.876</ele><time>2018-09-07T06:38:23Z</time></trkpt><trkpt lat="21.050044" lon="105.864877"><ele>-13.181</ele><time>2018-09-07T06:38:24Z</time></trkpt><trkpt lat="21.049972" lon="105.864888"><ele>-13.317</ele><time>2018-09-07T06:38:25Z</time></trkpt><trkpt lat="21.049904" lon="105.864894"><ele>-13.483</ele><time>2018-09-07T06:38:26Z</time></trkpt><trkpt lat="21.049838" lon="105.864905"><ele>-13.552</ele><time>2018-09-07T06:38:27Z</time></trkpt><trkpt lat="21.049775" lon="105.864920"><ele>-13.595</ele><time>2018-09-07T06:38:28Z</time></trkpt><trkpt lat="21.049710" lon="105.864934"><ele>-13.552</ele><time>2018-09-07T06:38:29Z</time></trkpt><trkpt lat="21.049645" lon="105.864949"><ele>-13.153</ele><time>2018-09-07T06:38:30Z</time></trkpt><trkpt lat="21.049582" lon="105.864966"><ele>-12.908</ele><time>2018-09-07T06:38:31Z</time></trkpt><trkpt lat="21.049513" lon="105.864983"><ele>-12.808</ele><time>2018-09-07T06:38:32Z</time></trkpt><trkpt lat="21.049445" lon="105.865001"><ele>-12.347</ele><time>2018-09-07T06:38:33Z</time></trkpt><trkpt lat="21.049376" lon="105.865021"><ele>-12.033</ele><time>2018-09-07T06:38:34Z</time></trkpt><trkpt lat="21.049305" lon="105.865038"><ele>-11.838</ele><time>2018-09-07T06:38:35Z</time></trkpt><trkpt lat="21.049235" lon="105.865054"><ele>-11.873</ele><time>2018-09-07T06:38:36Z</time></trkpt><trkpt lat="21.049169" lon="105.865073"><ele>-11.749</ele><time>2018-09-07T06:38:37Z</time></trkpt><trkpt lat="21.049103" lon="105.865089"><ele>-11.715</ele><time>2018-09-07T06:38:38Z</time></trkpt><trkpt lat="21.049035" lon="105.865105"><ele>-11.794</ele><time>2018-09-07T06:38:39Z</time></trkpt><trkpt lat="21.048966" lon="105.865119"><ele>-11.757</ele><time>2018-09-07T06:38:40Z</time></trkpt><trkpt lat="21.048895" lon="105.865134"><ele>-11.794</ele><time>2018-09-07T06:38:41Z</time></trkpt><trkpt lat="21.048821" lon="105.865152"><ele>-11.757</ele><time>2018-09-07T06:38:42Z</time></trkpt><trkpt lat="21.048753" lon="105.865172"><ele>-11.722</ele><time>2018-09-07T06:38:43Z</time></trkpt><trkpt lat="21.048681" lon="105.865193"><ele>-11.708</ele><time>2018-09-07T06:38:44Z</time></trkpt><trkpt lat="21.048607" lon="105.865213"><ele>-11.761</ele><time>2018-09-07T06:38:45Z</time></trkpt><trkpt lat="21.048534" lon="105.865231"><ele>-11.757</ele><time>2018-09-07T06:38:46Z</time></trkpt><trkpt lat="21.048464" lon="105.865250"><ele>-11.752</ele><time>2018-09-07T06:38:47Z</time></trkpt><trkpt lat="21.048395" lon="105.865271"><ele>-11.717</ele><time>2018-09-07T06:38:48Z</time></trkpt><trkpt lat="21.048325" lon="105.865290"><ele>-11.763</ele><time>2018-09-07T06:38:49Z</time></trkpt><trkpt lat="21.048255" lon="105.865308"><ele>-11.779</ele><time>2018-09-07T06:38:50Z</time></trkpt><trkpt lat="21.048186" lon="105.865324"><ele>-11.328</ele><time>2018-09-07T06:38:51Z</time></trkpt><trkpt lat="21.048123" lon="105.865338"><ele>-11.451</ele><time>2018-09-07T06:38:52Z</time></trkpt><trkpt lat="21.048064" lon="105.865351"><ele>-11.549</ele><time>2018-09-07T06:38:53Z</time></trkpt><trkpt lat="21.048001" lon="105.865367"><ele>-11.702</ele><time>2018-09-07T06:38:54Z</time></trkpt><trkpt lat="21.047936" lon="105.865385"><ele>-11.722</ele><time>2018-09-07T06:38:55Z</time></trkpt><trkpt lat="21.047876" lon="105.865404"><ele>-11.708</ele><time>2018-09-07T06:38:56Z</time></trkpt><trkpt lat="21.047813" lon="105.865415"><ele>-11.346</ele><time>2018-09-07T06:38:57Z</time></trkpt><trkpt lat="21.047752" lon="105.865429"><ele>-11.462</ele><time>2018-09-07T06:38:58Z</time></trkpt><trkpt lat="21.047686" lon="105.865451"><ele>-11.587</ele><time>2018-09-07T06:38:59Z</time></trkpt><trkpt lat="21.047623" lon="105.865465"><ele>-12.022</ele><time>2018-09-07T06:39:00Z</time></trkpt><trkpt lat="21.047568" lon="105.865481"><ele>-12.318</ele><time>2018-09-07T06:39:01Z</time></trkpt><trkpt lat="21.047516" lon="105.865491"><ele>-12.564</ele><time>2018-09-07T06:39:02Z</time></trkpt><trkpt lat="21.047458" lon="105.865492"><ele>-12.723</ele><time>2018-09-07T06:39:03Z</time></trkpt><trkpt lat="21.047397" lon="105.865481"><ele>-12.846</ele><time>2018-09-07T06:39:04Z</time></trkpt><trkpt lat="21.047336" lon="105.865461"><ele>-12.853</ele><time>2018-09-07T06:39:05Z</time></trkpt><trkpt lat="21.047275" lon="105.865432"><ele>-12.804</ele><time>2018-09-07T06:39:06Z</time></trkpt><trkpt lat="21.047212" lon="105.865401"><ele>-12.814</ele><time>2018-09-07T06:39:07Z</time></trkpt><trkpt lat="21.047148" lon="105.865371"><ele>-12.808</ele><time>2018-09-07T06:39:08Z</time></trkpt><trkpt lat="21.047077" lon="105.865333"><ele>-12.887</ele><time>2018-09-07T06:39:09Z</time></trkpt><trkpt lat="21.047004" lon="105.865295"><ele>-12.833</ele><time>2018-09-07T06:39:10Z</time></trkpt><trkpt lat="21.046933" lon="105.865264"><ele>-13.168</ele><time>2018-09-07T06:39:11Z</time></trkpt><trkpt lat="21.046865" lon="105.865230"><ele>-13.383</ele><time>2018-09-07T06:39:12Z</time></trkpt><trkpt lat="21.046794" lon="105.865206"><ele>-13.449</ele><time>2018-09-07T06:39:13Z</time></trkpt><trkpt lat="21.046724" lon="105.865189"><ele>-13.515</ele><time>2018-09-07T06:39:14Z</time></trkpt><trkpt lat="21.046646" lon="105.865188"><ele>-13.694</ele><time>2018-09-07T06:39:15Z</time></trkpt><trkpt lat="21.046570" lon="105.865192"><ele>-13.687</ele><time>2018-09-07T06:39:16Z</time></trkpt><trkpt lat="21.046499" lon="105.865198"><ele>-14.087</ele><time>2018-09-07T06:39:17Z</time></trkpt><trkpt lat="21.046429" lon="105.865208"><ele>-13.942</ele><time>2018-09-07T06:39:18Z</time></trkpt><trkpt lat="21.046364" lon="105.865226"><ele>-13.826</ele><time>2018-09-07T06:39:19Z</time></trkpt><trkpt lat="21.046304" lon="105.865239"><ele>-13.708</ele><time>2018-09-07T06:39:20Z</time></trkpt><trkpt lat="21.046249" lon="105.865256"><ele>-13.360</ele><time>2018-09-07T06:39:21Z</time></trkpt><trkpt lat="21.046196" lon="105.865274"><ele>-13.036</ele><time>2018-09-07T06:39:22Z</time></trkpt><trkpt lat="21.046148" lon="105.865291"><ele>-13.241</ele><time>2018-09-07T06:39:23Z</time></trkpt><trkpt lat="21.046082" lon="105.865311"><ele>-13.366</ele><time>2018-09-07T06:39:25Z</time></trkpt><trkpt lat="21.046021" lon="105.865340"><ele>-13.092</ele><time>2018-09-07T06:39:28Z</time></trkpt><trkpt lat="21.045944" lon="105.865376"><ele>-12.868</ele><time>2018-09-07T06:39:29Z</time></trkpt><trkpt lat="21.045888" lon="105.865422"><ele>-12.827</ele><time>2018-09-07T06:39:30Z</time></trkpt><trkpt lat="21.045834" lon="105.865490"><ele>-12.740</ele><time>2018-09-07T06:39:32Z</time></trkpt><trkpt lat="21.045783" lon="105.865535"><ele>-12.771</ele><time>2018-09-07T06:39:34Z</time></trkpt><trkpt lat="21.045736" lon="105.865578"><ele>-12.741</ele><time>2018-09-07T06:39:37Z</time></trkpt><trkpt lat="21.045723" lon="105.865676"><ele>-12.715</ele><time>2018-09-07T06:39:39Z</time></trkpt><trkpt lat="21.045749" lon="105.865726"><ele>-13.008</ele><time>2018-09-07T06:39:40Z</time></trkpt><trkpt lat="21.045784" lon="105.865782"><ele>-13.249</ele><time>2018-09-07T06:39:42Z</time></trkpt><trkpt lat="21.045860" lon="105.865882"><ele>-13.375</ele><time>2018-09-07T06:39:44Z</time></trkpt><trkpt lat="21.045886" lon="105.865924"><ele>-13.430</ele><time>2018-09-07T06:39:45Z</time></trkpt><trkpt lat="21.045924" lon="105.865976"><ele>-13.185</ele><time>2018-09-07T06:39:47Z</time></trkpt><trkpt lat="21.045958" lon="105.866022"><ele>-13.341</ele><time>2018-09-07T06:39:50Z</time></trkpt><trkpt lat="21.046001" lon="105.866053"><ele>-13.437</ele><time>2018-09-07T06:39:53Z</time></trkpt><trkpt lat="21.046051" lon="105.866044"><ele>-13.576</ele><time>2018-09-07T06:39:56Z</time></trkpt><trkpt lat="21.046068" lon="105.865997"><ele>-13.519</ele><time>2018-09-07T06:39:59Z</time></trkpt><trkpt lat="21.046057" lon="105.865877"><ele>-13.552</ele><time>2018-09-07T06:40:01Z</time></trkpt><trkpt lat="21.046055" lon="105.865805"><ele>-13.153</ele><time>2018-09-07T06:40:02Z</time></trkpt><trkpt lat="21.046039" lon="105.865735"><ele>-12.908</ele><time>2018-09-07T06:40:03Z</time></trkpt><trkpt lat="21.046014" lon="105.865650"><ele>-12.408</ele><time>2018-09-07T06:40:04Z</time></trkpt><trkpt lat="21.045995" lon="105.865568"><ele>-11.867</ele><time>2018-09-07T06:40:05Z</time></trkpt><trkpt lat="21.045982" lon="105.865470"><ele>-10.993</ele><time>2018-09-07T06:40:06Z</time></trkpt><trkpt lat="21.045960" lon="105.865376"><ele>-10.048</ele><time>2018-09-07T06:40:07Z</time></trkpt><trkpt lat="21.045939" lon="105.865300"><ele>-9.583</ele><time>2018-09-07T06:40:08Z</time></trkpt><trkpt lat="21.045914" lon="105.865215"><ele>-9.339</ele><time>2018-09-07T06:40:09Z</time></trkpt><trkpt lat="21.045881" lon="105.865128"><ele>-8.675</ele><time>2018-09-07T06:40:10Z</time></trkpt><trkpt lat="21.045853" lon="105.865047"><ele>-8.384</ele><time>2018-09-07T06:40:11Z</time></trkpt><trkpt lat="21.045827" lon="105.864966"><ele>-8.417</ele><time>2018-09-07T06:40:12Z</time></trkpt><trkpt lat="21.045806" lon="105.864903"><ele>-8.157</ele><time>2018-09-07T06:40:13Z</time></trkpt><trkpt lat="21.045786" lon="105.864839"><ele>-7.900</ele><time>2018-09-07T06:40:14Z</time></trkpt><trkpt lat="21.045763" lon="105.864770"><ele>-7.820</ele><time>2018-09-07T06:40:15Z</time></trkpt><trkpt lat="21.045739" lon="105.864702"><ele>-7.708</ele><time>2018-09-07T06:40:16Z</time></trkpt><trkpt lat="21.045718" lon="105.864631"><ele>-8.137</ele><time>2018-09-07T06:40:17Z</time></trkpt><trkpt lat="21.045691" lon="105.864561"><ele>-8.323</ele><time>2018-09-07T06:40:18Z</time></trkpt><trkpt lat="21.045665" lon="105.864487"><ele>-8.828</ele><time>2018-09-07T06:40:19Z</time></trkpt><trkpt lat="21.045638" lon="105.864411"><ele>-9.123</ele><time>2018-09-07T06:40:20Z</time></trkpt><trkpt lat="21.045608" lon="105.864335"><ele>-9.349</ele><time>2018-09-07T06:40:21Z</time></trkpt><trkpt lat="21.045579" lon="105.864261"><ele>-9.455</ele><time>2018-09-07T06:40:22Z</time></trkpt><trkpt lat="21.045549" lon="105.864186"><ele>-9.574</ele><time>2018-09-07T06:40:23Z</time></trkpt><trkpt lat="21.045523" lon="105.864114"><ele>-9.947</ele><time>2018-09-07T06:40:24Z</time></trkpt><trkpt lat="21.045498" lon="105.864047"><ele>-10.311</ele><time>2018-09-07T06:40:25Z</time></trkpt><trkpt lat="21.045475" lon="105.863979"><ele>-10.421</ele><time>2018-09-07T06:40:26Z</time></trkpt><trkpt lat="21.045454" lon="105.863917"><ele>-10.503</ele><time>2018-09-07T06:40:27Z</time></trkpt><trkpt lat="21.045426" lon="105.863851"><ele>-10.708</ele><time>2018-09-07T06:40:28Z</time></trkpt><trkpt lat="21.045403" lon="105.863789"><ele>-11.023</ele><time>2018-09-07T06:40:29Z</time></trkpt><trkpt lat="21.045382" lon="105.863729"><ele>-11.369</ele><time>2018-09-07T06:40:30Z</time></trkpt><trkpt lat="21.045356" lon="105.863671"><ele>-11.564</ele><time>2018-09-07T06:40:31Z</time></trkpt><trkpt lat="21.045330" lon="105.863614"><ele>-11.779</ele><time>2018-09-07T06:40:32Z</time></trkpt><trkpt lat="21.045305" lon="105.863553"><ele>-11.865</ele><time>2018-09-07T06:40:33Z</time></trkpt><trkpt lat="21.045281" lon="105.863490"><ele>-11.891</ele><time>2018-09-07T06:40:34Z</time></trkpt><trkpt lat="21.045258" lon="105.863425"><ele>-11.850</ele><time>2018-09-07T06:40:35Z</time></trkpt><trkpt lat="21.045233" lon="105.863363"><ele>-11.873</ele><time>2018-09-07T06:40:36Z</time></trkpt><trkpt lat="21.045208" lon="105.863300"><ele>-12.259</ele><time>2018-09-07T06:40:37Z</time></trkpt><trkpt lat="21.045183" lon="105.863232"><ele>-12.303</ele><time>2018-09-07T06:40:38Z</time></trkpt><trkpt lat="21.045162" lon="105.863170"><ele>-12.423</ele><time>2018-09-07T06:40:39Z</time></trkpt><trkpt lat="21.045141" lon="105.863110"><ele>-12.908</ele><time>2018-09-07T06:40:40Z</time></trkpt><trkpt lat="21.045121" lon="105.863049"><ele>-13.277</ele><time>2018-09-07T06:40:41Z</time></trkpt><trkpt lat="21.045100" lon="105.862987"><ele>-13.493</ele><time>2018-09-07T06:40:42Z</time></trkpt><trkpt lat="21.045075" lon="105.862925"><ele>-13.518</ele><time>2018-09-07T06:40:43Z</time></trkpt><trkpt lat="21.045049" lon="105.862860"><ele>-13.643</ele><time>2018-09-07T06:40:44Z</time></trkpt><trkpt lat="21.045027" lon="105.862792"><ele>-13.669</ele><time>2018-09-07T06:40:45Z</time></trkpt><trkpt lat="21.045001" lon="105.862732"><ele>-13.665</ele><time>2018-09-07T06:40:46Z</time></trkpt><trkpt lat="21.044977" lon="105.862668"><ele>-13.664</ele><time>2018-09-07T06:40:47Z</time></trkpt><trkpt lat="21.044951" lon="105.862605"><ele>-13.677</ele><time>2018-09-07T06:40:48Z</time></trkpt><trkpt lat="21.044926" lon="105.862546"><ele>-13.658</ele><time>2018-09-07T06:40:49Z</time></trkpt><trkpt lat="21.044902" lon="105.862492"><ele>-13.652</ele><time>2018-09-07T06:40:50Z</time></trkpt><trkpt lat="21.044880" lon="105.862436"><ele>-13.617</ele><time>2018-09-07T06:40:51Z</time></trkpt><trkpt lat="21.044857" lon="105.862379"><ele>-13.608</ele><time>2018-09-07T06:40:52Z</time></trkpt><trkpt lat="21.044836" lon="105.862320"><ele>-13.687</ele><time>2018-09-07T06:40:53Z</time></trkpt><trkpt lat="21.044812" lon="105.862258"><ele>-14.083</ele><time>2018-09-07T06:40:54Z</time></trkpt><trkpt lat="21.044788" lon="105.862194"><ele>-14.258</ele><time>2018-09-07T06:40:55Z</time></trkpt><trkpt lat="21.044764" lon="105.862132"><ele>-14.333</ele><time>2018-09-07T06:40:56Z</time></trkpt><trkpt lat="21.044740" lon="105.862072"><ele>-14.849</ele><time>2018-09-07T06:40:57Z</time></trkpt><trkpt lat="21.044714" lon="105.862014"><ele>-15.165</ele><time>2018-09-07T06:40:58Z</time></trkpt><trkpt lat="21.044689" lon="105.861956"><ele>-15.354</ele><time>2018-09-07T06:40:59Z</time></trkpt><trkpt lat="21.044664" lon="105.861898"><ele>-15.437</ele><time>2018-09-07T06:41:00Z</time></trkpt><trkpt lat="21.044639" lon="105.861839"><ele>-15.994</ele><time>2018-09-07T06:41:01Z</time></trkpt><trkpt lat="21.044616" lon="105.861776"><ele>-16.257</ele><time>2018-09-07T06:41:02Z</time></trkpt><trkpt lat="21.044594" lon="105.861718"><ele>-16.522</ele><time>2018-09-07T06:41:03Z</time></trkpt><trkpt lat="21.044571" lon="105.861661"><ele>-16.508</ele><time>2018-09-07T06:41:04Z</time></trkpt><trkpt lat="21.044550" lon="105.861603"><ele>-16.671</ele><time>2018-09-07T06:41:05Z</time></trkpt><trkpt lat="21.044531" lon="105.861548"><ele>-16.657</ele><time>2018-09-07T06:41:06Z</time></trkpt><trkpt lat="21.044508" lon="105.861488"><ele>-16.622</ele><time>2018-09-07T06:41:07Z</time></trkpt><trkpt lat="21.044487" lon="105.861417"><ele>-16.237</ele><time>2018-09-07T06:41:08Z</time></trkpt><trkpt lat="21.044464" lon="105.861349"><ele>-16.563</ele><time>2018-09-07T06:41:09Z</time></trkpt><trkpt lat="21.044436" lon="105.861276"><ele>-16.119</ele><time>2018-09-07T06:41:10Z</time></trkpt><trkpt lat="21.044405" lon="105.861202"><ele>-16.328</ele><time>2018-09-07T06:41:11Z</time></trkpt><trkpt lat="21.044376" lon="105.861131"><ele>-16.541</ele><time>2018-09-07T06:41:12Z</time></trkpt><trkpt lat="21.044350" lon="105.861065"><ele>-16.531</ele><time>2018-09-07T06:41:13Z</time></trkpt><trkpt lat="21.044323" lon="105.860997"><ele>-16.561</ele><time>2018-09-07T06:41:14Z</time></trkpt><trkpt lat="21.044298" lon="105.860932"><ele>-16.507</ele><time>2018-09-07T06:41:15Z</time></trkpt><trkpt lat="21.044271" lon="105.860867"><ele>-16.508</ele><time>2018-09-07T06:41:16Z</time></trkpt><trkpt lat="21.044243" lon="105.860805"><ele>-16.595</ele><time>2018-09-07T06:41:17Z</time></trkpt><trkpt lat="21.044217" lon="105.860740"><ele>-16.521</ele><time>2018-09-07T06:41:18Z</time></trkpt><trkpt lat="21.044134" lon="105.860532"><ele>-16.586</ele><time>2018-09-07T06:41:21Z</time></trkpt><trkpt lat="21.044103" lon="105.860458"><ele>-16.541</ele><time>2018-09-07T06:41:22Z</time></trkpt><trkpt lat="21.044077" lon="105.860396"><ele>-16.517</ele><time>2018-09-07T06:41:23Z</time></trkpt><trkpt lat="21.044050" lon="105.860331"><ele>-16.553</ele><time>2018-09-07T06:41:24Z</time></trkpt><trkpt lat="21.044030" lon="105.860272"><ele>-16.532</ele><time>2018-09-07T06:41:25Z</time></trkpt><trkpt lat="21.044005" lon="105.860208"><ele>-16.135</ele><time>2018-09-07T06:41:26Z</time></trkpt><trkpt lat="21.043976" lon="105.860138"><ele>-15.558</ele><time>2018-09-07T06:41:27Z</time></trkpt><trkpt lat="21.043950" lon="105.860071"><ele>-15.152</ele><time>2018-09-07T06:41:28Z</time></trkpt><trkpt lat="21.043928" lon="105.860005"><ele>-14.917</ele><time>2018-09-07T06:41:29Z</time></trkpt><trkpt lat="21.043904" lon="105.859939"><ele>-14.408</ele><time>2018-09-07T06:41:30Z</time></trkpt><trkpt lat="21.043885" lon="105.859872"><ele>-13.747</ele><time>2018-09-07T06:41:31Z</time></trkpt><trkpt lat="21.043861" lon="105.859804"><ele>-13.333</ele><time>2018-09-07T06:41:32Z</time></trkpt><trkpt lat="21.043841" lon="105.859744"><ele>-13.028</ele><time>2018-09-07T06:41:33Z</time></trkpt><trkpt lat="21.043819" lon="105.859687"><ele>-12.853</ele><time>2018-09-07T06:41:34Z</time></trkpt><trkpt lat="21.043791" lon="105.859631"><ele>-12.339</ele><time>2018-09-07T06:41:35Z</time></trkpt><trkpt lat="21.043758" lon="105.859567"><ele>-12.085</ele><time>2018-09-07T06:41:36Z</time></trkpt><trkpt lat="21.043730" lon="105.859504"><ele>-11.454</ele><time>2018-09-07T06:41:37Z</time></trkpt><trkpt lat="21.043701" lon="105.859443"><ele>-10.847</ele><time>2018-09-07T06:41:38Z</time></trkpt><trkpt lat="21.043675" lon="105.859374"><ele>-10.352</ele><time>2018-09-07T06:41:39Z</time></trkpt><trkpt lat="21.043650" lon="105.859307"><ele>-10.053</ele><time>2018-09-07T06:41:40Z</time></trkpt><trkpt lat="21.043626" lon="105.859240"><ele>-9.808</ele><time>2018-09-07T06:41:41Z</time></trkpt><trkpt lat="21.043604" lon="105.859171"><ele>-10.208</ele><time>2018-09-07T06:41:42Z</time></trkpt><trkpt lat="21.043581" lon="105.859103"><ele>-10.327</ele><time>2018-09-07T06:41:43Z</time></trkpt><trkpt lat="21.043553" lon="105.859035"><ele>-10.473</ele><time>2018-09-07T06:41:44Z</time></trkpt><trkpt lat="21.043530" lon="105.858968"><ele>-10.558</ele><time>2018-09-07T06:41:45Z</time></trkpt><trkpt lat="21.043506" lon="105.858905"><ele>-10.223</ele><time>2018-09-07T06:41:46Z</time></trkpt><trkpt lat="21.043481" lon="105.858840"><ele>-9.939</ele><time>2018-09-07T06:41:47Z</time></trkpt><trkpt lat="21.043453" lon="105.858775"><ele>-9.885</ele><time>2018-09-07T06:41:48Z</time></trkpt><trkpt lat="21.043423" lon="105.858715"><ele>-9.864</ele><time>2018-09-07T06:41:49Z</time></trkpt><trkpt lat="21.043396" lon="105.858654"><ele>-9.377</ele><time>2018-09-07T06:41:50Z</time></trkpt><trkpt lat="21.043373" lon="105.858602"><ele>-9.014</ele><time>2018-09-07T06:41:51Z</time></trkpt><trkpt lat="21.043350" lon="105.858545"><ele>-8.854</ele><time>2018-09-07T06:41:52Z</time></trkpt><trkpt lat="21.043328" lon="105.858493"><ele>-8.309</ele><time>2018-09-07T06:41:53Z</time></trkpt><trkpt lat="21.043304" lon="105.858439"><ele>-8.008</ele><time>2018-09-07T06:41:54Z</time></trkpt><trkpt lat="21.043279" lon="105.858388"><ele>-7.833</ele><time>2018-09-07T06:41:55Z</time></trkpt><trkpt lat="21.043255" lon="105.858332"><ele>-7.779</ele><time>2018-09-07T06:41:56Z</time></trkpt><trkpt lat="21.043233" lon="105.858274"><ele>-7.224</ele><time>2018-09-07T06:41:57Z</time></trkpt><trkpt lat="21.043212" lon="105.858220"><ele>-6.939</ele><time>2018-09-07T06:41:58Z</time></trkpt><trkpt lat="21.043192" lon="105.858169"><ele>-6.425</ele><time>2018-09-07T06:41:59Z</time></trkpt><trkpt lat="21.043171" lon="105.858111"><ele>-6.011</ele><time>2018-09-07T06:42:00Z</time></trkpt><trkpt lat="21.043148" lon="105.858054"><ele>-5.990</ele><time>2018-09-07T06:42:01Z</time></trkpt><trkpt lat="21.043131" lon="105.857994"><ele>-5.763</ele><time>2018-09-07T06:42:02Z</time></trkpt><trkpt lat="21.043110" lon="105.857930"><ele>-5.735</ele><time>2018-09-07T06:42:03Z</time></trkpt><trkpt lat="21.043086" lon="105.857863"><ele>-5.786</ele><time>2018-09-07T06:42:04Z</time></trkpt><trkpt lat="21.043060" lon="105.857795"><ele>-5.714</ele><time>2018-09-07T06:42:05Z</time></trkpt><trkpt lat="21.043030" lon="105.857724"><ele>-5.208</ele><time>2018-09-07T06:42:06Z</time></trkpt><trkpt lat="21.042997" lon="105.857654"><ele>-5.035</ele><time>2018-09-07T06:42:07Z</time></trkpt><trkpt lat="21.042964" lon="105.857581"><ele>-4.941</ele><time>2018-09-07T06:42:08Z</time></trkpt><trkpt lat="21.042932" lon="105.857504"><ele>-4.986</ele><time>2018-09-07T06:42:09Z</time></trkpt><trkpt lat="21.042903" lon="105.857432"><ele>-4.771</ele><time>2018-09-07T06:42:10Z</time></trkpt><trkpt lat="21.042875" lon="105.857361"><ele>-4.777</ele><time>2018-09-07T06:42:11Z</time></trkpt><trkpt lat="21.042849" lon="105.857290"><ele>-4.323</ele><time>2018-09-07T06:42:12Z</time></trkpt><trkpt lat="21.042824" lon="105.857224"><ele>-4.052</ele><time>2018-09-07T06:42:13Z</time></trkpt><trkpt lat="21.042797" lon="105.857161"><ele>-3.885</ele><time>2018-09-07T06:42:14Z</time></trkpt><trkpt lat="21.042767" lon="105.857092"><ele>-4.256</ele><time>2018-09-07T06:42:15Z</time></trkpt><trkpt lat="21.042743" lon="105.857026"><ele>-4.359</ele><time>2018-09-07T06:42:16Z</time></trkpt><trkpt lat="21.042718" lon="105.856960"><ele>-4.414</ele><time>2018-09-07T06:42:17Z</time></trkpt><trkpt lat="21.042695" lon="105.856896"><ele>-4.508</ele><time>2018-09-07T06:42:18Z</time></trkpt><trkpt lat="21.042671" lon="105.856835"><ele>-4.527</ele><time>2018-09-07T06:42:19Z</time></trkpt><trkpt lat="21.042646" lon="105.856769"><ele>-4.583</ele><time>2018-09-07T06:42:20Z</time></trkpt><trkpt lat="21.042622" lon="105.856704"><ele>-4.528</ele><time>2018-09-07T06:42:21Z</time></trkpt><trkpt lat="21.042599" lon="105.856639"><ele>-4.553</ele><time>2018-09-07T06:42:22Z</time></trkpt><trkpt lat="21.042574" lon="105.856576"><ele>-4.539</ele><time>2018-09-07T06:42:23Z</time></trkpt><trkpt lat="21.042552" lon="105.856510"><ele>-4.575</ele><time>2018-09-07T06:42:24Z</time></trkpt><trkpt lat="21.042529" lon="105.856447"><ele>-4.584</ele><time>2018-09-07T06:42:25Z</time></trkpt><trkpt lat="21.042508" lon="105.856384"><ele>-4.517</ele><time>2018-09-07T06:42:26Z</time></trkpt><trkpt lat="21.042485" lon="105.856322"><ele>-4.534</ele><time>2018-09-07T06:42:27Z</time></trkpt><trkpt lat="21.042458" lon="105.856261"><ele>-4.955</ele><time>2018-09-07T06:42:28Z</time></trkpt><trkpt lat="21.042428" lon="105.856196"><ele>-5.210</ele><time>2018-09-07T06:42:29Z</time></trkpt><trkpt lat="21.042396" lon="105.856129"><ele>-5.208</ele><time>2018-09-07T06:42:30Z</time></trkpt><trkpt lat="21.042371" lon="105.856061"><ele>-5.475</ele><time>2018-09-07T06:42:31Z</time></trkpt><trkpt lat="21.042346" lon="105.855996"><ele>-5.411</ele><time>2018-09-07T06:42:32Z</time></trkpt><trkpt lat="21.042318" lon="105.855930"><ele>-5.476</ele><time>2018-09-07T06:42:33Z</time></trkpt><trkpt lat="21.042293" lon="105.855858"><ele>-5.491</ele><time>2018-09-07T06:42:34Z</time></trkpt><trkpt lat="21.042269" lon="105.855785"><ele>-5.467</ele><time>2018-09-07T06:42:35Z</time></trkpt><trkpt lat="21.042243" lon="105.855714"><ele>-5.973</ele><time>2018-09-07T06:42:36Z</time></trkpt><trkpt lat="21.042215" lon="105.855640"><ele>-6.032</ele><time>2018-09-07T06:42:37Z</time></trkpt><trkpt lat="21.042187" lon="105.855576"><ele>-6.245</ele><time>2018-09-07T06:42:38Z</time></trkpt><trkpt lat="21.042160" lon="105.855509"><ele>-6.291</ele><time>2018-09-07T06:42:39Z</time></trkpt><trkpt lat="21.042134" lon="105.855442"><ele>-5.981</ele><time>2018-09-07T06:42:40Z</time></trkpt><trkpt lat="21.042110" lon="105.855383"><ele>-6.219</ele><time>2018-09-07T06:42:41Z</time></trkpt><trkpt lat="21.042088" lon="105.855328"><ele>-6.208</ele><time>2018-09-07T06:42:42Z</time></trkpt><trkpt lat="21.042065" lon="105.855267"><ele>-6.431</ele><time>2018-09-07T06:42:43Z</time></trkpt><trkpt lat="21.042037" lon="105.855204"><ele>-6.437</ele><time>2018-09-07T06:42:44Z</time></trkpt><trkpt lat="21.042011" lon="105.855143"><ele>-6.472</ele><time>2018-09-07T06:42:45Z</time></trkpt><trkpt lat="21.041988" lon="105.855088"><ele>-6.447</ele><time>2018-09-07T06:42:46Z</time></trkpt><trkpt lat="21.041966" lon="105.855034"><ele>-6.473</ele><time>2018-09-07T06:42:47Z</time></trkpt><trkpt lat="21.041942" lon="105.854979"><ele>-5.999</ele><time>2018-09-07T06:42:48Z</time></trkpt><trkpt lat="21.041918" lon="105.854926"><ele>-5.728</ele><time>2018-09-07T06:42:49Z</time></trkpt><trkpt lat="21.041897" lon="105.854870"><ele>-5.241</ele><time>2018-09-07T06:42:50Z</time></trkpt><trkpt lat="21.041876" lon="105.854814"><ele>-4.999</ele><time>2018-09-07T06:42:51Z</time></trkpt><trkpt lat="21.041854" lon="105.854753"><ele>-4.307</ele><time>2018-09-07T06:42:52Z</time></trkpt><trkpt lat="21.041832" lon="105.854690"><ele>-3.927</ele><time>2018-09-07T06:42:53Z</time></trkpt><trkpt lat="21.041805" lon="105.854628"><ele>-3.708</ele><time>2018-09-07T06:42:54Z</time></trkpt><trkpt lat="21.041778" lon="105.854570"><ele>-3.641</ele><time>2018-09-07T06:42:55Z</time></trkpt><trkpt lat="21.041752" lon="105.854513"><ele>-3.527</ele><time>2018-09-07T06:42:56Z</time></trkpt><trkpt lat="21.041728" lon="105.854455"><ele>-3.552</ele><time>2018-09-07T06:42:57Z</time></trkpt><trkpt lat="21.041704" lon="105.854393"><ele>-3.517</ele><time>2018-09-07T06:42:58Z</time></trkpt><trkpt lat="21.041680" lon="105.854333"><ele>-3.533</ele><time>2018-09-07T06:42:59Z</time></trkpt><trkpt lat="21.041657" lon="105.854273"><ele>-3.599</ele><time>2018-09-07T06:43:00Z</time></trkpt><trkpt lat="21.041636" lon="105.854220"><ele>-3.188</ele><time>2018-09-07T06:43:01Z</time></trkpt><trkpt lat="21.041614" lon="105.854157"><ele>-3.091</ele><time>2018-09-07T06:43:02Z</time></trkpt><trkpt lat="21.041595" lon="105.854099"><ele>-2.568</ele><time>2018-09-07T06:43:03Z</time></trkpt><trkpt lat="21.041574" lon="105.854036"><ele>-2.142</ele><time>2018-09-07T06:43:04Z</time></trkpt><trkpt lat="21.041548" lon="105.853976"><ele>-1.926</ele><time>2018-09-07T06:43:05Z</time></trkpt><trkpt lat="21.041522" lon="105.853911"><ele>-1.808</ele><time>2018-09-07T06:43:06Z</time></trkpt><trkpt lat="21.041501" lon="105.853849"><ele>-2.188</ele><time>2018-09-07T06:43:07Z</time></trkpt><trkpt lat="21.041475" lon="105.853778"><ele>-2.444</ele><time>2018-09-07T06:43:08Z</time></trkpt><trkpt lat="21.041452" lon="105.853711"><ele>-2.589</ele><time>2018-09-07T06:43:09Z</time></trkpt><trkpt lat="21.041429" lon="105.853650"><ele>-3.084</ele><time>2018-09-07T06:43:10Z</time></trkpt><trkpt lat="21.041408" lon="105.853589"><ele>-3.230</ele><time>2018-09-07T06:43:11Z</time></trkpt><trkpt lat="21.041391" lon="105.853530"><ele>-3.016</ele><time>2018-09-07T06:43:12Z</time></trkpt><trkpt lat="21.041370" lon="105.853477"><ele>-3.075</ele><time>2018-09-07T06:43:13Z</time></trkpt><trkpt lat="21.041349" lon="105.853425"><ele>-2.998</ele><time>2018-09-07T06:43:14Z</time></trkpt><trkpt lat="21.041327" lon="105.853372"><ele>-2.959</ele><time>2018-09-07T06:43:15Z</time></trkpt><trkpt lat="21.041304" lon="105.853315"><ele>-2.903</ele><time>2018-09-07T06:43:16Z</time></trkpt><trkpt lat="21.041283" lon="105.853249"><ele>-2.923</ele><time>2018-09-07T06:43:17Z</time></trkpt><trkpt lat="21.041261" lon="105.853189"><ele>-2.908</ele><time>2018-09-07T06:43:18Z</time></trkpt><trkpt lat="21.041237" lon="105.853131"><ele>-2.987</ele><time>2018-09-07T06:43:19Z</time></trkpt><trkpt lat="21.041207" lon="105.853068"><ele>-2.973</ele><time>2018-09-07T06:43:20Z</time></trkpt><trkpt lat="21.041174" lon="105.853003"><ele>-3.298</ele><time>2018-09-07T06:43:21Z</time></trkpt><trkpt lat="21.041142" lon="105.852938"><ele>-3.453</ele><time>2018-09-07T06:43:22Z</time></trkpt><trkpt lat="21.041111" lon="105.852869"><ele>-3.989</ele><time>2018-09-07T06:43:23Z</time></trkpt><trkpt lat="21.041081" lon="105.852800"><ele>-4.215</ele><time>2018-09-07T06:43:24Z</time></trkpt><trkpt lat="21.041049" lon="105.852728"><ele>-4.434</ele><time>2018-09-07T06:43:25Z</time></trkpt><trkpt lat="21.041016" lon="105.852658"><ele>-4.587</ele><time>2018-09-07T06:43:26Z</time></trkpt><trkpt lat="21.040981" lon="105.852591"><ele>-4.234</ele><time>2018-09-07T06:43:27Z</time></trkpt><trkpt lat="21.040952" lon="105.852527"><ele>-4.455</ele><time>2018-09-07T06:43:28Z</time></trkpt><trkpt lat="21.040924" lon="105.852461"><ele>-4.210</ele><time>2018-09-07T06:43:29Z</time></trkpt><trkpt lat="21.040896" lon="105.852396"><ele>-3.908</ele><time>2018-09-07T06:43:30Z</time></trkpt><trkpt lat="21.040869" lon="105.852329"><ele>-3.895</ele><time>2018-09-07T06:43:31Z</time></trkpt><trkpt lat="21.040840" lon="105.852263"><ele>-3.331</ele><time>2018-09-07T06:43:32Z</time></trkpt><trkpt lat="21.040807" lon="105.852197"><ele>-3.066</ele><time>2018-09-07T06:43:33Z</time></trkpt><trkpt lat="21.040774" lon="105.852133"><ele>-2.941</ele><time>2018-09-07T06:43:34Z</time></trkpt><trkpt lat="21.040744" lon="105.852075"><ele>-2.427</ele><time>2018-09-07T06:43:35Z</time></trkpt><trkpt lat="21.040715" lon="105.852012"><ele>-2.083</ele><time>2018-09-07T06:43:36Z</time></trkpt><trkpt lat="21.040690" lon="105.851949"><ele>-1.822</ele><time>2018-09-07T06:43:37Z</time></trkpt><trkpt lat="21.040665" lon="105.851889"><ele>-1.335</ele><time>2018-09-07T06:43:38Z</time></trkpt><trkpt lat="21.040644" lon="105.851832"><ele>-1.048</ele><time>2018-09-07T06:43:39Z</time></trkpt><trkpt lat="21.040624" lon="105.851776"><ele>-0.861</ele><time>2018-09-07T06:43:40Z</time></trkpt><trkpt lat="21.040601" lon="105.851717"><ele>-0.817</ele><time>2018-09-07T06:43:41Z</time></trkpt><trkpt lat="21.040583" lon="105.851661"><ele>-0.708</ele><time>2018-09-07T06:43:42Z</time></trkpt><trkpt lat="21.040562" lon="105.851606"><ele>-0.776</ele><time>2018-09-07T06:43:43Z</time></trkpt><trkpt lat="21.040543" lon="105.851554"><ele>-0.212</ele><time>2018-09-07T06:43:44Z</time></trkpt><trkpt lat="21.040519" lon="105.851503"><ele>0.197</ele><time>2018-09-07T06:43:45Z</time></trkpt><trkpt lat="21.040469" lon="105.851430"><ele>0.332</ele><time>2018-09-07T06:43:47Z</time></trkpt><trkpt lat="21.040445" lon="105.851382"><ele>0.028</ele><time>2018-09-07T06:43:48Z</time></trkpt><trkpt lat="21.040425" lon="105.851328"><ele>-0.284</ele><time>2018-09-07T06:43:49Z</time></trkpt><trkpt lat="21.040410" lon="105.851273"><ele>-0.873</ele><time>2018-09-07T06:43:50Z</time></trkpt><trkpt lat="21.040398" lon="105.851217"><ele>-0.766</ele><time>2018-09-07T06:43:51Z</time></trkpt><trkpt lat="21.040386" lon="105.851163"><ele>-0.923</ele><time>2018-09-07T06:43:52Z</time></trkpt><trkpt lat="21.040371" lon="105.851102"><ele>-1.183</ele><time>2018-09-07T06:43:53Z</time></trkpt><trkpt lat="21.040358" lon="105.851043"><ele>-1.311</ele><time>2018-09-07T06:43:54Z</time></trkpt><trkpt lat="21.040345" lon="105.850976"><ele>-1.308</ele><time>2018-09-07T06:43:55Z</time></trkpt><trkpt lat="21.040331" lon="105.850923"><ele>-1.334</ele><time>2018-09-07T06:43:56Z</time></trkpt><trkpt lat="21.040317" lon="105.850870"><ele>-0.920</ele><time>2018-09-07T06:43:57Z</time></trkpt><trkpt lat="21.040299" lon="105.850815"><ele>-0.835</ele><time>2018-09-07T06:43:58Z</time></trkpt><trkpt lat="21.040278" lon="105.850758"><ele>-0.710</ele><time>2018-09-07T06:43:59Z</time></trkpt><trkpt lat="21.040254" lon="105.850705"><ele>-0.536</ele><time>2018-09-07T06:44:00Z</time></trkpt><trkpt lat="21.040234" lon="105.850652"><ele>-0.592</ele><time>2018-09-07T06:44:01Z</time></trkpt><trkpt lat="21.040213" lon="105.850601"><ele>-0.571</ele><time>2018-09-07T06:44:02Z</time></trkpt><trkpt lat="21.040192" lon="105.850548"><ele>-0.184</ele><time>2018-09-07T06:44:03Z</time></trkpt><trkpt lat="21.040176" lon="105.850495"><ele>0.255</ele><time>2018-09-07T06:44:04Z</time></trkpt><trkpt lat="21.040159" lon="105.850447"><ele>0.007</ele><time>2018-09-07T06:44:05Z</time></trkpt><trkpt lat="21.040135" lon="105.850399"><ele>-0.117</ele><time>2018-09-07T06:44:06Z</time></trkpt><trkpt lat="21.040109" lon="105.850357"><ele>-0.208</ele><time>2018-09-07T06:44:08Z</time></trkpt><trkpt lat="21.040023" lon="105.850305"><ele>-0.467</ele><time>2018-09-07T06:44:10Z</time></trkpt><trkpt lat="21.039971" lon="105.850312"><ele>-0.453</ele><time>2018-09-07T06:44:11Z</time></trkpt><trkpt lat="21.039915" lon="105.850323"><ele>-0.448</ele><time>2018-09-07T06:44:12Z</time></trkpt><trkpt lat="21.039859" lon="105.850348"><ele>-0.883</ele><time>2018-09-07T06:44:13Z</time></trkpt><trkpt lat="21.039801" lon="105.850380"><ele>-0.969</ele><time>2018-09-07T06:44:14Z</time></trkpt><trkpt lat="21.039744" lon="105.850424"><ele>-1.085</ele><time>2018-09-07T06:44:15Z</time></trkpt><trkpt lat="21.039687" lon="105.850479"><ele>-1.184</ele><time>2018-09-07T06:44:16Z</time></trkpt><trkpt lat="21.039634" lon="105.850544"><ele>-1.657</ele><time>2018-09-07T06:44:17Z</time></trkpt><trkpt lat="21.039603" lon="105.850598"><ele>-1.931</ele><time>2018-09-07T06:44:18Z</time></trkpt><trkpt lat="21.039577" lon="105.850657"><ele>-2.161</ele><time>2018-09-07T06:44:19Z</time></trkpt><trkpt lat="21.039558" lon="105.850712"><ele>-2.207</ele><time>2018-09-07T06:44:20Z</time></trkpt><trkpt lat="21.039547" lon="105.850763"><ele>-3.108</ele><time>2018-09-07T06:44:21Z</time></trkpt><trkpt lat="21.039541" lon="105.850833"><ele>-4.015</ele><time>2018-09-07T06:44:23Z</time></trkpt><trkpt lat="21.039550" lon="105.850882"><ele>-4.571</ele><time>2018-09-07T06:44:25Z</time></trkpt><trkpt lat="21.039562" lon="105.850942"><ele>-5.236</ele><time>2018-09-07T06:44:28Z</time></trkpt><trkpt lat="21.039526" lon="105.850984"><ele>-5.781</ele><time>2018-09-07T06:44:32Z</time></trkpt><trkpt lat="21.039479" lon="105.850961"><ele>-5.997</ele><time>2018-09-07T06:44:35Z</time></trkpt><trkpt lat="21.039440" lon="105.850930"><ele>-6.293</ele><time>2018-09-07T06:44:37Z</time></trkpt><trkpt lat="21.039410" lon="105.850893"><ele>-6.262</ele><time>2018-09-07T06:44:39Z</time></trkpt><trkpt lat="21.039340" lon="105.850813"><ele>-6.435</ele><time>2018-09-07T06:44:45Z</time></trkpt><trkpt lat="21.039306" lon="105.850757"><ele>-7.148</ele><time>2018-09-07T06:44:48Z</time></trkpt><trkpt lat="21.039286" lon="105.850713"><ele>-7.661</ele><time>2018-09-07T06:44:50Z</time></trkpt><trkpt lat="21.039258" lon="105.850662"><ele>-8.317</ele><time>2018-09-07T06:44:53Z</time></trkpt><trkpt lat="21.039214" lon="105.850598"><ele>-8.808</ele><time>2018-09-07T06:45:03Z</time></trkpt><trkpt lat="21.039191" lon="105.850536"><ele>-8.396</ele><time>2018-09-07T06:45:30Z</time></trkpt><trkpt lat="21.039157" lon="105.850450"><ele>-7.142</ele><time>2018-09-07T06:45:36Z</time></trkpt><trkpt lat="21.039119" lon="105.850346"><ele>-6.087</ele><time>2018-09-07T06:45:43Z</time></trkpt><trkpt lat="21.039101" lon="105.850269"><ele>-5.072</ele><time>2018-09-07T06:45:49Z</time></trkpt><trkpt lat="21.039090" lon="105.850213"><ele>-4.998</ele><time>2018-09-07T06:45:55Z</time></trkpt><trkpt lat="21.039069" lon="105.850159"><ele>-4.394</ele><time>2018-09-07T06:46:01Z</time></trkpt><trkpt lat="21.039047" lon="105.850097"><ele>-3.663</ele><time>2018-09-07T06:46:07Z</time></trkpt><trkpt lat="21.039052" lon="105.850043"><ele>-3.266</ele><time>2018-09-07T06:46:10Z</time></trkpt><trkpt lat="21.039077" lon="105.849994"><ele>-3.321</ele><time>2018-09-07T06:46:12Z</time></trkpt><trkpt lat="21.039128" lon="105.849939"><ele>-3.841</ele><time>2018-09-07T06:46:14Z</time></trkpt><trkpt lat="21.039170" lon="105.849897"><ele>-3.705</ele><time>2018-09-07T06:46:16Z</time></trkpt><trkpt lat="21.039219" lon="105.849858"><ele>-4.008</ele><time>2018-09-07T06:46:19Z</time></trkpt><trkpt lat="21.039284" lon="105.849837"><ele>-5.024</ele><time>2018-09-07T06:46:26Z</time></trkpt><trkpt lat="21.039329" lon="105.849819"><ele>-6.050</ele><time>2018-09-07T06:46:32Z</time></trkpt><trkpt lat="21.039375" lon="105.849804"><ele>-6.665</ele><time>2018-09-07T06:46:36Z</time></trkpt><trkpt lat="21.039424" lon="105.849795"><ele>-7.430</ele><time>2018-09-07T06:46:41Z</time></trkpt><trkpt lat="21.039478" lon="105.849777"><ele>-8.326</ele><time>2018-09-07T06:46:50Z</time></trkpt><trkpt lat="21.039526" lon="105.849755"><ele>-9.312</ele><time>2018-09-07T06:46:56Z</time></trkpt><trkpt lat="21.039575" lon="105.849723"><ele>-10.271</ele><time>2018-09-07T06:46:59Z</time></trkpt><trkpt lat="21.039636" lon="105.849696"><ele>-11.294</ele><time>2018-09-07T06:47:01Z</time></trkpt><trkpt lat="21.039689" lon="105.849690"><ele>-10.962</ele><time>2018-09-07T06:47:03Z</time></trkpt><trkpt lat="21.039745" lon="105.849684"><ele>-10.883</ele><time>2018-09-07T06:47:06Z</time></trkpt><trkpt lat="21.039808" lon="105.849667"><ele>-9.911</ele><time>2018-09-07T06:47:09Z</time></trkpt><trkpt lat="21.039857" lon="105.849650"><ele>-8.608</ele><time>2018-09-07T06:47:11Z</time></trkpt><trkpt lat="21.039901" lon="105.849626"><ele>-7.498</ele><time>2018-09-07T06:47:13Z</time></trkpt><trkpt lat="21.039943" lon="105.849589"><ele>-6.714</ele><time>2018-09-07T06:47:15Z</time></trkpt><trkpt lat="21.039993" lon="105.849551"><ele>-6.429</ele><time>2018-09-07T06:47:17Z</time></trkpt><trkpt lat="21.040057" lon="105.849511"><ele>-6.014</ele><time>2018-09-07T06:47:19Z</time></trkpt><trkpt lat="21.040119" lon="105.849471"><ele>-5.930</ele><time>2018-09-07T06:47:21Z</time></trkpt><trkpt lat="21.040181" lon="105.849422"><ele>-5.476</ele><time>2018-09-07T06:47:23Z</time></trkpt><trkpt lat="21.040233" lon="105.849382"><ele>-5.045</ele><time>2018-09-07T06:47:25Z</time></trkpt><trkpt lat="21.040278" lon="105.849354"><ele>-5.298</ele><time>2018-09-07T06:47:27Z</time></trkpt><trkpt lat="21.040325" lon="105.849324"><ele>-5.497</ele><time>2018-09-07T06:47:29Z</time></trkpt><trkpt lat="21.040366" lon="105.849297"><ele>-5.423</ele><time>2018-09-07T06:47:31Z</time></trkpt><trkpt lat="21.040412" lon="105.849272"><ele>-5.925</ele><time>2018-09-07T06:47:34Z</time></trkpt><trkpt lat="21.040453" lon="105.849247"><ele>-6.208</ele><time>2018-09-07T06:47:37Z</time></trkpt><trkpt lat="21.040502" lon="105.849221"><ele>-6.461</ele><time>2018-09-07T06:47:40Z</time></trkpt><trkpt lat="21.040555" lon="105.849205"><ele>-6.447</ele><time>2018-09-07T06:47:42Z</time></trkpt><trkpt lat="21.040643" lon="105.849174"><ele>-6.582</ele><time>2018-09-07T06:47:43Z</time></trkpt><trkpt lat="21.040698" lon="105.849158"><ele>-6.597</ele><time>2018-09-07T06:47:44Z</time></trkpt><trkpt lat="21.040750" lon="105.849132"><ele>-6.953</ele><time>2018-09-07T06:47:45Z</time></trkpt><trkpt lat="21.040811" lon="105.849114"><ele>-7.299</ele><time>2018-09-07T06:47:46Z</time></trkpt><trkpt lat="21.040868" lon="105.849101"><ele>-7.838</ele><time>2018-09-07T06:47:47Z</time></trkpt><trkpt lat="21.040933" lon="105.849092"><ele>-8.141</ele><time>2018-09-07T06:47:48Z</time></trkpt><trkpt lat="21.040992" lon="105.849091"><ele>-8.362</ele><time>2018-09-07T06:47:49Z</time></trkpt><trkpt lat="21.041055" lon="105.849087"><ele>-8.483</ele><time>2018-09-07T06:47:50Z</time></trkpt><trkpt lat="21.041103" lon="105.849085"><ele>-8.511</ele><time>2018-09-07T06:47:51Z</time></trkpt><trkpt lat="21.041160" lon="105.849096"><ele>-8.908</ele><time>2018-09-07T06:47:52Z</time></trkpt><trkpt lat="21.041209" lon="105.849089"><ele>-9.348</ele><time>2018-09-07T06:47:54Z</time></trkpt><trkpt lat="21.041241" lon="105.849047"><ele>-9.824</ele><time>2018-09-07T06:47:57Z</time></trkpt><trkpt lat="21.041244" lon="105.848931"><ele>-10.259</ele><time>2018-09-07T06:47:59Z</time></trkpt><trkpt lat="21.041219" lon="105.848873"><ele>-10.344</ele><time>2018-09-07T06:48:00Z</time></trkpt><trkpt lat="21.041209" lon="105.848816"><ele>-10.440</ele><time>2018-09-07T06:48:01Z</time></trkpt><trkpt lat="21.041200" lon="105.848760"><ele>-10.546</ele><time>2018-09-07T06:48:03Z</time></trkpt><trkpt lat="21.041185" lon="105.848699"><ele>-10.575</ele><time>2018-09-07T06:48:05Z</time></trkpt><trkpt lat="21.041172" lon="105.848635"><ele>-10.588</ele><time>2018-09-07T06:48:08Z</time></trkpt><trkpt lat="21.041143" lon="105.848574"><ele>-10.241</ele><time>2018-09-07T06:48:10Z</time></trkpt><trkpt lat="21.041103" lon="105.848494"><ele>-10.381</ele><time>2018-09-07T06:48:12Z</time></trkpt><trkpt lat="21.041067" lon="105.848411"><ele>-10.409</ele><time>2018-09-07T06:48:14Z</time></trkpt><trkpt lat="21.041040" lon="105.848349"><ele>-10.508</ele><time>2018-09-07T06:48:16Z</time></trkpt><trkpt lat="21.041014" lon="105.848282"><ele>-10.576</ele><time>2018-09-07T06:48:18Z</time></trkpt><trkpt lat="21.040993" lon="105.848214"><ele>-10.912</ele><time>2018-09-07T06:48:20Z</time></trkpt><trkpt lat="21.040998" lon="105.848145"><ele>-11.337</ele><time>2018-09-07T06:48:22Z</time></trkpt><trkpt lat="21.041021" lon="105.848082"><ele>-11.472</ele><time>2018-09-07T06:48:24Z</time></trkpt><trkpt lat="21.041113" lon="105.847958"><ele>-11.578</ele><time>2018-09-07T06:48:26Z</time></trkpt><trkpt lat="21.041176" lon="105.847907"><ele>-11.734</ele><time>2018-09-07T06:48:27Z</time></trkpt><trkpt lat="21.041246" lon="105.847866"><ele>-11.723</ele><time>2018-09-07T06:48:28Z</time></trkpt><trkpt lat="21.041333" lon="105.847827"><ele>-12.026</ele><time>2018-09-07T06:48:29Z</time></trkpt><trkpt lat="21.041403" lon="105.847775"><ele>-12.394</ele><time>2018-09-07T06:48:30Z</time></trkpt><trkpt lat="21.041469" lon="105.847729"><ele>-12.957</ele><time>2018-09-07T06:48:31Z</time></trkpt><trkpt lat="21.041537" lon="105.847697"><ele>-13.222</ele><time>2018-09-07T06:48:32Z</time></trkpt><trkpt lat="21.041601" lon="105.847674"><ele>-13.408</ele><time>2018-09-07T06:48:33Z</time></trkpt><trkpt lat="21.041655" lon="105.847664"><ele>-13.531</ele><time>2018-09-07T06:48:34Z</time></trkpt><trkpt lat="21.041722" lon="105.847637"><ele>-14.067</ele><time>2018-09-07T06:48:37Z</time></trkpt><trkpt lat="21.041762" lon="105.847606"><ele>-14.312</ele><time>2018-09-07T06:48:39Z</time></trkpt><trkpt lat="21.041794" lon="105.847565"><ele>-14.517</ele><time>2018-09-07T06:48:41Z</time></trkpt><trkpt lat="21.041832" lon="105.847508"><ele>-15.023</ele><time>2018-09-07T06:48:43Z</time></trkpt><trkpt lat="21.041873" lon="105.847439"><ele>-15.739</ele><time>2018-09-07T06:48:45Z</time></trkpt><trkpt lat="21.041961" lon="105.847291"><ele>-16.148</ele><time>2018-09-07T06:48:47Z</time></trkpt><trkpt lat="21.041985" lon="105.847237"><ele>-16.861</ele><time>2018-09-07T06:48:48Z</time></trkpt><trkpt lat="21.041998" lon="105.847184"><ele>-17.663</ele><time>2018-09-07T06:48:50Z</time></trkpt><trkpt lat="21.042011" lon="105.847127"><ele>-18.544</ele><time>2018-09-07T06:48:52Z</time></trkpt><trkpt lat="21.042020" lon="105.847058"><ele>-19.018</ele><time>2018-09-07T06:48:54Z</time></trkpt><trkpt lat="21.042023" lon="105.846981"><ele>-19.808</ele><time>2018-09-07T06:48:56Z</time></trkpt><trkpt lat="21.042035" lon="105.846821"><ele>-20.118</ele><time>2018-09-07T06:48:58Z</time></trkpt><trkpt lat="21.042037" lon="105.846761"><ele>-20.854</ele><time>2018-09-07T06:48:59Z</time></trkpt><trkpt lat="21.042099" lon="105.846672"><ele>-22.549</ele><time>2018-09-07T06:49:01Z</time></trkpt><trkpt lat="21.042105" lon="105.846612"><ele>-23.894</ele><time>2018-09-07T06:49:02Z</time></trkpt><trkpt lat="21.042123" lon="105.846557"><ele>-25.010</ele><time>2018-09-07T06:49:03Z</time></trkpt><trkpt lat="21.042135" lon="105.846506"><ele>-26.116</ele><time>2018-09-07T06:49:04Z</time></trkpt><trkpt lat="21.042145" lon="105.846430"><ele>-26.855</ele><time>2018-09-07T06:49:05Z</time></trkpt><trkpt lat="21.042158" lon="105.846378"><ele>-27.628</ele><time>2018-09-07T06:49:06Z</time></trkpt><trkpt lat="21.042168" lon="105.846324"><ele>-28.192</ele><time>2018-09-07T06:49:07Z</time></trkpt><trkpt lat="21.042179" lon="105.846268"><ele>-28.873</ele><time>2018-09-07T06:49:08Z</time></trkpt><trkpt lat="21.042194" lon="105.846195"><ele>-29.220</ele><time>2018-09-07T06:49:09Z</time></trkpt><trkpt lat="21.042214" lon="105.846135"><ele>-29.408</ele><time>2018-09-07T06:49:10Z</time></trkpt><trkpt lat="21.042234" lon="105.846074"><ele>-29.181</ele><time>2018-09-07T06:49:11Z</time></trkpt><trkpt lat="21.042260" lon="105.846021"><ele>-28.987</ele><time>2018-09-07T06:49:12Z</time></trkpt><trkpt lat="21.042277" lon="105.845971"><ele>-28.882</ele><time>2018-09-07T06:49:13Z</time></trkpt><trkpt lat="21.042283" lon="105.845921"><ele>-28.767</ele><time>2018-09-07T06:49:14Z</time></trkpt><trkpt lat="21.042284" lon="105.845872"><ele>-28.783</ele><time>2018-09-07T06:49:15Z</time></trkpt><trkpt lat="21.042298" lon="105.845787"><ele>-29.149</ele><time>2018-09-07T06:49:17Z</time></trkpt><trkpt lat="21.042305" lon="105.845736"><ele>-28.938</ele><time>2018-09-07T06:49:18Z</time></trkpt><trkpt lat="21.042324" lon="105.845687"><ele>-29.291</ele><time>2018-09-07T06:49:20Z</time></trkpt><trkpt lat="21.042351" lon="105.845619"><ele>-29.468</ele><time>2018-09-07T06:49:22Z</time></trkpt><trkpt lat="21.042391" lon="105.845520"><ele>-29.542</ele><time>2018-09-07T06:49:23Z</time></trkpt><trkpt lat="21.042413" lon="105.845464"><ele>-30.026</ele><time>2018-09-07T06:49:24Z</time></trkpt><trkpt lat="21.042437" lon="105.845398"><ele>-30.308</ele><time>2018-09-07T06:49:25Z</time></trkpt><trkpt lat="21.042457" lon="105.845347"><ele>-30.578</ele><time>2018-09-07T06:49:26Z</time></trkpt><trkpt lat="21.042474" lon="105.845276"><ele>-30.634</ele><time>2018-09-07T06:49:28Z</time></trkpt><trkpt lat="21.042482" lon="105.845224"><ele>-30.769</ele><time>2018-09-07T06:49:30Z</time></trkpt><trkpt lat="21.042493" lon="105.845155"><ele>-30.734</ele><time>2018-09-07T06:49:32Z</time></trkpt><trkpt lat="21.042518" lon="105.845036"><ele>-30.730</ele><time>2018-09-07T06:49:33Z</time></trkpt><trkpt lat="21.042544" lon="105.844987"><ele>-31.196</ele><time>2018-09-07T06:49:34Z</time></trkpt><trkpt lat="21.042573" lon="105.844934"><ele>-31.755</ele><time>2018-09-07T06:49:35Z</time></trkpt><trkpt lat="21.042603" lon="105.844895"><ele>-32.198</ele><time>2018-09-07T06:49:36Z</time></trkpt><trkpt lat="21.042624" lon="105.844848"><ele>-32.468</ele><time>2018-09-07T06:49:37Z</time></trkpt><trkpt lat="21.042631" lon="105.844772"><ele>-32.442</ele><time>2018-09-07T06:49:39Z</time></trkpt><trkpt lat="21.042644" lon="105.844713"><ele>-32.526</ele><time>2018-09-07T06:49:41Z</time></trkpt><trkpt lat="21.042639" lon="105.844630"><ele>-32.608</ele><time>2018-09-07T06:49:43Z</time></trkpt><trkpt lat="21.042632" lon="105.844552"><ele>-33.018</ele><time>2018-09-07T06:49:45Z</time></trkpt><trkpt lat="21.042652" lon="105.844475"><ele>-33.464</ele><time>2018-09-07T06:49:47Z</time></trkpt><trkpt lat="21.042678" lon="105.844432"><ele>-33.969</ele><time>2018-09-07T06:49:48Z</time></trkpt><trkpt lat="21.042710" lon="105.844360"><ele>-34.294</ele><time>2018-09-07T06:49:50Z</time></trkpt><trkpt lat="21.042730" lon="105.844281"><ele>-34.410</ele><time>2018-09-07T06:49:52Z</time></trkpt><trkpt lat="21.042750" lon="105.844191"><ele>-34.976</ele><time>2018-09-07T06:49:54Z</time></trkpt><trkpt lat="21.042771" lon="105.844148"><ele>-35.235</ele><time>2018-09-07T06:49:55Z</time></trkpt><trkpt lat="21.042802" lon="105.844100"><ele>-35.978</ele><time>2018-09-07T06:49:56Z</time></trkpt><trkpt lat="21.042838" lon="105.844045"><ele>-36.657</ele><time>2018-09-07T06:49:58Z</time></trkpt><trkpt lat="21.042877" lon="105.844003"><ele>-37.100</ele><time>2018-09-07T06:50:00Z</time></trkpt><trkpt lat="21.042931" lon="105.843962"><ele>-37.420</ele><time>2018-09-07T06:50:03Z</time></trkpt><trkpt lat="21.042983" lon="105.843919"><ele>-37.608</ele><time>2018-09-07T06:50:05Z</time></trkpt><trkpt lat="21.043029" lon="105.843881"><ele>-37.727</ele><time>2018-09-07T06:50:07Z</time></trkpt><trkpt lat="21.043060" lon="105.843843"><ele>-37.453</ele><time>2018-09-07T06:50:09Z</time></trkpt><trkpt lat="21.043085" lon="105.843780"><ele>-37.278</ele><time>2018-09-07T06:50:12Z</time></trkpt><trkpt lat="21.043110" lon="105.843718"><ele>-37.533</ele><time>2018-09-07T06:50:14Z</time></trkpt><trkpt lat="21.043140" lon="105.843646"><ele>-37.799</ele><time>2018-09-07T06:50:16Z</time></trkpt><trkpt lat="21.043176" lon="105.843526"><ele>-38.295</ele><time>2018-09-07T06:50:17Z</time></trkpt><trkpt lat="21.043182" lon="105.843478"><ele>-39.084</ele><time>2018-09-07T06:50:19Z</time></trkpt><trkpt lat="21.043191" lon="105.843430"><ele>-39.467</ele><time>2018-09-07T06:50:21Z</time></trkpt><trkpt lat="21.043205" lon="105.843362"><ele>-39.675</ele><time>2018-09-07T06:50:24Z</time></trkpt><trkpt lat="21.043221" lon="105.843296"><ele>-40.228</ele><time>2018-09-07T06:50:27Z</time></trkpt><trkpt lat="21.043230" lon="105.843248"><ele>-40.520</ele><time>2018-09-07T06:50:29Z</time></trkpt><trkpt lat="21.043246" lon="105.843175"><ele>-40.708</ele><time>2018-09-07T06:50:34Z</time></trkpt><trkpt lat="21.043262" lon="105.843116"><ele>-40.929</ele><time>2018-09-07T06:50:40Z</time></trkpt><trkpt lat="21.043278" lon="105.843051"><ele>-41.065</ele><time>2018-09-07T06:50:43Z</time></trkpt><trkpt lat="21.043288" lon="105.842972"><ele>-41.490</ele><time>2018-09-07T06:50:45Z</time></trkpt><trkpt lat="21.043301" lon="105.842883"><ele>-42.075</ele><time>2018-09-07T06:50:47Z</time></trkpt><trkpt lat="21.043317" lon="105.842808"><ele>-42.071</ele><time>2018-09-07T06:50:49Z</time></trkpt><trkpt lat="21.043333" lon="105.842735"><ele>-42.517</ele><time>2018-09-07T06:50:51Z</time></trkpt><trkpt lat="21.043353" lon="105.842646"><ele>-42.676</ele><time>2018-09-07T06:50:53Z</time></trkpt><trkpt lat="21.043364" lon="105.842597"><ele>-42.799</ele><time>2018-09-07T06:50:54Z</time></trkpt><trkpt lat="21.043378" lon="105.842550"><ele>-42.992</ele><time>2018-09-07T06:50:55Z</time></trkpt><trkpt lat="21.043416" lon="105.842432"><ele>-43.073</ele><time>2018-09-07T06:50:56Z</time></trkpt><trkpt lat="21.043433" lon="105.842375"><ele>-43.020</ele><time>2018-09-07T06:50:58Z</time></trkpt><trkpt lat="21.043491" lon="105.842243"><ele>-42.508</ele><time>2018-09-07T06:51:00Z</time></trkpt><trkpt lat="21.043517" lon="105.842190"><ele>-41.571</ele><time>2018-09-07T06:51:01Z</time></trkpt><trkpt lat="21.043528" lon="105.842133"><ele>-40.147</ele><time>2018-09-07T06:51:02Z</time></trkpt><trkpt lat="21.043533" lon="105.842062"><ele>-39.282</ele><time>2018-09-07T06:51:04Z</time></trkpt><trkpt lat="21.043548" lon="105.841994"><ele>-38.787</ele><time>2018-09-07T06:51:06Z</time></trkpt><trkpt lat="21.043565" lon="105.841930"><ele>-38.543</ele><time>2018-09-07T06:51:08Z</time></trkpt><trkpt lat="21.043579" lon="105.841853"><ele>-38.269</ele><time>2018-09-07T06:51:10Z</time></trkpt><trkpt lat="21.043581" lon="105.841761"><ele>-37.718</ele><time>2018-09-07T06:51:12Z</time></trkpt><trkpt lat="21.043613" lon="105.841683"><ele>-37.921</ele><time>2018-09-07T06:51:14Z</time></trkpt><trkpt lat="21.043682" lon="105.841632"><ele>-37.962</ele><time>2018-09-07T06:51:16Z</time></trkpt><trkpt lat="21.043794" lon="105.841594"><ele>-37.583</ele><time>2018-09-07T06:51:17Z</time></trkpt><trkpt lat="21.043855" lon="105.841596"><ele>-37.411</ele><time>2018-09-07T06:51:18Z</time></trkpt><trkpt lat="21.043909" lon="105.841601"><ele>-36.408</ele><time>2018-09-07T06:51:19Z</time></trkpt><trkpt lat="21.043955" lon="105.841613"><ele>-35.998</ele><time>2018-09-07T06:51:20Z</time></trkpt><trkpt lat="21.044000" lon="105.841619"><ele>-35.194</ele><time>2018-09-07T06:51:22Z</time></trkpt><trkpt lat="21.044069" lon="105.841628"><ele>-34.789</ele><time>2018-09-07T06:51:25Z</time></trkpt><trkpt lat="21.044126" lon="105.841639"><ele>-34.484</ele><time>2018-09-07T06:51:27Z</time></trkpt><trkpt lat="21.044189" lon="105.841647"><ele>-34.230</ele><time>2018-09-07T06:51:29Z</time></trkpt><trkpt lat="21.044254" lon="105.841658"><ele>-34.136</ele><time>2018-09-07T06:51:31Z</time></trkpt><trkpt lat="21.044326" lon="105.841663"><ele>-33.685</ele><time>2018-09-07T06:51:33Z</time></trkpt><trkpt lat="21.044413" lon="105.841656"><ele>-33.418</ele><time>2018-09-07T06:51:35Z</time></trkpt><trkpt lat="21.044520" lon="105.841624"><ele>-33.195</ele><time>2018-09-07T06:51:36Z</time></trkpt><trkpt lat="21.044582" lon="105.841594"><ele>-33.049</ele><time>2018-09-07T06:51:37Z</time></trkpt><trkpt lat="21.044625" lon="105.841555"><ele>-32.923</ele><time>2018-09-07T06:51:38Z</time></trkpt><trkpt lat="21.044666" lon="105.841513"><ele>-31.308</ele><time>2018-09-07T06:51:39Z</time></trkpt><trkpt lat="21.044679" lon="105.841463"><ele>-29.141</ele><time>2018-09-07T06:51:41Z</time></trkpt><trkpt lat="21.044683" lon="105.841400"><ele>-27.447</ele><time>2018-09-07T06:51:44Z</time></trkpt><trkpt lat="21.044688" lon="105.841329"><ele>-26.092</ele><time>2018-09-07T06:51:46Z</time></trkpt><trkpt lat="21.044703" lon="105.841262"><ele>-25.127</ele><time>2018-09-07T06:51:48Z</time></trkpt><trkpt lat="21.044722" lon="105.841209"><ele>-24.633</ele><time>2018-09-07T06:51:50Z</time></trkpt><trkpt lat="21.044754" lon="105.841165"><ele>-24.349</ele><time>2018-09-07T06:51:53Z</time></trkpt><trkpt lat="21.044801" lon="105.841159"><ele>-24.168</ele><time>2018-09-07T06:51:56Z</time></trkpt><trkpt lat="21.044871" lon="105.841165"><ele>-24.041</ele><time>2018-09-07T06:51:59Z</time></trkpt><trkpt lat="21.044926" lon="105.841174"><ele>-24.086</ele><time>2018-09-07T06:52:01Z</time></trkpt><trkpt lat="21.044978" lon="105.841184"><ele>-24.060</ele><time>2018-09-07T06:52:03Z</time></trkpt><trkpt lat="21.045028" lon="105.841179"><ele>-24.326</ele><time>2018-09-07T06:52:06Z</time></trkpt><trkpt lat="21.045105" lon="105.841130"><ele>-24.508</ele><time>2018-09-07T06:52:13Z</time></trkpt><trkpt lat="21.045155" lon="105.841102"><ele>-24.690</ele><time>2018-09-07T06:52:16Z</time></trkpt><trkpt lat="21.045217" lon="105.841076"><ele>-25.126</ele><time>2018-09-07T06:52:22Z</time></trkpt><trkpt lat="21.045270" lon="105.841078"><ele>-25.551</ele><time>2018-09-07T06:52:26Z</time></trkpt><trkpt lat="21.045330" lon="105.841076"><ele>-26.066</ele><time>2018-09-07T06:52:29Z</time></trkpt><trkpt lat="21.045374" lon="105.841063"><ele>-26.392</ele><time>2018-09-07T06:52:31Z</time></trkpt><trkpt lat="21.045429" lon="105.841054"><ele>-26.598</ele><time>2018-09-07T06:52:33Z</time></trkpt><trkpt lat="21.045491" lon="105.841059"><ele>-27.057</ele><time>2018-09-07T06:52:35Z</time></trkpt><trkpt lat="21.045559" lon="105.841066"><ele>-27.310</ele><time>2018-09-07T06:52:37Z</time></trkpt><trkpt lat="21.045610" lon="105.841062"><ele>-27.995</ele><time>2018-09-07T06:52:39Z</time></trkpt><trkpt lat="21.045677" lon="105.841027"><ele>-27.949</ele><time>2018-09-07T06:52:44Z</time></trkpt><trkpt lat="21.045738" lon="105.840996"><ele>-28.723</ele><time>2018-09-07T06:52:50Z</time></trkpt><trkpt lat="21.045838" lon="105.840984"><ele>-30.408</ele><time>2018-09-07T06:52:56Z</time></trkpt><trkpt lat="21.045908" lon="105.841024"><ele>-30.611</ele><time>2018-09-07T06:53:02Z</time></trkpt><trkpt lat="21.045935" lon="105.841089"><ele>-30.377</ele><time>2018-09-07T06:53:08Z</time></trkpt><trkpt lat="21.045946" lon="105.841140"><ele>-29.712</ele><time>2018-09-07T06:53:17Z</time></trkpt><trkpt lat="21.046076" lon="105.841153"><ele>-24.837</ele><time>2018-09-07T07:39:23Z</time></trkpt><trkpt lat="21.046144" lon="105.841134"><ele>-17.873</ele><time>2018-09-07T07:39:29Z</time></trkpt><trkpt lat="21.046027" lon="105.840999"><ele>-22.319</ele><time>2018-09-07T07:39:47Z</time></trkpt><trkpt lat="21.046070" lon="105.840978"><ele>-22.818</ele><time>2018-09-07T07:39:52Z</time></trkpt><trkpt lat="21.046132" lon="105.840962"><ele>-23.081</ele><time>2018-09-07T07:40:02Z</time></trkpt><trkpt lat="21.046180" lon="105.840946"><ele>-22.693</ele><time>2018-09-07T07:40:10Z</time></trkpt><trkpt lat="21.046239" lon="105.840941"><ele>-22.565</ele><time>2018-09-07T07:40:21Z</time></trkpt><trkpt lat="21.046281" lon="105.840921"><ele>-22.821</ele><time>2018-09-07T07:40:34Z</time></trkpt><trkpt lat="21.046315" lon="105.840882"><ele>-22.508</ele><time>2018-09-07T07:40:41Z</time></trkpt><trkpt lat="21.046360" lon="105.840860"><ele>-21.691</ele><time>2018-09-07T07:40:59Z</time></trkpt><trkpt lat="21.046418" lon="105.840854"><ele>-19.517</ele><time>2018-09-07T07:41:15Z</time></trkpt><trkpt lat="21.046393" lon="105.840905"><ele>-17.782</ele><time>2018-09-07T07:42:44Z</time></trkpt><trkpt lat="21.046322" lon="105.840934"><ele>-17.167</ele><time>2018-09-07T07:42:49Z</time></trkpt><trkpt lat="21.046269" lon="105.840941"><ele>-16.793</ele><time>2018-09-07T07:42:51Z</time></trkpt><trkpt lat="21.046222" lon="105.840947"><ele>-16.519</ele><time>2018-09-07T07:42:53Z</time></trkpt><trkpt lat="21.046178" lon="105.840957"><ele>-16.568</ele><time>2018-09-07T07:42:55Z</time></trkpt><trkpt lat="21.046117" lon="105.840965"><ele>-16.381</ele><time>2018-09-07T07:42:58Z</time></trkpt><trkpt lat="21.046051" lon="105.840971"><ele>-17.158</ele><time>2018-09-07T07:43:00Z</time></trkpt><trkpt lat="21.046003" lon="105.840979"><ele>-17.652</ele><time>2018-09-07T07:43:02Z</time></trkpt><trkpt lat="21.045942" lon="105.840994"><ele>-18.317</ele><time>2018-09-07T07:43:05Z</time></trkpt><trkpt lat="21.045879" lon="105.841012"><ele>-19.108</ele><time>2018-09-07T07:43:08Z</time></trkpt><trkpt lat="21.045833" lon="105.841032"><ele>-19.667</ele><time>2018-09-07T07:43:10Z</time></trkpt><trkpt lat="21.045789" lon="105.841060"><ele>-20.393</ele><time>2018-09-07T07:43:12Z</time></trkpt><trkpt lat="21.045734" lon="105.841097"><ele>-20.888</ele><time>2018-09-07T07:43:15Z</time></trkpt><trkpt lat="21.045674" lon="105.841119"><ele>-21.353</ele><time>2018-09-07T07:43:18Z</time></trkpt><trkpt lat="21.045627" lon="105.841127"><ele>-21.899</ele><time>2018-09-07T07:43:20Z</time></trkpt><trkpt lat="21.045581" lon="105.841136"><ele>-22.335</ele><time>2018-09-07T07:43:22Z</time></trkpt><trkpt lat="21.045526" lon="105.841142"><ele>-22.824</ele><time>2018-09-07T07:43:25Z</time></trkpt><trkpt lat="21.045478" lon="105.841148"><ele>-23.087</ele><time>2018-09-07T07:43:27Z</time></trkpt><trkpt lat="21.045403" lon="105.841155"><ele>-23.585</ele><time>2018-09-07T07:43:30Z</time></trkpt><trkpt lat="21.045328" lon="105.841169"><ele>-24.189</ele><time>2018-09-07T07:43:32Z</time></trkpt><trkpt lat="21.045251" lon="105.841192"><ele>-25.017</ele><time>2018-09-07T07:43:34Z</time></trkpt><trkpt lat="21.045183" lon="105.841212"><ele>-25.508</ele><time>2018-09-07T07:43:36Z</time></trkpt><trkpt lat="21.045125" lon="105.841221"><ele>-26.170</ele><time>2018-09-07T07:43:38Z</time></trkpt><trkpt lat="21.045051" lon="105.841226"><ele>-26.946</ele><time>2018-09-07T07:43:40Z</time></trkpt><trkpt lat="21.044986" lon="105.841225"><ele>-27.471</ele><time>2018-09-07T07:43:42Z</time></trkpt><trkpt lat="21.044938" lon="105.841239"><ele>-28.156</ele><time>2018-09-07T07:43:44Z</time></trkpt><trkpt lat="21.044900" lon="105.841269"><ele>-28.522</ele><time>2018-09-07T07:43:46Z</time></trkpt><trkpt lat="21.044874" lon="105.841313"><ele>-28.818</ele><time>2018-09-07T07:43:48Z</time></trkpt><trkpt lat="21.044843" lon="105.841376"><ele>-28.627</ele><time>2018-09-07T07:43:50Z</time></trkpt><trkpt lat="21.044813" lon="105.841447"><ele>-28.140</ele><time>2018-09-07T07:43:52Z</time></trkpt><trkpt lat="21.044783" lon="105.841508"><ele>-27.421</ele><time>2018-09-07T07:43:54Z</time></trkpt><trkpt lat="21.044755" lon="105.841553"><ele>-26.641</ele><time>2018-09-07T07:43:56Z</time></trkpt><trkpt lat="21.044730" lon="105.841597"><ele>-25.705</ele><time>2018-09-07T07:44:03Z</time></trkpt><trkpt lat="21.044680" lon="105.841617"><ele>-24.808</ele><time>2018-09-07T07:44:07Z</time></trkpt><trkpt lat="21.044619" lon="105.841637"><ele>-23.814</ele><time>2018-09-07T07:44:09Z</time></trkpt><trkpt lat="21.044560" lon="105.841645"><ele>-23.310</ele><time>2018-09-07T07:44:11Z</time></trkpt><trkpt lat="21.044502" lon="105.841651"><ele>-23.375</ele><time>2018-09-07T07:44:13Z</time></trkpt><trkpt lat="21.044439" lon="105.841652"><ele>-23.340</ele><time>2018-09-07T07:44:15Z</time></trkpt><trkpt lat="21.044373" lon="105.841649"><ele>-23.836</ele><time>2018-09-07T07:44:17Z</time></trkpt><trkpt lat="21.044306" lon="105.841642"><ele>-24.072</ele><time>2018-09-07T07:44:19Z</time></trkpt><trkpt lat="21.044220" lon="105.841632"><ele>-24.661</ele><time>2018-09-07T07:44:21Z</time></trkpt><trkpt lat="21.044141" lon="105.841623"><ele>-25.394</ele><time>2018-09-07T07:44:23Z</time></trkpt><trkpt lat="21.044093" lon="105.841613"><ele>-25.796</ele><time>2018-09-07T07:44:25Z</time></trkpt><trkpt lat="21.044040" lon="105.841591"><ele>-26.431</ele><time>2018-09-07T07:44:27Z</time></trkpt><trkpt lat="21.043963" lon="105.841551"><ele>-27.224</ele><time>2018-09-07T07:44:29Z</time></trkpt><trkpt lat="21.043847" lon="105.841487"><ele>-27.708</ele><time>2018-09-07T07:44:30Z</time></trkpt><trkpt lat="21.043801" lon="105.841431"><ele>-27.261</ele><time>2018-09-07T07:44:33Z</time></trkpt><trkpt lat="21.043775" lon="105.841378"><ele>-26.947</ele><time>2018-09-07T07:44:35Z</time></trkpt><trkpt lat="21.043707" lon="105.841255"><ele>-26.312</ele><time>2018-09-07T07:44:37Z</time></trkpt><trkpt lat="21.043648" lon="105.841203"><ele>-25.557</ele><time>2018-09-07T07:44:38Z</time></trkpt><trkpt lat="21.043611" lon="105.841139"><ele>-25.073</ele><time>2018-09-07T07:44:39Z</time></trkpt><trkpt lat="21.043572" lon="105.841076"><ele>-24.369</ele><time>2018-09-07T07:44:40Z</time></trkpt><trkpt lat="21.043547" lon="105.841015"><ele>-24.028</ele><time>2018-09-07T07:44:41Z</time></trkpt><trkpt lat="21.043532" lon="105.840938"><ele>-24.171</ele><time>2018-09-07T07:44:42Z</time></trkpt><trkpt lat="21.043520" lon="105.840873"><ele>-23.894</ele><time>2018-09-07T07:44:44Z</time></trkpt><trkpt lat="21.043469" lon="105.840766"><ele>-24.057</ele><time>2018-09-07T07:44:46Z</time></trkpt><trkpt lat="21.043450" lon="105.840704"><ele>-24.522</ele><time>2018-09-07T07:44:47Z</time></trkpt><trkpt lat="21.043443" lon="105.840656"><ele>-24.808</ele><time>2018-09-07T07:44:48Z</time></trkpt><trkpt lat="21.043429" lon="105.840604"><ele>-25.051</ele><time>2018-09-07T07:44:49Z</time></trkpt><trkpt lat="21.043412" lon="105.840547"><ele>-25.567</ele><time>2018-09-07T07:44:50Z</time></trkpt><trkpt lat="21.043396" lon="105.840499"><ele>-26.252</ele><time>2018-09-07T07:44:51Z</time></trkpt><trkpt lat="21.043372" lon="105.840451"><ele>-26.627</ele><time>2018-09-07T07:44:52Z</time></trkpt><trkpt lat="21.043374" lon="105.840372"><ele>-27.353</ele><time>2018-09-07T07:44:53Z</time></trkpt><trkpt lat="21.043370" lon="105.840308"><ele>-27.739</ele><time>2018-09-07T07:44:54Z</time></trkpt><trkpt lat="21.043358" lon="105.840232"><ele>-27.968</ele><time>2018-09-07T07:44:55Z</time></trkpt><trkpt lat="21.043354" lon="105.840182"><ele>-28.421</ele><time>2018-09-07T07:44:56Z</time></trkpt><trkpt lat="21.043348" lon="105.840120"><ele>-28.764</ele><time>2018-09-07T07:44:57Z</time></trkpt><trkpt lat="21.043337" lon="105.840059"><ele>-28.906</ele><time>2018-09-07T07:44:58Z</time></trkpt><trkpt lat="21.043321" lon="105.839995"><ele>-29.016</ele><time>2018-09-07T07:44:59Z</time></trkpt><trkpt lat="21.043327" lon="105.839924"><ele>-29.108</ele><time>2018-09-07T07:45:00Z</time></trkpt><trkpt lat="21.043328" lon="105.839864"><ele>-29.518</ele><time>2018-09-07T07:45:01Z</time></trkpt><trkpt lat="21.043337" lon="105.839801"><ele>-29.884</ele><time>2018-09-07T07:45:02Z</time></trkpt><trkpt lat="21.043325" lon="105.839722"><ele>-30.489</ele><time>2018-09-07T07:45:04Z</time></trkpt><trkpt lat="21.043310" lon="105.839628"><ele>-30.734</ele><time>2018-09-07T07:45:06Z</time></trkpt><trkpt lat="21.043287" lon="105.839548"><ele>-30.950</ele><time>2018-09-07T07:45:08Z</time></trkpt><trkpt lat="21.043291" lon="105.839433"><ele>-31.016</ele><time>2018-09-07T07:45:10Z</time></trkpt><trkpt lat="21.043292" lon="105.839369"><ele>-31.175</ele><time>2018-09-07T07:45:11Z</time></trkpt><trkpt lat="21.043302" lon="105.839313"><ele>-31.158</ele><time>2018-09-07T07:45:12Z</time></trkpt><trkpt lat="21.043309" lon="105.839261"><ele>-31.589</ele><time>2018-09-07T07:45:14Z</time></trkpt><trkpt lat="21.043349" lon="105.839130"><ele>-31.806</ele><time>2018-09-07T07:45:16Z</time></trkpt><trkpt lat="21.043383" lon="105.839049"><ele>-32.026</ele><time>2018-09-07T07:45:17Z</time></trkpt><trkpt lat="21.043433" lon="105.838967"><ele>-32.108</ele><time>2018-09-07T07:45:18Z</time></trkpt><trkpt lat="21.043486" lon="105.838881"><ele>-32.250</ele><time>2018-09-07T07:45:19Z</time></trkpt><trkpt lat="21.043535" lon="105.838802"><ele>-32.686</ele><time>2018-09-07T07:45:20Z</time></trkpt><trkpt lat="21.043575" lon="105.838734"><ele>-33.441</ele><time>2018-09-07T07:45:21Z</time></trkpt><trkpt lat="21.043613" lon="105.838660"><ele>-33.726</ele><time>2018-09-07T07:45:22Z</time></trkpt><trkpt lat="21.043645" lon="105.838607"><ele>-33.972</ele><time>2018-09-07T07:45:23Z</time></trkpt><trkpt lat="21.043672" lon="105.838556"><ele>-34.058</ele><time>2018-09-07T07:45:24Z</time></trkpt><trkpt lat="21.043694" lon="105.838511"><ele>-34.177</ele><time>2018-09-07T07:45:25Z</time></trkpt><trkpt lat="21.043719" lon="105.838420"><ele>-34.260</ele><time>2018-09-07T07:45:27Z</time></trkpt><trkpt lat="21.043729" lon="105.838321"><ele>-33.982</ele><time>2018-09-07T07:45:29Z</time></trkpt><trkpt lat="21.043735" lon="105.838269"><ele>-33.643</ele><time>2018-09-07T07:45:30Z</time></trkpt><trkpt lat="21.043754" lon="105.838204"><ele>-33.917</ele><time>2018-09-07T07:45:31Z</time></trkpt><trkpt lat="21.043746" lon="105.838139"><ele>-34.108</ele><time>2018-09-07T07:45:33Z</time></trkpt><trkpt lat="21.043750" lon="105.838089"><ele>-33.990</ele><time>2018-09-07T07:45:35Z</time></trkpt><trkpt lat="21.043756" lon="105.838036"><ele>-33.626</ele><time>2018-09-07T07:45:37Z</time></trkpt><trkpt lat="21.043763" lon="105.837967"><ele>-33.531</ele><time>2018-09-07T07:45:39Z</time></trkpt><trkpt lat="21.043774" lon="105.837834"><ele>-33.446</ele><time>2018-09-07T07:45:40Z</time></trkpt><trkpt lat="21.043779" lon="105.837749"><ele>-33.472</ele><time>2018-09-07T07:45:41Z</time></trkpt><trkpt lat="21.043779" lon="105.837677"><ele>-33.448</ele><time>2018-09-07T07:45:42Z</time></trkpt><trkpt lat="21.043783" lon="105.837616"><ele>-33.457</ele><time>2018-09-07T07:45:43Z</time></trkpt><trkpt lat="21.043771" lon="105.837520"><ele>-33.910</ele><time>2018-09-07T07:45:45Z</time></trkpt><trkpt lat="21.043776" lon="105.837467"><ele>-34.099</ele><time>2018-09-07T07:45:46Z</time></trkpt><trkpt lat="21.043791" lon="105.837370"><ele>-34.507</ele><time>2018-09-07T07:45:48Z</time></trkpt><trkpt lat="21.043808" lon="105.837291"><ele>-34.927</ele><time>2018-09-07T07:45:49Z</time></trkpt><trkpt lat="21.043818" lon="105.837228"><ele>-35.008</ele><time>2018-09-07T07:45:50Z</time></trkpt><trkpt lat="21.043829" lon="105.837176"><ele>-35.561</ele><time>2018-09-07T07:45:52Z</time></trkpt><trkpt lat="21.043833" lon="105.837114"><ele>-36.257</ele><time>2018-09-07T07:45:54Z</time></trkpt><trkpt lat="21.043835" lon="105.837027"><ele>-37.092</ele><time>2018-09-07T07:45:56Z</time></trkpt><trkpt lat="21.043841" lon="105.836979"><ele>-37.977</ele><time>2018-09-07T07:45:57Z</time></trkpt><trkpt lat="21.043875" lon="105.836899"><ele>-38.923</ele><time>2018-09-07T07:45:59Z</time></trkpt><trkpt lat="21.043963" lon="105.836799"><ele>-39.599</ele><time>2018-09-07T07:46:00Z</time></trkpt><trkpt lat="21.044015" lon="105.836766"><ele>-39.798</ele><time>2018-09-07T07:46:01Z</time></trkpt><trkpt lat="21.044076" lon="105.836731"><ele>-39.541</ele><time>2018-09-07T07:46:02Z</time></trkpt><trkpt lat="21.044134" lon="105.836716"><ele>-39.939</ele><time>2018-09-07T07:46:03Z</time></trkpt><trkpt lat="21.044189" lon="105.836719"><ele>-40.501</ele><time>2018-09-07T07:46:04Z</time></trkpt><trkpt lat="21.044245" lon="105.836723"><ele>-40.721</ele><time>2018-09-07T07:46:05Z</time></trkpt><trkpt lat="21.044315" lon="105.836727"><ele>-41.408</ele><time>2018-09-07T07:46:06Z</time></trkpt><trkpt lat="21.044382" lon="105.836731"><ele>-41.795</ele><time>2018-09-07T07:46:07Z</time></trkpt><trkpt lat="21.044450" lon="105.836733"><ele>-42.441</ele><time>2018-09-07T07:46:08Z</time></trkpt><trkpt lat="21.044522" lon="105.836734"><ele>-42.796</ele><time>2018-09-07T07:46:09Z</time></trkpt><trkpt lat="21.044594" lon="105.836734"><ele>-43.011</ele><time>2018-09-07T07:46:10Z</time></trkpt><trkpt lat="21.044657" lon="105.836739"><ele>-43.077</ele><time>2018-09-07T07:46:11Z</time></trkpt><trkpt lat="21.044723" lon="105.836745"><ele>-42.723</ele><time>2018-09-07T07:46:12Z</time></trkpt><trkpt lat="21.044785" lon="105.836746"><ele>-42.572</ele><time>2018-09-07T07:46:13Z</time></trkpt><trkpt lat="21.044846" lon="105.836742"><ele>-42.575</ele><time>2018-09-07T07:46:14Z</time></trkpt><trkpt lat="21.044904" lon="105.836741"><ele>-42.419</ele><time>2018-09-07T07:46:15Z</time></trkpt><trkpt lat="21.044955" lon="105.836742"><ele>-42.409</ele><time>2018-09-07T07:46:16Z</time></trkpt><trkpt lat="21.045006" lon="105.836740"><ele>-42.419</ele><time>2018-09-07T07:46:17Z</time></trkpt><trkpt lat="21.045062" lon="105.836738"><ele>-42.708</ele><time>2018-09-07T07:46:18Z</time></trkpt><trkpt lat="21.045118" lon="105.836740"><ele>-43.073</ele><time>2018-09-07T07:46:19Z</time></trkpt><trkpt lat="21.045171" lon="105.836740"><ele>-43.059</ele><time>2018-09-07T07:46:20Z</time></trkpt><trkpt lat="21.045227" lon="105.836737"><ele>-43.554</ele><time>2018-09-07T07:46:21Z</time></trkpt><trkpt lat="21.045276" lon="105.836729"><ele>-43.559</ele><time>2018-09-07T07:46:22Z</time></trkpt><trkpt lat="21.045330" lon="105.836722"><ele>-43.435</ele><time>2018-09-07T07:46:23Z</time></trkpt><trkpt lat="21.045399" lon="105.836727"><ele>-43.451</ele><time>2018-09-07T07:46:24Z</time></trkpt><trkpt lat="21.045457" lon="105.836733"><ele>-43.480</ele><time>2018-09-07T07:46:25Z</time></trkpt><trkpt lat="21.045511" lon="105.836752"><ele>-43.483</ele><time>2018-09-07T07:46:26Z</time></trkpt><trkpt lat="21.045577" lon="105.836769"><ele>-43.452</ele><time>2018-09-07T07:46:27Z</time></trkpt><trkpt lat="21.045640" lon="105.836783"><ele>-43.453</ele><time>2018-09-07T07:46:28Z</time></trkpt><trkpt lat="21.045701" lon="105.836792"><ele>-43.408</ele><time>2018-09-07T07:46:29Z</time></trkpt><trkpt lat="21.045759" lon="105.836810"><ele>-43.008</ele><time>2018-09-07T07:46:30Z</time></trkpt><trkpt lat="21.045813" lon="105.836823"><ele>-42.727</ele><time>2018-09-07T07:46:31Z</time></trkpt><trkpt lat="21.045870" lon="105.836836"><ele>-42.683</ele><time>2018-09-07T07:46:32Z</time></trkpt><trkpt lat="21.045926" lon="105.836847"><ele>-43.018</ele><time>2018-09-07T07:46:33Z</time></trkpt><trkpt lat="21.045971" lon="105.836862"><ele>-43.183</ele><time>2018-09-07T07:46:34Z</time></trkpt><trkpt lat="21.046039" lon="105.836882"><ele>-43.699</ele><time>2018-09-07T07:46:37Z</time></trkpt><trkpt lat="21.046087" lon="105.836894"><ele>-44.055</ele><time>2018-09-07T07:46:39Z</time></trkpt><trkpt lat="21.046135" lon="105.836907"><ele>-44.134</ele><time>2018-09-07T07:46:41Z</time></trkpt><trkpt lat="21.046181" lon="105.836910"><ele>-44.277</ele><time>2018-09-07T07:46:43Z</time></trkpt><trkpt lat="21.046242" lon="105.836910"><ele>-44.057</ele><time>2018-09-07T07:46:46Z</time></trkpt><trkpt lat="21.046336" lon="105.836902"><ele>-43.000</ele><time>2018-09-07T07:46:54Z</time></trkpt><trkpt lat="21.046391" lon="105.836885"><ele>-40.720</ele><time>2018-09-07T07:47:00Z</time></trkpt><trkpt lat="21.046432" lon="105.836861"><ele>-38.608</ele><time>2018-09-07T07:47:11Z</time></trkpt><trkpt lat="21.046484" lon="105.836857"><ele>-36.947</ele><time>2018-09-07T07:47:16Z</time></trkpt><trkpt lat="21.046537" lon="105.836836"><ele>-34.433</ele><time>2018-09-07T07:47:20Z</time></trkpt><trkpt lat="21.046587" lon="105.836821"><ele>-31.948</ele><time>2018-09-07T07:47:23Z</time></trkpt><trkpt lat="21.046645" lon="105.836807"><ele>-29.373</ele><time>2018-09-07T07:48:01Z</time></trkpt><trkpt lat="21.046695" lon="105.836809"><ele>-26.139</ele><time>2018-09-07T07:48:31Z</time></trkpt><trkpt lat="21.046738" lon="105.836794"><ele>-22.655</ele><time>2018-09-07T07:49:23Z</time></trkpt><trkpt lat="21.046786" lon="105.836797"><ele>-20.544</ele><time>2018-09-07T07:49:29Z</time></trkpt><trkpt lat="21.046832" lon="105.836798"><ele>-18.067</ele><time>2018-09-07T07:50:30Z</time></trkpt><trkpt lat="21.046784" lon="105.836800"><ele>-15.337</ele><time>2018-09-07T07:51:07Z</time></trkpt><trkpt lat="21.046735" lon="105.836789"><ele>-13.749</ele><time>2018-09-07T07:51:14Z</time></trkpt><trkpt lat="21.046689" lon="105.836777"><ele>-13.113</ele><time>2018-09-07T07:51:23Z</time></trkpt><trkpt lat="21.046771" lon="105.836782"><ele>-12.408</ele><time>2018-09-07T07:51:58Z</time></trkpt><trkpt lat="21.046863" lon="105.836806"><ele>-12.425</ele><time>2018-09-07T07:52:00Z</time></trkpt><trkpt lat="21.046910" lon="105.836824"><ele>-12.471</ele><time>2018-09-07T07:52:01Z</time></trkpt><trkpt lat="21.046949" lon="105.836861"><ele>-12.416</ele><time>2018-09-07T07:52:02Z</time></trkpt><trkpt lat="21.046990" lon="105.836901"><ele>-12.431</ele><time>2018-09-07T07:52:04Z</time></trkpt><trkpt lat="21.047031" lon="105.836941"><ele>-12.457</ele><time>2018-09-07T07:52:06Z</time></trkpt><trkpt lat="21.047071" lon="105.836984"><ele>-12.423</ele><time>2018-09-07T07:52:08Z</time></trkpt><trkpt lat="21.047108" lon="105.837020"><ele>-12.862</ele><time>2018-09-07T07:52:10Z</time></trkpt><trkpt lat="21.047207" lon="105.837097"><ele>-12.735</ele><time>2018-09-07T07:52:12Z</time></trkpt><trkpt lat="21.047267" lon="105.837170"><ele>-12.976</ele><time>2018-09-07T07:52:14Z</time></trkpt><trkpt lat="21.047318" lon="105.837209"><ele>-13.190</ele><time>2018-09-07T07:52:15Z</time></trkpt><trkpt lat="21.047359" lon="105.837260"><ele>-13.219</ele><time>2018-09-07T07:52:16Z</time></trkpt><trkpt lat="21.047408" lon="105.837319"><ele>-13.708</ele><time>2018-09-07T07:52:17Z</time></trkpt><trkpt lat="21.047462" lon="105.837374"><ele>-14.029</ele><time>2018-09-07T07:52:18Z</time></trkpt><trkpt lat="21.047515" lon="105.837429"><ele>-14.245</ele><time>2018-09-07T07:52:19Z</time></trkpt><trkpt lat="21.047572" lon="105.837482"><ele>-14.350</ele><time>2018-09-07T07:52:20Z</time></trkpt><trkpt lat="21.047626" lon="105.837537"><ele>-14.425</ele><time>2018-09-07T07:52:21Z</time></trkpt><trkpt lat="21.047675" lon="105.837590"><ele>-14.431</ele><time>2018-09-07T07:52:22Z</time></trkpt><trkpt lat="21.047719" lon="105.837644"><ele>-14.457</ele><time>2018-09-07T07:52:23Z</time></trkpt><trkpt lat="21.047749" lon="105.837691"><ele>-14.486</ele><time>2018-09-07T07:52:24Z</time></trkpt><trkpt lat="21.047787" lon="105.837735"><ele>-14.499</ele><time>2018-09-07T07:52:25Z</time></trkpt><trkpt lat="21.047822" lon="105.837777"><ele>-14.451</ele><time>2018-09-07T07:52:26Z</time></trkpt><trkpt lat="21.047853" lon="105.837816"><ele>-14.401</ele><time>2018-09-07T07:52:27Z</time></trkpt><trkpt lat="21.047892" lon="105.837841"><ele>-14.411</ele><time>2018-09-07T07:52:28Z</time></trkpt><trkpt lat="21.047934" lon="105.837866"><ele>-14.408</ele><time>2018-09-07T07:52:29Z</time></trkpt><trkpt lat="21.047983" lon="105.837887"><ele>-14.427</ele><time>2018-09-07T07:52:30Z</time></trkpt><trkpt lat="21.048023" lon="105.837925"><ele>-14.483</ele><time>2018-09-07T07:52:31Z</time></trkpt><trkpt lat="21.048065" lon="105.837967"><ele>-14.488</ele><time>2018-09-07T07:52:34Z</time></trkpt><trkpt lat="21.047997" lon="105.837839"><ele>-14.453</ele><time>2018-09-07T07:52:41Z</time></trkpt><trkpt lat="21.047952" lon="105.837800"><ele>-14.449</ele><time>2018-09-07T07:52:42Z</time></trkpt><trkpt lat="21.047914" lon="105.837754"><ele>-14.445</ele><time>2018-09-07T07:52:43Z</time></trkpt><trkpt lat="21.047882" lon="105.837710"><ele>-14.494</ele><time>2018-09-07T07:52:44Z</time></trkpt><trkpt lat="21.047846" lon="105.837666"><ele>-14.027</ele><time>2018-09-07T07:52:45Z</time></trkpt><trkpt lat="21.047805" lon="105.837615"><ele>-13.844</ele><time>2018-09-07T07:52:46Z</time></trkpt><trkpt lat="21.047742" lon="105.837564"><ele>-13.705</ele><time>2018-09-07T07:52:47Z</time></trkpt><trkpt lat="21.047690" lon="105.837510"><ele>-13.615</ele><time>2018-09-07T07:52:48Z</time></trkpt><trkpt lat="21.047633" lon="105.837458"><ele>-13.508</ele><time>2018-09-07T07:52:49Z</time></trkpt><trkpt lat="21.047584" lon="105.837407"><ele>-13.556</ele><time>2018-09-07T07:52:50Z</time></trkpt><trkpt lat="21.047526" lon="105.837330"><ele>-13.122</ele><time>2018-09-07T07:52:51Z</time></trkpt><trkpt lat="21.047472" lon="105.837274"><ele>-12.467</ele><time>2018-09-07T07:52:52Z</time></trkpt><trkpt lat="21.047422" lon="105.837222"><ele>-12.032</ele><time>2018-09-07T07:52:53Z</time></trkpt><trkpt lat="21.047376" lon="105.837171"><ele>-11.838</ele><time>2018-09-07T07:52:54Z</time></trkpt><trkpt lat="21.047329" lon="105.837118"><ele>-11.864</ele><time>2018-09-07T07:52:55Z</time></trkpt><trkpt lat="21.047279" lon="105.837048"><ele>-11.383</ele><time>2018-09-07T07:52:56Z</time></trkpt><trkpt lat="21.047225" lon="105.836981"><ele>-10.926</ele><time>2018-09-07T07:52:57Z</time></trkpt><trkpt lat="21.047182" lon="105.836931"><ele>-10.867</ele><time>2018-09-07T07:52:58Z</time></trkpt><trkpt lat="21.047137" lon="105.836880"><ele>-10.781</ele><time>2018-09-07T07:52:59Z</time></trkpt><trkpt lat="21.047101" lon="105.836837"><ele>-10.519</ele><time>2018-09-07T07:53:00Z</time></trkpt><trkpt lat="21.047058" lon="105.836799"><ele>-10.208</ele><time>2018-09-07T07:53:01Z</time></trkpt><trkpt lat="21.047012" lon="105.836755"><ele>-9.868</ele><time>2018-09-07T07:53:02Z</time></trkpt><trkpt lat="21.046967" lon="105.836711"><ele>-9.774</ele><time>2018-09-07T07:53:03Z</time></trkpt><trkpt lat="21.046913" lon="105.836668"><ele>-9.169</ele><time>2018-09-07T07:53:04Z</time></trkpt><trkpt lat="21.046846" lon="105.836644"><ele>-8.854</ele><time>2018-09-07T07:53:05Z</time></trkpt><trkpt lat="21.046774" lon="105.836625"><ele>-9.020</ele><time>2018-09-07T07:53:06Z</time></trkpt><trkpt lat="21.046711" lon="105.836613"><ele>-9.196</ele><time>2018-09-07T07:53:07Z</time></trkpt><trkpt lat="21.046650" lon="105.836600"><ele>-9.345</ele><time>2018-09-07T07:53:08Z</time></trkpt><trkpt lat="21.046591" lon="105.836592"><ele>-9.378</ele><time>2018-09-07T07:53:09Z</time></trkpt><trkpt lat="21.046521" lon="105.836577"><ele>-9.331</ele><time>2018-09-07T07:53:10Z</time></trkpt><trkpt lat="21.046454" lon="105.836562"><ele>-9.361</ele><time>2018-09-07T07:53:11Z</time></trkpt><trkpt lat="21.046384" lon="105.836546"><ele>-9.707</ele><time>2018-09-07T07:53:12Z</time></trkpt><trkpt lat="21.046319" lon="105.836534"><ele>-9.808</ele><time>2018-09-07T07:53:13Z</time></trkpt><trkpt lat="21.046260" lon="105.836521"><ele>-9.965</ele><time>2018-09-07T07:53:14Z</time></trkpt><trkpt lat="21.046202" lon="105.836512"><ele>-10.081</ele><time>2018-09-07T07:53:15Z</time></trkpt><trkpt lat="21.046151" lon="105.836508"><ele>-10.236</ele><time>2018-09-07T07:53:16Z</time></trkpt><trkpt lat="21.046102" lon="105.836500"><ele>-10.241</ele><time>2018-09-07T07:53:17Z</time></trkpt><trkpt lat="21.046008" lon="105.836500"><ele>-10.267</ele><time>2018-09-07T07:53:19Z</time></trkpt><trkpt lat="21.045957" lon="105.836494"><ele>-10.513</ele><time>2018-09-07T07:53:20Z</time></trkpt><trkpt lat="21.045909" lon="105.836490"><ele>-10.892</ele><time>2018-09-07T07:53:21Z</time></trkpt><trkpt lat="21.045859" lon="105.836479"><ele>-11.385</ele><time>2018-09-07T07:53:22Z</time></trkpt><trkpt lat="21.045810" lon="105.836473"><ele>-11.536</ele><time>2018-09-07T07:53:23Z</time></trkpt><trkpt lat="21.045748" lon="105.836469"><ele>-11.817</ele><time>2018-09-07T07:53:24Z</time></trkpt><trkpt lat="21.045685" lon="105.836460"><ele>-12.318</ele><time>2018-09-07T07:53:25Z</time></trkpt><trkpt lat="21.045610" lon="105.836447"><ele>-12.508</ele><time>2018-09-07T07:53:26Z</time></trkpt><trkpt lat="21.045533" lon="105.836425"><ele>-13.145</ele><time>2018-09-07T07:53:27Z</time></trkpt><trkpt lat="21.045468" lon="105.836411"><ele>-13.531</ele><time>2018-09-07T07:53:28Z</time></trkpt><trkpt lat="21.045398" lon="105.836403"><ele>-13.726</ele><time>2018-09-07T07:53:29Z</time></trkpt><trkpt lat="21.045334" lon="105.836396"><ele>-13.431</ele><time>2018-09-07T07:53:30Z</time></trkpt><trkpt lat="21.045269" lon="105.836385"><ele>-13.277</ele><time>2018-09-07T07:53:31Z</time></trkpt><trkpt lat="21.045211" lon="105.836381"><ele>-13.113</ele><time>2018-09-07T07:53:32Z</time></trkpt><trkpt lat="21.045146" lon="105.836373"><ele>-13.022</ele><time>2018-09-07T07:53:33Z</time></trkpt><trkpt lat="21.045079" lon="105.836357"><ele>-13.065</ele><time>2018-09-07T07:53:34Z</time></trkpt><trkpt lat="21.045015" lon="105.836347"><ele>-13.464</ele><time>2018-09-07T07:53:35Z</time></trkpt><trkpt lat="21.044958" lon="105.836339"><ele>-13.606</ele><time>2018-09-07T07:53:36Z</time></trkpt><trkpt lat="21.044902" lon="105.836333"><ele>-13.716</ele><time>2018-09-07T07:53:37Z</time></trkpt><trkpt lat="21.044840" lon="105.836327"><ele>-13.808</ele><time>2018-09-07T07:53:38Z</time></trkpt><trkpt lat="21.044776" lon="105.836313"><ele>-13.418</ele><time>2018-09-07T07:53:39Z</time></trkpt><trkpt lat="21.044709" lon="105.836297"><ele>-13.264</ele><time>2018-09-07T07:53:40Z</time></trkpt><trkpt lat="21.044646" lon="105.836289"><ele>-13.179</ele><time>2018-09-07T07:53:41Z</time></trkpt><trkpt lat="21.044589" lon="105.836285"><ele>-13.074</ele><time>2018-09-07T07:53:42Z</time></trkpt><trkpt lat="21.044531" lon="105.836274"><ele>-13.040</ele><time>2018-09-07T07:53:43Z</time></trkpt><trkpt lat="21.044473" lon="105.836264"><ele>-13.056</ele><time>2018-09-07T07:53:44Z</time></trkpt><trkpt lat="21.044422" lon="105.836251"><ele>-13.055</ele><time>2018-09-07T07:53:45Z</time></trkpt><trkpt lat="21.044368" lon="105.836246"><ele>-13.018</ele><time>2018-09-07T07:53:46Z</time></trkpt><trkpt lat="21.044308" lon="105.836237"><ele>-13.026</ele><time>2018-09-07T07:53:47Z</time></trkpt><trkpt lat="21.044243" lon="105.836227"><ele>-13.047</ele><time>2018-09-07T07:53:48Z</time></trkpt><trkpt lat="21.044181" lon="105.836220"><ele>-13.011</ele><time>2018-09-07T07:53:49Z</time></trkpt><trkpt lat="21.044130" lon="105.836215"><ele>-13.008</ele><time>2018-09-07T07:53:50Z</time></trkpt><trkpt lat="21.044074" lon="105.836202"><ele>-13.014</ele><time>2018-09-07T07:53:51Z</time></trkpt><trkpt lat="21.044024" lon="105.836185"><ele>-13.460</ele><time>2018-09-07T07:53:52Z</time></trkpt><trkpt lat="21.043974" lon="105.836172"><ele>-13.655</ele><time>2018-09-07T07:53:53Z</time></trkpt><trkpt lat="21.043924" lon="105.836161"><ele>-13.760</ele><time>2018-09-07T07:53:54Z</time></trkpt><trkpt lat="21.043881" lon="105.836143"><ele>-13.896</ele><time>2018-09-07T07:53:55Z</time></trkpt><trkpt lat="21.043821" lon="105.836091"><ele>-14.352</ele><time>2018-09-07T07:53:57Z</time></trkpt><trkpt lat="21.043779" lon="105.836013"><ele>-14.611</ele><time>2018-09-07T07:53:59Z</time></trkpt><trkpt lat="21.043763" lon="105.835967"><ele>-14.884</ele><time>2018-09-07T07:54:00Z</time></trkpt><trkpt lat="21.043742" lon="105.835920"><ele>-14.975</ele><time>2018-09-07T07:54:01Z</time></trkpt><trkpt lat="21.043717" lon="105.835864"><ele>-15.428</ele><time>2018-09-07T07:54:02Z</time></trkpt><trkpt lat="21.043693" lon="105.835799"><ele>-15.720</ele><time>2018-09-07T07:54:03Z</time></trkpt><trkpt lat="21.043671" lon="105.835729"><ele>-15.908</ele><time>2018-09-07T07:54:04Z</time></trkpt><trkpt lat="21.043655" lon="105.835651"><ele>-16.599</ele><time>2018-09-07T07:54:05Z</time></trkpt><trkpt lat="21.043645" lon="105.835581"><ele>-16.735</ele><time>2018-09-07T07:54:06Z</time></trkpt><trkpt lat="21.043641" lon="105.835511"><ele>-17.330</ele><time>2018-09-07T07:54:07Z</time></trkpt><trkpt lat="21.043638" lon="105.835444"><ele>-17.665</ele><time>2018-09-07T07:54:08Z</time></trkpt><trkpt lat="21.043630" lon="105.835385"><ele>-17.841</ele><time>2018-09-07T07:54:09Z</time></trkpt><trkpt lat="21.043621" lon="105.835325"><ele>-18.017</ele><time>2018-09-07T07:54:10Z</time></trkpt><trkpt lat="21.043623" lon="105.835253"><ele>-18.596</ele><time>2018-09-07T07:54:11Z</time></trkpt><trkpt lat="21.043623" lon="105.835185"><ele>-18.779</ele><time>2018-09-07T07:54:12Z</time></trkpt><trkpt lat="21.043629" lon="105.835100"><ele>-19.072</ele><time>2018-09-07T07:54:13Z</time></trkpt><trkpt lat="21.043621" lon="105.835033"><ele>-19.513</ele><time>2018-09-07T07:54:14Z</time></trkpt><trkpt lat="21.043621" lon="105.834960"><ele>-19.814</ele><time>2018-09-07T07:54:15Z</time></trkpt><trkpt lat="21.043626" lon="105.834890"><ele>-20.008</ele><time>2018-09-07T07:54:16Z</time></trkpt><trkpt lat="21.043630" lon="105.834831"><ele>-20.089</ele><time>2018-09-07T07:54:17Z</time></trkpt><trkpt lat="21.043636" lon="105.834773"><ele>-20.165</ele><time>2018-09-07T07:54:18Z</time></trkpt><trkpt lat="21.043648" lon="105.834712"><ele>-20.170</ele><time>2018-09-07T07:54:19Z</time></trkpt><trkpt lat="21.043660" lon="105.834658"><ele>-20.185</ele><time>2018-09-07T07:54:20Z</time></trkpt><trkpt lat="21.043674" lon="105.834600"><ele>-20.141</ele><time>2018-09-07T07:54:21Z</time></trkpt><trkpt lat="21.043675" lon="105.834533"><ele>-20.117</ele><time>2018-09-07T07:54:22Z</time></trkpt><trkpt lat="21.043683" lon="105.834457"><ele>-19.836</ele><time>2018-09-07T07:54:23Z</time></trkpt><trkpt lat="21.043689" lon="105.834389"><ele>-19.579</ele><time>2018-09-07T07:54:24Z</time></trkpt><trkpt lat="21.043705" lon="105.834319"><ele>-19.077</ele><time>2018-09-07T07:54:25Z</time></trkpt><trkpt lat="21.043724" lon="105.834253"><ele>-18.761</ele><time>2018-09-07T07:54:26Z</time></trkpt><trkpt lat="21.043745" lon="105.834194"><ele>-18.527</ele><time>2018-09-07T07:54:27Z</time></trkpt><trkpt lat="21.043768" lon="105.834122"><ele>-18.008</ele><time>2018-09-07T07:54:28Z</time></trkpt><trkpt lat="21.043784" lon="105.834051"><ele>-17.759</ele><time>2018-09-07T07:54:29Z</time></trkpt><trkpt lat="21.043796" lon="105.833980"><ele>-17.175</ele><time>2018-09-07T07:54:30Z</time></trkpt><trkpt lat="21.043806" lon="105.833910"><ele>-16.780</ele><time>2018-09-07T07:54:31Z</time></trkpt><trkpt lat="21.043812" lon="105.833848"><ele>-16.545</ele><time>2018-09-07T07:54:32Z</time></trkpt><trkpt lat="21.043809" lon="105.833797"><ele>-16.521</ele><time>2018-09-07T07:54:33Z</time></trkpt><trkpt lat="21.043803" lon="105.833747"><ele>-15.927</ele><time>2018-09-07T07:54:34Z</time></trkpt><trkpt lat="21.043788" lon="105.833682"><ele>-15.686</ele><time>2018-09-07T07:54:36Z</time></trkpt><trkpt lat="21.043735" lon="105.833607"><ele>-15.469</ele><time>2018-09-07T07:54:38Z</time></trkpt><trkpt lat="21.043687" lon="105.833578"><ele>-14.913</ele><time>2018-09-07T07:54:39Z</time></trkpt><trkpt lat="21.043641" lon="105.833539"><ele>-14.243</ele><time>2018-09-07T07:54:40Z</time></trkpt><trkpt lat="21.043608" lon="105.833487"><ele>-13.407</ele><time>2018-09-07T07:54:41Z</time></trkpt><trkpt lat="21.043593" lon="105.833412"><ele>-12.908</ele><time>2018-09-07T07:54:42Z</time></trkpt><trkpt lat="21.043593" lon="105.833335"><ele>-12.713</ele><time>2018-09-07T07:54:43Z</time></trkpt><trkpt lat="21.043614" lon="105.833255"><ele>-12.039</ele><time>2018-09-07T07:54:44Z</time></trkpt><trkpt lat="21.043653" lon="105.833164"><ele>-11.394</ele><time>2018-09-07T07:54:45Z</time></trkpt><trkpt lat="21.043677" lon="105.833093"><ele>-10.989</ele><time>2018-09-07T07:54:46Z</time></trkpt><trkpt lat="21.043696" lon="105.833014"><ele>-10.795</ele><time>2018-09-07T07:54:47Z</time></trkpt><trkpt lat="21.043717" lon="105.832934"><ele>-10.821</ele><time>2018-09-07T07:54:48Z</time></trkpt><trkpt lat="21.043735" lon="105.832860"><ele>-10.970</ele><time>2018-09-07T07:54:49Z</time></trkpt><trkpt lat="21.043750" lon="105.832793"><ele>-10.743</ele><time>2018-09-07T07:54:50Z</time></trkpt><trkpt lat="21.043775" lon="105.832726"><ele>-10.452</ele><time>2018-09-07T07:54:51Z</time></trkpt><trkpt lat="21.043793" lon="105.832658"><ele>-10.353</ele><time>2018-09-07T07:54:52Z</time></trkpt><trkpt lat="21.043808" lon="105.832590"><ele>-10.308</ele><time>2018-09-07T07:54:53Z</time></trkpt><trkpt lat="21.043825" lon="105.832522"><ele>-10.308</ele><time>2018-09-07T07:54:54Z</time></trkpt><trkpt lat="21.043838" lon="105.832455"><ele>-10.367</ele><time>2018-09-07T07:54:55Z</time></trkpt><trkpt lat="21.043850" lon="105.832387"><ele>-10.363</ele><time>2018-09-07T07:54:56Z</time></trkpt><trkpt lat="21.043857" lon="105.832316"><ele>-10.798</ele><time>2018-09-07T07:54:57Z</time></trkpt><trkpt lat="21.043860" lon="105.832249"><ele>-10.843</ele><time>2018-09-07T07:54:58Z</time></trkpt><trkpt lat="21.043859" lon="105.832187"><ele>-10.969</ele><time>2018-09-07T07:54:59Z</time></trkpt><trkpt lat="21.043859" lon="105.832121"><ele>-11.025</ele><time>2018-09-07T07:55:00Z</time></trkpt><trkpt lat="21.043854" lon="105.832046"><ele>-11.584</ele><time>2018-09-07T07:55:01Z</time></trkpt><trkpt lat="21.043864" lon="105.831973"><ele>-11.487</ele><time>2018-09-07T07:55:02Z</time></trkpt><trkpt lat="21.043861" lon="105.831899"><ele>-11.865</ele><time>2018-09-07T07:55:03Z</time></trkpt><trkpt lat="21.043858" lon="105.831833"><ele>-11.568</ele><time>2018-09-07T07:55:04Z</time></trkpt><trkpt lat="21.043843" lon="105.831772"><ele>-11.814</ele><time>2018-09-07T07:55:05Z</time></trkpt><trkpt lat="21.043835" lon="105.831722"><ele>-12.008</ele><time>2018-09-07T07:55:06Z</time></trkpt><trkpt lat="21.043846" lon="105.831634"><ele>-11.848</ele><time>2018-09-07T07:55:08Z</time></trkpt><trkpt lat="21.043872" lon="105.831585"><ele>-11.514</ele><time>2018-09-07T07:55:09Z</time></trkpt><trkpt lat="21.043905" lon="105.831535"><ele>-11.849</ele><time>2018-09-07T07:55:10Z</time></trkpt><trkpt lat="21.043940" lon="105.831490"><ele>-12.014</ele><time>2018-09-07T07:55:11Z</time></trkpt><trkpt lat="21.043978" lon="105.831447"><ele>-12.240</ele><time>2018-09-07T07:55:12Z</time></trkpt><trkpt lat="21.044020" lon="105.831402"><ele>-12.376</ele><time>2018-09-07T07:55:13Z</time></trkpt><trkpt lat="21.044053" lon="105.831355"><ele>-12.345</ele><time>2018-09-07T07:55:14Z</time></trkpt><trkpt lat="21.044085" lon="105.831311"><ele>-12.358</ele><time>2018-09-07T07:55:15Z</time></trkpt><trkpt lat="21.044108" lon="105.831265"><ele>-12.376</ele><time>2018-09-07T07:55:16Z</time></trkpt><trkpt lat="21.044109" lon="105.831210"><ele>-12.390</ele><time>2018-09-07T07:55:18Z</time></trkpt><trkpt lat="21.044090" lon="105.831131"><ele>-12.319</ele><time>2018-09-07T07:55:19Z</time></trkpt><trkpt lat="21.044057" lon="105.831087"><ele>-12.308</ele><time>2018-09-07T07:55:20Z</time></trkpt><trkpt lat="21.044007" lon="105.831041"><ele>-12.399</ele><time>2018-09-07T07:55:21Z</time></trkpt><trkpt lat="21.043950" lon="105.831003"><ele>-12.375</ele><time>2018-09-07T07:55:22Z</time></trkpt><trkpt lat="21.043872" lon="105.830961"><ele>-12.340</ele><time>2018-09-07T07:55:23Z</time></trkpt><trkpt lat="21.043801" lon="105.830927"><ele>-12.345</ele><time>2018-09-07T07:55:24Z</time></trkpt><trkpt lat="21.043739" lon="105.830886"><ele>-12.351</ele><time>2018-09-07T07:55:25Z</time></trkpt><trkpt lat="21.043688" lon="105.830850"><ele>-12.377</ele><time>2018-09-07T07:55:26Z</time></trkpt><trkpt lat="21.043639" lon="105.830822"><ele>-12.396</ele><time>2018-09-07T07:55:27Z</time></trkpt><trkpt lat="21.043585" lon="105.830787"><ele>-12.389</ele><time>2018-09-07T07:55:28Z</time></trkpt><trkpt lat="21.043534" lon="105.830751"><ele>-12.337</ele><time>2018-09-07T07:55:29Z</time></trkpt><trkpt lat="21.043488" lon="105.830709"><ele>-12.349</ele><time>2018-09-07T07:55:30Z</time></trkpt><trkpt lat="21.043443" lon="105.830670"><ele>-11.813</ele><time>2018-09-07T07:55:31Z</time></trkpt><trkpt lat="21.043394" lon="105.830623"><ele>-11.708</ele><time>2018-09-07T07:55:32Z</time></trkpt><trkpt lat="21.043349" lon="105.830565"><ele>-11.515</ele><time>2018-09-07T07:55:33Z</time></trkpt><trkpt lat="21.043314" lon="105.830509"><ele>-11.411</ele><time>2018-09-07T07:55:34Z</time></trkpt><trkpt lat="21.043275" lon="105.830441"><ele>-11.386</ele><time>2018-09-07T07:55:35Z</time></trkpt><trkpt lat="21.043243" lon="105.830362"><ele>-10.931</ele><time>2018-09-07T07:55:36Z</time></trkpt><trkpt lat="21.043216" lon="105.830284"><ele>-10.777</ele><time>2018-09-07T07:55:37Z</time></trkpt><trkpt lat="21.043208" lon="105.830207"><ele>-10.063</ele><time>2018-09-07T07:55:38Z</time></trkpt><trkpt lat="21.043209" lon="105.830134"><ele>-9.892</ele><time>2018-09-07T07:55:39Z</time></trkpt><trkpt lat="21.043213" lon="105.830064"><ele>-9.945</ele><time>2018-09-07T07:55:40Z</time></trkpt><trkpt lat="21.043216" lon="105.830010"><ele>-10.015</ele><time>2018-09-07T07:55:41Z</time></trkpt><trkpt lat="21.043207" lon="105.829960"><ele>-10.265</ele><time>2018-09-07T07:55:42Z</time></trkpt><trkpt lat="21.043189" lon="105.829906"><ele>-10.211</ele><time>2018-09-07T07:55:43Z</time></trkpt><trkpt lat="21.043166" lon="105.829844"><ele>-10.208</ele><time>2018-09-07T07:55:44Z</time></trkpt><trkpt lat="21.043128" lon="105.829787"><ele>-9.893</ele><time>2018-09-07T07:55:45Z</time></trkpt><trkpt lat="21.043087" lon="105.829728"><ele>-9.519</ele><time>2018-09-07T07:55:46Z</time></trkpt><trkpt lat="21.043056" lon="105.829660"><ele>-9.414</ele><time>2018-09-07T07:55:47Z</time></trkpt><trkpt lat="21.043020" lon="105.829599"><ele>-9.389</ele><time>2018-09-07T07:55:48Z</time></trkpt><trkpt lat="21.042975" lon="105.829531"><ele>-9.385</ele><time>2018-09-07T07:55:49Z</time></trkpt><trkpt lat="21.042940" lon="105.829465"><ele>-9.391</ele><time>2018-09-07T07:55:50Z</time></trkpt><trkpt lat="21.042905" lon="105.829403"><ele>-9.380</ele><time>2018-09-07T07:55:51Z</time></trkpt><trkpt lat="21.042871" lon="105.829346"><ele>-9.323</ele><time>2018-09-07T07:55:52Z</time></trkpt><trkpt lat="21.042836" lon="105.829285"><ele>-9.395</ele><time>2018-09-07T07:55:53Z</time></trkpt><trkpt lat="21.042804" lon="105.829230"><ele>-9.349</ele><time>2018-09-07T07:55:54Z</time></trkpt><trkpt lat="21.042776" lon="105.829181"><ele>-9.323</ele><time>2018-09-07T07:55:55Z</time></trkpt><trkpt lat="21.042748" lon="105.829127"><ele>-9.308</ele><time>2018-09-07T07:55:56Z</time></trkpt><trkpt lat="21.042718" lon="105.829075"><ele>-9.391</ele><time>2018-09-07T07:55:57Z</time></trkpt><trkpt lat="21.042688" lon="105.829019"><ele>-9.347</ele><time>2018-09-07T07:55:58Z</time></trkpt><trkpt lat="21.042657" lon="105.828964"><ele>-9.372</ele><time>2018-09-07T07:55:59Z</time></trkpt><trkpt lat="21.042629" lon="105.828914"><ele>-9.387</ele><time>2018-09-07T07:56:00Z</time></trkpt><trkpt lat="21.042599" lon="105.828861"><ele>-9.363</ele><time>2018-09-07T07:56:01Z</time></trkpt><trkpt lat="21.042570" lon="105.828817"><ele>-9.369</ele><time>2018-09-07T07:56:02Z</time></trkpt><trkpt lat="21.042540" lon="105.828765"><ele>-9.318</ele><time>2018-09-07T07:56:03Z</time></trkpt><trkpt lat="21.042508" lon="105.828710"><ele>-9.361</ele><time>2018-09-07T07:56:04Z</time></trkpt><trkpt lat="21.042479" lon="105.828662"><ele>-9.366</ele><time>2018-09-07T07:56:05Z</time></trkpt><trkpt lat="21.042455" lon="105.828611"><ele>-9.329</ele><time>2018-09-07T07:56:06Z</time></trkpt><trkpt lat="21.042427" lon="105.828557"><ele>-9.321</ele><time>2018-09-07T07:56:07Z</time></trkpt><trkpt lat="21.042393" lon="105.828498"><ele>-9.308</ele><time>2018-09-07T07:56:08Z</time></trkpt><trkpt lat="21.042356" lon="105.828443"><ele>-8.978</ele><time>2018-09-07T07:56:09Z</time></trkpt><trkpt lat="21.042330" lon="105.828394"><ele>-8.894</ele><time>2018-09-07T07:56:10Z</time></trkpt><trkpt lat="21.042302" lon="105.828351"><ele>-8.669</ele><time>2018-09-07T07:56:11Z</time></trkpt><trkpt lat="21.042262" lon="105.828263"><ele>-8.944</ele><time>2018-09-07T07:56:13Z</time></trkpt><trkpt lat="21.042261" lon="105.828205"><ele>-9.160</ele><time>2018-09-07T07:56:14Z</time></trkpt><trkpt lat="21.042282" lon="105.828140"><ele>-9.336</ele><time>2018-09-07T07:56:15Z</time></trkpt><trkpt lat="21.042307" lon="105.828082"><ele>-9.395</ele><time>2018-09-07T07:56:16Z</time></trkpt><trkpt lat="21.042332" lon="105.828030"><ele>-9.888</ele><time>2018-09-07T07:56:17Z</time></trkpt><trkpt lat="21.042353" lon="105.827979"><ele>-9.736</ele><time>2018-09-07T07:56:18Z</time></trkpt><trkpt lat="21.042359" lon="105.827924"><ele>-9.517</ele><time>2018-09-07T07:56:19Z</time></trkpt><trkpt lat="21.042366" lon="105.827859"><ele>-9.518</ele><time>2018-09-07T07:56:20Z</time></trkpt><trkpt lat="21.042368" lon="105.827795"><ele>-9.908</ele><time>2018-09-07T07:56:21Z</time></trkpt><trkpt lat="21.042361" lon="105.827729"><ele>-10.275</ele><time>2018-09-07T07:56:22Z</time></trkpt><trkpt lat="21.042350" lon="105.827657"><ele>-10.311</ele><time>2018-09-07T07:56:23Z</time></trkpt><trkpt lat="21.042328" lon="105.827584"><ele>-10.376</ele><time>2018-09-07T07:56:24Z</time></trkpt><trkpt lat="21.042296" lon="105.827514"><ele>-10.331</ele><time>2018-09-07T07:56:25Z</time></trkpt><trkpt lat="21.042268" lon="105.827447"><ele>-10.337</ele><time>2018-09-07T07:56:26Z</time></trkpt><trkpt lat="21.042238" lon="105.827387"><ele>-9.963</ele><time>2018-09-07T07:56:27Z</time></trkpt><trkpt lat="21.042209" lon="105.827326"><ele>-9.852</ele><time>2018-09-07T07:56:28Z</time></trkpt><trkpt lat="21.042182" lon="105.827260"><ele>-9.785</ele><time>2018-09-07T07:56:29Z</time></trkpt><trkpt lat="21.042155" lon="105.827203"><ele>-9.511</ele><time>2018-09-07T07:56:30Z</time></trkpt><trkpt lat="21.042129" lon="105.827157"><ele>-9.521</ele><time>2018-09-07T07:56:31Z</time></trkpt><trkpt lat="21.042105" lon="105.827115"><ele>-9.503</ele><time>2018-09-07T07:56:32Z</time></trkpt><trkpt lat="21.042084" lon="105.827069"><ele>-9.508</ele><time>2018-09-07T07:56:33Z</time></trkpt><trkpt lat="21.042067" lon="105.827024"><ele>-9.553</ele><time>2018-09-07T07:56:34Z</time></trkpt><trkpt lat="21.042070" lon="105.826962"><ele>-9.569</ele><time>2018-09-07T07:56:35Z</time></trkpt><trkpt lat="21.042068" lon="105.826901"><ele>-9.544</ele><time>2018-09-07T07:56:36Z</time></trkpt><trkpt lat="21.042070" lon="105.826845"><ele>-9.539</ele><time>2018-09-07T07:56:37Z</time></trkpt><trkpt lat="21.042072" lon="105.826793"><ele>-9.575</ele><time>2018-09-07T07:56:38Z</time></trkpt><trkpt lat="21.042053" lon="105.826695"><ele>-9.921</ele><time>2018-09-07T07:56:40Z</time></trkpt><trkpt lat="21.042051" lon="105.826640"><ele>-10.510</ele><time>2018-09-07T07:56:41Z</time></trkpt><trkpt lat="21.042047" lon="105.826586"><ele>-10.563</ele><time>2018-09-07T07:56:42Z</time></trkpt><trkpt lat="21.042043" lon="105.826530"><ele>-10.522</ele><time>2018-09-07T07:56:43Z</time></trkpt><trkpt lat="21.042051" lon="105.826460"><ele>-10.962</ele><time>2018-09-07T07:56:44Z</time></trkpt><trkpt lat="21.042072" lon="105.826388"><ele>-11.208</ele><time>2018-09-07T07:56:45Z</time></trkpt><trkpt lat="21.042090" lon="105.826329"><ele>-11.308</ele><time>2018-09-07T07:56:46Z</time></trkpt><trkpt lat="21.042116" lon="105.826275"><ele>-11.354</ele><time>2018-09-07T07:56:47Z</time></trkpt><trkpt lat="21.042140" lon="105.826227"><ele>-11.450</ele><time>2018-09-07T07:56:48Z</time></trkpt><trkpt lat="21.042165" lon="105.826175"><ele>-11.075</ele><time>2018-09-07T07:56:49Z</time></trkpt><trkpt lat="21.042187" lon="105.826127"><ele>-10.880</ele><time>2018-09-07T07:56:50Z</time></trkpt><trkpt lat="21.042217" lon="105.826074"><ele>-10.866</ele><time>2018-09-07T07:56:51Z</time></trkpt><trkpt lat="21.042254" lon="105.826030"><ele>-10.732</ele><time>2018-09-07T07:56:52Z</time></trkpt><trkpt lat="21.042296" lon="105.825988"><ele>-10.381</ele><time>2018-09-07T07:56:53Z</time></trkpt><trkpt lat="21.042344" lon="105.825959"><ele>-9.944</ele><time>2018-09-07T07:56:54Z</time></trkpt><trkpt lat="21.042397" lon="105.825931"><ele>-9.319</ele><time>2018-09-07T07:56:55Z</time></trkpt><trkpt lat="21.042460" lon="105.825902"><ele>-9.009</ele><time>2018-09-07T07:56:56Z</time></trkpt><trkpt lat="21.042520" lon="105.825868"><ele>-8.819</ele><time>2018-09-07T07:56:57Z</time></trkpt><trkpt lat="21.042590" lon="105.825824"><ele>-8.808</ele><time>2018-09-07T07:56:58Z</time></trkpt><trkpt lat="21.042653" lon="105.825791"><ele>-8.613</ele><time>2018-09-07T07:56:59Z</time></trkpt><trkpt lat="21.042723" lon="105.825767"><ele>-9.039</ele><time>2018-09-07T07:57:00Z</time></trkpt><trkpt lat="21.042781" lon="105.825747"><ele>-9.364</ele><time>2018-09-07T07:57:01Z</time></trkpt><trkpt lat="21.042848" lon="105.825729"><ele>-9.319</ele><time>2018-09-07T07:57:02Z</time></trkpt><trkpt lat="21.042905" lon="105.825712"><ele>-9.435</ele><time>2018-09-07T07:57:03Z</time></trkpt><trkpt lat="21.042957" lon="105.825672"><ele>-9.411</ele><time>2018-09-07T07:57:04Z</time></trkpt><trkpt lat="21.042993" lon="105.825616"><ele>-9.840</ele><time>2018-09-07T07:57:05Z</time></trkpt><trkpt lat="21.043026" lon="105.825556"><ele>-10.523</ele><time>2018-09-07T07:57:06Z</time></trkpt><trkpt lat="21.043052" lon="105.825496"><ele>-10.933</ele><time>2018-09-07T07:57:07Z</time></trkpt><trkpt lat="21.043085" lon="105.825441"><ele>-11.223</ele><time>2018-09-07T07:57:08Z</time></trkpt><trkpt lat="21.043110" lon="105.825391"><ele>-11.315</ele><time>2018-09-07T07:57:09Z</time></trkpt><trkpt lat="21.043146" lon="105.825344"><ele>-11.808</ele><time>2018-09-07T07:57:10Z</time></trkpt><trkpt lat="21.043172" lon="105.825298"><ele>-12.035</ele><time>2018-09-07T07:57:11Z</time></trkpt><trkpt lat="21.043202" lon="105.825256"><ele>-12.331</ele><time>2018-09-07T07:57:12Z</time></trkpt><trkpt lat="21.043232" lon="105.825206"><ele>-12.836</ele><time>2018-09-07T07:57:13Z</time></trkpt><trkpt lat="21.043256" lon="105.825159"><ele>-13.051</ele><time>2018-09-07T07:57:14Z</time></trkpt><trkpt lat="21.043287" lon="105.825111"><ele>-13.217</ele><time>2018-09-07T07:57:15Z</time></trkpt><trkpt lat="21.043315" lon="105.825059"><ele>-13.353</ele><time>2018-09-07T07:57:16Z</time></trkpt><trkpt lat="21.043334" lon="105.825008"><ele>-13.472</ele><time>2018-09-07T07:57:17Z</time></trkpt><trkpt lat="21.043344" lon="105.824954"><ele>-13.435</ele><time>2018-09-07T07:57:18Z</time></trkpt><trkpt lat="21.043350" lon="105.824894"><ele>-13.487</ele><time>2018-09-07T07:57:19Z</time></trkpt><trkpt lat="21.043344" lon="105.824837"><ele>-13.442</ele><time>2018-09-07T07:57:20Z</time></trkpt><trkpt lat="21.043334" lon="105.824779"><ele>-13.426</ele><time>2018-09-07T07:57:21Z</time></trkpt><trkpt lat="21.043314" lon="105.824726"><ele>-13.408</ele><time>2018-09-07T07:57:22Z</time></trkpt><trkpt lat="21.043299" lon="105.824665"><ele>-13.430</ele><time>2018-09-07T07:57:23Z</time></trkpt><trkpt lat="21.043294" lon="105.824596"><ele>-13.466</ele><time>2018-09-07T07:57:24Z</time></trkpt><trkpt lat="21.043286" lon="105.824531"><ele>-13.881</ele><time>2018-09-07T07:57:25Z</time></trkpt><trkpt lat="21.043276" lon="105.824471"><ele>-14.056</ele><time>2018-09-07T07:57:26Z</time></trkpt><trkpt lat="21.043269" lon="105.824411"><ele>-14.172</ele><time>2018-09-07T07:57:27Z</time></trkpt><trkpt lat="21.043258" lon="105.824353"><ele>-14.298</ele><time>2018-09-07T07:57:28Z</time></trkpt><trkpt lat="21.043257" lon="105.824278"><ele>-14.367</ele><time>2018-09-07T07:57:29Z</time></trkpt><trkpt lat="21.043249" lon="105.824221"><ele>-14.360</ele><time>2018-09-07T07:57:30Z</time></trkpt><trkpt lat="21.043241" lon="105.824161"><ele>-14.395</ele><time>2018-09-07T07:57:31Z</time></trkpt><trkpt lat="21.043236" lon="105.824101"><ele>-14.349</ele><time>2018-09-07T07:57:32Z</time></trkpt><trkpt lat="21.043237" lon="105.824039"><ele>-14.323</ele><time>2018-09-07T07:57:33Z</time></trkpt><trkpt lat="21.043249" lon="105.823976"><ele>-14.308</ele><time>2018-09-07T07:57:34Z</time></trkpt><trkpt lat="21.043272" lon="105.823906"><ele>-14.341</ele><time>2018-09-07T07:57:35Z</time></trkpt><trkpt lat="21.043307" lon="105.823831"><ele>-14.367</ele><time>2018-09-07T07:57:36Z</time></trkpt><trkpt lat="21.043347" lon="105.823768"><ele>-14.392</ele><time>2018-09-07T07:57:37Z</time></trkpt><trkpt lat="21.043394" lon="105.823708"><ele>-14.397</ele><time>2018-09-07T07:57:38Z</time></trkpt><trkpt lat="21.043433" lon="105.823644"><ele>-14.383</ele><time>2018-09-07T07:57:39Z</time></trkpt><trkpt lat="21.043470" lon="105.823573"><ele>-14.359</ele><time>2018-09-07T07:57:40Z</time></trkpt><trkpt lat="21.043507" lon="105.823506"><ele>-14.758</ele><time>2018-09-07T07:57:41Z</time></trkpt><trkpt lat="21.043543" lon="105.823440"><ele>-14.971</ele><time>2018-09-07T07:57:42Z</time></trkpt><trkpt lat="21.043578" lon="105.823372"><ele>-15.049</ele><time>2018-09-07T07:57:43Z</time></trkpt><trkpt lat="21.043609" lon="105.823313"><ele>-15.502</ele><time>2018-09-07T07:57:44Z</time></trkpt><trkpt lat="21.043626" lon="105.823252"><ele>-15.822</ele><time>2018-09-07T07:57:45Z</time></trkpt><trkpt lat="21.043639" lon="105.823186"><ele>-16.008</ele><time>2018-09-07T07:57:46Z</time></trkpt><trkpt lat="21.043655" lon="105.823112"><ele>-15.716</ele><time>2018-09-07T07:57:47Z</time></trkpt><trkpt lat="21.043659" lon="105.823036"><ele>-15.522</ele><time>2018-09-07T07:57:48Z</time></trkpt><trkpt lat="21.043665" lon="105.822955"><ele>-15.427</ele><time>2018-09-07T07:57:49Z</time></trkpt><trkpt lat="21.043670" lon="105.822872"><ele>-14.992</ele><time>2018-09-07T07:57:50Z</time></trkpt><trkpt lat="21.043674" lon="105.822800"><ele>-14.648</ele><time>2018-09-07T07:57:51Z</time></trkpt><trkpt lat="21.043677" lon="105.822723"><ele>-14.454</ele><time>2018-09-07T07:57:52Z</time></trkpt><trkpt lat="21.043682" lon="105.822650"><ele>-14.323</ele><time>2018-09-07T07:57:53Z</time></trkpt><trkpt lat="21.043686" lon="105.822576"><ele>-14.256</ele><time>2018-09-07T07:57:54Z</time></trkpt><trkpt lat="21.043697" lon="105.822505"><ele>-14.619</ele><time>2018-09-07T07:57:55Z</time></trkpt><trkpt lat="21.043721" lon="105.822428"><ele>-14.809</ele><time>2018-09-07T07:57:56Z</time></trkpt><trkpt lat="21.043746" lon="105.822350"><ele>-14.919</ele><time>2018-09-07T07:57:57Z</time></trkpt><trkpt lat="21.043766" lon="105.822278"><ele>-15.408</ele><time>2018-09-07T07:57:58Z</time></trkpt><trkpt lat="21.043785" lon="105.822198"><ele>-15.373</ele><time>2018-09-07T07:57:59Z</time></trkpt><trkpt lat="21.043800" lon="105.822122"><ele>-15.269</ele><time>2018-09-07T07:58:00Z</time></trkpt><trkpt lat="21.043817" lon="105.822044"><ele>-15.244</ele><time>2018-09-07T07:58:01Z</time></trkpt><trkpt lat="21.043845" lon="105.821972"><ele>-15.219</ele><time>2018-09-07T07:58:02Z</time></trkpt><trkpt lat="21.043868" lon="105.821898"><ele>-15.265</ele><time>2018-09-07T07:58:03Z</time></trkpt><trkpt lat="21.043892" lon="105.821824"><ele>-15.231</ele><time>2018-09-07T07:58:04Z</time></trkpt><trkpt lat="21.043922" lon="105.821750"><ele>-15.210</ele><time>2018-09-07T07:58:05Z</time></trkpt><trkpt lat="21.043954" lon="105.821674"><ele>-15.263</ele><time>2018-09-07T07:58:06Z</time></trkpt><trkpt lat="21.043987" lon="105.821595"><ele>-15.236</ele><time>2018-09-07T07:58:07Z</time></trkpt><trkpt lat="21.044012" lon="105.821522"><ele>-15.217</ele><time>2018-09-07T07:58:08Z</time></trkpt><trkpt lat="21.044032" lon="105.821452"><ele>-15.218</ele><time>2018-09-07T07:58:09Z</time></trkpt><trkpt lat="21.044050" lon="105.821385"><ele>-15.208</ele><time>2018-09-07T07:58:10Z</time></trkpt><trkpt lat="21.044068" lon="105.821325"><ele>-15.295</ele><time>2018-09-07T07:58:11Z</time></trkpt><trkpt lat="21.044088" lon="105.821267"><ele>-15.271</ele><time>2018-09-07T07:58:12Z</time></trkpt><trkpt lat="21.044092" lon="105.821210"><ele>-15.286</ele><time>2018-09-07T07:58:13Z</time></trkpt><trkpt lat="21.044117" lon="105.821147"><ele>-15.241</ele><time>2018-09-07T07:58:14Z</time></trkpt><trkpt lat="21.044141" lon="105.821077"><ele>-15.247</ele><time>2018-09-07T07:58:15Z</time></trkpt><trkpt lat="21.044165" lon="105.821002"><ele>-15.213</ele><time>2018-09-07T07:58:16Z</time></trkpt><trkpt lat="21.044187" lon="105.820932"><ele>-15.272</ele><time>2018-09-07T07:58:17Z</time></trkpt><trkpt lat="21.044202" lon="105.820869"><ele>-15.235</ele><time>2018-09-07T07:58:18Z</time></trkpt><trkpt lat="21.044213" lon="105.820809"><ele>-15.258</ele><time>2018-09-07T07:58:19Z</time></trkpt><trkpt lat="21.044226" lon="105.820748"><ele>-15.252</ele><time>2018-09-07T07:58:20Z</time></trkpt><trkpt lat="21.044236" lon="105.820697"><ele>-15.217</ele><time>2018-09-07T07:58:21Z</time></trkpt><trkpt lat="21.044253" lon="105.820635"><ele>-15.208</ele><time>2018-09-07T07:58:22Z</time></trkpt><trkpt lat="21.044266" lon="105.820581"><ele>-15.267</ele><time>2018-09-07T07:58:23Z</time></trkpt><trkpt lat="21.044290" lon="105.820505"><ele>-15.673</ele><time>2018-09-07T07:58:24Z</time></trkpt><trkpt lat="21.044304" lon="105.820432"><ele>-15.828</ele><time>2018-09-07T07:58:25Z</time></trkpt><trkpt lat="21.044323" lon="105.820355"><ele>-15.953</ele><time>2018-09-07T07:58:26Z</time></trkpt><trkpt lat="21.044349" lon="105.820275"><ele>-16.049</ele><time>2018-09-07T07:58:27Z</time></trkpt><trkpt lat="21.044370" lon="105.820202"><ele>-16.175</ele><time>2018-09-07T07:58:28Z</time></trkpt><trkpt lat="21.044395" lon="105.820126"><ele>-16.134</ele><time>2018-09-07T07:58:29Z</time></trkpt><trkpt lat="21.044404" lon="105.820063"><ele>-16.197</ele><time>2018-09-07T07:58:30Z</time></trkpt><trkpt lat="21.044404" lon="105.820001"><ele>-16.148</ele><time>2018-09-07T07:58:31Z</time></trkpt><trkpt lat="21.044398" lon="105.819928"><ele>-16.161</ele><time>2018-09-07T07:58:32Z</time></trkpt><trkpt lat="21.044386" lon="105.819850"><ele>-16.117</ele><time>2018-09-07T07:58:33Z</time></trkpt><trkpt lat="21.044367" lon="105.819781"><ele>-16.508</ele><time>2018-09-07T07:58:34Z</time></trkpt><trkpt lat="21.044350" lon="105.819718"><ele>-16.776</ele><time>2018-09-07T07:58:35Z</time></trkpt><trkpt lat="21.044340" lon="105.819648"><ele>-16.852</ele><time>2018-09-07T07:58:36Z</time></trkpt><trkpt lat="21.044329" lon="105.819581"><ele>-17.027</ele><time>2018-09-07T07:58:37Z</time></trkpt><trkpt lat="21.044310" lon="105.819518"><ele>-17.062</ele><time>2018-09-07T07:58:38Z</time></trkpt><trkpt lat="21.044314" lon="105.819433"><ele>-17.028</ele><time>2018-09-07T07:58:39Z</time></trkpt><trkpt lat="21.044345" lon="105.819308"><ele>-16.254</ele><time>2018-09-07T07:58:40Z</time></trkpt><trkpt lat="21.044351" lon="105.819230"><ele>-15.723</ele><time>2018-09-07T07:58:41Z</time></trkpt><trkpt lat="21.044358" lon="105.819161"><ele>-15.486</ele><time>2018-09-07T07:58:42Z</time></trkpt><trkpt lat="21.044372" lon="105.819093"><ele>-15.244</ele><time>2018-09-07T07:58:43Z</time></trkpt><trkpt lat="21.044381" lon="105.819037"><ele>-15.105</ele><time>2018-09-07T07:58:44Z</time></trkpt><trkpt lat="21.044386" lon="105.818982"><ele>-14.615</ele><time>2018-09-07T07:58:45Z</time></trkpt><trkpt lat="21.044392" lon="105.818925"><ele>-13.908</ele><time>2018-09-07T07:58:46Z</time></trkpt><trkpt lat="21.044398" lon="105.818870"><ele>-13.576</ele><time>2018-09-07T07:58:47Z</time></trkpt><trkpt lat="21.044402" lon="105.818814"><ele>-13.342</ele><time>2018-09-07T07:58:48Z</time></trkpt><trkpt lat="21.044407" lon="105.818752"><ele>-13.247</ele><time>2018-09-07T07:58:49Z</time></trkpt><trkpt lat="21.044417" lon="105.818686"><ele>-13.162</ele><time>2018-09-07T07:58:50Z</time></trkpt><trkpt lat="21.044426" lon="105.818622"><ele>-13.018</ele><time>2018-09-07T07:58:51Z</time></trkpt><trkpt lat="21.044437" lon="105.818567"><ele>-13.094</ele><time>2018-09-07T07:58:52Z</time></trkpt><trkpt lat="21.044449" lon="105.818507"><ele>-13.033</ele><time>2018-09-07T07:58:53Z</time></trkpt><trkpt lat="21.044468" lon="105.818436"><ele>-13.096</ele><time>2018-09-07T07:58:54Z</time></trkpt><trkpt lat="21.044485" lon="105.818373"><ele>-13.019</ele><time>2018-09-07T07:58:55Z</time></trkpt><trkpt lat="21.044514" lon="105.818301"><ele>-13.009</ele><time>2018-09-07T07:58:56Z</time></trkpt><trkpt lat="21.044533" lon="105.818243"><ele>-13.019</ele><time>2018-09-07T07:58:57Z</time></trkpt><trkpt lat="21.044541" lon="105.818188"><ele>-13.008</ele><time>2018-09-07T07:58:58Z</time></trkpt><trkpt lat="21.044554" lon="105.818128"><ele>-13.073</ele><time>2018-09-07T07:58:59Z</time></trkpt><trkpt lat="21.044568" lon="105.818064"><ele>-13.069</ele><time>2018-09-07T07:59:00Z</time></trkpt><trkpt lat="21.044589" lon="105.818001"><ele>-13.064</ele><time>2018-09-07T07:59:01Z</time></trkpt><trkpt lat="21.044610" lon="105.817936"><ele>-12.729</ele><time>2018-09-07T07:59:02Z</time></trkpt><trkpt lat="21.044628" lon="105.817867"><ele>-12.465</ele><time>2018-09-07T07:59:03Z</time></trkpt><trkpt lat="21.044639" lon="105.817803"><ele>-12.891</ele><time>2018-09-07T07:59:04Z</time></trkpt><trkpt lat="21.044649" lon="105.817743"><ele>-12.960</ele><time>2018-09-07T07:59:05Z</time></trkpt><trkpt lat="21.044665" lon="105.817682"><ele>-12.783</ele><time>2018-09-07T07:59:06Z</time></trkpt><trkpt lat="21.044680" lon="105.817623"><ele>-12.015</ele><time>2018-09-07T07:59:07Z</time></trkpt><trkpt lat="21.044693" lon="105.817568"><ele>-11.765</ele><time>2018-09-07T07:59:08Z</time></trkpt><trkpt lat="21.044713" lon="105.817510"><ele>-11.411</ele><time>2018-09-07T07:59:09Z</time></trkpt><trkpt lat="21.044728" lon="105.817448"><ele>-11.308</ele><time>2018-09-07T07:59:10Z</time></trkpt><trkpt lat="21.044751" lon="105.817391"><ele>-10.873</ele><time>2018-09-07T07:59:11Z</time></trkpt><trkpt lat="21.044776" lon="105.817335"><ele>-10.999</ele><time>2018-09-07T07:59:12Z</time></trkpt><trkpt lat="21.044785" lon="105.817281"><ele>-11.064</ele><time>2018-09-07T07:59:13Z</time></trkpt><trkpt lat="21.044761" lon="105.817205"><ele>-11.449</ele><time>2018-09-07T07:59:15Z</time></trkpt><trkpt lat="21.044702" lon="105.817165"><ele>-11.835</ele><time>2018-09-07T07:59:16Z</time></trkpt><trkpt lat="21.044637" lon="105.817139"><ele>-11.921</ele><time>2018-09-07T07:59:17Z</time></trkpt><trkpt lat="21.044573" lon="105.817117"><ele>-12.090</ele><time>2018-09-07T07:59:18Z</time></trkpt><trkpt lat="21.044502" lon="105.817094"><ele>-12.213</ele><time>2018-09-07T07:59:19Z</time></trkpt><trkpt lat="21.044430" lon="105.817071"><ele>-12.293</ele><time>2018-09-07T07:59:20Z</time></trkpt><trkpt lat="21.044357" lon="105.817045"><ele>-12.265</ele><time>2018-09-07T07:59:21Z</time></trkpt><trkpt lat="21.044294" lon="105.817022"><ele>-12.221</ele><time>2018-09-07T07:59:22Z</time></trkpt><trkpt lat="21.044231" lon="105.817000"><ele>-12.208</ele><time>2018-09-07T07:59:23Z</time></trkpt><trkpt lat="21.044160" lon="105.816984"><ele>-12.231</ele><time>2018-09-07T07:59:24Z</time></trkpt><trkpt lat="21.044097" lon="105.816965"><ele>-12.247</ele><time>2018-09-07T07:59:25Z</time></trkpt><trkpt lat="21.044032" lon="105.816947"><ele>-12.532</ele><time>2018-09-07T07:59:26Z</time></trkpt><trkpt lat="21.043970" lon="105.816933"><ele>-12.847</ele><time>2018-09-07T07:59:27Z</time></trkpt><trkpt lat="21.043914" lon="105.816912"><ele>-12.863</ele><time>2018-09-07T07:59:28Z</time></trkpt><trkpt lat="21.043858" lon="105.816889"><ele>-12.949</ele><time>2018-09-07T07:59:29Z</time></trkpt><trkpt lat="21.043807" lon="105.816862"><ele>-13.028</ele><time>2018-09-07T07:59:30Z</time></trkpt><trkpt lat="21.043766" lon="105.816827"><ele>-13.061</ele><time>2018-09-07T07:59:31Z</time></trkpt><trkpt lat="21.043726" lon="105.816787"><ele>-13.076</ele><time>2018-09-07T07:59:32Z</time></trkpt><trkpt lat="21.043688" lon="105.816749"><ele>-13.090</ele><time>2018-09-07T07:59:33Z</time></trkpt><trkpt lat="21.043645" lon="105.816719"><ele>-13.019</ele><time>2018-09-07T07:59:34Z</time></trkpt><trkpt lat="21.043607" lon="105.816692"><ele>-13.008</ele><time>2018-09-07T07:59:35Z</time></trkpt><trkpt lat="21.043541" lon="105.816647"><ele>-12.749</ele><time>2018-09-07T07:59:37Z</time></trkpt><trkpt lat="21.043462" lon="105.816602"><ele>-12.055</ele><time>2018-09-07T07:59:39Z</time></trkpt><trkpt lat="21.043416" lon="105.816596"><ele>-11.740</ele><time>2018-09-07T07:59:40Z</time></trkpt><trkpt lat="21.043363" lon="105.816619"><ele>-11.815</ele><time>2018-09-07T07:59:42Z</time></trkpt><trkpt lat="21.043315" lon="105.816671"><ele>-11.911</ele><time>2018-09-07T07:59:45Z</time></trkpt><trkpt lat="21.043283" lon="105.816730"><ele>-12.447</ele><time>2018-09-07T07:59:47Z</time></trkpt><trkpt lat="21.043252" lon="105.816796"><ele>-12.896</ele><time>2018-09-07T07:59:49Z</time></trkpt><trkpt lat="21.043225" lon="105.816854"><ele>-12.939</ele><time>2018-09-07T07:59:51Z</time></trkpt><trkpt lat="21.043202" lon="105.816917"><ele>-12.788</ele><time>2018-09-07T07:59:53Z</time></trkpt><trkpt lat="21.043180" lon="105.817026"><ele>-12.424</ele><time>2018-09-07T07:59:54Z</time></trkpt><trkpt lat="21.043182" lon="105.817099"><ele>-12.326</ele><time>2018-09-07T07:59:55Z</time></trkpt><trkpt lat="21.043191" lon="105.817157"><ele>-12.708</ele><time>2018-09-07T07:59:56Z</time></trkpt><trkpt lat="21.043213" lon="105.817211"><ele>-12.840</ele><time>2018-09-07T07:59:57Z</time></trkpt><trkpt lat="21.043216" lon="105.817267"><ele>-12.956</ele><time>2018-09-07T07:59:58Z</time></trkpt><trkpt lat="21.043215" lon="105.817325"><ele>-13.011</ele><time>2018-09-07T07:59:59Z</time></trkpt><trkpt lat="21.043215" lon="105.817386"><ele>-13.096</ele><time>2018-09-07T08:00:00Z</time></trkpt><trkpt lat="21.043218" lon="105.817444"><ele>-13.082</ele><time>2018-09-07T08:00:01Z</time></trkpt><trkpt lat="21.043228" lon="105.817506"><ele>-13.498</ele><time>2018-09-07T08:00:02Z</time></trkpt><trkpt lat="21.043242" lon="105.817565"><ele>-13.247</ele><time>2018-09-07T08:00:03Z</time></trkpt><trkpt lat="21.043262" lon="105.817623"><ele>-13.150</ele><time>2018-09-07T08:00:04Z</time></trkpt><trkpt lat="21.043290" lon="105.817680"><ele>-13.063</ele><time>2018-09-07T08:00:05Z</time></trkpt><trkpt lat="21.043313" lon="105.817732"><ele>-12.744</ele><time>2018-09-07T08:00:06Z</time></trkpt><trkpt lat="21.043344" lon="105.817784"><ele>-12.318</ele><time>2018-09-07T08:00:07Z</time></trkpt><trkpt lat="21.043360" lon="105.817839"><ele>-12.208</ele><time>2018-09-07T08:00:08Z</time></trkpt><trkpt lat="21.043371" lon="105.817898"><ele>-11.718</ele><time>2018-09-07T08:00:09Z</time></trkpt><trkpt lat="21.043385" lon="105.817964"><ele>-11.824</ele><time>2018-09-07T08:00:10Z</time></trkpt><trkpt lat="21.043404" lon="105.818034"><ele>-11.839</ele><time>2018-09-07T08:00:11Z</time></trkpt><trkpt lat="21.043435" lon="105.818104"><ele>-11.894</ele><time>2018-09-07T08:00:12Z</time></trkpt><trkpt lat="21.043450" lon="105.818173"><ele>-11.840</ele><time>2018-09-07T08:00:13Z</time></trkpt><trkpt lat="21.043460" lon="105.818245"><ele>-11.856</ele><time>2018-09-07T08:00:14Z</time></trkpt><trkpt lat="21.043469" lon="105.818307"><ele>-11.855</ele><time>2018-09-07T08:00:15Z</time></trkpt><trkpt lat="21.043488" lon="105.818365"><ele>-11.838</ele><time>2018-09-07T08:00:16Z</time></trkpt><trkpt lat="21.043499" lon="105.818415"><ele>-11.868</ele><time>2018-09-07T08:00:17Z</time></trkpt><trkpt lat="21.043507" lon="105.818466"><ele>-11.442</ele><time>2018-09-07T08:00:18Z</time></trkpt><trkpt lat="21.043518" lon="105.818514"><ele>-11.326</ele><time>2018-09-07T08:00:19Z</time></trkpt><trkpt lat="21.043510" lon="105.818577"><ele>-11.208</ele><time>2018-09-07T08:00:21Z</time></trkpt><trkpt lat="21.043471" lon="105.818625"><ele>-11.038</ele><time>2018-09-07T08:00:22Z</time></trkpt><trkpt lat="21.043404" lon="105.818651"><ele>-10.514</ele><time>2018-09-07T08:00:23Z</time></trkpt><trkpt lat="21.043338" lon="105.818674"><ele>-10.399</ele><time>2018-09-07T08:00:24Z</time></trkpt><trkpt lat="21.043284" lon="105.818685"><ele>-10.064</ele><time>2018-09-07T08:00:25Z</time></trkpt><trkpt lat="21.043229" lon="105.818698"><ele>-9.960</ele><time>2018-09-07T08:00:26Z</time></trkpt><trkpt lat="21.043174" lon="105.818706"><ele>-9.886</ele><time>2018-09-07T08:00:27Z</time></trkpt><trkpt lat="21.043124" lon="105.818712"><ele>-9.855</ele><time>2018-09-07T08:00:28Z</time></trkpt><trkpt lat="21.043073" lon="105.818720"><ele>-9.468</ele><time>2018-09-07T08:00:29Z</time></trkpt><trkpt lat="21.043028" lon="105.818725"><ele>-9.122</ele><time>2018-09-07T08:00:30Z</time></trkpt><trkpt lat="21.042981" lon="105.818727"><ele>-8.962</ele><time>2018-09-07T08:00:31Z</time></trkpt><trkpt lat="21.042934" lon="105.818725"><ele>-9.308</ele><time>2018-09-07T08:00:32Z</time></trkpt><trkpt lat="21.042887" lon="105.818729"><ele>-9.008</ele><time>2018-09-07T08:00:33Z</time></trkpt><trkpt lat="21.042833" lon="105.818733"><ele>-9.374</ele><time>2018-09-07T08:00:34Z</time></trkpt><trkpt lat="21.042781" lon="105.818733"><ele>-9.590</ele><time>2018-09-07T08:00:35Z</time></trkpt><trkpt lat="21.042723" lon="105.818728"><ele>-9.765</ele><time>2018-09-07T08:00:36Z</time></trkpt><trkpt lat="21.042660" lon="105.818724"><ele>-9.880</ele><time>2018-09-07T08:00:37Z</time></trkpt><trkpt lat="21.042603" lon="105.818722"><ele>-10.236</ele><time>2018-09-07T08:00:38Z</time></trkpt><trkpt lat="21.042545" lon="105.818733"><ele>-10.472</ele><time>2018-09-07T08:00:39Z</time></trkpt><trkpt lat="21.042491" lon="105.818743"><ele>-10.361</ele><time>2018-09-07T08:00:40Z</time></trkpt><trkpt lat="21.042442" lon="105.818750"><ele>-10.214</ele><time>2018-09-07T08:00:41Z</time></trkpt><trkpt lat="21.042395" lon="105.818759"><ele>-10.449</ele><time>2018-09-07T08:00:42Z</time></trkpt><trkpt lat="21.042336" lon="105.818774"><ele>-11.002</ele><time>2018-09-07T08:00:44Z</time></trkpt><trkpt lat="21.042286" lon="105.818771"><ele>-11.422</ele><time>2018-09-07T08:00:47Z</time></trkpt><trkpt lat="21.042241" lon="105.818775"><ele>-11.708</ele><time>2018-09-07T08:00:51Z</time></trkpt><trkpt lat="21.042206" lon="105.818818"><ele>-10.996</ele><time>2018-09-07T08:00:57Z</time></trkpt><trkpt lat="21.042194" lon="105.818890"><ele>-10.552</ele><time>2018-09-07T08:01:00Z</time></trkpt><trkpt lat="21.042205" lon="105.819010"><ele>-10.357</ele><time>2018-09-07T08:01:02Z</time></trkpt><trkpt lat="21.042217" lon="105.819127"><ele>-10.312</ele><time>2018-09-07T08:01:04Z</time></trkpt><trkpt lat="21.042224" lon="105.819200"><ele>-10.588</ele><time>2018-09-07T08:01:05Z</time></trkpt><trkpt lat="21.042223" lon="105.819272"><ele>-10.874</ele><time>2018-09-07T08:01:06Z</time></trkpt><trkpt lat="21.042210" lon="105.819339"><ele>-10.853</ele><time>2018-09-07T08:01:07Z</time></trkpt><trkpt lat="21.042207" lon="105.819402"><ele>-10.946</ele><time>2018-09-07T08:01:08Z</time></trkpt><trkpt lat="21.042205" lon="105.819466"><ele>-10.992</ele><time>2018-09-07T08:01:09Z</time></trkpt><trkpt lat="21.042203" lon="105.819523"><ele>-10.973</ele><time>2018-09-07T08:01:10Z</time></trkpt><trkpt lat="21.042202" lon="105.819584"><ele>-10.920</ele><time>2018-09-07T08:01:11Z</time></trkpt><trkpt lat="21.042195" lon="105.819647"><ele>-10.508</ele><time>2018-09-07T08:01:12Z</time></trkpt><trkpt lat="21.042191" lon="105.819718"><ele>-10.341</ele><time>2018-09-07T08:01:13Z</time></trkpt><trkpt lat="21.042191" lon="105.819785"><ele>-10.327</ele><time>2018-09-07T08:01:14Z</time></trkpt><trkpt lat="21.042193" lon="105.819851"><ele>-10.232</ele><time>2018-09-07T08:01:15Z</time></trkpt><trkpt lat="21.042197" lon="105.819916"><ele>-10.047</ele><time>2018-09-07T08:01:16Z</time></trkpt><trkpt lat="21.042207" lon="105.819987"><ele>-10.093</ele><time>2018-09-07T08:01:17Z</time></trkpt><trkpt lat="21.042210" lon="105.820059"><ele>-10.019</ele><time>2018-09-07T08:01:18Z</time></trkpt><trkpt lat="21.042209" lon="105.820129"><ele>-10.098</ele><time>2018-09-07T08:01:19Z</time></trkpt><trkpt lat="21.042200" lon="105.820187"><ele>-10.011</ele><time>2018-09-07T08:01:20Z</time></trkpt><trkpt lat="21.042179" lon="105.820252"><ele>-10.065</ele><time>2018-09-07T08:01:21Z</time></trkpt><trkpt lat="21.042167" lon="105.820311"><ele>-10.068</ele><time>2018-09-07T08:01:22Z</time></trkpt><trkpt lat="21.042158" lon="105.820367"><ele>-9.714</ele><time>2018-09-07T08:01:23Z</time></trkpt><trkpt lat="21.042151" lon="105.820422"><ele>-9.008</ele><time>2018-09-07T08:01:25Z</time></trkpt><trkpt lat="21.042105" lon="105.820540"><ele>-8.618</ele><time>2018-09-07T08:01:27Z</time></trkpt><trkpt lat="21.042081" lon="105.820610"><ele>-8.034</ele><time>2018-09-07T08:01:28Z</time></trkpt><trkpt lat="21.042049" lon="105.820688"><ele>-7.259</ele><time>2018-09-07T08:01:29Z</time></trkpt><trkpt lat="21.042038" lon="105.820757"><ele>-6.734</ele><time>2018-09-07T08:01:30Z</time></trkpt><trkpt lat="21.042023" lon="105.820828"><ele>-6.460</ele><time>2018-09-07T08:01:31Z</time></trkpt><trkpt lat="21.042010" lon="105.820898"><ele>-6.286</ele><time>2018-09-07T08:01:32Z</time></trkpt><trkpt lat="21.041998" lon="105.820977"><ele>-6.245</ele><time>2018-09-07T08:01:33Z</time></trkpt><trkpt lat="21.041991" lon="105.821062"><ele>-6.018</ele><time>2018-09-07T08:01:34Z</time></trkpt><trkpt lat="21.041986" lon="105.821147"><ele>-6.448</ele><time>2018-09-07T08:01:35Z</time></trkpt><trkpt lat="21.041985" lon="105.821229"><ele>-7.061</ele><time>2018-09-07T08:01:36Z</time></trkpt><trkpt lat="21.041983" lon="105.821300"><ele>-7.417</ele><time>2018-09-07T08:01:37Z</time></trkpt><trkpt lat="21.041994" lon="105.821361"><ele>-7.608</ele><time>2018-09-07T08:01:38Z</time></trkpt><trkpt lat="21.041988" lon="105.821425"><ele>-7.776</ele><time>2018-09-07T08:01:39Z</time></trkpt><trkpt lat="21.041975" lon="105.821481"><ele>-7.812</ele><time>2018-09-07T08:01:40Z</time></trkpt><trkpt lat="21.041957" lon="105.821539"><ele>-7.877</ele><time>2018-09-07T08:01:41Z</time></trkpt><trkpt lat="21.041954" lon="105.821595"><ele>-7.472</ele><time>2018-09-07T08:01:42Z</time></trkpt><trkpt lat="21.041948" lon="105.821647"><ele>-7.618</ele><time>2018-09-07T08:01:43Z</time></trkpt><trkpt lat="21.041944" lon="105.821704"><ele>-7.784</ele><time>2018-09-07T08:01:44Z</time></trkpt><trkpt lat="21.041941" lon="105.821759"><ele>-8.333</ele><time>2018-09-07T08:01:45Z</time></trkpt><trkpt lat="21.041926" lon="105.821816"><ele>-8.576</ele><time>2018-09-07T08:01:46Z</time></trkpt><trkpt lat="21.041914" lon="105.821868"><ele>-8.822</ele><time>2018-09-07T08:01:47Z</time></trkpt><trkpt lat="21.041900" lon="105.821922"><ele>-8.862</ele><time>2018-09-07T08:01:48Z</time></trkpt><trkpt lat="21.041881" lon="105.821978"><ele>-8.908</ele><time>2018-09-07T08:01:49Z</time></trkpt><trkpt lat="21.041867" lon="105.822037"><ele>-8.908</ele><time>2018-09-07T08:01:50Z</time></trkpt><trkpt lat="21.041850" lon="105.822096"><ele>-8.934</ele><time>2018-09-07T08:01:51Z</time></trkpt><trkpt lat="21.041832" lon="105.822153"><ele>-8.960</ele><time>2018-09-07T08:01:52Z</time></trkpt><trkpt lat="21.041805" lon="105.822249"><ele>-9.335</ele><time>2018-09-07T08:01:54Z</time></trkpt><trkpt lat="21.041787" lon="105.822305"><ele>-9.540</ele><time>2018-09-07T08:01:55Z</time></trkpt><trkpt lat="21.041770" lon="105.822355"><ele>-9.726</ele><time>2018-09-07T08:01:56Z</time></trkpt><trkpt lat="21.041730" lon="105.822411"><ele>-9.862</ele><time>2018-09-07T08:01:57Z</time></trkpt><trkpt lat="21.041684" lon="105.822471"><ele>-9.841</ele><time>2018-09-07T08:01:58Z</time></trkpt><trkpt lat="21.041655" lon="105.822528"><ele>-9.844</ele><time>2018-09-07T08:01:59Z</time></trkpt><trkpt lat="21.041629" lon="105.822582"><ele>-9.852</ele><time>2018-09-07T08:02:00Z</time></trkpt><trkpt lat="21.041607" lon="105.822635"><ele>-9.853</ele><time>2018-09-07T08:02:01Z</time></trkpt><trkpt lat="21.041590" lon="105.822689"><ele>-9.808</ele><time>2018-09-07T08:02:02Z</time></trkpt><trkpt lat="21.041572" lon="105.822741"><ele>-9.808</ele><time>2018-09-07T08:02:03Z</time></trkpt><trkpt lat="21.041554" lon="105.822793"><ele>-9.887</ele><time>2018-09-07T08:02:04Z</time></trkpt><trkpt lat="21.041536" lon="105.822840"><ele>-9.883</ele><time>2018-09-07T08:02:05Z</time></trkpt><trkpt lat="21.041520" lon="105.822886"><ele>-9.828</ele><time>2018-09-07T08:02:06Z</time></trkpt><trkpt lat="21.041506" lon="105.822940"><ele>-9.473</ele><time>2018-09-07T08:02:07Z</time></trkpt><trkpt lat="21.041487" lon="105.822989"><ele>-9.369</ele><time>2018-09-07T08:02:08Z</time></trkpt><trkpt lat="21.041467" lon="105.823033"><ele>-9.185</ele><time>2018-09-07T08:02:09Z</time></trkpt><trkpt lat="21.041439" lon="105.823093"><ele>-9.024</ele><time>2018-09-07T08:02:12Z</time></trkpt><trkpt lat="21.041417" lon="105.823147"><ele>-8.987</ele><time>2018-09-07T08:02:14Z</time></trkpt><trkpt lat="21.041389" lon="105.823190"><ele>-8.984</ele><time>2018-09-07T08:02:16Z</time></trkpt><trkpt lat="21.041338" lon="105.823203"><ele>-8.907</ele><time>2018-09-07T08:02:20Z</time></trkpt><trkpt lat="21.041293" lon="105.823181"><ele>-8.917</ele><time>2018-09-07T08:02:22Z</time></trkpt><trkpt lat="21.041234" lon="105.823161"><ele>-8.908</ele><time>2018-09-07T08:02:24Z</time></trkpt><trkpt lat="21.041176" lon="105.823140"><ele>-8.940</ele><time>2018-09-07T08:02:26Z</time></trkpt><trkpt lat="21.041115" lon="105.823113"><ele>-8.926</ele><time>2018-09-07T08:02:28Z</time></trkpt><trkpt lat="21.041068" lon="105.823090"><ele>-8.961</ele><time>2018-09-07T08:02:30Z</time></trkpt><trkpt lat="21.041018" lon="105.823072"><ele>-8.546</ele><time>2018-09-07T08:02:33Z</time></trkpt><trkpt lat="21.040976" lon="105.823024"><ele>-8.382</ele><time>2018-09-07T08:02:39Z</time></trkpt><trkpt lat="21.040940" lon="105.822989"><ele>-8.678</ele><time>2018-09-07T08:02:41Z</time></trkpt><trkpt lat="21.040857" lon="105.822971"><ele>-8.847</ele><time>2018-09-07T08:02:43Z</time></trkpt><trkpt lat="21.040812" lon="105.822962"><ele>-8.910</ele><time>2018-09-07T08:02:44Z</time></trkpt><trkpt lat="21.040735" lon="105.822947"><ele>-9.099</ele><time>2018-09-07T08:02:46Z</time></trkpt><trkpt lat="21.040674" lon="105.822937"><ele>-9.007</ele><time>2018-09-07T08:02:48Z</time></trkpt><trkpt lat="21.040610" lon="105.822919"><ele>-9.027</ele><time>2018-09-07T08:02:50Z</time></trkpt><trkpt lat="21.040558" lon="105.822901"><ele>-9.008</ele><time>2018-09-07T08:02:53Z</time></trkpt><trkpt lat="21.040507" lon="105.822883"><ele>-9.081</ele><time>2018-09-07T08:02:55Z</time></trkpt><trkpt lat="21.040454" lon="105.822849"><ele>-9.027</ele><time>2018-09-07T08:02:57Z</time></trkpt><trkpt lat="21.040389" lon="105.822806"><ele>-9.032</ele><time>2018-09-07T08:02:59Z</time></trkpt><trkpt lat="21.040336" lon="105.822801"><ele>-9.057</ele><time>2018-09-07T08:03:00Z</time></trkpt><trkpt lat="21.040276" lon="105.822802"><ele>-9.083</ele><time>2018-09-07T08:03:01Z</time></trkpt><trkpt lat="21.040197" lon="105.822793"><ele>-9.079</ele><time>2018-09-07T08:03:03Z</time></trkpt><trkpt lat="21.040129" lon="105.822774"><ele>-9.088</ele><time>2018-09-07T08:03:05Z</time></trkpt><trkpt lat="21.040066" lon="105.822755"><ele>-9.021</ele><time>2018-09-07T08:03:07Z</time></trkpt><trkpt lat="21.040021" lon="105.822734"><ele>-9.079</ele><time>2018-09-07T08:03:09Z</time></trkpt><trkpt lat="21.039980" lon="105.822708"><ele>-9.005</ele><time>2018-09-07T08:03:11Z</time></trkpt><trkpt lat="21.039796" lon="105.822647"><ele>-9.025</ele><time>2018-09-07T08:03:13Z</time></trkpt><trkpt lat="21.039716" lon="105.822668"><ele>-9.008</ele><time>2018-09-07T08:03:14Z</time></trkpt><trkpt lat="21.039626" lon="105.822702"><ele>-9.099</ele><time>2018-09-07T08:03:15Z</time></trkpt><trkpt lat="21.039539" lon="105.822726"><ele>-9.425</ele><time>2018-09-07T08:03:16Z</time></trkpt><trkpt lat="21.039466" lon="105.822749"><ele>-9.750</ele><time>2018-09-07T08:03:18Z</time></trkpt><trkpt lat="21.039407" lon="105.822731"><ele>-9.855</ele><time>2018-09-07T08:03:21Z</time></trkpt><trkpt lat="21.039360" lon="105.822713"><ele>-9.841</ele><time>2018-09-07T08:03:23Z</time></trkpt><trkpt lat="21.039278" lon="105.822714"><ele>-9.987</ele><time>2018-09-07T08:03:25Z</time></trkpt><trkpt lat="21.039212" lon="105.822716"><ele>-9.996</ele><time>2018-09-07T08:03:27Z</time></trkpt><trkpt lat="21.039143" lon="105.822725"><ele>-10.339</ele><time>2018-09-07T08:03:29Z</time></trkpt><trkpt lat="21.039074" lon="105.822718"><ele>-10.753</ele><time>2018-09-07T08:03:31Z</time></trkpt><trkpt lat="21.039007" lon="105.822705"><ele>-10.404</ele><time>2018-09-07T08:03:33Z</time></trkpt><trkpt lat="21.038959" lon="105.822700"><ele>-10.314</ele><time>2018-09-07T08:03:34Z</time></trkpt><trkpt lat="21.038820" lon="105.822675"><ele>-10.708</ele><time>2018-09-07T08:03:35Z</time></trkpt><trkpt lat="21.038769" lon="105.822665"><ele>-10.877</ele><time>2018-09-07T08:03:36Z</time></trkpt><trkpt lat="21.038712" lon="105.822658"><ele>-10.943</ele><time>2018-09-07T08:03:37Z</time></trkpt><trkpt lat="21.038636" lon="105.822668"><ele>-11.058</ele><time>2018-09-07T08:03:38Z</time></trkpt><trkpt lat="21.038583" lon="105.822650"><ele>-11.023</ele><time>2018-09-07T08:03:39Z</time></trkpt><trkpt lat="21.038519" lon="105.822633"><ele>-11.039</ele><time>2018-09-07T08:03:40Z</time></trkpt><trkpt lat="21.038448" lon="105.822614"><ele>-11.085</ele><time>2018-09-07T08:03:41Z</time></trkpt><trkpt lat="21.038393" lon="105.822598"><ele>-11.054</ele><time>2018-09-07T08:03:42Z</time></trkpt><trkpt lat="21.038340" lon="105.822601"><ele>-11.457</ele><time>2018-09-07T08:03:44Z</time></trkpt><trkpt lat="21.038265" lon="105.822588"><ele>-12.017</ele><time>2018-09-07T08:03:45Z</time></trkpt><trkpt lat="21.038214" lon="105.822578"><ele>-12.487</ele><time>2018-09-07T08:03:46Z</time></trkpt><trkpt lat="21.038169" lon="105.822571"><ele>-12.715</ele><time>2018-09-07T08:03:47Z</time></trkpt><trkpt lat="21.038117" lon="105.822560"><ele>-13.108</ele><time>2018-09-07T08:03:49Z</time></trkpt><trkpt lat="21.038056" lon="105.822557"><ele>-13.453</ele><time>2018-09-07T08:03:52Z</time></trkpt><trkpt lat="21.037997" lon="105.822559"><ele>-14.019</ele><time>2018-09-07T08:03:54Z</time></trkpt><trkpt lat="21.037930" lon="105.822561"><ele>-14.434</ele><time>2018-09-07T08:03:56Z</time></trkpt><trkpt lat="21.037869" lon="105.822551"><ele>-15.019</ele><time>2018-09-07T08:03:58Z</time></trkpt><trkpt lat="21.037811" lon="105.822541"><ele>-15.865</ele><time>2018-09-07T08:04:00Z</time></trkpt><trkpt lat="21.037765" lon="105.822544"><ele>-16.321</ele><time>2018-09-07T08:04:02Z</time></trkpt><trkpt lat="21.037720" lon="105.822540"><ele>-16.670</ele><time>2018-09-07T08:04:05Z</time></trkpt><trkpt lat="21.037661" lon="105.822541"><ele>-16.853</ele><time>2018-09-07T08:04:08Z</time></trkpt><trkpt lat="21.037594" lon="105.822549"><ele>-17.373</ele><time>2018-09-07T08:04:11Z</time></trkpt><trkpt lat="21.037525" lon="105.822558"><ele>-17.685</ele><time>2018-09-07T08:04:13Z</time></trkpt><trkpt lat="21.037458" lon="105.822554"><ele>-17.813</ele><time>2018-09-07T08:04:15Z</time></trkpt><trkpt lat="21.037405" lon="105.822558"><ele>-18.008</ele><time>2018-09-07T08:04:17Z</time></trkpt><trkpt lat="21.037003" lon="105.822860"><ele>-15.679</ele><time>2018-09-07T08:04:25Z</time></trkpt><trkpt lat="21.036946" lon="105.822899"><ele>-17.895</ele><time>2018-09-07T08:04:31Z</time></trkpt><trkpt lat="21.036901" lon="105.822932"><ele>-21.880</ele><time>2018-09-07T08:04:33Z</time></trkpt><trkpt lat="21.036881" lon="105.822987"><ele>-25.835</ele><time>2018-09-07T08:04:35Z</time></trkpt><trkpt lat="21.036878" lon="105.823045"><ele>-29.841</ele><time>2018-09-07T08:04:38Z</time></trkpt><trkpt lat="21.036898" lon="105.823092"><ele>-33.957</ele><time>2018-09-07T08:04:41Z</time></trkpt><trkpt lat="21.036927" lon="105.823133"><ele>-37.946</ele><time>2018-09-07T08:04:43Z</time></trkpt><trkpt lat="21.036933" lon="105.823181"><ele>-41.999</ele><time>2018-09-07T08:04:44Z</time></trkpt><trkpt lat="21.036918" lon="105.823232"><ele>-45.527</ele><time>2018-09-07T08:04:45Z</time></trkpt><trkpt lat="21.036906" lon="105.823296"><ele>-48.168</ele><time>2018-09-07T08:04:47Z</time></trkpt><trkpt lat="21.036875" lon="105.823354"><ele>-51.314</ele><time>2018-09-07T08:04:49Z</time></trkpt><trkpt lat="21.036877" lon="105.823410"><ele>-55.308</ele><time>2018-09-07T08:04:51Z</time></trkpt><trkpt lat="21.036878" lon="105.823475"><ele>-59.334</ele><time>2018-09-07T08:04:53Z</time></trkpt><trkpt lat="21.036892" lon="105.823528"><ele>-61.210</ele><time>2018-09-07T08:04:55Z</time></trkpt><trkpt lat="21.036913" lon="105.823590"><ele>-62.765</ele><time>2018-09-07T08:04:58Z</time></trkpt><trkpt lat="21.036902" lon="105.823647"><ele>-62.880</ele><time>2018-09-07T08:05:01Z</time></trkpt><trkpt lat="21.036872" lon="105.823703"><ele>-64.246</ele><time>2018-09-07T08:05:04Z</time></trkpt><trkpt lat="21.036867" lon="105.823752"><ele>-64.592</ele><time>2018-09-07T08:05:06Z</time></trkpt><trkpt lat="21.036868" lon="105.823803"><ele>-64.721</ele><time>2018-09-07T08:05:08Z</time></trkpt><trkpt lat="21.036873" lon="105.823865"><ele>-64.014</ele><time>2018-09-07T08:05:11Z</time></trkpt><trkpt lat="21.036876" lon="105.823926"><ele>-62.412</ele><time>2018-09-07T08:05:13Z</time></trkpt><trkpt lat="21.036873" lon="105.823980"><ele>-61.432</ele><time>2018-09-07T08:05:15Z</time></trkpt><trkpt lat="21.036875" lon="105.824041"><ele>-60.405</ele><time>2018-09-07T08:05:18Z</time></trkpt><trkpt lat="21.036883" lon="105.824111"><ele>-60.208</ele><time>2018-09-07T08:05:21Z</time></trkpt><trkpt lat="21.036883" lon="105.824180"><ele>-59.333</ele><time>2018-09-07T08:05:23Z</time></trkpt><trkpt lat="21.036881" lon="105.824230"><ele>-58.849</ele><time>2018-09-07T08:05:25Z</time></trkpt><trkpt lat="21.036878" lon="105.824292"><ele>-57.764</ele><time>2018-09-07T08:05:29Z</time></trkpt><trkpt lat="21.036877" lon="105.824370"><ele>-57.069</ele><time>2018-09-07T08:05:31Z</time></trkpt><trkpt lat="21.036873" lon="105.824460"><ele>-55.855</ele><time>2018-09-07T08:05:33Z</time></trkpt><trkpt lat="21.036870" lon="105.824515"><ele>-54.731</ele><time>2018-09-07T08:05:34Z</time></trkpt><trkpt lat="21.036857" lon="105.824599"><ele>-54.050</ele><time>2018-09-07T08:05:35Z</time></trkpt><trkpt lat="21.036843" lon="105.824657"><ele>-54.043</ele><time>2018-09-07T08:05:36Z</time></trkpt><trkpt lat="21.036784" lon="105.824842"><ele>-54.098</ele><time>2018-09-07T08:05:37Z</time></trkpt><trkpt lat="21.036741" lon="105.824922"><ele>-53.615</ele><time>2018-09-07T08:05:39Z</time></trkpt><trkpt lat="21.036700" lon="105.824987"><ele>-53.426</ele><time>2018-09-07T08:05:41Z</time></trkpt><trkpt lat="21.036699" lon="105.825048"><ele>-53.708</ele><time>2018-09-07T08:05:45Z</time></trkpt><trkpt lat="21.036735" lon="105.825082"><ele>-54.381</ele><time>2018-09-07T08:05:50Z</time></trkpt><trkpt lat="21.036815" lon="105.825110"><ele>-55.057</ele><time>2018-09-07T08:05:53Z</time></trkpt><trkpt lat="21.036894" lon="105.825126"><ele>-55.472</ele><time>2018-09-07T08:05:55Z</time></trkpt><trkpt lat="21.036978" lon="105.825148"><ele>-56.117</ele><time>2018-09-07T08:05:57Z</time></trkpt><trkpt lat="21.037052" lon="105.825171"><ele>-56.973</ele><time>2018-09-07T08:05:59Z</time></trkpt><trkpt lat="21.037098" lon="105.825198"><ele>-57.429</ele><time>2018-09-07T08:06:01Z</time></trkpt><trkpt lat="21.037133" lon="105.825235"><ele>-58.178</ele><time>2018-09-07T08:06:04Z</time></trkpt><trkpt lat="21.037616" lon="105.825774"><ele>-62.161</ele><time>2018-09-07T08:06:20Z</time></trkpt><trkpt lat="21.037555" lon="105.825754"><ele>-66.216</ele><time>2018-09-07T08:06:22Z</time></trkpt><trkpt lat="21.037576" lon="105.825815"><ele>-70.276</ele><time>2018-09-07T08:06:26Z</time></trkpt><trkpt lat="21.037535" lon="105.825874"><ele>-74.213</ele><time>2018-09-07T08:06:33Z</time></trkpt><trkpt lat="21.037297" lon="105.826677"><ele>-70.208</ele><time>2018-09-07T08:06:52Z</time></trkpt><trkpt lat="21.037244" lon="105.826683"><ele>-66.213</ele><time>2018-09-07T08:06:57Z</time></trkpt><trkpt lat="21.037309" lon="105.826667"><ele>-62.189</ele><time>2018-09-07T08:07:00Z</time></trkpt><trkpt lat="21.037506" lon="105.826614"><ele>-58.174</ele><time>2018-09-07T08:07:01Z</time></trkpt><trkpt lat="21.037600" lon="105.826631"><ele>-54.139</ele><time>2018-09-07T08:07:02Z</time></trkpt><trkpt lat="21.037652" lon="105.826675"><ele>-50.115</ele><time>2018-09-07T08:07:03Z</time></trkpt><trkpt lat="21.037723" lon="105.826705"><ele>-46.161</ele><time>2018-09-07T08:07:04Z</time></trkpt><trkpt lat="21.037805" lon="105.826754"><ele>-42.160</ele><time>2018-09-07T08:07:06Z</time></trkpt><trkpt lat="21.037850" lon="105.826758"><ele>-38.173</ele><time>2018-09-07T08:07:07Z</time></trkpt><trkpt lat="21.037941" lon="105.826762"><ele>-34.164</ele><time>2018-09-07T08:07:09Z</time></trkpt><trkpt lat="21.037987" lon="105.826752"><ele>-30.106</ele><time>2018-09-07T08:07:10Z</time></trkpt><trkpt lat="21.038032" lon="105.826760"><ele>-26.116</ele><time>2018-09-07T08:07:11Z</time></trkpt><trkpt lat="21.038106" lon="105.826774"><ele>-22.508</ele><time>2018-09-07T08:07:13Z</time></trkpt><trkpt lat="21.038153" lon="105.826784"><ele>-20.038</ele><time>2018-09-07T08:07:15Z</time></trkpt><trkpt lat="21.038194" lon="105.826808"><ele>-18.534</ele><time>2018-09-07T08:07:18Z</time></trkpt><trkpt lat="21.038211" lon="105.826859"><ele>-18.339</ele><time>2018-09-07T08:07:21Z</time></trkpt><trkpt lat="21.038218" lon="105.826911"><ele>-19.084</ele><time>2018-09-07T08:07:23Z</time></trkpt><trkpt lat="21.038213" lon="105.826976"><ele>-19.090</ele><time>2018-09-07T08:07:26Z</time></trkpt><trkpt lat="21.038198" lon="105.827024"><ele>-18.686</ele><time>2018-09-07T08:07:32Z</time></trkpt><trkpt lat="21.038159" lon="105.827084"><ele>-18.015</ele><time>2018-09-07T08:07:40Z</time></trkpt><trkpt lat="21.038145" lon="105.827138"><ele>-14.058</ele><time>2018-09-07T08:10:13Z</time></trkpt><trkpt lat="21.038091" lon="105.827148"><ele>-11.784</ele><time>2018-09-07T08:10:22Z</time></trkpt><trkpt lat="21.038111" lon="105.827194"><ele>-10.707</ele><time>2018-09-07T08:10:37Z</time></trkpt><trkpt lat="21.038159" lon="105.827186"><ele>-9.317</ele><time>2018-09-07T08:10:50Z</time></trkpt><trkpt lat="21.038204" lon="105.827193"><ele>-8.808</ele><time>2018-09-07T08:11:00Z</time></trkpt><trkpt lat="21.038155" lon="105.827210"><ele>-9.360</ele><time>2018-09-07T08:11:13Z</time></trkpt><trkpt lat="21.038122" lon="105.827173"><ele>-10.376</ele><time>2018-09-07T08:11:37Z</time></trkpt><trkpt lat="21.038127" lon="105.827094"><ele>-11.451</ele><time>2018-09-07T08:12:25Z</time></trkpt><trkpt lat="21.038152" lon="105.827041"><ele>-12.066</ele><time>2018-09-07T08:14:25Z</time></trkpt><trkpt lat="21.038158" lon="105.826985"><ele>-13.212</ele><time>2018-09-07T08:14:27Z</time></trkpt><trkpt lat="21.038174" lon="105.826924"><ele>-13.538</ele><time>2018-09-07T08:14:30Z</time></trkpt><trkpt lat="21.038233" lon="105.826921"><ele>-13.727</ele><time>2018-09-07T08:14:34Z</time></trkpt><trkpt lat="21.038301" lon="105.826931"><ele>-13.840</ele><time>2018-09-07T08:14:37Z</time></trkpt><trkpt lat="21.038354" lon="105.826925"><ele>-13.521</ele><time>2018-09-07T08:14:39Z</time></trkpt><trkpt lat="21.038412" lon="105.826934"><ele>-14.141</ele><time>2018-09-07T08:14:41Z</time></trkpt><trkpt lat="21.038461" lon="105.826950"><ele>-14.505</ele><time>2018-09-07T08:14:43Z</time></trkpt><trkpt lat="21.038512" lon="105.826969"><ele>-14.708</ele><time>2018-09-07T08:14:45Z</time></trkpt><trkpt lat="21.038567" lon="105.826988"><ele>-14.854</ele><time>2018-09-07T08:14:47Z</time></trkpt><trkpt lat="21.038615" lon="105.827028"><ele>-15.740</ele><time>2018-09-07T08:14:50Z</time></trkpt><trkpt lat="21.038686" lon="105.827061"><ele>-16.235</ele><time>2018-09-07T08:14:53Z</time></trkpt><trkpt lat="21.038761" lon="105.827073"><ele>-16.510</ele><time>2018-09-07T08:14:55Z</time></trkpt><trkpt lat="21.038973" lon="105.827132"><ele>-16.746</ele><time>2018-09-07T08:14:57Z</time></trkpt><trkpt lat="21.039054" lon="105.827143"><ele>-17.252</ele><time>2018-09-07T08:14:59Z</time></trkpt><trkpt lat="21.039132" lon="105.827138"><ele>-18.021</ele><time>2018-09-07T08:15:01Z</time></trkpt><trkpt lat="21.039194" lon="105.827172"><ele>-18.754</ele><time>2018-09-07T08:15:03Z</time></trkpt><trkpt lat="21.039235" lon="105.827237"><ele>-20.052</ele><time>2018-09-07T08:15:05Z</time></trkpt><trkpt lat="21.039273" lon="105.827412"><ele>-21.353</ele><time>2018-09-07T08:15:07Z</time></trkpt><trkpt lat="21.039307" lon="105.827490"><ele>-22.808</ele><time>2018-09-07T08:15:08Z</time></trkpt><trkpt lat="21.039327" lon="105.827558"><ele>-23.608</ele><time>2018-09-07T08:15:09Z</time></trkpt><trkpt lat="21.039343" lon="105.827619"><ele>-24.537</ele><time>2018-09-07T08:15:10Z</time></trkpt><trkpt lat="21.039345" lon="105.827723"><ele>-25.533</ele><time>2018-09-07T08:15:12Z</time></trkpt><trkpt lat="21.039341" lon="105.827790"><ele>-25.728</ele><time>2018-09-07T08:15:13Z</time></trkpt><trkpt lat="21.039336" lon="105.827844"><ele>-25.823</ele><time>2018-09-07T08:15:14Z</time></trkpt><trkpt lat="21.039319" lon="105.827953"><ele>-25.919</ele><time>2018-09-07T08:15:16Z</time></trkpt><trkpt lat="21.039326" lon="105.828066"><ele>-25.985</ele><time>2018-09-07T08:15:18Z</time></trkpt><trkpt lat="21.039333" lon="105.828149"><ele>-25.934</ele><time>2018-09-07T08:15:19Z</time></trkpt><trkpt lat="21.039336" lon="105.828223"><ele>-25.977</ele><time>2018-09-07T08:15:20Z</time></trkpt><trkpt lat="21.039340" lon="105.828296"><ele>-26.349</ele><time>2018-09-07T08:15:21Z</time></trkpt><trkpt lat="21.039344" lon="105.828352"><ele>-26.902</ele><time>2018-09-07T08:15:23Z</time></trkpt><trkpt lat="21.039360" lon="105.828407"><ele>-27.322</ele><time>2018-09-07T08:15:25Z</time></trkpt><trkpt lat="21.039398" lon="105.828474"><ele>-27.508</ele><time>2018-09-07T08:15:27Z</time></trkpt><trkpt lat="21.039473" lon="105.828581"><ele>-27.626</ele><time>2018-09-07T08:15:28Z</time></trkpt><trkpt lat="21.039515" lon="105.828641"><ele>-27.352</ele><time>2018-09-07T08:15:29Z</time></trkpt><trkpt lat="21.039553" lon="105.828712"><ele>-26.757</ele><time>2018-09-07T08:15:30Z</time></trkpt><trkpt lat="21.039586" lon="105.828776"><ele>-25.912</ele><time>2018-09-07T08:15:31Z</time></trkpt><trkpt lat="21.039631" lon="105.828826"><ele>-25.568</ele><time>2018-09-07T08:15:32Z</time></trkpt><trkpt lat="21.039675" lon="105.828880"><ele>-24.854</ele><time>2018-09-07T08:15:33Z</time></trkpt><trkpt lat="21.039719" lon="105.828929"><ele>-24.063</ele><time>2018-09-07T08:15:34Z</time></trkpt><trkpt lat="21.039750" lon="105.828977"><ele>-23.036</ele><time>2018-09-07T08:15:35Z</time></trkpt><trkpt lat="21.039783" lon="105.829024"><ele>-22.561</ele><time>2018-09-07T08:15:36Z</time></trkpt><trkpt lat="21.039819" lon="105.829069"><ele>-22.321</ele><time>2018-09-07T08:15:37Z</time></trkpt><trkpt lat="21.039855" lon="105.829109"><ele>-22.013</ele><time>2018-09-07T08:15:38Z</time></trkpt><trkpt lat="21.039891" lon="105.829148"><ele>-22.008</ele><time>2018-09-07T08:15:39Z</time></trkpt><trkpt lat="21.039925" lon="105.829189"><ele>-21.868</ele><time>2018-09-07T08:15:40Z</time></trkpt><trkpt lat="21.039959" lon="105.829222"><ele>-21.884</ele><time>2018-09-07T08:15:41Z</time></trkpt><trkpt lat="21.039991" lon="105.829260"><ele>-21.829</ele><time>2018-09-07T08:15:42Z</time></trkpt><trkpt lat="21.040025" lon="105.829301"><ele>-21.834</ele><time>2018-09-07T08:15:43Z</time></trkpt><trkpt lat="21.040064" lon="105.829338"><ele>-21.840</ele><time>2018-09-07T08:15:44Z</time></trkpt><trkpt lat="21.040100" lon="105.829380"><ele>-21.816</ele><time>2018-09-07T08:15:45Z</time></trkpt><trkpt lat="21.040136" lon="105.829423"><ele>-21.895</ele><time>2018-09-07T08:15:46Z</time></trkpt><trkpt lat="21.040175" lon="105.829470"><ele>-21.828</ele><time>2018-09-07T08:15:47Z</time></trkpt><trkpt lat="21.040216" lon="105.829534"><ele>-21.886</ele><time>2018-09-07T08:15:48Z</time></trkpt><trkpt lat="21.040262" lon="105.829593"><ele>-21.860</ele><time>2018-09-07T08:15:49Z</time></trkpt><trkpt lat="21.040308" lon="105.829649"><ele>-21.826</ele><time>2018-09-07T08:15:50Z</time></trkpt><trkpt lat="21.040358" lon="105.829697"><ele>-22.308</ele><time>2018-09-07T08:15:51Z</time></trkpt><trkpt lat="21.040407" lon="105.829746"><ele>-22.570</ele><time>2018-09-07T08:15:52Z</time></trkpt><trkpt lat="21.040458" lon="105.829791"><ele>-22.526</ele><time>2018-09-07T08:15:53Z</time></trkpt><trkpt lat="21.040505" lon="105.829836"><ele>-22.651</ele><time>2018-09-07T08:15:54Z</time></trkpt><trkpt lat="21.040556" lon="105.829883"><ele>-23.146</ele><time>2018-09-07T08:15:55Z</time></trkpt><trkpt lat="21.040611" lon="105.829942"><ele>-23.532</ele><time>2018-09-07T08:15:56Z</time></trkpt><trkpt lat="21.040658" lon="105.829992"><ele>-24.088</ele><time>2018-09-07T08:15:57Z</time></trkpt><trkpt lat="21.040699" lon="105.830043"><ele>-24.387</ele><time>2018-09-07T08:15:58Z</time></trkpt><trkpt lat="21.040739" lon="105.830090"><ele>-24.130</ele><time>2018-09-07T08:15:59Z</time></trkpt><trkpt lat="21.040779" lon="105.830136"><ele>-24.027</ele><time>2018-09-07T08:16:00Z</time></trkpt><trkpt lat="21.040827" lon="105.830185"><ele>-24.068</ele><time>2018-09-07T08:16:01Z</time></trkpt><trkpt lat="21.040881" lon="105.830247"><ele>-24.314</ele><time>2018-09-07T08:16:02Z</time></trkpt><trkpt lat="21.040927" lon="105.830296"><ele>-24.508</ele><time>2018-09-07T08:16:03Z</time></trkpt><trkpt lat="21.040969" lon="105.830341"><ele>-24.644</ele><time>2018-09-07T08:16:04Z</time></trkpt><trkpt lat="21.041014" lon="105.830389"><ele>-24.820</ele><time>2018-09-07T08:16:05Z</time></trkpt><trkpt lat="21.041053" lon="105.830432"><ele>-24.855</ele><time>2018-09-07T08:16:06Z</time></trkpt><trkpt lat="21.041096" lon="105.830474"><ele>-24.870</ele><time>2018-09-07T08:16:07Z</time></trkpt><trkpt lat="21.041139" lon="105.830523"><ele>-25.186</ele><time>2018-09-07T08:16:08Z</time></trkpt><trkpt lat="21.041177" lon="105.830579"><ele>-25.592</ele><time>2018-09-07T08:16:09Z</time></trkpt><trkpt lat="21.041221" lon="105.830626"><ele>-26.031</ele><time>2018-09-07T08:16:10Z</time></trkpt><trkpt lat="21.041259" lon="105.830674"><ele>-26.314</ele><time>2018-09-07T08:16:11Z</time></trkpt><trkpt lat="21.041293" lon="105.830727"><ele>-26.945</ele><time>2018-09-07T08:16:12Z</time></trkpt><trkpt lat="21.041318" lon="105.830776"><ele>-27.347</ele><time>2018-09-07T08:16:13Z</time></trkpt><trkpt lat="21.041333" lon="105.830840"><ele>-27.511</ele><time>2018-09-07T08:16:14Z</time></trkpt><trkpt lat="21.041356" lon="105.830908"><ele>-27.608</ele><time>2018-09-07T08:16:15Z</time></trkpt><trkpt lat="21.041379" lon="105.830974"><ele>-27.716</ele><time>2018-09-07T08:16:16Z</time></trkpt><trkpt lat="21.041399" lon="105.831035"><ele>-27.742</ele><time>2018-09-07T08:16:17Z</time></trkpt><trkpt lat="21.041412" lon="105.831093"><ele>-27.757</ele><time>2018-09-07T08:16:18Z</time></trkpt><trkpt lat="21.041429" lon="105.831148"><ele>-27.362</ele><time>2018-09-07T08:16:19Z</time></trkpt><trkpt lat="21.041449" lon="105.831195"><ele>-26.758</ele><time>2018-09-07T08:16:20Z</time></trkpt><trkpt lat="21.041467" lon="105.831253"><ele>-26.374</ele><time>2018-09-07T08:16:21Z</time></trkpt><trkpt lat="21.041478" lon="105.831307"><ele>-25.793</ele><time>2018-09-07T08:16:22Z</time></trkpt><trkpt lat="21.041489" lon="105.831370"><ele>-25.336</ele><time>2018-09-07T08:16:23Z</time></trkpt><trkpt lat="21.041497" lon="105.831436"><ele>-25.547</ele><time>2018-09-07T08:16:24Z</time></trkpt><trkpt lat="21.041505" lon="105.831505"><ele>-25.629</ele><time>2018-09-07T08:16:25Z</time></trkpt><trkpt lat="21.041514" lon="105.831584"><ele>-25.721</ele><time>2018-09-07T08:16:26Z</time></trkpt><trkpt lat="21.041522" lon="105.831653"><ele>-25.708</ele><time>2018-09-07T08:16:27Z</time></trkpt><trkpt lat="21.041530" lon="105.831720"><ele>-25.766</ele><time>2018-09-07T08:16:28Z</time></trkpt><trkpt lat="21.041533" lon="105.831785"><ele>-25.732</ele><time>2018-09-07T08:16:29Z</time></trkpt><trkpt lat="21.041534" lon="105.831842"><ele>-25.717</ele><time>2018-09-07T08:16:30Z</time></trkpt><trkpt lat="21.041534" lon="105.831904"><ele>-25.732</ele><time>2018-09-07T08:16:31Z</time></trkpt><trkpt lat="21.041540" lon="105.831960"><ele>-25.748</ele><time>2018-09-07T08:16:32Z</time></trkpt><trkpt lat="21.041553" lon="105.832009"><ele>-25.784</ele><time>2018-09-07T08:16:33Z</time></trkpt><trkpt lat="21.041563" lon="105.832074"><ele>-25.723</ele><time>2018-09-07T08:16:35Z</time></trkpt><trkpt lat="21.041578" lon="105.832126"><ele>-26.146</ele><time>2018-09-07T08:16:37Z</time></trkpt><trkpt lat="21.041589" lon="105.832177"><ele>-26.331</ele><time>2018-09-07T08:16:39Z</time></trkpt><trkpt lat="21.041606" lon="105.832306"><ele>-26.061</ele><time>2018-09-07T08:16:41Z</time></trkpt><trkpt lat="21.041609" lon="105.832362"><ele>-25.807</ele><time>2018-09-07T08:16:42Z</time></trkpt><trkpt lat="21.041610" lon="105.832425"><ele>-25.308</ele><time>2018-09-07T08:16:43Z</time></trkpt><trkpt lat="21.041616" lon="105.832495"><ele>-25.095</ele><time>2018-09-07T08:16:44Z</time></trkpt><trkpt lat="21.041623" lon="105.832568"><ele>-24.871</ele><time>2018-09-07T08:16:45Z</time></trkpt><trkpt lat="21.041629" lon="105.832639"><ele>-24.846</ele><time>2018-09-07T08:16:46Z</time></trkpt><trkpt lat="21.041634" lon="105.832706"><ele>-24.631</ele><time>2018-09-07T08:16:47Z</time></trkpt><trkpt lat="21.041634" lon="105.832774"><ele>-24.347</ele><time>2018-09-07T08:16:48Z</time></trkpt><trkpt lat="21.041639" lon="105.832845"><ele>-24.033</ele><time>2018-09-07T08:16:49Z</time></trkpt><trkpt lat="21.041645" lon="105.832906"><ele>-23.852</ele><time>2018-09-07T08:16:50Z</time></trkpt><trkpt lat="21.041653" lon="105.832969"><ele>-24.055</ele><time>2018-09-07T08:16:51Z</time></trkpt><trkpt lat="21.041650" lon="105.833037"><ele>-24.398</ele><time>2018-09-07T08:16:52Z</time></trkpt><trkpt lat="21.041646" lon="105.833103"><ele>-24.315</ele><time>2018-09-07T08:16:53Z</time></trkpt><trkpt lat="21.041646" lon="105.833169"><ele>-24.526</ele><time>2018-09-07T08:16:54Z</time></trkpt><trkpt lat="21.041647" lon="105.833233"><ele>-24.508</ele><time>2018-09-07T08:16:55Z</time></trkpt><trkpt lat="21.041647" lon="105.833295"><ele>-24.591</ele><time>2018-09-07T08:16:56Z</time></trkpt><trkpt lat="21.041645" lon="105.833360"><ele>-24.557</ele><time>2018-09-07T08:16:57Z</time></trkpt><trkpt lat="21.041645" lon="105.833430"><ele>-24.572</ele><time>2018-09-07T08:16:58Z</time></trkpt><trkpt lat="21.041639" lon="105.833498"><ele>-24.537</ele><time>2018-09-07T08:16:59Z</time></trkpt><trkpt lat="21.041637" lon="105.833561"><ele>-24.513</ele><time>2018-09-07T08:17:00Z</time></trkpt><trkpt lat="21.041634" lon="105.833625"><ele>-24.079</ele><time>2018-09-07T08:17:01Z</time></trkpt><trkpt lat="21.041635" lon="105.833691"><ele>-23.828</ele><time>2018-09-07T08:17:02Z</time></trkpt><trkpt lat="21.041630" lon="105.833762"><ele>-23.871</ele><time>2018-09-07T08:17:03Z</time></trkpt><trkpt lat="21.041628" lon="105.833836"><ele>-23.673</ele><time>2018-09-07T08:17:04Z</time></trkpt><trkpt lat="21.041625" lon="105.833905"><ele>-24.085</ele><time>2018-09-07T08:17:05Z</time></trkpt><trkpt lat="21.041622" lon="105.833976"><ele>-24.113</ele><time>2018-09-07T08:17:06Z</time></trkpt><trkpt lat="21.041623" lon="105.834046"><ele>-24.308</ele><time>2018-09-07T08:17:07Z</time></trkpt><trkpt lat="21.041629" lon="105.834111"><ele>-24.369</ele><time>2018-09-07T08:17:08Z</time></trkpt><trkpt lat="21.041631" lon="105.834180"><ele>-24.345</ele><time>2018-09-07T08:17:09Z</time></trkpt><trkpt lat="21.041630" lon="105.834251"><ele>-24.350</ele><time>2018-09-07T08:17:10Z</time></trkpt><trkpt lat="21.041626" lon="105.834320"><ele>-24.335</ele><time>2018-09-07T08:17:11Z</time></trkpt><trkpt lat="21.041622" lon="105.834387"><ele>-24.351</ele><time>2018-09-07T08:17:12Z</time></trkpt><trkpt lat="21.041620" lon="105.834448"><ele>-24.357</ele><time>2018-09-07T08:17:13Z</time></trkpt><trkpt lat="21.041620" lon="105.834505"><ele>-24.856</ele><time>2018-09-07T08:17:14Z</time></trkpt><trkpt lat="21.041618" lon="105.834563"><ele>-25.069</ele><time>2018-09-07T08:17:15Z</time></trkpt><trkpt lat="21.041619" lon="105.834612"><ele>-25.026</ele><time>2018-09-07T08:17:16Z</time></trkpt><trkpt lat="21.041627" lon="105.834668"><ele>-25.147</ele><time>2018-09-07T08:17:17Z</time></trkpt><trkpt lat="21.041626" lon="105.834729"><ele>-25.311</ele><time>2018-09-07T08:17:18Z</time></trkpt><trkpt lat="21.041625" lon="105.834783"><ele>-25.308</ele><time>2018-09-07T08:17:19Z</time></trkpt><trkpt lat="21.041617" lon="105.834839"><ele>-25.324</ele><time>2018-09-07T08:17:20Z</time></trkpt><trkpt lat="21.041606" lon="105.834891"><ele>-25.340</ele><time>2018-09-07T08:17:21Z</time></trkpt><trkpt lat="21.041596" lon="105.834941"><ele>-25.385</ele><time>2018-09-07T08:17:22Z</time></trkpt><trkpt lat="21.041595" lon="105.835032"><ele>-25.320</ele><time>2018-09-07T08:17:24Z</time></trkpt><trkpt lat="21.041594" lon="105.835082"><ele>-25.386</ele><time>2018-09-07T08:17:25Z</time></trkpt><trkpt lat="21.041592" lon="105.835150"><ele>-25.392</ele><time>2018-09-07T08:17:27Z</time></trkpt><trkpt lat="21.041587" lon="105.835220"><ele>-25.361</ele><time>2018-09-07T08:17:30Z</time></trkpt><trkpt lat="21.041579" lon="105.835288"><ele>-25.674</ele><time>2018-09-07T08:17:32Z</time></trkpt><trkpt lat="21.041576" lon="105.835356"><ele>-25.827</ele><time>2018-09-07T08:17:34Z</time></trkpt><trkpt lat="21.041576" lon="105.835424"><ele>-25.968</ele><time>2018-09-07T08:17:36Z</time></trkpt><trkpt lat="21.041577" lon="105.835501"><ele>-26.014</ele><time>2018-09-07T08:17:38Z</time></trkpt><trkpt lat="21.041572" lon="105.835676"><ele>-26.108</ele><time>2018-09-07T08:17:40Z</time></trkpt><trkpt lat="21.041583" lon="105.835775"><ele>-26.134</ele><time>2018-09-07T08:17:42Z</time></trkpt><trkpt lat="21.041553" lon="105.835854"><ele>-26.190</ele><time>2018-09-07T08:17:44Z</time></trkpt><trkpt lat="21.041510" lon="105.835874"><ele>-26.135</ele><time>2018-09-07T08:17:45Z</time></trkpt><trkpt lat="21.041460" lon="105.835906"><ele>-26.560</ele><time>2018-09-07T08:17:46Z</time></trkpt><trkpt lat="21.041398" lon="105.835913"><ele>-26.786</ele><time>2018-09-07T08:17:47Z</time></trkpt><trkpt lat="21.041332" lon="105.835897"><ele>-26.892</ele><time>2018-09-07T08:17:48Z</time></trkpt><trkpt lat="21.041260" lon="105.835888"><ele>-26.931</ele><time>2018-09-07T08:17:49Z</time></trkpt><trkpt lat="21.041185" lon="105.835878"><ele>-27.014</ele><time>2018-09-07T08:17:50Z</time></trkpt><trkpt lat="21.041110" lon="105.835872"><ele>-27.098</ele><time>2018-09-07T08:17:51Z</time></trkpt><trkpt lat="21.041037" lon="105.835861"><ele>-26.615</ele><time>2018-09-07T08:17:52Z</time></trkpt><trkpt lat="21.040962" lon="105.835850"><ele>-26.426</ele><time>2018-09-07T08:17:53Z</time></trkpt><trkpt lat="21.040888" lon="105.835837"><ele>-26.308</ele><time>2018-09-07T08:17:54Z</time></trkpt><trkpt lat="21.040810" lon="105.835825"><ele>-26.261</ele><time>2018-09-07T08:17:55Z</time></trkpt><trkpt lat="21.040735" lon="105.835816"><ele>-26.277</ele><time>2018-09-07T08:17:56Z</time></trkpt><trkpt lat="21.040662" lon="105.835805"><ele>-26.212</ele><time>2018-09-07T08:17:57Z</time></trkpt><trkpt lat="21.040593" lon="105.835791"><ele>-26.257</ele><time>2018-09-07T08:17:58Z</time></trkpt><trkpt lat="21.040525" lon="105.835769"><ele>-26.213</ele><time>2018-09-07T08:17:59Z</time></trkpt><trkpt lat="21.040453" lon="105.835748"><ele>-26.219</ele><time>2018-09-07T08:18:00Z</time></trkpt><trkpt lat="21.040381" lon="105.835727"><ele>-25.848</ele><time>2018-09-07T08:18:01Z</time></trkpt><trkpt lat="21.040307" lon="105.835718"><ele>-25.691</ele><time>2018-09-07T08:18:02Z</time></trkpt><trkpt lat="21.040238" lon="105.835701"><ele>-25.116</ele><time>2018-09-07T08:18:03Z</time></trkpt><trkpt lat="21.040168" lon="105.835682"><ele>-24.876</ele><time>2018-09-07T08:18:04Z</time></trkpt><trkpt lat="21.040099" lon="105.835668"><ele>-24.613</ele><time>2018-09-07T08:18:05Z</time></trkpt><trkpt lat="21.040031" lon="105.835656"><ele>-24.508</ele><time>2018-09-07T08:18:06Z</time></trkpt><trkpt lat="21.039961" lon="105.835650"><ele>-24.563</ele><time>2018-09-07T08:18:07Z</time></trkpt><trkpt lat="21.039889" lon="105.835638"><ele>-24.039</ele><time>2018-09-07T08:18:08Z</time></trkpt><trkpt lat="21.039825" lon="105.835632"><ele>-23.844</ele><time>2018-09-07T08:18:09Z</time></trkpt><trkpt lat="21.039759" lon="105.835612"><ele>-23.589</ele><time>2018-09-07T08:18:10Z</time></trkpt><trkpt lat="21.039694" lon="105.835592"><ele>-23.065</ele><time>2018-09-07T08:18:11Z</time></trkpt><trkpt lat="21.039634" lon="105.835577"><ele>-22.821</ele><time>2018-09-07T08:18:12Z</time></trkpt><trkpt lat="21.039575" lon="105.835567"><ele>-22.560</ele><time>2018-09-07T08:18:13Z</time></trkpt><trkpt lat="21.039513" lon="105.835562"><ele>-22.543</ele><time>2018-09-07T08:18:14Z</time></trkpt><trkpt lat="21.039454" lon="105.835556"><ele>-22.333</ele><time>2018-09-07T08:18:15Z</time></trkpt><trkpt lat="21.039393" lon="105.835561"><ele>-22.023</ele><time>2018-09-07T08:18:16Z</time></trkpt><trkpt lat="21.039333" lon="105.835558"><ele>-21.315</ele><time>2018-09-07T08:18:17Z</time></trkpt><trkpt lat="21.039267" lon="105.835565"><ele>-20.808</ele><time>2018-09-07T08:18:18Z</time></trkpt><trkpt lat="21.039201" lon="105.835584"><ele>-20.685</ele><time>2018-09-07T08:18:19Z</time></trkpt><trkpt lat="21.039149" lon="105.835623"><ele>-20.521</ele><time>2018-09-07T08:18:20Z</time></trkpt><trkpt lat="21.039112" lon="105.835678"><ele>-20.086</ele><time>2018-09-07T08:18:21Z</time></trkpt><trkpt lat="21.039088" lon="105.835770"><ele>-19.891</ele><time>2018-09-07T08:18:22Z</time></trkpt><trkpt lat="21.039078" lon="105.835858"><ele>-19.537</ele><time>2018-09-07T08:18:23Z</time></trkpt><trkpt lat="21.039067" lon="105.835926"><ele>-19.513</ele><time>2018-09-07T08:18:24Z</time></trkpt><trkpt lat="21.039062" lon="105.836000"><ele>-19.032</ele><time>2018-09-07T08:18:25Z</time></trkpt><trkpt lat="21.039056" lon="105.836072"><ele>-18.675</ele><time>2018-09-07T08:18:26Z</time></trkpt><trkpt lat="21.039049" lon="105.836145"><ele>-18.058</ele><time>2018-09-07T08:18:27Z</time></trkpt><trkpt lat="21.039036" lon="105.836211"><ele>-17.752</ele><time>2018-09-07T08:18:28Z</time></trkpt><trkpt lat="21.039025" lon="105.836276"><ele>-17.517</ele><time>2018-09-07T08:18:29Z</time></trkpt><trkpt lat="21.039012" lon="105.836339"><ele>-17.508</ele><time>2018-09-07T08:18:30Z</time></trkpt><trkpt lat="21.039002" lon="105.836403"><ele>-17.327</ele><time>2018-09-07T08:18:31Z</time></trkpt><trkpt lat="21.038993" lon="105.836469"><ele>-17.383</ele><time>2018-09-07T08:18:32Z</time></trkpt><trkpt lat="21.038986" lon="105.836534"><ele>-17.318</ele><time>2018-09-07T08:18:33Z</time></trkpt><trkpt lat="21.038984" lon="105.836590"><ele>-17.333</ele><time>2018-09-07T08:18:34Z</time></trkpt><trkpt lat="21.038988" lon="105.836644"><ele>-17.059</ele><time>2018-09-07T08:18:35Z</time></trkpt><trkpt lat="21.038978" lon="105.836743"><ele>-16.735</ele><time>2018-09-07T08:18:37Z</time></trkpt><trkpt lat="21.038971" lon="105.836796"><ele>-16.624</ele><time>2018-09-07T08:18:38Z</time></trkpt><trkpt lat="21.038965" lon="105.836859"><ele>-16.197</ele><time>2018-09-07T08:18:40Z</time></trkpt><trkpt lat="21.038893" lon="105.836928"><ele>-15.893</ele><time>2018-09-07T08:18:42Z</time></trkpt><trkpt lat="21.038827" lon="105.836934"><ele>-15.665</ele><time>2018-09-07T08:18:43Z</time></trkpt><trkpt lat="21.038762" lon="105.836928"><ele>-15.121</ele><time>2018-09-07T08:18:44Z</time></trkpt><trkpt lat="21.038699" lon="105.836912"><ele>-14.808</ele><time>2018-09-07T08:18:45Z</time></trkpt><trkpt lat="21.038633" lon="105.836905"><ele>-14.611</ele><time>2018-09-07T08:18:46Z</time></trkpt><trkpt lat="21.038563" lon="105.836905"><ele>-14.577</ele><time>2018-09-07T08:18:47Z</time></trkpt><trkpt lat="21.038488" lon="105.836892"><ele>-14.492</ele><time>2018-09-07T08:18:48Z</time></trkpt><trkpt lat="21.038409" lon="105.836882"><ele>-14.027</ele><time>2018-09-07T08:18:49Z</time></trkpt><trkpt lat="21.038330" lon="105.836869"><ele>-13.763</ele><time>2018-09-07T08:18:50Z</time></trkpt><trkpt lat="21.038253" lon="105.836857"><ele>-13.129</ele><time>2018-09-07T08:18:51Z</time></trkpt><trkpt lat="21.038178" lon="105.836846"><ele>-12.818</ele><time>2018-09-07T08:18:52Z</time></trkpt><trkpt lat="21.038103" lon="105.836837"><ele>-12.311</ele><time>2018-09-07T08:18:53Z</time></trkpt><trkpt lat="21.038038" lon="105.836828"><ele>-11.849</ele><time>2018-09-07T08:18:54Z</time></trkpt><trkpt lat="21.037976" lon="105.836828"><ele>-11.702</ele><time>2018-09-07T08:18:55Z</time></trkpt><trkpt lat="21.037911" lon="105.836821"><ele>-11.522</ele><time>2018-09-07T08:18:56Z</time></trkpt><trkpt lat="21.037846" lon="105.836801"><ele>-11.408</ele><time>2018-09-07T08:18:57Z</time></trkpt><trkpt lat="21.037564" lon="105.836728"><ele>-10.586</ele><time>2018-09-07T08:19:01Z</time></trkpt><trkpt lat="21.036594" lon="105.836505"><ele>-11.382</ele><time>2018-09-07T08:19:15Z</time></trkpt><trkpt lat="21.036456" lon="105.836476"><ele>-11.357</ele><time>2018-09-07T08:19:17Z</time></trkpt><trkpt lat="21.036386" lon="105.836461"><ele>-11.382</ele><time>2018-09-07T08:19:18Z</time></trkpt><trkpt lat="21.036314" lon="105.836451"><ele>-11.378</ele><time>2018-09-07T08:19:19Z</time></trkpt><trkpt lat="21.036242" lon="105.836438"><ele>-11.894</ele><time>2018-09-07T08:19:20Z</time></trkpt><trkpt lat="21.036172" lon="105.836420"><ele>-11.983</ele><time>2018-09-07T08:19:21Z</time></trkpt><trkpt lat="21.036110" lon="105.836401"><ele>-12.016</ele><time>2018-09-07T08:19:22Z</time></trkpt><trkpt lat="21.036051" lon="105.836384"><ele>-12.246</ele><time>2018-09-07T08:19:23Z</time></trkpt><trkpt lat="21.035996" lon="105.836369"><ele>-11.888</ele><time>2018-09-07T08:19:24Z</time></trkpt><trkpt lat="21.035944" lon="105.836355"><ele>-11.716</ele><time>2018-09-07T08:19:25Z</time></trkpt><trkpt lat="21.035896" lon="105.836344"><ele>-11.508</ele><time>2018-09-07T08:19:26Z</time></trkpt><trkpt lat="21.035848" lon="105.836334"><ele>-11.466</ele><time>2018-09-07T08:19:27Z</time></trkpt><trkpt lat="21.035801" lon="105.836324"><ele>-11.462</ele><time>2018-09-07T08:19:28Z</time></trkpt><trkpt lat="21.035756" lon="105.836314"><ele>-11.417</ele><time>2018-09-07T08:19:29Z</time></trkpt><trkpt lat="21.035711" lon="105.836306"><ele>-11.432</ele><time>2018-09-07T08:19:30Z</time></trkpt><trkpt lat="21.035665" lon="105.836297"><ele>-11.458</ele><time>2018-09-07T08:19:31Z</time></trkpt><trkpt lat="21.035614" lon="105.836296"><ele>-11.484</ele><time>2018-09-07T08:19:32Z</time></trkpt><trkpt lat="21.035570" lon="105.836312"><ele>-11.853</ele><time>2018-09-07T08:19:33Z</time></trkpt><trkpt lat="21.035500" lon="105.836363"><ele>-12.016</ele><time>2018-09-07T08:19:35Z</time></trkpt><trkpt lat="21.035437" lon="105.836426"><ele>-12.252</ele><time>2018-09-07T08:19:37Z</time></trkpt><trkpt lat="21.035388" lon="105.836497"><ele>-12.353</ele><time>2018-09-07T08:19:39Z</time></trkpt><trkpt lat="21.035352" lon="105.836536"><ele>-12.308</ele><time>2018-09-07T08:19:40Z</time></trkpt><trkpt lat="21.035298" lon="105.836580"><ele>-12.808</ele><time>2018-09-07T08:19:42Z</time></trkpt><trkpt lat="21.035240" lon="105.836611"><ele>-13.027</ele><time>2018-09-07T08:19:45Z</time></trkpt><trkpt lat="21.035199" lon="105.836631"><ele>-13.213</ele><time>2018-09-07T08:19:47Z</time></trkpt><trkpt lat="21.035101" lon="105.836694"><ele>-13.358</ele><time>2018-09-07T08:19:49Z</time></trkpt><trkpt lat="21.035058" lon="105.836730"><ele>-13.863</ele><time>2018-09-07T08:19:50Z</time></trkpt><trkpt lat="21.035023" lon="105.836771"><ele>-14.189</ele><time>2018-09-07T08:19:51Z</time></trkpt><trkpt lat="21.034995" lon="105.836815"><ele>-14.325</ele><time>2018-09-07T08:19:52Z</time></trkpt><trkpt lat="21.034968" lon="105.836866"><ele>-14.474</ele><time>2018-09-07T08:19:53Z</time></trkpt><trkpt lat="21.034941" lon="105.836915"><ele>-14.557</ele><time>2018-09-07T08:19:54Z</time></trkpt><trkpt lat="21.034915" lon="105.836959"><ele>-14.593</ele><time>2018-09-07T08:19:55Z</time></trkpt><trkpt lat="21.034892" lon="105.837011"><ele>-14.165</ele><time>2018-09-07T08:19:56Z</time></trkpt><trkpt lat="21.034865" lon="105.837064"><ele>-14.321</ele><time>2018-09-07T08:19:57Z</time></trkpt><trkpt lat="21.034837" lon="105.837109"><ele>-14.408</ele><time>2018-09-07T08:19:58Z</time></trkpt><trkpt lat="21.034801" lon="105.837148"><ele>-14.591</ele><time>2018-09-07T08:20:00Z</time></trkpt><trkpt lat="21.034758" lon="105.837183"><ele>-14.977</ele><time>2018-09-07T08:20:02Z</time></trkpt><trkpt lat="21.034713" lon="105.837216"><ele>-15.242</ele><time>2018-09-07T08:20:04Z</time></trkpt><trkpt lat="21.034667" lon="105.837254"><ele>-15.467</ele><time>2018-09-07T08:20:06Z</time></trkpt><trkpt lat="21.034586" lon="105.837334"><ele>-15.533</ele><time>2018-09-07T08:20:07Z</time></trkpt><trkpt lat="21.034537" lon="105.837391"><ele>-15.689</ele><time>2018-09-07T08:20:08Z</time></trkpt><trkpt lat="21.034480" lon="105.837447"><ele>-15.628</ele><time>2018-09-07T08:20:09Z</time></trkpt><trkpt lat="21.034429" lon="105.837496"><ele>-15.221</ele><time>2018-09-07T08:20:10Z</time></trkpt><trkpt lat="21.034384" lon="105.837537"><ele>-15.034</ele><time>2018-09-07T08:20:11Z</time></trkpt><trkpt lat="21.034326" lon="105.837588"><ele>-14.955</ele><time>2018-09-07T08:20:12Z</time></trkpt><trkpt lat="21.034275" lon="105.837637"><ele>-14.810</ele><time>2018-09-07T08:20:13Z</time></trkpt><trkpt lat="21.034228" lon="105.837680"><ele>-15.208</ele><time>2018-09-07T08:20:14Z</time></trkpt><trkpt lat="21.034181" lon="105.837728"><ele>-15.475</ele><time>2018-09-07T08:20:15Z</time></trkpt><trkpt lat="21.034130" lon="105.837784"><ele>-15.581</ele><time>2018-09-07T08:20:16Z</time></trkpt><trkpt lat="21.034078" lon="105.837836"><ele>-15.666</ele><time>2018-09-07T08:20:17Z</time></trkpt><trkpt lat="21.034034" lon="105.837886"><ele>-15.641</ele><time>2018-09-07T08:20:18Z</time></trkpt><trkpt lat="21.033984" lon="105.837936"><ele>-16.047</ele><time>2018-09-07T08:20:19Z</time></trkpt><trkpt lat="21.033936" lon="105.837989"><ele>-16.393</ele><time>2018-09-07T08:20:20Z</time></trkpt><trkpt lat="21.033885" lon="105.838034"><ele>-16.522</ele><time>2018-09-07T08:20:21Z</time></trkpt><trkpt lat="21.033835" lon="105.838071"><ele>-16.285</ele><time>2018-09-07T08:20:22Z</time></trkpt><trkpt lat="21.033784" lon="105.838109"><ele>-16.042</ele><time>2018-09-07T08:20:24Z</time></trkpt><trkpt lat="21.033740" lon="105.838143"><ele>-16.322</ele><time>2018-09-07T08:20:26Z</time></trkpt><trkpt lat="21.033693" lon="105.838180"><ele>-16.114</ele><time>2018-09-07T08:20:29Z</time></trkpt><trkpt lat="21.033660" lon="105.838215"><ele>-16.008</ele><time>2018-09-07T08:20:59Z</time></trkpt><trkpt lat="21.033621" lon="105.838260"><ele>-15.516</ele><time>2018-09-07T08:21:03Z</time></trkpt><trkpt lat="21.033588" lon="105.838294"><ele>-15.242</ele><time>2018-09-07T08:21:05Z</time></trkpt><trkpt lat="21.033552" lon="105.838329"><ele>-15.037</ele><time>2018-09-07T08:21:07Z</time></trkpt><trkpt lat="21.033508" lon="105.838373"><ele>-14.992</ele><time>2018-09-07T08:21:09Z</time></trkpt><trkpt lat="21.033412" lon="105.838464"><ele>-14.818</ele><time>2018-09-07T08:21:11Z</time></trkpt><trkpt lat="21.033377" lon="105.838495"><ele>-14.444</ele><time>2018-09-07T08:21:12Z</time></trkpt><trkpt lat="21.033344" lon="105.838531"><ele>-14.193</ele><time>2018-09-07T08:21:13Z</time></trkpt><trkpt lat="21.033306" lon="105.838567"><ele>-13.526</ele><time>2018-09-07T08:21:14Z</time></trkpt><trkpt lat="21.033267" lon="105.838600"><ele>-13.299</ele><time>2018-09-07T08:21:15Z</time></trkpt><trkpt lat="21.033225" lon="105.838636"><ele>-13.407</ele><time>2018-09-07T08:21:16Z</time></trkpt><trkpt lat="21.033185" lon="105.838668"><ele>-13.127</ele><time>2018-09-07T08:21:17Z</time></trkpt><trkpt lat="21.033108" lon="105.838719"><ele>-12.908</ele><time>2018-09-07T08:21:19Z</time></trkpt><trkpt lat="21.033026" lon="105.838752"><ele>-12.851</ele><time>2018-09-07T08:21:21Z</time></trkpt><trkpt lat="21.032981" lon="105.838766"><ele>-12.837</ele><time>2018-09-07T08:21:22Z</time></trkpt><trkpt lat="21.032906" lon="105.838798"><ele>-12.862</ele><time>2018-09-07T08:21:24Z</time></trkpt><trkpt lat="21.032827" lon="105.838804"><ele>-12.837</ele><time>2018-09-07T08:21:26Z</time></trkpt><trkpt lat="21.032780" lon="105.838802"><ele>-12.373</ele><time>2018-09-07T08:21:27Z</time></trkpt><trkpt lat="21.032729" lon="105.838804"><ele>-12.519</ele><time>2018-09-07T08:21:28Z</time></trkpt><trkpt lat="21.032678" lon="105.838804"><ele>-12.758</ele><time>2018-09-07T08:21:29Z</time></trkpt><trkpt lat="21.032625" lon="105.838792"><ele>-13.151</ele><time>2018-09-07T08:21:30Z</time></trkpt><trkpt lat="21.032575" lon="105.838782"><ele>-13.411</ele><time>2018-09-07T08:21:31Z</time></trkpt><trkpt lat="21.032513" lon="105.838775"><ele>-13.221</ele><time>2018-09-07T08:21:32Z</time></trkpt><trkpt lat="21.032442" lon="105.838771"><ele>-13.503</ele><time>2018-09-07T08:21:33Z</time></trkpt><trkpt lat="21.032374" lon="105.838773"><ele>-13.708</ele><time>2018-09-07T08:21:34Z</time></trkpt><trkpt lat="21.032309" lon="105.838769"><ele>-13.813</ele><time>2018-09-07T08:21:35Z</time></trkpt><trkpt lat="21.032244" lon="105.838766"><ele>-13.589</ele><time>2018-09-07T08:21:36Z</time></trkpt><trkpt lat="21.032183" lon="105.838761"><ele>-13.334</ele><time>2018-09-07T08:21:37Z</time></trkpt><trkpt lat="21.032122" lon="105.838753"><ele>-13.219</ele><time>2018-09-07T08:21:38Z</time></trkpt><trkpt lat="21.032058" lon="105.838749"><ele>-13.135</ele><time>2018-09-07T08:21:39Z</time></trkpt><trkpt lat="21.031998" lon="105.838739"><ele>-13.111</ele><time>2018-09-07T08:21:40Z</time></trkpt><trkpt lat="21.031940" lon="105.838732"><ele>-13.120</ele><time>2018-09-07T08:21:41Z</time></trkpt><trkpt lat="21.031879" lon="105.838729"><ele>-13.123</ele><time>2018-09-07T08:21:42Z</time></trkpt><trkpt lat="21.031820" lon="105.838728"><ele>-13.195</ele><time>2018-09-07T08:21:43Z</time></trkpt><trkpt lat="21.031760" lon="105.838724"><ele>-12.849</ele><time>2018-09-07T08:21:44Z</time></trkpt><trkpt lat="21.031704" lon="105.838722"><ele>-12.523</ele><time>2018-09-07T08:21:45Z</time></trkpt><trkpt lat="21.031658" lon="105.838726"><ele>-12.008</ele><time>2018-09-07T08:21:46Z</time></trkpt><trkpt lat="21.031613" lon="105.838736"><ele>-11.861</ele><time>2018-09-07T08:21:48Z</time></trkpt><trkpt lat="21.031567" lon="105.838742"><ele>-11.557</ele><time>2018-09-07T08:21:50Z</time></trkpt><trkpt lat="21.031521" lon="105.838747"><ele>-11.412</ele><time>2018-09-07T08:21:52Z</time></trkpt><trkpt lat="21.031467" lon="105.838750"><ele>-11.397</ele><time>2018-09-07T08:21:54Z</time></trkpt><trkpt lat="21.031406" lon="105.838747"><ele>-10.973</ele><time>2018-09-07T08:21:56Z</time></trkpt><trkpt lat="21.031335" lon="105.838736"><ele>-10.729</ele><time>2018-09-07T08:21:58Z</time></trkpt><trkpt lat="21.031259" lon="105.838727"><ele>-10.458</ele><time>2018-09-07T08:22:00Z</time></trkpt><trkpt lat="21.031148" lon="105.838709"><ele>-10.351</ele><time>2018-09-07T08:22:01Z</time></trkpt><trkpt lat="21.031086" lon="105.838696"><ele>-10.386</ele><time>2018-09-07T08:22:02Z</time></trkpt><trkpt lat="21.031020" lon="105.838685"><ele>-10.360</ele><time>2018-09-07T08:22:03Z</time></trkpt><trkpt lat="21.030950" lon="105.838673"><ele>-10.326</ele><time>2018-09-07T08:22:04Z</time></trkpt><trkpt lat="21.030892" lon="105.838659"><ele>-10.308</ele><time>2018-09-07T08:22:05Z</time></trkpt><trkpt lat="21.030838" lon="105.838646"><ele>-10.310</ele><time>2018-09-07T08:22:06Z</time></trkpt><trkpt lat="21.030783" lon="105.838629"><ele>-10.396</ele><time>2018-09-07T08:22:07Z</time></trkpt><trkpt lat="21.030739" lon="105.838613"><ele>-10.771</ele><time>2018-09-07T08:22:08Z</time></trkpt><trkpt lat="21.030681" lon="105.838592"><ele>-11.396</ele><time>2018-09-07T08:22:10Z</time></trkpt><trkpt lat="21.030631" lon="105.838578"><ele>-11.742</ele><time>2018-09-07T08:22:12Z</time></trkpt><trkpt lat="21.030577" lon="105.838566"><ele>-11.888</ele><time>2018-09-07T08:22:14Z</time></trkpt><trkpt lat="21.030524" lon="105.838553"><ele>-11.967</ele><time>2018-09-07T08:22:16Z</time></trkpt><trkpt lat="21.030446" lon="105.838543"><ele>-12.420</ele><time>2018-09-07T08:22:18Z</time></trkpt><trkpt lat="21.030350" lon="105.838542"><ele>-12.868</ele><time>2018-09-07T08:22:19Z</time></trkpt><trkpt lat="21.030301" lon="105.838541"><ele>-12.942</ele><time>2018-09-07T08:22:20Z</time></trkpt><trkpt lat="21.030249" lon="105.838539"><ele>-13.026</ele><time>2018-09-07T08:22:21Z</time></trkpt><trkpt lat="21.030199" lon="105.838539"><ele>-13.108</ele><time>2018-09-07T08:22:23Z</time></trkpt><trkpt lat="21.030136" lon="105.838536"><ele>-13.178</ele><time>2018-09-07T08:22:25Z</time></trkpt><trkpt lat="21.030076" lon="105.838531"><ele>-13.134</ele><time>2018-09-07T08:22:27Z</time></trkpt><trkpt lat="21.030018" lon="105.838523"><ele>-13.179</ele><time>2018-09-07T08:22:29Z</time></trkpt><trkpt lat="21.029965" lon="105.838511"><ele>-12.864</ele><time>2018-09-07T08:22:31Z</time></trkpt><trkpt lat="21.029909" lon="105.838488"><ele>-12.990</ele><time>2018-09-07T08:22:34Z</time></trkpt><trkpt lat="21.029856" lon="105.838468"><ele>-13.496</ele><time>2018-09-07T08:22:38Z</time></trkpt><trkpt lat="21.029802" lon="105.838457"><ele>-14.145</ele><time>2018-09-07T08:22:41Z</time></trkpt><trkpt lat="21.029737" lon="105.838441"><ele>-14.988</ele><time>2018-09-07T08:22:44Z</time></trkpt><trkpt lat="21.029681" lon="105.838412"><ele>-15.493</ele><time>2018-09-07T08:22:46Z</time></trkpt><trkpt lat="21.029628" lon="105.838373"><ele>-16.165</ele><time>2018-09-07T08:22:48Z</time></trkpt><trkpt lat="21.029579" lon="105.838331"><ele>-16.521</ele><time>2018-09-07T08:22:50Z</time></trkpt><trkpt lat="21.029520" lon="105.838279"><ele>-16.808</ele><time>2018-09-07T08:22:52Z</time></trkpt><trkpt lat="21.029461" lon="105.838234"><ele>-17.051</ele><time>2018-09-07T08:22:54Z</time></trkpt><trkpt lat="21.029420" lon="105.838182"><ele>-17.177</ele><time>2018-09-07T08:22:57Z</time></trkpt><trkpt lat="21.029404" lon="105.838135"><ele>-17.282</ele><time>2018-09-07T08:22:59Z</time></trkpt><trkpt lat="21.029394" lon="105.838070"><ele>-17.247</ele><time>2018-09-07T08:23:02Z</time></trkpt><trkpt lat="21.029406" lon="105.837990"><ele>-17.273</ele><time>2018-09-07T08:23:05Z</time></trkpt><trkpt lat="21.029424" lon="105.837914"><ele>-17.629</ele><time>2018-09-07T08:23:07Z</time></trkpt><trkpt lat="21.029440" lon="105.837837"><ele>-17.848</ele><time>2018-09-07T08:23:09Z</time></trkpt><trkpt lat="21.029455" lon="105.837763"><ele>-18.011</ele><time>2018-09-07T08:23:11Z</time></trkpt><trkpt lat="21.029461" lon="105.837693"><ele>-18.013</ele><time>2018-09-07T08:23:13Z</time></trkpt><trkpt lat="21.029470" lon="105.837608"><ele>-18.543</ele><time>2018-09-07T08:23:15Z</time></trkpt><trkpt lat="21.029481" lon="105.837519"><ele>-18.807</ele><time>2018-09-07T08:23:17Z</time></trkpt><trkpt lat="21.029494" lon="105.837439"><ele>-19.008</ele><time>2018-09-07T08:23:19Z</time></trkpt><trkpt lat="21.029513" lon="105.837347"><ele>-19.553</ele><time>2018-09-07T08:23:21Z</time></trkpt><trkpt lat="21.029525" lon="105.837293"><ele>-20.329</ele><time>2018-09-07T08:23:22Z</time></trkpt><trkpt lat="21.029510" lon="105.837190"><ele>-21.084</ele><time>2018-09-07T08:23:24Z</time></trkpt><trkpt lat="21.029511" lon="105.837118"><ele>-21.139</ele><time>2018-09-07T08:23:26Z</time></trkpt><trkpt lat="21.029502" lon="105.837036"><ele>-21.395</ele><time>2018-09-07T08:23:28Z</time></trkpt><trkpt lat="21.029469" lon="105.836965"><ele>-21.321</ele><time>2018-09-07T08:23:30Z</time></trkpt><trkpt lat="21.029411" lon="105.836869"><ele>-21.640</ele><time>2018-09-07T08:23:31Z</time></trkpt><trkpt lat="21.029331" lon="105.836826"><ele>-22.093</ele><time>2018-09-07T08:23:32Z</time></trkpt><trkpt lat="21.029285" lon="105.836749"><ele>-21.327</ele><time>2018-09-07T08:23:33Z</time></trkpt><trkpt lat="21.029230" lon="105.836712"><ele>-20.568</ele><time>2018-09-07T08:23:34Z</time></trkpt><trkpt lat="21.029171" lon="105.836680"><ele>-20.514</ele><time>2018-09-07T08:23:35Z</time></trkpt><trkpt lat="21.029119" lon="105.836651"><ele>-20.008</ele><time>2018-09-07T08:23:36Z</time></trkpt><trkpt lat="21.029057" lon="105.836649"><ele>-19.084</ele><time>2018-09-07T08:23:37Z</time></trkpt><trkpt lat="21.029002" lon="105.836633"><ele>-18.350</ele><time>2018-09-07T08:23:38Z</time></trkpt><trkpt lat="21.028947" lon="105.836595"><ele>-17.575</ele><time>2018-09-07T08:23:39Z</time></trkpt><trkpt lat="21.028898" lon="105.836560"><ele>-16.640</ele><time>2018-09-07T08:23:40Z</time></trkpt><trkpt lat="21.028842" lon="105.836539"><ele>-16.176</ele><time>2018-09-07T08:23:41Z</time></trkpt><trkpt lat="21.028785" lon="105.836501"><ele>-15.432</ele><time>2018-09-07T08:23:42Z</time></trkpt><trkpt lat="21.028724" lon="105.836474"><ele>-15.091</ele><time>2018-09-07T08:23:43Z</time></trkpt><trkpt lat="21.028663" lon="105.836446"><ele>-14.324</ele><time>2018-09-07T08:23:44Z</time></trkpt><trkpt lat="21.028601" lon="105.836424"><ele>-13.927</ele><time>2018-09-07T08:23:45Z</time></trkpt><trkpt lat="21.028535" lon="105.836403"><ele>-13.768</ele><time>2018-09-07T08:23:46Z</time></trkpt><trkpt lat="21.028468" lon="105.836376"><ele>-13.614</ele><time>2018-09-07T08:23:47Z</time></trkpt><trkpt lat="21.028401" lon="105.836350"><ele>-13.508</ele><time>2018-09-07T08:23:48Z</time></trkpt><trkpt lat="21.028335" lon="105.836321"><ele>-13.814</ele><time>2018-09-07T08:23:49Z</time></trkpt><trkpt lat="21.028264" lon="105.836301"><ele>-14.470</ele><time>2018-09-07T08:23:50Z</time></trkpt><trkpt lat="21.028206" lon="105.836279"><ele>-14.835</ele><time>2018-09-07T08:23:51Z</time></trkpt><trkpt lat="21.028147" lon="105.836256"><ele>-15.090</ele><time>2018-09-07T08:23:52Z</time></trkpt><trkpt lat="21.028085" lon="105.836228"><ele>-15.136</ele><time>2018-09-07T08:23:53Z</time></trkpt><trkpt lat="21.028023" lon="105.836203"><ele>-15.232</ele><time>2018-09-07T08:23:54Z</time></trkpt><trkpt lat="21.027961" lon="105.836175"><ele>-15.661</ele><time>2018-09-07T08:23:55Z</time></trkpt><trkpt lat="21.027897" lon="105.836146"><ele>-15.964</ele><time>2018-09-07T08:23:56Z</time></trkpt><trkpt lat="21.027831" lon="105.836116"><ele>-16.127</ele><time>2018-09-07T08:23:57Z</time></trkpt><trkpt lat="21.027770" lon="105.836093"><ele>-16.268</ele><time>2018-09-07T08:23:58Z</time></trkpt><trkpt lat="21.027717" lon="105.836071"><ele>-16.714</ele><time>2018-09-07T08:23:59Z</time></trkpt><trkpt lat="21.027671" lon="105.836043"><ele>-17.508</ele><time>2018-09-07T08:24:00Z</time></trkpt><trkpt lat="21.027626" lon="105.836026"><ele>-17.894</ele><time>2018-09-07T08:24:01Z</time></trkpt><trkpt lat="21.027581" lon="105.836015"><ele>-17.650</ele><time>2018-09-07T08:24:02Z</time></trkpt><trkpt lat="21.027501" lon="105.835988"><ele>-18.085</ele><time>2018-09-07T08:24:04Z</time></trkpt><trkpt lat="21.027451" lon="105.836009"><ele>-17.710</ele><time>2018-09-07T08:24:05Z</time></trkpt><trkpt lat="21.027366" lon="105.835976"><ele>-17.696</ele><time>2018-09-07T08:24:07Z</time></trkpt><trkpt lat="21.027292" lon="105.835928"><ele>-17.192</ele><time>2018-09-07T08:24:09Z</time></trkpt><trkpt lat="21.027193" lon="105.835889"><ele>-16.571</ele><time>2018-09-07T08:24:12Z</time></trkpt><trkpt lat="21.027139" lon="105.835903"><ele>-16.024</ele><time>2018-09-07T08:24:14Z</time></trkpt><trkpt lat="21.027089" lon="105.835946"><ele>-15.899</ele><time>2018-09-07T08:24:17Z</time></trkpt><trkpt lat="21.027021" lon="105.836048"><ele>-15.707</ele><time>2018-09-07T08:24:19Z</time></trkpt><trkpt lat="21.027009" lon="105.836112"><ele>-16.027</ele><time>2018-09-07T08:24:20Z</time></trkpt><trkpt lat="21.027000" lon="105.836176"><ele>-16.608</ele><time>2018-09-07T08:24:21Z</time></trkpt><trkpt lat="21.026980" lon="105.836238"><ele>-17.081</ele><time>2018-09-07T08:24:22Z</time></trkpt><trkpt lat="21.026978" lon="105.836309"><ele>-16.897</ele><time>2018-09-07T08:24:23Z</time></trkpt><trkpt lat="21.026968" lon="105.836377"><ele>-17.532</ele><time>2018-09-07T08:24:24Z</time></trkpt><trkpt lat="21.026948" lon="105.836430"><ele>-18.097</ele><time>2018-09-07T08:24:25Z</time></trkpt><trkpt lat="21.026927" lon="105.836478"><ele>-18.533</ele><time>2018-09-07T08:24:26Z</time></trkpt><trkpt lat="21.026907" lon="105.836531"><ele>-19.099</ele><time>2018-09-07T08:24:27Z</time></trkpt><trkpt lat="21.026887" lon="105.836575"><ele>-19.188</ele><time>2018-09-07T08:24:28Z</time></trkpt><trkpt lat="21.026823" lon="105.836676"><ele>-19.321</ele><time>2018-09-07T08:24:31Z</time></trkpt><trkpt lat="21.026794" lon="105.836728"><ele>-19.074</ele><time>2018-09-07T08:24:32Z</time></trkpt><trkpt lat="21.026776" lon="105.836787"><ele>-18.756</ele><time>2018-09-07T08:24:33Z</time></trkpt><trkpt lat="21.026756" lon="105.836836"><ele>-18.621</ele><time>2018-09-07T08:24:34Z</time></trkpt><trkpt lat="21.026727" lon="105.836888"><ele>-18.508</ele><time>2018-09-07T08:24:35Z</time></trkpt><trkpt lat="21.026697" lon="105.836930"><ele>-18.549</ele><time>2018-09-07T08:24:36Z</time></trkpt><trkpt lat="21.026663" lon="105.836983"><ele>-18.545</ele><time>2018-09-07T08:24:37Z</time></trkpt><trkpt lat="21.026627" lon="105.837033"><ele>-18.580</ele><time>2018-09-07T08:24:38Z</time></trkpt><trkpt lat="21.026587" lon="105.837087"><ele>-18.535</ele><time>2018-09-07T08:24:39Z</time></trkpt><trkpt lat="21.026559" lon="105.837150"><ele>-18.581</ele><time>2018-09-07T08:24:40Z</time></trkpt><trkpt lat="21.026533" lon="105.837217"><ele>-18.567</ele><time>2018-09-07T08:24:41Z</time></trkpt><trkpt lat="21.026503" lon="105.837265"><ele>-18.586</ele><time>2018-09-07T08:24:42Z</time></trkpt><trkpt lat="21.026471" lon="105.837313"><ele>-18.519</ele><time>2018-09-07T08:24:43Z</time></trkpt><trkpt lat="21.026444" lon="105.837355"><ele>-18.568</ele><time>2018-09-07T08:24:44Z</time></trkpt><trkpt lat="21.026420" lon="105.837400"><ele>-18.542</ele><time>2018-09-07T08:24:45Z</time></trkpt><trkpt lat="21.026392" lon="105.837445"><ele>-19.026</ele><time>2018-09-07T08:24:46Z</time></trkpt><trkpt lat="21.026369" lon="105.837487"><ele>-19.108</ele><time>2018-09-07T08:24:47Z</time></trkpt><trkpt lat="21.026344" lon="105.837529"><ele>-19.368</ele><time>2018-09-07T08:24:48Z</time></trkpt><trkpt lat="21.026321" lon="105.837571"><ele>-19.364</ele><time>2018-09-07T08:24:49Z</time></trkpt><trkpt lat="21.026291" lon="105.837615"><ele>-19.589</ele><time>2018-09-07T08:24:50Z</time></trkpt><trkpt lat="21.026250" lon="105.837666"><ele>-19.514</ele><time>2018-09-07T08:24:52Z</time></trkpt><trkpt lat="21.026201" lon="105.837714"><ele>-19.540</ele><time>2018-09-07T08:24:55Z</time></trkpt><trkpt lat="21.026168" lon="105.837752"><ele>-19.596</ele><time>2018-09-07T08:24:57Z</time></trkpt><trkpt lat="21.026143" lon="105.837803"><ele>-19.595</ele><time>2018-09-07T08:24:59Z</time></trkpt><trkpt lat="21.026121" lon="105.837961"><ele>-19.548</ele><time>2018-09-07T08:25:01Z</time></trkpt><trkpt lat="21.026153" lon="105.838018"><ele>-19.532</ele><time>2018-09-07T08:25:02Z</time></trkpt><trkpt lat="21.026198" lon="105.838059"><ele>-19.892</ele><time>2018-09-07T08:25:03Z</time></trkpt><trkpt lat="21.026230" lon="105.838123"><ele>-19.611</ele><time>2018-09-07T08:25:04Z</time></trkpt><trkpt lat="21.026263" lon="105.838175"><ele>-19.508</ele><time>2018-09-07T08:25:05Z</time></trkpt><trkpt lat="21.026312" lon="105.838223"><ele>-19.565</ele><time>2018-09-07T08:25:08Z</time></trkpt><trkpt lat="21.026353" lon="105.838254"><ele>-19.531</ele><time>2018-09-07T08:25:10Z</time></trkpt><trkpt lat="21.026398" lon="105.838295"><ele>-19.516</ele><time>2018-09-07T08:25:12Z</time></trkpt><trkpt lat="21.026449" lon="105.838353"><ele>-19.861</ele><time>2018-09-07T08:25:14Z</time></trkpt><trkpt lat="21.026478" lon="105.838392"><ele>-20.027</ele><time>2018-09-07T08:25:15Z</time></trkpt><trkpt lat="21.026550" lon="105.838548"><ele>-20.123</ele><time>2018-09-07T08:25:17Z</time></trkpt><trkpt lat="21.026563" lon="105.838598"><ele>-20.322</ele><time>2018-09-07T08:25:18Z</time></trkpt><trkpt lat="21.026545" lon="105.838691"><ele>-21.125</ele><time>2018-09-07T08:25:20Z</time></trkpt><trkpt lat="21.026512" lon="105.838782"><ele>-21.619</ele><time>2018-09-07T08:25:22Z</time></trkpt><trkpt lat="21.026519" lon="105.838837"><ele>-22.009</ele><time>2018-09-07T08:25:23Z</time></trkpt><trkpt lat="21.026537" lon="105.838901"><ele>-22.519</ele><time>2018-09-07T08:25:26Z</time></trkpt><trkpt lat="21.026541" lon="105.838977"><ele>-23.008</ele><time>2018-09-07T08:25:28Z</time></trkpt><trkpt lat="21.026531" lon="105.839117"><ele>-23.113</ele><time>2018-09-07T08:25:29Z</time></trkpt><trkpt lat="21.026519" lon="105.839175"><ele>-23.359</ele><time>2018-09-07T08:25:30Z</time></trkpt><trkpt lat="21.026508" lon="105.839250"><ele>-23.394</ele><time>2018-09-07T08:25:31Z</time></trkpt><trkpt lat="21.026500" lon="105.839328"><ele>-23.339</ele><time>2018-09-07T08:25:32Z</time></trkpt><trkpt lat="21.026485" lon="105.839391"><ele>-23.365</ele><time>2018-09-07T08:25:33Z</time></trkpt><trkpt lat="21.026475" lon="105.839447"><ele>-23.361</ele><time>2018-09-07T08:25:34Z</time></trkpt><trkpt lat="21.026458" lon="105.839511"><ele>-23.040</ele><time>2018-09-07T08:25:35Z</time></trkpt><trkpt lat="21.026443" lon="105.839570"><ele>-22.843</ele><time>2018-09-07T08:25:36Z</time></trkpt><trkpt lat="21.026456" lon="105.839633"><ele>-23.058</ele><time>2018-09-07T08:25:37Z</time></trkpt><trkpt lat="21.026462" lon="105.839726"><ele>-23.652</ele><time>2018-09-07T08:25:39Z</time></trkpt><trkpt lat="21.026453" lon="105.839775"><ele>-23.517</ele><time>2018-09-07T08:25:41Z</time></trkpt><trkpt lat="21.026365" lon="105.839844"><ele>-23.108</ele><time>2018-09-07T08:25:43Z</time></trkpt><trkpt lat="21.026316" lon="105.839855"><ele>-22.847</ele><time>2018-09-07T08:25:44Z</time></trkpt><trkpt lat="21.026241" lon="105.839866"><ele>-22.313</ele><time>2018-09-07T08:25:46Z</time></trkpt><trkpt lat="21.026185" lon="105.839877"><ele>-21.558</ele><time>2018-09-07T08:25:47Z</time></trkpt><trkpt lat="21.026132" lon="105.839895"><ele>-20.853</ele><time>2018-09-07T08:25:48Z</time></trkpt><trkpt lat="21.026074" lon="105.839902"><ele>-20.379</ele><time>2018-09-07T08:25:49Z</time></trkpt><trkpt lat="21.026018" lon="105.839913"><ele>-19.535</ele><time>2018-09-07T08:25:50Z</time></trkpt><trkpt lat="21.025963" lon="105.839928"><ele>-18.794</ele><time>2018-09-07T08:25:51Z</time></trkpt><trkpt lat="21.025901" lon="105.839933"><ele>-18.237</ele><time>2018-09-07T08:25:52Z</time></trkpt><trkpt lat="21.025842" lon="105.839936"><ele>-18.326</ele><time>2018-09-07T08:25:53Z</time></trkpt><trkpt lat="21.025783" lon="105.839946"><ele>-18.547</ele><time>2018-09-07T08:25:54Z</time></trkpt><trkpt lat="21.025727" lon="105.839946"><ele>-18.511</ele><time>2018-09-07T08:25:55Z</time></trkpt><trkpt lat="21.025667" lon="105.839948"><ele>-18.008</ele><time>2018-09-07T08:25:56Z</time></trkpt><trkpt lat="21.025613" lon="105.839948"><ele>-17.894</ele><time>2018-09-07T08:25:57Z</time></trkpt><trkpt lat="21.025560" lon="105.839954"><ele>-17.770</ele><time>2018-09-07T08:25:58Z</time></trkpt><trkpt lat="21.025509" lon="105.839953"><ele>-17.615</ele><time>2018-09-07T08:25:59Z</time></trkpt><trkpt lat="21.025461" lon="105.839947"><ele>-17.680</ele><time>2018-09-07T08:26:00Z</time></trkpt><trkpt lat="21.025412" lon="105.839949"><ele>-17.616</ele><time>2018-09-07T08:26:01Z</time></trkpt><trkpt lat="21.025367" lon="105.839947"><ele>-18.012</ele><time>2018-09-07T08:26:02Z</time></trkpt><trkpt lat="21.025322" lon="105.839947"><ele>-17.831</ele><time>2018-09-07T08:26:03Z</time></trkpt><trkpt lat="21.025275" lon="105.839946"><ele>-18.134</ele><time>2018-09-07T08:26:04Z</time></trkpt><trkpt lat="21.025230" lon="105.839943"><ele>-18.031</ele><time>2018-09-07T08:26:05Z</time></trkpt><trkpt lat="21.025185" lon="105.839933"><ele>-17.861</ele><time>2018-09-07T08:26:06Z</time></trkpt><trkpt lat="21.025140" lon="105.839926"><ele>-17.707</ele><time>2018-09-07T08:26:07Z</time></trkpt><trkpt lat="21.025095" lon="105.839927"><ele>-17.308</ele><time>2018-09-07T08:26:08Z</time></trkpt><trkpt lat="21.025006" lon="105.839934"><ele>-16.645</ele><time>2018-09-07T08:26:10Z</time></trkpt><trkpt lat="21.024935" lon="105.839940"><ele>-16.241</ele><time>2018-09-07T08:26:13Z</time></trkpt><trkpt lat="21.024879" lon="105.839939"><ele>-15.636</ele><time>2018-09-07T08:26:15Z</time></trkpt><trkpt lat="21.024829" lon="105.839933"><ele>-15.261</ele><time>2018-09-07T08:26:17Z</time></trkpt><trkpt lat="21.024783" lon="105.839929"><ele>-15.027</ele><time>2018-09-07T08:26:19Z</time></trkpt><trkpt lat="21.024721" lon="105.839928"><ele>-14.993</ele><time>2018-09-07T08:26:22Z</time></trkpt><trkpt lat="21.024671" lon="105.839924"><ele>-14.822</ele><time>2018-09-07T08:26:26Z</time></trkpt><trkpt lat="21.024623" lon="105.839921"><ele>-14.885</ele><time>2018-09-07T08:26:34Z</time></trkpt><trkpt lat="21.024575" lon="105.839908"><ele>-14.815</ele><time>2018-09-07T08:26:40Z</time></trkpt><trkpt lat="21.024527" lon="105.839911"><ele>-14.865</ele><time>2018-09-07T08:26:46Z</time></trkpt><trkpt lat="21.024482" lon="105.839906"><ele>-14.411</ele><time>2018-09-07T08:26:51Z</time></trkpt><trkpt lat="21.024424" lon="105.839898"><ele>-13.808</ele><time>2018-09-07T08:27:00Z</time></trkpt><trkpt lat="21.024366" lon="105.839891"><ele>-13.463</ele><time>2018-09-07T08:27:10Z</time></trkpt><trkpt lat="21.024329" lon="105.839842"><ele>-14.089</ele><time>2018-09-07T08:27:34Z</time></trkpt><trkpt lat="21.024323" lon="105.839788"><ele>-14.724</ele><time>2018-09-07T08:27:41Z</time></trkpt><trkpt lat="21.024329" lon="105.839738"><ele>-15.959</ele><time>2018-09-07T08:27:53Z</time></trkpt><trkpt lat="21.024321" lon="105.839683"><ele>-17.515</ele><time>2018-09-07T08:27:57Z</time></trkpt><trkpt lat="21.024260" lon="105.839645"><ele>-18.771</ele><time>2018-09-07T08:28:00Z</time></trkpt><trkpt lat="21.024115" lon="105.839638"><ele>-19.570</ele><time>2018-09-07T08:28:02Z</time></trkpt><trkpt lat="21.024048" lon="105.839639"><ele>-19.643</ele><time>2018-09-07T08:28:03Z</time></trkpt><trkpt lat="21.023980" lon="105.839635"><ele>-19.697</ele><time>2018-09-07T08:28:04Z</time></trkpt><trkpt lat="21.023913" lon="105.839633"><ele>-19.623</ele><time>2018-09-07T08:28:05Z</time></trkpt><trkpt lat="21.023840" lon="105.839630"><ele>-19.625</ele><time>2018-09-07T08:28:06Z</time></trkpt><trkpt lat="21.023771" lon="105.839633"><ele>-19.608</ele><time>2018-09-07T08:28:07Z</time></trkpt><trkpt lat="21.023701" lon="105.839625"><ele>-19.391</ele><time>2018-09-07T08:28:08Z</time></trkpt><trkpt lat="21.023633" lon="105.839613"><ele>-19.577</ele><time>2018-09-07T08:28:09Z</time></trkpt><trkpt lat="21.023565" lon="105.839590"><ele>-19.542</ele><time>2018-09-07T08:28:10Z</time></trkpt><trkpt lat="21.023507" lon="105.839561"><ele>-19.397</ele><time>2018-09-07T08:28:11Z</time></trkpt><trkpt lat="21.023450" lon="105.839526"><ele>-19.013</ele><time>2018-09-07T08:28:12Z</time></trkpt><trkpt lat="21.023402" lon="105.839479"><ele>-19.099</ele><time>2018-09-07T08:28:13Z</time></trkpt><trkpt lat="21.023363" lon="105.839445"><ele>-18.838</ele><time>2018-09-07T08:28:14Z</time></trkpt><trkpt lat="21.023282" lon="105.839408"><ele>-18.561</ele><time>2018-09-07T08:28:16Z</time></trkpt><trkpt lat="21.023239" lon="105.839391"><ele>-18.197</ele><time>2018-09-07T08:28:17Z</time></trkpt><trkpt lat="21.023160" lon="105.839368"><ele>-18.023</ele><time>2018-09-07T08:28:19Z</time></trkpt><trkpt lat="21.023090" lon="105.839319"><ele>-17.825</ele><time>2018-09-07T08:28:21Z</time></trkpt><trkpt lat="21.023021" lon="105.839248"><ele>-18.108</ele><time>2018-09-07T08:28:23Z</time></trkpt><trkpt lat="21.022986" lon="105.839202"><ele>-18.321</ele><time>2018-09-07T08:28:24Z</time></trkpt><trkpt lat="21.022909" lon="105.839160"><ele>-18.547</ele><time>2018-09-07T08:28:26Z</time></trkpt><trkpt lat="21.022863" lon="105.839154"><ele>-18.592</ele><time>2018-09-07T08:28:27Z</time></trkpt><trkpt lat="21.022820" lon="105.839132"><ele>-18.517</ele><time>2018-09-07T08:28:28Z</time></trkpt><trkpt lat="21.022756" lon="105.839117"><ele>-18.153</ele><time>2018-09-07T08:28:29Z</time></trkpt><trkpt lat="21.022705" lon="105.839111"><ele>-18.389</ele><time>2018-09-07T08:28:30Z</time></trkpt><trkpt lat="21.022663" lon="105.839088"><ele>-18.518</ele><time>2018-09-07T08:28:31Z</time></trkpt><trkpt lat="21.022621" lon="105.839063"><ele>-18.571</ele><time>2018-09-07T08:28:32Z</time></trkpt><trkpt lat="21.022576" lon="105.839030"><ele>-18.571</ele><time>2018-09-07T08:28:33Z</time></trkpt><trkpt lat="21.022522" lon="105.839022"><ele>-18.141</ele><time>2018-09-07T08:28:34Z</time></trkpt><trkpt lat="21.022470" lon="105.839008"><ele>-18.015</ele><time>2018-09-07T08:28:35Z</time></trkpt><trkpt lat="21.022426" lon="105.838991"><ele>-18.208</ele><time>2018-09-07T08:28:36Z</time></trkpt><trkpt lat="21.022376" lon="105.838989"><ele>-18.539</ele><time>2018-09-07T08:28:37Z</time></trkpt><trkpt lat="21.022281" lon="105.839002"><ele>-18.195</ele><time>2018-09-07T08:28:39Z</time></trkpt><trkpt lat="21.022216" lon="105.839009"><ele>-18.320</ele><time>2018-09-07T08:28:42Z</time></trkpt><trkpt lat="21.022160" lon="105.839020"><ele>-18.835</ele><time>2018-09-07T08:28:44Z</time></trkpt><trkpt lat="21.022102" lon="105.839038"><ele>-18.751</ele><time>2018-09-07T08:28:46Z</time></trkpt><trkpt lat="21.022043" lon="105.839061"><ele>-19.177</ele><time>2018-09-07T08:28:48Z</time></trkpt><trkpt lat="21.021985" lon="105.839092"><ele>-19.376</ele><time>2018-09-07T08:28:50Z</time></trkpt><trkpt lat="21.021932" lon="105.839123"><ele>-19.519</ele><time>2018-09-07T08:28:52Z</time></trkpt><trkpt lat="21.021877" lon="105.839159"><ele>-19.576</ele><time>2018-09-07T08:28:54Z</time></trkpt><trkpt lat="21.021811" lon="105.839203"><ele>-20.090</ele><time>2018-09-07T08:28:56Z</time></trkpt><trkpt lat="21.021738" lon="105.839230"><ele>-20.319</ele><time>2018-09-07T08:28:58Z</time></trkpt><trkpt lat="21.021555" lon="105.839192"><ele>-20.508</ele><time>2018-09-07T08:29:00Z</time></trkpt><trkpt lat="21.021490" lon="105.839148"><ele>-20.559</ele><time>2018-09-07T08:29:01Z</time></trkpt><trkpt lat="21.021434" lon="105.839140"><ele>-20.625</ele><time>2018-09-07T08:29:03Z</time></trkpt><trkpt lat="21.021374" lon="105.839143"><ele>-21.040</ele><time>2018-09-07T08:29:06Z</time></trkpt><trkpt lat="21.021310" lon="105.839137"><ele>-21.365</ele><time>2018-09-07T08:29:09Z</time></trkpt><trkpt lat="21.021252" lon="105.839133"><ele>-21.581</ele><time>2018-09-07T08:29:12Z</time></trkpt><trkpt lat="21.021206" lon="105.839108"><ele>-22.067</ele><time>2018-09-07T08:29:14Z</time></trkpt><trkpt lat="21.021146" lon="105.839064"><ele>-22.376</ele><time>2018-09-07T08:29:16Z</time></trkpt><trkpt lat="21.021085" lon="105.839016"><ele>-23.069</ele><time>2018-09-07T08:29:18Z</time></trkpt><trkpt lat="21.021045" lon="105.838987"><ele>-23.383</ele><time>2018-09-07T08:29:20Z</time></trkpt><trkpt lat="21.021000" lon="105.838952"><ele>-23.525</ele><time>2018-09-07T08:29:22Z</time></trkpt><trkpt lat="21.020949" lon="105.838905"><ele>-24.017</ele><time>2018-09-07T08:29:24Z</time></trkpt><trkpt lat="21.020893" lon="105.838847"><ele>-24.308</ele><time>2018-09-07T08:29:26Z</time></trkpt><trkpt lat="21.020799" lon="105.838736"><ele>-24.860</ele><time>2018-09-07T08:29:27Z</time></trkpt><trkpt lat="21.020761" lon="105.838687"><ele>-25.356</ele><time>2018-09-07T08:29:28Z</time></trkpt><trkpt lat="21.020714" lon="105.838659"><ele>-25.551</ele><time>2018-09-07T08:29:29Z</time></trkpt><trkpt lat="21.020674" lon="105.838624"><ele>-25.566</ele><time>2018-09-07T08:29:30Z</time></trkpt><trkpt lat="21.020617" lon="105.838547"><ele>-25.692</ele><time>2018-09-07T08:29:32Z</time></trkpt><trkpt lat="21.020575" lon="105.838504"><ele>-26.088</ele><time>2018-09-07T08:29:33Z</time></trkpt><trkpt lat="21.020533" lon="105.838461"><ele>-26.367</ele><time>2018-09-07T08:29:34Z</time></trkpt><trkpt lat="21.020487" lon="105.838418"><ele>-26.510</ele><time>2018-09-07T08:29:35Z</time></trkpt><trkpt lat="21.020431" lon="105.838380"><ele>-26.661</ele><time>2018-09-07T08:29:36Z</time></trkpt><trkpt lat="21.020377" lon="105.838333"><ele>-26.721</ele><time>2018-09-07T08:29:37Z</time></trkpt><trkpt lat="21.020329" lon="105.838298"><ele>-26.713</ele><time>2018-09-07T08:29:38Z</time></trkpt><trkpt lat="21.020278" lon="105.838275"><ele>-27.108</ele><time>2018-09-07T08:29:39Z</time></trkpt><trkpt lat="21.020226" lon="105.838255"><ele>-27.428</ele><time>2018-09-07T08:29:41Z</time></trkpt><trkpt lat="21.020178" lon="105.838219"><ele>-28.094</ele><time>2018-09-07T08:29:43Z</time></trkpt><trkpt lat="21.020133" lon="105.838174"><ele>-28.319</ele><time>2018-09-07T08:29:45Z</time></trkpt><trkpt lat="21.020080" lon="105.838117"><ele>-28.564</ele><time>2018-09-07T08:29:47Z</time></trkpt><trkpt lat="21.019989" lon="105.838034"><ele>-29.050</ele><time>2018-09-07T08:29:48Z</time></trkpt><trkpt lat="21.019934" lon="105.838009"><ele>-28.916</ele><time>2018-09-07T08:29:49Z</time></trkpt><trkpt lat="21.019888" lon="105.837979"><ele>-28.475</ele><time>2018-09-07T08:29:50Z</time></trkpt><trkpt lat="21.019842" lon="105.837936"><ele>-27.768</ele><time>2018-09-07T08:29:51Z</time></trkpt><trkpt lat="21.019788" lon="105.837893"><ele>-27.371</ele><time>2018-09-07T08:29:54Z</time></trkpt><trkpt lat="21.019749" lon="105.837860"><ele>-27.141</ele><time>2018-09-07T08:29:56Z</time></trkpt><trkpt lat="21.019703" lon="105.837821"><ele>-27.015</ele><time>2018-09-07T08:29:59Z</time></trkpt><trkpt lat="21.019652" lon="105.837787"><ele>-26.508</ele><time>2018-09-07T08:30:03Z</time></trkpt><trkpt lat="21.019587" lon="105.837764"><ele>-26.269</ele><time>2018-09-07T08:30:06Z</time></trkpt><trkpt lat="21.019539" lon="105.837735"><ele>-26.045</ele><time>2018-09-07T08:30:08Z</time></trkpt><trkpt lat="21.019479" lon="105.837676"><ele>-25.950</ele><time>2018-09-07T08:30:11Z</time></trkpt><trkpt lat="21.019438" lon="105.837625"><ele>-25.825</ele><time>2018-09-07T08:30:12Z</time></trkpt><trkpt lat="21.019374" lon="105.837594"><ele>-25.591</ele><time>2018-09-07T08:30:16Z</time></trkpt><trkpt lat="21.019326" lon="105.837619"><ele>-25.197</ele><time>2018-09-07T08:30:23Z</time></trkpt><trkpt lat="21.019290" lon="105.837654"><ele>-24.576</ele><time>2018-09-07T08:30:27Z</time></trkpt><trkpt lat="21.019256" lon="105.837686"><ele>-23.869</ele><time>2018-09-07T08:30:31Z</time></trkpt><trkpt lat="21.019238" lon="105.837735"><ele>-23.894</ele><time>2018-09-07T08:30:36Z</time></trkpt><trkpt lat="21.019213" lon="105.837781"><ele>-23.557</ele><time>2018-09-07T08:30:42Z</time></trkpt><trkpt lat="21.019189" lon="105.837841"><ele>-23.122</ele><time>2018-09-07T08:30:46Z</time></trkpt><trkpt lat="21.019168" lon="105.837961"><ele>-23.008</ele><time>2018-09-07T08:30:48Z</time></trkpt><trkpt lat="21.019170" lon="105.838013"><ele>-22.811</ele><time>2018-09-07T08:30:49Z</time></trkpt><trkpt lat="21.019173" lon="105.838068"><ele>-22.357</ele><time>2018-09-07T08:30:50Z</time></trkpt><trkpt lat="21.019175" lon="105.838124"><ele>-22.012</ele><time>2018-09-07T08:30:51Z</time></trkpt><trkpt lat="21.019175" lon="105.838182"><ele>-21.527</ele><time>2018-09-07T08:30:52Z</time></trkpt><trkpt lat="21.019169" lon="105.838242"><ele>-21.183</ele><time>2018-09-07T08:30:53Z</time></trkpt><trkpt lat="21.019161" lon="105.838300"><ele>-21.339</ele><time>2018-09-07T08:30:54Z</time></trkpt><trkpt lat="21.019154" lon="105.838353"><ele>-21.048</ele><time>2018-09-07T08:30:55Z</time></trkpt><trkpt lat="21.019148" lon="105.838408"><ele>-20.831</ele><time>2018-09-07T08:30:56Z</time></trkpt><trkpt lat="21.019139" lon="105.838459"><ele>-20.354</ele><time>2018-09-07T08:30:57Z</time></trkpt><trkpt lat="21.019135" lon="105.838513"><ele>-20.556</ele><time>2018-09-07T08:30:58Z</time></trkpt><trkpt lat="21.019129" lon="105.838571"><ele>-20.511</ele><time>2018-09-07T08:30:59Z</time></trkpt><trkpt lat="21.019125" lon="105.838632"><ele>-20.108</ele><time>2018-09-07T08:31:00Z</time></trkpt><trkpt lat="21.019120" lon="105.838689"><ele>-20.067</ele><time>2018-09-07T08:31:01Z</time></trkpt><trkpt lat="21.019119" lon="105.838744"><ele>-19.893</ele><time>2018-09-07T08:31:02Z</time></trkpt><trkpt lat="21.019114" lon="105.838798"><ele>-19.858</ele><time>2018-09-07T08:31:03Z</time></trkpt><trkpt lat="21.019109" lon="105.838847"><ele>-19.813</ele><time>2018-09-07T08:31:04Z</time></trkpt><trkpt lat="21.019106" lon="105.838903"><ele>-19.399</ele><time>2018-09-07T08:31:05Z</time></trkpt><trkpt lat="21.019097" lon="105.838956"><ele>-18.645</ele><time>2018-09-07T08:31:06Z</time></trkpt><trkpt lat="21.019085" lon="105.839004"><ele>-17.884</ele><time>2018-09-07T08:31:07Z</time></trkpt><trkpt lat="21.019083" lon="105.839057"><ele>-17.367</ele><time>2018-09-07T08:31:08Z</time></trkpt><trkpt lat="21.019081" lon="105.839142"><ele>-17.076</ele><time>2018-09-07T08:31:10Z</time></trkpt><trkpt lat="21.019081" lon="105.839231"><ele>-16.590</ele><time>2018-09-07T08:31:12Z</time></trkpt><trkpt lat="21.019073" lon="105.839319"><ele>-16.519</ele><time>2018-09-07T08:31:14Z</time></trkpt><trkpt lat="21.019067" lon="105.839417"><ele>-16.108</ele><time>2018-09-07T08:31:16Z</time></trkpt><trkpt lat="21.019058" lon="105.839465"><ele>-15.919</ele><time>2018-09-07T08:31:17Z</time></trkpt><trkpt lat="21.019044" lon="105.839558"><ele>-15.415</ele><time>2018-09-07T08:31:19Z</time></trkpt><trkpt lat="21.019037" lon="105.839647"><ele>-15.160</ele><time>2018-09-07T08:31:21Z</time></trkpt><trkpt lat="21.019025" lon="105.839705"><ele>-14.945</ele><time>2018-09-07T08:31:23Z</time></trkpt><trkpt lat="21.019008" lon="105.839761"><ele>-15.251</ele><time>2018-09-07T08:31:26Z</time></trkpt><trkpt lat="21.018998" lon="105.839822"><ele>-15.437</ele><time>2018-09-07T08:31:29Z</time></trkpt><trkpt lat="21.018998" lon="105.839875"><ele>-15.596</ele><time>2018-09-07T08:31:32Z</time></trkpt><trkpt lat="21.019001" lon="105.839929"><ele>-15.639</ele><time>2018-09-07T08:31:35Z</time></trkpt><trkpt lat="21.018962" lon="105.839962"><ele>-15.611</ele><time>2018-09-07T08:31:40Z</time></trkpt><trkpt lat="21.018860" lon="105.840052"><ele>-15.621</ele><time>2018-09-07T08:31:47Z</time></trkpt><trkpt lat="21.018860" lon="105.840102"><ele>-16.003</ele><time>2018-09-07T08:31:49Z</time></trkpt><trkpt lat="21.016827" lon="105.839241"><ele>-12.008</ele><time>2018-09-07T08:32:39Z</time></trkpt><trkpt lat="21.016768" lon="105.838620"><ele>-8.093</ele><time>2018-09-07T08:32:40Z</time></trkpt><trkpt lat="21.016746" lon="105.838554"><ele>-4.089</ele><time>2018-09-07T08:32:41Z</time></trkpt><trkpt lat="21.016733" lon="105.838462"><ele>0.024</ele><time>2018-09-07T08:32:42Z</time></trkpt><trkpt lat="21.016720" lon="105.838378"><ele>4.019</ele><time>2018-09-07T08:32:43Z</time></trkpt><trkpt lat="21.016716" lon="105.838291"><ele>8.015</ele><time>2018-09-07T08:32:44Z</time></trkpt><trkpt lat="21.016694" lon="105.838154"><ele>12.041</ele><time>2018-09-07T08:32:46Z</time></trkpt><trkpt lat="21.015434" lon="105.839932"><ele>16.070</ele><time>2018-09-07T08:34:07Z</time></trkpt><trkpt lat="21.015363" lon="105.839967"><ele>20.043</ele><time>2018-09-07T08:34:08Z</time></trkpt><trkpt lat="21.015537" lon="105.840507"><ele>16.077</ele><time>2018-09-07T08:34:24Z</time></trkpt><trkpt lat="21.015468" lon="105.840568"><ele>12.061</ele><time>2018-09-07T08:34:28Z</time></trkpt><trkpt lat="21.015452" lon="105.840630"><ele>8.027</ele><time>2018-09-07T08:34:29Z</time></trkpt><trkpt lat="21.015447" lon="105.840738"><ele>4.008</ele><time>2018-09-07T08:34:30Z</time></trkpt><trkpt lat="21.015429" lon="105.840831"><ele>0.089</ele><time>2018-09-07T08:34:31Z</time></trkpt><trkpt lat="21.015417" lon="105.840906"><ele>-4.045</ele><time>2018-09-07T08:34:32Z</time></trkpt><trkpt lat="21.015407" lon="105.840977"><ele>-8.040</ele><time>2018-09-07T08:34:33Z</time></trkpt><trkpt lat="21.015398" lon="105.841044"><ele>-12.025</ele><time>2018-09-07T08:34:34Z</time></trkpt><trkpt lat="21.015390" lon="105.841108"><ele>-16.021</ele><time>2018-09-07T08:34:35Z</time></trkpt><trkpt lat="21.015386" lon="105.841249"><ele>-20.047</ele><time>2018-09-07T08:34:45Z</time></trkpt><trkpt lat="21.015430" lon="105.841268"><ele>-23.876</ele><time>2018-09-07T08:34:48Z</time></trkpt><trkpt lat="21.015518" lon="105.841288"><ele>-26.549</ele><time>2018-09-07T08:34:49Z</time></trkpt><trkpt lat="21.015585" lon="105.841304"><ele>-26.178</ele><time>2018-09-07T08:34:50Z</time></trkpt><trkpt lat="21.015637" lon="105.841310"><ele>-25.933</ele><time>2018-09-07T08:34:51Z</time></trkpt><trkpt lat="21.015687" lon="105.841311"><ele>-25.526</ele><time>2018-09-07T08:34:52Z</time></trkpt><trkpt lat="21.015738" lon="105.841312"><ele>-24.808</ele><time>2018-09-07T08:34:53Z</time></trkpt><trkpt lat="21.015786" lon="105.841315"><ele>-24.079</ele><time>2018-09-07T08:34:54Z</time></trkpt><trkpt lat="21.015839" lon="105.841311"><ele>-22.685</ele><time>2018-09-07T08:34:55Z</time></trkpt><trkpt lat="21.015892" lon="105.841306"><ele>-21.540</ele><time>2018-09-07T08:34:56Z</time></trkpt><trkpt lat="21.015954" lon="105.841307"><ele>-20.015</ele><time>2018-09-07T08:34:57Z</time></trkpt><trkpt lat="21.016005" lon="105.841304"><ele>-19.021</ele><time>2018-09-07T08:34:58Z</time></trkpt><trkpt lat="21.016063" lon="105.841317"><ele>-18.147</ele><time>2018-09-07T08:34:59Z</time></trkpt><trkpt lat="21.016109" lon="105.841325"><ele>-17.536</ele><time>2018-09-07T08:35:00Z</time></trkpt><trkpt lat="21.016154" lon="105.841327"><ele>-16.819</ele><time>2018-09-07T08:35:01Z</time></trkpt><trkpt lat="21.016255" lon="105.841325"><ele>-16.556</ele><time>2018-09-07T08:35:03Z</time></trkpt><trkpt lat="21.016309" lon="105.841319"><ele>-16.159</ele><time>2018-09-07T08:35:04Z</time></trkpt><trkpt lat="21.016370" lon="105.841299"><ele>-15.514</ele><time>2018-09-07T08:35:05Z</time></trkpt><trkpt lat="21.016432" lon="105.841299"><ele>-15.208</ele><time>2018-09-07T08:35:06Z</time></trkpt><trkpt lat="21.016481" lon="105.841292"><ele>-15.067</ele><time>2018-09-07T08:35:08Z</time></trkpt><trkpt lat="21.016544" lon="105.841301"><ele>-14.543</ele><time>2018-09-07T08:35:11Z</time></trkpt><trkpt lat="21.016613" lon="105.841314"><ele>-13.848</ele><time>2018-09-07T08:36:08Z</time></trkpt><trkpt lat="21.016669" lon="105.841324"><ele>-13.073</ele><time>2018-09-07T08:36:14Z</time></trkpt><trkpt lat="21.016744" lon="105.841268"><ele>-11.949</ele><time>2018-09-07T08:36:26Z</time></trkpt><trkpt lat="21.016785" lon="105.841229"><ele>-12.355</ele><time>2018-09-07T08:36:32Z</time></trkpt><trkpt lat="21.016825" lon="105.841190"><ele>-12.484</ele><time>2018-09-07T08:36:40Z</time></trkpt><trkpt lat="21.016859" lon="105.841157"><ele>-11.897</ele><time>2018-09-07T08:36:45Z</time></trkpt><trkpt lat="21.016910" lon="105.841125"><ele>-10.421</ele><time>2018-09-07T08:36:57Z</time></trkpt><trkpt lat="21.016954" lon="105.841112"><ele>-10.941</ele><time>2018-09-07T08:37:04Z</time></trkpt><trkpt lat="21.016992" lon="105.841078"><ele>-11.705</ele><time>2018-09-07T08:37:16Z</time></trkpt><trkpt lat="21.017046" lon="105.841060"><ele>-12.808</ele><time>2018-09-07T08:38:26Z</time></trkpt><trkpt lat="21.017110" lon="105.841045"><ele>-13.194</ele><time>2018-09-07T08:38:39Z</time></trkpt><trkpt lat="21.017151" lon="105.841067"><ele>-12.910</ele><time>2018-09-07T08:38:51Z</time></trkpt><trkpt lat="21.017187" lon="105.841098"><ele>-12.825</ele><time>2018-09-07T08:38:59Z</time></trkpt><trkpt lat="21.017232" lon="105.841103"><ele>-12.330</ele><time>2018-09-07T08:39:12Z</time></trkpt><trkpt lat="21.017185" lon="105.841126"><ele>-11.366</ele><time>2018-09-07T08:39:49Z</time></trkpt><trkpt lat="21.017141" lon="105.841138"><ele>-7.282</ele><time>2018-09-07T08:42:22Z</time></trkpt><trkpt lat="21.017092" lon="105.841140"><ele>-3.281</ele><time>2018-09-07T08:42:29Z</time></trkpt><trkpt lat="21.017045" lon="105.841159"><ele>-0.794</ele><time>2018-09-07T08:42:37Z</time></trkpt><trkpt lat="21.016989" lon="105.841186"><ele>0.639</ele><time>2018-09-07T08:42:48Z</time></trkpt><trkpt lat="21.016939" lon="105.841200"><ele>-0.401</ele><time>2018-09-07T08:42:54Z</time></trkpt><trkpt lat="21.016887" lon="105.841222"><ele>-1.621</ele><time>2018-09-07T08:43:00Z</time></trkpt><trkpt lat="21.016827" lon="105.841228"><ele>-2.908</ele><time>2018-09-07T08:43:06Z</time></trkpt><trkpt lat="21.016786" lon="105.841264"><ele>-3.975</ele><time>2018-09-07T08:43:11Z</time></trkpt><trkpt lat="21.016765" lon="105.841316"><ele>-5.451</ele><time>2018-09-07T08:43:17Z</time></trkpt><trkpt lat="21.016731" lon="105.841354"><ele>-6.776</ele><time>2018-09-07T08:43:22Z</time></trkpt><trkpt lat="21.016679" lon="105.841369"><ele>-7.571</ele><time>2018-09-07T08:43:27Z</time></trkpt><trkpt lat="21.016605" lon="105.841371"><ele>-8.477</ele><time>2018-09-07T08:43:40Z</time></trkpt><trkpt lat="21.016558" lon="105.841353"><ele>-10.283</ele><time>2018-09-07T08:43:55Z</time></trkpt><trkpt lat="21.016600" lon="105.841373"><ele>-11.262</ele><time>2018-09-07T08:44:22Z</time></trkpt><trkpt lat="21.016657" lon="105.841383"><ele>-11.325</ele><time>2018-09-07T08:44:26Z</time></trkpt><trkpt lat="21.016712" lon="105.841397"><ele>-11.081</ele><time>2018-09-07T08:44:30Z</time></trkpt><trkpt lat="21.016772" lon="105.841419"><ele>-10.861</ele><time>2018-09-07T08:44:34Z</time></trkpt><trkpt lat="21.016822" lon="105.841428"><ele>-10.817</ele><time>2018-09-07T08:44:36Z</time></trkpt><trkpt lat="21.016875" lon="105.841435"><ele>-10.708</ele><time>2018-09-07T08:44:38Z</time></trkpt><trkpt lat="21.016933" lon="105.841439"><ele>-10.770</ele><time>2018-09-07T08:44:40Z</time></trkpt><trkpt lat="21.016989" lon="105.841439"><ele>-10.736</ele><time>2018-09-07T08:44:42Z</time></trkpt><trkpt lat="21.017046" lon="105.841437"><ele>-11.011</ele><time>2018-09-07T08:44:44Z</time></trkpt><trkpt lat="21.017099" lon="105.841432"><ele>-11.336</ele><time>2018-09-07T08:44:46Z</time></trkpt><trkpt lat="21.017147" lon="105.841424"><ele>-11.812</ele><time>2018-09-07T08:44:48Z</time></trkpt><trkpt lat="21.017192" lon="105.841415"><ele>-11.798</ele><time>2018-09-07T08:44:50Z</time></trkpt><trkpt lat="21.017257" lon="105.841403"><ele>-11.727</ele><time>2018-09-07T08:44:53Z</time></trkpt><trkpt lat="21.017313" lon="105.841411"><ele>-11.790</ele><time>2018-09-07T08:44:56Z</time></trkpt><trkpt lat="21.017353" lon="105.841501"><ele>-12.047</ele><time>2018-09-07T08:44:58Z</time></trkpt><trkpt lat="21.017343" lon="105.841555"><ele>-12.729</ele><time>2018-09-07T08:44:59Z</time></trkpt><trkpt lat="21.017330" lon="105.841643"><ele>-13.021</ele><time>2018-09-07T08:45:01Z</time></trkpt><trkpt lat="21.017336" lon="105.841695"><ele>-13.208</ele><time>2018-09-07T08:45:02Z</time></trkpt><trkpt lat="21.017325" lon="105.841762"><ele>-13.396</ele><time>2018-09-07T08:45:04Z</time></trkpt><trkpt lat="21.017319" lon="105.841816"><ele>-13.492</ele><time>2018-09-07T08:45:06Z</time></trkpt><trkpt lat="21.017317" lon="105.841880"><ele>-13.487</ele><time>2018-09-07T08:45:08Z</time></trkpt><trkpt lat="21.017317" lon="105.842015"><ele>-13.462</ele><time>2018-09-07T08:45:10Z</time></trkpt><trkpt lat="21.017319" lon="105.842075"><ele>-13.868</ele><time>2018-09-07T08:45:11Z</time></trkpt><trkpt lat="21.017307" lon="105.842133"><ele>-14.584</ele><time>2018-09-07T08:45:12Z</time></trkpt><trkpt lat="21.017292" lon="105.842196"><ele>-14.963</ele><time>2018-09-07T08:45:13Z</time></trkpt><trkpt lat="21.017283" lon="105.842258"><ele>-15.146</ele><time>2018-09-07T08:45:14Z</time></trkpt><trkpt lat="21.017274" lon="105.842329"><ele>-15.695</ele><time>2018-09-07T08:45:15Z</time></trkpt><trkpt lat="21.017274" lon="105.842404"><ele>-16.349</ele><time>2018-09-07T08:45:16Z</time></trkpt><trkpt lat="21.017266" lon="105.842461"><ele>-16.723</ele><time>2018-09-07T08:45:17Z</time></trkpt><trkpt lat="21.017255" lon="105.842532"><ele>-17.508</ele><time>2018-09-07T08:45:18Z</time></trkpt><trkpt lat="21.017244" lon="105.842597"><ele>-17.841</ele><time>2018-09-07T08:45:19Z</time></trkpt><trkpt lat="21.017239" lon="105.842661"><ele>-18.537</ele><time>2018-09-07T08:45:20Z</time></trkpt><trkpt lat="21.017237" lon="105.842729"><ele>-18.582</ele><time>2018-09-07T08:45:21Z</time></trkpt><trkpt lat="21.017237" lon="105.842793"><ele>-18.547</ele><time>2018-09-07T08:45:22Z</time></trkpt><trkpt lat="21.017229" lon="105.842847"><ele>-18.563</ele><time>2018-09-07T08:45:23Z</time></trkpt><trkpt lat="21.017221" lon="105.842901"><ele>-18.519</ele><time>2018-09-07T08:45:24Z</time></trkpt><trkpt lat="21.017215" lon="105.842955"><ele>-18.568</ele><time>2018-09-07T08:45:25Z</time></trkpt><trkpt lat="21.017211" lon="105.843008"><ele>-18.531</ele><time>2018-09-07T08:45:26Z</time></trkpt><trkpt lat="21.017209" lon="105.843063"><ele>-18.562</ele><time>2018-09-07T08:45:27Z</time></trkpt><trkpt lat="21.017206" lon="105.843114"><ele>-18.583</ele><time>2018-09-07T08:45:28Z</time></trkpt><trkpt lat="21.017202" lon="105.843165"><ele>-18.011</ele><time>2018-09-07T08:45:30Z</time></trkpt><trkpt lat="21.017201" lon="105.843234"><ele>-18.208</ele><time>2018-09-07T08:45:33Z</time></trkpt><trkpt lat="21.017205" lon="105.843298"><ele>-18.398</ele><time>2018-09-07T08:45:36Z</time></trkpt><trkpt lat="21.017218" lon="105.843356"><ele>-18.574</ele><time>2018-09-07T08:45:39Z</time></trkpt><trkpt lat="21.017240" lon="105.843423"><ele>-18.589</ele><time>2018-09-07T08:45:42Z</time></trkpt><trkpt lat="21.017267" lon="105.843481"><ele>-18.514</ele><time>2018-09-07T08:45:45Z</time></trkpt><trkpt lat="21.017289" lon="105.843533"><ele>-18.550</ele><time>2018-09-07T08:45:48Z</time></trkpt><trkpt lat="21.017316" lon="105.843599"><ele>-18.546</ele><time>2018-09-07T08:45:55Z</time></trkpt><trkpt lat="21.017317" lon="105.843651"><ele>-18.015</ele><time>2018-09-07T08:45:58Z</time></trkpt><trkpt lat="21.017308" lon="105.843715"><ele>-18.298</ele><time>2018-09-07T08:46:00Z</time></trkpt><trkpt lat="21.017297" lon="105.843821"><ele>-18.355</ele><time>2018-09-07T08:46:01Z</time></trkpt><trkpt lat="21.017303" lon="105.843909"><ele>-18.507</ele><time>2018-09-07T08:46:02Z</time></trkpt><trkpt lat="21.017297" lon="105.843982"><ele>-18.017</ele><time>2018-09-07T08:46:03Z</time></trkpt><trkpt lat="21.017292" lon="105.844054"><ele>-18.208</ele><time>2018-09-07T08:46:04Z</time></trkpt><trkpt lat="21.017286" lon="105.844126"><ele>-18.087</ele><time>2018-09-07T08:46:05Z</time></trkpt><trkpt lat="21.017279" lon="105.844192"><ele>-17.793</ele><time>2018-09-07T08:46:06Z</time></trkpt><trkpt lat="21.017278" lon="105.844257"><ele>-17.658</ele><time>2018-09-07T08:46:07Z</time></trkpt><trkpt lat="21.017280" lon="105.844319"><ele>-17.563</ele><time>2018-09-07T08:46:08Z</time></trkpt><trkpt lat="21.017287" lon="105.844378"><ele>-17.599</ele><time>2018-09-07T08:46:09Z</time></trkpt><trkpt lat="21.017293" lon="105.844438"><ele>-17.565</ele><time>2018-09-07T08:46:10Z</time></trkpt><trkpt lat="21.017300" lon="105.844494"><ele>-17.524</ele><time>2018-09-07T08:46:11Z</time></trkpt><trkpt lat="21.017301" lon="105.844548"><ele>-17.567</ele><time>2018-09-07T08:46:12Z</time></trkpt><trkpt lat="21.017306" lon="105.844606"><ele>-17.563</ele><time>2018-09-07T08:46:13Z</time></trkpt><trkpt lat="21.017313" lon="105.844665"><ele>-17.544</ele><time>2018-09-07T08:46:14Z</time></trkpt><trkpt lat="21.017317" lon="105.844721"><ele>-17.518</ele><time>2018-09-07T08:46:15Z</time></trkpt><trkpt lat="21.017320" lon="105.844777"><ele>-17.508</ele><time>2018-09-07T08:46:16Z</time></trkpt><trkpt lat="21.017320" lon="105.844838"><ele>-17.518</ele><time>2018-09-07T08:46:17Z</time></trkpt><trkpt lat="21.017316" lon="105.844901"><ele>-17.524</ele><time>2018-09-07T08:46:18Z</time></trkpt><trkpt lat="21.017316" lon="105.844963"><ele>-17.519</ele><time>2018-09-07T08:46:19Z</time></trkpt><trkpt lat="21.017317" lon="105.845026"><ele>-17.534</ele><time>2018-09-07T08:46:20Z</time></trkpt><trkpt lat="21.017318" lon="105.845092"><ele>-17.540</ele><time>2018-09-07T08:46:21Z</time></trkpt><trkpt lat="21.017320" lon="105.845159"><ele>-17.556</ele><time>2018-09-07T08:46:22Z</time></trkpt><trkpt lat="21.017316" lon="105.845231"><ele>-17.535</ele><time>2018-09-07T08:46:23Z</time></trkpt><trkpt lat="21.017312" lon="105.845300"><ele>-17.588</ele><time>2018-09-07T08:46:24Z</time></trkpt><trkpt lat="21.017306" lon="105.845368"><ele>-17.544</ele><time>2018-09-07T08:46:25Z</time></trkpt><trkpt lat="21.017303" lon="105.845428"><ele>-18.005</ele><time>2018-09-07T08:46:26Z</time></trkpt><trkpt lat="21.017298" lon="105.845482"><ele>-18.115</ele><time>2018-09-07T08:46:27Z</time></trkpt><trkpt lat="21.017293" lon="105.845535"><ele>-18.208</ele><time>2018-09-07T08:46:28Z</time></trkpt><trkpt lat="21.017281" lon="105.845583"><ele>-18.396</ele><time>2018-09-07T08:46:29Z</time></trkpt><trkpt lat="21.017276" lon="105.845633"><ele>-18.582</ele><time>2018-09-07T08:46:30Z</time></trkpt><trkpt lat="21.017273" lon="105.845688"><ele>-18.827</ele><time>2018-09-07T08:46:31Z</time></trkpt><trkpt lat="21.017271" lon="105.845739"><ele>-19.172</ele><time>2018-09-07T08:46:32Z</time></trkpt><trkpt lat="21.017263" lon="105.845794"><ele>-19.338</ele><time>2018-09-07T08:46:33Z</time></trkpt><trkpt lat="21.017258" lon="105.845850"><ele>-19.524</ele><time>2018-09-07T08:46:34Z</time></trkpt><trkpt lat="21.017253" lon="105.845914"><ele>-19.593</ele><time>2018-09-07T08:46:35Z</time></trkpt><trkpt lat="21.017246" lon="105.845972"><ele>-19.536</ele><time>2018-09-07T08:46:36Z</time></trkpt><trkpt lat="21.017235" lon="105.846025"><ele>-19.513</ele><time>2018-09-07T08:46:37Z</time></trkpt><trkpt lat="21.017227" lon="105.846083"><ele>-19.543</ele><time>2018-09-07T08:46:38Z</time></trkpt><trkpt lat="21.017220" lon="105.846150"><ele>-20.007</ele><time>2018-09-07T08:46:39Z</time></trkpt><trkpt lat="21.017210" lon="105.846212"><ele>-20.108</ele><time>2018-09-07T08:46:40Z</time></trkpt><trkpt lat="21.017204" lon="105.846271"><ele>-20.393</ele><time>2018-09-07T08:46:41Z</time></trkpt><trkpt lat="21.017200" lon="105.846344"><ele>-20.369</ele><time>2018-09-07T08:46:42Z</time></trkpt><trkpt lat="21.017198" lon="105.846411"><ele>-20.564</ele><time>2018-09-07T08:46:43Z</time></trkpt><trkpt lat="21.017183" lon="105.846466"><ele>-20.569</ele><time>2018-09-07T08:46:44Z</time></trkpt><trkpt lat="21.017164" lon="105.846551"><ele>-20.845</ele><time>2018-09-07T08:46:45Z</time></trkpt><trkpt lat="21.017146" lon="105.846612"><ele>-21.141</ele><time>2018-09-07T08:46:46Z</time></trkpt><trkpt lat="21.017133" lon="105.846675"><ele>-21.390</ele><time>2018-09-07T08:46:47Z</time></trkpt><trkpt lat="21.017116" lon="105.846741"><ele>-21.873</ele><time>2018-09-07T08:46:48Z</time></trkpt><trkpt lat="21.017103" lon="105.846803"><ele>-22.126</ele><time>2018-09-07T08:46:49Z</time></trkpt><trkpt lat="21.017089" lon="105.846870"><ele>-22.347</ele><time>2018-09-07T08:46:50Z</time></trkpt><trkpt lat="21.017073" lon="105.846932"><ele>-22.511</ele><time>2018-09-07T08:46:51Z</time></trkpt><trkpt lat="21.017047" lon="105.847004"><ele>-22.508</ele><time>2018-09-07T08:46:52Z</time></trkpt><trkpt lat="21.017024" lon="105.847077"><ele>-22.534</ele><time>2018-09-07T08:46:53Z</time></trkpt><trkpt lat="21.017003" lon="105.847159"><ele>-22.520</ele><time>2018-09-07T08:46:54Z</time></trkpt><trkpt lat="21.016994" lon="105.847234"><ele>-22.575</ele><time>2018-09-07T08:46:55Z</time></trkpt><trkpt lat="21.016988" lon="105.847297"><ele>-22.510</ele><time>2018-09-07T08:46:56Z</time></trkpt><trkpt lat="21.016983" lon="105.847352"><ele>-22.526</ele><time>2018-09-07T08:46:57Z</time></trkpt><trkpt lat="21.016973" lon="105.847404"><ele>-22.592</ele><time>2018-09-07T08:46:58Z</time></trkpt><trkpt lat="21.016973" lon="105.847486"><ele>-23.071</ele><time>2018-09-07T08:47:00Z</time></trkpt><trkpt lat="21.016958" lon="105.847577"><ele>-23.174</ele><time>2018-09-07T08:47:02Z</time></trkpt><trkpt lat="21.016947" lon="105.847668"><ele>-23.388</ele><time>2018-09-07T08:47:04Z</time></trkpt><trkpt lat="21.016942" lon="105.847762"><ele>-23.324</ele><time>2018-09-07T08:47:06Z</time></trkpt><trkpt lat="21.016931" lon="105.847813"><ele>-23.526</ele><time>2018-09-07T08:47:07Z</time></trkpt><trkpt lat="21.016928" lon="105.847913"><ele>-23.508</ele><time>2018-09-07T08:47:09Z</time></trkpt><trkpt lat="21.016921" lon="105.847961"><ele>-23.530</ele><time>2018-09-07T08:47:10Z</time></trkpt><trkpt lat="21.016954" lon="105.848025"><ele>-23.516</ele><time>2018-09-07T08:47:12Z</time></trkpt><trkpt lat="21.016948" lon="105.848113"><ele>-23.561</ele><time>2018-09-07T08:47:14Z</time></trkpt><trkpt lat="21.016948" lon="105.848173"><ele>-23.536</ele><time>2018-09-07T08:47:15Z</time></trkpt><trkpt lat="21.016947" lon="105.848239"><ele>-23.862</ele><time>2018-09-07T08:47:17Z</time></trkpt><trkpt lat="21.016949" lon="105.848290"><ele>-24.068</ele><time>2018-09-07T08:47:19Z</time></trkpt><trkpt lat="21.016951" lon="105.848384"><ele>-23.837</ele><time>2018-09-07T08:47:20Z</time></trkpt><trkpt lat="21.016959" lon="105.848448"><ele>-24.060</ele><time>2018-09-07T08:47:21Z</time></trkpt><trkpt lat="21.016972" lon="105.848507"><ele>-24.074</ele><time>2018-09-07T08:47:22Z</time></trkpt><trkpt lat="21.016981" lon="105.848559"><ele>-24.156</ele><time>2018-09-07T08:47:23Z</time></trkpt><trkpt lat="21.016996" lon="105.848685"><ele>-24.621</ele><time>2018-09-07T08:47:26Z</time></trkpt><trkpt lat="21.016991" lon="105.848757"><ele>-25.008</ele><time>2018-09-07T08:47:27Z</time></trkpt><trkpt lat="21.016977" lon="105.848821"><ele>-25.199</ele><time>2018-09-07T08:47:30Z</time></trkpt><trkpt lat="21.016971" lon="105.848877"><ele>-25.645</ele><time>2018-09-07T08:47:33Z</time></trkpt><trkpt lat="21.016976" lon="105.848937"><ele>-25.950</ele><time>2018-09-07T08:47:36Z</time></trkpt><trkpt lat="21.016973" lon="105.849008"><ele>-25.785</ele><time>2018-09-07T08:47:39Z</time></trkpt><trkpt lat="21.016973" lon="105.849073"><ele>-25.661</ele><time>2018-09-07T08:47:42Z</time></trkpt><trkpt lat="21.016970" lon="105.849140"><ele>-25.577</ele><time>2018-09-07T08:47:45Z</time></trkpt><trkpt lat="21.016968" lon="105.849205"><ele>-25.526</ele><time>2018-09-07T08:47:48Z</time></trkpt><trkpt lat="21.016961" lon="105.849260"><ele>-25.119</ele><time>2018-09-07T08:47:51Z</time></trkpt><trkpt lat="21.016953" lon="105.849327"><ele>-24.868</ele><time>2018-09-07T08:47:54Z</time></trkpt><trkpt lat="21.016954" lon="105.849380"><ele>-24.642</ele><time>2018-09-07T08:47:56Z</time></trkpt><trkpt lat="21.016963" lon="105.849441"><ele>-24.526</ele><time>2018-09-07T08:47:58Z</time></trkpt><trkpt lat="21.016971" lon="105.849505"><ele>-24.508</ele><time>2018-09-07T08:48:00Z</time></trkpt><trkpt lat="21.016976" lon="105.849563"><ele>-24.018</ele><time>2018-09-07T08:48:02Z</time></trkpt><trkpt lat="21.016975" lon="105.849644"><ele>-23.894</ele><time>2018-09-07T08:48:04Z</time></trkpt><trkpt lat="21.016970" lon="105.849713"><ele>-23.579</ele><time>2018-09-07T08:48:06Z</time></trkpt><trkpt lat="21.016963" lon="105.849777"><ele>-23.594</ele><time>2018-09-07T08:48:08Z</time></trkpt><trkpt lat="21.016956" lon="105.849837"><ele>-23.070</ele><time>2018-09-07T08:48:10Z</time></trkpt><trkpt lat="21.016945" lon="105.849918"><ele>-23.086</ele><time>2018-09-07T08:48:12Z</time></trkpt><trkpt lat="21.016931" lon="105.850001"><ele>-22.815</ele><time>2018-09-07T08:48:14Z</time></trkpt><trkpt lat="21.016913" lon="105.850087"><ele>-22.548</ele><time>2018-09-07T08:48:16Z</time></trkpt><trkpt lat="21.016904" lon="105.850151"><ele>-22.547</ele><time>2018-09-07T08:48:18Z</time></trkpt><trkpt lat="21.016899" lon="105.850211"><ele>-22.329</ele><time>2018-09-07T08:48:20Z</time></trkpt><trkpt lat="21.016899" lon="105.850265"><ele>-22.021</ele><time>2018-09-07T08:48:22Z</time></trkpt><trkpt lat="21.016898" lon="105.850322"><ele>-22.008</ele><time>2018-09-07T08:48:24Z</time></trkpt><trkpt lat="21.016896" lon="105.850392"><ele>-21.866</ele><time>2018-09-07T08:48:27Z</time></trkpt><trkpt lat="21.016898" lon="105.850454"><ele>-21.512</ele><time>2018-09-07T08:48:29Z</time></trkpt><trkpt lat="21.016898" lon="105.850523"><ele>-21.517</ele><time>2018-09-07T08:48:31Z</time></trkpt><trkpt lat="21.016905" lon="105.850597"><ele>-21.382</ele><time>2018-09-07T08:48:33Z</time></trkpt><trkpt lat="21.016903" lon="105.850657"><ele>-21.388</ele><time>2018-09-07T08:48:35Z</time></trkpt><trkpt lat="21.016893" lon="105.850729"><ele>-21.874</ele><time>2018-09-07T08:48:38Z</time></trkpt><trkpt lat="21.016873" lon="105.850801"><ele>-22.833</ele><time>2018-09-07T08:48:41Z</time></trkpt><trkpt lat="21.016854" lon="105.850861"><ele>-24.146</ele><time>2018-09-07T08:48:43Z</time></trkpt><trkpt lat="21.016841" lon="105.850912"><ele>-25.343</ele><time>2018-09-07T08:48:45Z</time></trkpt><trkpt lat="21.016834" lon="105.850963"><ele>-25.664</ele><time>2018-09-07T08:48:47Z</time></trkpt><trkpt lat="21.016834" lon="105.851013"><ele>-26.210</ele><time>2018-09-07T08:48:49Z</time></trkpt><trkpt lat="21.016833" lon="105.851084"><ele>-26.608</ele><time>2018-09-07T08:48:52Z</time></trkpt><trkpt lat="21.016826" lon="105.851148"><ele>-27.256</ele><time>2018-09-07T08:48:54Z</time></trkpt><trkpt lat="21.016823" lon="105.851234"><ele>-27.662</ele><time>2018-09-07T08:48:59Z</time></trkpt><trkpt lat="21.016870" lon="105.851258"><ele>-27.887</ele><time>2018-09-07T08:49:03Z</time></trkpt><trkpt lat="21.016949" lon="105.851257"><ele>-27.932</ele><time>2018-09-07T08:49:04Z</time></trkpt><trkpt lat="21.017004" lon="105.851258"><ele>-27.638</ele><time>2018-09-07T08:49:06Z</time></trkpt><trkpt lat="21.017065" lon="105.851258"><ele>-27.464</ele><time>2018-09-07T08:49:09Z</time></trkpt><trkpt lat="21.017127" lon="105.851271"><ele>-26.123</ele><time>2018-09-07T08:49:12Z</time></trkpt><trkpt lat="21.017196" lon="105.851328"><ele>-24.146</ele><time>2018-09-07T08:49:17Z</time></trkpt><trkpt lat="21.017168" lon="105.851371"><ele>-22.172</ele><time>2018-09-07T08:49:30Z</time></trkpt><trkpt lat="21.017141" lon="105.851414"><ele>-20.513</ele><time>2018-09-07T08:49:39Z</time></trkpt><trkpt lat="21.017195" lon="105.851446"><ele>-18.014</ele><time>2018-09-07T08:50:16Z</time></trkpt><trkpt lat="21.017250" lon="105.851454"><ele>-16.008</ele><time>2018-09-07T08:50:22Z</time></trkpt><trkpt lat="21.017337" lon="105.851476"><ele>-14.079</ele><time>2018-09-07T08:50:28Z</time></trkpt><trkpt lat="21.017407" lon="105.851481"><ele>-13.245</ele><time>2018-09-07T08:50:50Z</time></trkpt><trkpt lat="21.017436" lon="105.851520"><ele>-12.330</ele><time>2018-09-07T08:51:01Z</time></trkpt><trkpt lat="21.017455" lon="105.851574"><ele>-11.415</ele><time>2018-09-07T08:51:05Z</time></trkpt><trkpt lat="21.017424" lon="105.851640"><ele>-10.461</ele><time>2018-09-07T08:51:08Z</time></trkpt><trkpt lat="21.017391" lon="105.851688"><ele>-9.877</ele><time>2018-09-07T08:51:10Z</time></trkpt><trkpt lat="21.017174" lon="105.851796"><ele>-9.956</ele><time>2018-09-07T08:51:24Z</time></trkpt><trkpt lat="21.016988" lon="105.851553"><ele>-5.949</ele><time>2018-09-07T08:52:01Z</time></trkpt><trkpt lat="21.017005" lon="105.851610"><ele>-1.982</ele><time>2018-09-07T08:52:04Z</time></trkpt><trkpt lat="21.016988" lon="105.851695"><ele>2.143</ele><time>2018-09-07T08:52:06Z</time></trkpt><trkpt lat="21.016962" lon="105.851777"><ele>6.117</ele><time>2018-09-07T08:52:08Z</time></trkpt><trkpt lat="21.016950" lon="105.851838"><ele>10.108</ele><time>2018-09-07T08:52:11Z</time></trkpt><trkpt lat="21.016940" lon="105.851906"><ele>14.130</ele><time>2018-09-07T08:52:14Z</time></trkpt><trkpt lat="21.016984" lon="105.851891"><ele>18.156</ele><time>2018-09-07T08:52:19Z</time></trkpt><trkpt lat="21.017062" lon="105.851838"><ele>22.181</ele><time>2018-09-07T08:52:25Z</time></trkpt><trkpt lat="21.017101" lon="105.851686"><ele>26.156</ele><time>2018-09-07T08:52:27Z</time></trkpt><trkpt lat="21.017549" lon="105.852525"><ele>22.142</ele><time>2018-09-07T08:55:18Z</time></trkpt><trkpt lat="21.017544" lon="105.852476"><ele>18.198</ele><time>2018-09-07T08:56:10Z</time></trkpt><trkpt lat="21.017322" lon="105.852337"><ele>14.147</ele><time>2018-09-07T08:56:23Z</time></trkpt><trkpt lat="21.017230" lon="105.852278"><ele>10.180</ele><time>2018-09-07T08:56:25Z</time></trkpt><trkpt lat="21.017161" lon="105.852213"><ele>7.735</ele><time>2018-09-07T08:56:26Z</time></trkpt><trkpt lat="21.017025" lon="105.852069"><ele>6.286</ele><time>2018-09-07T08:56:28Z</time></trkpt><trkpt lat="21.016897" lon="105.851873"><ele>5.314</ele><time>2018-09-07T08:56:31Z</time></trkpt><trkpt lat="21.016987" lon="105.852004"><ele>4.808</ele><time>2018-09-07T08:56:35Z</time></trkpt><trkpt lat="21.017045" lon="105.852098"><ele>4.595</ele><time>2018-09-07T08:56:36Z</time></trkpt><trkpt lat="21.017080" lon="105.852161"><ele>4.321</ele><time>2018-09-07T08:56:37Z</time></trkpt><trkpt lat="21.017103" lon="105.852240"><ele>3.886</ele><time>2018-09-07T08:56:41Z</time></trkpt><trkpt lat="21.017114" lon="105.852287"><ele>3.581</ele><time>2018-09-07T08:56:42Z</time></trkpt><trkpt lat="21.017127" lon="105.852393"><ele>3.367</ele><time>2018-09-07T08:56:45Z</time></trkpt><trkpt lat="21.017124" lon="105.852449"><ele>2.453</ele><time>2018-09-07T08:56:51Z</time></trkpt><trkpt lat="21.017078" lon="105.852420"><ele>1.992</ele><time>2018-09-07T08:57:15Z</time></trkpt><trkpt lat="21.017036" lon="105.852382"><ele>1.685</ele><time>2018-09-07T08:57:19Z</time></trkpt><trkpt lat="21.016999" lon="105.852331"><ele>1.088</ele><time>2018-09-07T08:57:25Z</time></trkpt><trkpt lat="21.016952" lon="105.852349"><ele>1.424</ele><time>2018-09-07T08:57:39Z</time></trkpt><trkpt lat="21.016905" lon="105.852342"><ele>2.126</ele><time>2018-09-07T08:57:55Z</time></trkpt><trkpt lat="21.016899" lon="105.852293"><ele>2.508</ele><time>2018-09-07T08:58:00Z</time></trkpt><trkpt lat="21.016887" lon="105.852230"><ele>3.140</ele><time>2018-09-07T08:58:06Z</time></trkpt><trkpt lat="21.016867" lon="105.852175"><ele>3.156</ele><time>2018-09-07T08:58:12Z</time></trkpt><trkpt lat="21.016840" lon="105.852127"><ele>1.961</ele><time>2018-09-07T08:58:19Z</time></trkpt><trkpt lat="21.016813" lon="105.852079"><ele>2.096</ele><time>2018-09-07T08:58:25Z</time></trkpt><trkpt lat="21.016799" lon="105.852032"><ele>1.682</ele><time>2018-09-07T08:58:31Z</time></trkpt><trkpt lat="21.016794" lon="105.851972"><ele>0.638</ele><time>2018-09-07T08:58:43Z</time></trkpt><trkpt lat="21.016785" lon="105.851918"><ele>-1.667</ele><time>2018-09-07T08:58:51Z</time></trkpt><trkpt lat="21.016781" lon="105.851862"><ele>-4.560</ele><time>2018-09-07T08:58:57Z</time></trkpt><trkpt lat="21.016779" lon="105.851812"><ele>-6.785</ele><time>2018-09-07T08:59:02Z</time></trkpt><trkpt lat="21.016764" lon="105.851761"><ele>-8.889</ele><time>2018-09-07T08:59:08Z</time></trkpt><trkpt lat="21.016771" lon="105.851705"><ele>-11.317</ele><time>2018-09-07T08:59:15Z</time></trkpt><trkpt lat="21.016803" lon="105.851667"><ele>-12.808</ele><time>2018-09-07T08:59:19Z</time></trkpt><trkpt lat="21.016880" lon="105.851618"><ele>-13.360</ele><time>2018-09-07T08:59:25Z</time></trkpt><trkpt lat="21.016954" lon="105.851597"><ele>-14.086</ele><time>2018-09-07T08:59:31Z</time></trkpt><trkpt lat="21.017015" lon="105.851581"><ele>-14.871</ele><time>2018-09-07T08:59:37Z</time></trkpt><trkpt lat="21.017074" lon="105.851566"><ele>-15.716</ele><time>2018-09-07T08:59:43Z</time></trkpt><trkpt lat="21.017120" lon="105.851547"><ele>-16.242</ele><time>2018-09-07T09:00:14Z</time></trkpt><trkpt lat="21.017143" lon="105.851599"><ele>-17.078</ele><time>2018-09-07T09:00:47Z</time></trkpt><trkpt lat="21.017087" lon="105.851601"><ele>-17.717</ele><time>2018-09-07T09:00:57Z</time></trkpt><trkpt lat="21.017017" lon="105.851588"><ele>-18.260</ele><time>2018-09-07T09:01:00Z</time></trkpt><trkpt lat="21.016962" lon="105.851597"><ele>-18.595</ele><time>2018-09-07T09:01:05Z</time></trkpt><trkpt lat="21.016902" lon="105.851572"><ele>-18.349</ele><time>2018-09-07T09:01:11Z</time></trkpt><trkpt lat="21.016865" lon="105.851663"><ele>-18.623</ele><time>2018-09-07T09:01:13Z</time></trkpt><trkpt lat="21.016865" lon="105.851717"><ele>-18.808</ele><time>2018-09-07T09:01:14Z</time></trkpt><trkpt lat="21.016847" lon="105.851799"><ele>-19.811</ele><time>2018-09-07T09:01:16Z</time></trkpt><trkpt lat="21.016841" lon="105.851880"><ele>-20.327</ele><time>2018-09-07T09:01:17Z</time></trkpt><trkpt lat="21.016833" lon="105.851942"><ele>-21.022</ele><time>2018-09-07T09:01:18Z</time></trkpt><trkpt lat="21.016819" lon="105.851994"><ele>-21.377</ele><time>2018-09-07T09:01:19Z</time></trkpt><trkpt lat="21.016818" lon="105.852044"><ele>-21.623</ele><time>2018-09-07T09:01:21Z</time></trkpt><trkpt lat="21.016818" lon="105.852106"><ele>-21.819</ele><time>2018-09-07T09:01:23Z</time></trkpt><trkpt lat="21.016803" lon="105.852156"><ele>-21.158</ele><time>2018-09-07T09:01:25Z</time></trkpt><trkpt lat="21.016775" lon="105.852203"><ele>-20.861</ele><time>2018-09-07T09:01:27Z</time></trkpt><trkpt lat="21.016736" lon="105.852241"><ele>-20.569</ele><time>2018-09-07T09:01:29Z</time></trkpt><trkpt lat="21.016606" lon="105.852298"><ele>-19.804</ele><time>2018-09-07T09:01:30Z</time></trkpt><trkpt lat="21.016557" lon="105.852295"><ele>-20.024</ele><time>2018-09-07T09:01:31Z</time></trkpt><trkpt lat="21.016505" lon="105.852287"><ele>-20.008</ele><time>2018-09-07T09:01:32Z</time></trkpt><trkpt lat="21.016448" lon="105.852269"><ele>-20.028</ele><time>2018-09-07T09:01:33Z</time></trkpt><trkpt lat="21.016398" lon="105.852271"><ele>-20.084</ele><time>2018-09-07T09:01:34Z</time></trkpt><trkpt lat="21.016305" lon="105.852256"><ele>-20.059</ele><time>2018-09-07T09:01:36Z</time></trkpt><trkpt lat="21.016247" lon="105.852272"><ele>-20.074</ele><time>2018-09-07T09:01:38Z</time></trkpt><trkpt lat="21.016203" lon="105.852289"><ele>-20.010</ele><time>2018-09-07T09:01:41Z</time></trkpt><trkpt lat="21.016158" lon="105.852301"><ele>-20.046</ele><time>2018-09-07T09:01:43Z</time></trkpt><trkpt lat="21.016095" lon="105.852317"><ele>-19.535</ele><time>2018-09-07T09:01:45Z</time></trkpt><trkpt lat="21.016029" lon="105.852334"><ele>-19.338</ele><time>2018-09-07T09:01:47Z</time></trkpt><trkpt lat="21.015983" lon="105.852345"><ele>-19.348</ele><time>2018-09-07T09:01:49Z</time></trkpt><trkpt lat="21.015845" lon="105.852382"><ele>-19.161</ele><time>2018-09-07T09:01:51Z</time></trkpt><trkpt lat="21.015769" lon="105.852370"><ele>-19.017</ele><time>2018-09-07T09:01:53Z</time></trkpt><trkpt lat="21.015694" lon="105.852366"><ele>-19.508</ele><time>2018-09-07T09:01:54Z</time></trkpt><trkpt lat="21.015639" lon="105.852363"><ele>-19.696</ele><time>2018-09-07T09:01:55Z</time></trkpt><trkpt lat="21.015543" lon="105.852394"><ele>-19.872</ele><time>2018-09-07T09:01:57Z</time></trkpt><trkpt lat="21.015486" lon="105.852394"><ele>-19.837</ele><time>2018-09-07T09:01:59Z</time></trkpt><trkpt lat="21.015430" lon="105.852405"><ele>-19.872</ele><time>2018-09-07T09:02:01Z</time></trkpt><trkpt lat="21.015386" lon="105.852425"><ele>-20.698</ele><time>2018-09-07T09:02:03Z</time></trkpt><trkpt lat="21.015342" lon="105.852467"><ele>-21.114</ele><time>2018-09-07T09:02:05Z</time></trkpt><trkpt lat="21.015299" lon="105.852511"><ele>-21.593</ele><time>2018-09-07T09:02:07Z</time></trkpt><trkpt lat="21.015255" lon="105.852581"><ele>-21.646</ele><time>2018-09-07T09:02:08Z</time></trkpt><trkpt lat="21.015233" lon="105.852652"><ele>-21.813</ele><time>2018-09-07T09:02:10Z</time></trkpt><trkpt lat="21.015214" lon="105.852699"><ele>-21.843</ele><time>2018-09-07T09:02:11Z</time></trkpt><trkpt lat="21.015205" lon="105.852748"><ele>-21.507</ele><time>2018-09-07T09:02:12Z</time></trkpt><trkpt lat="21.015222" lon="105.852809"><ele>-21.308</ele><time>2018-09-07T09:02:15Z</time></trkpt><trkpt lat="21.015228" lon="105.852863"><ele>-21.183</ele><time>2018-09-07T09:02:18Z</time></trkpt><trkpt lat="21.015234" lon="105.852928"><ele>-21.079</ele><time>2018-09-07T09:02:21Z</time></trkpt><trkpt lat="21.015242" lon="105.852979"><ele>-21.064</ele><time>2018-09-07T09:02:23Z</time></trkpt><trkpt lat="21.015255" lon="105.853123"><ele>-21.049</ele><time>2018-09-07T09:02:25Z</time></trkpt><trkpt lat="21.015265" lon="105.853177"><ele>-21.025</ele><time>2018-09-07T09:02:26Z</time></trkpt><trkpt lat="21.015271" lon="105.853237"><ele>-21.061</ele><time>2018-09-07T09:02:27Z</time></trkpt><trkpt lat="21.015290" lon="105.853341"><ele>-21.570</ele><time>2018-09-07T09:02:29Z</time></trkpt><trkpt lat="21.015297" lon="105.853389"><ele>-21.633</ele><time>2018-09-07T09:02:30Z</time></trkpt><trkpt lat="21.015302" lon="105.853437"><ele>-21.316</ele><time>2018-09-07T09:02:31Z</time></trkpt><trkpt lat="21.015321" lon="105.853525"><ele>-21.176</ele><time>2018-09-07T09:02:33Z</time></trkpt><trkpt lat="21.015325" lon="105.853577"><ele>-20.613</ele><time>2018-09-07T09:02:35Z</time></trkpt><trkpt lat="21.015326" lon="105.853641"><ele>-20.308</ele><time>2018-09-07T09:02:37Z</time></trkpt><trkpt lat="21.015327" lon="105.853737"><ele>-20.593</ele><time>2018-09-07T09:02:38Z</time></trkpt><trkpt lat="21.015333" lon="105.853829"><ele>-20.349</ele><time>2018-09-07T09:02:40Z</time></trkpt><trkpt lat="21.015348" lon="105.853889"><ele>-20.044</ele><time>2018-09-07T09:02:42Z</time></trkpt><trkpt lat="21.015358" lon="105.853951"><ele>-20.019</ele><time>2018-09-07T09:02:44Z</time></trkpt><trkpt lat="21.015370" lon="105.854012"><ele>-19.865</ele><time>2018-09-07T09:02:46Z</time></trkpt><trkpt lat="21.015389" lon="105.854070"><ele>-20.341</ele><time>2018-09-07T09:02:48Z</time></trkpt><trkpt lat="21.015422" lon="105.854125"><ele>-20.580</ele><time>2018-09-07T09:02:50Z</time></trkpt><trkpt lat="21.015472" lon="105.854152"><ele>-20.533</ele><time>2018-09-07T09:02:52Z</time></trkpt><trkpt lat="21.015537" lon="105.854172"><ele>-20.332</ele><time>2018-09-07T09:02:54Z</time></trkpt><trkpt lat="21.015599" lon="105.854179"><ele>-20.092</ele><time>2018-09-07T09:02:56Z</time></trkpt><trkpt lat="21.015651" lon="105.854178"><ele>-20.311</ele><time>2018-09-07T09:02:58Z</time></trkpt><trkpt lat="21.015705" lon="105.854177"><ele>-20.508</ele><time>2018-09-07T09:03:00Z</time></trkpt><trkpt lat="21.015860" lon="105.854164"><ele>-20.655</ele><time>2018-09-07T09:03:02Z</time></trkpt><trkpt lat="21.015907" lon="105.854142"><ele>-20.851</ele><time>2018-09-07T09:03:03Z</time></trkpt><trkpt lat="21.015947" lon="105.854117"><ele>-20.836</ele><time>2018-09-07T09:03:04Z</time></trkpt><trkpt lat="21.016027" lon="105.854101"><ele>-20.831</ele><time>2018-09-07T09:03:06Z</time></trkpt><trkpt lat="21.016079" lon="105.854094"><ele>-20.877</ele><time>2018-09-07T09:03:07Z</time></trkpt><trkpt lat="21.016163" lon="105.854060"><ele>-20.813</ele><time>2018-09-07T09:03:09Z</time></trkpt><trkpt lat="21.016211" lon="105.854060"><ele>-20.342</ele><time>2018-09-07T09:03:11Z</time></trkpt><trkpt lat="21.016271" lon="105.854062"><ele>-20.145</ele><time>2018-09-07T09:03:13Z</time></trkpt><trkpt lat="21.016330" lon="105.854061"><ele>-20.047</ele><time>2018-09-07T09:03:15Z</time></trkpt><trkpt lat="21.016400" lon="105.854053"><ele>-20.029</ele><time>2018-09-07T09:03:17Z</time></trkpt><trkpt lat="21.016471" lon="105.854044"><ele>-20.321</ele><time>2018-09-07T09:03:19Z</time></trkpt><trkpt lat="21.016546" lon="105.854039"><ele>-20.508</ele><time>2018-09-07T09:03:21Z</time></trkpt><trkpt lat="21.016613" lon="105.854049"><ele>-20.136</ele><time>2018-09-07T09:03:23Z</time></trkpt><trkpt lat="21.016666" lon="105.854063"><ele>-20.052</ele><time>2018-09-07T09:03:25Z</time></trkpt><trkpt lat="21.016716" lon="105.854099"><ele>-20.357</ele><time>2018-09-07T09:03:28Z</time></trkpt><trkpt lat="21.016743" lon="105.854151"><ele>-20.532</ele><time>2018-09-07T09:03:30Z</time></trkpt><trkpt lat="21.016771" lon="105.854222"><ele>-20.528</ele><time>2018-09-07T09:03:32Z</time></trkpt><trkpt lat="21.016797" lon="105.854283"><ele>-21.094</ele><time>2018-09-07T09:03:34Z</time></trkpt><trkpt lat="21.016839" lon="105.854462"><ele>-21.873</ele><time>2018-09-07T09:03:36Z</time></trkpt><trkpt lat="21.016847" lon="105.854516"><ele>-22.156</ele><time>2018-09-07T09:03:37Z</time></trkpt><trkpt lat="21.016856" lon="105.854569"><ele>-22.395</ele><time>2018-09-07T09:03:38Z</time></trkpt><trkpt lat="21.016874" lon="105.854627"><ele>-22.549</ele><time>2018-09-07T09:03:39Z</time></trkpt><trkpt lat="21.016897" lon="105.854698"><ele>-22.523</ele><time>2018-09-07T09:03:40Z</time></trkpt><trkpt lat="21.016912" lon="105.854760"><ele>-22.608</ele><time>2018-09-07T09:03:41Z</time></trkpt><trkpt lat="21.016909" lon="105.854828"><ele>-22.611</ele><time>2018-09-07T09:03:42Z</time></trkpt><trkpt lat="21.016910" lon="105.854896"><ele>-22.617</ele><time>2018-09-07T09:03:43Z</time></trkpt><trkpt lat="21.016914" lon="105.854962"><ele>-22.622</ele><time>2018-09-07T09:03:44Z</time></trkpt><trkpt lat="21.016913" lon="105.855055"><ele>-22.627</ele><time>2018-09-07T09:03:46Z</time></trkpt><trkpt lat="21.016914" lon="105.855111"><ele>-22.643</ele><time>2018-09-07T09:03:48Z</time></trkpt><trkpt lat="21.016927" lon="105.855173"><ele>-22.639</ele><time>2018-09-07T09:03:50Z</time></trkpt><trkpt lat="21.016947" lon="105.855237"><ele>-22.328</ele><time>2018-09-07T09:03:52Z</time></trkpt><trkpt lat="21.016970" lon="105.855312"><ele>-22.081</ele><time>2018-09-07T09:03:54Z</time></trkpt><trkpt lat="21.016992" lon="105.855366"><ele>-21.566</ele><time>2018-09-07T09:03:56Z</time></trkpt><trkpt lat="21.017023" lon="105.855406"><ele>-21.329</ele><time>2018-09-07T09:03:58Z</time></trkpt><trkpt lat="21.017066" lon="105.855425"><ele>-20.621</ele><time>2018-09-07T09:04:00Z</time></trkpt><trkpt lat="21.017182" lon="105.855402"><ele>-20.308</ele><time>2018-09-07T09:04:02Z</time></trkpt><trkpt lat="21.017228" lon="105.855371"><ele>-20.098</ele><time>2018-09-07T09:04:03Z</time></trkpt><trkpt lat="21.017265" lon="105.855342"><ele>-20.014</ele><time>2018-09-07T09:04:04Z</time></trkpt><trkpt lat="21.017332" lon="105.855308"><ele>-20.379</ele><time>2018-09-07T09:04:07Z</time></trkpt><trkpt lat="21.017401" lon="105.855283"><ele>-20.514</ele><time>2018-09-07T09:04:09Z</time></trkpt><trkpt lat="21.017498" lon="105.855246"><ele>-20.560</ele><time>2018-09-07T09:04:10Z</time></trkpt><trkpt lat="21.017544" lon="105.855232"><ele>-20.696</ele><time>2018-09-07T09:04:11Z</time></trkpt><trkpt lat="21.017590" lon="105.855211"><ele>-20.665</ele><time>2018-09-07T09:04:12Z</time></trkpt><trkpt lat="21.017630" lon="105.855184"><ele>-21.048</ele><time>2018-09-07T09:04:14Z</time></trkpt><trkpt lat="21.017682" lon="105.855160"><ele>-21.847</ele><time>2018-09-07T09:04:16Z</time></trkpt><trkpt lat="21.017734" lon="105.855137"><ele>-22.129</ele><time>2018-09-07T09:04:18Z</time></trkpt><trkpt lat="21.017786" lon="105.855106"><ele>-23.121</ele><time>2018-09-07T09:04:21Z</time></trkpt><trkpt lat="21.017833" lon="105.855077"><ele>-23.808</ele><time>2018-09-07T09:04:24Z</time></trkpt><trkpt lat="21.017888" lon="105.855057"><ele>-24.116</ele><time>2018-09-07T09:04:51Z</time></trkpt><trkpt lat="21.017944" lon="105.855037"><ele>-24.312</ele><time>2018-09-07T09:04:55Z</time></trkpt><trkpt lat="21.018007" lon="105.855014"><ele>-24.077</ele><time>2018-09-07T09:04:58Z</time></trkpt><trkpt lat="21.018072" lon="105.855021"><ele>-23.582</ele><time>2018-09-07T09:05:01Z</time></trkpt><trkpt lat="21.018109" lon="105.855068"><ele>-23.198</ele><time>2018-09-07T09:05:04Z</time></trkpt><trkpt lat="21.018130" lon="105.855129"><ele>-23.314</ele><time>2018-09-07T09:05:07Z</time></trkpt><trkpt lat="21.018137" lon="105.855180"><ele>-23.813</ele><time>2018-09-07T09:05:09Z</time></trkpt><trkpt lat="21.018143" lon="105.855253"><ele>-24.136</ele><time>2018-09-07T09:05:12Z</time></trkpt><trkpt lat="21.018154" lon="105.855311"><ele>-24.859</ele><time>2018-09-07T09:05:14Z</time></trkpt><trkpt lat="21.018168" lon="105.855365"><ele>-25.103</ele><time>2018-09-07T09:05:16Z</time></trkpt><trkpt lat="21.018191" lon="105.855429"><ele>-25.723</ele><time>2018-09-07T09:05:18Z</time></trkpt><trkpt lat="21.018202" lon="105.855498"><ele>-26.108</ele><time>2018-09-07T09:05:20Z</time></trkpt><trkpt lat="21.018209" lon="105.855557"><ele>-26.767</ele><time>2018-09-07T09:05:22Z</time></trkpt><trkpt lat="21.018212" lon="105.855628"><ele>-27.533</ele><time>2018-09-07T09:05:24Z</time></trkpt><trkpt lat="21.018211" lon="105.855688"><ele>-28.488</ele><time>2018-09-07T09:05:26Z</time></trkpt><trkpt lat="21.018206" lon="105.855738"><ele>-28.913</ele><time>2018-09-07T09:05:28Z</time></trkpt><trkpt lat="21.018202" lon="105.855787"><ele>-29.619</ele><time>2018-09-07T09:05:30Z</time></trkpt><trkpt lat="21.018197" lon="105.855850"><ele>-30.045</ele><time>2018-09-07T09:05:33Z</time></trkpt><trkpt lat="21.018196" lon="105.855920"><ele>-30.724</ele><time>2018-09-07T09:05:37Z</time></trkpt><trkpt lat="21.018196" lon="105.855991"><ele>-31.937</ele><time>2018-09-07T09:05:39Z</time></trkpt><trkpt lat="21.018194" lon="105.856084"><ele>-33.472</ele><time>2018-09-07T09:05:41Z</time></trkpt><trkpt lat="21.018172" lon="105.856265"><ele>-35.113</ele><time>2018-09-07T09:05:42Z</time></trkpt><trkpt lat="21.018177" lon="105.856330"><ele>-36.114</ele><time>2018-09-07T09:05:43Z</time></trkpt><trkpt lat="21.018193" lon="105.856404"><ele>-37.108</ele><time>2018-09-07T09:05:44Z</time></trkpt><trkpt lat="21.018211" lon="105.856488"><ele>-38.129</ele><time>2018-09-07T09:05:45Z</time></trkpt><trkpt lat="21.018214" lon="105.856570"><ele>-39.165</ele><time>2018-09-07T09:05:46Z</time></trkpt><trkpt lat="21.018229" lon="105.856654"><ele>-39.740</ele><time>2018-09-07T09:05:47Z</time></trkpt><trkpt lat="21.018251" lon="105.856736"><ele>-40.185</ele><time>2018-09-07T09:05:48Z</time></trkpt><trkpt lat="21.018279" lon="105.856807"><ele>-40.461</ele><time>2018-09-07T09:05:49Z</time></trkpt><trkpt lat="21.018292" lon="105.856866"><ele>-40.567</ele><time>2018-09-07T09:05:50Z</time></trkpt><trkpt lat="21.018309" lon="105.856932"><ele>-40.536</ele><time>2018-09-07T09:05:51Z</time></trkpt><trkpt lat="21.018332" lon="105.856998"><ele>-40.529</ele><time>2018-09-07T09:05:52Z</time></trkpt><trkpt lat="21.018341" lon="105.857049"><ele>-40.514</ele><time>2018-09-07T09:05:53Z</time></trkpt><trkpt lat="21.018348" lon="105.857103"><ele>-40.554</ele><time>2018-09-07T09:05:54Z</time></trkpt><trkpt lat="21.018350" lon="105.857153"><ele>-40.509</ele><time>2018-09-07T09:05:55Z</time></trkpt><trkpt lat="21.018354" lon="105.857207"><ele>-41.008</ele><time>2018-09-07T09:05:56Z</time></trkpt><trkpt lat="21.018373" lon="105.857267"><ele>-41.593</ele><time>2018-09-07T09:05:57Z</time></trkpt><trkpt lat="21.018396" lon="105.857325"><ele>-42.099</ele><time>2018-09-07T09:05:58Z</time></trkpt><trkpt lat="21.018414" lon="105.857400"><ele>-42.534</ele><time>2018-09-07T09:05:59Z</time></trkpt><trkpt lat="21.018433" lon="105.857480"><ele>-43.069</ele><time>2018-09-07T09:06:00Z</time></trkpt><trkpt lat="21.018452" lon="105.857550"><ele>-43.195</ele><time>2018-09-07T09:06:01Z</time></trkpt><trkpt lat="21.018465" lon="105.857605"><ele>-43.221</ele><time>2018-09-07T09:06:02Z</time></trkpt><trkpt lat="21.018461" lon="105.857674"><ele>-43.460</ele><time>2018-09-07T09:06:03Z</time></trkpt><trkpt lat="21.018464" lon="105.857745"><ele>-43.483</ele><time>2018-09-07T09:06:04Z</time></trkpt><trkpt lat="21.018474" lon="105.857817"><ele>-43.755</ele><time>2018-09-07T09:06:05Z</time></trkpt><trkpt lat="21.018475" lon="105.857886"><ele>-44.507</ele><time>2018-09-07T09:06:06Z</time></trkpt><trkpt lat="21.018478" lon="105.857955"><ele>-44.917</ele><time>2018-09-07T09:06:09Z</time></trkpt><trkpt lat="21.018512" lon="105.858032"><ele>-45.008</ele><time>2018-09-07T09:06:11Z</time></trkpt><trkpt lat="21.018545" lon="105.858087"><ele>-45.117</ele><time>2018-09-07T09:06:13Z</time></trkpt><trkpt lat="21.018581" lon="105.858140"><ele>-45.253</ele><time>2018-09-07T09:06:15Z</time></trkpt><trkpt lat="21.018619" lon="105.858183"><ele>-45.068</ele><time>2018-09-07T09:06:17Z</time></trkpt><trkpt lat="21.018685" lon="105.858241"><ele>-44.473</ele><time>2018-09-07T09:06:33Z</time></trkpt><trkpt lat="21.018715" lon="105.858288"><ele>-43.599</ele><time>2018-09-07T09:06:36Z</time></trkpt><trkpt lat="21.018750" lon="105.858336"><ele>-43.035</ele><time>2018-09-07T09:06:39Z</time></trkpt><trkpt lat="21.018790" lon="105.858384"><ele>-42.494</ele><time>2018-09-07T09:06:43Z</time></trkpt><trkpt lat="21.018826" lon="105.858426"><ele>-42.047</ele><time>2018-09-07T09:06:45Z</time></trkpt><trkpt lat="21.018914" lon="105.858484"><ele>-41.712</ele><time>2018-09-07T09:06:46Z</time></trkpt><trkpt lat="21.018980" lon="105.858508"><ele>-41.232</ele><time>2018-09-07T09:06:47Z</time></trkpt><trkpt lat="21.019038" lon="105.858572"><ele>-40.105</ele><time>2018-09-07T09:06:48Z</time></trkpt><trkpt lat="21.019098" lon="105.858587"><ele>-39.508</ele><time>2018-09-07T09:06:49Z</time></trkpt><trkpt lat="21.019159" lon="105.858574"><ele>-38.673</ele><time>2018-09-07T09:06:50Z</time></trkpt><trkpt lat="21.019222" lon="105.858553"><ele>-38.579</ele><time>2018-09-07T09:06:51Z</time></trkpt><trkpt lat="21.019284" lon="105.858526"><ele>-38.574</ele><time>2018-09-07T09:06:52Z</time></trkpt><trkpt lat="21.019333" lon="105.858503"><ele>-38.519</ele><time>2018-09-07T09:06:53Z</time></trkpt><trkpt lat="21.019388" lon="105.858476"><ele>-38.575</ele><time>2018-09-07T09:06:54Z</time></trkpt><trkpt lat="21.019445" lon="105.858450"><ele>-38.521</ele><time>2018-09-07T09:06:55Z</time></trkpt><trkpt lat="21.019515" lon="105.858430"><ele>-38.560</ele><time>2018-09-07T09:06:56Z</time></trkpt><trkpt lat="21.019585" lon="105.858419"><ele>-38.573</ele><time>2018-09-07T09:06:57Z</time></trkpt><trkpt lat="21.019658" lon="105.858400"><ele>-38.593</ele><time>2018-09-07T09:06:58Z</time></trkpt><trkpt lat="21.019717" lon="105.858378"><ele>-38.565</ele><time>2018-09-07T09:06:59Z</time></trkpt><trkpt lat="21.019780" lon="105.858350"><ele>-38.521</ele><time>2018-09-07T09:07:00Z</time></trkpt><trkpt lat="21.019849" lon="105.858322"><ele>-38.908</ele><time>2018-09-07T09:07:01Z</time></trkpt><trkpt lat="21.019923" lon="105.858300"><ele>-39.021</ele><time>2018-09-07T09:07:02Z</time></trkpt><trkpt lat="21.019993" lon="105.858285"><ele>-39.187</ele><time>2018-09-07T09:07:03Z</time></trkpt><trkpt lat="21.020061" lon="105.858268"><ele>-39.612</ele><time>2018-09-07T09:07:04Z</time></trkpt><trkpt lat="21.020131" lon="105.858248"><ele>-40.097</ele><time>2018-09-07T09:07:05Z</time></trkpt><trkpt lat="21.020193" lon="105.858230"><ele>-40.153</ele><time>2018-09-07T09:07:06Z</time></trkpt><trkpt lat="21.020277" lon="105.858204"><ele>-40.249</ele><time>2018-09-07T09:07:07Z</time></trkpt><trkpt lat="21.020334" lon="105.858185"><ele>-40.438</ele><time>2018-09-07T09:07:08Z</time></trkpt><trkpt lat="21.020379" lon="105.858153"><ele>-40.491</ele><time>2018-09-07T09:07:09Z</time></trkpt><trkpt lat="21.020436" lon="105.858140"><ele>-40.436</ele><time>2018-09-07T09:07:10Z</time></trkpt><trkpt lat="21.020490" lon="105.858130"><ele>-40.417</ele><time>2018-09-07T09:07:11Z</time></trkpt><trkpt lat="21.020539" lon="105.858113"><ele>-40.418</ele><time>2018-09-07T09:07:12Z</time></trkpt><trkpt lat="21.020595" lon="105.858099"><ele>-40.408</ele><time>2018-09-07T09:07:13Z</time></trkpt><trkpt lat="21.020652" lon="105.858086"><ele>-40.415</ele><time>2018-09-07T09:07:14Z</time></trkpt><trkpt lat="21.020718" lon="105.858073"><ele>-40.431</ele><time>2018-09-07T09:07:15Z</time></trkpt><trkpt lat="21.020790" lon="105.858056"><ele>-40.726</ele><time>2018-09-07T09:07:16Z</time></trkpt><trkpt lat="21.020860" lon="105.858040"><ele>-41.071</ele><time>2018-09-07T09:07:17Z</time></trkpt><trkpt lat="21.020925" lon="105.858021"><ele>-41.077</ele><time>2018-09-07T09:07:18Z</time></trkpt><trkpt lat="21.020998" lon="105.858003"><ele>-41.123</ele><time>2018-09-07T09:07:19Z</time></trkpt><trkpt lat="21.021084" lon="105.857983"><ele>-41.232</ele><time>2018-09-07T09:07:20Z</time></trkpt><trkpt lat="21.021158" lon="105.857957"><ele>-41.655</ele><time>2018-09-07T09:07:21Z</time></trkpt><trkpt lat="21.021244" lon="105.857924"><ele>-42.093</ele><time>2018-09-07T09:07:22Z</time></trkpt><trkpt lat="21.021303" lon="105.857902"><ele>-42.165</ele><time>2018-09-07T09:07:23Z</time></trkpt><trkpt lat="21.021349" lon="105.857877"><ele>-42.221</ele><time>2018-09-07T09:07:24Z</time></trkpt><trkpt lat="21.021418" lon="105.857844"><ele>-42.408</ele><time>2018-09-07T09:07:26Z</time></trkpt><trkpt lat="21.021485" lon="105.857809"><ele>-42.761</ele><time>2018-09-07T09:07:27Z</time></trkpt><trkpt lat="21.021547" lon="105.857788"><ele>-43.047</ele><time>2018-09-07T09:07:28Z</time></trkpt><trkpt lat="21.021610" lon="105.857781"><ele>-43.242</ele><time>2018-09-07T09:07:29Z</time></trkpt><trkpt lat="21.021656" lon="105.857771"><ele>-43.467</ele><time>2018-09-07T09:07:30Z</time></trkpt><trkpt lat="21.021707" lon="105.857759"><ele>-43.553</ele><time>2018-09-07T09:07:31Z</time></trkpt><trkpt lat="21.021796" lon="105.857737"><ele>-43.539</ele><time>2018-09-07T09:07:33Z</time></trkpt><trkpt lat="21.021840" lon="105.857723"><ele>-43.598</ele><time>2018-09-07T09:07:34Z</time></trkpt><trkpt lat="21.021896" lon="105.857695"><ele>-43.591</ele><time>2018-09-07T09:07:36Z</time></trkpt><trkpt lat="21.021942" lon="105.857680"><ele>-43.993</ele><time>2018-09-07T09:07:38Z</time></trkpt><trkpt lat="21.021992" lon="105.857673"><ele>-43.665</ele><time>2018-09-07T09:07:40Z</time></trkpt><trkpt lat="21.022062" lon="105.857665"><ele>-43.521</ele><time>2018-09-07T09:07:43Z</time></trkpt><trkpt lat="21.022110" lon="105.857657"><ele>-43.508</ele><time>2018-09-07T09:07:45Z</time></trkpt><trkpt lat="21.022171" lon="105.857642"><ele>-43.021</ele><time>2018-09-07T09:07:47Z</time></trkpt><trkpt lat="21.022217" lon="105.857631"><ele>-42.767</ele><time>2018-09-07T09:07:49Z</time></trkpt><trkpt lat="21.022269" lon="105.857627"><ele>-42.522</ele><time>2018-09-07T09:07:53Z</time></trkpt><trkpt lat="21.022318" lon="105.857626"><ele>-42.537</ele><time>2018-09-07T09:08:03Z</time></trkpt><trkpt lat="21.022373" lon="105.857610"><ele>-42.443</ele><time>2018-09-07T09:08:06Z</time></trkpt><trkpt lat="21.022433" lon="105.857592"><ele>-42.419</ele><time>2018-09-07T09:08:08Z</time></trkpt><trkpt lat="21.022497" lon="105.857567"><ele>-42.458</ele><time>2018-09-07T09:08:10Z</time></trkpt><trkpt lat="21.022604" lon="105.857513"><ele>-42.471</ele><time>2018-09-07T09:08:11Z</time></trkpt><trkpt lat="21.022647" lon="105.857481"><ele>-42.053</ele><time>2018-09-07T09:08:12Z</time></trkpt><trkpt lat="21.022698" lon="105.857450"><ele>-41.704</ele><time>2018-09-07T09:08:15Z</time></trkpt><trkpt lat="21.022818" lon="105.857401"><ele>-41.614</ele><time>2018-09-07T09:08:17Z</time></trkpt><trkpt lat="21.022886" lon="105.857389"><ele>-41.508</ele><time>2018-09-07T09:08:18Z</time></trkpt><trkpt lat="21.022938" lon="105.857378"><ele>-41.537</ele><time>2018-09-07T09:08:19Z</time></trkpt><trkpt lat="21.022986" lon="105.857354"><ele>-41.053</ele><time>2018-09-07T09:08:20Z</time></trkpt><trkpt lat="21.023038" lon="105.857339"><ele>-41.198</ele><time>2018-09-07T09:08:21Z</time></trkpt><trkpt lat="21.023088" lon="105.857328"><ele>-41.233</ele><time>2018-09-07T09:08:22Z</time></trkpt><trkpt lat="21.023154" lon="105.857330"><ele>-41.069</ele><time>2018-09-07T09:08:23Z</time></trkpt><trkpt lat="21.023199" lon="105.857320"><ele>-41.115</ele><time>2018-09-07T09:08:24Z</time></trkpt><trkpt lat="21.023253" lon="105.857294"><ele>-41.284</ele><time>2018-09-07T09:08:25Z</time></trkpt><trkpt lat="21.023297" lon="105.857272"><ele>-41.437</ele><time>2018-09-07T09:08:26Z</time></trkpt><trkpt lat="21.023344" lon="105.857265"><ele>-41.439</ele><time>2018-09-07T09:08:27Z</time></trkpt><trkpt lat="21.023397" lon="105.857261"><ele>-41.401</ele><time>2018-09-07T09:08:28Z</time></trkpt><trkpt lat="21.023449" lon="105.857255"><ele>-41.421</ele><time>2018-09-07T09:08:29Z</time></trkpt><trkpt lat="21.023505" lon="105.857255"><ele>-41.008</ele><time>2018-09-07T09:08:30Z</time></trkpt><trkpt lat="21.023561" lon="105.857258"><ele>-40.745</ele><time>2018-09-07T09:08:31Z</time></trkpt><trkpt lat="21.023616" lon="105.857263"><ele>-40.631</ele><time>2018-09-07T09:08:32Z</time></trkpt><trkpt lat="21.023666" lon="105.857267"><ele>-41.066</ele><time>2018-09-07T09:08:33Z</time></trkpt><trkpt lat="21.023714" lon="105.857268"><ele>-41.111</ele><time>2018-09-07T09:08:34Z</time></trkpt><trkpt lat="21.023760" lon="105.857269"><ele>-41.287</ele><time>2018-09-07T09:08:35Z</time></trkpt><trkpt lat="21.023806" lon="105.857275"><ele>-41.463</ele><time>2018-09-07T09:08:37Z</time></trkpt><trkpt lat="21.023865" lon="105.857282"><ele>-41.052</ele><time>2018-09-07T09:08:39Z</time></trkpt><trkpt lat="21.023931" lon="105.857291"><ele>-40.755</ele><time>2018-09-07T09:08:41Z</time></trkpt><trkpt lat="21.023995" lon="105.857296"><ele>-40.248</ele><time>2018-09-07T09:08:43Z</time></trkpt><trkpt lat="21.024052" lon="105.857298"><ele>-40.061</ele><time>2018-09-07T09:08:45Z</time></trkpt><trkpt lat="21.024103" lon="105.857294"><ele>-39.717</ele><time>2018-09-07T09:08:47Z</time></trkpt><trkpt lat="21.024168" lon="105.857282"><ele>-40.508</ele><time>2018-09-07T09:08:49Z</time></trkpt><trkpt lat="21.024225" lon="105.857272"><ele>-40.926</ele><time>2018-09-07T09:08:51Z</time></trkpt><trkpt lat="21.024273" lon="105.857259"><ele>-41.032</ele><time>2018-09-07T09:08:53Z</time></trkpt><trkpt lat="21.024318" lon="105.857236"><ele>-41.137</ele><time>2018-09-07T09:08:55Z</time></trkpt><trkpt lat="21.024360" lon="105.857204"><ele>-41.242</ele><time>2018-09-07T09:08:57Z</time></trkpt><trkpt lat="21.024380" lon="105.857144"><ele>-41.018</ele><time>2018-09-07T09:09:00Z</time></trkpt><trkpt lat="21.024348" lon="105.857091"><ele>-40.494</ele><time>2018-09-07T09:09:03Z</time></trkpt><trkpt lat="21.024310" lon="105.857056"><ele>-40.063</ele><time>2018-09-07T09:09:06Z</time></trkpt><trkpt lat="21.024256" lon="105.857004"><ele>-39.446</ele><time>2018-09-07T09:09:13Z</time></trkpt><trkpt lat="21.024205" lon="105.856982"><ele>-38.172</ele><time>2018-09-07T09:09:19Z</time></trkpt><trkpt lat="21.024177" lon="105.856939"><ele>-35.413</ele><time>2018-09-07T09:10:10Z</time></trkpt><trkpt lat="21.024179" lon="105.856889"><ele>-31.814</ele><time>2018-09-07T09:11:21Z</time></trkpt><trkpt lat="21.024134" lon="105.856838"><ele>-29.208</ele><time>2018-09-07T09:11:35Z</time></trkpt><trkpt lat="21.024084" lon="105.856798"><ele>-26.549</ele><time>2018-09-07T09:12:08Z</time></trkpt><trkpt lat="21.024112" lon="105.856736"><ele>-25.315</ele><time>2018-09-07T09:12:18Z</time></trkpt><trkpt lat="21.024136" lon="105.856778"><ele>-23.010</ele><time>2018-09-07T09:12:58Z</time></trkpt><trkpt lat="21.024163" lon="105.856836"><ele>-20.855</ele><time>2018-09-07T09:13:04Z</time></trkpt><trkpt lat="21.024203" lon="105.856870"><ele>-17.161</ele><time>2018-09-07T09:14:04Z</time></trkpt><trkpt lat="21.024243" lon="105.856908"><ele>-15.317</ele><time>2018-09-07T09:14:07Z</time></trkpt><trkpt lat="21.024259" lon="105.856968"><ele>-14.286</ele><time>2018-09-07T09:14:09Z</time></trkpt><trkpt lat="21.024276" lon="105.857031"><ele>-13.549</ele><time>2018-09-07T09:14:11Z</time></trkpt><trkpt lat="21.024294" lon="105.857080"><ele>-13.175</ele><time>2018-09-07T09:14:13Z</time></trkpt><trkpt lat="21.024318" lon="105.857126"><ele>-12.928</ele><time>2018-09-07T09:14:15Z</time></trkpt><trkpt lat="21.024355" lon="105.857165"><ele>-12.820</ele><time>2018-09-07T09:14:17Z</time></trkpt><trkpt lat="21.024414" lon="105.857206"><ele>-12.808</ele><time>2018-09-07T09:14:19Z</time></trkpt><trkpt lat="21.024534" lon="105.857272"><ele>-12.789</ele><time>2018-09-07T09:14:21Z</time></trkpt><trkpt lat="21.024588" lon="105.857314"><ele>-12.795</ele><time>2018-09-07T09:14:22Z</time></trkpt><trkpt lat="21.024632" lon="105.857337"><ele>-12.310</ele><time>2018-09-07T09:14:23Z</time></trkpt><trkpt lat="21.024674" lon="105.857370"><ele>-11.925</ele><time>2018-09-07T09:14:24Z</time></trkpt><trkpt lat="21.024716" lon="105.857407"><ele>-11.831</ele><time>2018-09-07T09:14:25Z</time></trkpt><trkpt lat="21.024755" lon="105.857441"><ele>-11.747</ele><time>2018-09-07T09:14:26Z</time></trkpt><trkpt lat="21.024792" lon="105.857473"><ele>-11.556</ele><time>2018-09-07T09:14:27Z</time></trkpt><trkpt lat="21.024831" lon="105.857501"><ele>-11.559</ele><time>2018-09-07T09:14:28Z</time></trkpt><trkpt lat="21.024899" lon="105.857542"><ele>-11.555</ele><time>2018-09-07T09:14:30Z</time></trkpt><trkpt lat="21.024967" lon="105.857594"><ele>-11.207</ele><time>2018-09-07T09:14:32Z</time></trkpt><trkpt lat="21.025034" lon="105.857661"><ele>-11.317</ele><time>2018-09-07T09:14:34Z</time></trkpt><trkpt lat="21.025075" lon="105.857690"><ele>-11.008</ele><time>2018-09-07T09:14:35Z</time></trkpt><trkpt lat="21.025113" lon="105.857719"><ele>-11.397</ele><time>2018-09-07T09:14:36Z</time></trkpt><trkpt lat="21.025170" lon="105.857753"><ele>-11.833</ele><time>2018-09-07T09:14:39Z</time></trkpt><trkpt lat="21.025218" lon="105.857822"><ele>-11.768</ele><time>2018-09-07T09:14:41Z</time></trkpt><trkpt lat="21.025267" lon="105.857891"><ele>-11.773</ele><time>2018-09-07T09:14:43Z</time></trkpt><trkpt lat="21.025324" lon="105.857940"><ele>-12.089</ele><time>2018-09-07T09:14:45Z</time></trkpt><trkpt lat="21.025390" lon="105.857967"><ele>-12.325</ele><time>2018-09-07T09:14:47Z</time></trkpt><trkpt lat="21.025449" lon="105.857975"><ele>-12.874</ele><time>2018-09-07T09:14:49Z</time></trkpt><trkpt lat="21.025551" lon="105.857968"><ele>-13.087</ele><time>2018-09-07T09:14:50Z</time></trkpt><trkpt lat="21.025604" lon="105.857943"><ele>-13.257</ele><time>2018-09-07T09:14:51Z</time></trkpt><trkpt lat="21.025680" lon="105.857923"><ele>-13.300</ele><time>2018-09-07T09:14:53Z</time></trkpt><trkpt lat="21.025762" lon="105.857907"><ele>-13.420</ele><time>2018-09-07T09:14:55Z</time></trkpt><trkpt lat="21.025814" lon="105.857894"><ele>-13.808</ele><time>2018-09-07T09:14:57Z</time></trkpt><trkpt lat="21.025883" lon="105.857881"><ele>-14.517</ele><time>2018-09-07T09:14:59Z</time></trkpt><trkpt lat="21.025936" lon="105.857874"><ele>-14.953</ele><time>2018-09-07T09:15:01Z</time></trkpt><trkpt lat="21.025989" lon="105.857864"><ele>-15.128</ele><time>2018-09-07T09:15:03Z</time></trkpt><trkpt lat="21.026050" lon="105.857855"><ele>-15.283</ele><time>2018-09-07T09:15:05Z</time></trkpt><trkpt lat="21.026107" lon="105.857849"><ele>-15.359</ele><time>2018-09-07T09:15:07Z</time></trkpt><trkpt lat="21.026170" lon="105.857836"><ele>-15.825</ele><time>2018-09-07T09:15:09Z</time></trkpt><trkpt lat="21.026289" lon="105.857796"><ele>-16.144</ele><time>2018-09-07T09:15:10Z</time></trkpt><trkpt lat="21.026338" lon="105.857751"><ele>-16.347</ele><time>2018-09-07T09:15:11Z</time></trkpt><trkpt lat="21.026386" lon="105.857729"><ele>-16.546</ele><time>2018-09-07T09:15:12Z</time></trkpt><trkpt lat="21.026435" lon="105.857701"><ele>-16.588</ele><time>2018-09-07T09:15:13Z</time></trkpt><trkpt lat="21.026481" lon="105.857680"><ele>-16.516</ele><time>2018-09-07T09:15:14Z</time></trkpt><trkpt lat="21.026527" lon="105.857661"><ele>-16.508</ele><time>2018-09-07T09:15:15Z</time></trkpt><trkpt lat="21.026586" lon="105.857648"><ele>-17.076</ele><time>2018-09-07T09:15:16Z</time></trkpt><trkpt lat="21.026651" lon="105.857652"><ele>-17.562</ele><time>2018-09-07T09:15:18Z</time></trkpt><trkpt lat="21.026700" lon="105.857644"><ele>-18.067</ele><time>2018-09-07T09:15:20Z</time></trkpt><trkpt lat="21.026782" lon="105.857618"><ele>-18.162</ele><time>2018-09-07T09:15:21Z</time></trkpt><trkpt lat="21.026846" lon="105.857595"><ele>-18.248</ele><time>2018-09-07T09:15:24Z</time></trkpt><trkpt lat="21.026941" lon="105.857535"><ele>-18.774</ele><time>2018-09-07T09:15:25Z</time></trkpt><trkpt lat="21.026997" lon="105.857510"><ele>-19.053</ele><time>2018-09-07T09:15:26Z</time></trkpt><trkpt lat="21.027043" lon="105.857469"><ele>-19.376</ele><time>2018-09-07T09:15:27Z</time></trkpt><trkpt lat="21.027083" lon="105.857447"><ele>-19.315</ele><time>2018-09-07T09:15:28Z</time></trkpt><trkpt lat="21.027136" lon="105.857419"><ele>-19.865</ele><time>2018-09-07T09:15:30Z</time></trkpt><trkpt lat="21.027191" lon="105.857390"><ele>-20.111</ele><time>2018-09-07T09:15:32Z</time></trkpt><trkpt lat="21.027288" lon="105.857361"><ele>-20.308</ele><time>2018-09-07T09:15:33Z</time></trkpt><trkpt lat="21.027345" lon="105.857328"><ele>-20.593</ele><time>2018-09-07T09:15:34Z</time></trkpt><trkpt lat="21.027431" lon="105.857288"><ele>-20.569</ele><time>2018-09-07T09:15:36Z</time></trkpt><trkpt lat="21.027473" lon="105.857255"><ele>-21.094</ele><time>2018-09-07T09:15:37Z</time></trkpt><trkpt lat="21.027514" lon="105.857222"><ele>-20.869</ele><time>2018-09-07T09:15:38Z</time></trkpt><trkpt lat="21.027560" lon="105.857200"><ele>-20.835</ele><time>2018-09-07T09:15:39Z</time></trkpt><trkpt lat="21.027616" lon="105.857195"><ele>-20.851</ele><time>2018-09-07T09:15:40Z</time></trkpt><trkpt lat="21.027669" lon="105.857193"><ele>-20.870</ele><time>2018-09-07T09:15:41Z</time></trkpt><trkpt lat="21.027723" lon="105.857175"><ele>-20.813</ele><time>2018-09-07T09:15:42Z</time></trkpt><trkpt lat="21.027772" lon="105.857154"><ele>-20.814</ele><time>2018-09-07T09:15:43Z</time></trkpt><trkpt lat="21.027826" lon="105.857136"><ele>-20.854</ele><time>2018-09-07T09:15:44Z</time></trkpt><trkpt lat="21.027873" lon="105.857119"><ele>-20.809</ele><time>2018-09-07T09:15:45Z</time></trkpt><trkpt lat="21.027919" lon="105.857104"><ele>-20.808</ele><time>2018-09-07T09:15:46Z</time></trkpt><trkpt lat="21.028030" lon="105.857083"><ele>-20.823</ele><time>2018-09-07T09:15:49Z</time></trkpt><trkpt lat="21.028082" lon="105.857069"><ele>-20.889</ele><time>2018-09-07T09:15:50Z</time></trkpt><trkpt lat="21.028164" lon="105.857049"><ele>-20.854</ele><time>2018-09-07T09:15:52Z</time></trkpt><trkpt lat="21.028212" lon="105.857030"><ele>-20.879</ele><time>2018-09-07T09:15:53Z</time></trkpt><trkpt lat="21.028258" lon="105.857002"><ele>-20.825</ele><time>2018-09-07T09:15:54Z</time></trkpt><trkpt lat="21.028307" lon="105.856962"><ele>-20.871</ele><time>2018-09-07T09:15:55Z</time></trkpt><trkpt lat="21.028355" lon="105.856936"><ele>-20.870</ele><time>2018-09-07T09:15:57Z</time></trkpt><trkpt lat="21.028464" lon="105.856891"><ele>-20.843</ele><time>2018-09-07T09:15:59Z</time></trkpt><trkpt lat="21.028516" lon="105.856871"><ele>-20.891</ele><time>2018-09-07T09:16:01Z</time></trkpt><trkpt lat="21.028555" lon="105.856841"><ele>-20.881</ele><time>2018-09-07T09:16:03Z</time></trkpt><trkpt lat="21.028592" lon="105.856802"><ele>-21.119</ele><time>2018-09-07T09:16:05Z</time></trkpt><trkpt lat="21.028636" lon="105.856770"><ele>-21.308</ele><time>2018-09-07T09:16:07Z</time></trkpt><trkpt lat="21.028751" lon="105.856689"><ele>-21.581</ele><time>2018-09-07T09:16:09Z</time></trkpt><trkpt lat="21.028809" lon="105.856672"><ele>-21.517</ele><time>2018-09-07T09:16:10Z</time></trkpt><trkpt lat="21.028857" lon="105.856647"><ele>-22.092</ele><time>2018-09-07T09:16:11Z</time></trkpt><trkpt lat="21.028926" lon="105.856640"><ele>-22.387</ele><time>2018-09-07T09:16:12Z</time></trkpt><trkpt lat="21.029012" lon="105.856666"><ele>-22.593</ele><time>2018-09-07T09:16:13Z</time></trkpt><trkpt lat="21.029102" lon="105.856682"><ele>-22.359</ele><time>2018-09-07T09:16:14Z</time></trkpt><trkpt lat="21.029195" lon="105.856706"><ele>-22.078</ele><time>2018-09-07T09:16:15Z</time></trkpt><trkpt lat="21.029253" lon="105.856715"><ele>-22.041</ele><time>2018-09-07T09:16:17Z</time></trkpt><trkpt lat="21.029317" lon="105.856685"><ele>-21.824</ele><time>2018-09-07T09:16:19Z</time></trkpt><trkpt lat="21.029365" lon="105.856647"><ele>-21.804</ele><time>2018-09-07T09:16:20Z</time></trkpt><trkpt lat="21.029406" lon="105.856619"><ele>-21.814</ele><time>2018-09-07T09:16:21Z</time></trkpt><trkpt lat="21.029447" lon="105.856593"><ele>-22.308</ele><time>2018-09-07T09:16:22Z</time></trkpt><trkpt lat="21.029519" lon="105.856559"><ele>-22.594</ele><time>2018-09-07T09:16:24Z</time></trkpt><trkpt lat="21.029594" lon="105.856526"><ele>-22.560</ele><time>2018-09-07T09:16:26Z</time></trkpt><trkpt lat="21.029656" lon="105.856504"><ele>-23.085</ele><time>2018-09-07T09:16:28Z</time></trkpt><trkpt lat="21.029728" lon="105.856484"><ele>-23.360</ele><time>2018-09-07T09:16:30Z</time></trkpt><trkpt lat="21.029883" lon="105.856431"><ele>-24.056</ele><time>2018-09-07T09:16:31Z</time></trkpt><trkpt lat="21.029926" lon="105.856401"><ele>-23.842</ele><time>2018-09-07T09:16:32Z</time></trkpt><trkpt lat="21.029958" lon="105.856361"><ele>-23.841</ele><time>2018-09-07T09:16:33Z</time></trkpt><trkpt lat="21.029998" lon="105.856311"><ele>-23.894</ele><time>2018-09-07T09:16:34Z</time></trkpt><trkpt lat="21.030037" lon="105.856267"><ele>-24.392</ele><time>2018-09-07T09:16:35Z</time></trkpt><trkpt lat="21.030104" lon="105.856233"><ele>-24.573</ele><time>2018-09-07T09:16:36Z</time></trkpt><trkpt lat="21.030169" lon="105.856202"><ele>-24.520</ele><time>2018-09-07T09:16:37Z</time></trkpt><trkpt lat="21.030228" lon="105.856186"><ele>-24.608</ele><time>2018-09-07T09:16:38Z</time></trkpt><trkpt lat="21.030276" lon="105.856146"><ele>-24.881</ele><time>2018-09-07T09:16:39Z</time></trkpt><trkpt lat="21.030320" lon="105.856120"><ele>-25.177</ele><time>2018-09-07T09:16:40Z</time></trkpt><trkpt lat="21.030363" lon="105.856091"><ele>-25.582</ele><time>2018-09-07T09:16:41Z</time></trkpt><trkpt lat="21.030408" lon="105.856067"><ele>-25.637</ele><time>2018-09-07T09:16:42Z</time></trkpt><trkpt lat="21.030455" lon="105.856049"><ele>-26.193</ele><time>2018-09-07T09:16:43Z</time></trkpt><trkpt lat="21.030506" lon="105.856033"><ele>-26.499</ele><time>2018-09-07T09:16:44Z</time></trkpt><trkpt lat="21.030552" lon="105.856016"><ele>-26.638</ele><time>2018-09-07T09:16:45Z</time></trkpt><trkpt lat="21.030605" lon="105.855979"><ele>-27.151</ele><time>2018-09-07T09:16:48Z</time></trkpt><trkpt lat="21.030658" lon="105.855951"><ele>-27.471</ele><time>2018-09-07T09:16:51Z</time></trkpt><trkpt lat="21.030707" lon="105.855938"><ele>-27.641</ele><time>2018-09-07T09:16:54Z</time></trkpt><trkpt lat="21.030759" lon="105.855946"><ele>-27.715</ele><time>2018-09-07T09:16:57Z</time></trkpt><trkpt lat="21.030827" lon="105.855963"><ele>-28.208</ele><time>2018-09-07T09:16:59Z</time></trkpt><trkpt lat="21.030917" lon="105.855993"><ele>-28.179</ele><time>2018-09-07T09:17:06Z</time></trkpt><trkpt lat="21.030968" lon="105.855985"><ele>-28.015</ele><time>2018-09-07T09:17:09Z</time></trkpt><trkpt lat="21.031034" lon="105.855941"><ele>-28.440</ele><time>2018-09-07T09:17:11Z</time></trkpt><trkpt lat="21.031081" lon="105.855885"><ele>-28.625</ele><time>2018-09-07T09:17:13Z</time></trkpt><trkpt lat="21.031123" lon="105.855831"><ele>-29.121</ele><time>2018-09-07T09:17:15Z</time></trkpt><trkpt lat="21.031163" lon="105.855790"><ele>-29.437</ele><time>2018-09-07T09:17:17Z</time></trkpt><trkpt lat="21.031300" lon="105.855722"><ele>-29.276</ele><time>2018-09-07T09:17:19Z</time></trkpt><trkpt lat="21.031351" lon="105.855715"><ele>-29.589</ele><time>2018-09-07T09:17:20Z</time></trkpt><trkpt lat="21.031403" lon="105.855717"><ele>-29.788</ele><time>2018-09-07T09:17:21Z</time></trkpt><trkpt lat="21.031478" lon="105.855697"><ele>-29.824</ele><time>2018-09-07T09:17:23Z</time></trkpt><trkpt lat="21.031525" lon="105.855692"><ele>-29.926</ele><time>2018-09-07T09:17:24Z</time></trkpt><trkpt lat="21.031576" lon="105.855674"><ele>-29.908</ele><time>2018-09-07T09:17:27Z</time></trkpt><trkpt lat="21.031628" lon="105.855657"><ele>-29.960</ele><time>2018-09-07T09:17:29Z</time></trkpt><trkpt lat="21.031688" lon="105.855639"><ele>-29.966</ele><time>2018-09-07T09:17:31Z</time></trkpt><trkpt lat="21.031735" lon="105.855608"><ele>-29.931</ele><time>2018-09-07T09:17:33Z</time></trkpt><trkpt lat="21.031774" lon="105.855572"><ele>-29.976</ele><time>2018-09-07T09:17:35Z</time></trkpt><trkpt lat="21.031823" lon="105.855546"><ele>-29.952</ele><time>2018-09-07T09:17:37Z</time></trkpt><trkpt lat="21.031887" lon="105.855525"><ele>-30.358</ele><time>2018-09-07T09:17:39Z</time></trkpt><trkpt lat="21.031983" lon="105.855474"><ele>-30.157</ele><time>2018-09-07T09:17:40Z</time></trkpt><trkpt lat="21.032014" lon="105.855436"><ele>-30.450</ele><time>2018-09-07T09:17:41Z</time></trkpt><trkpt lat="21.032045" lon="105.855394"><ele>-30.694</ele><time>2018-09-07T09:17:42Z</time></trkpt><trkpt lat="21.032081" lon="105.855360"><ele>-30.757</ele><time>2018-09-07T09:17:43Z</time></trkpt><trkpt lat="21.032119" lon="105.855321"><ele>-30.822</ele><time>2018-09-07T09:17:44Z</time></trkpt><trkpt lat="21.032177" lon="105.855300"><ele>-30.808</ele><time>2018-09-07T09:17:45Z</time></trkpt><trkpt lat="21.032246" lon="105.855286"><ele>-30.881</ele><time>2018-09-07T09:17:46Z</time></trkpt><trkpt lat="21.032320" lon="105.855270"><ele>-30.847</ele><time>2018-09-07T09:17:47Z</time></trkpt><trkpt lat="21.032376" lon="105.855231"><ele>-30.852</ele><time>2018-09-07T09:17:48Z</time></trkpt><trkpt lat="21.032426" lon="105.855202"><ele>-30.877</ele><time>2018-09-07T09:17:49Z</time></trkpt><trkpt lat="21.032464" lon="105.855171"><ele>-30.813</ele><time>2018-09-07T09:17:50Z</time></trkpt><trkpt lat="21.032555" lon="105.855115"><ele>-31.269</ele><time>2018-09-07T09:17:52Z</time></trkpt><trkpt lat="21.032603" lon="105.855089"><ele>-31.448</ele><time>2018-09-07T09:17:53Z</time></trkpt><trkpt lat="21.032651" lon="105.855054"><ele>-31.571</ele><time>2018-09-07T09:17:54Z</time></trkpt><trkpt lat="21.032703" lon="105.855017"><ele>-31.617</ele><time>2018-09-07T09:17:55Z</time></trkpt><trkpt lat="21.032754" lon="105.854976"><ele>-31.787</ele><time>2018-09-07T09:17:56Z</time></trkpt><trkpt lat="21.032798" lon="105.854942"><ele>-31.715</ele><time>2018-09-07T09:17:57Z</time></trkpt><trkpt lat="21.032843" lon="105.854908"><ele>-31.708</ele><time>2018-09-07T09:17:58Z</time></trkpt><trkpt lat="21.032879" lon="105.854877"><ele>-32.183</ele><time>2018-09-07T09:17:59Z</time></trkpt><trkpt lat="21.032913" lon="105.854841"><ele>-32.419</ele><time>2018-09-07T09:18:00Z</time></trkpt><trkpt lat="21.032958" lon="105.854807"><ele>-32.984</ele><time>2018-09-07T09:18:03Z</time></trkpt><trkpt lat="21.033010" lon="105.854778"><ele>-33.139</ele><time>2018-09-07T09:18:05Z</time></trkpt><trkpt lat="21.033059" lon="105.854748"><ele>-33.425</ele><time>2018-09-07T09:18:07Z</time></trkpt><trkpt lat="21.033096" lon="105.854720"><ele>-33.451</ele><time>2018-09-07T09:18:09Z</time></trkpt><trkpt lat="21.033136" lon="105.854688"><ele>-33.540</ele><time>2018-09-07T09:18:12Z</time></trkpt><trkpt lat="21.033180" lon="105.854653"><ele>-33.523</ele><time>2018-09-07T09:18:16Z</time></trkpt><trkpt lat="21.033176" lon="105.854602"><ele>-33.911</ele><time>2018-09-07T09:18:20Z</time></trkpt><trkpt lat="21.033134" lon="105.854571"><ele>-34.221</ele><time>2018-09-07T09:18:24Z</time></trkpt><trkpt lat="21.033084" lon="105.854547"><ele>-34.403</ele><time>2018-09-07T09:18:33Z</time></trkpt><trkpt lat="21.033136" lon="105.854539"><ele>-34.108</ele><time>2018-09-07T09:18:45Z</time></trkpt><trkpt lat="21.033181" lon="105.854568"><ele>-33.513</ele><time>2018-09-07T09:18:46Z</time></trkpt><trkpt lat="21.033228" lon="105.854583"><ele>-31.959</ele><time>2018-09-07T09:18:48Z</time></trkpt><trkpt lat="21.033283" lon="105.854585"><ele>-31.044</ele><time>2018-09-07T09:18:52Z</time></trkpt><trkpt lat="21.033321" lon="105.854558"><ele>-30.469</ele><time>2018-09-07T09:19:10Z</time></trkpt><trkpt lat="21.033371" lon="105.854557"><ele>-30.575</ele><time>2018-09-07T09:19:24Z</time></trkpt><trkpt lat="21.033413" lon="105.854592"><ele>-30.931</ele><time>2018-09-07T09:19:28Z</time></trkpt><trkpt lat="21.033545" lon="105.854669"><ele>-26.910</ele><time>2018-09-07T09:20:20Z</time></trkpt><trkpt lat="21.033485" lon="105.854685"><ele>-23.023</ele><time>2018-09-07T09:20:27Z</time></trkpt><trkpt lat="21.033455" lon="105.854642"><ele>-19.049</ele><time>2018-09-07T09:20:31Z</time></trkpt><trkpt lat="21.033417" lon="105.854597"><ele>-14.902</ele><time>2018-09-07T09:20:35Z</time></trkpt><trkpt lat="21.033385" lon="105.854643"><ele>-10.922</ele><time>2018-09-07T09:21:03Z</time></trkpt><trkpt lat="21.033329" lon="105.854650"><ele>-6.908</ele><time>2018-09-07T09:21:08Z</time></trkpt><trkpt lat="21.033280" lon="105.854634"><ele>-3.086</ele><time>2018-09-07T09:21:16Z</time></trkpt><trkpt lat="21.033351" lon="105.854653"><ele>1.142</ele><time>2018-09-07T09:21:23Z</time></trkpt><trkpt lat="21.033399" lon="105.854652"><ele>5.127</ele><time>2018-09-07T09:21:26Z</time></trkpt><trkpt lat="21.033440" lon="105.854614"><ele>9.182</ele><time>2018-09-07T09:21:32Z</time></trkpt><trkpt lat="21.033492" lon="105.854612"><ele>13.198</ele><time>2018-09-07T09:21:37Z</time></trkpt><trkpt lat="21.033553" lon="105.854623"><ele>17.134</ele><time>2018-09-07T09:21:39Z</time></trkpt><trkpt lat="21.033521" lon="105.854561"><ele>21.183</ele><time>2018-09-07T09:21:45Z</time></trkpt><trkpt lat="21.033530" lon="105.854512"><ele>25.156</ele><time>2018-09-07T09:21:47Z</time></trkpt><trkpt lat="21.033557" lon="105.854465"><ele>28.065</ele><time>2018-09-07T09:21:51Z</time></trkpt><trkpt lat="21.033619" lon="105.854442"><ele>29.468</ele><time>2018-09-07T09:21:53Z</time></trkpt><trkpt lat="21.033605" lon="105.854386"><ele>31.414</ele><time>2018-09-07T09:21:58Z</time></trkpt><trkpt lat="21.033475" lon="105.854456"><ele>27.408</ele><time>2018-09-07T09:22:10Z</time></trkpt><trkpt lat="21.033441" lon="105.854514"><ele>31.478</ele><time>2018-09-07T09:22:24Z</time></trkpt><trkpt lat="21.033501" lon="105.854490"><ele>35.464</ele><time>2018-09-07T09:22:31Z</time></trkpt><trkpt lat="21.033548" lon="105.854465"><ele>39.429</ele><time>2018-09-07T09:22:35Z</time></trkpt><trkpt lat="21.033532" lon="105.854514"><ele>39.474</ele><time>2018-09-07T09:22:44Z</time></trkpt><trkpt lat="21.033485" lon="105.854539"><ele>38.620</ele><time>2018-09-07T09:22:49Z</time></trkpt><trkpt lat="21.033522" lon="105.854583"><ele>38.526</ele><time>2018-09-07T09:23:02Z</time></trkpt><trkpt lat="21.033571" lon="105.854609"><ele>38.515</ele><time>2018-09-07T09:23:04Z</time></trkpt><trkpt lat="21.033544" lon="105.854653"><ele>34.588</ele><time>2018-09-07T09:23:24Z</time></trkpt><trkpt lat="21.033483" lon="105.854676"><ele>30.551</ele><time>2018-09-07T09:23:28Z</time></trkpt><trkpt lat="21.033439" lon="105.854654"><ele>29.301</ele><time>2018-09-07T09:23:37Z</time></trkpt><trkpt lat="21.033394" lon="105.854635"><ele>28.611</ele><time>2018-09-07T09:23:38Z</time></trkpt><trkpt lat="21.033375" lon="105.854689"><ele>31.008</ele><time>2018-09-07T09:23:43Z</time></trkpt><trkpt lat="21.033401" lon="105.854731"><ele>32.867</ele><time>2018-09-07T09:23:46Z</time></trkpt><trkpt lat="21.033465" lon="105.854727"><ele>33.513</ele><time>2018-09-07T09:24:54Z</time></trkpt><trkpt lat="21.033516" lon="105.854702"><ele>34.798</ele><time>2018-09-07T09:25:14Z</time></trkpt><trkpt lat="21.033545" lon="105.854664"><ele>34.243</ele><time>2018-09-07T09:25:36Z</time></trkpt><trkpt lat="21.033480" lon="105.854675"><ele>32.789</ele><time>2018-09-07T09:25:47Z</time></trkpt><trkpt lat="21.033403" lon="105.854604"><ele>28.715</ele><time>2018-09-07T09:25:50Z</time></trkpt><trkpt lat="21.033358" lon="105.854612"><ele>24.734</ele><time>2018-09-07T09:28:41Z</time></trkpt><trkpt lat="21.033401" lon="105.854587"><ele>20.717</ele><time>2018-09-07T09:28:52Z</time></trkpt><trkpt lat="21.033464" lon="105.854646"><ele>16.773</ele><time>2018-09-07T09:29:40Z</time></trkpt><trkpt lat="21.033456" lon="105.854598"><ele>12.785</ele><time>2018-09-07T09:29:54Z</time></trkpt><trkpt lat="21.033400" lon="105.854589"><ele>8.713</ele><time>2018-09-07T09:29:59Z</time></trkpt><trkpt lat="21.033428" lon="105.854653"><ele>5.608</ele><time>2018-09-07T09:30:29Z</time></trkpt><trkpt lat="21.033348" lon="105.854604"><ele>3.799</ele><time>2018-09-07T09:30:50Z</time></trkpt><trkpt lat="21.033382" lon="105.854643"><ele>2.615</ele><time>2018-09-07T09:31:46Z</time></trkpt><trkpt lat="21.033374" lon="105.854582"><ele>1.930</ele><time>2018-09-07T09:31:52Z</time></trkpt><trkpt lat="21.033399" lon="105.854539"><ele>1.515</ele><time>2018-09-07T09:33:29Z</time></trkpt><trkpt lat="21.033364" lon="105.854571"><ele>1.341</ele><time>2018-09-07T09:35:18Z</time></trkpt><trkpt lat="21.033412" lon="105.854570"><ele>1.277</ele><time>2018-09-07T09:36:38Z</time></trkpt><trkpt lat="21.033372" lon="105.854602"><ele>-3.526</ele><time>2018-09-07T09:37:54Z</time></trkpt><trkpt lat="21.033362" lon="105.854469"><ele>38.119</ele><time>2018-09-07T09:46:07Z</time></trkpt><trkpt lat="21.033362" lon="105.854469"><ele>171.523</ele><time>2018-09-07T09:46:07Z</time></trkpt><trkpt lat="21.033346" lon="105.854424"><ele>156.483</ele><time>2018-09-07T09:46:27Z</time></trkpt><trkpt lat="21.033295" lon="105.854422"><ele>139.311</ele><time>2018-09-07T09:46:38Z</time></trkpt><trkpt lat="21.033250" lon="105.854408"><ele>123.608</ele><time>2018-09-07T09:46:40Z</time></trkpt><trkpt lat="21.033208" lon="105.854376"><ele>106.514</ele><time>2018-09-07T09:46:42Z</time></trkpt><trkpt lat="21.033133" lon="105.854360"><ele>81.050</ele><time>2018-09-07T09:46:44Z</time></trkpt><trkpt lat="21.033053" lon="105.854352"><ele>54.375</ele><time>2018-09-07T09:46:46Z</time></trkpt><trkpt lat="21.032901" lon="105.854335"><ele>12.760</ele><time>2018-09-07T09:46:47Z</time></trkpt><trkpt lat="21.032836" lon="105.854339"><ele>11.976</ele><time>2018-09-07T09:46:48Z</time></trkpt><trkpt lat="21.032772" lon="105.854346"><ele>11.442</ele><time>2018-09-07T09:46:49Z</time></trkpt><trkpt lat="21.032705" lon="105.854352"><ele>10.391</ele><time>2018-09-07T09:46:51Z</time></trkpt><trkpt lat="21.032637" lon="105.854349"><ele>8.874</ele><time>2018-09-07T09:46:53Z</time></trkpt><trkpt lat="21.032577" lon="105.854338"><ele>7.511</ele><time>2018-09-07T09:46:55Z</time></trkpt><trkpt lat="21.032511" lon="105.854313"><ele>5.921</ele><time>2018-09-07T09:46:57Z</time></trkpt><trkpt lat="21.032448" lon="105.854286"><ele>3.803</ele><time>2018-09-07T09:46:59Z</time></trkpt><trkpt lat="21.032368" lon="105.854278"><ele>2.508</ele><time>2018-09-07T09:47:01Z</time></trkpt><trkpt lat="21.032280" lon="105.854292"><ele>1.393</ele><time>2018-09-07T09:47:03Z</time></trkpt><trkpt lat="21.032202" lon="105.854298"><ele>0.689</ele><time>2018-09-07T09:47:05Z</time></trkpt><trkpt lat="21.032134" lon="105.854305"><ele>0.214</ele><time>2018-09-07T09:47:07Z</time></trkpt><trkpt lat="21.032083" lon="105.854314"><ele>-0.569</ele><time>2018-09-07T09:47:09Z</time></trkpt><trkpt lat="21.032017" lon="105.854330"><ele>-1.755</ele><time>2018-09-07T09:47:12Z</time></trkpt><trkpt lat="21.031930" lon="105.854362"><ele>-2.531</ele><time>2018-09-07T09:47:31Z</time></trkpt><trkpt lat="21.031866" lon="105.854383"><ele>-2.930</ele><time>2018-09-07T09:47:35Z</time></trkpt><trkpt lat="21.031797" lon="105.854397"><ele>-3.583</ele><time>2018-09-07T09:47:38Z</time></trkpt><trkpt lat="21.031743" lon="105.854405"><ele>-3.939</ele><time>2018-09-07T09:47:40Z</time></trkpt><trkpt lat="21.031681" lon="105.854424"><ele>-4.501</ele><time>2018-09-07T09:47:42Z</time></trkpt><trkpt lat="21.031601" lon="105.854442"><ele>-4.921</ele><time>2018-09-07T09:47:44Z</time></trkpt><trkpt lat="21.031555" lon="105.854459"><ele>-5.508</ele><time>2018-09-07T09:47:45Z</time></trkpt><trkpt lat="21.031375" lon="105.854514"><ele>-6.775</ele><time>2018-09-07T09:47:47Z</time></trkpt><trkpt lat="21.031290" lon="105.854548"><ele>-8.671</ele><time>2018-09-07T09:47:48Z</time></trkpt><trkpt lat="21.031214" lon="105.854579"><ele>-9.846</ele><time>2018-09-07T09:47:49Z</time></trkpt><trkpt lat="21.031133" lon="105.854601"><ele>-11.751</ele><time>2018-09-07T09:47:50Z</time></trkpt><trkpt lat="21.031070" lon="105.854620"><ele>-12.877</ele><time>2018-09-07T09:47:51Z</time></trkpt><trkpt lat="21.030996" lon="105.854643"><ele>-13.413</ele><time>2018-09-07T09:47:52Z</time></trkpt><trkpt lat="21.030913" lon="105.854666"><ele>-14.252</ele><time>2018-09-07T09:47:53Z</time></trkpt><trkpt lat="21.030837" lon="105.854690"><ele>-15.125</ele><time>2018-09-07T09:47:54Z</time></trkpt><trkpt lat="21.030772" lon="105.854716"><ele>-15.623</ele><time>2018-09-07T09:47:55Z</time></trkpt><trkpt lat="21.030691" lon="105.854759"><ele>-16.383</ele><time>2018-09-07T09:47:56Z</time></trkpt><trkpt lat="21.030623" lon="105.854792"><ele>-17.111</ele><time>2018-09-07T09:47:57Z</time></trkpt><trkpt lat="21.030542" lon="105.854815"><ele>-17.208</ele><time>2018-09-07T09:47:58Z</time></trkpt><trkpt lat="21.030475" lon="105.854847"><ele>-17.364</ele><time>2018-09-07T09:47:59Z</time></trkpt><trkpt lat="21.030410" lon="105.854882"><ele>-17.320</ele><time>2018-09-07T09:48:00Z</time></trkpt><trkpt lat="21.030341" lon="105.854901"><ele>-17.355</ele><time>2018-09-07T09:48:01Z</time></trkpt><trkpt lat="21.030267" lon="105.854915"><ele>-17.710</ele><time>2018-09-07T09:48:02Z</time></trkpt><trkpt lat="21.030190" lon="105.854940"><ele>-18.096</ele><time>2018-09-07T09:48:03Z</time></trkpt><trkpt lat="21.030119" lon="105.854966"><ele>-18.542</ele><time>2018-09-07T09:48:04Z</time></trkpt><trkpt lat="21.030052" lon="105.854993"><ele>-19.171</ele><time>2018-09-07T09:48:05Z</time></trkpt><trkpt lat="21.029988" lon="105.855018"><ele>-19.554</ele><time>2018-09-07T09:48:06Z</time></trkpt><trkpt lat="21.029925" lon="105.855036"><ele>-19.812</ele><time>2018-09-07T09:48:07Z</time></trkpt><trkpt lat="21.029863" lon="105.855050"><ele>-20.032</ele><time>2018-09-07T09:48:08Z</time></trkpt><trkpt lat="21.029788" lon="105.855062"><ele>-20.105</ele><time>2018-09-07T09:48:09Z</time></trkpt><trkpt lat="21.029723" lon="105.855088"><ele>-20.308</ele><time>2018-09-07T09:48:10Z</time></trkpt><trkpt lat="21.029669" lon="105.855113"><ele>-20.373</ele><time>2018-09-07T09:48:11Z</time></trkpt><trkpt lat="21.029606" lon="105.855134"><ele>-20.379</ele><time>2018-09-07T09:48:12Z</time></trkpt><trkpt lat="21.029539" lon="105.855154"><ele>-20.384</ele><time>2018-09-07T09:48:13Z</time></trkpt><trkpt lat="21.029471" lon="105.855179"><ele>-20.639</ele><time>2018-09-07T09:48:14Z</time></trkpt><trkpt lat="21.029405" lon="105.855208"><ele>-20.845</ele><time>2018-09-07T09:48:15Z</time></trkpt><trkpt lat="21.029348" lon="105.855232"><ele>-21.071</ele><time>2018-09-07T09:48:16Z</time></trkpt><trkpt lat="21.029288" lon="105.855257"><ele>-21.080</ele><time>2018-09-07T09:48:17Z</time></trkpt><trkpt lat="21.029224" lon="105.855284"><ele>-21.163</ele><time>2018-09-07T09:48:18Z</time></trkpt><trkpt lat="21.029151" lon="105.855310"><ele>-21.134</ele><time>2018-09-07T09:48:19Z</time></trkpt><trkpt lat="21.029089" lon="105.855336"><ele>-21.155</ele><time>2018-09-07T09:48:20Z</time></trkpt><trkpt lat="21.029025" lon="105.855362"><ele>-21.510</ele><time>2018-09-07T09:48:21Z</time></trkpt><trkpt lat="21.028964" lon="105.855382"><ele>-21.808</ele><time>2018-09-07T09:48:22Z</time></trkpt><trkpt lat="21.028906" lon="105.855402"><ele>-21.875</ele><time>2018-09-07T09:48:23Z</time></trkpt><trkpt lat="21.028850" lon="105.855420"><ele>-22.091</ele><time>2018-09-07T09:48:24Z</time></trkpt><trkpt lat="21.028789" lon="105.855435"><ele>-22.566</ele><time>2018-09-07T09:48:25Z</time></trkpt><trkpt lat="21.028730" lon="105.855452"><ele>-23.171</ele><time>2018-09-07T09:48:26Z</time></trkpt><trkpt lat="21.028686" lon="105.855468"><ele>-23.577</ele><time>2018-09-07T09:48:27Z</time></trkpt><trkpt lat="21.028605" lon="105.855516"><ele>-23.883</ele><time>2018-09-07T09:48:29Z</time></trkpt><trkpt lat="21.028555" lon="105.855532"><ele>-24.372</ele><time>2018-09-07T09:48:30Z</time></trkpt><trkpt lat="21.028502" lon="105.855557"><ele>-24.155</ele><time>2018-09-07T09:48:31Z</time></trkpt><trkpt lat="21.028458" lon="105.855583"><ele>-24.516</ele><time>2018-09-07T09:48:32Z</time></trkpt><trkpt lat="21.028403" lon="105.855595"><ele>-24.876</ele><time>2018-09-07T09:48:33Z</time></trkpt><trkpt lat="21.028355" lon="105.855609"><ele>-24.813</ele><time>2018-09-07T09:48:34Z</time></trkpt><trkpt lat="21.028309" lon="105.855622"><ele>-25.008</ele><time>2018-09-07T09:48:35Z</time></trkpt><trkpt lat="21.028255" lon="105.855637"><ele>-25.053</ele><time>2018-09-07T09:48:36Z</time></trkpt><trkpt lat="21.028194" lon="105.855644"><ele>-25.349</ele><time>2018-09-07T09:48:37Z</time></trkpt><trkpt lat="21.028129" lon="105.855655"><ele>-25.674</ele><time>2018-09-07T09:48:38Z</time></trkpt><trkpt lat="21.028069" lon="105.855668"><ele>-25.879</ele><time>2018-09-07T09:48:39Z</time></trkpt><trkpt lat="21.028008" lon="105.855681"><ele>-25.945</ele><time>2018-09-07T09:48:40Z</time></trkpt><trkpt lat="21.027957" lon="105.855697"><ele>-26.441</ele><time>2018-09-07T09:48:41Z</time></trkpt><trkpt lat="21.027901" lon="105.855715"><ele>-26.760</ele><time>2018-09-07T09:48:42Z</time></trkpt><trkpt lat="21.027845" lon="105.855733"><ele>-26.993</ele><time>2018-09-07T09:48:43Z</time></trkpt><trkpt lat="21.027791" lon="105.855752"><ele>-26.272</ele><time>2018-09-07T09:48:45Z</time></trkpt><trkpt lat="21.027716" lon="105.855776"><ele>-25.513</ele><time>2018-09-07T09:48:46Z</time></trkpt><trkpt lat="21.027675" lon="105.855800"><ele>-25.014</ele><time>2018-09-07T09:48:47Z</time></trkpt><trkpt lat="21.027592" lon="105.855842"><ele>-24.308</ele><time>2018-09-07T09:48:49Z</time></trkpt><trkpt lat="21.027531" lon="105.855860"><ele>-23.529</ele><time>2018-09-07T09:48:50Z</time></trkpt><trkpt lat="21.027482" lon="105.855863"><ele>-23.035</ele><time>2018-09-07T09:48:51Z</time></trkpt><trkpt lat="21.027433" lon="105.855865"><ele>-22.340</ele><time>2018-09-07T09:48:52Z</time></trkpt><trkpt lat="21.027383" lon="105.855865"><ele>-21.525</ele><time>2018-09-07T09:48:53Z</time></trkpt><trkpt lat="21.027334" lon="105.855855"><ele>-20.571</ele><time>2018-09-07T09:48:55Z</time></trkpt><trkpt lat="21.027283" lon="105.855846"><ele>-20.057</ele><time>2018-09-07T09:48:57Z</time></trkpt><trkpt lat="21.027220" lon="105.855833"><ele>-19.046</ele><time>2018-09-07T09:49:00Z</time></trkpt><trkpt lat="21.027163" lon="105.855830"><ele>-18.249</ele><time>2018-09-07T09:49:03Z</time></trkpt><trkpt lat="21.027115" lon="105.855836"><ele>-17.591</ele><time>2018-09-07T09:49:08Z</time></trkpt><trkpt lat="21.027060" lon="105.855843"><ele>-17.081</ele><time>2018-09-07T09:49:12Z</time></trkpt><trkpt lat="21.026998" lon="105.855828"><ele>-16.619</ele><time>2018-09-07T09:49:14Z</time></trkpt><trkpt lat="21.026907" lon="105.855800"><ele>-16.508</ele><time>2018-09-07T09:49:15Z</time></trkpt><trkpt lat="21.026857" lon="105.855789"><ele>-16.381</ele><time>2018-09-07T09:49:16Z</time></trkpt><trkpt lat="21.026812" lon="105.855770"><ele>-16.237</ele><time>2018-09-07T09:49:17Z</time></trkpt><trkpt lat="21.026762" lon="105.855745"><ele>-16.212</ele><time>2018-09-07T09:49:18Z</time></trkpt><trkpt lat="21.026717" lon="105.855718"><ele>-16.217</ele><time>2018-09-07T09:49:19Z</time></trkpt><trkpt lat="21.026669" lon="105.855690"><ele>-15.863</ele><time>2018-09-07T09:49:20Z</time></trkpt><trkpt lat="21.026621" lon="105.855675"><ele>-15.679</ele><time>2018-09-07T09:49:21Z</time></trkpt><trkpt lat="21.026567" lon="105.855659"><ele>-15.598</ele><time>2018-09-07T09:49:22Z</time></trkpt><trkpt lat="21.026506" lon="105.855639"><ele>-15.421</ele><time>2018-09-07T09:49:23Z</time></trkpt><trkpt lat="21.026444" lon="105.855619"><ele>-15.339</ele><time>2018-09-07T09:49:24Z</time></trkpt><trkpt lat="21.026381" lon="105.855599"><ele>-15.301</ele><time>2018-09-07T09:49:25Z</time></trkpt><trkpt lat="21.026309" lon="105.855589"><ele>-15.321</ele><time>2018-09-07T09:49:26Z</time></trkpt><trkpt lat="21.026241" lon="105.855570"><ele>-15.308</ele><time>2018-09-07T09:49:27Z</time></trkpt><trkpt lat="21.026160" lon="105.855549"><ele>-14.935</ele><time>2018-09-07T09:49:28Z</time></trkpt><trkpt lat="21.026083" lon="105.855515"><ele>-14.761</ele><time>2018-09-07T09:49:29Z</time></trkpt><trkpt lat="21.026016" lon="105.855479"><ele>-14.686</ele><time>2018-09-07T09:49:30Z</time></trkpt><trkpt lat="21.025945" lon="105.855446"><ele>-14.511</ele><time>2018-09-07T09:49:31Z</time></trkpt><trkpt lat="21.025869" lon="105.855418"><ele>-14.447</ele><time>2018-09-07T09:49:32Z</time></trkpt><trkpt lat="21.025793" lon="105.855391"><ele>-14.413</ele><time>2018-09-07T09:49:33Z</time></trkpt><trkpt lat="21.025727" lon="105.855368"><ele>-14.442</ele><time>2018-09-07T09:49:34Z</time></trkpt><trkpt lat="21.025666" lon="105.855347"><ele>-14.455</ele><time>2018-09-07T09:49:35Z</time></trkpt><trkpt lat="21.025607" lon="105.855322"><ele>-14.469</ele><time>2018-09-07T09:49:36Z</time></trkpt><trkpt lat="21.025548" lon="105.855299"><ele>-14.404</ele><time>2018-09-07T09:49:37Z</time></trkpt><trkpt lat="21.025498" lon="105.855285"><ele>-14.424</ele><time>2018-09-07T09:49:38Z</time></trkpt><trkpt lat="21.025450" lon="105.855276"><ele>-14.408</ele><time>2018-09-07T09:49:39Z</time></trkpt><trkpt lat="21.025398" lon="105.855277"><ele>-14.478</ele><time>2018-09-07T09:49:40Z</time></trkpt><trkpt lat="21.025341" lon="105.855280"><ele>-14.844</ele><time>2018-09-07T09:49:41Z</time></trkpt><trkpt lat="21.025268" lon="105.855271"><ele>-14.639</ele><time>2018-09-07T09:49:44Z</time></trkpt><trkpt lat="21.025214" lon="105.855255"><ele>-14.144</ele><time>2018-09-07T09:49:46Z</time></trkpt><trkpt lat="21.025168" lon="105.855243"><ele>-13.880</ele><time>2018-09-07T09:49:48Z</time></trkpt><trkpt lat="21.025110" lon="105.855229"><ele>-13.666</ele><time>2018-09-07T09:49:51Z</time></trkpt><trkpt lat="21.025061" lon="105.855233"><ele>-13.595</ele><time>2018-09-07T09:50:23Z</time></trkpt><trkpt lat="21.024968" lon="105.855207"><ele>-13.098</ele><time>2018-09-07T09:50:25Z</time></trkpt><trkpt lat="21.024922" lon="105.855194"><ele>-13.155</ele><time>2018-09-07T09:50:26Z</time></trkpt><trkpt lat="21.024869" lon="105.855168"><ele>-13.207</ele><time>2018-09-07T09:50:27Z</time></trkpt><trkpt lat="21.024814" lon="105.855142"><ele>-13.217</ele><time>2018-09-07T09:50:28Z</time></trkpt><trkpt lat="21.024759" lon="105.855115"><ele>-12.808</ele><time>2018-09-07T09:50:29Z</time></trkpt><trkpt lat="21.024700" lon="105.855093"><ele>-12.797</ele><time>2018-09-07T09:50:30Z</time></trkpt><trkpt lat="21.024645" lon="105.855072"><ele>-12.553</ele><time>2018-09-07T09:50:31Z</time></trkpt><trkpt lat="21.024588" lon="105.855051"><ele>-12.468</ele><time>2018-09-07T09:50:32Z</time></trkpt><trkpt lat="21.024531" lon="105.855031"><ele>-12.443</ele><time>2018-09-07T09:50:33Z</time></trkpt><trkpt lat="21.024471" lon="105.855009"><ele>-12.439</ele><time>2018-09-07T09:50:34Z</time></trkpt><trkpt lat="21.024411" lon="105.854989"><ele>-12.415</ele><time>2018-09-07T09:50:35Z</time></trkpt><trkpt lat="21.024350" lon="105.854966"><ele>-12.474</ele><time>2018-09-07T09:50:36Z</time></trkpt><trkpt lat="21.024287" lon="105.854947"><ele>-12.427</ele><time>2018-09-07T09:50:37Z</time></trkpt><trkpt lat="21.024233" lon="105.854923"><ele>-12.462</ele><time>2018-09-07T09:50:38Z</time></trkpt><trkpt lat="21.024179" lon="105.854901"><ele>-12.483</ele><time>2018-09-07T09:50:39Z</time></trkpt><trkpt lat="21.024127" lon="105.854873"><ele>-12.411</ele><time>2018-09-07T09:50:40Z</time></trkpt><trkpt lat="21.024077" lon="105.854853"><ele>-12.408</ele><time>2018-09-07T09:50:41Z</time></trkpt><trkpt lat="21.024030" lon="105.854832"><ele>-12.468</ele><time>2018-09-07T09:50:42Z</time></trkpt><trkpt lat="21.023990" lon="105.854808"><ele>-12.454</ele><time>2018-09-07T09:50:43Z</time></trkpt><trkpt lat="21.023943" lon="105.854775"><ele>-12.089</ele><time>2018-09-07T09:50:45Z</time></trkpt><trkpt lat="21.023879" lon="105.854743"><ele>-11.884</ele><time>2018-09-07T09:50:48Z</time></trkpt><trkpt lat="21.023829" lon="105.854728"><ele>-11.830</ele><time>2018-09-07T09:50:50Z</time></trkpt><trkpt lat="21.023760" lon="105.854748"><ele>-10.816</ele><time>2018-09-07T09:51:13Z</time></trkpt><trkpt lat="21.023649" lon="105.854681"><ele>-9.545</ele><time>2018-09-07T09:51:25Z</time></trkpt><trkpt lat="21.023589" lon="105.854657"><ele>-8.818</ele><time>2018-09-07T09:51:26Z</time></trkpt><trkpt lat="21.023538" lon="105.854628"><ele>-8.684</ele><time>2018-09-07T09:51:27Z</time></trkpt><trkpt lat="21.023482" lon="105.854604"><ele>-9.007</ele><time>2018-09-07T09:51:28Z</time></trkpt><trkpt lat="21.023439" lon="105.854577"><ele>-9.317</ele><time>2018-09-07T09:51:29Z</time></trkpt><trkpt lat="21.023393" lon="105.854546"><ele>-9.308</ele><time>2018-09-07T09:51:31Z</time></trkpt><trkpt lat="21.023345" lon="105.854524"><ele>-9.440</ele><time>2018-09-07T09:51:33Z</time></trkpt><trkpt lat="21.023289" lon="105.854503"><ele>-9.476</ele><time>2018-09-07T09:51:35Z</time></trkpt><trkpt lat="21.023195" lon="105.854470"><ele>-9.431</ele><time>2018-09-07T09:51:36Z</time></trkpt><trkpt lat="21.023114" lon="105.854466"><ele>-9.866</ele><time>2018-09-07T09:51:37Z</time></trkpt><trkpt lat="21.023047" lon="105.854441"><ele>-10.032</ele><time>2018-09-07T09:51:38Z</time></trkpt><trkpt lat="21.022982" lon="105.854407"><ele>-10.278</ele><time>2018-09-07T09:51:39Z</time></trkpt><trkpt lat="21.022920" lon="105.854376"><ele>-10.757</ele><time>2018-09-07T09:51:40Z</time></trkpt><trkpt lat="21.022871" lon="105.854343"><ele>-10.930</ele><time>2018-09-07T09:51:41Z</time></trkpt><trkpt lat="21.022828" lon="105.854308"><ele>-11.277</ele><time>2018-09-07T09:51:42Z</time></trkpt><trkpt lat="21.022772" lon="105.854275"><ele>-11.361</ele><time>2018-09-07T09:51:44Z</time></trkpt><trkpt lat="21.022721" lon="105.854248"><ele>-11.327</ele><time>2018-09-07T09:51:46Z</time></trkpt><trkpt lat="21.022665" lon="105.854215"><ele>-10.908</ele><time>2018-09-07T09:51:48Z</time></trkpt><trkpt lat="21.022542" lon="105.854140"><ele>-10.889</ele><time>2018-09-07T09:51:50Z</time></trkpt><trkpt lat="21.022466" lon="105.854130"><ele>-10.745</ele><time>2018-09-07T09:51:51Z</time></trkpt><trkpt lat="21.022419" lon="105.854098"><ele>-10.540</ele><time>2018-09-07T09:51:53Z</time></trkpt><trkpt lat="21.022418" lon="105.853985"><ele>-10.565</ele><time>2018-09-07T09:51:55Z</time></trkpt><trkpt lat="21.022435" lon="105.853929"><ele>-10.521</ele><time>2018-09-07T09:51:56Z</time></trkpt><trkpt lat="21.022444" lon="105.853880"><ele>-10.587</ele><time>2018-09-07T09:51:57Z</time></trkpt><trkpt lat="21.022465" lon="105.853834"><ele>-10.516</ele><time>2018-09-07T09:51:58Z</time></trkpt><trkpt lat="21.022482" lon="105.853783"><ele>-10.579</ele><time>2018-09-07T09:51:59Z</time></trkpt><trkpt lat="21.022510" lon="105.853720"><ele>-10.583</ele><time>2018-09-07T09:52:00Z</time></trkpt><trkpt lat="21.022534" lon="105.853656"><ele>-10.525</ele><time>2018-09-07T09:52:01Z</time></trkpt><trkpt lat="21.022560" lon="105.853584"><ele>-10.517</ele><time>2018-09-07T09:52:02Z</time></trkpt><trkpt lat="21.022567" lon="105.853511"><ele>-10.908</ele><time>2018-09-07T09:52:03Z</time></trkpt><trkpt lat="21.022558" lon="105.853429"><ele>-11.540</ele><time>2018-09-07T09:52:04Z</time></trkpt><trkpt lat="21.022566" lon="105.853360"><ele>-12.816</ele><time>2018-09-07T09:52:06Z</time></trkpt><trkpt lat="21.022589" lon="105.853318"><ele>-13.871</ele><time>2018-09-07T09:52:07Z</time></trkpt><trkpt lat="21.022609" lon="105.853261"><ele>-14.116</ele><time>2018-09-07T09:52:09Z</time></trkpt><trkpt lat="21.022625" lon="105.853197"><ele>-14.792</ele><time>2018-09-07T09:52:12Z</time></trkpt><trkpt lat="21.022640" lon="105.853129"><ele>-15.088</ele><time>2018-09-07T09:52:15Z</time></trkpt><trkpt lat="21.022660" lon="105.853030"><ele>-15.287</ele><time>2018-09-07T09:52:17Z</time></trkpt><trkpt lat="21.022688" lon="105.852880"><ele>-14.970</ele><time>2018-09-07T09:52:18Z</time></trkpt><trkpt lat="21.022719" lon="105.852810"><ele>-14.776</ele><time>2018-09-07T09:52:19Z</time></trkpt><trkpt lat="21.022744" lon="105.852745"><ele>-14.690</ele><time>2018-09-07T09:52:20Z</time></trkpt><trkpt lat="21.022764" lon="105.852678"><ele>-14.519</ele><time>2018-09-07T09:52:21Z</time></trkpt><trkpt lat="21.022782" lon="105.852613"><ele>-14.508</ele><time>2018-09-07T09:52:22Z</time></trkpt><trkpt lat="21.022797" lon="105.852543"><ele>-14.549</ele><time>2018-09-07T09:52:23Z</time></trkpt><trkpt lat="21.022807" lon="105.852474"><ele>-14.575</ele><time>2018-09-07T09:52:25Z</time></trkpt><trkpt lat="21.022819" lon="105.852403"><ele>-14.550</ele><time>2018-09-07T09:52:27Z</time></trkpt><trkpt lat="21.022835" lon="105.852324"><ele>-14.555</ele><time>2018-09-07T09:52:29Z</time></trkpt><trkpt lat="21.022852" lon="105.852253"><ele>-14.561</ele><time>2018-09-07T09:52:31Z</time></trkpt><trkpt lat="21.022898" lon="105.852073"><ele>-14.127</ele><time>2018-09-07T09:52:33Z</time></trkpt><trkpt lat="21.022919" lon="105.852003"><ele>-13.966</ele><time>2018-09-07T09:52:34Z</time></trkpt><trkpt lat="21.022942" lon="105.851926"><ele>-14.289</ele><time>2018-09-07T09:52:35Z</time></trkpt><trkpt lat="21.022958" lon="105.851852"><ele>-14.088</ele><time>2018-09-07T09:52:36Z</time></trkpt><trkpt lat="21.022973" lon="105.851765"><ele>-13.924</ele><time>2018-09-07T09:52:37Z</time></trkpt><trkpt lat="21.022997" lon="105.851660"><ele>-13.826</ele><time>2018-09-07T09:52:38Z</time></trkpt><trkpt lat="21.023024" lon="105.851579"><ele>-14.108</ele><time>2018-09-07T09:52:39Z</time></trkpt><trkpt lat="21.023049" lon="105.851499"><ele>-14.320</ele><time>2018-09-07T09:52:40Z</time></trkpt><trkpt lat="21.023073" lon="105.851422"><ele>-14.486</ele><time>2018-09-07T09:52:41Z</time></trkpt><trkpt lat="21.023107" lon="105.851347"><ele>-14.511</ele><time>2018-09-07T09:52:42Z</time></trkpt><trkpt lat="21.023136" lon="105.851268"><ele>-14.526</ele><time>2018-09-07T09:52:43Z</time></trkpt><trkpt lat="21.023172" lon="105.851201"><ele>-14.132</ele><time>2018-09-07T09:52:44Z</time></trkpt><trkpt lat="21.023193" lon="105.851118"><ele>-13.178</ele><time>2018-09-07T09:52:45Z</time></trkpt><trkpt lat="21.023213" lon="105.851028"><ele>-12.257</ele><time>2018-09-07T09:52:46Z</time></trkpt><trkpt lat="21.023251" lon="105.850966"><ele>-11.920</ele><time>2018-09-07T09:52:47Z</time></trkpt><trkpt lat="21.023285" lon="105.850900"><ele>-11.878</ele><time>2018-09-07T09:52:48Z</time></trkpt><trkpt lat="21.023315" lon="105.850841"><ele>-11.833</ele><time>2018-09-07T09:52:49Z</time></trkpt><trkpt lat="21.023346" lon="105.850781"><ele>-11.826</ele><time>2018-09-07T09:52:50Z</time></trkpt><trkpt lat="21.023380" lon="105.850714"><ele>-11.808</ele><time>2018-09-07T09:52:51Z</time></trkpt><trkpt lat="21.023413" lon="105.850644"><ele>-11.889</ele><time>2018-09-07T09:52:52Z</time></trkpt><trkpt lat="21.023442" lon="105.850564"><ele>-11.885</ele><time>2018-09-07T09:52:53Z</time></trkpt><trkpt lat="21.023464" lon="105.850483"><ele>-11.810</ele><time>2018-09-07T09:52:54Z</time></trkpt><trkpt lat="21.023501" lon="105.850404"><ele>-11.825</ele><time>2018-09-07T09:52:55Z</time></trkpt><trkpt lat="21.023546" lon="105.850304"><ele>-11.891</ele><time>2018-09-07T09:52:56Z</time></trkpt><trkpt lat="21.023581" lon="105.850230"><ele>-11.897</ele><time>2018-09-07T09:52:57Z</time></trkpt><trkpt lat="21.023615" lon="105.850171"><ele>-11.896</ele><time>2018-09-07T09:52:58Z</time></trkpt><trkpt lat="21.023644" lon="105.850121"><ele>-11.889</ele><time>2018-09-07T09:52:59Z</time></trkpt><trkpt lat="21.023664" lon="105.850075"><ele>-11.814</ele><time>2018-09-07T09:53:00Z</time></trkpt><trkpt lat="21.023685" lon="105.850021"><ele>-12.254</ele><time>2018-09-07T09:53:01Z</time></trkpt><trkpt lat="21.023693" lon="105.849972"><ele>-12.309</ele><time>2018-09-07T09:53:03Z</time></trkpt><trkpt lat="21.023709" lon="105.849907"><ele>-12.408</ele><time>2018-09-07T09:53:05Z</time></trkpt><trkpt lat="21.023722" lon="105.849809"><ele>-12.593</ele><time>2018-09-07T09:53:07Z</time></trkpt><trkpt lat="21.023752" lon="105.849727"><ele>-12.739</ele><time>2018-09-07T09:53:09Z</time></trkpt><trkpt lat="21.023791" lon="105.849570"><ele>-12.744</ele><time>2018-09-07T09:53:10Z</time></trkpt><trkpt lat="21.023800" lon="105.849513"><ele>-12.789</ele><time>2018-09-07T09:53:11Z</time></trkpt><trkpt lat="21.023812" lon="105.849456"><ele>-13.015</ele><time>2018-09-07T09:53:12Z</time></trkpt><trkpt lat="21.023819" lon="105.849394"><ele>-13.261</ele><time>2018-09-07T09:53:13Z</time></trkpt><trkpt lat="21.023836" lon="105.849318"><ele>-13.380</ele><time>2018-09-07T09:53:14Z</time></trkpt><trkpt lat="21.023855" lon="105.849254"><ele>-13.013</ele><time>2018-09-07T09:53:15Z</time></trkpt><trkpt lat="21.023864" lon="105.849180"><ele>-12.832</ele><time>2018-09-07T09:53:16Z</time></trkpt><trkpt lat="21.023877" lon="105.849126"><ele>-12.892</ele><time>2018-09-07T09:53:17Z</time></trkpt><trkpt lat="21.023901" lon="105.849071"><ele>-12.711</ele><time>2018-09-07T09:53:19Z</time></trkpt><trkpt lat="21.023927" lon="105.849010"><ele>-12.708</ele><time>2018-09-07T09:53:21Z</time></trkpt><trkpt lat="21.023955" lon="105.848944"><ele>-12.715</ele><time>2018-09-07T09:53:23Z</time></trkpt><trkpt lat="21.023989" lon="105.848880"><ele>-12.771</ele><time>2018-09-07T09:53:25Z</time></trkpt><trkpt lat="21.024020" lon="105.848803"><ele>-12.746</ele><time>2018-09-07T09:53:27Z</time></trkpt><trkpt lat="21.024038" lon="105.848753"><ele>-12.741</ele><time>2018-09-07T09:53:28Z</time></trkpt><trkpt lat="21.024091" lon="105.848570"><ele>-12.777</ele><time>2018-09-07T09:53:30Z</time></trkpt><trkpt lat="21.024098" lon="105.848520"><ele>-12.753</ele><time>2018-09-07T09:53:31Z</time></trkpt><trkpt lat="21.024137" lon="105.848429"><ele>-12.752</ele><time>2018-09-07T09:53:33Z</time></trkpt><trkpt lat="21.024161" lon="105.848371"><ele>-12.315</ele><time>2018-09-07T09:53:34Z</time></trkpt><trkpt lat="21.024190" lon="105.848334"><ele>-12.075</ele><time>2018-09-07T09:53:35Z</time></trkpt><trkpt lat="21.024219" lon="105.848273"><ele>-11.928</ele><time>2018-09-07T09:53:37Z</time></trkpt><trkpt lat="21.024240" lon="105.848226"><ele>-12.320</ele><time>2018-09-07T09:53:39Z</time></trkpt><trkpt lat="21.024266" lon="105.848157"><ele>-12.408</ele><time>2018-09-07T09:53:41Z</time></trkpt><trkpt lat="21.024289" lon="105.848083"><ele>-12.539</ele><time>2018-09-07T09:53:43Z</time></trkpt><trkpt lat="21.024300" lon="105.848031"><ele>-13.075</ele><time>2018-09-07T09:53:45Z</time></trkpt><trkpt lat="21.024310" lon="105.847977"><ele>-13.340</ele><time>2018-09-07T09:53:47Z</time></trkpt><trkpt lat="21.024321" lon="105.847910"><ele>-13.595</ele><time>2018-09-07T09:53:50Z</time></trkpt><trkpt lat="21.024335" lon="105.847854"><ele>-14.061</ele><time>2018-09-07T09:53:53Z</time></trkpt><trkpt lat="21.024355" lon="105.847785"><ele>-14.387</ele><time>2018-09-07T09:54:01Z</time></trkpt><trkpt lat="21.024356" lon="105.847722"><ele>-14.986</ele><time>2018-09-07T09:54:10Z</time></trkpt><trkpt lat="21.024360" lon="105.847667"><ele>-15.279</ele><time>2018-09-07T09:54:12Z</time></trkpt><trkpt lat="21.024364" lon="105.847607"><ele>-15.445</ele><time>2018-09-07T09:54:14Z</time></trkpt><trkpt lat="21.024406" lon="105.847456"><ele>-15.547</ele><time>2018-09-07T09:54:16Z</time></trkpt><trkpt lat="21.024429" lon="105.847394"><ele>-15.211</ele><time>2018-09-07T09:54:17Z</time></trkpt><trkpt lat="21.024455" lon="105.847326"><ele>-15.008</ele><time>2018-09-07T09:54:18Z</time></trkpt><trkpt lat="21.024479" lon="105.847250"><ele>-15.336</ele><time>2018-09-07T09:54:19Z</time></trkpt><trkpt lat="21.024503" lon="105.847185"><ele>-15.552</ele><time>2018-09-07T09:54:20Z</time></trkpt><trkpt lat="21.024527" lon="105.847119"><ele>-15.287</ele><time>2018-09-07T09:54:21Z</time></trkpt><trkpt lat="21.024544" lon="105.847064"><ele>-15.052</ele><time>2018-09-07T09:54:22Z</time></trkpt><trkpt lat="21.024566" lon="105.847006"><ele>-14.978</ele><time>2018-09-07T09:54:23Z</time></trkpt><trkpt lat="21.024581" lon="105.846950"><ele>-14.814</ele><time>2018-09-07T09:54:24Z</time></trkpt><trkpt lat="21.024598" lon="105.846901"><ele>-14.843</ele><time>2018-09-07T09:54:26Z</time></trkpt><trkpt lat="21.024612" lon="105.846833"><ele>-15.616</ele><time>2018-09-07T09:54:28Z</time></trkpt><trkpt lat="21.024614" lon="105.846734"><ele>-16.121</ele><time>2018-09-07T09:54:30Z</time></trkpt><trkpt lat="21.024599" lon="105.846581"><ele>-16.541</ele><time>2018-09-07T09:54:31Z</time></trkpt><trkpt lat="21.024592" lon="105.846519"><ele>-16.605</ele><time>2018-09-07T09:54:32Z</time></trkpt><trkpt lat="21.024585" lon="105.846452"><ele>-17.108</ele><time>2018-09-07T09:54:33Z</time></trkpt><trkpt lat="21.024590" lon="105.846391"><ele>-17.564</ele><time>2018-09-07T09:54:34Z</time></trkpt><trkpt lat="21.024598" lon="105.846322"><ele>-17.610</ele><time>2018-09-07T09:54:35Z</time></trkpt><trkpt lat="21.024611" lon="105.846237"><ele>-17.745</ele><time>2018-09-07T09:54:36Z</time></trkpt><trkpt lat="21.024619" lon="105.846172"><ele>-17.810</ele><time>2018-09-07T09:54:37Z</time></trkpt><trkpt lat="21.024632" lon="105.846105"><ele>-17.816</ele><time>2018-09-07T09:54:38Z</time></trkpt><trkpt lat="21.024652" lon="105.846029"><ele>-17.512</ele><time>2018-09-07T09:54:39Z</time></trkpt><trkpt lat="21.024669" lon="105.845976"><ele>-17.641</ele><time>2018-09-07T09:54:40Z</time></trkpt><trkpt lat="21.024695" lon="105.845903"><ele>-17.324</ele><time>2018-09-07T09:54:41Z</time></trkpt><trkpt lat="21.024722" lon="105.845851"><ele>-17.595</ele><time>2018-09-07T09:54:42Z</time></trkpt><trkpt lat="21.024750" lon="105.845808"><ele>-17.649</ele><time>2018-09-07T09:54:43Z</time></trkpt><trkpt lat="21.024785" lon="105.845746"><ele>-17.723</ele><time>2018-09-07T09:54:46Z</time></trkpt><trkpt lat="21.024812" lon="105.845685"><ele>-17.708</ele><time>2018-09-07T09:54:48Z</time></trkpt><trkpt lat="21.024837" lon="105.845600"><ele>-17.761</ele><time>2018-09-07T09:54:50Z</time></trkpt><trkpt lat="21.024860" lon="105.845517"><ele>-18.157</ele><time>2018-09-07T09:54:52Z</time></trkpt><trkpt lat="21.024892" lon="105.845436"><ele>-18.592</ele><time>2018-09-07T09:54:54Z</time></trkpt><trkpt lat="21.024933" lon="105.845371"><ele>-18.657</ele><time>2018-09-07T09:54:56Z</time></trkpt><trkpt lat="21.024972" lon="105.845333"><ele>-18.783</ele><time>2018-09-07T09:54:58Z</time></trkpt><trkpt lat="21.025033" lon="105.845312"><ele>-19.369</ele><time>2018-09-07T09:55:01Z</time></trkpt><trkpt lat="21.025089" lon="105.845309"><ele>-20.088</ele><time>2018-09-07T09:55:03Z</time></trkpt><trkpt lat="21.025163" lon="105.845320"><ele>-20.811</ele><time>2018-09-07T09:55:05Z</time></trkpt><trkpt lat="21.025224" lon="105.845334"><ele>-21.365</ele><time>2018-09-07T09:55:07Z</time></trkpt><trkpt lat="21.025271" lon="105.845350"><ele>-22.068</ele><time>2018-09-07T09:55:09Z</time></trkpt><trkpt lat="21.025370" lon="105.845388"><ele>-23.114</ele><time>2018-09-07T09:55:27Z</time></trkpt><trkpt lat="21.025409" lon="105.845424"><ele>-23.808</ele><time>2018-09-07T09:55:40Z</time></trkpt><trkpt lat="21.025455" lon="105.845434"><ele>-24.628</ele><time>2018-09-07T09:55:42Z</time></trkpt><trkpt lat="21.025519" lon="105.845445"><ele>-25.194</ele><time>2018-09-07T09:55:44Z</time></trkpt><trkpt lat="21.025582" lon="105.845454"><ele>-25.889</ele><time>2018-09-07T09:55:46Z</time></trkpt><trkpt lat="21.025642" lon="105.845466"><ele>-26.254</ele><time>2018-09-07T09:55:48Z</time></trkpt><trkpt lat="21.025702" lon="105.845470"><ele>-26.180</ele><time>2018-09-07T09:55:50Z</time></trkpt><trkpt lat="21.025760" lon="105.845469"><ele>-26.016</ele><time>2018-09-07T09:55:52Z</time></trkpt><trkpt lat="21.025809" lon="105.845465"><ele>-25.915</ele><time>2018-09-07T09:55:54Z</time></trkpt><trkpt lat="21.025854" lon="105.845470"><ele>-25.988</ele><time>2018-09-07T09:55:56Z</time></trkpt><trkpt lat="21.025914" lon="105.845479"><ele>-26.363</ele><time>2018-09-07T09:55:58Z</time></trkpt><trkpt lat="21.025992" lon="105.845497"><ele>-26.544</ele><time>2018-09-07T09:56:00Z</time></trkpt><trkpt lat="21.026059" lon="105.845520"><ele>-26.218</ele><time>2018-09-07T09:56:02Z</time></trkpt><trkpt lat="21.026123" lon="105.845546"><ele>-26.408</ele><time>2018-09-07T09:56:04Z</time></trkpt><trkpt lat="21.026189" lon="105.845564"><ele>-26.598</ele><time>2018-09-07T09:56:06Z</time></trkpt><trkpt lat="21.026262" lon="105.845562"><ele>-26.664</ele><time>2018-09-07T09:56:08Z</time></trkpt><trkpt lat="21.026334" lon="105.845547"><ele>-26.729</ele><time>2018-09-07T09:56:10Z</time></trkpt><trkpt lat="21.026386" lon="105.845514"><ele>-26.764</ele><time>2018-09-07T09:56:12Z</time></trkpt><trkpt lat="21.026454" lon="105.845396"><ele>-26.310</ele><time>2018-09-07T09:56:14Z</time></trkpt><trkpt lat="21.026479" lon="105.845353"><ele>-25.316</ele><time>2018-09-07T09:56:15Z</time></trkpt><trkpt lat="21.026499" lon="105.845293"><ele>-24.015</ele><time>2018-09-07T09:56:17Z</time></trkpt><trkpt lat="21.026514" lon="105.845225"><ele>-23.058</ele><time>2018-09-07T09:56:19Z</time></trkpt><trkpt lat="21.026563" lon="105.845076"><ele>-22.117</ele><time>2018-09-07T09:56:21Z</time></trkpt><trkpt lat="21.026568" lon="105.845020"><ele>-20.887</ele><time>2018-09-07T09:56:22Z</time></trkpt><trkpt lat="21.026582" lon="105.844969"><ele>-20.015</ele><time>2018-09-07T09:56:23Z</time></trkpt><trkpt lat="21.026596" lon="105.844908"><ele>-19.508</ele><time>2018-09-07T09:56:24Z</time></trkpt><trkpt lat="21.026613" lon="105.844846"><ele>-18.883</ele><time>2018-09-07T09:56:25Z</time></trkpt><trkpt lat="21.026635" lon="105.844783"><ele>-18.579</ele><time>2018-09-07T09:56:26Z</time></trkpt><trkpt lat="21.026658" lon="105.844722"><ele>-18.294</ele><time>2018-09-07T09:56:27Z</time></trkpt><trkpt lat="21.026680" lon="105.844663"><ele>-18.149</ele><time>2018-09-07T09:56:28Z</time></trkpt><trkpt lat="21.026698" lon="105.844611"><ele>-18.025</ele><time>2018-09-07T09:56:29Z</time></trkpt><trkpt lat="21.026720" lon="105.844558"><ele>-18.041</ele><time>2018-09-07T09:56:30Z</time></trkpt><trkpt lat="21.026757" lon="105.844474"><ele>-18.040</ele><time>2018-09-07T09:56:32Z</time></trkpt><trkpt lat="21.026790" lon="105.844421"><ele>-18.773</ele><time>2018-09-07T09:56:35Z</time></trkpt><trkpt lat="21.026814" lon="105.844380"><ele>-19.315</ele><time>2018-09-07T09:56:37Z</time></trkpt><trkpt lat="21.026843" lon="105.844322"><ele>-20.065</ele><time>2018-09-07T09:56:40Z</time></trkpt><trkpt lat="21.026857" lon="105.844275"><ele>-20.811</ele><time>2018-09-07T09:56:43Z</time></trkpt><trkpt lat="21.026874" lon="105.844220"><ele>-21.308</ele><time>2018-09-07T09:56:46Z</time></trkpt><trkpt lat="21.026875" lon="105.844171"><ele>-21.113</ele><time>2018-09-07T09:56:49Z</time></trkpt><trkpt lat="21.026876" lon="105.844110"><ele>-21.079</ele><time>2018-09-07T09:56:53Z</time></trkpt><trkpt lat="21.026890" lon="105.844058"><ele>-21.514</ele><time>2018-09-07T09:56:55Z</time></trkpt><trkpt lat="21.026904" lon="105.843986"><ele>-21.669</ele><time>2018-09-07T09:56:57Z</time></trkpt><trkpt lat="21.026933" lon="105.843866"><ele>-21.815</ele><time>2018-09-07T09:56:58Z</time></trkpt><trkpt lat="21.026955" lon="105.843809"><ele>-21.871</ele><time>2018-09-07T09:56:59Z</time></trkpt><trkpt lat="21.026973" lon="105.843760"><ele>-22.380</ele><time>2018-09-07T09:57:00Z</time></trkpt><trkpt lat="21.027002" lon="105.843710"><ele>-22.583</ele><time>2018-09-07T09:57:01Z</time></trkpt><trkpt lat="21.027027" lon="105.843644"><ele>-22.858</ele><time>2018-09-07T09:57:02Z</time></trkpt><trkpt lat="21.027057" lon="105.843600"><ele>-22.852</ele><time>2018-09-07T09:57:03Z</time></trkpt><trkpt lat="21.027083" lon="105.843546"><ele>-23.017</ele><time>2018-09-07T09:57:04Z</time></trkpt><trkpt lat="21.027105" lon="105.843495"><ele>-23.008</ele><time>2018-09-07T09:57:05Z</time></trkpt><trkpt lat="21.027122" lon="105.843442"><ele>-23.067</ele><time>2018-09-07T09:57:06Z</time></trkpt><trkpt lat="21.027126" lon="105.843353"><ele>-23.083</ele><time>2018-09-07T09:57:07Z</time></trkpt><trkpt lat="21.027159" lon="105.843302"><ele>-23.028</ele><time>2018-09-07T09:57:08Z</time></trkpt><trkpt lat="21.027195" lon="105.843243"><ele>-22.573</ele><time>2018-09-07T09:57:09Z</time></trkpt><trkpt lat="21.027228" lon="105.843187"><ele>-22.829</ele><time>2018-09-07T09:57:10Z</time></trkpt><trkpt lat="21.027257" lon="105.843134"><ele>-22.845</ele><time>2018-09-07T09:57:11Z</time></trkpt><trkpt lat="21.027286" lon="105.843092"><ele>-23.034</ele><time>2018-09-07T09:57:12Z</time></trkpt><trkpt lat="21.027310" lon="105.843049"><ele>-23.077</ele><time>2018-09-07T09:57:13Z</time></trkpt><trkpt lat="21.027347" lon="105.842995"><ele>-23.089</ele><time>2018-09-07T09:57:14Z</time></trkpt><trkpt lat="21.027378" lon="105.842937"><ele>-23.006</ele><time>2018-09-07T09:57:15Z</time></trkpt><trkpt lat="21.027403" lon="105.842872"><ele>-23.026</ele><time>2018-09-07T09:57:16Z</time></trkpt><trkpt lat="21.027436" lon="105.842798"><ele>-23.008</ele><time>2018-09-07T09:57:17Z</time></trkpt><trkpt lat="21.027461" lon="105.842724"><ele>-23.060</ele><time>2018-09-07T09:57:18Z</time></trkpt><trkpt lat="21.027489" lon="105.842644"><ele>-23.016</ele><time>2018-09-07T09:57:19Z</time></trkpt><trkpt lat="21.027502" lon="105.842584"><ele>-22.531</ele><time>2018-09-07T09:57:20Z</time></trkpt><trkpt lat="21.027523" lon="105.842516"><ele>-22.316</ele><time>2018-09-07T09:57:22Z</time></trkpt><trkpt lat="21.027544" lon="105.842441"><ele>-22.392</ele><time>2018-09-07T09:57:24Z</time></trkpt><trkpt lat="21.027559" lon="105.842371"><ele>-22.178</ele><time>2018-09-07T09:57:26Z</time></trkpt><trkpt lat="21.027558" lon="105.842304"><ele>-21.637</ele><time>2018-09-07T09:57:29Z</time></trkpt><trkpt lat="21.027565" lon="105.842247"><ele>-21.320</ele><time>2018-09-07T09:57:31Z</time></trkpt><trkpt lat="21.027585" lon="105.842181"><ele>-20.891</ele><time>2018-09-07T09:57:33Z</time></trkpt><trkpt lat="21.027606" lon="105.842124"><ele>-20.581</ele><time>2018-09-07T09:57:35Z</time></trkpt><trkpt lat="21.027622" lon="105.842077"><ele>-20.319</ele><time>2018-09-07T09:57:37Z</time></trkpt><trkpt lat="21.027639" lon="105.841974"><ele>-20.508</ele><time>2018-09-07T09:57:44Z</time></trkpt><trkpt lat="21.027634" lon="105.841918"><ele>-20.381</ele><time>2018-09-07T09:57:47Z</time></trkpt><trkpt lat="21.027647" lon="105.841857"><ele>-19.837</ele><time>2018-09-07T09:57:50Z</time></trkpt><trkpt lat="21.027669" lon="105.841788"><ele>-19.562</ele><time>2018-09-07T09:57:53Z</time></trkpt><trkpt lat="21.027687" lon="105.841726"><ele>-19.337</ele><time>2018-09-07T09:57:55Z</time></trkpt><trkpt lat="21.027704" lon="105.841657"><ele>-19.343</ele><time>2018-09-07T09:57:57Z</time></trkpt><trkpt lat="21.027719" lon="105.841590"><ele>-19.529</ele><time>2018-09-07T09:57:59Z</time></trkpt><trkpt lat="21.027728" lon="105.841527"><ele>-19.848</ele><time>2018-09-07T09:58:01Z</time></trkpt><trkpt lat="21.027730" lon="105.841457"><ele>-19.851</ele><time>2018-09-07T09:58:03Z</time></trkpt><trkpt lat="21.027731" lon="105.841382"><ele>-20.378</ele><time>2018-09-07T09:58:05Z</time></trkpt><trkpt lat="21.027721" lon="105.841203"><ele>-21.533</ele><time>2018-09-07T09:58:07Z</time></trkpt><trkpt lat="21.027724" lon="105.841128"><ele>-21.626</ele><time>2018-09-07T09:58:10Z</time></trkpt><trkpt lat="21.027733" lon="105.841055"><ele>-21.808</ele><time>2018-09-07T09:58:12Z</time></trkpt><trkpt lat="21.027752" lon="105.840956"><ele>-21.579</ele><time>2018-09-07T09:58:13Z</time></trkpt><trkpt lat="21.027770" lon="105.840901"><ele>-21.385</ele><time>2018-09-07T09:58:14Z</time></trkpt><trkpt lat="21.027794" lon="105.840855"><ele>-21.160</ele><time>2018-09-07T09:58:15Z</time></trkpt><trkpt lat="21.027828" lon="105.840778"><ele>-20.615</ele><time>2018-09-07T09:58:17Z</time></trkpt><trkpt lat="21.027858" lon="105.840694"><ele>-20.341</ele><time>2018-09-07T09:58:19Z</time></trkpt><trkpt lat="21.027893" lon="105.840638"><ele>-20.167</ele><time>2018-09-07T09:58:21Z</time></trkpt><trkpt lat="21.027920" lon="105.840584"><ele>-20.036</ele><time>2018-09-07T09:58:23Z</time></trkpt><trkpt lat="21.027940" lon="105.840528"><ele>-20.029</ele><time>2018-09-07T09:58:25Z</time></trkpt><trkpt lat="21.027959" lon="105.840475"><ele>-20.074</ele><time>2018-09-07T09:58:27Z</time></trkpt><trkpt lat="21.027976" lon="105.840404"><ele>-20.056</ele><time>2018-09-07T09:58:30Z</time></trkpt><trkpt lat="21.027984" lon="105.840315"><ele>-20.021</ele><time>2018-09-07T09:58:37Z</time></trkpt><trkpt lat="21.027950" lon="105.840261"><ele>-20.008</ele><time>2018-09-07T09:58:46Z</time></trkpt><trkpt lat="21.027918" lon="105.840306"><ele>-20.069</ele><time>2018-09-07T09:59:02Z</time></trkpt></trkseg></trk></gpx>