<?xml version="1.0" encoding="UTF-8"?><gpx creator="Wikiloc - https://www.wikiloc.com" version="1.1" xmlns="http://www.topografix.com/GPX/1/1" xmlns:xsi="http://www.w3.org/2001/XMLSchema-instance" xsi:schemaLocation="http://www.topografix.com/GPX/1/1 http://www.topografix.com/GPX/1/1/gpx.xsd"><metadata><name>Wikiloc - Lawrence College Ghora Gali - Nandkot - Islamabad (on way back from 7 Sisters hike)</name><author><name>Karakorum Diary</name><link href="https://www.wikiloc.com/wikiloc/user.do?id=5075682"><text>Karakorum Diary on Wikiloc</text></link></author><link href="https://www.wikiloc.com/motorcycling-trails/lawrence-college-ghora-gali-nandkot-islamabad-on-way-back-from-7-sisters-hike-226040323"><text>Lawrence College Ghora Gali - Nandkot - Islamabad (on way back from 7 Sisters hike) on Wikiloc</text></link><time>2025-08-10T10:55:40.144Z</time></metadata><wpt lat="33.878394" lon="73.362495"><ele>1816.0</ele><time>2025-08-10T07:10:33Z</time><name>Waypoint</name><cmt></cmt><desc></desc></wpt><wpt lat="33.878670" lon="73.362366"><ele>1816.0</ele><time>2025-08-10T07:10:46Z</time><name>Waypoint</name><cmt></cmt><desc></desc></wpt><wpt lat="33.882777" lon="73.360287"><ele>1708.0</ele><time>2025-08-10T07:13:35Z</time><name>Waypoint</name><cmt></cmt><desc></desc></wpt><wpt lat="33.883830" lon="73.360261"><ele>1697.0</ele><time>2025-08-10T07:13:57Z</time><name>Waypoint</name><cmt></cmt><desc></desc></wpt><wpt lat="33.884839" lon="73.360322"><ele>1680.0</ele><time>2025-08-10T07:16:01Z</time><name>Waypoint</name><cmt></cmt><desc></desc></wpt><wpt lat="33.881208" lon="73.340409"><ele>1556.0</ele><time>2025-08-10T07:22:57Z</time><name>Waypoint</name><cmt></cmt><desc></desc></wpt><wpt lat="33.880687" lon="73.339673"><ele>1554.0</ele><time>2025-08-10T07:27:13Z</time><name>Waypoint</name><cmt></cmt><desc></desc></wpt><wpt lat="33.872977" lon="73.336365"><ele>1493.0</ele><time>2025-08-10T07:29:53Z</time><name>Waypoint</name><cmt></cmt><desc></desc></wpt><wpt lat="33.862741" lon="73.328562"><ele>1401.0</ele><time>2025-08-10T07:32:28Z</time><name>Waypoint</name><cmt></cmt><desc></desc></wpt><wpt lat="33.859702" lon="73.326134"><ele>1372.0</ele><time>2025-08-10T07:33:43Z</time><name>Waypoint</name><cmt></cmt><desc></desc></wpt><wpt lat="33.863554" lon="73.327039"><ele>1344.0</ele><time>2025-08-10T07:34:54Z</time><name>Waypoint</name><cmt></cmt><desc></desc></wpt><wpt lat="33.847963" lon="73.317006"><ele>1169.0</ele><time>2025-08-10T07:43:14Z</time><name>Waypoint</name><cmt></cmt><desc></desc></wpt><wpt lat="33.843137" lon="73.313639"><ele>1127.0</ele><time>2025-08-10T08:23:34Z</time><name>Waypoint</name><cmt></cmt><desc></desc></wpt><wpt lat="33.837217" lon="73.299472"><ele>1030.0</ele><time>2025-08-10T08:30:51Z</time><name>Waypoint</name><cmt></cmt><desc></desc></wpt><wpt lat="33.835629" lon="73.288354"><ele>954.0</ele><time>2025-08-10T08:34:30Z</time><name>Waypoint</name><cmt></cmt><desc></desc></wpt><wpt lat="33.790642" lon="73.253726"><ele>696.0</ele><time>2025-08-10T08:51:44Z</time><name>Waypoint</name><cmt></cmt><desc></desc></wpt><wpt lat="33.784397" lon="73.245978"><ele>672.0</ele><time>2025-08-10T08:53:34Z</time><name>Waypoint</name><cmt></cmt><desc></desc></wpt><wpt lat="33.779889" lon="73.236778"><ele>668.0</ele><time>2025-08-10T08:55:43Z</time><name>Waypoint</name><cmt></cmt><desc></desc></wpt><wpt lat="33.765179" lon="73.221306"><ele>628.0</ele><time>2025-08-10T09:00:18Z</time><name>Waypoint</name><cmt></cmt><desc></desc></wpt><wpt lat="33.737161" lon="73.175166"><ele>580.0</ele><time>2025-08-10T09:09:48Z</time><name>Waypoint</name><cmt></cmt><desc></desc></wpt><wpt lat="33.718738" lon="73.121714"><ele>543.0</ele><time>2025-08-10T10:09:20Z</time><name>Intersection</name><cmt></cmt><desc></desc></wpt><trk><name>Lawrence College Ghora Gali - Nandkot - Islamabad (on way ba...</name><cmt></cmt><desc></desc><trkseg><trkpt lat="33.878381" lon="73.362531"><ele>1816.365</ele><time>2025-08-10T07:10:34Z</time></trkpt><trkpt lat="33.878438" lon="73.362488"><ele>1816.368</ele><time>2025-08-10T07:10:37Z</time></trkpt><trkpt lat="33.878464" lon="73.362433"><ele>1816.314</ele><time>2025-08-10T07:10:41.001Z</time></trkpt><trkpt lat="33.878506" lon="73.362383"><ele>1816.309</ele><time>2025-08-10T07:10:43.001Z</time></trkpt><trkpt lat="33.878554" lon="73.362359"><ele>1816.398</ele><time>2025-08-10T07:10:44.001Z</time></trkpt><trkpt lat="33.878604" lon="73.362369"><ele>1816.088</ele><time>2025-08-10T07:10:45.001Z</time></trkpt><trkpt lat="33.878669" lon="73.362367"><ele>1815.562</ele><time>2025-08-10T07:10:46.001Z</time></trkpt><trkpt lat="33.878719" lon="73.362370"><ele>1814.976</ele><time>2025-08-10T07:10:47.001Z</time></trkpt><trkpt lat="33.878770" lon="73.362346"><ele>1814.160</ele><time>2025-08-10T07:10:48.001Z</time></trkpt><trkpt lat="33.878840" lon="73.362328"><ele>1813.326</ele><time>2025-08-10T07:10:49.001Z</time></trkpt><trkpt lat="33.878908" lon="73.362293"><ele>1812.469</ele><time>2025-08-10T07:10:50.001Z</time></trkpt><trkpt lat="33.878981" lon="73.362270"><ele>1811.078</ele><time>2025-08-10T07:10:51.001Z</time></trkpt><trkpt lat="33.879044" lon="73.362255"><ele>1810.279</ele><time>2025-08-10T07:10:52.001Z</time></trkpt><trkpt lat="33.879111" lon="73.362239"><ele>1809.464</ele><time>2025-08-10T07:10:53.001Z</time></trkpt><trkpt lat="33.879175" lon="73.362218"><ele>1808.506</ele><time>2025-08-10T07:10:54.001Z</time></trkpt><trkpt lat="33.879233" lon="73.362201"><ele>1808.016</ele><time>2025-08-10T07:10:55.001Z</time></trkpt><trkpt lat="33.879279" lon="73.362193"><ele>1807.409</ele><time>2025-08-10T07:10:56.001Z</time></trkpt><trkpt lat="33.879320" lon="73.362146"><ele>1806.648</ele><time>2025-08-10T07:10:57.001Z</time></trkpt><trkpt lat="33.879364" lon="73.362109"><ele>1805.638</ele><time>2025-08-10T07:10:59.001Z</time></trkpt><trkpt lat="33.879417" lon="73.362099"><ele>1805.232</ele><time>2025-08-10T07:11:00.001Z</time></trkpt><trkpt lat="33.879459" lon="73.362075"><ele>1804.086</ele><time>2025-08-10T07:11:01.001Z</time></trkpt><trkpt lat="33.879514" lon="73.361997"><ele>1802.680</ele><time>2025-08-10T07:11:03.001Z</time></trkpt><trkpt lat="33.879552" lon="73.361925"><ele>1802.016</ele><time>2025-08-10T07:11:04.001Z</time></trkpt><trkpt lat="33.879595" lon="73.361859"><ele>1800.519</ele><time>2025-08-10T07:11:05.001Z</time></trkpt><trkpt lat="33.879632" lon="73.361798"><ele>1799.978</ele><time>2025-08-10T07:11:06.001Z</time></trkpt><trkpt lat="33.879656" lon="73.361731"><ele>1799.699</ele><time>2025-08-10T07:11:07.001Z</time></trkpt><trkpt lat="33.879688" lon="73.361679"><ele>1799.093</ele><time>2025-08-10T07:11:08.001Z</time></trkpt><trkpt lat="33.879729" lon="73.361584"><ele>1798.665</ele><time>2025-08-10T07:11:10.001Z</time></trkpt><trkpt lat="33.879749" lon="73.361533"><ele>1798.321</ele><time>2025-08-10T07:11:11.001Z</time></trkpt><trkpt lat="33.879770" lon="73.361430"><ele>1797.409</ele><time>2025-08-10T07:11:13.001Z</time></trkpt><trkpt lat="33.879801" lon="73.361385"><ele>1796.931</ele><time>2025-08-10T07:11:14.001Z</time></trkpt><trkpt lat="33.879842" lon="73.361347"><ele>1796.661</ele><time>2025-08-10T07:11:15.001Z</time></trkpt><trkpt lat="33.879908" lon="73.361298"><ele>1796.435</ele><time>2025-08-10T07:11:16.001Z</time></trkpt><trkpt lat="33.879977" lon="73.361237"><ele>1796.389</ele><time>2025-08-10T07:11:17.001Z</time></trkpt><trkpt lat="33.880041" lon="73.361210"><ele>1795.993</ele><time>2025-08-10T07:11:18.001Z</time></trkpt><trkpt lat="33.880104" lon="73.361201"><ele>1795.599</ele><time>2025-08-10T07:11:19.001Z</time></trkpt><trkpt lat="33.880164" lon="73.361208"><ele>1794.982</ele><time>2025-08-10T07:11:20.001Z</time></trkpt><trkpt lat="33.880247" lon="73.361214"><ele>1794.391</ele><time>2025-08-10T07:11:21.001Z</time></trkpt><trkpt lat="33.880331" lon="73.361246"><ele>1793.682</ele><time>2025-08-10T07:11:22.001Z</time></trkpt><trkpt lat="33.880410" lon="73.361287"><ele>1792.885</ele><time>2025-08-10T07:11:23.001Z</time></trkpt><trkpt lat="33.880492" lon="73.361330"><ele>1792.089</ele><time>2025-08-10T07:11:24.001Z</time></trkpt><trkpt lat="33.880566" lon="73.361370"><ele>1791.217</ele><time>2025-08-10T07:11:25.001Z</time></trkpt><trkpt lat="33.880652" lon="73.361419"><ele>1790.309</ele><time>2025-08-10T07:11:26.001Z</time></trkpt><trkpt lat="33.880731" lon="73.361464"><ele>1789.290</ele><time>2025-08-10T07:11:27.001Z</time></trkpt><trkpt lat="33.880816" lon="73.361508"><ele>1787.410</ele><time>2025-08-10T07:11:28.001Z</time></trkpt><trkpt lat="33.880902" lon="73.361564"><ele>1786.324</ele><time>2025-08-10T07:11:29.001Z</time></trkpt><trkpt lat="33.880957" lon="73.361654"><ele>1785.188</ele><time>2025-08-10T07:11:30.001Z</time></trkpt><trkpt lat="33.881010" lon="73.361746"><ele>1784.032</ele><time>2025-08-10T07:11:31.001Z</time></trkpt><trkpt lat="33.881071" lon="73.361825"><ele>1783.038</ele><time>2025-08-10T07:11:32.001Z</time></trkpt><trkpt lat="33.881124" lon="73.361896"><ele>1782.621</ele><time>2025-08-10T07:11:33.001Z</time></trkpt><trkpt lat="33.881204" lon="73.361951"><ele>1781.830</ele><time>2025-08-10T07:11:34.001Z</time></trkpt><trkpt lat="33.881283" lon="73.362006"><ele>1781.161</ele><time>2025-08-10T07:11:35.001Z</time></trkpt><trkpt lat="33.881332" lon="73.362051"><ele>1780.693</ele><time>2025-08-10T07:11:36.001Z</time></trkpt><trkpt lat="33.881379" lon="73.362094"><ele>1780.365</ele><time>2025-08-10T07:11:37.001Z</time></trkpt><trkpt lat="33.881455" lon="73.362104"><ele>1780.121</ele><time>2025-08-10T07:11:38.001Z</time></trkpt><trkpt lat="33.881546" lon="73.362156"><ele>1780.009</ele><time>2025-08-10T07:11:39.001Z</time></trkpt><trkpt lat="33.881620" lon="73.362237"><ele>1779.971</ele><time>2025-08-10T07:11:41.001Z</time></trkpt><trkpt lat="33.881676" lon="73.362278"><ele>1779.981</ele><time>2025-08-10T07:11:42.001Z</time></trkpt><trkpt lat="33.881728" lon="73.362321"><ele>1780.015</ele><time>2025-08-10T07:11:43.001Z</time></trkpt><trkpt lat="33.881780" lon="73.362360"><ele>1780.169</ele><time>2025-08-10T07:11:44.001Z</time></trkpt><trkpt lat="33.881847" lon="73.362406"><ele>1780.183</ele><time>2025-08-10T07:11:45.001Z</time></trkpt><trkpt lat="33.881912" lon="73.362443"><ele>1780.169</ele><time>2025-08-10T07:11:46.001Z</time></trkpt><trkpt lat="33.881969" lon="73.362465"><ele>1779.942</ele><time>2025-08-10T07:11:47.001Z</time></trkpt><trkpt lat="33.882029" lon="73.362470"><ele>1779.721</ele><time>2025-08-10T07:11:48.001Z</time></trkpt><trkpt lat="33.882111" lon="73.362429"><ele>1779.012</ele><time>2025-08-10T07:11:49.001Z</time></trkpt><trkpt lat="33.882184" lon="73.362377"><ele>1778.526</ele><time>2025-08-10T07:11:50.001Z</time></trkpt><trkpt lat="33.882269" lon="73.362327"><ele>1778.047</ele><time>2025-08-10T07:11:51.001Z</time></trkpt><trkpt lat="33.882349" lon="73.362275"><ele>1777.511</ele><time>2025-08-10T07:11:52.001Z</time></trkpt><trkpt lat="33.882418" lon="73.362233"><ele>1777.009</ele><time>2025-08-10T07:11:53.001Z</time></trkpt><trkpt lat="33.882488" lon="73.362202"><ele>1776.554</ele><time>2025-08-10T07:11:54.001Z</time></trkpt><trkpt lat="33.882553" lon="73.362174"><ele>1775.994</ele><time>2025-08-10T07:11:55.001Z</time></trkpt><trkpt lat="33.882611" lon="73.362143"><ele>1775.238</ele><time>2025-08-10T07:11:56.001Z</time></trkpt><trkpt lat="33.882667" lon="73.362115"><ele>1774.862</ele><time>2025-08-10T07:11:57.001Z</time></trkpt><trkpt lat="33.882717" lon="73.362091"><ele>1773.946</ele><time>2025-08-10T07:11:58.001Z</time></trkpt><trkpt lat="33.882784" lon="73.362036"><ele>1772.832</ele><time>2025-08-10T07:12:00.001Z</time></trkpt><trkpt lat="33.882806" lon="73.361956"><ele>1771.785</ele><time>2025-08-10T07:12:02.001Z</time></trkpt><trkpt lat="33.882752" lon="73.361911"><ele>1768.554</ele><time>2025-08-10T07:12:04.001Z</time></trkpt><trkpt lat="33.882701" lon="73.361915"><ele>1767.665</ele><time>2025-08-10T07:12:05.001Z</time></trkpt><trkpt lat="33.882645" lon="73.361920"><ele>1766.257</ele><time>2025-08-10T07:12:06.001Z</time></trkpt><trkpt lat="33.882593" lon="73.361935"><ele>1765.700</ele><time>2025-08-10T07:12:07.001Z</time></trkpt><trkpt lat="33.882549" lon="73.361952"><ele>1765.320</ele><time>2025-08-10T07:12:08.001Z</time></trkpt><trkpt lat="33.882491" lon="73.361959"><ele>1765.109</ele><time>2025-08-10T07:12:09.001Z</time></trkpt><trkpt lat="33.882431" lon="73.361961"><ele>1764.717</ele><time>2025-08-10T07:12:10.001Z</time></trkpt><trkpt lat="33.882363" lon="73.361952"><ele>1764.517</ele><time>2025-08-10T07:12:11.001Z</time></trkpt><trkpt lat="33.882283" lon="73.361937"><ele>1764.431</ele><time>2025-08-10T07:12:12.001Z</time></trkpt><trkpt lat="33.882203" lon="73.361919"><ele>1764.395</ele><time>2025-08-10T07:12:13.001Z</time></trkpt><trkpt lat="33.882130" lon="73.361898"><ele>1764.269</ele><time>2025-08-10T07:12:14.001Z</time></trkpt><trkpt lat="33.882051" lon="73.361888"><ele>1764.175</ele><time>2025-08-10T07:12:15.001Z</time></trkpt><trkpt lat="33.881982" lon="73.361857"><ele>1764.078</ele><time>2025-08-10T07:12:16.001Z</time></trkpt><trkpt lat="33.881912" lon="73.361818"><ele>1763.977</ele><time>2025-08-10T07:12:17.001Z</time></trkpt><trkpt lat="33.881839" lon="73.361775"><ele>1763.718</ele><time>2025-08-10T07:12:18.001Z</time></trkpt><trkpt lat="33.881768" lon="73.361718"><ele>1763.587</ele><time>2025-08-10T07:12:19.001Z</time></trkpt><trkpt lat="33.881694" lon="73.361660"><ele>1763.242</ele><time>2025-08-10T07:12:20.001Z</time></trkpt><trkpt lat="33.881623" lon="73.361597"><ele>1762.726</ele><time>2025-08-10T07:12:21.001Z</time></trkpt><trkpt lat="33.881562" lon="73.361534"><ele>1762.109</ele><time>2025-08-10T07:12:22.001Z</time></trkpt><trkpt lat="33.881518" lon="73.361452"><ele>1761.460</ele><time>2025-08-10T07:12:23.001Z</time></trkpt><trkpt lat="33.881492" lon="73.361358"><ele>1760.650</ele><time>2025-08-10T07:12:24.001Z</time></trkpt><trkpt lat="33.881480" lon="73.361261"><ele>1759.734</ele><time>2025-08-10T07:12:25.001Z</time></trkpt><trkpt lat="33.881453" lon="73.361165"><ele>1758.938</ele><time>2025-08-10T07:12:26.001Z</time></trkpt><trkpt lat="33.881426" lon="73.361060"><ele>1758.112</ele><time>2025-08-10T07:12:27.001Z</time></trkpt><trkpt lat="33.881394" lon="73.360954"><ele>1757.038</ele><time>2025-08-10T07:12:28.001Z</time></trkpt><trkpt lat="33.881358" lon="73.360844"><ele>1756.251</ele><time>2025-08-10T07:12:29.001Z</time></trkpt><trkpt lat="33.881323" lon="73.360733"><ele>1755.290</ele><time>2025-08-10T07:12:30.001Z</time></trkpt><trkpt lat="33.881286" lon="73.360630"><ele>1754.011</ele><time>2025-08-10T07:12:31.001Z</time></trkpt><trkpt lat="33.881251" lon="73.360541"><ele>1752.752</ele><time>2025-08-10T07:12:32.001Z</time></trkpt><trkpt lat="33.881214" lon="73.360465"><ele>1752.053</ele><time>2025-08-10T07:12:33.001Z</time></trkpt><trkpt lat="33.881166" lon="73.360406"><ele>1750.608</ele><time>2025-08-10T07:12:34.001Z</time></trkpt><trkpt lat="33.881104" lon="73.360364"><ele>1749.309</ele><time>2025-08-10T07:12:35.001Z</time></trkpt><trkpt lat="33.881020" lon="73.360341"><ele>1748.237</ele><time>2025-08-10T07:12:36.001Z</time></trkpt><trkpt lat="33.880932" lon="73.360328"><ele>1747.377</ele><time>2025-08-10T07:12:37.001Z</time></trkpt><trkpt lat="33.880850" lon="73.360319"><ele>1746.591</ele><time>2025-08-10T07:12:38.001Z</time></trkpt><trkpt lat="33.880769" lon="73.360307"><ele>1745.885</ele><time>2025-08-10T07:12:39.001Z</time></trkpt><trkpt lat="33.880690" lon="73.360287"><ele>1745.159</ele><time>2025-08-10T07:12:40.001Z</time></trkpt><trkpt lat="33.880614" lon="73.360269"><ele>1744.595</ele><time>2025-08-10T07:12:41.001Z</time></trkpt><trkpt lat="33.880537" lon="73.360250"><ele>1743.998</ele><time>2025-08-10T07:12:42.002Z</time></trkpt><trkpt lat="33.880459" lon="73.360236"><ele>1743.477</ele><time>2025-08-10T07:12:43.002Z</time></trkpt><trkpt lat="33.880384" lon="73.360228"><ele>1743.028</ele><time>2025-08-10T07:12:44.002Z</time></trkpt><trkpt lat="33.880303" lon="73.360230"><ele>1742.739</ele><time>2025-08-10T07:12:45.002Z</time></trkpt><trkpt lat="33.880224" lon="73.360238"><ele>1742.401</ele><time>2025-08-10T07:12:46.002Z</time></trkpt><trkpt lat="33.880156" lon="73.360247"><ele>1742.121</ele><time>2025-08-10T07:12:47.002Z</time></trkpt><trkpt lat="33.880106" lon="73.360249"><ele>1741.709</ele><time>2025-08-10T07:12:48.001Z</time></trkpt><trkpt lat="33.880040" lon="73.360204"><ele>1741.145</ele><time>2025-08-10T07:12:50.001Z</time></trkpt><trkpt lat="33.880052" lon="73.360115"><ele>1740.895</ele><time>2025-08-10T07:12:52.001Z</time></trkpt><trkpt lat="33.880100" lon="73.360066"><ele>1739.369</ele><time>2025-08-10T07:12:53.001Z</time></trkpt><trkpt lat="33.880160" lon="73.360027"><ele>1737.883</ele><time>2025-08-10T07:12:54.001Z</time></trkpt><trkpt lat="33.880224" lon="73.359984"><ele>1737.377</ele><time>2025-08-10T07:12:55.002Z</time></trkpt><trkpt lat="33.880288" lon="73.359941"><ele>1736.783</ele><time>2025-08-10T07:12:56.002Z</time></trkpt><trkpt lat="33.880348" lon="73.359898"><ele>1736.066</ele><time>2025-08-10T07:12:57.002Z</time></trkpt><trkpt lat="33.880404" lon="73.359853"><ele>1735.125</ele><time>2025-08-10T07:12:58.002Z</time></trkpt><trkpt lat="33.880457" lon="73.359806"><ele>1734.136</ele><time>2025-08-10T07:12:59.002Z</time></trkpt><trkpt lat="33.880517" lon="73.359763"><ele>1733.021</ele><time>2025-08-10T07:13:00.002Z</time></trkpt><trkpt lat="33.880566" lon="73.359724"><ele>1732.541</ele><time>2025-08-10T07:13:01.002Z</time></trkpt><trkpt lat="33.880610" lon="73.359691"><ele>1731.405</ele><time>2025-08-10T07:13:02.002Z</time></trkpt><trkpt lat="33.880662" lon="73.359681"><ele>1730.409</ele><time>2025-08-10T07:13:03.002Z</time></trkpt><trkpt lat="33.880724" lon="73.359707"><ele>1729.564</ele><time>2025-08-10T07:13:04.002Z</time></trkpt><trkpt lat="33.880784" lon="73.359751"><ele>1728.754</ele><time>2025-08-10T07:13:05.002Z</time></trkpt><trkpt lat="33.880838" lon="73.359803"><ele>1728.068</ele><time>2025-08-10T07:13:06.002Z</time></trkpt><trkpt lat="33.880894" lon="73.359847"><ele>1727.282</ele><time>2025-08-10T07:13:07.002Z</time></trkpt><trkpt lat="33.880957" lon="73.359895"><ele>1726.766</ele><time>2025-08-10T07:13:08.002Z</time></trkpt><trkpt lat="33.881018" lon="73.359926"><ele>1726.342</ele><time>2025-08-10T07:13:09.002Z</time></trkpt><trkpt lat="33.881081" lon="73.359954"><ele>1725.965</ele><time>2025-08-10T07:13:10.002Z</time></trkpt><trkpt lat="33.881151" lon="73.359976"><ele>1725.574</ele><time>2025-08-10T07:13:11.002Z</time></trkpt><trkpt lat="33.881214" lon="73.359976"><ele>1725.345</ele><time>2025-08-10T07:13:12.002Z</time></trkpt><trkpt lat="33.881274" lon="73.359976"><ele>1724.992</ele><time>2025-08-10T07:13:13.002Z</time></trkpt><trkpt lat="33.881334" lon="73.359978"><ele>1724.673</ele><time>2025-08-10T07:13:14.002Z</time></trkpt><trkpt lat="33.881389" lon="73.360007"><ele>1724.420</ele><time>2025-08-10T07:13:15.002Z</time></trkpt><trkpt lat="33.881444" lon="73.360069"><ele>1724.309</ele><time>2025-08-10T07:13:16.002Z</time></trkpt><trkpt lat="33.881489" lon="73.360143"><ele>1724.291</ele><time>2025-08-10T07:13:17.002Z</time></trkpt><trkpt lat="33.881533" lon="73.360211"><ele>1724.191</ele><time>2025-08-10T07:13:18.002Z</time></trkpt><trkpt lat="33.881577" lon="73.360282"><ele>1723.995</ele><time>2025-08-10T07:13:19.002Z</time></trkpt><trkpt lat="33.881617" lon="73.360357"><ele>1723.639</ele><time>2025-08-10T07:13:20.002Z</time></trkpt><trkpt lat="33.881666" lon="73.360416"><ele>1723.283</ele><time>2025-08-10T07:13:21.002Z</time></trkpt><trkpt lat="33.881730" lon="73.360454"><ele>1722.749</ele><time>2025-08-10T07:13:22.002Z</time></trkpt><trkpt lat="33.881809" lon="73.360471"><ele>1722.132</ele><time>2025-08-10T07:13:23.002Z</time></trkpt><trkpt lat="33.881900" lon="73.360470"><ele>1721.541</ele><time>2025-08-10T07:13:24.002Z</time></trkpt><trkpt lat="33.881987" lon="73.360479"><ele>1720.842</ele><time>2025-08-10T07:13:25.002Z</time></trkpt><trkpt lat="33.882079" lon="73.360492"><ele>1719.745</ele><time>2025-08-10T07:13:26.002Z</time></trkpt><trkpt lat="33.882162" lon="73.360513"><ele>1719.347</ele><time>2025-08-10T07:13:27.002Z</time></trkpt><trkpt lat="33.882246" lon="73.360520"><ele>1718.511</ele><time>2025-08-10T07:13:28.002Z</time></trkpt><trkpt lat="33.882327" lon="73.360514"><ele>1717.609</ele><time>2025-08-10T07:13:29.002Z</time></trkpt><trkpt lat="33.882413" lon="73.360503"><ele>1716.716</ele><time>2025-08-10T07:13:30.002Z</time></trkpt><trkpt lat="33.882489" lon="73.360490"><ele>1715.916</ele><time>2025-08-10T07:13:31.002Z</time></trkpt><trkpt lat="33.882552" lon="73.360446"><ele>1715.190</ele><time>2025-08-10T07:13:32.002Z</time></trkpt><trkpt lat="33.882630" lon="73.360402"><ele>1714.484</ele><time>2025-08-10T07:13:33.002Z</time></trkpt><trkpt lat="33.882705" lon="73.360351"><ele>1713.918</ele><time>2025-08-10T07:13:34.002Z</time></trkpt><trkpt lat="33.882777" lon="73.360293"><ele>1713.454</ele><time>2025-08-10T07:13:35.002Z</time></trkpt><trkpt lat="33.882857" lon="73.360251"><ele>1712.987</ele><time>2025-08-10T07:13:36.002Z</time></trkpt><trkpt lat="33.882929" lon="73.360209"><ele>1712.456</ele><time>2025-08-10T07:13:37.002Z</time></trkpt><trkpt lat="33.882999" lon="73.360179"><ele>1711.877</ele><time>2025-08-10T07:13:38.002Z</time></trkpt><trkpt lat="33.883077" lon="73.360176"><ele>1711.262</ele><time>2025-08-10T07:13:39.002Z</time></trkpt><trkpt lat="33.883148" lon="73.360180"><ele>1710.683</ele><time>2025-08-10T07:13:40.002Z</time></trkpt><trkpt lat="33.883221" lon="73.360188"><ele>1710.011</ele><time>2025-08-10T07:13:41.002Z</time></trkpt><trkpt lat="33.883285" lon="73.360185"><ele>1709.509</ele><time>2025-08-10T07:13:42.002Z</time></trkpt><trkpt lat="33.883352" lon="73.360176"><ele>1709.078</ele><time>2025-08-10T07:13:43.002Z</time></trkpt><trkpt lat="33.883419" lon="73.360150"><ele>1708.578</ele><time>2025-08-10T07:13:44.002Z</time></trkpt><trkpt lat="33.883486" lon="73.360153"><ele>1708.352</ele><time>2025-08-10T07:13:45.002Z</time></trkpt><trkpt lat="33.883562" lon="73.360181"><ele>1707.676</ele><time>2025-08-10T07:13:46.002Z</time></trkpt><trkpt lat="33.883633" lon="73.360228"><ele>1707.130</ele><time>2025-08-10T07:13:47.002Z</time></trkpt><trkpt lat="33.883685" lon="73.360290"><ele>1706.676</ele><time>2025-08-10T07:13:48.002Z</time></trkpt><trkpt lat="33.883739" lon="73.360351"><ele>1706.149</ele><time>2025-08-10T07:13:49.002Z</time></trkpt><trkpt lat="33.883783" lon="73.360403"><ele>1705.578</ele><time>2025-08-10T07:13:50.002Z</time></trkpt><trkpt lat="33.883816" lon="73.360443"><ele>1705.269</ele><time>2025-08-10T07:13:51.002Z</time></trkpt><trkpt lat="33.883867" lon="73.360472"><ele>1704.612</ele><time>2025-08-10T07:13:53.002Z</time></trkpt><trkpt lat="33.883889" lon="73.360384"><ele>1704.032</ele><time>2025-08-10T07:13:55.002Z</time></trkpt><trkpt lat="33.883868" lon="73.360319"><ele>1703.105</ele><time>2025-08-10T07:13:56.002Z</time></trkpt><trkpt lat="33.883832" lon="73.360268"><ele>1702.609</ele><time>2025-08-10T07:13:57.002Z</time></trkpt><trkpt lat="33.883791" lon="73.360232"><ele>1702.433</ele><time>2025-08-10T07:13:58.002Z</time></trkpt><trkpt lat="33.883742" lon="73.360207"><ele>1702.233</ele><time>2025-08-10T07:13:59.002Z</time></trkpt><trkpt lat="33.883676" lon="73.360176"><ele>1702.017</ele><time>2025-08-10T07:14:00.002Z</time></trkpt><trkpt lat="33.883617" lon="73.360127"><ele>1701.891</ele><time>2025-08-10T07:14:01.002Z</time></trkpt><trkpt lat="33.883563" lon="73.360079"><ele>1701.585</ele><time>2025-08-10T07:14:02.002Z</time></trkpt><trkpt lat="33.883501" lon="73.360043"><ele>1701.171</ele><time>2025-08-10T07:14:03.002Z</time></trkpt><trkpt lat="33.883431" lon="73.360012"><ele>1700.944</ele><time>2025-08-10T07:14:04.002Z</time></trkpt><trkpt lat="33.883353" lon="73.359983"><ele>1700.663</ele><time>2025-08-10T07:14:05.002Z</time></trkpt><trkpt lat="33.883263" lon="73.359956"><ele>1700.334</ele><time>2025-08-10T07:14:06.002Z</time></trkpt><trkpt lat="33.883179" lon="73.359939"><ele>1699.973</ele><time>2025-08-10T07:14:07.002Z</time></trkpt><trkpt lat="33.883098" lon="73.359928"><ele>1699.585</ele><time>2025-08-10T07:14:08.002Z</time></trkpt><trkpt lat="33.883014" lon="73.359925"><ele>1699.013</ele><time>2025-08-10T07:14:09.002Z</time></trkpt><trkpt lat="33.882925" lon="73.359946"><ele>1698.409</ele><time>2025-08-10T07:14:10.002Z</time></trkpt><trkpt lat="33.882830" lon="73.359972"><ele>1697.659</ele><time>2025-08-10T07:14:11.002Z</time></trkpt><trkpt lat="33.882743" lon="73.359999"><ele>1697.189</ele><time>2025-08-10T07:14:12.002Z</time></trkpt><trkpt lat="33.882667" lon="73.360017"><ele>1696.873</ele><time>2025-08-10T07:14:13.002Z</time></trkpt><trkpt lat="33.882601" lon="73.360006"><ele>1696.257</ele><time>2025-08-10T07:14:14.002Z</time></trkpt><trkpt lat="33.882545" lon="73.359967"><ele>1695.651</ele><time>2025-08-10T07:14:15.002Z</time></trkpt><trkpt lat="33.882513" lon="73.359919"><ele>1695.367</ele><time>2025-08-10T07:14:16.002Z</time></trkpt><trkpt lat="33.882494" lon="73.359856"><ele>1694.830</ele><time>2025-08-10T07:14:17.002Z</time></trkpt><trkpt lat="33.882497" lon="73.359793"><ele>1694.399</ele><time>2025-08-10T07:14:18.002Z</time></trkpt><trkpt lat="33.882516" lon="73.359729"><ele>1693.860</ele><time>2025-08-10T07:14:19.002Z</time></trkpt><trkpt lat="33.882551" lon="73.359676"><ele>1693.412</ele><time>2025-08-10T07:14:20.002Z</time></trkpt><trkpt lat="33.882604" lon="73.359644"><ele>1692.932</ele><time>2025-08-10T07:14:21.002Z</time></trkpt><trkpt lat="33.882674" lon="73.359635"><ele>1692.405</ele><time>2025-08-10T07:14:22.002Z</time></trkpt><trkpt lat="33.882746" lon="73.359668"><ele>1691.909</ele><time>2025-08-10T07:14:23.002Z</time></trkpt><trkpt lat="33.882820" lon="73.359697"><ele>1691.233</ele><time>2025-08-10T07:14:24.002Z</time></trkpt><trkpt lat="33.882888" lon="73.359707"><ele>1690.873</ele><time>2025-08-10T07:14:25.002Z</time></trkpt><trkpt lat="33.882965" lon="73.359709"><ele>1690.517</ele><time>2025-08-10T07:14:26.002Z</time></trkpt><trkpt lat="33.883043" lon="73.359716"><ele>1690.371</ele><time>2025-08-10T07:14:27.002Z</time></trkpt><trkpt lat="33.883123" lon="73.359713"><ele>1690.265</ele><time>2025-08-10T07:14:28.002Z</time></trkpt><trkpt lat="33.883205" lon="73.359722"><ele>1690.151</ele><time>2025-08-10T07:14:29.002Z</time></trkpt><trkpt lat="33.883290" lon="73.359724"><ele>1690.044</ele><time>2025-08-10T07:14:30.002Z</time></trkpt><trkpt lat="33.883375" lon="73.359745"><ele>1689.963</ele><time>2025-08-10T07:14:31.002Z</time></trkpt><trkpt lat="33.883460" lon="73.359777"><ele>1689.964</ele><time>2025-08-10T07:14:32.002Z</time></trkpt><trkpt lat="33.883541" lon="73.359799"><ele>1689.847</ele><time>2025-08-10T07:14:33.002Z</time></trkpt><trkpt lat="33.883622" lon="73.359835"><ele>1689.729</ele><time>2025-08-10T07:14:34.002Z</time></trkpt><trkpt lat="33.883694" lon="73.359872"><ele>1689.621</ele><time>2025-08-10T07:14:35.002Z</time></trkpt><trkpt lat="33.883754" lon="73.359917"><ele>1689.409</ele><time>2025-08-10T07:14:36.002Z</time></trkpt><trkpt lat="33.883820" lon="73.359974"><ele>1689.276</ele><time>2025-08-10T07:14:37.002Z</time></trkpt><trkpt lat="33.883885" lon="73.360038"><ele>1689.046</ele><time>2025-08-10T07:14:38.002Z</time></trkpt><trkpt lat="33.883953" lon="73.360096"><ele>1688.850</ele><time>2025-08-10T07:14:39.002Z</time></trkpt><trkpt lat="33.884027" lon="73.360142"><ele>1688.654</ele><time>2025-08-10T07:14:40.002Z</time></trkpt><trkpt lat="33.884097" lon="73.360193"><ele>1688.398</ele><time>2025-08-10T07:14:41.002Z</time></trkpt><trkpt lat="33.884166" lon="73.360238"><ele>1688.044</ele><time>2025-08-10T07:14:42.002Z</time></trkpt><trkpt lat="33.884240" lon="73.360276"><ele>1687.727</ele><time>2025-08-10T07:14:43.002Z</time></trkpt><trkpt lat="33.884309" lon="73.360305"><ele>1687.466</ele><time>2025-08-10T07:14:44.002Z</time></trkpt><trkpt lat="33.884368" lon="73.360328"><ele>1687.167</ele><time>2025-08-10T07:14:45.002Z</time></trkpt><trkpt lat="33.884426" lon="73.360354"><ele>1686.883</ele><time>2025-08-10T07:14:46.002Z</time></trkpt><trkpt lat="33.884480" lon="73.360377"><ele>1686.625</ele><time>2025-08-10T07:14:47.002Z</time></trkpt><trkpt lat="33.884528" lon="73.360386"><ele>1686.317</ele><time>2025-08-10T07:14:48.002Z</time></trkpt><trkpt lat="33.884598" lon="73.360409"><ele>1686.009</ele><time>2025-08-10T07:14:50.002Z</time></trkpt><trkpt lat="33.884642" lon="73.360422"><ele>1685.830</ele><time>2025-08-10T07:14:52.002Z</time></trkpt><trkpt lat="33.884706" lon="73.360388"><ele>1685.890</ele><time>2025-08-10T07:15:49.001Z</time></trkpt><trkpt lat="33.884772" lon="73.360387"><ele>1685.834</ele><time>2025-08-10T07:15:51.001Z</time></trkpt><trkpt lat="33.884828" lon="73.360394"><ele>1686.018</ele><time>2025-08-10T07:15:53.001Z</time></trkpt><trkpt lat="33.884841" lon="73.360330"><ele>1686.042</ele><time>2025-08-10T07:16:01.001Z</time></trkpt><trkpt lat="33.884794" lon="73.360291"><ele>1686.078</ele><time>2025-08-10T07:16:04.001Z</time></trkpt><trkpt lat="33.884738" lon="73.360302"><ele>1684.921</ele><time>2025-08-10T07:16:07.001Z</time></trkpt><trkpt lat="33.884683" lon="73.360317"><ele>1684.710</ele><time>2025-08-10T07:16:54.001Z</time></trkpt><trkpt lat="33.884609" lon="73.360303"><ele>1684.411</ele><time>2025-08-10T07:16:56.001Z</time></trkpt><trkpt lat="33.884562" lon="73.360288"><ele>1683.891</ele><time>2025-08-10T07:16:57.001Z</time></trkpt><trkpt lat="33.884517" lon="73.360272"><ele>1683.781</ele><time>2025-08-10T07:16:58.001Z</time></trkpt><trkpt lat="33.884472" lon="73.360262"><ele>1683.619</ele><time>2025-08-10T07:16:59.001Z</time></trkpt><trkpt lat="33.884398" lon="73.360242"><ele>1683.509</ele><time>2025-08-10T07:17:01.001Z</time></trkpt><trkpt lat="33.884324" lon="73.360203"><ele>1683.591</ele><time>2025-08-10T07:17:03.002Z</time></trkpt><trkpt lat="33.884282" lon="73.360165"><ele>1682.741</ele><time>2025-08-10T07:17:04.002Z</time></trkpt><trkpt lat="33.884232" lon="73.360122"><ele>1682.015</ele><time>2025-08-10T07:17:05.002Z</time></trkpt><trkpt lat="33.884176" lon="73.360088"><ele>1681.939</ele><time>2025-08-10T07:17:06.001Z</time></trkpt><trkpt lat="33.884121" lon="73.360040"><ele>1681.793</ele><time>2025-08-10T07:17:07.001Z</time></trkpt><trkpt lat="33.884063" lon="73.359991"><ele>1681.529</ele><time>2025-08-10T07:17:08.001Z</time></trkpt><trkpt lat="33.884009" lon="73.359942"><ele>1681.292</ele><time>2025-08-10T07:17:09.001Z</time></trkpt><trkpt lat="33.883952" lon="73.359896"><ele>1680.711</ele><time>2025-08-10T07:17:10.001Z</time></trkpt><trkpt lat="33.883890" lon="73.359850"><ele>1680.322</ele><time>2025-08-10T07:17:11.001Z</time></trkpt><trkpt lat="33.883834" lon="73.359804"><ele>1679.935</ele><time>2025-08-10T07:17:12.001Z</time></trkpt><trkpt lat="33.883778" lon="73.359758"><ele>1679.686</ele><time>2025-08-10T07:17:13.001Z</time></trkpt><trkpt lat="33.883720" lon="73.359716"><ele>1679.314</ele><time>2025-08-10T07:17:14.001Z</time></trkpt><trkpt lat="33.883661" lon="73.359678"><ele>1679.109</ele><time>2025-08-10T07:17:15.001Z</time></trkpt><trkpt lat="33.883597" lon="73.359646"><ele>1678.795</ele><time>2025-08-10T07:17:16.001Z</time></trkpt><trkpt lat="33.883538" lon="73.359614"><ele>1678.675</ele><time>2025-08-10T07:17:17.001Z</time></trkpt><trkpt lat="33.883476" lon="73.359587"><ele>1678.369</ele><time>2025-08-10T07:17:18.001Z</time></trkpt><trkpt lat="33.883416" lon="73.359555"><ele>1678.063</ele><time>2025-08-10T07:17:19.001Z</time></trkpt><trkpt lat="33.883359" lon="73.359523"><ele>1677.727</ele><time>2025-08-10T07:17:20.001Z</time></trkpt><trkpt lat="33.883304" lon="73.359500"><ele>1677.453</ele><time>2025-08-10T07:17:21.001Z</time></trkpt><trkpt lat="33.883263" lon="73.359462"><ele>1677.146</ele><time>2025-08-10T07:17:22.001Z</time></trkpt><trkpt lat="33.883218" lon="73.359431"><ele>1676.755</ele><time>2025-08-10T07:17:23.001Z</time></trkpt><trkpt lat="33.883138" lon="73.359390"><ele>1676.376</ele><time>2025-08-10T07:17:25.001Z</time></trkpt><trkpt lat="33.883086" lon="73.359355"><ele>1675.938</ele><time>2025-08-10T07:17:27.001Z</time></trkpt><trkpt lat="33.883045" lon="73.359326"><ele>1675.270</ele><time>2025-08-10T07:17:31.001Z</time></trkpt><trkpt lat="33.882997" lon="73.359282"><ele>1674.617</ele><time>2025-08-10T07:17:35.001Z</time></trkpt><trkpt lat="33.882948" lon="73.359238"><ele>1673.809</ele><time>2025-08-10T07:17:38.001Z</time></trkpt><trkpt lat="33.882911" lon="73.359187"><ele>1673.465</ele><time>2025-08-10T07:17:41.001Z</time></trkpt><trkpt lat="33.882873" lon="73.359149"><ele>1673.075</ele><time>2025-08-10T07:17:43.001Z</time></trkpt><trkpt lat="33.882838" lon="73.359112"><ele>1672.579</ele><time>2025-08-10T07:17:45.001Z</time></trkpt><trkpt lat="33.882803" lon="73.359074"><ele>1672.353</ele><time>2025-08-10T07:17:47.001Z</time></trkpt><trkpt lat="33.882748" lon="73.359021"><ele>1671.857</ele><time>2025-08-10T07:17:50.001Z</time></trkpt><trkpt lat="33.882692" lon="73.358963"><ele>1671.523</ele><time>2025-08-10T07:17:52.001Z</time></trkpt><trkpt lat="33.882623" lon="73.358890"><ele>1671.226</ele><time>2025-08-10T07:17:54.001Z</time></trkpt><trkpt lat="33.882581" lon="73.358854"><ele>1671.115</ele><time>2025-08-10T07:17:55.001Z</time></trkpt><trkpt lat="33.882536" lon="73.358818"><ele>1671.026</ele><time>2025-08-10T07:17:56.001Z</time></trkpt><trkpt lat="33.882487" lon="73.358786"><ele>1670.913</ele><time>2025-08-10T07:17:57.001Z</time></trkpt><trkpt lat="33.882438" lon="73.358746"><ele>1670.743</ele><time>2025-08-10T07:17:58.001Z</time></trkpt><trkpt lat="33.882384" lon="73.358708"><ele>1670.507</ele><time>2025-08-10T07:17:59.001Z</time></trkpt><trkpt lat="33.882330" lon="73.358665"><ele>1670.309</ele><time>2025-08-10T07:18:00.001Z</time></trkpt><trkpt lat="33.882272" lon="73.358629"><ele>1670.163</ele><time>2025-08-10T07:18:01.001Z</time></trkpt><trkpt lat="33.882216" lon="73.358584"><ele>1669.943</ele><time>2025-08-10T07:18:02.001Z</time></trkpt><trkpt lat="33.882156" lon="73.358542"><ele>1669.797</ele><time>2025-08-10T07:18:03.001Z</time></trkpt><trkpt lat="33.882092" lon="73.358501"><ele>1669.231</ele><time>2025-08-10T07:18:04.001Z</time></trkpt><trkpt lat="33.882023" lon="73.358470"><ele>1668.985</ele><time>2025-08-10T07:18:05.001Z</time></trkpt><trkpt lat="33.881952" lon="73.358449"><ele>1668.661</ele><time>2025-08-10T07:18:06.001Z</time></trkpt><trkpt lat="33.881879" lon="73.358442"><ele>1668.334</ele><time>2025-08-10T07:18:07.001Z</time></trkpt><trkpt lat="33.881803" lon="73.358447"><ele>1668.043</ele><time>2025-08-10T07:18:08.001Z</time></trkpt><trkpt lat="33.881725" lon="73.358456"><ele>1667.794</ele><time>2025-08-10T07:18:09.001Z</time></trkpt><trkpt lat="33.881641" lon="73.358458"><ele>1667.414</ele><time>2025-08-10T07:18:10.001Z</time></trkpt><trkpt lat="33.881568" lon="73.358458"><ele>1667.054</ele><time>2025-08-10T07:18:11.001Z</time></trkpt><trkpt lat="33.881509" lon="73.358442"><ele>1666.609</ele><time>2025-08-10T07:18:12.001Z</time></trkpt><trkpt lat="33.881457" lon="73.358423"><ele>1666.209</ele><time>2025-08-10T07:18:13.001Z</time></trkpt><trkpt lat="33.881397" lon="73.358414"><ele>1666.053</ele><time>2025-08-10T07:18:14.001Z</time></trkpt><trkpt lat="33.881334" lon="73.358402"><ele>1665.623</ele><time>2025-08-10T07:18:15.001Z</time></trkpt><trkpt lat="33.881289" lon="73.358385"><ele>1665.277</ele><time>2025-08-10T07:18:16.001Z</time></trkpt><trkpt lat="33.881215" lon="73.358361"><ele>1664.971</ele><time>2025-08-10T07:18:18.001Z</time></trkpt><trkpt lat="33.881144" lon="73.358339"><ele>1664.575</ele><time>2025-08-10T07:18:20.001Z</time></trkpt><trkpt lat="33.881099" lon="73.358318"><ele>1663.951</ele><time>2025-08-10T07:18:21.001Z</time></trkpt><trkpt lat="33.881038" lon="73.358299"><ele>1663.314</ele><time>2025-08-10T07:18:22.001Z</time></trkpt><trkpt lat="33.880979" lon="73.358296"><ele>1663.123</ele><time>2025-08-10T07:18:23.001Z</time></trkpt><trkpt lat="33.880917" lon="73.358280"><ele>1662.994</ele><time>2025-08-10T07:18:24.001Z</time></trkpt><trkpt lat="33.880846" lon="73.358260"><ele>1662.823</ele><time>2025-08-10T07:18:25.001Z</time></trkpt><trkpt lat="33.880782" lon="73.358235"><ele>1662.683</ele><time>2025-08-10T07:18:26.001Z</time></trkpt><trkpt lat="33.880721" lon="73.358206"><ele>1662.411</ele><time>2025-08-10T07:18:27.001Z</time></trkpt><trkpt lat="33.880657" lon="73.358177"><ele>1662.009</ele><time>2025-08-10T07:18:28.001Z</time></trkpt><trkpt lat="33.880599" lon="73.358143"><ele>1661.974</ele><time>2025-08-10T07:18:29.001Z</time></trkpt><trkpt lat="33.880538" lon="73.358107"><ele>1661.634</ele><time>2025-08-10T07:18:30.001Z</time></trkpt><trkpt lat="33.880478" lon="73.358071"><ele>1661.478</ele><time>2025-08-10T07:18:31.001Z</time></trkpt><trkpt lat="33.880415" lon="73.358029"><ele>1661.072</ele><time>2025-08-10T07:18:32.001Z</time></trkpt><trkpt lat="33.880349" lon="73.357982"><ele>1660.756</ele><time>2025-08-10T07:18:33.001Z</time></trkpt><trkpt lat="33.880288" lon="73.357926"><ele>1660.372</ele><time>2025-08-10T07:18:34.001Z</time></trkpt><trkpt lat="33.880233" lon="73.357849"><ele>1659.955</ele><time>2025-08-10T07:18:35.001Z</time></trkpt><trkpt lat="33.880196" lon="73.357765"><ele>1659.584</ele><time>2025-08-10T07:18:36.001Z</time></trkpt><trkpt lat="33.880170" lon="73.357683"><ele>1659.135</ele><time>2025-08-10T07:18:37.001Z</time></trkpt><trkpt lat="33.880146" lon="73.357598"><ele>1658.899</ele><time>2025-08-10T07:18:38.001Z</time></trkpt><trkpt lat="33.880128" lon="73.357516"><ele>1658.507</ele><time>2025-08-10T07:18:39.001Z</time></trkpt><trkpt lat="33.880123" lon="73.357423"><ele>1658.327</ele><time>2025-08-10T07:18:40.001Z</time></trkpt><trkpt lat="33.880130" lon="73.357327"><ele>1658.109</ele><time>2025-08-10T07:18:41.001Z</time></trkpt><trkpt lat="33.880161" lon="73.357220"><ele>1657.991</ele><time>2025-08-10T07:18:42.001Z</time></trkpt><trkpt lat="33.880155" lon="73.357121"><ele>1657.631</ele><time>2025-08-10T07:18:43.001Z</time></trkpt><trkpt lat="33.880156" lon="73.357022"><ele>1657.315</ele><time>2025-08-10T07:18:44.001Z</time></trkpt><trkpt lat="33.880148" lon="73.356926"><ele>1656.919</ele><time>2025-08-10T07:18:45.001Z</time></trkpt><trkpt lat="33.880131" lon="73.356829"><ele>1656.443</ele><time>2025-08-10T07:18:46.001Z</time></trkpt><trkpt lat="33.880108" lon="73.356734"><ele>1655.979</ele><time>2025-08-10T07:18:47.001Z</time></trkpt><trkpt lat="33.880074" lon="73.356637"><ele>1655.412</ele><time>2025-08-10T07:18:48.001Z</time></trkpt><trkpt lat="33.880041" lon="73.356550"><ele>1654.971</ele><time>2025-08-10T07:18:49.001Z</time></trkpt><trkpt lat="33.880004" lon="73.356451"><ele>1654.462</ele><time>2025-08-10T07:18:50.001Z</time></trkpt><trkpt lat="33.879965" lon="73.356362"><ele>1654.057</ele><time>2025-08-10T07:18:51.001Z</time></trkpt><trkpt lat="33.879939" lon="73.356277"><ele>1653.600</ele><time>2025-08-10T07:18:52.001Z</time></trkpt><trkpt lat="33.879922" lon="73.356197"><ele>1653.220</ele><time>2025-08-10T07:18:53.001Z</time></trkpt><trkpt lat="33.879930" lon="73.356107"><ele>1652.809</ele><time>2025-08-10T07:18:54.001Z</time></trkpt><trkpt lat="33.879956" lon="73.356011"><ele>1652.437</ele><time>2025-08-10T07:18:55.001Z</time></trkpt><trkpt lat="33.879988" lon="73.355925"><ele>1652.067</ele><time>2025-08-10T07:18:56.001Z</time></trkpt><trkpt lat="33.880035" lon="73.355840"><ele>1651.761</ele><time>2025-08-10T07:18:57.001Z</time></trkpt><trkpt lat="33.880075" lon="73.355764"><ele>1651.495</ele><time>2025-08-10T07:18:58.001Z</time></trkpt><trkpt lat="33.880118" lon="73.355689"><ele>1651.139</ele><time>2025-08-10T07:18:59.001Z</time></trkpt><trkpt lat="33.880177" lon="73.355628"><ele>1650.885</ele><time>2025-08-10T07:19:00.001Z</time></trkpt><trkpt lat="33.880238" lon="73.355592"><ele>1650.478</ele><time>2025-08-10T07:19:01.001Z</time></trkpt><trkpt lat="33.880305" lon="73.355548"><ele>1650.017</ele><time>2025-08-10T07:19:02.001Z</time></trkpt><trkpt lat="33.880366" lon="73.355502"><ele>1649.648</ele><time>2025-08-10T07:19:03.001Z</time></trkpt><trkpt lat="33.880424" lon="73.355454"><ele>1649.369</ele><time>2025-08-10T07:19:04Z</time></trkpt><trkpt lat="33.880476" lon="73.355397"><ele>1649.004</ele><time>2025-08-10T07:19:05Z</time></trkpt><trkpt lat="33.880523" lon="73.355313"><ele>1648.624</ele><time>2025-08-10T07:19:06Z</time></trkpt><trkpt lat="33.880582" lon="73.355237"><ele>1648.209</ele><time>2025-08-10T07:19:07Z</time></trkpt><trkpt lat="33.880638" lon="73.355167"><ele>1647.898</ele><time>2025-08-10T07:19:08Z</time></trkpt><trkpt lat="33.880700" lon="73.355105"><ele>1647.458</ele><time>2025-08-10T07:19:09Z</time></trkpt><trkpt lat="33.880752" lon="73.355041"><ele>1647.072</ele><time>2025-08-10T07:19:10.001Z</time></trkpt><trkpt lat="33.880814" lon="73.354970"><ele>1646.546</ele><time>2025-08-10T07:19:11.001Z</time></trkpt><trkpt lat="33.880852" lon="73.354891"><ele>1646.130</ele><time>2025-08-10T07:19:12Z</time></trkpt><trkpt lat="33.880889" lon="73.354803"><ele>1645.726</ele><time>2025-08-10T07:19:12.999Z</time></trkpt><trkpt lat="33.880937" lon="73.354710"><ele>1645.319</ele><time>2025-08-10T07:19:13.999Z</time></trkpt><trkpt lat="33.880984" lon="73.354624"><ele>1644.958</ele><time>2025-08-10T07:19:14.999Z</time></trkpt><trkpt lat="33.881035" lon="73.354542"><ele>1644.539</ele><time>2025-08-10T07:19:15.999Z</time></trkpt><trkpt lat="33.881077" lon="73.354465"><ele>1644.168</ele><time>2025-08-10T07:19:16.999Z</time></trkpt><trkpt lat="33.881125" lon="73.354392"><ele>1643.642</ele><time>2025-08-10T07:19:17.999Z</time></trkpt><trkpt lat="33.881183" lon="73.354336"><ele>1643.126</ele><time>2025-08-10T07:19:18.999Z</time></trkpt><trkpt lat="33.881241" lon="73.354276"><ele>1642.709</ele><time>2025-08-10T07:19:19.999Z</time></trkpt><trkpt lat="33.881283" lon="73.354194"><ele>1642.348</ele><time>2025-08-10T07:19:20.999Z</time></trkpt><trkpt lat="33.881330" lon="73.354116"><ele>1641.978</ele><time>2025-08-10T07:19:21.999Z</time></trkpt><trkpt lat="33.881368" lon="73.354033"><ele>1641.572</ele><time>2025-08-10T07:19:22.999Z</time></trkpt><trkpt lat="33.881401" lon="73.353939"><ele>1641.016</ele><time>2025-08-10T07:19:23.999Z</time></trkpt><trkpt lat="33.881426" lon="73.353840"><ele>1640.580</ele><time>2025-08-10T07:19:24.999Z</time></trkpt><trkpt lat="33.881434" lon="73.353744"><ele>1640.026</ele><time>2025-08-10T07:19:25.999Z</time></trkpt><trkpt lat="33.881429" lon="73.353651"><ele>1639.439</ele><time>2025-08-10T07:19:26.999Z</time></trkpt><trkpt lat="33.881412" lon="73.353559"><ele>1638.958</ele><time>2025-08-10T07:19:27.999Z</time></trkpt><trkpt lat="33.881388" lon="73.353460"><ele>1638.539</ele><time>2025-08-10T07:19:28.999Z</time></trkpt><trkpt lat="33.881368" lon="73.353362"><ele>1638.153</ele><time>2025-08-10T07:19:29.999Z</time></trkpt><trkpt lat="33.881363" lon="73.353265"><ele>1637.704</ele><time>2025-08-10T07:19:30.999Z</time></trkpt><trkpt lat="33.881363" lon="73.353166"><ele>1637.314</ele><time>2025-08-10T07:19:31.999Z</time></trkpt><trkpt lat="33.881359" lon="73.353066"><ele>1636.909</ele><time>2025-08-10T07:19:32.999Z</time></trkpt><trkpt lat="33.881353" lon="73.352969"><ele>1636.537</ele><time>2025-08-10T07:19:33.999Z</time></trkpt><trkpt lat="33.881354" lon="73.352869"><ele>1636.167</ele><time>2025-08-10T07:19:34.999Z</time></trkpt><trkpt lat="33.881352" lon="73.352773"><ele>1635.791</ele><time>2025-08-10T07:19:35.999Z</time></trkpt><trkpt lat="33.881351" lon="73.352670"><ele>1635.395</ele><time>2025-08-10T07:19:36.999Z</time></trkpt><trkpt lat="33.881351" lon="73.352572"><ele>1634.959</ele><time>2025-08-10T07:19:37.999Z</time></trkpt><trkpt lat="33.881345" lon="73.352473"><ele>1634.585</ele><time>2025-08-10T07:19:38.999Z</time></trkpt><trkpt lat="33.881340" lon="73.352377"><ele>1634.168</ele><time>2025-08-10T07:19:39.999Z</time></trkpt><trkpt lat="33.881338" lon="73.352282"><ele>1633.797</ele><time>2025-08-10T07:19:40.999Z</time></trkpt><trkpt lat="33.881327" lon="73.352184"><ele>1633.388</ele><time>2025-08-10T07:19:41.999Z</time></trkpt><trkpt lat="33.881315" lon="73.352097"><ele>1632.946</ele><time>2025-08-10T07:19:42.999Z</time></trkpt><trkpt lat="33.881301" lon="73.352003"><ele>1632.588</ele><time>2025-08-10T07:19:43.999Z</time></trkpt><trkpt lat="33.881272" lon="73.351906"><ele>1632.116</ele><time>2025-08-10T07:19:44.999Z</time></trkpt><trkpt lat="33.881225" lon="73.351827"><ele>1631.709</ele><time>2025-08-10T07:19:45.999Z</time></trkpt><trkpt lat="33.881156" lon="73.351764"><ele>1631.346</ele><time>2025-08-10T07:19:46.999Z</time></trkpt><trkpt lat="33.881089" lon="73.351712"><ele>1630.846</ele><time>2025-08-10T07:19:47.999Z</time></trkpt><trkpt lat="33.881014" lon="73.351674"><ele>1630.310</ele><time>2025-08-10T07:19:48.999Z</time></trkpt><trkpt lat="33.880940" lon="73.351649"><ele>1629.814</ele><time>2025-08-10T07:19:49.999Z</time></trkpt><trkpt lat="33.880873" lon="73.351612"><ele>1629.498</ele><time>2025-08-10T07:19:50.999Z</time></trkpt><trkpt lat="33.880801" lon="73.351563"><ele>1629.024</ele><time>2025-08-10T07:19:51.999Z</time></trkpt><trkpt lat="33.880750" lon="73.351482"><ele>1628.637</ele><time>2025-08-10T07:19:52.999Z</time></trkpt><trkpt lat="33.880725" lon="73.351368"><ele>1628.216</ele><time>2025-08-10T07:19:53.999Z</time></trkpt><trkpt lat="33.880706" lon="73.351260"><ele>1627.627</ele><time>2025-08-10T07:19:54.999Z</time></trkpt><trkpt lat="33.880710" lon="73.351156"><ele>1627.139</ele><time>2025-08-10T07:19:55.999Z</time></trkpt><trkpt lat="33.880717" lon="73.351068"><ele>1626.901</ele><time>2025-08-10T07:19:56.999Z</time></trkpt><trkpt lat="33.880719" lon="73.350975"><ele>1626.521</ele><time>2025-08-10T07:19:57.999Z</time></trkpt><trkpt lat="33.880730" lon="73.350875"><ele>1626.109</ele><time>2025-08-10T07:19:58.999Z</time></trkpt><trkpt lat="33.880732" lon="73.350777"><ele>1625.745</ele><time>2025-08-10T07:19:59.999Z</time></trkpt><trkpt lat="33.880733" lon="73.350686"><ele>1625.325</ele><time>2025-08-10T07:20:00.999Z</time></trkpt><trkpt lat="33.880739" lon="73.350585"><ele>1624.979</ele><time>2025-08-10T07:20:01.999Z</time></trkpt><trkpt lat="33.880742" lon="73.350478"><ele>1624.413</ele><time>2025-08-10T07:20:02.999Z</time></trkpt><trkpt lat="33.880739" lon="73.350374"><ele>1623.917</ele><time>2025-08-10T07:20:03.999Z</time></trkpt><trkpt lat="33.880736" lon="73.350269"><ele>1623.443</ele><time>2025-08-10T07:20:04.999Z</time></trkpt><trkpt lat="33.880738" lon="73.350173"><ele>1622.976</ele><time>2025-08-10T07:20:05.999Z</time></trkpt><trkpt lat="33.880748" lon="73.350080"><ele>1622.575</ele><time>2025-08-10T07:20:06.999Z</time></trkpt><trkpt lat="33.880757" lon="73.349968"><ele>1622.196</ele><time>2025-08-10T07:20:07.999Z</time></trkpt><trkpt lat="33.880744" lon="73.349870"><ele>1621.793</ele><time>2025-08-10T07:20:08.999Z</time></trkpt><trkpt lat="33.880729" lon="73.349772"><ele>1621.365</ele><time>2025-08-10T07:20:09.999Z</time></trkpt><trkpt lat="33.880689" lon="73.349681"><ele>1620.921</ele><time>2025-08-10T07:20:10.999Z</time></trkpt><trkpt lat="33.880638" lon="73.349592"><ele>1620.409</ele><time>2025-08-10T07:20:11.999Z</time></trkpt><trkpt lat="33.880579" lon="73.349514"><ele>1619.991</ele><time>2025-08-10T07:20:12.999Z</time></trkpt><trkpt lat="33.880530" lon="73.349437"><ele>1619.411</ele><time>2025-08-10T07:20:13.999Z</time></trkpt><trkpt lat="33.880485" lon="73.349355"><ele>1618.965</ele><time>2025-08-10T07:20:14.999Z</time></trkpt><trkpt lat="33.880448" lon="73.349271"><ele>1618.429</ele><time>2025-08-10T07:20:15.999Z</time></trkpt><trkpt lat="33.880413" lon="73.349182"><ele>1617.923</ele><time>2025-08-10T07:20:16.999Z</time></trkpt><trkpt lat="33.880389" lon="73.349097"><ele>1617.439</ele><time>2025-08-10T07:20:17.999Z</time></trkpt><trkpt lat="33.880346" lon="73.349022"><ele>1616.942</ele><time>2025-08-10T07:20:18.999Z</time></trkpt><trkpt lat="33.880296" lon="73.348934"><ele>1616.441</ele><time>2025-08-10T07:20:19.999Z</time></trkpt><trkpt lat="33.880241" lon="73.348848"><ele>1615.922</ele><time>2025-08-10T07:20:20.999Z</time></trkpt><trkpt lat="33.880187" lon="73.348770"><ele>1615.548</ele><time>2025-08-10T07:20:21.999Z</time></trkpt><trkpt lat="33.880147" lon="73.348687"><ele>1615.161</ele><time>2025-08-10T07:20:22.999Z</time></trkpt><trkpt lat="33.880122" lon="73.348580"><ele>1614.717</ele><time>2025-08-10T07:20:23.999Z</time></trkpt><trkpt lat="33.880106" lon="73.348484"><ele>1614.309</ele><time>2025-08-10T07:20:24.999Z</time></trkpt><trkpt lat="33.880093" lon="73.348385"><ele>1613.976</ele><time>2025-08-10T07:20:25.999Z</time></trkpt><trkpt lat="33.880115" lon="73.348286"><ele>1613.576</ele><time>2025-08-10T07:20:26.999Z</time></trkpt><trkpt lat="33.880141" lon="73.348193"><ele>1613.180</ele><time>2025-08-10T07:20:27.999Z</time></trkpt><trkpt lat="33.880192" lon="73.348118"><ele>1612.774</ele><time>2025-08-10T07:20:28.999Z</time></trkpt><trkpt lat="33.880250" lon="73.348035"><ele>1612.358</ele><time>2025-08-10T07:20:29.999Z</time></trkpt><trkpt lat="33.880280" lon="73.347948"><ele>1611.984</ele><time>2025-08-10T07:20:30.999Z</time></trkpt><trkpt lat="33.880282" lon="73.347859"><ele>1611.487</ele><time>2025-08-10T07:20:31.999Z</time></trkpt><trkpt lat="33.880238" lon="73.347758"><ele>1610.926</ele><time>2025-08-10T07:20:32.999Z</time></trkpt><trkpt lat="33.880189" lon="73.347676"><ele>1610.467</ele><time>2025-08-10T07:20:33.999Z</time></trkpt><trkpt lat="33.880129" lon="73.347605"><ele>1609.937</ele><time>2025-08-10T07:20:34.999Z</time></trkpt><trkpt lat="33.880084" lon="73.347520"><ele>1609.449</ele><time>2025-08-10T07:20:35.999Z</time></trkpt><trkpt lat="33.880049" lon="73.347434"><ele>1608.913</ele><time>2025-08-10T07:20:36.999Z</time></trkpt><trkpt lat="33.880034" lon="73.347325"><ele>1608.509</ele><time>2025-08-10T07:20:37.999Z</time></trkpt><trkpt lat="33.880031" lon="73.347222"><ele>1608.165</ele><time>2025-08-10T07:20:38.999Z</time></trkpt><trkpt lat="33.880033" lon="73.347121"><ele>1607.725</ele><time>2025-08-10T07:20:39.999Z</time></trkpt><trkpt lat="33.880023" lon="73.347022"><ele>1607.369</ele><time>2025-08-10T07:20:40.999Z</time></trkpt><trkpt lat="33.880026" lon="73.346928"><ele>1606.913</ele><time>2025-08-10T07:20:41.999Z</time></trkpt><trkpt lat="33.880016" lon="73.346831"><ele>1606.577</ele><time>2025-08-10T07:20:42.999Z</time></trkpt><trkpt lat="33.880004" lon="73.346745"><ele>1606.143</ele><time>2025-08-10T07:20:43.999Z</time></trkpt><trkpt lat="33.879984" lon="73.346652"><ele>1605.886</ele><time>2025-08-10T07:20:44.999Z</time></trkpt><trkpt lat="33.879959" lon="73.346565"><ele>1605.595</ele><time>2025-08-10T07:20:45.999Z</time></trkpt><trkpt lat="33.879935" lon="73.346473"><ele>1605.236</ele><time>2025-08-10T07:20:46.999Z</time></trkpt><trkpt lat="33.879925" lon="73.346379"><ele>1605.052</ele><time>2025-08-10T07:20:47.999Z</time></trkpt><trkpt lat="33.879920" lon="73.346283"><ele>1604.853</ele><time>2025-08-10T07:20:48.999Z</time></trkpt><trkpt lat="33.879929" lon="73.346183"><ele>1604.608</ele><time>2025-08-10T07:20:49.999Z</time></trkpt><trkpt lat="33.879953" lon="73.346084"><ele>1604.309</ele><time>2025-08-10T07:20:50.999Z</time></trkpt><trkpt lat="33.879971" lon="73.345989"><ele>1604.077</ele><time>2025-08-10T07:20:51.999Z</time></trkpt><trkpt lat="33.880001" lon="73.345897"><ele>1603.727</ele><time>2025-08-10T07:20:52.999Z</time></trkpt><trkpt lat="33.880024" lon="73.345798"><ele>1603.391</ele><time>2025-08-10T07:20:53.999Z</time></trkpt><trkpt lat="33.880059" lon="73.345705"><ele>1602.985</ele><time>2025-08-10T07:20:54.999Z</time></trkpt><trkpt lat="33.880084" lon="73.345618"><ele>1602.469</ele><time>2025-08-10T07:20:55.999Z</time></trkpt><trkpt lat="33.880093" lon="73.345519"><ele>1601.965</ele><time>2025-08-10T07:20:56.999Z</time></trkpt><trkpt lat="33.880100" lon="73.345426"><ele>1601.428</ele><time>2025-08-10T07:20:57.999Z</time></trkpt><trkpt lat="33.880117" lon="73.345341"><ele>1600.817</ele><time>2025-08-10T07:20:58.999Z</time></trkpt><trkpt lat="33.880124" lon="73.345249"><ele>1600.258</ele><time>2025-08-10T07:20:59.999Z</time></trkpt><trkpt lat="33.880141" lon="73.345158"><ele>1599.691</ele><time>2025-08-10T07:21:00.999Z</time></trkpt><trkpt lat="33.880159" lon="73.345060"><ele>1599.081</ele><time>2025-08-10T07:21:01.999Z</time></trkpt><trkpt lat="33.880158" lon="73.344981"><ele>1598.419</ele><time>2025-08-10T07:21:02.999Z</time></trkpt><trkpt lat="33.880162" lon="73.344904"><ele>1597.909</ele><time>2025-08-10T07:21:03.999Z</time></trkpt><trkpt lat="33.880145" lon="73.344841"><ele>1597.741</ele><time>2025-08-10T07:21:04.999Z</time></trkpt><trkpt lat="33.880114" lon="73.344772"><ele>1597.371</ele><time>2025-08-10T07:21:06Z</time></trkpt><trkpt lat="33.880078" lon="73.344697"><ele>1596.925</ele><time>2025-08-10T07:21:07Z</time></trkpt><trkpt lat="33.880042" lon="73.344628"><ele>1596.589</ele><time>2025-08-10T07:21:08Z</time></trkpt><trkpt lat="33.880027" lon="73.344555"><ele>1596.123</ele><time>2025-08-10T07:21:09Z</time></trkpt><trkpt lat="33.880076" lon="73.344462"><ele>1595.539</ele><time>2025-08-10T07:21:10Z</time></trkpt><trkpt lat="33.880128" lon="73.344389"><ele>1595.172</ele><time>2025-08-10T07:21:11Z</time></trkpt><trkpt lat="33.880178" lon="73.344331"><ele>1594.841</ele><time>2025-08-10T07:21:12Z</time></trkpt><trkpt lat="33.880242" lon="73.344299"><ele>1594.572</ele><time>2025-08-10T07:21:12.999Z</time></trkpt><trkpt lat="33.880310" lon="73.344276"><ele>1594.288</ele><time>2025-08-10T07:21:13.999Z</time></trkpt><trkpt lat="33.880377" lon="73.344264"><ele>1593.924</ele><time>2025-08-10T07:21:14.999Z</time></trkpt><trkpt lat="33.880444" lon="73.344249"><ele>1593.526</ele><time>2025-08-10T07:21:15.999Z</time></trkpt><trkpt lat="33.880497" lon="73.344214"><ele>1593.309</ele><time>2025-08-10T07:21:16.999Z</time></trkpt><trkpt lat="33.880548" lon="73.344162"><ele>1592.990</ele><time>2025-08-10T07:21:17.999Z</time></trkpt><trkpt lat="33.880589" lon="73.344076"><ele>1592.380</ele><time>2025-08-10T07:21:18.999Z</time></trkpt><trkpt lat="33.880614" lon="73.343980"><ele>1591.934</ele><time>2025-08-10T07:21:19.999Z</time></trkpt><trkpt lat="33.880626" lon="73.343885"><ele>1591.498</ele><time>2025-08-10T07:21:20.999Z</time></trkpt><trkpt lat="33.880632" lon="73.343793"><ele>1590.922</ele><time>2025-08-10T07:21:21.999Z</time></trkpt><trkpt lat="33.880638" lon="73.343704"><ele>1590.558</ele><time>2025-08-10T07:21:22.999Z</time></trkpt><trkpt lat="33.880654" lon="73.343624"><ele>1590.181</ele><time>2025-08-10T07:21:23.999Z</time></trkpt><trkpt lat="33.880677" lon="73.343527"><ele>1589.740</ele><time>2025-08-10T07:21:24.999Z</time></trkpt><trkpt lat="33.880700" lon="73.343444"><ele>1589.361</ele><time>2025-08-10T07:21:25.999Z</time></trkpt><trkpt lat="33.880732" lon="73.343362"><ele>1589.071</ele><time>2025-08-10T07:21:26.999Z</time></trkpt><trkpt lat="33.880752" lon="73.343289"><ele>1588.641</ele><time>2025-08-10T07:21:27.999Z</time></trkpt><trkpt lat="33.880779" lon="73.343213"><ele>1588.215</ele><time>2025-08-10T07:21:28.999Z</time></trkpt><trkpt lat="33.880801" lon="73.343141"><ele>1587.809</ele><time>2025-08-10T07:21:29.999Z</time></trkpt><trkpt lat="33.880811" lon="73.343067"><ele>1587.689</ele><time>2025-08-10T07:21:30.999Z</time></trkpt><trkpt lat="33.880820" lon="73.343001"><ele>1587.139</ele><time>2025-08-10T07:21:31.999Z</time></trkpt><trkpt lat="33.880825" lon="73.342927"><ele>1586.643</ele><time>2025-08-10T07:21:32.999Z</time></trkpt><trkpt lat="33.880826" lon="73.342852"><ele>1586.127</ele><time>2025-08-10T07:21:33.999Z</time></trkpt><trkpt lat="33.880817" lon="73.342791"><ele>1585.621</ele><time>2025-08-10T07:21:34.999Z</time></trkpt><trkpt lat="33.880818" lon="73.342725"><ele>1585.157</ele><time>2025-08-10T07:21:35.999Z</time></trkpt><trkpt lat="33.880823" lon="73.342661"><ele>1584.760</ele><time>2025-08-10T07:21:36.999Z</time></trkpt><trkpt lat="33.880822" lon="73.342594"><ele>1584.379</ele><time>2025-08-10T07:21:37.999Z</time></trkpt><trkpt lat="33.880822" lon="73.342532"><ele>1584.160</ele><time>2025-08-10T07:21:38.999Z</time></trkpt><trkpt lat="33.880821" lon="73.342475"><ele>1583.822</ele><time>2025-08-10T07:21:39.999Z</time></trkpt><trkpt lat="33.880827" lon="73.342414"><ele>1583.562</ele><time>2025-08-10T07:21:40.999Z</time></trkpt><trkpt lat="33.880848" lon="73.342310"><ele>1583.208</ele><time>2025-08-10T07:21:42.999Z</time></trkpt><trkpt lat="33.880883" lon="73.342218"><ele>1582.809</ele><time>2025-08-10T07:21:44.999Z</time></trkpt><trkpt lat="33.880904" lon="73.342135"><ele>1582.494</ele><time>2025-08-10T07:21:46.999Z</time></trkpt><trkpt lat="33.880937" lon="73.342065"><ele>1581.964</ele><time>2025-08-10T07:21:48.999Z</time></trkpt><trkpt lat="33.880972" lon="73.342001"><ele>1581.328</ele><time>2025-08-10T07:21:50.999Z</time></trkpt><trkpt lat="33.881001" lon="73.341940"><ele>1581.032</ele><time>2025-08-10T07:21:52.999Z</time></trkpt><trkpt lat="33.881029" lon="73.341877"><ele>1580.626</ele><time>2025-08-10T07:21:54.999Z</time></trkpt><trkpt lat="33.881052" lon="73.341792"><ele>1580.252</ele><time>2025-08-10T07:21:56.999Z</time></trkpt><trkpt lat="33.881091" lon="73.341691"><ele>1579.825</ele><time>2025-08-10T07:21:58.999Z</time></trkpt><trkpt lat="33.881120" lon="73.341631"><ele>1579.774</ele><time>2025-08-10T07:21:59.999Z</time></trkpt><trkpt lat="33.881145" lon="73.341572"><ele>1579.795</ele><time>2025-08-10T07:22:00.999Z</time></trkpt><trkpt lat="33.881164" lon="73.341504"><ele>1579.745</ele><time>2025-08-10T07:22:01.999Z</time></trkpt><trkpt lat="33.881168" lon="73.341422"><ele>1579.647</ele><time>2025-08-10T07:22:02.999Z</time></trkpt><trkpt lat="33.881175" lon="73.341343"><ele>1579.411</ele><time>2025-08-10T07:22:03.999Z</time></trkpt><trkpt lat="33.881170" lon="73.341260"><ele>1579.109</ele><time>2025-08-10T07:22:04.999Z</time></trkpt><trkpt lat="33.881167" lon="73.341173"><ele>1578.786</ele><time>2025-08-10T07:22:05.999Z</time></trkpt><trkpt lat="33.881163" lon="73.341088"><ele>1578.396</ele><time>2025-08-10T07:22:06.999Z</time></trkpt><trkpt lat="33.881160" lon="73.341020"><ele>1577.950</ele><time>2025-08-10T07:22:07.999Z</time></trkpt><trkpt lat="33.881164" lon="73.340959"><ele>1577.474</ele><time>2025-08-10T07:22:08.999Z</time></trkpt><trkpt lat="33.881174" lon="73.340847"><ele>1576.718</ele><time>2025-08-10T07:22:10.999Z</time></trkpt><trkpt lat="33.881174" lon="73.340788"><ele>1576.574</ele><time>2025-08-10T07:22:11.999Z</time></trkpt><trkpt lat="33.881178" lon="73.340698"><ele>1575.777</ele><time>2025-08-10T07:22:13.999Z</time></trkpt><trkpt lat="33.881185" lon="73.340643"><ele>1575.366</ele><time>2025-08-10T07:22:14.999Z</time></trkpt><trkpt lat="33.881188" lon="73.340555"><ele>1574.757</ele><time>2025-08-10T07:22:16.999Z</time></trkpt><trkpt lat="33.881211" lon="73.340494"><ele>1574.744</ele><time>2025-08-10T07:22:18.999Z</time></trkpt><trkpt lat="33.881224" lon="73.340435"><ele>1574.005</ele><time>2025-08-10T07:22:21.999Z</time></trkpt><trkpt lat="33.881186" lon="73.340403"><ele>1573.615</ele><time>2025-08-10T07:23:34.999Z</time></trkpt><trkpt lat="33.881188" lon="73.340348"><ele>1573.109</ele><time>2025-08-10T07:24:20.999Z</time></trkpt><trkpt lat="33.881230" lon="73.340302"><ele>1572.916</ele><time>2025-08-10T07:24:30.999Z</time></trkpt><trkpt lat="33.881242" lon="73.340247"><ele>1572.546</ele><time>2025-08-10T07:24:35.999Z</time></trkpt><trkpt lat="33.881241" lon="73.340192"><ele>1572.270</ele><time>2025-08-10T07:24:40.999Z</time></trkpt><trkpt lat="33.881224" lon="73.340141"><ele>1572.194</ele><time>2025-08-10T07:25:17.998Z</time></trkpt><trkpt lat="33.881186" lon="73.340106"><ele>1572.048</ele><time>2025-08-10T07:26:00.997Z</time></trkpt><trkpt lat="33.881173" lon="73.340048"><ele>1571.784</ele><time>2025-08-10T07:26:04.997Z</time></trkpt><trkpt lat="33.881148" lon="73.340001"><ele>1571.477</ele><time>2025-08-10T07:26:09.997Z</time></trkpt><trkpt lat="33.881104" lon="73.339964"><ele>1571.326</ele><time>2025-08-10T07:26:15.997Z</time></trkpt><trkpt lat="33.881062" lon="73.339928"><ele>1571.297</ele><time>2025-08-10T07:26:19.997Z</time></trkpt><trkpt lat="33.881018" lon="73.339887"><ele>1570.986</ele><time>2025-08-10T07:26:25.997Z</time></trkpt><trkpt lat="33.880988" lon="73.339831"><ele>1570.460</ele><time>2025-08-10T07:26:31.997Z</time></trkpt><trkpt lat="33.880954" lon="73.339791"><ele>1570.026</ele><time>2025-08-10T07:26:35.997Z</time></trkpt><trkpt lat="33.880908" lon="73.339777"><ele>1569.509</ele><time>2025-08-10T07:26:40.997Z</time></trkpt><trkpt lat="33.880856" lon="73.339773"><ele>1569.280</ele><time>2025-08-10T07:26:44.997Z</time></trkpt><trkpt lat="33.880811" lon="73.339759"><ele>1569.090</ele><time>2025-08-10T07:26:49.997Z</time></trkpt><trkpt lat="33.880765" lon="73.339751"><ele>1568.814</ele><time>2025-08-10T07:26:54.997Z</time></trkpt><trkpt lat="33.880718" lon="73.339738"><ele>1568.538</ele><time>2025-08-10T07:26:58.997Z</time></trkpt><trkpt lat="33.880683" lon="73.339697"><ele>1568.142</ele><time>2025-08-10T07:27:06.997Z</time></trkpt><trkpt lat="33.880637" lon="73.339674"><ele>1567.828</ele><time>2025-08-10T07:27:35.998Z</time></trkpt><trkpt lat="33.880590" lon="73.339675"><ele>1567.621</ele><time>2025-08-10T07:27:39.998Z</time></trkpt><trkpt lat="33.880542" lon="73.339672"><ele>1567.450</ele><time>2025-08-10T07:27:42.998Z</time></trkpt><trkpt lat="33.880494" lon="73.339674"><ele>1567.261</ele><time>2025-08-10T07:27:45.998Z</time></trkpt><trkpt lat="33.880429" lon="73.339663"><ele>1567.079</ele><time>2025-08-10T07:27:52.998Z</time></trkpt><trkpt lat="33.880369" lon="73.339639"><ele>1566.805</ele><time>2025-08-10T07:27:55.998Z</time></trkpt><trkpt lat="33.880299" lon="73.339615"><ele>1566.525</ele><time>2025-08-10T07:27:57.998Z</time></trkpt><trkpt lat="33.880211" lon="73.339606"><ele>1566.509</ele><time>2025-08-10T07:27:59.998Z</time></trkpt><trkpt lat="33.880160" lon="73.339585"><ele>1566.559</ele><time>2025-08-10T07:28:00.998Z</time></trkpt><trkpt lat="33.880065" lon="73.339574"><ele>1566.589</ele><time>2025-08-10T07:28:02.998Z</time></trkpt><trkpt lat="33.880009" lon="73.339565"><ele>1566.453</ele><time>2025-08-10T07:28:03.998Z</time></trkpt><trkpt lat="33.879952" lon="73.339552"><ele>1566.377</ele><time>2025-08-10T07:28:04.998Z</time></trkpt><trkpt lat="33.879891" lon="73.339534"><ele>1566.181</ele><time>2025-08-10T07:28:05.998Z</time></trkpt><trkpt lat="33.879829" lon="73.339518"><ele>1566.077</ele><time>2025-08-10T07:28:06.998Z</time></trkpt><trkpt lat="33.879758" lon="73.339506"><ele>1565.880</ele><time>2025-08-10T07:28:07.998Z</time></trkpt><trkpt lat="33.879689" lon="73.339500"><ele>1565.639</ele><time>2025-08-10T07:28:08.998Z</time></trkpt><trkpt lat="33.879614" lon="73.339473"><ele>1565.220</ele><time>2025-08-10T07:28:09.998Z</time></trkpt><trkpt lat="33.879537" lon="73.339443"><ele>1564.938</ele><time>2025-08-10T07:28:10.998Z</time></trkpt><trkpt lat="33.879461" lon="73.339406"><ele>1564.670</ele><time>2025-08-10T07:28:11.998Z</time></trkpt><trkpt lat="33.879387" lon="73.339367"><ele>1564.217</ele><time>2025-08-10T07:28:12.998Z</time></trkpt><trkpt lat="33.879308" lon="73.339328"><ele>1563.809</ele><time>2025-08-10T07:28:13.998Z</time></trkpt><trkpt lat="33.879228" lon="73.339297"><ele>1563.455</ele><time>2025-08-10T07:28:14.998Z</time></trkpt><trkpt lat="33.879142" lon="73.339267"><ele>1563.025</ele><time>2025-08-10T07:28:15.998Z</time></trkpt><trkpt lat="33.879051" lon="73.339249"><ele>1562.589</ele><time>2025-08-10T07:28:16.998Z</time></trkpt><trkpt lat="33.878958" lon="73.339244"><ele>1561.283</ele><time>2025-08-10T07:28:17.998Z</time></trkpt><trkpt lat="33.878867" lon="73.339253"><ele>1561.217</ele><time>2025-08-10T07:28:18.998Z</time></trkpt><trkpt lat="33.878774" lon="73.339260"><ele>1561.263</ele><time>2025-08-10T07:28:19.998Z</time></trkpt><trkpt lat="33.878685" lon="73.339245"><ele>1561.096</ele><time>2025-08-10T07:28:20.998Z</time></trkpt><trkpt lat="33.878586" lon="73.339208"><ele>1561.055</ele><time>2025-08-10T07:28:21.998Z</time></trkpt><trkpt lat="33.878496" lon="73.339160"><ele>1561.076</ele><time>2025-08-10T07:28:22.998Z</time></trkpt><trkpt lat="33.878403" lon="73.339115"><ele>1560.475</ele><time>2025-08-10T07:28:23.998Z</time></trkpt><trkpt lat="33.878315" lon="73.339081"><ele>1559.428</ele><time>2025-08-10T07:28:24.998Z</time></trkpt><trkpt lat="33.878225" lon="73.339046"><ele>1558.420</ele><time>2025-08-10T07:28:25.998Z</time></trkpt><trkpt lat="33.878132" lon="73.339005"><ele>1557.509</ele><time>2025-08-10T07:28:26.998Z</time></trkpt><trkpt lat="33.878039" lon="73.338960"><ele>1556.889</ele><time>2025-08-10T07:28:27.998Z</time></trkpt><trkpt lat="33.877960" lon="73.338920"><ele>1556.129</ele><time>2025-08-10T07:28:28.998Z</time></trkpt><trkpt lat="33.877870" lon="73.338877"><ele>1555.463</ele><time>2025-08-10T07:28:29.998Z</time></trkpt><trkpt lat="33.877788" lon="73.338841"><ele>1555.147</ele><time>2025-08-10T07:28:30.998Z</time></trkpt><trkpt lat="33.877707" lon="73.338801"><ele>1554.331</ele><time>2025-08-10T07:28:31.998Z</time></trkpt><trkpt lat="33.877637" lon="73.338771"><ele>1554.017</ele><time>2025-08-10T07:28:32.998Z</time></trkpt><trkpt lat="33.877564" lon="73.338746"><ele>1553.550</ele><time>2025-08-10T07:28:33.998Z</time></trkpt><trkpt lat="33.877484" lon="73.338724"><ele>1553.099</ele><time>2025-08-10T07:28:34.998Z</time></trkpt><trkpt lat="33.877420" lon="73.338697"><ele>1552.380</ele><time>2025-08-10T07:28:35.998Z</time></trkpt><trkpt lat="33.877345" lon="73.338650"><ele>1551.637</ele><time>2025-08-10T07:28:36.998Z</time></trkpt><trkpt lat="33.877293" lon="73.338603"><ele>1550.949</ele><time>2025-08-10T07:28:37.998Z</time></trkpt><trkpt lat="33.877242" lon="73.338566"><ele>1550.013</ele><time>2025-08-10T07:28:38.998Z</time></trkpt><trkpt lat="33.877204" lon="73.338533"><ele>1549.509</ele><time>2025-08-10T07:28:39.998Z</time></trkpt><trkpt lat="33.877149" lon="73.338497"><ele>1548.665</ele><time>2025-08-10T07:28:41.998Z</time></trkpt><trkpt lat="33.877093" lon="73.338472"><ele>1547.945</ele><time>2025-08-10T07:28:43.998Z</time></trkpt><trkpt lat="33.877041" lon="73.338443"><ele>1546.459</ele><time>2025-08-10T07:28:45.998Z</time></trkpt><trkpt lat="33.876993" lon="73.338420"><ele>1545.243</ele><time>2025-08-10T07:28:47.998Z</time></trkpt><trkpt lat="33.876936" lon="73.338362"><ele>1544.467</ele><time>2025-08-10T07:28:49.998Z</time></trkpt><trkpt lat="33.876905" lon="73.338323"><ele>1543.983</ele><time>2025-08-10T07:28:50.998Z</time></trkpt><trkpt lat="33.876866" lon="73.338290"><ele>1543.796</ele><time>2025-08-10T07:28:51.998Z</time></trkpt><trkpt lat="33.876790" lon="73.338237"><ele>1543.575</ele><time>2025-08-10T07:28:53.998Z</time></trkpt><trkpt lat="33.876751" lon="73.338195"><ele>1543.496</ele><time>2025-08-10T07:28:54.998Z</time></trkpt><trkpt lat="33.876712" lon="73.338139"><ele>1543.046</ele><time>2025-08-10T07:28:55.998Z</time></trkpt><trkpt lat="33.876670" lon="73.338090"><ele>1542.988</ele><time>2025-08-10T07:28:56.998Z</time></trkpt><trkpt lat="33.876628" lon="73.338037"><ele>1542.816</ele><time>2025-08-10T07:28:57.998Z</time></trkpt><trkpt lat="33.876578" lon="73.337982"><ele>1542.709</ele><time>2025-08-10T07:28:58.998Z</time></trkpt><trkpt lat="33.876536" lon="73.337928"><ele>1542.556</ele><time>2025-08-10T07:28:59.998Z</time></trkpt><trkpt lat="33.876500" lon="73.337874"><ele>1542.356</ele><time>2025-08-10T07:29:00.998Z</time></trkpt><trkpt lat="33.876451" lon="73.337823"><ele>1542.050</ele><time>2025-08-10T07:29:01.998Z</time></trkpt><trkpt lat="33.876413" lon="73.337770"><ele>1541.714</ele><time>2025-08-10T07:29:02.998Z</time></trkpt><trkpt lat="33.876368" lon="73.337730"><ele>1541.328</ele><time>2025-08-10T07:29:03.998Z</time></trkpt><trkpt lat="33.876320" lon="73.337682"><ele>1541.034</ele><time>2025-08-10T07:29:04.998Z</time></trkpt><trkpt lat="33.876270" lon="73.337629"><ele>1540.827</ele><time>2025-08-10T07:29:05.998Z</time></trkpt><trkpt lat="33.876224" lon="73.337573"><ele>1540.636</ele><time>2025-08-10T07:29:06.998Z</time></trkpt><trkpt lat="33.876179" lon="73.337511"><ele>1540.417</ele><time>2025-08-10T07:29:07.998Z</time></trkpt><trkpt lat="33.876134" lon="73.337448"><ele>1540.196</ele><time>2025-08-10T07:29:08.998Z</time></trkpt><trkpt lat="33.876092" lon="73.337386"><ele>1539.931</ele><time>2025-08-10T07:29:09.998Z</time></trkpt><trkpt lat="33.876063" lon="73.337317"><ele>1539.524</ele><time>2025-08-10T07:29:10.998Z</time></trkpt><trkpt lat="33.876036" lon="73.337237"><ele>1538.709</ele><time>2025-08-10T07:29:11.998Z</time></trkpt><trkpt lat="33.876006" lon="73.337168"><ele>1538.451</ele><time>2025-08-10T07:29:12.998Z</time></trkpt><trkpt lat="33.875965" lon="73.337098"><ele>1537.721</ele><time>2025-08-10T07:29:13.998Z</time></trkpt><trkpt lat="33.875901" lon="73.337044"><ele>1537.325</ele><time>2025-08-10T07:29:14.998Z</time></trkpt><trkpt lat="33.875827" lon="73.337011"><ele>1536.949</ele><time>2025-08-10T07:29:15.998Z</time></trkpt><trkpt lat="33.875749" lon="73.337008"><ele>1536.683</ele><time>2025-08-10T07:29:16.998Z</time></trkpt><trkpt lat="33.875674" lon="73.337010"><ele>1536.259</ele><time>2025-08-10T07:29:17.998Z</time></trkpt><trkpt lat="33.875603" lon="73.337007"><ele>1535.742</ele><time>2025-08-10T07:29:18.998Z</time></trkpt><trkpt lat="33.875527" lon="73.336999"><ele>1535.251</ele><time>2025-08-10T07:29:19.998Z</time></trkpt><trkpt lat="33.875454" lon="73.336985"><ele>1534.762</ele><time>2025-08-10T07:29:20.998Z</time></trkpt><trkpt lat="33.875382" lon="73.336974"><ele>1534.218</ele><time>2025-08-10T07:29:21.998Z</time></trkpt><trkpt lat="33.875304" lon="73.336971"><ele>1533.898</ele><time>2025-08-10T07:29:22.998Z</time></trkpt><trkpt lat="33.875227" lon="73.336972"><ele>1533.417</ele><time>2025-08-10T07:29:23.998Z</time></trkpt><trkpt lat="33.875152" lon="73.336983"><ele>1532.909</ele><time>2025-08-10T07:29:24.998Z</time></trkpt><trkpt lat="33.875094" lon="73.336984"><ele>1532.543</ele><time>2025-08-10T07:29:25.998Z</time></trkpt><trkpt lat="33.875030" lon="73.336976"><ele>1532.153</ele><time>2025-08-10T07:29:26.998Z</time></trkpt><trkpt lat="33.874962" lon="73.336966"><ele>1531.977</ele><time>2025-08-10T07:29:27.998Z</time></trkpt><trkpt lat="33.874891" lon="73.336957"><ele>1531.271</ele><time>2025-08-10T07:29:28.998Z</time></trkpt><trkpt lat="33.874813" lon="73.336950"><ele>1530.245</ele><time>2025-08-10T07:29:29.999Z</time></trkpt><trkpt lat="33.874737" lon="73.336951"><ele>1529.551</ele><time>2025-08-10T07:29:30.999Z</time></trkpt><trkpt lat="33.874657" lon="73.336958"><ele>1528.874</ele><time>2025-08-10T07:29:31.999Z</time></trkpt><trkpt lat="33.874580" lon="73.336957"><ele>1528.153</ele><time>2025-08-10T07:29:32.999Z</time></trkpt><trkpt lat="33.874507" lon="73.336957"><ele>1527.594</ele><time>2025-08-10T07:29:33.998Z</time></trkpt><trkpt lat="33.874435" lon="73.336944"><ele>1526.996</ele><time>2025-08-10T07:29:34.998Z</time></trkpt><trkpt lat="33.874355" lon="73.336940"><ele>1526.331</ele><time>2025-08-10T07:29:35.998Z</time></trkpt><trkpt lat="33.874280" lon="73.336941"><ele>1525.724</ele><time>2025-08-10T07:29:36.998Z</time></trkpt><trkpt lat="33.874196" lon="73.336943"><ele>1525.109</ele><time>2025-08-10T07:29:37.998Z</time></trkpt><trkpt lat="33.874113" lon="73.336935"><ele>1524.631</ele><time>2025-08-10T07:29:38.998Z</time></trkpt><trkpt lat="33.874033" lon="73.336913"><ele>1524.291</ele><time>2025-08-10T07:29:39.997Z</time></trkpt><trkpt lat="33.873948" lon="73.336872"><ele>1523.825</ele><time>2025-08-10T07:29:40.997Z</time></trkpt><trkpt lat="33.873872" lon="73.336834"><ele>1523.559</ele><time>2025-08-10T07:29:41.998Z</time></trkpt><trkpt lat="33.873794" lon="73.336785"><ele>1523.293</ele><time>2025-08-10T07:29:42.998Z</time></trkpt><trkpt lat="33.873715" lon="73.336724"><ele>1522.879</ele><time>2025-08-10T07:29:43.998Z</time></trkpt><trkpt lat="33.873635" lon="73.336673"><ele>1522.242</ele><time>2025-08-10T07:29:44.998Z</time></trkpt><trkpt lat="33.873552" lon="73.336621"><ele>1521.711</ele><time>2025-08-10T07:29:45.998Z</time></trkpt><trkpt lat="33.873465" lon="73.336564"><ele>1521.132</ele><time>2025-08-10T07:29:46.998Z</time></trkpt><trkpt lat="33.873381" lon="73.336515"><ele>1520.557</ele><time>2025-08-10T07:29:47.998Z</time></trkpt><trkpt lat="33.873293" lon="73.336466"><ele>1519.900</ele><time>2025-08-10T07:29:48.998Z</time></trkpt><trkpt lat="33.873204" lon="73.336443"><ele>1519.120</ele><time>2025-08-10T07:29:49.998Z</time></trkpt><trkpt lat="33.873121" lon="73.336424"><ele>1518.509</ele><time>2025-08-10T07:29:50.998Z</time></trkpt><trkpt lat="33.873040" lon="73.336401"><ele>1518.157</ele><time>2025-08-10T07:29:51.998Z</time></trkpt><trkpt lat="33.872974" lon="73.336378"><ele>1517.437</ele><time>2025-08-10T07:29:52.998Z</time></trkpt><trkpt lat="33.872902" lon="73.336343"><ele>1516.791</ele><time>2025-08-10T07:29:53.998Z</time></trkpt><trkpt lat="33.872836" lon="73.336278"><ele>1516.185</ele><time>2025-08-10T07:29:54.998Z</time></trkpt><trkpt lat="33.872772" lon="73.336196"><ele>1515.569</ele><time>2025-08-10T07:29:55.998Z</time></trkpt><trkpt lat="33.872719" lon="73.336116"><ele>1514.935</ele><time>2025-08-10T07:29:56.998Z</time></trkpt><trkpt lat="33.872677" lon="73.336037"><ele>1514.388</ele><time>2025-08-10T07:29:57.998Z</time></trkpt><trkpt lat="33.872641" lon="73.335964"><ele>1513.637</ele><time>2025-08-10T07:29:58.998Z</time></trkpt><trkpt lat="33.872602" lon="73.335886"><ele>1512.888</ele><time>2025-08-10T07:29:59.998Z</time></trkpt><trkpt lat="33.872552" lon="73.335812"><ele>1512.041</ele><time>2025-08-10T07:30:00.998Z</time></trkpt><trkpt lat="33.872499" lon="73.335738"><ele>1511.481</ele><time>2025-08-10T07:30:01.998Z</time></trkpt><trkpt lat="33.872439" lon="73.335670"><ele>1511.109</ele><time>2025-08-10T07:30:02.998Z</time></trkpt><trkpt lat="33.872375" lon="73.335619"><ele>1511.009</ele><time>2025-08-10T07:30:03.998Z</time></trkpt><trkpt lat="33.872300" lon="73.335566"><ele>1510.966</ele><time>2025-08-10T07:30:04.998Z</time></trkpt><trkpt lat="33.872218" lon="73.335533"><ele>1510.746</ele><time>2025-08-10T07:30:05.998Z</time></trkpt><trkpt lat="33.872131" lon="73.335506"><ele>1510.350</ele><time>2025-08-10T07:30:06.998Z</time></trkpt><trkpt lat="33.872040" lon="73.335478"><ele>1509.194</ele><time>2025-08-10T07:30:07.998Z</time></trkpt><trkpt lat="33.871952" lon="73.335454"><ele>1508.268</ele><time>2025-08-10T07:30:08.998Z</time></trkpt><trkpt lat="33.871863" lon="73.335435"><ele>1507.594</ele><time>2025-08-10T07:30:09.998Z</time></trkpt><trkpt lat="33.871775" lon="73.335415"><ele>1506.847</ele><time>2025-08-10T07:30:10.998Z</time></trkpt><trkpt lat="33.871686" lon="73.335386"><ele>1506.376</ele><time>2025-08-10T07:30:11.998Z</time></trkpt><trkpt lat="33.871581" lon="73.335346"><ele>1505.837</ele><time>2025-08-10T07:30:12.998Z</time></trkpt><trkpt lat="33.871488" lon="73.335299"><ele>1505.355</ele><time>2025-08-10T07:30:13.998Z</time></trkpt><trkpt lat="33.871393" lon="73.335258"><ele>1504.707</ele><time>2025-08-10T07:30:14.998Z</time></trkpt><trkpt lat="33.871311" lon="73.335223"><ele>1504.117</ele><time>2025-08-10T07:30:15.998Z</time></trkpt><trkpt lat="33.871236" lon="73.335187"><ele>1503.709</ele><time>2025-08-10T07:30:16.998Z</time></trkpt><trkpt lat="33.871168" lon="73.335157"><ele>1503.037</ele><time>2025-08-10T07:30:17.998Z</time></trkpt><trkpt lat="33.871114" lon="73.335101"><ele>1502.337</ele><time>2025-08-10T07:30:18.998Z</time></trkpt><trkpt lat="33.871070" lon="73.335026"><ele>1501.611</ele><time>2025-08-10T07:30:19.998Z</time></trkpt><trkpt lat="33.871027" lon="73.334946"><ele>1500.935</ele><time>2025-08-10T07:30:20.998Z</time></trkpt><trkpt lat="33.870980" lon="73.334876"><ele>1500.329</ele><time>2025-08-10T07:30:21.998Z</time></trkpt><trkpt lat="33.870939" lon="73.334787"><ele>1499.855</ele><time>2025-08-10T07:30:22.998Z</time></trkpt><trkpt lat="33.870892" lon="73.334703"><ele>1499.498</ele><time>2025-08-10T07:30:23.998Z</time></trkpt><trkpt lat="33.870840" lon="73.334603"><ele>1499.157</ele><time>2025-08-10T07:30:24.998Z</time></trkpt><trkpt lat="33.870766" lon="73.334531"><ele>1498.618</ele><time>2025-08-10T07:30:25.998Z</time></trkpt><trkpt lat="33.870684" lon="73.334469"><ele>1498.235</ele><time>2025-08-10T07:30:26.998Z</time></trkpt><trkpt lat="33.870609" lon="73.334416"><ele>1497.686</ele><time>2025-08-10T07:30:27.998Z</time></trkpt><trkpt lat="33.870521" lon="73.334371"><ele>1497.014</ele><time>2025-08-10T07:30:28.998Z</time></trkpt><trkpt lat="33.870422" lon="73.334339"><ele>1496.409</ele><time>2025-08-10T07:30:29.998Z</time></trkpt><trkpt lat="33.870340" lon="73.334317"><ele>1495.885</ele><time>2025-08-10T07:30:30.998Z</time></trkpt><trkpt lat="33.870263" lon="73.334282"><ele>1495.585</ele><time>2025-08-10T07:30:31.998Z</time></trkpt><trkpt lat="33.870183" lon="73.334223"><ele>1495.069</ele><time>2025-08-10T07:30:32.998Z</time></trkpt><trkpt lat="33.870110" lon="73.334168"><ele>1494.663</ele><time>2025-08-10T07:30:33.998Z</time></trkpt><trkpt lat="33.870031" lon="73.334105"><ele>1493.957</ele><time>2025-08-10T07:30:34.998Z</time></trkpt><trkpt lat="33.869962" lon="73.334044"><ele>1493.623</ele><time>2025-08-10T07:30:35.998Z</time></trkpt><trkpt lat="33.869889" lon="73.333972"><ele>1492.786</ele><time>2025-08-10T07:30:36.998Z</time></trkpt><trkpt lat="33.869814" lon="73.333912"><ele>1492.245</ele><time>2025-08-10T07:30:37.998Z</time></trkpt><trkpt lat="33.869756" lon="73.333842"><ele>1492.076</ele><time>2025-08-10T07:30:38.998Z</time></trkpt><trkpt lat="33.869701" lon="73.333755"><ele>1491.678</ele><time>2025-08-10T07:30:39.998Z</time></trkpt><trkpt lat="33.869661" lon="73.333671"><ele>1491.233</ele><time>2025-08-10T07:30:40.998Z</time></trkpt><trkpt lat="33.869606" lon="73.333581"><ele>1490.826</ele><time>2025-08-10T07:30:41.998Z</time></trkpt><trkpt lat="33.869533" lon="73.333519"><ele>1490.309</ele><time>2025-08-10T07:30:42.998Z</time></trkpt><trkpt lat="33.869454" lon="73.333469"><ele>1489.349</ele><time>2025-08-10T07:30:43.998Z</time></trkpt><trkpt lat="33.869369" lon="73.333446"><ele>1488.999</ele><time>2025-08-10T07:30:44.998Z</time></trkpt><trkpt lat="33.869263" lon="73.333453"><ele>1487.853</ele><time>2025-08-10T07:30:45.998Z</time></trkpt><trkpt lat="33.869177" lon="73.333479"><ele>1487.147</ele><time>2025-08-10T07:30:46.998Z</time></trkpt><trkpt lat="33.869085" lon="73.333512"><ele>1486.681</ele><time>2025-08-10T07:30:47.998Z</time></trkpt><trkpt lat="33.868988" lon="73.333529"><ele>1486.217</ele><time>2025-08-10T07:30:48.998Z</time></trkpt><trkpt lat="33.868894" lon="73.333550"><ele>1485.620</ele><time>2025-08-10T07:30:49.998Z</time></trkpt><trkpt lat="33.868794" lon="73.333566"><ele>1485.139</ele><time>2025-08-10T07:30:50.998Z</time></trkpt><trkpt lat="33.868701" lon="73.333582"><ele>1484.670</ele><time>2025-08-10T07:30:51.998Z</time></trkpt><trkpt lat="33.868608" lon="73.333571"><ele>1484.048</ele><time>2025-08-10T07:30:52.998Z</time></trkpt><trkpt lat="33.868510" lon="73.333545"><ele>1483.461</ele><time>2025-08-10T07:30:53.998Z</time></trkpt><trkpt lat="33.868418" lon="73.333523"><ele>1483.117</ele><time>2025-08-10T07:30:54.998Z</time></trkpt><trkpt lat="33.868331" lon="73.333495"><ele>1482.509</ele><time>2025-08-10T07:30:55.998Z</time></trkpt><trkpt lat="33.868244" lon="73.333463"><ele>1482.046</ele><time>2025-08-10T07:30:56.998Z</time></trkpt><trkpt lat="33.868157" lon="73.333447"><ele>1481.736</ele><time>2025-08-10T07:30:57.998Z</time></trkpt><trkpt lat="33.868061" lon="73.333441"><ele>1480.620</ele><time>2025-08-10T07:30:58.998Z</time></trkpt><trkpt lat="33.867966" lon="73.333464"><ele>1479.794</ele><time>2025-08-10T07:30:59.998Z</time></trkpt><trkpt lat="33.867878" lon="73.333485"><ele>1479.038</ele><time>2025-08-10T07:31:00.998Z</time></trkpt><trkpt lat="33.867783" lon="73.333513"><ele>1478.334</ele><time>2025-08-10T07:31:01.998Z</time></trkpt><trkpt lat="33.867694" lon="73.333511"><ele>1477.727</ele><time>2025-08-10T07:31:02.998Z</time></trkpt><trkpt lat="33.867601" lon="73.333486"><ele>1477.336</ele><time>2025-08-10T07:31:03.998Z</time></trkpt><trkpt lat="33.867507" lon="73.333478"><ele>1476.867</ele><time>2025-08-10T07:31:04.998Z</time></trkpt><trkpt lat="33.867416" lon="73.333467"><ele>1476.417</ele><time>2025-08-10T07:31:05.998Z</time></trkpt><trkpt lat="33.867314" lon="73.333461"><ele>1475.887</ele><time>2025-08-10T07:31:06.998Z</time></trkpt><trkpt lat="33.867216" lon="73.333462"><ele>1475.215</ele><time>2025-08-10T07:31:07.998Z</time></trkpt><trkpt lat="33.867126" lon="73.333508"><ele>1474.509</ele><time>2025-08-10T07:31:08.998Z</time></trkpt><trkpt lat="33.867032" lon="73.333528"><ele>1474.083</ele><time>2025-08-10T07:31:09.998Z</time></trkpt><trkpt lat="33.866938" lon="73.333549"><ele>1473.453</ele><time>2025-08-10T07:31:10.998Z</time></trkpt><trkpt lat="33.866849" lon="73.333569"><ele>1472.877</ele><time>2025-08-10T07:31:11.998Z</time></trkpt><trkpt lat="33.866756" lon="73.333586"><ele>1472.271</ele><time>2025-08-10T07:31:12.998Z</time></trkpt><trkpt lat="33.866661" lon="73.333608"><ele>1471.665</ele><time>2025-08-10T07:31:13.998Z</time></trkpt><trkpt lat="33.866563" lon="73.333624"><ele>1470.971</ele><time>2025-08-10T07:31:14.998Z</time></trkpt><trkpt lat="33.866468" lon="73.333630"><ele>1470.244</ele><time>2025-08-10T07:31:15.998Z</time></trkpt><trkpt lat="33.866374" lon="73.333636"><ele>1469.573</ele><time>2025-08-10T07:31:16.998Z</time></trkpt><trkpt lat="33.866280" lon="73.333625"><ele>1468.874</ele><time>2025-08-10T07:31:17.998Z</time></trkpt><trkpt lat="33.866184" lon="73.333618"><ele>1468.117</ele><time>2025-08-10T07:31:18.998Z</time></trkpt><trkpt lat="33.866088" lon="73.333611"><ele>1467.487</ele><time>2025-08-10T07:31:19.998Z</time></trkpt><trkpt lat="33.865995" lon="73.333608"><ele>1466.815</ele><time>2025-08-10T07:31:20.998Z</time></trkpt><trkpt lat="33.865908" lon="73.333608"><ele>1466.109</ele><time>2025-08-10T07:31:21.998Z</time></trkpt><trkpt lat="33.865823" lon="73.333607"><ele>1465.813</ele><time>2025-08-10T07:31:22.998Z</time></trkpt><trkpt lat="33.865739" lon="73.333616"><ele>1465.163</ele><time>2025-08-10T07:31:23.998Z</time></trkpt><trkpt lat="33.865659" lon="73.333633"><ele>1464.337</ele><time>2025-08-10T07:31:24.998Z</time></trkpt><trkpt lat="33.865581" lon="73.333634"><ele>1463.661</ele><time>2025-08-10T07:31:25.998Z</time></trkpt><trkpt lat="33.865500" lon="73.333616"><ele>1462.895</ele><time>2025-08-10T07:31:26.998Z</time></trkpt><trkpt lat="33.865428" lon="73.333582"><ele>1462.161</ele><time>2025-08-10T07:31:27.998Z</time></trkpt><trkpt lat="33.865368" lon="73.333526"><ele>1461.664</ele><time>2025-08-10T07:31:28.998Z</time></trkpt><trkpt lat="33.865311" lon="73.333454"><ele>1461.253</ele><time>2025-08-10T07:31:29.998Z</time></trkpt><trkpt lat="33.865255" lon="73.333374"><ele>1460.844</ele><time>2025-08-10T07:31:30.998Z</time></trkpt><trkpt lat="33.865198" lon="73.333289"><ele>1460.441</ele><time>2025-08-10T07:31:31.998Z</time></trkpt><trkpt lat="33.865150" lon="73.333199"><ele>1460.081</ele><time>2025-08-10T07:31:32.998Z</time></trkpt><trkpt lat="33.865098" lon="73.333113"><ele>1459.609</ele><time>2025-08-10T07:31:33.998Z</time></trkpt><trkpt lat="33.865044" lon="73.333026"><ele>1459.109</ele><time>2025-08-10T07:31:34.998Z</time></trkpt><trkpt lat="33.864994" lon="73.332941"><ele>1458.656</ele><time>2025-08-10T07:31:35.999Z</time></trkpt><trkpt lat="33.864956" lon="73.332857"><ele>1458.176</ele><time>2025-08-10T07:31:36.999Z</time></trkpt><trkpt lat="33.864926" lon="73.332768"><ele>1457.630</ele><time>2025-08-10T07:31:37.999Z</time></trkpt><trkpt lat="33.864913" lon="73.332676"><ele>1457.134</ele><time>2025-08-10T07:31:38.998Z</time></trkpt><trkpt lat="33.864918" lon="73.332574"><ele>1456.658</ele><time>2025-08-10T07:31:39.998Z</time></trkpt><trkpt lat="33.864923" lon="73.332471"><ele>1456.224</ele><time>2025-08-10T07:31:40.998Z</time></trkpt><trkpt lat="33.864919" lon="73.332367"><ele>1455.797</ele><time>2025-08-10T07:31:41.998Z</time></trkpt><trkpt lat="33.864902" lon="73.332264"><ele>1455.296</ele><time>2025-08-10T07:31:42.997Z</time></trkpt><trkpt lat="33.864868" lon="73.332157"><ele>1454.577</ele><time>2025-08-10T07:31:43.997Z</time></trkpt><trkpt lat="33.864828" lon="73.332063"><ele>1453.959</ele><time>2025-08-10T07:31:44.997Z</time></trkpt><trkpt lat="33.864781" lon="73.331969"><ele>1453.303</ele><time>2025-08-10T07:31:45.997Z</time></trkpt><trkpt lat="33.864738" lon="73.331873"><ele>1453.023</ele><time>2025-08-10T07:31:46.997Z</time></trkpt><trkpt lat="33.864702" lon="73.331774"><ele>1452.209</ele><time>2025-08-10T07:31:47.997Z</time></trkpt><trkpt lat="33.864667" lon="73.331671"><ele>1451.627</ele><time>2025-08-10T07:31:48.997Z</time></trkpt><trkpt lat="33.864633" lon="73.331574"><ele>1451.177</ele><time>2025-08-10T07:31:49.997Z</time></trkpt><trkpt lat="33.864606" lon="73.331478"><ele>1450.831</ele><time>2025-08-10T07:31:50.997Z</time></trkpt><trkpt lat="33.864579" lon="73.331396"><ele>1450.295</ele><time>2025-08-10T07:31:51.997Z</time></trkpt><trkpt lat="33.864553" lon="73.331321"><ele>1449.689</ele><time>2025-08-10T07:31:52.997Z</time></trkpt><trkpt lat="33.864515" lon="73.331257"><ele>1448.955</ele><time>2025-08-10T07:31:53.997Z</time></trkpt><trkpt lat="33.864473" lon="73.331194"><ele>1448.148</ele><time>2025-08-10T07:31:54.997Z</time></trkpt><trkpt lat="33.864422" lon="73.331136"><ele>1447.767</ele><time>2025-08-10T07:31:55.997Z</time></trkpt><trkpt lat="33.864366" lon="73.331086"><ele>1446.578</ele><time>2025-08-10T07:31:56.997Z</time></trkpt><trkpt lat="33.864313" lon="73.331026"><ele>1445.789</ele><time>2025-08-10T07:31:57.997Z</time></trkpt><trkpt lat="33.864261" lon="73.330960"><ele>1445.006</ele><time>2025-08-10T07:31:58.997Z</time></trkpt><trkpt lat="33.864207" lon="73.330887"><ele>1444.426</ele><time>2025-08-10T07:31:59.997Z</time></trkpt><trkpt lat="33.864154" lon="73.330811"><ele>1443.909</ele><time>2025-08-10T07:32:00.997Z</time></trkpt><trkpt lat="33.864100" lon="73.330734"><ele>1443.530</ele><time>2025-08-10T07:32:01.997Z</time></trkpt><trkpt lat="33.864045" lon="73.330653"><ele>1443.110</ele><time>2025-08-10T07:32:02.997Z</time></trkpt><trkpt lat="33.863984" lon="73.330579"><ele>1442.884</ele><time>2025-08-10T07:32:03.997Z</time></trkpt><trkpt lat="33.863917" lon="73.330497"><ele>1442.558</ele><time>2025-08-10T07:32:04.997Z</time></trkpt><trkpt lat="33.863834" lon="73.330426"><ele>1442.082</ele><time>2025-08-10T07:32:05.997Z</time></trkpt><trkpt lat="33.863746" lon="73.330370"><ele>1441.638</ele><time>2025-08-10T07:32:06.997Z</time></trkpt><trkpt lat="33.863652" lon="73.330328"><ele>1441.121</ele><time>2025-08-10T07:32:07.997Z</time></trkpt><trkpt lat="33.863571" lon="73.330274"><ele>1440.640</ele><time>2025-08-10T07:32:08.997Z</time></trkpt><trkpt lat="33.863497" lon="73.330224"><ele>1440.051</ele><time>2025-08-10T07:32:09.997Z</time></trkpt><trkpt lat="33.863437" lon="73.330164"><ele>1439.724</ele><time>2025-08-10T07:32:10.997Z</time></trkpt><trkpt lat="33.863390" lon="73.330076"><ele>1439.204</ele><time>2025-08-10T07:32:11.997Z</time></trkpt><trkpt lat="33.863338" lon="73.329998"><ele>1438.714</ele><time>2025-08-10T07:32:12.997Z</time></trkpt><trkpt lat="33.863283" lon="73.329916"><ele>1438.209</ele><time>2025-08-10T07:32:13.997Z</time></trkpt><trkpt lat="33.863235" lon="73.329827"><ele>1437.694</ele><time>2025-08-10T07:32:14.997Z</time></trkpt><trkpt lat="33.863190" lon="73.329735"><ele>1437.044</ele><time>2025-08-10T07:32:15.997Z</time></trkpt><trkpt lat="33.863149" lon="73.329634"><ele>1436.168</ele><time>2025-08-10T07:32:16.997Z</time></trkpt><trkpt lat="33.863113" lon="73.329535"><ele>1435.642</ele><time>2025-08-10T07:32:17.997Z</time></trkpt><trkpt lat="33.863084" lon="73.329433"><ele>1435.016</ele><time>2025-08-10T07:32:18.997Z</time></trkpt><trkpt lat="33.863063" lon="73.329326"><ele>1434.542</ele><time>2025-08-10T07:32:19.997Z</time></trkpt><trkpt lat="33.863041" lon="73.329214"><ele>1434.025</ele><time>2025-08-10T07:32:20.997Z</time></trkpt><trkpt lat="33.863008" lon="73.329114"><ele>1433.454</ele><time>2025-08-10T07:32:21.997Z</time></trkpt><trkpt lat="33.862976" lon="73.329016"><ele>1432.845</ele><time>2025-08-10T07:32:22.997Z</time></trkpt><trkpt lat="33.862944" lon="73.328916"><ele>1432.548</ele><time>2025-08-10T07:32:23.997Z</time></trkpt><trkpt lat="33.862907" lon="73.328819"><ele>1431.961</ele><time>2025-08-10T07:32:24.997Z</time></trkpt><trkpt lat="33.862863" lon="73.328727"><ele>1431.317</ele><time>2025-08-10T07:32:25.997Z</time></trkpt><trkpt lat="33.862803" lon="73.328645"><ele>1430.709</ele><time>2025-08-10T07:32:26.997Z</time></trkpt><trkpt lat="33.862737" lon="73.328569"><ele>1429.826</ele><time>2025-08-10T07:32:27.997Z</time></trkpt><trkpt lat="33.862660" lon="73.328501"><ele>1429.386</ele><time>2025-08-10T07:32:28.997Z</time></trkpt><trkpt lat="33.862582" lon="73.328436"><ele>1428.750</ele><time>2025-08-10T07:32:29.997Z</time></trkpt><trkpt lat="33.862498" lon="73.328377"><ele>1428.224</ele><time>2025-08-10T07:32:30.997Z</time></trkpt><trkpt lat="33.862414" lon="73.328316"><ele>1427.728</ele><time>2025-08-10T07:32:31.997Z</time></trkpt><trkpt lat="33.862333" lon="73.328265"><ele>1427.044</ele><time>2025-08-10T07:32:32.997Z</time></trkpt><trkpt lat="33.862267" lon="73.328207"><ele>1426.367</ele><time>2025-08-10T07:32:33.997Z</time></trkpt><trkpt lat="33.862189" lon="73.328163"><ele>1426.046</ele><time>2025-08-10T07:32:34.997Z</time></trkpt><trkpt lat="33.862101" lon="73.328137"><ele>1425.417</ele><time>2025-08-10T07:32:35.997Z</time></trkpt><trkpt lat="33.862013" lon="73.328143"><ele>1424.658</ele><time>2025-08-10T07:32:36.997Z</time></trkpt><trkpt lat="33.861923" lon="73.328156"><ele>1423.852</ele><time>2025-08-10T07:32:37.997Z</time></trkpt><trkpt lat="33.861822" lon="73.328178"><ele>1422.817</ele><time>2025-08-10T07:32:38.997Z</time></trkpt><trkpt lat="33.861735" lon="73.328174"><ele>1422.009</ele><time>2025-08-10T07:32:39.997Z</time></trkpt><trkpt lat="33.861647" lon="73.328136"><ele>1421.247</ele><time>2025-08-10T07:32:40.997Z</time></trkpt><trkpt lat="33.861565" lon="73.328093"><ele>1420.567</ele><time>2025-08-10T07:32:41.997Z</time></trkpt><trkpt lat="33.861485" lon="73.328025"><ele>1419.881</ele><time>2025-08-10T07:32:42.997Z</time></trkpt><trkpt lat="33.861413" lon="73.327949"><ele>1419.215</ele><time>2025-08-10T07:32:43.997Z</time></trkpt><trkpt lat="33.861347" lon="73.327870"><ele>1418.629</ele><time>2025-08-10T07:32:44.997Z</time></trkpt><trkpt lat="33.861285" lon="73.327777"><ele>1418.055</ele><time>2025-08-10T07:32:45.997Z</time></trkpt><trkpt lat="33.861233" lon="73.327698"><ele>1417.618</ele><time>2025-08-10T07:32:46.997Z</time></trkpt><trkpt lat="33.861176" lon="73.327633"><ele>1417.427</ele><time>2025-08-10T07:32:47.997Z</time></trkpt><trkpt lat="33.861113" lon="73.327563"><ele>1416.828</ele><time>2025-08-10T07:32:48.997Z</time></trkpt><trkpt lat="33.861045" lon="73.327496"><ele>1416.298</ele><time>2025-08-10T07:32:49.997Z</time></trkpt><trkpt lat="33.860970" lon="73.327441"><ele>1415.615</ele><time>2025-08-10T07:32:50.997Z</time></trkpt><trkpt lat="33.860892" lon="73.327393"><ele>1414.926</ele><time>2025-08-10T07:32:51.997Z</time></trkpt><trkpt lat="33.860823" lon="73.327352"><ele>1414.209</ele><time>2025-08-10T07:32:52.997Z</time></trkpt><trkpt lat="33.860755" lon="73.327302"><ele>1413.571</ele><time>2025-08-10T07:32:53.997Z</time></trkpt><trkpt lat="33.860696" lon="73.327268"><ele>1412.871</ele><time>2025-08-10T07:32:54.997Z</time></trkpt><trkpt lat="33.860634" lon="73.327229"><ele>1412.345</ele><time>2025-08-10T07:32:55.997Z</time></trkpt><trkpt lat="33.860581" lon="73.327196"><ele>1411.869</ele><time>2025-08-10T07:32:56.997Z</time></trkpt><trkpt lat="33.860529" lon="73.327164"><ele>1411.633</ele><time>2025-08-10T07:32:57.997Z</time></trkpt><trkpt lat="33.860482" lon="73.327142"><ele>1411.139</ele><time>2025-08-10T07:32:58.997Z</time></trkpt><trkpt lat="33.860393" lon="73.327121"><ele>1410.732</ele><time>2025-08-10T07:33:00.997Z</time></trkpt><trkpt lat="33.860348" lon="73.327101"><ele>1410.221</ele><time>2025-08-10T07:33:01.997Z</time></trkpt><trkpt lat="33.860287" lon="73.327073"><ele>1409.052</ele><time>2025-08-10T07:33:03.997Z</time></trkpt><trkpt lat="33.860232" lon="73.327024"><ele>1407.934</ele><time>2025-08-10T07:33:05.997Z</time></trkpt><trkpt lat="33.860184" lon="73.326985"><ele>1407.455</ele><time>2025-08-10T07:33:07.997Z</time></trkpt><trkpt lat="33.860139" lon="73.326947"><ele>1406.310</ele><time>2025-08-10T07:33:10.997Z</time></trkpt><trkpt lat="33.860098" lon="73.326906"><ele>1405.509</ele><time>2025-08-10T07:33:14.997Z</time></trkpt><trkpt lat="33.860059" lon="73.326867"><ele>1405.165</ele><time>2025-08-10T07:33:19.997Z</time></trkpt><trkpt lat="33.860009" lon="73.326831"><ele>1404.645</ele><time>2025-08-10T07:33:22.997Z</time></trkpt><trkpt lat="33.859967" lon="73.326791"><ele>1404.279</ele><time>2025-08-10T07:33:24.997Z</time></trkpt><trkpt lat="33.859910" lon="73.326705"><ele>1403.923</ele><time>2025-08-10T07:33:26.997Z</time></trkpt><trkpt lat="33.859879" lon="73.326655"><ele>1403.937</ele><time>2025-08-10T07:33:27.997Z</time></trkpt><trkpt lat="33.859856" lon="73.326598"><ele>1403.913</ele><time>2025-08-10T07:33:28.997Z</time></trkpt><trkpt lat="33.859831" lon="73.326540"><ele>1403.926</ele><time>2025-08-10T07:33:29.997Z</time></trkpt><trkpt lat="33.859807" lon="73.326488"><ele>1403.835</ele><time>2025-08-10T07:33:30.997Z</time></trkpt><trkpt lat="33.859775" lon="73.326432"><ele>1403.816</ele><time>2025-08-10T07:33:31.997Z</time></trkpt><trkpt lat="33.859743" lon="73.326382"><ele>1403.752</ele><time>2025-08-10T07:33:32.997Z</time></trkpt><trkpt lat="33.859684" lon="73.326302"><ele>1403.453</ele><time>2025-08-10T07:33:34.997Z</time></trkpt><trkpt lat="33.859661" lon="73.326221"><ele>1403.208</ele><time>2025-08-10T07:33:36.997Z</time></trkpt><trkpt lat="33.859673" lon="73.326141"><ele>1402.309</ele><time>2025-08-10T07:33:38.997Z</time></trkpt><trkpt lat="33.859720" lon="73.326105"><ele>1401.717</ele><time>2025-08-10T07:33:49.998Z</time></trkpt><trkpt lat="33.859778" lon="73.326064"><ele>1401.597</ele><time>2025-08-10T07:33:52.998Z</time></trkpt><trkpt lat="33.859840" lon="73.326038"><ele>1400.471</ele><time>2025-08-10T07:33:54.998Z</time></trkpt><trkpt lat="33.859902" lon="73.326027"><ele>1400.275</ele><time>2025-08-10T07:33:56.998Z</time></trkpt><trkpt lat="33.859949" lon="73.326036"><ele>1399.979</ele><time>2025-08-10T07:33:57.998Z</time></trkpt><trkpt lat="33.859998" lon="73.326052"><ele>1399.695</ele><time>2025-08-10T07:33:58.998Z</time></trkpt><trkpt lat="33.860047" lon="73.326092"><ele>1399.548</ele><time>2025-08-10T07:33:59.998Z</time></trkpt><trkpt lat="33.860091" lon="73.326147"><ele>1399.397</ele><time>2025-08-10T07:34:00.998Z</time></trkpt><trkpt lat="33.860128" lon="73.326212"><ele>1399.018</ele><time>2025-08-10T07:34:01.998Z</time></trkpt><trkpt lat="33.860166" lon="73.326268"><ele>1398.791</ele><time>2025-08-10T07:34:02.998Z</time></trkpt><trkpt lat="33.860208" lon="73.326319"><ele>1398.481</ele><time>2025-08-10T07:34:03.998Z</time></trkpt><trkpt lat="33.860251" lon="73.326358"><ele>1398.019</ele><time>2025-08-10T07:34:04.998Z</time></trkpt><trkpt lat="33.860294" lon="73.326397"><ele>1397.509</ele><time>2025-08-10T07:34:05.998Z</time></trkpt><trkpt lat="33.860349" lon="73.326430"><ele>1397.031</ele><time>2025-08-10T07:34:06.998Z</time></trkpt><trkpt lat="33.860410" lon="73.326456"><ele>1396.361</ele><time>2025-08-10T07:34:07.998Z</time></trkpt><trkpt lat="33.860462" lon="73.326478"><ele>1395.625</ele><time>2025-08-10T07:34:08.998Z</time></trkpt><trkpt lat="33.860513" lon="73.326503"><ele>1394.989</ele><time>2025-08-10T07:34:09.998Z</time></trkpt><trkpt lat="33.860568" lon="73.326527"><ele>1394.563</ele><time>2025-08-10T07:34:10.998Z</time></trkpt><trkpt lat="33.860621" lon="73.326548"><ele>1394.129</ele><time>2025-08-10T07:34:11.998Z</time></trkpt><trkpt lat="33.860676" lon="73.326572"><ele>1393.962</ele><time>2025-08-10T07:34:12.998Z</time></trkpt><trkpt lat="33.860732" lon="73.326597"><ele>1393.751</ele><time>2025-08-10T07:34:13.998Z</time></trkpt><trkpt lat="33.860784" lon="73.326630"><ele>1393.642</ele><time>2025-08-10T07:34:14.998Z</time></trkpt><trkpt lat="33.860832" lon="73.326663"><ele>1393.561</ele><time>2025-08-10T07:34:15.998Z</time></trkpt><trkpt lat="33.860874" lon="73.326699"><ele>1393.521</ele><time>2025-08-10T07:34:16.998Z</time></trkpt><trkpt lat="33.860923" lon="73.326727"><ele>1393.513</ele><time>2025-08-10T07:34:17.998Z</time></trkpt><trkpt lat="33.860986" lon="73.326758"><ele>1393.509</ele><time>2025-08-10T07:34:18.998Z</time></trkpt><trkpt lat="33.861050" lon="73.326804"><ele>1393.538</ele><time>2025-08-10T07:34:19.998Z</time></trkpt><trkpt lat="33.861115" lon="73.326854"><ele>1393.478</ele><time>2025-08-10T07:34:20.998Z</time></trkpt><trkpt lat="33.861180" lon="73.326903"><ele>1393.262</ele><time>2025-08-10T07:34:21.998Z</time></trkpt><trkpt lat="33.861246" lon="73.326958"><ele>1393.066</ele><time>2025-08-10T07:34:22.998Z</time></trkpt><trkpt lat="33.861313" lon="73.327015"><ele>1392.780</ele><time>2025-08-10T07:34:23.998Z</time></trkpt><trkpt lat="33.861380" lon="73.327065"><ele>1392.346</ele><time>2025-08-10T07:34:24.998Z</time></trkpt><trkpt lat="33.861451" lon="73.327114"><ele>1391.919</ele><time>2025-08-10T07:34:25.998Z</time></trkpt><trkpt lat="33.861522" lon="73.327153"><ele>1391.528</ele><time>2025-08-10T07:34:26.998Z</time></trkpt><trkpt lat="33.861588" lon="73.327197"><ele>1391.019</ele><time>2025-08-10T07:34:27.998Z</time></trkpt><trkpt lat="33.861661" lon="73.327236"><ele>1390.576</ele><time>2025-08-10T07:34:28.998Z</time></trkpt><trkpt lat="33.861734" lon="73.327268"><ele>1390.090</ele><time>2025-08-10T07:34:29.998Z</time></trkpt><trkpt lat="33.861799" lon="73.327302"><ele>1389.619</ele><time>2025-08-10T07:34:30.998Z</time></trkpt><trkpt lat="33.861867" lon="73.327332"><ele>1389.109</ele><time>2025-08-10T07:34:31.998Z</time></trkpt><trkpt lat="33.861939" lon="73.327353"><ele>1388.579</ele><time>2025-08-10T07:34:32.998Z</time></trkpt><trkpt lat="33.862019" lon="73.327349"><ele>1388.019</ele><time>2025-08-10T07:34:33.998Z</time></trkpt><trkpt lat="33.862098" lon="73.327336"><ele>1387.523</ele><time>2025-08-10T07:34:34.998Z</time></trkpt><trkpt lat="33.862181" lon="73.327316"><ele>1387.117</ele><time>2025-08-10T07:34:35.998Z</time></trkpt><trkpt lat="33.862258" lon="73.327305"><ele>1386.641</ele><time>2025-08-10T07:34:36.998Z</time></trkpt><trkpt lat="33.862335" lon="73.327293"><ele>1386.217</ele><time>2025-08-10T07:34:37.998Z</time></trkpt><trkpt lat="33.862418" lon="73.327284"><ele>1385.820</ele><time>2025-08-10T07:34:38.998Z</time></trkpt><trkpt lat="33.862493" lon="73.327293"><ele>1385.459</ele><time>2025-08-10T07:34:39.998Z</time></trkpt><trkpt lat="33.862570" lon="73.327305"><ele>1384.960</ele><time>2025-08-10T07:34:40.998Z</time></trkpt><trkpt lat="33.862649" lon="73.327314"><ele>1384.562</ele><time>2025-08-10T07:34:41.998Z</time></trkpt><trkpt lat="33.862727" lon="73.327318"><ele>1384.183</ele><time>2025-08-10T07:34:42.998Z</time></trkpt><trkpt lat="33.862812" lon="73.327317"><ele>1383.711</ele><time>2025-08-10T07:34:43.998Z</time></trkpt><trkpt lat="33.862892" lon="73.327314"><ele>1383.309</ele><time>2025-08-10T07:34:44.998Z</time></trkpt><trkpt lat="33.862971" lon="73.327309"><ele>1382.998</ele><time>2025-08-10T07:34:45.998Z</time></trkpt><trkpt lat="33.863041" lon="73.327301"><ele>1382.538</ele><time>2025-08-10T07:34:46.998Z</time></trkpt><trkpt lat="33.863117" lon="73.327267"><ele>1382.032</ele><time>2025-08-10T07:34:47.998Z</time></trkpt><trkpt lat="33.863188" lon="73.327226"><ele>1381.596</ele><time>2025-08-10T07:34:48.998Z</time></trkpt><trkpt lat="33.863260" lon="73.327187"><ele>1381.010</ele><time>2025-08-10T07:34:49.998Z</time></trkpt><trkpt lat="33.863329" lon="73.327140"><ele>1380.536</ele><time>2025-08-10T07:34:50.998Z</time></trkpt><trkpt lat="33.863400" lon="73.327111"><ele>1380.169</ele><time>2025-08-10T07:34:51.998Z</time></trkpt><trkpt lat="33.863476" lon="73.327080"><ele>1379.718</ele><time>2025-08-10T07:34:52.998Z</time></trkpt><trkpt lat="33.863551" lon="73.327046"><ele>1379.339</ele><time>2025-08-10T07:34:53.998Z</time></trkpt><trkpt lat="33.863626" lon="73.327015"><ele>1378.969</ele><time>2025-08-10T07:34:54.998Z</time></trkpt><trkpt lat="33.863705" lon="73.326997"><ele>1378.404</ele><time>2025-08-10T07:34:55.998Z</time></trkpt><trkpt lat="33.863775" lon="73.326968"><ele>1377.824</ele><time>2025-08-10T07:34:56.998Z</time></trkpt><trkpt lat="33.863849" lon="73.326949"><ele>1377.109</ele><time>2025-08-10T07:34:57.998Z</time></trkpt><trkpt lat="33.863934" lon="73.326935"><ele>1376.458</ele><time>2025-08-10T07:34:58.998Z</time></trkpt><trkpt lat="33.864008" lon="73.326927"><ele>1375.778</ele><time>2025-08-10T07:34:59.998Z</time></trkpt><trkpt lat="33.864082" lon="73.326934"><ele>1375.112</ele><time>2025-08-10T07:35:00.998Z</time></trkpt><trkpt lat="33.864152" lon="73.326948"><ele>1374.696</ele><time>2025-08-10T07:35:01.998Z</time></trkpt><trkpt lat="33.864212" lon="73.326986"><ele>1374.240</ele><time>2025-08-10T07:35:02.998Z</time></trkpt><trkpt lat="33.864257" lon="73.327050"><ele>1373.896</ele><time>2025-08-10T07:35:03.998Z</time></trkpt><trkpt lat="33.864291" lon="73.327133"><ele>1373.219</ele><time>2025-08-10T07:35:04.998Z</time></trkpt><trkpt lat="33.864320" lon="73.327234"><ele>1372.548</ele><time>2025-08-10T07:35:05.998Z</time></trkpt><trkpt lat="33.864354" lon="73.327330"><ele>1371.979</ele><time>2025-08-10T07:35:06.998Z</time></trkpt><trkpt lat="33.864391" lon="73.327426"><ele>1371.583</ele><time>2025-08-10T07:35:07.998Z</time></trkpt><trkpt lat="33.864442" lon="73.327519"><ele>1371.125</ele><time>2025-08-10T07:35:08.998Z</time></trkpt><trkpt lat="33.864503" lon="73.327600"><ele>1370.417</ele><time>2025-08-10T07:35:09.998Z</time></trkpt><trkpt lat="33.864581" lon="73.327662"><ele>1369.809</ele><time>2025-08-10T07:35:10.998Z</time></trkpt><trkpt lat="33.864651" lon="73.327695"><ele>1369.540</ele><time>2025-08-10T07:35:11.998Z</time></trkpt><trkpt lat="33.864708" lon="73.327751"><ele>1368.970</ele><time>2025-08-10T07:35:12.998Z</time></trkpt><trkpt lat="33.864740" lon="73.327821"><ele>1368.224</ele><time>2025-08-10T07:35:13.998Z</time></trkpt><trkpt lat="33.864772" lon="73.327907"><ele>1367.788</ele><time>2025-08-10T07:35:14.998Z</time></trkpt><trkpt lat="33.864788" lon="73.328000"><ele>1367.442</ele><time>2025-08-10T07:35:15.998Z</time></trkpt><trkpt lat="33.864796" lon="73.328083"><ele>1367.058</ele><time>2025-08-10T07:35:16.998Z</time></trkpt><trkpt lat="33.864818" lon="73.328166"><ele>1366.651</ele><time>2025-08-10T07:35:17.998Z</time></trkpt><trkpt lat="33.864844" lon="73.328231"><ele>1366.230</ele><time>2025-08-10T07:35:18.998Z</time></trkpt><trkpt lat="33.864883" lon="73.328276"><ele>1366.051</ele><time>2025-08-10T07:35:19.998Z</time></trkpt><trkpt lat="33.864928" lon="73.328294"><ele>1365.751</ele><time>2025-08-10T07:35:20.998Z</time></trkpt><trkpt lat="33.864975" lon="73.328273"><ele>1365.401</ele><time>2025-08-10T07:35:21.998Z</time></trkpt><trkpt lat="33.865007" lon="73.328225"><ele>1365.211</ele><time>2025-08-10T07:35:22.998Z</time></trkpt><trkpt lat="33.865014" lon="73.328167"><ele>1364.909</ele><time>2025-08-10T07:35:23.998Z</time></trkpt><trkpt lat="33.865004" lon="73.328110"><ele>1364.617</ele><time>2025-08-10T07:35:24.998Z</time></trkpt><trkpt lat="33.864987" lon="73.328055"><ele>1364.337</ele><time>2025-08-10T07:35:25.998Z</time></trkpt><trkpt lat="33.864955" lon="73.327990"><ele>1364.021</ele><time>2025-08-10T07:35:26.998Z</time></trkpt><trkpt lat="33.864922" lon="73.327941"><ele>1363.775</ele><time>2025-08-10T07:35:27.998Z</time></trkpt><trkpt lat="33.864896" lon="73.327870"><ele>1363.389</ele><time>2025-08-10T07:35:29.998Z</time></trkpt><trkpt lat="33.864857" lon="73.327796"><ele>1363.155</ele><time>2025-08-10T07:35:31.998Z</time></trkpt><trkpt lat="33.864830" lon="73.327751"><ele>1362.588</ele><time>2025-08-10T07:35:32.998Z</time></trkpt><trkpt lat="33.864810" lon="73.327690"><ele>1361.787</ele><time>2025-08-10T07:35:33.998Z</time></trkpt><trkpt lat="33.864783" lon="73.327624"><ele>1361.378</ele><time>2025-08-10T07:35:34.998Z</time></trkpt><trkpt lat="33.864740" lon="73.327551"><ele>1361.078</ele><time>2025-08-10T07:35:35.998Z</time></trkpt><trkpt lat="33.864702" lon="73.327471"><ele>1360.833</ele><time>2025-08-10T07:35:36.998Z</time></trkpt><trkpt lat="33.864665" lon="73.327377"><ele>1360.526</ele><time>2025-08-10T07:35:37.998Z</time></trkpt><trkpt lat="33.864626" lon="73.327289"><ele>1360.409</ele><time>2025-08-10T07:35:38.998Z</time></trkpt><trkpt lat="33.864587" lon="73.327190"><ele>1360.339</ele><time>2025-08-10T07:35:39.998Z</time></trkpt><trkpt lat="33.864542" lon="73.327084"><ele>1360.199</ele><time>2025-08-10T07:35:40.998Z</time></trkpt><trkpt lat="33.864504" lon="73.326990"><ele>1359.923</ele><time>2025-08-10T07:35:41.998Z</time></trkpt><trkpt lat="33.864468" lon="73.326904"><ele>1359.897</ele><time>2025-08-10T07:35:42.998Z</time></trkpt><trkpt lat="33.864439" lon="73.326821"><ele>1359.631</ele><time>2025-08-10T07:35:43.998Z</time></trkpt><trkpt lat="33.864395" lon="73.326731"><ele>1359.277</ele><time>2025-08-10T07:35:44.998Z</time></trkpt><trkpt lat="33.864354" lon="73.326642"><ele>1358.740</ele><time>2025-08-10T07:35:45.998Z</time></trkpt><trkpt lat="33.864296" lon="73.326560"><ele>1358.189</ele><time>2025-08-10T07:35:46.998Z</time></trkpt><trkpt lat="33.864222" lon="73.326498"><ele>1357.570</ele><time>2025-08-10T07:35:47.999Z</time></trkpt><trkpt lat="33.864139" lon="73.326468"><ele>1356.881</ele><time>2025-08-10T07:35:48.999Z</time></trkpt><trkpt lat="33.864044" lon="73.326458"><ele>1355.861</ele><time>2025-08-10T07:35:49.999Z</time></trkpt><trkpt lat="33.863951" lon="73.326455"><ele>1355.317</ele><time>2025-08-10T07:35:50.999Z</time></trkpt><trkpt lat="33.863856" lon="73.326449"><ele>1354.809</ele><time>2025-08-10T07:35:52Z</time></trkpt><trkpt lat="33.863763" lon="73.326440"><ele>1354.320</ele><time>2025-08-10T07:35:53Z</time></trkpt><trkpt lat="33.863669" lon="73.326417"><ele>1353.830</ele><time>2025-08-10T07:35:54Z</time></trkpt><trkpt lat="33.863573" lon="73.326408"><ele>1353.274</ele><time>2025-08-10T07:35:55Z</time></trkpt><trkpt lat="33.863480" lon="73.326421"><ele>1352.768</ele><time>2025-08-10T07:35:56Z</time></trkpt><trkpt lat="33.863388" lon="73.326450"><ele>1352.112</ele><time>2025-08-10T07:35:57Z</time></trkpt><trkpt lat="33.863296" lon="73.326460"><ele>1351.548</ele><time>2025-08-10T07:35:58Z</time></trkpt><trkpt lat="33.863197" lon="73.326450"><ele>1350.871</ele><time>2025-08-10T07:35:59Z</time></trkpt><trkpt lat="33.863107" lon="73.326427"><ele>1350.270</ele><time>2025-08-10T07:36:00Z</time></trkpt><trkpt lat="33.863029" lon="73.326397"><ele>1349.521</ele><time>2025-08-10T07:36:01.001Z</time></trkpt><trkpt lat="33.862958" lon="73.326362"><ele>1349.199</ele><time>2025-08-10T07:36:02.001Z</time></trkpt><trkpt lat="33.862896" lon="73.326350"><ele>1348.307</ele><time>2025-08-10T07:36:03.001Z</time></trkpt><trkpt lat="33.862822" lon="73.326312"><ele>1347.627</ele><time>2025-08-10T07:36:04.001Z</time></trkpt><trkpt lat="33.862741" lon="73.326292"><ele>1346.909</ele><time>2025-08-10T07:36:05.001Z</time></trkpt><trkpt lat="33.862661" lon="73.326272"><ele>1346.211</ele><time>2025-08-10T07:36:06.001Z</time></trkpt><trkpt lat="33.862572" lon="73.326239"><ele>1345.641</ele><time>2025-08-10T07:36:07.001Z</time></trkpt><trkpt lat="33.862483" lon="73.326214"><ele>1345.015</ele><time>2025-08-10T07:36:08.001Z</time></trkpt><trkpt lat="33.862405" lon="73.326181"><ele>1344.589</ele><time>2025-08-10T07:36:09.001Z</time></trkpt><trkpt lat="33.862337" lon="73.326149"><ele>1344.153</ele><time>2025-08-10T07:36:10.001Z</time></trkpt><trkpt lat="33.862280" lon="73.326113"><ele>1343.659</ele><time>2025-08-10T07:36:11.001Z</time></trkpt><trkpt lat="33.862234" lon="73.326054"><ele>1343.142</ele><time>2025-08-10T07:36:12.001Z</time></trkpt><trkpt lat="33.862200" lon="73.325976"><ele>1342.671</ele><time>2025-08-10T07:36:13.001Z</time></trkpt><trkpt lat="33.862176" lon="73.325882"><ele>1342.132</ele><time>2025-08-10T07:36:14.001Z</time></trkpt><trkpt lat="33.862158" lon="73.325778"><ele>1341.659</ele><time>2025-08-10T07:36:15.001Z</time></trkpt><trkpt lat="33.862142" lon="73.325676"><ele>1341.103</ele><time>2025-08-10T07:36:16.001Z</time></trkpt><trkpt lat="33.862109" lon="73.325575"><ele>1340.623</ele><time>2025-08-10T07:36:17.001Z</time></trkpt><trkpt lat="33.862057" lon="73.325482"><ele>1340.109</ele><time>2025-08-10T07:36:18.001Z</time></trkpt><trkpt lat="33.862005" lon="73.325388"><ele>1339.437</ele><time>2025-08-10T07:36:19.001Z</time></trkpt><trkpt lat="33.861953" lon="73.325295"><ele>1338.937</ele><time>2025-08-10T07:36:20.001Z</time></trkpt><trkpt lat="33.861905" lon="73.325192"><ele>1338.481</ele><time>2025-08-10T07:36:21.001Z</time></trkpt><trkpt lat="33.861853" lon="73.325093"><ele>1338.025</ele><time>2025-08-10T07:36:22.001Z</time></trkpt><trkpt lat="33.861802" lon="73.324990"><ele>1337.619</ele><time>2025-08-10T07:36:23.001Z</time></trkpt><trkpt lat="33.861752" lon="73.324894"><ele>1337.235</ele><time>2025-08-10T07:36:24.001Z</time></trkpt><trkpt lat="33.861701" lon="73.324800"><ele>1336.848</ele><time>2025-08-10T07:36:25.001Z</time></trkpt><trkpt lat="33.861652" lon="73.324713"><ele>1336.437</ele><time>2025-08-10T07:36:26.001Z</time></trkpt><trkpt lat="33.861604" lon="73.324620"><ele>1335.928</ele><time>2025-08-10T07:36:27.001Z</time></trkpt><trkpt lat="33.861545" lon="73.324530"><ele>1335.244</ele><time>2025-08-10T07:36:28.001Z</time></trkpt><trkpt lat="33.861488" lon="73.324446"><ele>1334.605</ele><time>2025-08-10T07:36:29.001Z</time></trkpt><trkpt lat="33.861452" lon="73.324356"><ele>1334.315</ele><time>2025-08-10T07:36:30.001Z</time></trkpt><trkpt lat="33.861423" lon="73.324260"><ele>1333.709</ele><time>2025-08-10T07:36:31.001Z</time></trkpt><trkpt lat="33.861406" lon="73.324157"><ele>1333.176</ele><time>2025-08-10T07:36:32.001Z</time></trkpt><trkpt lat="33.861395" lon="73.324045"><ele>1332.696</ele><time>2025-08-10T07:36:33.001Z</time></trkpt><trkpt lat="33.861372" lon="73.323945"><ele>1332.130</ele><time>2025-08-10T07:36:34.001Z</time></trkpt><trkpt lat="33.861341" lon="73.323850"><ele>1331.664</ele><time>2025-08-10T07:36:35.001Z</time></trkpt><trkpt lat="33.861294" lon="73.323768"><ele>1331.178</ele><time>2025-08-10T07:36:36.001Z</time></trkpt><trkpt lat="33.861232" lon="73.323701"><ele>1330.584</ele><time>2025-08-10T07:36:37.001Z</time></trkpt><trkpt lat="33.861157" lon="73.323655"><ele>1329.967</ele><time>2025-08-10T07:36:38.001Z</time></trkpt><trkpt lat="33.861071" lon="73.323631"><ele>1329.426</ele><time>2025-08-10T07:36:39.001Z</time></trkpt><trkpt lat="33.860988" lon="73.323630"><ele>1328.987</ele><time>2025-08-10T07:36:40.001Z</time></trkpt><trkpt lat="33.860903" lon="73.323647"><ele>1328.423</ele><time>2025-08-10T07:36:41.001Z</time></trkpt><trkpt lat="33.860824" lon="73.323693"><ele>1327.983</ele><time>2025-08-10T07:36:42.001Z</time></trkpt><trkpt lat="33.860740" lon="73.323729"><ele>1327.311</ele><time>2025-08-10T07:36:43.001Z</time></trkpt><trkpt lat="33.860653" lon="73.323757"><ele>1326.609</ele><time>2025-08-10T07:36:44.001Z</time></trkpt><trkpt lat="33.860565" lon="73.323769"><ele>1325.984</ele><time>2025-08-10T07:36:45.001Z</time></trkpt><trkpt lat="33.860487" lon="73.323771"><ele>1325.334</ele><time>2025-08-10T07:36:46.001Z</time></trkpt><trkpt lat="33.860413" lon="73.323765"><ele>1324.828</ele><time>2025-08-10T07:36:47.001Z</time></trkpt><trkpt lat="33.860340" lon="73.323736"><ele>1324.312</ele><time>2025-08-10T07:36:48.001Z</time></trkpt><trkpt lat="33.860265" lon="73.323688"><ele>1323.846</ele><time>2025-08-10T07:36:49.001Z</time></trkpt><trkpt lat="33.860187" lon="73.323634"><ele>1323.272</ele><time>2025-08-10T07:36:50.001Z</time></trkpt><trkpt lat="33.860103" lon="73.323585"><ele>1322.635</ele><time>2025-08-10T07:36:51.001Z</time></trkpt><trkpt lat="33.860022" lon="73.323540"><ele>1321.714</ele><time>2025-08-10T07:36:52.001Z</time></trkpt><trkpt lat="33.859936" lon="73.323502"><ele>1321.225</ele><time>2025-08-10T07:36:53.001Z</time></trkpt><trkpt lat="33.859855" lon="73.323458"><ele>1321.092</ele><time>2025-08-10T07:36:54.001Z</time></trkpt><trkpt lat="33.859773" lon="73.323401"><ele>1320.473</ele><time>2025-08-10T07:36:55.001Z</time></trkpt><trkpt lat="33.859701" lon="73.323352"><ele>1320.220</ele><time>2025-08-10T07:36:56.001Z</time></trkpt><trkpt lat="33.859636" lon="73.323302"><ele>1319.909</ele><time>2025-08-10T07:36:57.001Z</time></trkpt><trkpt lat="33.859573" lon="73.323261"><ele>1319.581</ele><time>2025-08-10T07:36:58.001Z</time></trkpt><trkpt lat="33.859499" lon="73.323240"><ele>1319.061</ele><time>2025-08-10T07:36:59.001Z</time></trkpt><trkpt lat="33.859424" lon="73.323224"><ele>1318.495</ele><time>2025-08-10T07:37:00.001Z</time></trkpt><trkpt lat="33.859329" lon="73.323220"><ele>1317.819</ele><time>2025-08-10T07:37:01.001Z</time></trkpt><trkpt lat="33.859238" lon="73.323222"><ele>1317.253</ele><time>2025-08-10T07:37:02.001Z</time></trkpt><trkpt lat="33.859143" lon="73.323227"><ele>1316.489</ele><time>2025-08-10T07:37:03.001Z</time></trkpt><trkpt lat="33.859051" lon="73.323217"><ele>1316.072</ele><time>2025-08-10T07:37:04.001Z</time></trkpt><trkpt lat="33.858955" lon="73.323196"><ele>1315.691</ele><time>2025-08-10T07:37:05.001Z</time></trkpt><trkpt lat="33.858859" lon="73.323167"><ele>1315.272</ele><time>2025-08-10T07:37:06.001Z</time></trkpt><trkpt lat="33.858766" lon="73.323132"><ele>1314.713</ele><time>2025-08-10T07:37:07.001Z</time></trkpt><trkpt lat="33.858678" lon="73.323089"><ele>1314.243</ele><time>2025-08-10T07:37:08.001Z</time></trkpt><trkpt lat="33.858593" lon="73.323029"><ele>1313.707</ele><time>2025-08-10T07:37:09.001Z</time></trkpt><trkpt lat="33.858501" lon="73.322964"><ele>1313.109</ele><time>2025-08-10T07:37:10.001Z</time></trkpt><trkpt lat="33.858411" lon="73.322902"><ele>1312.433</ele><time>2025-08-10T07:37:11.001Z</time></trkpt><trkpt lat="33.858329" lon="73.322847"><ele>1311.843</ele><time>2025-08-10T07:37:12.001Z</time></trkpt><trkpt lat="33.858258" lon="73.322800"><ele>1311.147</ele><time>2025-08-10T07:37:13.001Z</time></trkpt><trkpt lat="33.858193" lon="73.322759"><ele>1310.851</ele><time>2025-08-10T07:37:14.001Z</time></trkpt><trkpt lat="33.858134" lon="73.322711"><ele>1310.135</ele><time>2025-08-10T07:37:15.001Z</time></trkpt><trkpt lat="33.858078" lon="73.322643"><ele>1309.461</ele><time>2025-08-10T07:37:16.001Z</time></trkpt><trkpt lat="33.858039" lon="73.322557"><ele>1308.784</ele><time>2025-08-10T07:37:17.001Z</time></trkpt><trkpt lat="33.858004" lon="73.322480"><ele>1308.043</ele><time>2025-08-10T07:37:18.001Z</time></trkpt><trkpt lat="33.857966" lon="73.322420"><ele>1307.414</ele><time>2025-08-10T07:37:19.001Z</time></trkpt><trkpt lat="33.857931" lon="73.322372"><ele>1307.156</ele><time>2025-08-10T07:37:20.001Z</time></trkpt><trkpt lat="33.857889" lon="73.322329"><ele>1306.559</ele><time>2025-08-10T07:37:21.001Z</time></trkpt><trkpt lat="33.857838" lon="73.322292"><ele>1305.914</ele><time>2025-08-10T07:37:22.001Z</time></trkpt><trkpt lat="33.857789" lon="73.322270"><ele>1305.309</ele><time>2025-08-10T07:37:23.001Z</time></trkpt><trkpt lat="33.857715" lon="73.322269"><ele>1304.747</ele><time>2025-08-10T07:37:25.001Z</time></trkpt><trkpt lat="33.857670" lon="73.322266"><ele>1304.157</ele><time>2025-08-10T07:37:48.001Z</time></trkpt><trkpt lat="33.857632" lon="73.322230"><ele>1303.141</ele><time>2025-08-10T07:37:59.001Z</time></trkpt><trkpt lat="33.857577" lon="73.322210"><ele>1300.845</ele><time>2025-08-10T07:38:02.001Z</time></trkpt><trkpt lat="33.857522" lon="73.322194"><ele>1300.859</ele><time>2025-08-10T07:38:04.001Z</time></trkpt><trkpt lat="33.857413" lon="73.322165"><ele>1300.735</ele><time>2025-08-10T07:38:07.001Z</time></trkpt><trkpt lat="33.857322" lon="73.322146"><ele>1300.598</ele><time>2025-08-10T07:38:09.001Z</time></trkpt><trkpt lat="33.857273" lon="73.322130"><ele>1300.377</ele><time>2025-08-10T07:38:10.001Z</time></trkpt><trkpt lat="33.857222" lon="73.322107"><ele>1300.198</ele><time>2025-08-10T07:38:11.001Z</time></trkpt><trkpt lat="33.857170" lon="73.322082"><ele>1300.076</ele><time>2025-08-10T07:38:12.001Z</time></trkpt><trkpt lat="33.857116" lon="73.322053"><ele>1299.990</ele><time>2025-08-10T07:38:13.001Z</time></trkpt><trkpt lat="33.857060" lon="73.322014"><ele>1299.819</ele><time>2025-08-10T07:38:14.001Z</time></trkpt><trkpt lat="33.857009" lon="73.321962"><ele>1299.609</ele><time>2025-08-10T07:38:15.001Z</time></trkpt><trkpt lat="33.856973" lon="73.321881"><ele>1299.489</ele><time>2025-08-10T07:38:16.001Z</time></trkpt><trkpt lat="33.856943" lon="73.321793"><ele>1299.229</ele><time>2025-08-10T07:38:17.001Z</time></trkpt><trkpt lat="33.856925" lon="73.321703"><ele>1299.033</ele><time>2025-08-10T07:38:18.001Z</time></trkpt><trkpt lat="33.856923" lon="73.321613"><ele>1298.877</ele><time>2025-08-10T07:38:19.001Z</time></trkpt><trkpt lat="33.856927" lon="73.321521"><ele>1298.541</ele><time>2025-08-10T07:38:20.001Z</time></trkpt><trkpt lat="33.856947" lon="73.321432"><ele>1298.157</ele><time>2025-08-10T07:38:21.001Z</time></trkpt><trkpt lat="33.856959" lon="73.321338"><ele>1297.780</ele><time>2025-08-10T07:38:22.001Z</time></trkpt><trkpt lat="33.856967" lon="73.321244"><ele>1297.229</ele><time>2025-08-10T07:38:23.001Z</time></trkpt><trkpt lat="33.856968" lon="73.321147"><ele>1296.770</ele><time>2025-08-10T07:38:24.001Z</time></trkpt><trkpt lat="33.856959" lon="73.321044"><ele>1296.226</ele><time>2025-08-10T07:38:25.001Z</time></trkpt><trkpt lat="33.856940" lon="73.320938"><ele>1295.747</ele><time>2025-08-10T07:38:26.001Z</time></trkpt><trkpt lat="33.856908" lon="73.320833"><ele>1294.911</ele><time>2025-08-10T07:38:27.001Z</time></trkpt><trkpt lat="33.856874" lon="73.320722"><ele>1294.409</ele><time>2025-08-10T07:38:28.001Z</time></trkpt><trkpt lat="33.856832" lon="73.320614"><ele>1294.044</ele><time>2025-08-10T07:38:29.001Z</time></trkpt><trkpt lat="33.856800" lon="73.320507"><ele>1293.674</ele><time>2025-08-10T07:38:30.001Z</time></trkpt><trkpt lat="33.856766" lon="73.320401"><ele>1293.238</ele><time>2025-08-10T07:38:31.001Z</time></trkpt><trkpt lat="33.856744" lon="73.320292"><ele>1292.652</ele><time>2025-08-10T07:38:32.001Z</time></trkpt><trkpt lat="33.856731" lon="73.320183"><ele>1292.246</ele><time>2025-08-10T07:38:33.001Z</time></trkpt><trkpt lat="33.856706" lon="73.320072"><ele>1291.772</ele><time>2025-08-10T07:38:34.001Z</time></trkpt><trkpt lat="33.856680" lon="73.319966"><ele>1291.285</ele><time>2025-08-10T07:38:35.001Z</time></trkpt><trkpt lat="33.856645" lon="73.319862"><ele>1290.774</ele><time>2025-08-10T07:38:36.001Z</time></trkpt><trkpt lat="33.856595" lon="73.319765"><ele>1290.395</ele><time>2025-08-10T07:38:37.001Z</time></trkpt><trkpt lat="33.856542" lon="73.319663"><ele>1289.731</ele><time>2025-08-10T07:38:38.001Z</time></trkpt><trkpt lat="33.856490" lon="73.319567"><ele>1289.061</ele><time>2025-08-10T07:38:39.001Z</time></trkpt><trkpt lat="33.856444" lon="73.319474"><ele>1288.307</ele><time>2025-08-10T07:38:40.001Z</time></trkpt><trkpt lat="33.856396" lon="73.319395"><ele>1287.909</ele><time>2025-08-10T07:38:41.001Z</time></trkpt><trkpt lat="33.856349" lon="73.319318"><ele>1287.255</ele><time>2025-08-10T07:38:42.001Z</time></trkpt><trkpt lat="33.856293" lon="73.319246"><ele>1286.525</ele><time>2025-08-10T07:38:43.001Z</time></trkpt><trkpt lat="33.856220" lon="73.319189"><ele>1285.799</ele><time>2025-08-10T07:38:44.001Z</time></trkpt><trkpt lat="33.856143" lon="73.319139"><ele>1284.983</ele><time>2025-08-10T07:38:45.001Z</time></trkpt><trkpt lat="33.856059" lon="73.319111"><ele>1284.127</ele><time>2025-08-10T07:38:46.001Z</time></trkpt><trkpt lat="33.855971" lon="73.319102"><ele>1283.353</ele><time>2025-08-10T07:38:47.001Z</time></trkpt><trkpt lat="33.855884" lon="73.319124"><ele>1282.766</ele><time>2025-08-10T07:38:48.001Z</time></trkpt><trkpt lat="33.855794" lon="73.319148"><ele>1281.955</ele><time>2025-08-10T07:38:49.001Z</time></trkpt><trkpt lat="33.855712" lon="73.319198"><ele>1281.446</ele><time>2025-08-10T07:38:50.001Z</time></trkpt><trkpt lat="33.855643" lon="73.319244"><ele>1281.254</ele><time>2025-08-10T07:38:51.001Z</time></trkpt><trkpt lat="33.855576" lon="73.319271"><ele>1280.856</ele><time>2025-08-10T07:38:52.001Z</time></trkpt><trkpt lat="33.855506" lon="73.319277"><ele>1280.311</ele><time>2025-08-10T07:38:53.001Z</time></trkpt><trkpt lat="33.855440" lon="73.319256"><ele>1279.709</ele><time>2025-08-10T07:38:54.001Z</time></trkpt><trkpt lat="33.855362" lon="73.319204"><ele>1279.087</ele><time>2025-08-10T07:38:55.001Z</time></trkpt><trkpt lat="33.855289" lon="73.319158"><ele>1278.357</ele><time>2025-08-10T07:38:56.001Z</time></trkpt><trkpt lat="33.855217" lon="73.319124"><ele>1277.521</ele><time>2025-08-10T07:38:57.001Z</time></trkpt><trkpt lat="33.855137" lon="73.319094"><ele>1276.825</ele><time>2025-08-10T07:38:58.001Z</time></trkpt><trkpt lat="33.855049" lon="73.319063"><ele>1276.389</ele><time>2025-08-10T07:38:59.001Z</time></trkpt><trkpt lat="33.854958" lon="73.319041"><ele>1275.935</ele><time>2025-08-10T07:39:00.001Z</time></trkpt><trkpt lat="33.854863" lon="73.319021"><ele>1275.448</ele><time>2025-08-10T07:39:01.001Z</time></trkpt><trkpt lat="33.854779" lon="73.318999"><ele>1275.157</ele><time>2025-08-10T07:39:02.001Z</time></trkpt><trkpt lat="33.854702" lon="73.318963"><ele>1274.948</ele><time>2025-08-10T07:39:03.001Z</time></trkpt><trkpt lat="33.854635" lon="73.318912"><ele>1274.434</ele><time>2025-08-10T07:39:04.001Z</time></trkpt><trkpt lat="33.854572" lon="73.318842"><ele>1273.855</ele><time>2025-08-10T07:39:05.001Z</time></trkpt><trkpt lat="33.854514" lon="73.318770"><ele>1273.310</ele><time>2025-08-10T07:39:06.001Z</time></trkpt><trkpt lat="33.854450" lon="73.318696"><ele>1272.809</ele><time>2025-08-10T07:39:07.001Z</time></trkpt><trkpt lat="33.854377" lon="73.318628"><ele>1272.315</ele><time>2025-08-10T07:39:08.001Z</time></trkpt><trkpt lat="33.854294" lon="73.318586"><ele>1271.775</ele><time>2025-08-10T07:39:09.001Z</time></trkpt><trkpt lat="33.854210" lon="73.318552"><ele>1271.379</ele><time>2025-08-10T07:39:10.001Z</time></trkpt><trkpt lat="33.854135" lon="73.318512"><ele>1271.143</ele><time>2025-08-10T07:39:11.001Z</time></trkpt><trkpt lat="33.854062" lon="73.318464"><ele>1270.797</ele><time>2025-08-10T07:39:12.001Z</time></trkpt><trkpt lat="33.853989" lon="73.318403"><ele>1270.393</ele><time>2025-08-10T07:39:13.001Z</time></trkpt><trkpt lat="33.853922" lon="73.318342"><ele>1269.936</ele><time>2025-08-10T07:39:14.001Z</time></trkpt><trkpt lat="33.853847" lon="73.318286"><ele>1269.535</ele><time>2025-08-10T07:39:15.001Z</time></trkpt><trkpt lat="33.853777" lon="73.318235"><ele>1269.186</ele><time>2025-08-10T07:39:16.001Z</time></trkpt><trkpt lat="33.853694" lon="73.318189"><ele>1268.663</ele><time>2025-08-10T07:39:17.001Z</time></trkpt><trkpt lat="33.853609" lon="73.318151"><ele>1268.144</ele><time>2025-08-10T07:39:18.001Z</time></trkpt><trkpt lat="33.853520" lon="73.318120"><ele>1267.518</ele><time>2025-08-10T07:39:19.001Z</time></trkpt><trkpt lat="33.853429" lon="73.318087"><ele>1267.109</ele><time>2025-08-10T07:39:20.001Z</time></trkpt><trkpt lat="33.853346" lon="73.318042"><ele>1266.768</ele><time>2025-08-10T07:39:21.001Z</time></trkpt><trkpt lat="33.853265" lon="73.318004"><ele>1266.378</ele><time>2025-08-10T07:39:22.001Z</time></trkpt><trkpt lat="33.853178" lon="73.317960"><ele>1265.882</ele><time>2025-08-10T07:39:23.001Z</time></trkpt><trkpt lat="33.853094" lon="73.317907"><ele>1265.356</ele><time>2025-08-10T07:39:24.001Z</time></trkpt><trkpt lat="33.853021" lon="73.317838"><ele>1264.890</ele><time>2025-08-10T07:39:25.001Z</time></trkpt><trkpt lat="33.852952" lon="73.317759"><ele>1264.336</ele><time>2025-08-10T07:39:26.001Z</time></trkpt><trkpt lat="33.852887" lon="73.317672"><ele>1263.899</ele><time>2025-08-10T07:39:27.001Z</time></trkpt><trkpt lat="33.852823" lon="73.317586"><ele>1263.398</ele><time>2025-08-10T07:39:28.001Z</time></trkpt><trkpt lat="33.852761" lon="73.317513"><ele>1262.879</ele><time>2025-08-10T07:39:29.001Z</time></trkpt><trkpt lat="33.852695" lon="73.317453"><ele>1262.668</ele><time>2025-08-10T07:39:30.001Z</time></trkpt><trkpt lat="33.852623" lon="73.317406"><ele>1262.142</ele><time>2025-08-10T07:39:31.001Z</time></trkpt><trkpt lat="33.852547" lon="73.317378"><ele>1261.626</ele><time>2025-08-10T07:39:32.001Z</time></trkpt><trkpt lat="33.852468" lon="73.317374"><ele>1261.109</ele><time>2025-08-10T07:39:33.001Z</time></trkpt><trkpt lat="33.852393" lon="73.317396"><ele>1260.618</ele><time>2025-08-10T07:39:34.001Z</time></trkpt><trkpt lat="33.852325" lon="73.317439"><ele>1260.138</ele><time>2025-08-10T07:39:35.001Z</time></trkpt><trkpt lat="33.852278" lon="73.317502"><ele>1259.792</ele><time>2025-08-10T07:39:36.001Z</time></trkpt><trkpt lat="33.852241" lon="73.317567"><ele>1259.296</ele><time>2025-08-10T07:39:37.001Z</time></trkpt><trkpt lat="33.852205" lon="73.317624"><ele>1258.770</ele><time>2025-08-10T07:39:38.001Z</time></trkpt><trkpt lat="33.852167" lon="73.317663"><ele>1258.436</ele><time>2025-08-10T07:39:39.001Z</time></trkpt><trkpt lat="33.852116" lon="73.317685"><ele>1258.089</ele><time>2025-08-10T07:39:40.001Z</time></trkpt><trkpt lat="33.852053" lon="73.317668"><ele>1257.568</ele><time>2025-08-10T07:39:41.001Z</time></trkpt><trkpt lat="33.852009" lon="73.317625"><ele>1257.069</ele><time>2025-08-10T07:39:42.001Z</time></trkpt><trkpt lat="33.851989" lon="73.317564"><ele>1256.654</ele><time>2025-08-10T07:39:43.001Z</time></trkpt><trkpt lat="33.851982" lon="73.317495"><ele>1256.256</ele><time>2025-08-10T07:39:44.001Z</time></trkpt><trkpt lat="33.851986" lon="73.317427"><ele>1255.711</ele><time>2025-08-10T07:39:45.001Z</time></trkpt><trkpt lat="33.851993" lon="73.317359"><ele>1255.309</ele><time>2025-08-10T07:39:46.001Z</time></trkpt><trkpt lat="33.851988" lon="73.317289"><ele>1254.967</ele><time>2025-08-10T07:39:47.001Z</time></trkpt><trkpt lat="33.851972" lon="73.317228"><ele>1254.577</ele><time>2025-08-10T07:39:48.001Z</time></trkpt><trkpt lat="33.851943" lon="73.317172"><ele>1254.211</ele><time>2025-08-10T07:39:49.001Z</time></trkpt><trkpt lat="33.851893" lon="73.317143"><ele>1253.975</ele><time>2025-08-10T07:39:50.001Z</time></trkpt><trkpt lat="33.851835" lon="73.317143"><ele>1253.639</ele><time>2025-08-10T07:39:51.001Z</time></trkpt><trkpt lat="33.851785" lon="73.317176"><ele>1253.295</ele><time>2025-08-10T07:39:52.001Z</time></trkpt><trkpt lat="33.851758" lon="73.317237"><ele>1252.718</ele><time>2025-08-10T07:39:53.001Z</time></trkpt><trkpt lat="33.851764" lon="73.317305"><ele>1252.137</ele><time>2025-08-10T07:39:54.001Z</time></trkpt><trkpt lat="33.851789" lon="73.317410"><ele>1251.448</ele><time>2025-08-10T07:39:56.001Z</time></trkpt><trkpt lat="33.851794" lon="73.317470"><ele>1250.864</ele><time>2025-08-10T07:39:57.001Z</time></trkpt><trkpt lat="33.851790" lon="73.317533"><ele>1249.806</ele><time>2025-08-10T07:39:58.001Z</time></trkpt><trkpt lat="33.851778" lon="73.317593"><ele>1249.516</ele><time>2025-08-10T07:39:59.001Z</time></trkpt><trkpt lat="33.851757" lon="73.317646"><ele>1249.209</ele><time>2025-08-10T07:40:00.001Z</time></trkpt><trkpt lat="33.851719" lon="73.317687"><ele>1249.078</ele><time>2025-08-10T07:40:01.001Z</time></trkpt><trkpt lat="33.851675" lon="73.317721"><ele>1248.758</ele><time>2025-08-10T07:40:02.001Z</time></trkpt><trkpt lat="33.851630" lon="73.317762"><ele>1248.412</ele><time>2025-08-10T07:40:03.001Z</time></trkpt><trkpt lat="33.851593" lon="73.317810"><ele>1248.196</ele><time>2025-08-10T07:40:04.001Z</time></trkpt><trkpt lat="33.851556" lon="73.317862"><ele>1247.820</ele><time>2025-08-10T07:40:05.001Z</time></trkpt><trkpt lat="33.851524" lon="73.317924"><ele>1247.656</ele><time>2025-08-10T07:40:06.001Z</time></trkpt><trkpt lat="33.851487" lon="73.317984"><ele>1247.169</ele><time>2025-08-10T07:40:07Z</time></trkpt><trkpt lat="33.851449" lon="73.318045"><ele>1246.898</ele><time>2025-08-10T07:40:08Z</time></trkpt><trkpt lat="33.851409" lon="73.318108"><ele>1246.499</ele><time>2025-08-10T07:40:09Z</time></trkpt><trkpt lat="33.851360" lon="73.318162"><ele>1246.086</ele><time>2025-08-10T07:40:10.001Z</time></trkpt><trkpt lat="33.851302" lon="73.318205"><ele>1246.060</ele><time>2025-08-10T07:40:11.001Z</time></trkpt><trkpt lat="33.851244" lon="73.318231"><ele>1245.626</ele><time>2025-08-10T07:40:12.001Z</time></trkpt><trkpt lat="33.851186" lon="73.318254"><ele>1245.209</ele><time>2025-08-10T07:40:13.001Z</time></trkpt><trkpt lat="33.851120" lon="73.318277"><ele>1244.810</ele><time>2025-08-10T07:40:14.001Z</time></trkpt><trkpt lat="33.851054" lon="73.318300"><ele>1244.440</ele><time>2025-08-10T07:40:15.001Z</time></trkpt><trkpt lat="33.850985" lon="73.318325"><ele>1243.944</ele><time>2025-08-10T07:40:16.001Z</time></trkpt><trkpt lat="33.850918" lon="73.318361"><ele>1243.238</ele><time>2025-08-10T07:40:17.001Z</time></trkpt><trkpt lat="33.850857" lon="73.318411"><ele>1242.832</ele><time>2025-08-10T07:40:18.001Z</time></trkpt><trkpt lat="33.850801" lon="73.318469"><ele>1242.348</ele><time>2025-08-10T07:40:19.001Z</time></trkpt><trkpt lat="33.850762" lon="73.318540"><ele>1241.911</ele><time>2025-08-10T07:40:20.001Z</time></trkpt><trkpt lat="33.850743" lon="73.318616"><ele>1241.440</ele><time>2025-08-10T07:40:21.001Z</time></trkpt><trkpt lat="33.850728" lon="73.318688"><ele>1240.991</ele><time>2025-08-10T07:40:22.001Z</time></trkpt><trkpt lat="33.850703" lon="73.318748"><ele>1240.614</ele><time>2025-08-10T07:40:23.001Z</time></trkpt><trkpt lat="33.850672" lon="73.318806"><ele>1240.154</ele><time>2025-08-10T07:40:24.001Z</time></trkpt><trkpt lat="33.850642" lon="73.318864"><ele>1239.609</ele><time>2025-08-10T07:40:25.001Z</time></trkpt><trkpt lat="33.850612" lon="73.318922"><ele>1239.109</ele><time>2025-08-10T07:40:26.001Z</time></trkpt><trkpt lat="33.850577" lon="73.318978"><ele>1238.713</ele><time>2025-08-10T07:40:27.001Z</time></trkpt><trkpt lat="33.850539" lon="73.319035"><ele>1238.373</ele><time>2025-08-10T07:40:28.001Z</time></trkpt><trkpt lat="33.850500" lon="73.319092"><ele>1238.047</ele><time>2025-08-10T07:40:29.001Z</time></trkpt><trkpt lat="33.850464" lon="73.319153"><ele>1237.761</ele><time>2025-08-10T07:40:30.001Z</time></trkpt><trkpt lat="33.850428" lon="73.319223"><ele>1237.515</ele><time>2025-08-10T07:40:31.001Z</time></trkpt><trkpt lat="33.850395" lon="73.319288"><ele>1237.211</ele><time>2025-08-10T07:40:32.001Z</time></trkpt><trkpt lat="33.850360" lon="73.319338"><ele>1236.934</ele><time>2025-08-10T07:40:33.001Z</time></trkpt><trkpt lat="33.850316" lon="73.319409"><ele>1236.593</ele><time>2025-08-10T07:40:35.001Z</time></trkpt><trkpt lat="33.850254" lon="73.319436"><ele>1236.114</ele><time>2025-08-10T07:40:38.001Z</time></trkpt><trkpt lat="33.850172" lon="73.319429"><ele>1234.988</ele><time>2025-08-10T07:40:40.001Z</time></trkpt><trkpt lat="33.850089" lon="73.319436"><ele>1234.424</ele><time>2025-08-10T07:40:42.001Z</time></trkpt><trkpt lat="33.850008" lon="73.319434"><ele>1234.026</ele><time>2025-08-10T07:40:44.001Z</time></trkpt><trkpt lat="33.849918" lon="73.319417"><ele>1233.509</ele><time>2025-08-10T07:40:46.001Z</time></trkpt><trkpt lat="33.849868" lon="73.319404"><ele>1233.170</ele><time>2025-08-10T07:40:47.001Z</time></trkpt><trkpt lat="33.849820" lon="73.319383"><ele>1232.970</ele><time>2025-08-10T07:40:48.001Z</time></trkpt><trkpt lat="33.849762" lon="73.319362"><ele>1232.914</ele><time>2025-08-10T07:40:49.001Z</time></trkpt><trkpt lat="33.849704" lon="73.319346"><ele>1232.878</ele><time>2025-08-10T07:40:50.001Z</time></trkpt><trkpt lat="33.849630" lon="73.319342"><ele>1232.772</ele><time>2025-08-10T07:40:51.001Z</time></trkpt><trkpt lat="33.849561" lon="73.319339"><ele>1232.588</ele><time>2025-08-10T07:40:52.001Z</time></trkpt><trkpt lat="33.849506" lon="73.319330"><ele>1232.261</ele><time>2025-08-10T07:40:53.001Z</time></trkpt><trkpt lat="33.849445" lon="73.319313"><ele>1231.890</ele><time>2025-08-10T07:40:54.001Z</time></trkpt><trkpt lat="33.849380" lon="73.319297"><ele>1231.381</ele><time>2025-08-10T07:40:55.001Z</time></trkpt><trkpt lat="33.849317" lon="73.319273"><ele>1230.882</ele><time>2025-08-10T07:40:56.001Z</time></trkpt><trkpt lat="33.849237" lon="73.319260"><ele>1230.143</ele><time>2025-08-10T07:40:57.001Z</time></trkpt><trkpt lat="33.849157" lon="73.319269"><ele>1229.717</ele><time>2025-08-10T07:40:58.001Z</time></trkpt><trkpt lat="33.849082" lon="73.319291"><ele>1229.309</ele><time>2025-08-10T07:40:59.001Z</time></trkpt><trkpt lat="33.849008" lon="73.319305"><ele>1228.840</ele><time>2025-08-10T07:41:00.001Z</time></trkpt><trkpt lat="33.848939" lon="73.319307"><ele>1228.380</ele><time>2025-08-10T07:41:01.001Z</time></trkpt><trkpt lat="33.848873" lon="73.319294"><ele>1227.734</ele><time>2025-08-10T07:41:02.001Z</time></trkpt><trkpt lat="33.848804" lon="73.319267"><ele>1227.078</ele><time>2025-08-10T07:41:03.001Z</time></trkpt><trkpt lat="33.848740" lon="73.319232"><ele>1226.332</ele><time>2025-08-10T07:41:04.001Z</time></trkpt><trkpt lat="33.848678" lon="73.319189"><ele>1225.618</ele><time>2025-08-10T07:41:05.001Z</time></trkpt><trkpt lat="33.848611" lon="73.319154"><ele>1225.031</ele><time>2025-08-10T07:41:06.001Z</time></trkpt><trkpt lat="33.848535" lon="73.319118"><ele>1224.560</ele><time>2025-08-10T07:41:07.001Z</time></trkpt><trkpt lat="33.848460" lon="73.319098"><ele>1224.111</ele><time>2025-08-10T07:41:08.001Z</time></trkpt><trkpt lat="33.848392" lon="73.319082"><ele>1223.715</ele><time>2025-08-10T07:41:09.001Z</time></trkpt><trkpt lat="33.848324" lon="73.319082"><ele>1223.365</ele><time>2025-08-10T07:41:10.001Z</time></trkpt><trkpt lat="33.848245" lon="73.319094"><ele>1222.911</ele><time>2025-08-10T07:41:11.001Z</time></trkpt><trkpt lat="33.848169" lon="73.319117"><ele>1222.609</ele><time>2025-08-10T07:41:12.001Z</time></trkpt><trkpt lat="33.848100" lon="73.319134"><ele>1222.393</ele><time>2025-08-10T07:41:13.001Z</time></trkpt><trkpt lat="33.848036" lon="73.319113"><ele>1221.933</ele><time>2025-08-10T07:41:14.001Z</time></trkpt><trkpt lat="33.847979" lon="73.319071"><ele>1221.577</ele><time>2025-08-10T07:41:15.001Z</time></trkpt><trkpt lat="33.847931" lon="73.318998"><ele>1221.141</ele><time>2025-08-10T07:41:16.001Z</time></trkpt><trkpt lat="33.847899" lon="73.318902"><ele>1220.895</ele><time>2025-08-10T07:41:17.001Z</time></trkpt><trkpt lat="33.847877" lon="73.318823"><ele>1220.431</ele><time>2025-08-10T07:41:18.001Z</time></trkpt><trkpt lat="33.847869" lon="73.318723"><ele>1220.054</ele><time>2025-08-10T07:41:19.001Z</time></trkpt><trkpt lat="33.847859" lon="73.318629"><ele>1219.623</ele><time>2025-08-10T07:41:20.001Z</time></trkpt><trkpt lat="33.847851" lon="73.318521"><ele>1219.234</ele><time>2025-08-10T07:41:21.001Z</time></trkpt><trkpt lat="33.847835" lon="73.318417"><ele>1218.783</ele><time>2025-08-10T07:41:22.001Z</time></trkpt><trkpt lat="33.847823" lon="73.318321"><ele>1218.125</ele><time>2025-08-10T07:41:23.001Z</time></trkpt><trkpt lat="33.847820" lon="73.318237"><ele>1217.617</ele><time>2025-08-10T07:41:24.001Z</time></trkpt><trkpt lat="33.847827" lon="73.318131"><ele>1217.109</ele><time>2025-08-10T07:41:25.001Z</time></trkpt><trkpt lat="33.847833" lon="73.318030"><ele>1216.570</ele><time>2025-08-10T07:41:26.001Z</time></trkpt><trkpt lat="33.847838" lon="73.317932"><ele>1216.010</ele><time>2025-08-10T07:41:27.001Z</time></trkpt><trkpt lat="33.847855" lon="73.317819"><ele>1215.554</ele><time>2025-08-10T07:41:28.001Z</time></trkpt><trkpt lat="33.847874" lon="73.317730"><ele>1215.038</ele><time>2025-08-10T07:41:29.001Z</time></trkpt><trkpt lat="33.847896" lon="73.317638"><ele>1214.462</ele><time>2025-08-10T07:41:30.001Z</time></trkpt><trkpt lat="33.847919" lon="73.317561"><ele>1213.878</ele><time>2025-08-10T07:41:31.001Z</time></trkpt><trkpt lat="33.847932" lon="73.317493"><ele>1213.111</ele><time>2025-08-10T07:41:32.001Z</time></trkpt><trkpt lat="33.847945" lon="73.317424"><ele>1212.770</ele><time>2025-08-10T07:41:33.001Z</time></trkpt><trkpt lat="33.847951" lon="73.317363"><ele>1212.231</ele><time>2025-08-10T07:41:34.001Z</time></trkpt><trkpt lat="33.847959" lon="73.317295"><ele>1211.628</ele><time>2025-08-10T07:41:36.001Z</time></trkpt><trkpt lat="33.847948" lon="73.317241"><ele>1211.089</ele><time>2025-08-10T07:42:05.001Z</time></trkpt><trkpt lat="33.847958" lon="73.317186"><ele>1210.617</ele><time>2025-08-10T07:42:45.001Z</time></trkpt><trkpt lat="33.847964" lon="73.317130"><ele>1209.209</ele><time>2025-08-10T07:42:50.001Z</time></trkpt><trkpt lat="33.847965" lon="73.317075"><ele>1208.464</ele><time>2025-08-10T07:42:55.001Z</time></trkpt><trkpt lat="33.847956" lon="73.317021"><ele>1208.444</ele><time>2025-08-10T07:43:02.001Z</time></trkpt><trkpt lat="33.847927" lon="73.317063"><ele>1208.418</ele><time>2025-08-10T07:44:00.001Z</time></trkpt><trkpt lat="33.847961" lon="73.317099"><ele>1208.972</ele><time>2025-08-10T07:46:51.001Z</time></trkpt><trkpt lat="33.848007" lon="73.317030"><ele>1209.436</ele><time>2025-08-10T07:50:33Z</time></trkpt><trkpt lat="33.848045" lon="73.317065"><ele>1209.572</ele><time>2025-08-10T07:54:23.999Z</time></trkpt><trkpt lat="33.848042" lon="73.317008"><ele>1209.555</ele><time>2025-08-10T07:55:14Z</time></trkpt><trkpt lat="33.847997" lon="73.317050"><ele>1209.544</ele><time>2025-08-10T07:57:18.999Z</time></trkpt><trkpt lat="33.848001" lon="73.317105"><ele>1209.025</ele><time>2025-08-10T07:57:50.999Z</time></trkpt><trkpt lat="33.847942" lon="73.317074"><ele>1208.875</ele><time>2025-08-10T07:58:16.999Z</time></trkpt><trkpt lat="33.847997" lon="73.317068"><ele>1208.528</ele><time>2025-08-10T08:00:36.998Z</time></trkpt><trkpt lat="33.847946" lon="73.317084"><ele>1208.320</ele><time>2025-08-10T08:04:58.997Z</time></trkpt><trkpt lat="33.847995" lon="73.317053"><ele>1208.309</ele><time>2025-08-10T08:07:49.996Z</time></trkpt><trkpt lat="33.847953" lon="73.317120"><ele>1208.399</ele><time>2025-08-10T08:10:39.996Z</time></trkpt><trkpt lat="33.848004" lon="73.317063"><ele>1208.519</ele><time>2025-08-10T08:13:29.995Z</time></trkpt><trkpt lat="33.847956" lon="73.317055"><ele>1208.893</ele><time>2025-08-10T08:14:10.995Z</time></trkpt><trkpt lat="33.848021" lon="73.317066"><ele>1208.867</ele><time>2025-08-10T08:16:37.994Z</time></trkpt><trkpt lat="33.847957" lon="73.317121"><ele>1208.851</ele><time>2025-08-10T08:17:07.994Z</time></trkpt><trkpt lat="33.847967" lon="73.317060"><ele>1208.867</ele><time>2025-08-10T08:17:11.994Z</time></trkpt><trkpt lat="33.847934" lon="73.317011"><ele>1208.860</ele><time>2025-08-10T08:17:34.994Z</time></trkpt><trkpt lat="33.847974" lon="73.316985"><ele>1208.919</ele><time>2025-08-10T08:20:46.992Z</time></trkpt><trkpt lat="33.847989" lon="73.317036"><ele>1209.090</ele><time>2025-08-10T08:20:50.992Z</time></trkpt><trkpt lat="33.847994" lon="73.317097"><ele>1209.085</ele><time>2025-08-10T08:20:53.992Z</time></trkpt><trkpt lat="33.847987" lon="73.317155"><ele>1209.089</ele><time>2025-08-10T08:20:56.992Z</time></trkpt><trkpt lat="33.847995" lon="73.317100"><ele>1209.017</ele><time>2025-08-10T08:21:03.992Z</time></trkpt><trkpt lat="33.848012" lon="73.317032"><ele>1209.009</ele><time>2025-08-10T08:21:04.992Z</time></trkpt><trkpt lat="33.848020" lon="73.316963"><ele>1208.410</ele><time>2025-08-10T08:21:05.992Z</time></trkpt><trkpt lat="33.848017" lon="73.316894"><ele>1207.820</ele><time>2025-08-10T08:21:06.992Z</time></trkpt><trkpt lat="33.847988" lon="73.316824"><ele>1207.784</ele><time>2025-08-10T08:21:07.992Z</time></trkpt><trkpt lat="33.847949" lon="73.316760"><ele>1207.548</ele><time>2025-08-10T08:21:08.992Z</time></trkpt><trkpt lat="33.847899" lon="73.316700"><ele>1207.212</ele><time>2025-08-10T08:21:09.992Z</time></trkpt><trkpt lat="33.847850" lon="73.316641"><ele>1206.828</ele><time>2025-08-10T08:21:10.992Z</time></trkpt><trkpt lat="33.847796" lon="73.316585"><ele>1206.511</ele><time>2025-08-10T08:21:11.992Z</time></trkpt><trkpt lat="33.847732" lon="73.316533"><ele>1206.120</ele><time>2025-08-10T08:21:12.992Z</time></trkpt><trkpt lat="33.847658" lon="73.316482"><ele>1205.881</ele><time>2025-08-10T08:21:13.992Z</time></trkpt><trkpt lat="33.847606" lon="73.316435"><ele>1205.531</ele><time>2025-08-10T08:21:14.992Z</time></trkpt><trkpt lat="33.847537" lon="73.316384"><ele>1205.161</ele><time>2025-08-10T08:21:15.992Z</time></trkpt><trkpt lat="33.847470" lon="73.316325"><ele>1204.707</ele><time>2025-08-10T08:21:16.992Z</time></trkpt><trkpt lat="33.847427" lon="73.316250"><ele>1204.409</ele><time>2025-08-10T08:21:17.992Z</time></trkpt><trkpt lat="33.847384" lon="73.316174"><ele>1204.095</ele><time>2025-08-10T08:21:18.992Z</time></trkpt><trkpt lat="33.847333" lon="73.316106"><ele>1203.595</ele><time>2025-08-10T08:21:19.992Z</time></trkpt><trkpt lat="33.847282" lon="73.316036"><ele>1203.029</ele><time>2025-08-10T08:21:20.992Z</time></trkpt><trkpt lat="33.847240" lon="73.315973"><ele>1202.573</ele><time>2025-08-10T08:21:21.992Z</time></trkpt><trkpt lat="33.847194" lon="73.315897"><ele>1201.947</ele><time>2025-08-10T08:21:22.992Z</time></trkpt><trkpt lat="33.847144" lon="73.315836"><ele>1201.393</ele><time>2025-08-10T08:21:23.992Z</time></trkpt><trkpt lat="33.847083" lon="73.315772"><ele>1200.796</ele><time>2025-08-10T08:21:24.992Z</time></trkpt><trkpt lat="33.847014" lon="73.315709"><ele>1200.245</ele><time>2025-08-10T08:21:25.992Z</time></trkpt><trkpt lat="33.846948" lon="73.315655"><ele>1199.696</ele><time>2025-08-10T08:21:26.992Z</time></trkpt><trkpt lat="33.846899" lon="73.315597"><ele>1199.043</ele><time>2025-08-10T08:21:27.992Z</time></trkpt><trkpt lat="33.846844" lon="73.315533"><ele>1198.464</ele><time>2025-08-10T08:21:28.992Z</time></trkpt><trkpt lat="33.846802" lon="73.315458"><ele>1197.910</ele><time>2025-08-10T08:21:29.992Z</time></trkpt><trkpt lat="33.846762" lon="73.315388"><ele>1197.409</ele><time>2025-08-10T08:21:30.992Z</time></trkpt><trkpt lat="33.846726" lon="73.315316"><ele>1197.036</ele><time>2025-08-10T08:21:31.992Z</time></trkpt><trkpt lat="33.846680" lon="73.315231"><ele>1196.726</ele><time>2025-08-10T08:21:32.992Z</time></trkpt><trkpt lat="33.846628" lon="73.315160"><ele>1196.460</ele><time>2025-08-10T08:21:33.992Z</time></trkpt><trkpt lat="33.846585" lon="73.315089"><ele>1196.174</ele><time>2025-08-10T08:21:34.992Z</time></trkpt><trkpt lat="33.846563" lon="73.315024"><ele>1195.838</ele><time>2025-08-10T08:21:35.992Z</time></trkpt><trkpt lat="33.846537" lon="73.314967"><ele>1195.664</ele><time>2025-08-10T08:21:36.992Z</time></trkpt><trkpt lat="33.846508" lon="73.314908"><ele>1195.277</ele><time>2025-08-10T08:21:37.992Z</time></trkpt><trkpt lat="33.846488" lon="73.314848"><ele>1194.786</ele><time>2025-08-10T08:21:38.992Z</time></trkpt><trkpt lat="33.846450" lon="73.314786"><ele>1194.397</ele><time>2025-08-10T08:21:39.992Z</time></trkpt><trkpt lat="33.846426" lon="73.314723"><ele>1194.038</ele><time>2025-08-10T08:21:40.992Z</time></trkpt><trkpt lat="33.846394" lon="73.314652"><ele>1193.770</ele><time>2025-08-10T08:21:41.992Z</time></trkpt><trkpt lat="33.846356" lon="73.314587"><ele>1193.417</ele><time>2025-08-10T08:21:42.992Z</time></trkpt><trkpt lat="33.846315" lon="73.314531"><ele>1193.209</ele><time>2025-08-10T08:21:43.992Z</time></trkpt><trkpt lat="33.846275" lon="73.314478"><ele>1192.845</ele><time>2025-08-10T08:21:44.992Z</time></trkpt><trkpt lat="33.846229" lon="73.314430"><ele>1192.475</ele><time>2025-08-10T08:21:45.992Z</time></trkpt><trkpt lat="33.846163" lon="73.314391"><ele>1191.939</ele><time>2025-08-10T08:21:46.992Z</time></trkpt><trkpt lat="33.846093" lon="73.314368"><ele>1191.453</ele><time>2025-08-10T08:21:47.992Z</time></trkpt><trkpt lat="33.846015" lon="73.314365"><ele>1190.617</ele><time>2025-08-10T08:21:48.992Z</time></trkpt><trkpt lat="33.845949" lon="73.314376"><ele>1190.193</ele><time>2025-08-10T08:21:49.992Z</time></trkpt><trkpt lat="33.845896" lon="73.314394"><ele>1189.616</ele><time>2025-08-10T08:21:50.992Z</time></trkpt><trkpt lat="33.845848" lon="73.314424"><ele>1189.375</ele><time>2025-08-10T08:21:51.992Z</time></trkpt><trkpt lat="33.845805" lon="73.314453"><ele>1188.756</ele><time>2025-08-10T08:21:52.992Z</time></trkpt><trkpt lat="33.845761" lon="73.314476"><ele>1188.394</ele><time>2025-08-10T08:21:53.992Z</time></trkpt><trkpt lat="33.845723" lon="73.314507"><ele>1188.157</ele><time>2025-08-10T08:21:54.992Z</time></trkpt><trkpt lat="33.845686" lon="73.314473"><ele>1187.722</ele><time>2025-08-10T08:21:55.992Z</time></trkpt><trkpt lat="33.845647" lon="73.314406"><ele>1187.409</ele><time>2025-08-10T08:21:56.992Z</time></trkpt><trkpt lat="33.845639" lon="73.314346"><ele>1187.151</ele><time>2025-08-10T08:21:57.992Z</time></trkpt><trkpt lat="33.845640" lon="73.314275"><ele>1186.641</ele><time>2025-08-10T08:21:58.992Z</time></trkpt><trkpt lat="33.845650" lon="73.314207"><ele>1186.235</ele><time>2025-08-10T08:21:59.991Z</time></trkpt><trkpt lat="33.845689" lon="73.314165"><ele>1185.859</ele><time>2025-08-10T08:22:00.991Z</time></trkpt><trkpt lat="33.845759" lon="73.314156"><ele>1185.493</ele><time>2025-08-10T08:22:01.991Z</time></trkpt><trkpt lat="33.845812" lon="73.314142"><ele>1185.149</ele><time>2025-08-10T08:22:02.991Z</time></trkpt><trkpt lat="33.845865" lon="73.314161"><ele>1184.862</ele><time>2025-08-10T08:22:03.991Z</time></trkpt><trkpt lat="33.845908" lon="73.314209"><ele>1184.571</ele><time>2025-08-10T08:22:04.991Z</time></trkpt><trkpt lat="33.845957" lon="73.314227"><ele>1184.222</ele><time>2025-08-10T08:22:05.990Z</time></trkpt><trkpt lat="33.846022" lon="73.314241"><ele>1183.976</ele><time>2025-08-10T08:22:07.990Z</time></trkpt><trkpt lat="33.846075" lon="73.314247"><ele>1183.690</ele><time>2025-08-10T08:22:09.990Z</time></trkpt><trkpt lat="33.846127" lon="73.314222"><ele>1182.919</ele><time>2025-08-10T08:22:11.990Z</time></trkpt><trkpt lat="33.846162" lon="73.314163"><ele>1182.309</ele><time>2025-08-10T08:22:13.990Z</time></trkpt><trkpt lat="33.846077" lon="73.314095"><ele>1181.569</ele><time>2025-08-10T08:22:15.990Z</time></trkpt><trkpt lat="33.845997" lon="73.314100"><ele>1181.139</ele><time>2025-08-10T08:22:16.990Z</time></trkpt><trkpt lat="33.845926" lon="73.314114"><ele>1180.863</ele><time>2025-08-10T08:22:17.990Z</time></trkpt><trkpt lat="33.845859" lon="73.314128"><ele>1180.677</ele><time>2025-08-10T08:22:18.990Z</time></trkpt><trkpt lat="33.845792" lon="73.314125"><ele>1180.441</ele><time>2025-08-10T08:22:19.990Z</time></trkpt><trkpt lat="33.845727" lon="73.314127"><ele>1180.257</ele><time>2025-08-10T08:22:20.990Z</time></trkpt><trkpt lat="33.845672" lon="73.314130"><ele>1180.180</ele><time>2025-08-10T08:22:21.990Z</time></trkpt><trkpt lat="33.845609" lon="73.314143"><ele>1179.979</ele><time>2025-08-10T08:22:22.990Z</time></trkpt><trkpt lat="33.845551" lon="73.314161"><ele>1179.710</ele><time>2025-08-10T08:22:23.990Z</time></trkpt><trkpt lat="33.845493" lon="73.314169"><ele>1179.488</ele><time>2025-08-10T08:22:24.990Z</time></trkpt><trkpt lat="33.845433" lon="73.314190"><ele>1179.024</ele><time>2025-08-10T08:22:25.990Z</time></trkpt><trkpt lat="33.845380" lon="73.314204"><ele>1178.626</ele><time>2025-08-10T08:22:26.990Z</time></trkpt><trkpt lat="33.845330" lon="73.314201"><ele>1178.209</ele><time>2025-08-10T08:22:27.990Z</time></trkpt><trkpt lat="33.845268" lon="73.314192"><ele>1177.810</ele><time>2025-08-10T08:22:28.990Z</time></trkpt><trkpt lat="33.845197" lon="73.314175"><ele>1177.480</ele><time>2025-08-10T08:22:29.990Z</time></trkpt><trkpt lat="33.845120" lon="73.314134"><ele>1177.164</ele><time>2025-08-10T08:22:31.990Z</time></trkpt><trkpt lat="33.845041" lon="73.314115"><ele>1176.478</ele><time>2025-08-10T08:22:33.990Z</time></trkpt><trkpt lat="33.844990" lon="73.314093"><ele>1175.752</ele><time>2025-08-10T08:22:34.990Z</time></trkpt><trkpt lat="33.844931" lon="73.314043"><ele>1175.268</ele><time>2025-08-10T08:22:35.990Z</time></trkpt><trkpt lat="33.844872" lon="73.313999"><ele>1174.911</ele><time>2025-08-10T08:22:36.990Z</time></trkpt><trkpt lat="33.844825" lon="73.313974"><ele>1174.820</ele><time>2025-08-10T08:22:37.990Z</time></trkpt><trkpt lat="33.844787" lon="73.313939"><ele>1174.681</ele><time>2025-08-10T08:22:38.990Z</time></trkpt><trkpt lat="33.844743" lon="73.313900"><ele>1174.477</ele><time>2025-08-10T08:22:39.990Z</time></trkpt><trkpt lat="33.844688" lon="73.313851"><ele>1174.161</ele><time>2025-08-10T08:22:40.990Z</time></trkpt><trkpt lat="33.844642" lon="73.313809"><ele>1173.827</ele><time>2025-08-10T08:22:41.990Z</time></trkpt><trkpt lat="33.844597" lon="73.313768"><ele>1173.509</ele><time>2025-08-10T08:22:42.990Z</time></trkpt><trkpt lat="33.844538" lon="73.313738"><ele>1173.049</ele><time>2025-08-10T08:22:43.990Z</time></trkpt><trkpt lat="33.844476" lon="73.313721"><ele>1172.699</ele><time>2025-08-10T08:22:44.990Z</time></trkpt><trkpt lat="33.844418" lon="73.313694"><ele>1172.263</ele><time>2025-08-10T08:22:45.990Z</time></trkpt><trkpt lat="33.844336" lon="73.313660"><ele>1171.667</ele><time>2025-08-10T08:22:46.990Z</time></trkpt><trkpt lat="33.844258" lon="73.313636"><ele>1171.281</ele><time>2025-08-10T08:22:47.990Z</time></trkpt><trkpt lat="33.844174" lon="73.313634"><ele>1170.857</ele><time>2025-08-10T08:22:48.990Z</time></trkpt><trkpt lat="33.844112" lon="73.313623"><ele>1170.440</ele><time>2025-08-10T08:22:49.990Z</time></trkpt><trkpt lat="33.844055" lon="73.313620"><ele>1170.149</ele><time>2025-08-10T08:22:50.990Z</time></trkpt><trkpt lat="33.843994" lon="73.313617"><ele>1169.910</ele><time>2025-08-10T08:22:51.990Z</time></trkpt><trkpt lat="33.843936" lon="73.313620"><ele>1169.611</ele><time>2025-08-10T08:22:52.990Z</time></trkpt><trkpt lat="33.843883" lon="73.313622"><ele>1169.321</ele><time>2025-08-10T08:22:53.990Z</time></trkpt><trkpt lat="33.843825" lon="73.313613"><ele>1169.003</ele><time>2025-08-10T08:22:54.990Z</time></trkpt><trkpt lat="33.843754" lon="73.313626"><ele>1168.709</ele><time>2025-08-10T08:22:55.990Z</time></trkpt><trkpt lat="33.843691" lon="73.313646"><ele>1168.443</ele><time>2025-08-10T08:22:56.990Z</time></trkpt><trkpt lat="33.843617" lon="73.313651"><ele>1168.183</ele><time>2025-08-10T08:22:57.990Z</time></trkpt><trkpt lat="33.843537" lon="73.313641"><ele>1167.687</ele><time>2025-08-10T08:22:58.990Z</time></trkpt><trkpt lat="33.843470" lon="73.313647"><ele>1167.361</ele><time>2025-08-10T08:22:59.990Z</time></trkpt><trkpt lat="33.843403" lon="73.313645"><ele>1167.045</ele><time>2025-08-10T08:23:00.990Z</time></trkpt><trkpt lat="33.843347" lon="73.313637"><ele>1166.981</ele><time>2025-08-10T08:23:01.990Z</time></trkpt><trkpt lat="33.843298" lon="73.313650"><ele>1166.514</ele><time>2025-08-10T08:23:02.990Z</time></trkpt><trkpt lat="33.843242" lon="73.313646"><ele>1166.273</ele><time>2025-08-10T08:23:03.990Z</time></trkpt><trkpt lat="33.843186" lon="73.313637"><ele>1165.954</ele><time>2025-08-10T08:23:05.990Z</time></trkpt><trkpt lat="33.843134" lon="73.313631"><ele>1165.583</ele><time>2025-08-10T08:23:07.990Z</time></trkpt><trkpt lat="33.843147" lon="73.313688"><ele>1165.325</ele><time>2025-08-10T08:23:46.990Z</time></trkpt><trkpt lat="33.843131" lon="73.313740"><ele>1165.317</ele><time>2025-08-10T08:24:05.991Z</time></trkpt><trkpt lat="33.843089" lon="73.313717"><ele>1165.209</ele><time>2025-08-10T08:24:11.991Z</time></trkpt><trkpt lat="33.843047" lon="73.313762"><ele>1165.120</ele><time>2025-08-10T08:25:04.131Z</time></trkpt><trkpt lat="33.843017" lon="73.313704"><ele>1165.230</ele><time>2025-08-10T08:26:04.133Z</time></trkpt><trkpt lat="33.842968" lon="73.313689"><ele>1165.314</ele><time>2025-08-10T08:26:07.990Z</time></trkpt><trkpt lat="33.843017" lon="73.313705"><ele>1165.468</ele><time>2025-08-10T08:26:21.989Z</time></trkpt><trkpt lat="33.842979" lon="73.313737"><ele>1165.462</ele><time>2025-08-10T08:26:23.990Z</time></trkpt><trkpt lat="33.843023" lon="73.313682"><ele>1165.488</ele><time>2025-08-10T08:26:30.990Z</time></trkpt><trkpt lat="33.843071" lon="73.313648"><ele>1165.431</ele><time>2025-08-10T08:26:34.990Z</time></trkpt><trkpt lat="33.843043" lon="73.313591"><ele>1165.380</ele><time>2025-08-10T08:26:38.990Z</time></trkpt><trkpt lat="33.843096" lon="73.313587"><ele>1165.331</ele><time>2025-08-10T08:26:44.990Z</time></trkpt><trkpt lat="33.843144" lon="73.313595"><ele>1164.937</ele><time>2025-08-10T08:26:57.990Z</time></trkpt><trkpt lat="33.843104" lon="73.313532"><ele>1164.349</ele><time>2025-08-10T08:27:06.990Z</time></trkpt><trkpt lat="33.843056" lon="73.313486"><ele>1164.313</ele><time>2025-08-10T08:27:07.990Z</time></trkpt><trkpt lat="33.842997" lon="73.313451"><ele>1164.209</ele><time>2025-08-10T08:27:08.990Z</time></trkpt><trkpt lat="33.842960" lon="73.313415"><ele>1164.175</ele><time>2025-08-10T08:27:09.990Z</time></trkpt><trkpt lat="33.842931" lon="73.313356"><ele>1164.055</ele><time>2025-08-10T08:27:10.990Z</time></trkpt><trkpt lat="33.842881" lon="73.313287"><ele>1163.969</ele><time>2025-08-10T08:27:11.990Z</time></trkpt><trkpt lat="33.842860" lon="73.313204"><ele>1163.893</ele><time>2025-08-10T08:27:12.990Z</time></trkpt><trkpt lat="33.842834" lon="73.313116"><ele>1163.617</ele><time>2025-08-10T08:27:13.990Z</time></trkpt><trkpt lat="33.842824" lon="73.313041"><ele>1163.463</ele><time>2025-08-10T08:27:14.990Z</time></trkpt><trkpt lat="33.842822" lon="73.312970"><ele>1163.256</ele><time>2025-08-10T08:27:15.990Z</time></trkpt><trkpt lat="33.842823" lon="73.312911"><ele>1163.145</ele><time>2025-08-10T08:27:16.990Z</time></trkpt><trkpt lat="33.842838" lon="73.312827"><ele>1162.896</ele><time>2025-08-10T08:27:18.990Z</time></trkpt><trkpt lat="33.842887" lon="73.312749"><ele>1162.498</ele><time>2025-08-10T08:27:19.990Z</time></trkpt><trkpt lat="33.842906" lon="73.312694"><ele>1161.615</ele><time>2025-08-10T08:27:20.990Z</time></trkpt><trkpt lat="33.842924" lon="73.312584"><ele>1161.026</ele><time>2025-08-10T08:27:22.990Z</time></trkpt><trkpt lat="33.842927" lon="73.312523"><ele>1160.509</ele><time>2025-08-10T08:27:23.990Z</time></trkpt><trkpt lat="33.842933" lon="73.312467"><ele>1160.191</ele><time>2025-08-10T08:27:24.990Z</time></trkpt><trkpt lat="33.842939" lon="73.312393"><ele>1159.911</ele><time>2025-08-10T08:27:25.990Z</time></trkpt><trkpt lat="33.842925" lon="73.312305"><ele>1159.835</ele><time>2025-08-10T08:27:26.990Z</time></trkpt><trkpt lat="33.842879" lon="73.312190"><ele>1159.329</ele><time>2025-08-10T08:27:27.990Z</time></trkpt><trkpt lat="33.842871" lon="73.312123"><ele>1159.033</ele><time>2025-08-10T08:27:28.990Z</time></trkpt><trkpt lat="33.842841" lon="73.312053"><ele>1158.799</ele><time>2025-08-10T08:27:29.990Z</time></trkpt><trkpt lat="33.842864" lon="73.311951"><ele>1158.382</ele><time>2025-08-10T08:27:30.990Z</time></trkpt><trkpt lat="33.842847" lon="73.311857"><ele>1158.011</ele><time>2025-08-10T08:27:31.990Z</time></trkpt><trkpt lat="33.842810" lon="73.311764"><ele>1157.742</ele><time>2025-08-10T08:27:32.990Z</time></trkpt><trkpt lat="33.842786" lon="73.311685"><ele>1157.428</ele><time>2025-08-10T08:27:33.990Z</time></trkpt><trkpt lat="33.842756" lon="73.311604"><ele>1157.189</ele><time>2025-08-10T08:27:34.990Z</time></trkpt><trkpt lat="33.842763" lon="73.311507"><ele>1156.717</ele><time>2025-08-10T08:27:35.990Z</time></trkpt><trkpt lat="33.842756" lon="73.311428"><ele>1156.309</ele><time>2025-08-10T08:27:36.990Z</time></trkpt><trkpt lat="33.842754" lon="73.311359"><ele>1155.914</ele><time>2025-08-10T08:27:37.990Z</time></trkpt><trkpt lat="33.842745" lon="73.311295"><ele>1155.774</ele><time>2025-08-10T08:27:38.990Z</time></trkpt><trkpt lat="33.842728" lon="73.311217"><ele>1155.588</ele><time>2025-08-10T08:27:39.990Z</time></trkpt><trkpt lat="33.842748" lon="73.311111"><ele>1155.442</ele><time>2025-08-10T08:27:41.990Z</time></trkpt><trkpt lat="33.842789" lon="73.311042"><ele>1155.136</ele><time>2025-08-10T08:27:42.990Z</time></trkpt><trkpt lat="33.842856" lon="73.311025"><ele>1154.852</ele><time>2025-08-10T08:27:43.990Z</time></trkpt><trkpt lat="33.842936" lon="73.311010"><ele>1154.585</ele><time>2025-08-10T08:27:44.990Z</time></trkpt><trkpt lat="33.842990" lon="73.310998"><ele>1154.214</ele><time>2025-08-10T08:27:45.990Z</time></trkpt><trkpt lat="33.843049" lon="73.310939"><ele>1153.825</ele><time>2025-08-10T08:27:47.990Z</time></trkpt><trkpt lat="33.843120" lon="73.310871"><ele>1153.141</ele><time>2025-08-10T08:27:49.990Z</time></trkpt><trkpt lat="33.843062" lon="73.310822"><ele>1152.181</ele><time>2025-08-10T08:27:51.990Z</time></trkpt><trkpt lat="33.843023" lon="73.310770"><ele>1151.209</ele><time>2025-08-10T08:27:52.990Z</time></trkpt><trkpt lat="33.842973" lon="73.310725"><ele>1150.609</ele><time>2025-08-10T08:27:54.990Z</time></trkpt><trkpt lat="33.842927" lon="73.310700"><ele>1150.496</ele><time>2025-08-10T08:27:55.990Z</time></trkpt><trkpt lat="33.842882" lon="73.310669"><ele>1149.716</ele><time>2025-08-10T08:27:56.990Z</time></trkpt><trkpt lat="33.842819" lon="73.310648"><ele>1149.330</ele><time>2025-08-10T08:27:57.990Z</time></trkpt><trkpt lat="33.842748" lon="73.310639"><ele>1148.874</ele><time>2025-08-10T08:27:58.990Z</time></trkpt><trkpt lat="33.842697" lon="73.310597"><ele>1148.458</ele><time>2025-08-10T08:27:59.990Z</time></trkpt><trkpt lat="33.842663" lon="73.310527"><ele>1147.984</ele><time>2025-08-10T08:28:00.990Z</time></trkpt><trkpt lat="33.842618" lon="73.310472"><ele>1147.477</ele><time>2025-08-10T08:28:01.990Z</time></trkpt><trkpt lat="33.842549" lon="73.310415"><ele>1146.736</ele><time>2025-08-10T08:28:02.990Z</time></trkpt><trkpt lat="33.842483" lon="73.310328"><ele>1146.267</ele><time>2025-08-10T08:28:03.990Z</time></trkpt><trkpt lat="33.842409" lon="73.310260"><ele>1145.364</ele><time>2025-08-10T08:28:04.990Z</time></trkpt><trkpt lat="33.842351" lon="73.310213"><ele>1145.006</ele><time>2025-08-10T08:28:05.990Z</time></trkpt><trkpt lat="33.842280" lon="73.310165"><ele>1144.516</ele><time>2025-08-10T08:28:06.990Z</time></trkpt><trkpt lat="33.842216" lon="73.310109"><ele>1144.009</ele><time>2025-08-10T08:28:07.990Z</time></trkpt><trkpt lat="33.842151" lon="73.310042"><ele>1143.688</ele><time>2025-08-10T08:28:08.990Z</time></trkpt><trkpt lat="33.842092" lon="73.309962"><ele>1143.258</ele><time>2025-08-10T08:28:09.990Z</time></trkpt><trkpt lat="33.842063" lon="73.309884"><ele>1142.812</ele><time>2025-08-10T08:28:10.990Z</time></trkpt><trkpt lat="33.842050" lon="73.309774"><ele>1142.426</ele><time>2025-08-10T08:28:11.990Z</time></trkpt><trkpt lat="33.842033" lon="73.309703"><ele>1142.080</ele><time>2025-08-10T08:28:12.990Z</time></trkpt><trkpt lat="33.842004" lon="73.309641"><ele>1141.666</ele><time>2025-08-10T08:28:13.990Z</time></trkpt><trkpt lat="33.841999" lon="73.309545"><ele>1141.299</ele><time>2025-08-10T08:28:14.990Z</time></trkpt><trkpt lat="33.841993" lon="73.309448"><ele>1140.858</ele><time>2025-08-10T08:28:15.990Z</time></trkpt><trkpt lat="33.842002" lon="73.309377"><ele>1140.439</ele><time>2025-08-10T08:28:16.990Z</time></trkpt><trkpt lat="33.842036" lon="73.309319"><ele>1140.171</ele><time>2025-08-10T08:28:17.990Z</time></trkpt><trkpt lat="33.842057" lon="73.309241"><ele>1139.941</ele><time>2025-08-10T08:28:18.990Z</time></trkpt><trkpt lat="33.842084" lon="73.309182"><ele>1139.515</ele><time>2025-08-10T08:28:19.989Z</time></trkpt><trkpt lat="33.842105" lon="73.309061"><ele>1138.909</ele><time>2025-08-10T08:28:21.990Z</time></trkpt><trkpt lat="33.842063" lon="73.308997"><ele>1138.269</ele><time>2025-08-10T08:28:22.990Z</time></trkpt><trkpt lat="33.842020" lon="73.308930"><ele>1137.439</ele><time>2025-08-10T08:28:23.990Z</time></trkpt><trkpt lat="33.841953" lon="73.308872"><ele>1136.953</ele><time>2025-08-10T08:28:24.990Z</time></trkpt><trkpt lat="33.841878" lon="73.308802"><ele>1136.447</ele><time>2025-08-10T08:28:25.991Z</time></trkpt><trkpt lat="33.841844" lon="73.308722"><ele>1135.951</ele><time>2025-08-10T08:28:26.991Z</time></trkpt><trkpt lat="33.841815" lon="73.308650"><ele>1135.587</ele><time>2025-08-10T08:28:27.991Z</time></trkpt><trkpt lat="33.841781" lon="73.308580"><ele>1135.150</ele><time>2025-08-10T08:28:28.991Z</time></trkpt><trkpt lat="33.841733" lon="73.308496"><ele>1134.799</ele><time>2025-08-10T08:28:29.991Z</time></trkpt><trkpt lat="33.841678" lon="73.308423"><ele>1134.340</ele><time>2025-08-10T08:28:30.991Z</time></trkpt><trkpt lat="33.841623" lon="73.308334"><ele>1133.917</ele><time>2025-08-10T08:28:31.991Z</time></trkpt><trkpt lat="33.841579" lon="73.308230"><ele>1133.387</ele><time>2025-08-10T08:28:32.991Z</time></trkpt><trkpt lat="33.841548" lon="73.308141"><ele>1133.115</ele><time>2025-08-10T08:28:33.991Z</time></trkpt><trkpt lat="33.841522" lon="73.308067"><ele>1132.609</ele><time>2025-08-10T08:28:34.991Z</time></trkpt><trkpt lat="33.841491" lon="73.308008"><ele>1132.133</ele><time>2025-08-10T08:28:35.991Z</time></trkpt><trkpt lat="33.841464" lon="73.307939"><ele>1131.833</ele><time>2025-08-10T08:28:36.991Z</time></trkpt><trkpt lat="33.841417" lon="73.307870"><ele>1131.297</ele><time>2025-08-10T08:28:37.991Z</time></trkpt><trkpt lat="33.841374" lon="73.307791"><ele>1130.421</ele><time>2025-08-10T08:28:38.991Z</time></trkpt><trkpt lat="33.841329" lon="73.307720"><ele>1129.845</ele><time>2025-08-10T08:28:39.991Z</time></trkpt><trkpt lat="33.841270" lon="73.307648"><ele>1129.341</ele><time>2025-08-10T08:28:40.991Z</time></trkpt><trkpt lat="33.841209" lon="73.307567"><ele>1128.844</ele><time>2025-08-10T08:28:41.991Z</time></trkpt><trkpt lat="33.841173" lon="73.307486"><ele>1128.473</ele><time>2025-08-10T08:28:42.991Z</time></trkpt><trkpt lat="33.841106" lon="73.307424"><ele>1128.064</ele><time>2025-08-10T08:28:43.991Z</time></trkpt><trkpt lat="33.841035" lon="73.307354"><ele>1127.642</ele><time>2025-08-10T08:28:44.991Z</time></trkpt><trkpt lat="33.841003" lon="73.307285"><ele>1127.222</ele><time>2025-08-10T08:28:45.991Z</time></trkpt><trkpt lat="33.840955" lon="73.307219"><ele>1126.814</ele><time>2025-08-10T08:28:46.991Z</time></trkpt><trkpt lat="33.840893" lon="73.307145"><ele>1126.409</ele><time>2025-08-10T08:28:47.991Z</time></trkpt><trkpt lat="33.840856" lon="73.307091"><ele>1126.046</ele><time>2025-08-10T08:28:48.991Z</time></trkpt><trkpt lat="33.840810" lon="73.307050"><ele>1125.536</ele><time>2025-08-10T08:28:49.991Z</time></trkpt><trkpt lat="33.840777" lon="73.306999"><ele>1125.280</ele><time>2025-08-10T08:28:50.991Z</time></trkpt><trkpt lat="33.840739" lon="73.306949"><ele>1124.764</ele><time>2025-08-10T08:28:51.991Z</time></trkpt><trkpt lat="33.840704" lon="73.306843"><ele>1124.298</ele><time>2025-08-10T08:28:53.991Z</time></trkpt><trkpt lat="33.840690" lon="73.306786"><ele>1123.744</ele><time>2025-08-10T08:28:54.991Z</time></trkpt><trkpt lat="33.840676" lon="73.306720"><ele>1122.977</ele><time>2025-08-10T08:28:55.991Z</time></trkpt><trkpt lat="33.840633" lon="73.306655"><ele>1122.646</ele><time>2025-08-10T08:28:56.991Z</time></trkpt><trkpt lat="33.840596" lon="73.306588"><ele>1122.397</ele><time>2025-08-10T08:28:57.991Z</time></trkpt><trkpt lat="33.840573" lon="73.306539"><ele>1122.089</ele><time>2025-08-10T08:28:58.991Z</time></trkpt><trkpt lat="33.840517" lon="73.306498"><ele>1121.706</ele><time>2025-08-10T08:28:59.991Z</time></trkpt><trkpt lat="33.840461" lon="73.306436"><ele>1121.326</ele><time>2025-08-10T08:29:00.991Z</time></trkpt><trkpt lat="33.840413" lon="73.306397"><ele>1120.909</ele><time>2025-08-10T08:29:01.991Z</time></trkpt><trkpt lat="33.840354" lon="73.306344"><ele>1120.380</ele><time>2025-08-10T08:29:02.991Z</time></trkpt><trkpt lat="33.840297" lon="73.306298"><ele>1119.970</ele><time>2025-08-10T08:29:03.991Z</time></trkpt><trkpt lat="33.840233" lon="73.306275"><ele>1119.714</ele><time>2025-08-10T08:29:04.991Z</time></trkpt><trkpt lat="33.840174" lon="73.306261"><ele>1119.368</ele><time>2025-08-10T08:29:05.991Z</time></trkpt><trkpt lat="33.840114" lon="73.306233"><ele>1118.892</ele><time>2025-08-10T08:29:06.991Z</time></trkpt><trkpt lat="33.840032" lon="73.306194"><ele>1118.158</ele><time>2025-08-10T08:29:07.991Z</time></trkpt><trkpt lat="33.839963" lon="73.306160"><ele>1117.711</ele><time>2025-08-10T08:29:08.991Z</time></trkpt><trkpt lat="33.839903" lon="73.306121"><ele>1117.320</ele><time>2025-08-10T08:29:09.991Z</time></trkpt><trkpt lat="33.839859" lon="73.306075"><ele>1116.991</ele><time>2025-08-10T08:29:10.991Z</time></trkpt><trkpt lat="33.839813" lon="73.306020"><ele>1116.779</ele><time>2025-08-10T08:29:11.991Z</time></trkpt><trkpt lat="33.839799" lon="73.305966"><ele>1116.305</ele><time>2025-08-10T08:29:12.991Z</time></trkpt><trkpt lat="33.839785" lon="73.305903"><ele>1115.925</ele><time>2025-08-10T08:29:13.991Z</time></trkpt><trkpt lat="33.839781" lon="73.305835"><ele>1115.609</ele><time>2025-08-10T08:29:14.991Z</time></trkpt><trkpt lat="33.839776" lon="73.305763"><ele>1115.389</ele><time>2025-08-10T08:29:15.991Z</time></trkpt><trkpt lat="33.839767" lon="73.305677"><ele>1115.029</ele><time>2025-08-10T08:29:16.991Z</time></trkpt><trkpt lat="33.839742" lon="73.305617"><ele>1114.843</ele><time>2025-08-10T08:29:17.991Z</time></trkpt><trkpt lat="33.839731" lon="73.305541"><ele>1114.667</ele><time>2025-08-10T08:29:18.991Z</time></trkpt><trkpt lat="33.839722" lon="73.305457"><ele>1114.331</ele><time>2025-08-10T08:29:19.991Z</time></trkpt><trkpt lat="33.839726" lon="73.305366"><ele>1114.077</ele><time>2025-08-10T08:29:20.991Z</time></trkpt><trkpt lat="33.839737" lon="73.305292"><ele>1113.450</ele><time>2025-08-10T08:29:21.991Z</time></trkpt><trkpt lat="33.839729" lon="73.305218"><ele>1112.999</ele><time>2025-08-10T08:29:22.991Z</time></trkpt><trkpt lat="33.839724" lon="73.305142"><ele>1112.770</ele><time>2025-08-10T08:29:23.991Z</time></trkpt><trkpt lat="33.839699" lon="73.305060"><ele>1112.342</ele><time>2025-08-10T08:29:24.991Z</time></trkpt><trkpt lat="33.839687" lon="73.304973"><ele>1111.722</ele><time>2025-08-10T08:29:25.991Z</time></trkpt><trkpt lat="33.839654" lon="73.304904"><ele>1111.314</ele><time>2025-08-10T08:29:26.991Z</time></trkpt><trkpt lat="33.839628" lon="73.304834"><ele>1110.909</ele><time>2025-08-10T08:29:27.991Z</time></trkpt><trkpt lat="33.839616" lon="73.304750"><ele>1110.626</ele><time>2025-08-10T08:29:28.991Z</time></trkpt><trkpt lat="33.839586" lon="73.304670"><ele>1110.316</ele><time>2025-08-10T08:29:29.991Z</time></trkpt><trkpt lat="33.839582" lon="73.304576"><ele>1109.970</ele><time>2025-08-10T08:29:30.991Z</time></trkpt><trkpt lat="33.839542" lon="73.304495"><ele>1109.554</ele><time>2025-08-10T08:29:31.991Z</time></trkpt><trkpt lat="33.839484" lon="73.304431"><ele>1109.198</ele><time>2025-08-10T08:29:32.991Z</time></trkpt><trkpt lat="33.839455" lon="73.304356"><ele>1108.714</ele><time>2025-08-10T08:29:33.991Z</time></trkpt><trkpt lat="33.839419" lon="73.304280"><ele>1108.327</ele><time>2025-08-10T08:29:34.991Z</time></trkpt><trkpt lat="33.839399" lon="73.304199"><ele>1107.936</ele><time>2025-08-10T08:29:35.991Z</time></trkpt><trkpt lat="33.839372" lon="73.304129"><ele>1107.587</ele><time>2025-08-10T08:29:36.991Z</time></trkpt><trkpt lat="33.839347" lon="73.304063"><ele>1107.385</ele><time>2025-08-10T08:29:37.991Z</time></trkpt><trkpt lat="33.839293" lon="73.303996"><ele>1106.789</ele><time>2025-08-10T08:29:38.991Z</time></trkpt><trkpt lat="33.839272" lon="73.303911"><ele>1106.417</ele><time>2025-08-10T08:29:39.991Z</time></trkpt><trkpt lat="33.839237" lon="73.303839"><ele>1106.109</ele><time>2025-08-10T08:29:40.991Z</time></trkpt><trkpt lat="33.839215" lon="73.303748"><ele>1105.820</ele><time>2025-08-10T08:29:41.991Z</time></trkpt><trkpt lat="33.839195" lon="73.303664"><ele>1105.530</ele><time>2025-08-10T08:29:42.991Z</time></trkpt><trkpt lat="33.839192" lon="73.303572"><ele>1105.294</ele><time>2025-08-10T08:29:43.991Z</time></trkpt><trkpt lat="33.839193" lon="73.303479"><ele>1104.978</ele><time>2025-08-10T08:29:44.991Z</time></trkpt><trkpt lat="33.839185" lon="73.303398"><ele>1104.662</ele><time>2025-08-10T08:29:45.991Z</time></trkpt><trkpt lat="33.839167" lon="73.303324"><ele>1104.328</ele><time>2025-08-10T08:29:46.991Z</time></trkpt><trkpt lat="33.839159" lon="73.303233"><ele>1103.991</ele><time>2025-08-10T08:29:47.991Z</time></trkpt><trkpt lat="33.839134" lon="73.303141"><ele>1103.550</ele><time>2025-08-10T08:29:48.991Z</time></trkpt><trkpt lat="33.839108" lon="73.303049"><ele>1103.111</ele><time>2025-08-10T08:29:49.991Z</time></trkpt><trkpt lat="33.839095" lon="73.302961"><ele>1102.721</ele><time>2025-08-10T08:29:50.991Z</time></trkpt><trkpt lat="33.839066" lon="73.302868"><ele>1102.241</ele><time>2025-08-10T08:29:51.991Z</time></trkpt><trkpt lat="33.839048" lon="73.302771"><ele>1101.705</ele><time>2025-08-10T08:29:52.991Z</time></trkpt><trkpt lat="33.839030" lon="73.302671"><ele>1101.209</ele><time>2025-08-10T08:29:53.991Z</time></trkpt><trkpt lat="33.839017" lon="73.302593"><ele>1100.764</ele><time>2025-08-10T08:29:54.991Z</time></trkpt><trkpt lat="33.839010" lon="73.302520"><ele>1100.274</ele><time>2025-08-10T08:29:55.991Z</time></trkpt><trkpt lat="33.839024" lon="73.302430"><ele>1099.848</ele><time>2025-08-10T08:29:56.991Z</time></trkpt><trkpt lat="33.839027" lon="73.302348"><ele>1099.382</ele><time>2025-08-10T08:29:57.991Z</time></trkpt><trkpt lat="33.839015" lon="73.302247"><ele>1098.876</ele><time>2025-08-10T08:29:58.991Z</time></trkpt><trkpt lat="33.839004" lon="73.302156"><ele>1098.392</ele><time>2025-08-10T08:29:59.991Z</time></trkpt><trkpt lat="33.838951" lon="73.302077"><ele>1097.815</ele><time>2025-08-10T08:30:00.991Z</time></trkpt><trkpt lat="33.838908" lon="73.302015"><ele>1097.214</ele><time>2025-08-10T08:30:01.991Z</time></trkpt><trkpt lat="33.838857" lon="73.301935"><ele>1096.655</ele><time>2025-08-10T08:30:02.991Z</time></trkpt><trkpt lat="33.838834" lon="73.301851"><ele>1096.189</ele><time>2025-08-10T08:30:03.991Z</time></trkpt><trkpt lat="33.838801" lon="73.301788"><ele>1095.806</ele><time>2025-08-10T08:30:04.991Z</time></trkpt><trkpt lat="33.838769" lon="73.301725"><ele>1095.426</ele><time>2025-08-10T08:30:05.991Z</time></trkpt><trkpt lat="33.838748" lon="73.301656"><ele>1095.109</ele><time>2025-08-10T08:30:06.991Z</time></trkpt><trkpt lat="33.838720" lon="73.301593"><ele>1094.750</ele><time>2025-08-10T08:30:07.991Z</time></trkpt><trkpt lat="33.838677" lon="73.301539"><ele>1094.360</ele><time>2025-08-10T08:30:08.991Z</time></trkpt><trkpt lat="33.838646" lon="73.301469"><ele>1093.844</ele><time>2025-08-10T08:30:09.991Z</time></trkpt><trkpt lat="33.838608" lon="73.301405"><ele>1093.118</ele><time>2025-08-10T08:30:10.991Z</time></trkpt><trkpt lat="33.838553" lon="73.301358"><ele>1092.792</ele><time>2025-08-10T08:30:11.991Z</time></trkpt><trkpt lat="33.838512" lon="73.301280"><ele>1092.148</ele><time>2025-08-10T08:30:12.991Z</time></trkpt><trkpt lat="33.838469" lon="73.301226"><ele>1091.711</ele><time>2025-08-10T08:30:13.991Z</time></trkpt><trkpt lat="33.838421" lon="73.301159"><ele>1091.360</ele><time>2025-08-10T08:30:14.991Z</time></trkpt><trkpt lat="33.838393" lon="73.301078"><ele>1090.971</ele><time>2025-08-10T08:30:15.991Z</time></trkpt><trkpt lat="33.838356" lon="73.301027"><ele>1090.759</ele><time>2025-08-10T08:30:16.991Z</time></trkpt><trkpt lat="33.838328" lon="73.300964"><ele>1090.303</ele><time>2025-08-10T08:30:17.991Z</time></trkpt><trkpt lat="33.838330" lon="73.300908"><ele>1089.923</ele><time>2025-08-10T08:30:18.991Z</time></trkpt><trkpt lat="33.838319" lon="73.300843"><ele>1089.509</ele><time>2025-08-10T08:30:19.991Z</time></trkpt><trkpt lat="33.838293" lon="73.300765"><ele>1089.117</ele><time>2025-08-10T08:30:20.991Z</time></trkpt><trkpt lat="33.838273" lon="73.300699"><ele>1088.797</ele><time>2025-08-10T08:30:21.991Z</time></trkpt><trkpt lat="33.838257" lon="73.300638"><ele>1088.481</ele><time>2025-08-10T08:30:22.991Z</time></trkpt><trkpt lat="33.838243" lon="73.300565"><ele>1088.135</ele><time>2025-08-10T08:30:23.991Z</time></trkpt><trkpt lat="33.838220" lon="73.300515"><ele>1087.839</ele><time>2025-08-10T08:30:24.992Z</time></trkpt><trkpt lat="33.838188" lon="73.300425"><ele>1087.445</ele><time>2025-08-10T08:30:26.991Z</time></trkpt><trkpt lat="33.838138" lon="73.300345"><ele>1086.588</ele><time>2025-08-10T08:30:28.991Z</time></trkpt><trkpt lat="33.838100" lon="73.300303"><ele>1086.157</ele><time>2025-08-10T08:30:29.991Z</time></trkpt><trkpt lat="33.838080" lon="73.300252"><ele>1085.328</ele><time>2025-08-10T08:30:30.992Z</time></trkpt><trkpt lat="33.838046" lon="73.300206"><ele>1085.094</ele><time>2025-08-10T08:30:31.991Z</time></trkpt><trkpt lat="33.837987" lon="73.300145"><ele>1084.757</ele><time>2025-08-10T08:30:32.991Z</time></trkpt><trkpt lat="33.837942" lon="73.300065"><ele>1084.422</ele><time>2025-08-10T08:30:33.992Z</time></trkpt><trkpt lat="33.837869" lon="73.300006"><ele>1084.009</ele><time>2025-08-10T08:30:34.991Z</time></trkpt><trkpt lat="33.837803" lon="73.299961"><ele>1083.881</ele><time>2025-08-10T08:30:35.991Z</time></trkpt><trkpt lat="33.837744" lon="73.299925"><ele>1083.651</ele><time>2025-08-10T08:30:36.992Z</time></trkpt><trkpt lat="33.837696" lon="73.299904"><ele>1083.425</ele><time>2025-08-10T08:30:37.991Z</time></trkpt><trkpt lat="33.837635" lon="73.299867"><ele>1083.389</ele><time>2025-08-10T08:30:38.991Z</time></trkpt><trkpt lat="33.837583" lon="73.299835"><ele>1083.133</ele><time>2025-08-10T08:30:39.991Z</time></trkpt><trkpt lat="33.837525" lon="73.299809"><ele>1082.849</ele><time>2025-08-10T08:30:40.991Z</time></trkpt><trkpt lat="33.837478" lon="73.299781"><ele>1082.732</ele><time>2025-08-10T08:30:41.991Z</time></trkpt><trkpt lat="33.837437" lon="73.299748"><ele>1082.611</ele><time>2025-08-10T08:30:42.991Z</time></trkpt><trkpt lat="33.837365" lon="73.299668"><ele>1082.442</ele><time>2025-08-10T08:30:44.991Z</time></trkpt><trkpt lat="33.837328" lon="73.299622"><ele>1082.194</ele><time>2025-08-10T08:30:45.991Z</time></trkpt><trkpt lat="33.837278" lon="73.299560"><ele>1081.057</ele><time>2025-08-10T08:30:47.991Z</time></trkpt><trkpt lat="33.837245" lon="73.299519"><ele>1080.722</ele><time>2025-08-10T08:30:49.991Z</time></trkpt><trkpt lat="33.837176" lon="73.299444"><ele>1079.609</ele><time>2025-08-10T08:30:51.991Z</time></trkpt><trkpt lat="33.837140" lon="73.299408"><ele>1078.821</ele><time>2025-08-10T08:30:52.991Z</time></trkpt><trkpt lat="33.837112" lon="73.299354"><ele>1078.531</ele><time>2025-08-10T08:30:53.991Z</time></trkpt><trkpt lat="33.837084" lon="73.299307"><ele>1078.565</ele><time>2025-08-10T08:30:54.991Z</time></trkpt><trkpt lat="33.837056" lon="73.299263"><ele>1078.529</ele><time>2025-08-10T08:30:55.991Z</time></trkpt><trkpt lat="33.837009" lon="73.299187"><ele>1078.513</ele><time>2025-08-10T08:30:57.991Z</time></trkpt><trkpt lat="33.836994" lon="73.299128"><ele>1078.389</ele><time>2025-08-10T08:30:58.991Z</time></trkpt><trkpt lat="33.836976" lon="73.299061"><ele>1077.382</ele><time>2025-08-10T08:30:59.991Z</time></trkpt><trkpt lat="33.836961" lon="73.299004"><ele>1076.811</ele><time>2025-08-10T08:31:00.991Z</time></trkpt><trkpt lat="33.836944" lon="73.298946"><ele>1076.492</ele><time>2025-08-10T08:31:01.991Z</time></trkpt><trkpt lat="33.836928" lon="73.298893"><ele>1076.258</ele><time>2025-08-10T08:31:02.991Z</time></trkpt><trkpt lat="33.836891" lon="73.298791"><ele>1075.652</ele><time>2025-08-10T08:31:04.991Z</time></trkpt><trkpt lat="33.836864" lon="73.298741"><ele>1075.417</ele><time>2025-08-10T08:31:05.991Z</time></trkpt><trkpt lat="33.836845" lon="73.298686"><ele>1075.009</ele><time>2025-08-10T08:31:06.991Z</time></trkpt><trkpt lat="33.836809" lon="73.298586"><ele>1074.977</ele><time>2025-08-10T08:31:08.991Z</time></trkpt><trkpt lat="33.836781" lon="73.298537"><ele>1074.867</ele><time>2025-08-10T08:31:09.991Z</time></trkpt><trkpt lat="33.836755" lon="73.298492"><ele>1074.331</ele><time>2025-08-10T08:31:10.991Z</time></trkpt><trkpt lat="33.836720" lon="73.298457"><ele>1074.065</ele><time>2025-08-10T08:31:11.991Z</time></trkpt><trkpt lat="33.836689" lon="73.298410"><ele>1073.689</ele><time>2025-08-10T08:31:12.991Z</time></trkpt><trkpt lat="33.836653" lon="73.298363"><ele>1073.545</ele><time>2025-08-10T08:31:13.991Z</time></trkpt><trkpt lat="33.836585" lon="73.298295"><ele>1073.118</ele><time>2025-08-10T08:31:15.991Z</time></trkpt><trkpt lat="33.836542" lon="73.298260"><ele>1072.727</ele><time>2025-08-10T08:31:16.991Z</time></trkpt><trkpt lat="33.836477" lon="73.298182"><ele>1071.958</ele><time>2025-08-10T08:31:18.991Z</time></trkpt><trkpt lat="33.836439" lon="73.298136"><ele>1071.455</ele><time>2025-08-10T08:31:19.991Z</time></trkpt><trkpt lat="33.836395" lon="73.298081"><ele>1071.107</ele><time>2025-08-10T08:31:20.991Z</time></trkpt><trkpt lat="33.836360" lon="73.298027"><ele>1070.817</ele><time>2025-08-10T08:31:21.991Z</time></trkpt><trkpt lat="33.836335" lon="73.297962"><ele>1070.509</ele><time>2025-08-10T08:31:22.991Z</time></trkpt><trkpt lat="33.836297" lon="73.297898"><ele>1070.287</ele><time>2025-08-10T08:31:23.991Z</time></trkpt><trkpt lat="33.836254" lon="73.297837"><ele>1070.097</ele><time>2025-08-10T08:31:24.991Z</time></trkpt><trkpt lat="33.836206" lon="73.297778"><ele>1069.611</ele><time>2025-08-10T08:31:25.991Z</time></trkpt><trkpt lat="33.836172" lon="73.297726"><ele>1069.235</ele><time>2025-08-10T08:31:26.991Z</time></trkpt><trkpt lat="33.836111" lon="73.297657"><ele>1068.779</ele><time>2025-08-10T08:31:28.991Z</time></trkpt><trkpt lat="33.836037" lon="73.297604"><ele>1068.015</ele><time>2025-08-10T08:31:30.991Z</time></trkpt><trkpt lat="33.835981" lon="73.297601"><ele>1067.138</ele><time>2025-08-10T08:31:31.991Z</time></trkpt><trkpt lat="33.835928" lon="73.297605"><ele>1066.587</ele><time>2025-08-10T08:31:32.991Z</time></trkpt><trkpt lat="33.835879" lon="73.297628"><ele>1066.358</ele><time>2025-08-10T08:31:33.991Z</time></trkpt><trkpt lat="33.835800" lon="73.297663"><ele>1066.184</ele><time>2025-08-10T08:31:35.991Z</time></trkpt><trkpt lat="33.835750" lon="73.297680"><ele>1065.907</ele><time>2025-08-10T08:31:36.991Z</time></trkpt><trkpt lat="33.835697" lon="73.297693"><ele>1065.717</ele><time>2025-08-10T08:31:37.991Z</time></trkpt><trkpt lat="33.835649" lon="73.297686"><ele>1065.709</ele><time>2025-08-10T08:31:38.991Z</time></trkpt><trkpt lat="33.835602" lon="73.297671"><ele>1065.460</ele><time>2025-08-10T08:31:39.991Z</time></trkpt><trkpt lat="33.835555" lon="73.297640"><ele>1065.350</ele><time>2025-08-10T08:31:40.991Z</time></trkpt><trkpt lat="33.835512" lon="73.297589"><ele>1065.034</ele><time>2025-08-10T08:31:41.991Z</time></trkpt><trkpt lat="33.835474" lon="73.297535"><ele>1064.418</ele><time>2025-08-10T08:31:42.991Z</time></trkpt><trkpt lat="33.835435" lon="73.297487"><ele>1063.772</ele><time>2025-08-10T08:31:43.991Z</time></trkpt><trkpt lat="33.835392" lon="73.297440"><ele>1063.248</ele><time>2025-08-10T08:31:44.991Z</time></trkpt><trkpt lat="33.835355" lon="73.297402"><ele>1062.691</ele><time>2025-08-10T08:31:45.991Z</time></trkpt><trkpt lat="33.835319" lon="73.297364"><ele>1062.180</ele><time>2025-08-10T08:31:46.991Z</time></trkpt><trkpt lat="33.835284" lon="73.297325"><ele>1062.041</ele><time>2025-08-10T08:31:47.991Z</time></trkpt><trkpt lat="33.835230" lon="73.297285"><ele>1061.793</ele><time>2025-08-10T08:31:48.991Z</time></trkpt><trkpt lat="33.835169" lon="73.297246"><ele>1061.465</ele><time>2025-08-10T08:31:49.991Z</time></trkpt><trkpt lat="33.835109" lon="73.297213"><ele>1061.221</ele><time>2025-08-10T08:31:50.991Z</time></trkpt><trkpt lat="33.835053" lon="73.297187"><ele>1061.009</ele><time>2025-08-10T08:31:51.991Z</time></trkpt><trkpt lat="33.835006" lon="73.297150"><ele>1060.651</ele><time>2025-08-10T08:31:52.991Z</time></trkpt><trkpt lat="33.834961" lon="73.297109"><ele>1060.011</ele><time>2025-08-10T08:31:53.991Z</time></trkpt><trkpt lat="33.834925" lon="73.297067"><ele>1059.515</ele><time>2025-08-10T08:31:54.991Z</time></trkpt><trkpt lat="33.834885" lon="73.297016"><ele>1059.159</ele><time>2025-08-10T08:31:55.991Z</time></trkpt><trkpt lat="33.834838" lon="73.296959"><ele>1058.783</ele><time>2025-08-10T08:31:56.991Z</time></trkpt><trkpt lat="33.834795" lon="73.296915"><ele>1058.219</ele><time>2025-08-10T08:31:57.991Z</time></trkpt><trkpt lat="33.834740" lon="73.296872"><ele>1057.912</ele><time>2025-08-10T08:31:58.991Z</time></trkpt><trkpt lat="33.834686" lon="73.296835"><ele>1057.581</ele><time>2025-08-10T08:31:59.991Z</time></trkpt><trkpt lat="33.834625" lon="73.296795"><ele>1057.042</ele><time>2025-08-10T08:32:00.991Z</time></trkpt><trkpt lat="33.834559" lon="73.296774"><ele>1056.525</ele><time>2025-08-10T08:32:01.991Z</time></trkpt><trkpt lat="33.834487" lon="73.296764"><ele>1055.826</ele><time>2025-08-10T08:32:02.991Z</time></trkpt><trkpt lat="33.834428" lon="73.296768"><ele>1055.608</ele><time>2025-08-10T08:32:03.991Z</time></trkpt><trkpt lat="33.834373" lon="73.296767"><ele>1055.509</ele><time>2025-08-10T08:32:04.991Z</time></trkpt><trkpt lat="33.834301" lon="73.296734"><ele>1055.574</ele><time>2025-08-10T08:32:06.991Z</time></trkpt><trkpt lat="33.834266" lon="73.296693"><ele>1055.494</ele><time>2025-08-10T08:32:07.991Z</time></trkpt><trkpt lat="33.834260" lon="73.296613"><ele>1055.418</ele><time>2025-08-10T08:32:09.991Z</time></trkpt><trkpt lat="33.834305" lon="73.296522"><ele>1054.962</ele><time>2025-08-10T08:32:11.991Z</time></trkpt><trkpt lat="33.834338" lon="73.296476"><ele>1054.636</ele><time>2025-08-10T08:32:12.991Z</time></trkpt><trkpt lat="33.834368" lon="73.296435"><ele>1053.882</ele><time>2025-08-10T08:32:13.991Z</time></trkpt><trkpt lat="33.834402" lon="73.296388"><ele>1053.455</ele><time>2025-08-10T08:32:14.991Z</time></trkpt><trkpt lat="33.834445" lon="73.296360"><ele>1053.214</ele><time>2025-08-10T08:32:15.991Z</time></trkpt><trkpt lat="33.834506" lon="73.296315"><ele>1053.225</ele><time>2025-08-10T08:32:17.991Z</time></trkpt><trkpt lat="33.834552" lon="73.296283"><ele>1053.026</ele><time>2025-08-10T08:32:18.991Z</time></trkpt><trkpt lat="33.834595" lon="73.296247"><ele>1052.847</ele><time>2025-08-10T08:32:19.991Z</time></trkpt><trkpt lat="33.834633" lon="73.296211"><ele>1052.511</ele><time>2025-08-10T08:32:20.991Z</time></trkpt><trkpt lat="33.834668" lon="73.296174"><ele>1052.009</ele><time>2025-08-10T08:32:21.991Z</time></trkpt><trkpt lat="33.834714" lon="73.296085"><ele>1051.734</ele><time>2025-08-10T08:32:23.991Z</time></trkpt><trkpt lat="33.834743" lon="73.295984"><ele>1051.174</ele><time>2025-08-10T08:32:25.991Z</time></trkpt><trkpt lat="33.834766" lon="73.295923"><ele>1050.528</ele><time>2025-08-10T08:32:26.991Z</time></trkpt><trkpt lat="33.834775" lon="73.295869"><ele>1050.162</ele><time>2025-08-10T08:32:27.991Z</time></trkpt><trkpt lat="33.834784" lon="73.295771"><ele>1049.856</ele><time>2025-08-10T08:32:29.991Z</time></trkpt><trkpt lat="33.834773" lon="73.295650"><ele>1049.362</ele><time>2025-08-10T08:32:31.992Z</time></trkpt><trkpt lat="33.834753" lon="73.295560"><ele>1048.695</ele><time>2025-08-10T08:32:32.992Z</time></trkpt><trkpt lat="33.834738" lon="73.295486"><ele>1048.074</ele><time>2025-08-10T08:32:33.992Z</time></trkpt><trkpt lat="33.834717" lon="73.295422"><ele>1047.785</ele><time>2025-08-10T08:32:34.992Z</time></trkpt><trkpt lat="33.834699" lon="73.295355"><ele>1047.639</ele><time>2025-08-10T08:32:35.992Z</time></trkpt><trkpt lat="33.834676" lon="73.295291"><ele>1047.401</ele><time>2025-08-10T08:32:36.992Z</time></trkpt><trkpt lat="33.834659" lon="73.295220"><ele>1047.221</ele><time>2025-08-10T08:32:37.992Z</time></trkpt><trkpt lat="33.834650" lon="73.295157"><ele>1047.009</ele><time>2025-08-10T08:32:38.992Z</time></trkpt><trkpt lat="33.834628" lon="73.295096"><ele>1046.865</ele><time>2025-08-10T08:32:39.992Z</time></trkpt><trkpt lat="33.834606" lon="73.295041"><ele>1046.395</ele><time>2025-08-10T08:32:40.991Z</time></trkpt><trkpt lat="33.834579" lon="73.294973"><ele>1045.969</ele><time>2025-08-10T08:32:41.991Z</time></trkpt><trkpt lat="33.834568" lon="73.294905"><ele>1045.693</ele><time>2025-08-10T08:32:42.991Z</time></trkpt><trkpt lat="33.834552" lon="73.294840"><ele>1045.197</ele><time>2025-08-10T08:32:43.991Z</time></trkpt><trkpt lat="33.834543" lon="73.294784"><ele>1044.683</ele><time>2025-08-10T08:32:44.991Z</time></trkpt><trkpt lat="33.834523" lon="73.294696"><ele>1044.456</ele><time>2025-08-10T08:32:46.991Z</time></trkpt><trkpt lat="33.834515" lon="73.294629"><ele>1044.255</ele><time>2025-08-10T08:32:47.991Z</time></trkpt><trkpt lat="33.834522" lon="73.294565"><ele>1043.866</ele><time>2025-08-10T08:32:48.991Z</time></trkpt><trkpt lat="33.834528" lon="73.294509"><ele>1043.777</ele><time>2025-08-10T08:32:49.991Z</time></trkpt><trkpt lat="33.834530" lon="73.294453"><ele>1043.561</ele><time>2025-08-10T08:32:50.991Z</time></trkpt><trkpt lat="33.834534" lon="73.294397"><ele>1043.327</ele><time>2025-08-10T08:32:51.991Z</time></trkpt><trkpt lat="33.834545" lon="73.294324"><ele>1043.009</ele><time>2025-08-10T08:32:52.991Z</time></trkpt><trkpt lat="33.834564" lon="73.294242"><ele>1042.539</ele><time>2025-08-10T08:32:53.991Z</time></trkpt><trkpt lat="33.834578" lon="73.294166"><ele>1042.229</ele><time>2025-08-10T08:32:54.991Z</time></trkpt><trkpt lat="33.834596" lon="73.294099"><ele>1041.853</ele><time>2025-08-10T08:32:55.991Z</time></trkpt><trkpt lat="33.834633" lon="73.294030"><ele>1041.687</ele><time>2025-08-10T08:32:56.991Z</time></trkpt><trkpt lat="33.834681" lon="73.293963"><ele>1041.451</ele><time>2025-08-10T08:32:57.991Z</time></trkpt><trkpt lat="33.834727" lon="73.293908"><ele>1041.347</ele><time>2025-08-10T08:32:58.991Z</time></trkpt><trkpt lat="33.834773" lon="73.293864"><ele>1041.230</ele><time>2025-08-10T08:32:59.991Z</time></trkpt><trkpt lat="33.834821" lon="73.293826"><ele>1041.289</ele><time>2025-08-10T08:33:00.991Z</time></trkpt><trkpt lat="33.834875" lon="73.293789"><ele>1041.220</ele><time>2025-08-10T08:33:01.991Z</time></trkpt><trkpt lat="33.834928" lon="73.293755"><ele>1040.967</ele><time>2025-08-10T08:33:02.991Z</time></trkpt><trkpt lat="33.834979" lon="73.293725"><ele>1040.481</ele><time>2025-08-10T08:33:03.991Z</time></trkpt><trkpt lat="33.835026" lon="73.293679"><ele>1040.119</ele><time>2025-08-10T08:33:04.991Z</time></trkpt><trkpt lat="33.835068" lon="73.293631"><ele>1039.609</ele><time>2025-08-10T08:33:05.991Z</time></trkpt><trkpt lat="33.835105" lon="73.293576"><ele>1039.158</ele><time>2025-08-10T08:33:06.991Z</time></trkpt><trkpt lat="33.835145" lon="73.293521"><ele>1038.888</ele><time>2025-08-10T08:33:07.991Z</time></trkpt><trkpt lat="33.835169" lon="73.293451"><ele>1038.792</ele><time>2025-08-10T08:33:08.991Z</time></trkpt><trkpt lat="33.835184" lon="73.293389"><ele>1038.556</ele><time>2025-08-10T08:33:09.991Z</time></trkpt><trkpt lat="33.835194" lon="73.293329"><ele>1038.330</ele><time>2025-08-10T08:33:10.991Z</time></trkpt><trkpt lat="33.835202" lon="73.293275"><ele>1038.146</ele><time>2025-08-10T08:33:11.991Z</time></trkpt><trkpt lat="33.835193" lon="73.293213"><ele>1038.089</ele><time>2025-08-10T08:33:12.991Z</time></trkpt><trkpt lat="33.835182" lon="73.293145"><ele>1037.728</ele><time>2025-08-10T08:33:13.991Z</time></trkpt><trkpt lat="33.835169" lon="73.293084"><ele>1037.459</ele><time>2025-08-10T08:33:14.991Z</time></trkpt><trkpt lat="33.835155" lon="73.293022"><ele>1037.244</ele><time>2025-08-10T08:33:15.991Z</time></trkpt><trkpt lat="33.835144" lon="73.292953"><ele>1036.805</ele><time>2025-08-10T08:33:16.991Z</time></trkpt><trkpt lat="33.835126" lon="73.292871"><ele>1036.615</ele><time>2025-08-10T08:33:17.991Z</time></trkpt><trkpt lat="33.835112" lon="73.292791"><ele>1036.409</ele><time>2025-08-10T08:33:18.991Z</time></trkpt><trkpt lat="33.835096" lon="73.292720"><ele>1036.196</ele><time>2025-08-10T08:33:19.991Z</time></trkpt><trkpt lat="33.835074" lon="73.292656"><ele>1035.786</ele><time>2025-08-10T08:33:20.991Z</time></trkpt><trkpt lat="33.835038" lon="73.292602"><ele>1035.520</ele><time>2025-08-10T08:33:21.991Z</time></trkpt><trkpt lat="33.835006" lon="73.292532"><ele>1035.134</ele><time>2025-08-10T08:33:22.991Z</time></trkpt><trkpt lat="33.834972" lon="73.292473"><ele>1034.778</ele><time>2025-08-10T08:33:23.991Z</time></trkpt><trkpt lat="33.834928" lon="73.292417"><ele>1034.234</ele><time>2025-08-10T08:33:24.991Z</time></trkpt><trkpt lat="33.834894" lon="73.292364"><ele>1033.887</ele><time>2025-08-10T08:33:25.991Z</time></trkpt><trkpt lat="33.834859" lon="73.292303"><ele>1033.596</ele><time>2025-08-10T08:33:26.991Z</time></trkpt><trkpt lat="33.834846" lon="73.292235"><ele>1033.397</ele><time>2025-08-10T08:33:27.991Z</time></trkpt><trkpt lat="33.834835" lon="73.292181"><ele>1033.113</ele><time>2025-08-10T08:33:28.991Z</time></trkpt><trkpt lat="33.834835" lon="73.292100"><ele>1032.943</ele><time>2025-08-10T08:33:29.991Z</time></trkpt><trkpt lat="33.834837" lon="73.292039"><ele>1032.607</ele><time>2025-08-10T08:33:30.991Z</time></trkpt><trkpt lat="33.834848" lon="73.291974"><ele>1032.109</ele><time>2025-08-10T08:33:31.991Z</time></trkpt><trkpt lat="33.834866" lon="73.291909"><ele>1031.863</ele><time>2025-08-10T08:33:32.991Z</time></trkpt><trkpt lat="33.834884" lon="73.291838"><ele>1031.673</ele><time>2025-08-10T08:33:33.991Z</time></trkpt><trkpt lat="33.834892" lon="73.291757"><ele>1031.427</ele><time>2025-08-10T08:33:34.991Z</time></trkpt><trkpt lat="33.834918" lon="73.291679"><ele>1031.241</ele><time>2025-08-10T08:33:35.991Z</time></trkpt><trkpt lat="33.834951" lon="73.291605"><ele>1030.935</ele><time>2025-08-10T08:33:36.991Z</time></trkpt><trkpt lat="33.834953" lon="73.291531"><ele>1030.781</ele><time>2025-08-10T08:33:37.991Z</time></trkpt><trkpt lat="33.834953" lon="73.291443"><ele>1030.184</ele><time>2025-08-10T08:33:38.991Z</time></trkpt><trkpt lat="33.834957" lon="73.291354"><ele>1029.733</ele><time>2025-08-10T08:33:39.991Z</time></trkpt><trkpt lat="33.834959" lon="73.291266"><ele>1029.214</ele><time>2025-08-10T08:33:40.991Z</time></trkpt><trkpt lat="33.834953" lon="73.291185"><ele>1028.882</ele><time>2025-08-10T08:33:41.991Z</time></trkpt><trkpt lat="33.834945" lon="73.291105"><ele>1028.543</ele><time>2025-08-10T08:33:42.991Z</time></trkpt><trkpt lat="33.834939" lon="73.291019"><ele>1028.217</ele><time>2025-08-10T08:33:43.991Z</time></trkpt><trkpt lat="33.834934" lon="73.290941"><ele>1028.009</ele><time>2025-08-10T08:33:44.991Z</time></trkpt><trkpt lat="33.834954" lon="73.290861"><ele>1027.930</ele><time>2025-08-10T08:33:45.991Z</time></trkpt><trkpt lat="33.834971" lon="73.290790"><ele>1027.940</ele><time>2025-08-10T08:33:46.991Z</time></trkpt><trkpt lat="33.834986" lon="73.290724"><ele>1027.934</ele><time>2025-08-10T08:33:47.991Z</time></trkpt><trkpt lat="33.835027" lon="73.290657"><ele>1027.838</ele><time>2025-08-10T08:33:48.991Z</time></trkpt><trkpt lat="33.835060" lon="73.290587"><ele>1027.742</ele><time>2025-08-10T08:33:49.991Z</time></trkpt><trkpt lat="33.835110" lon="73.290519"><ele>1027.558</ele><time>2025-08-10T08:33:50.991Z</time></trkpt><trkpt lat="33.835158" lon="73.290462"><ele>1027.071</ele><time>2025-08-10T08:33:51.991Z</time></trkpt><trkpt lat="33.835207" lon="73.290410"><ele>1026.580</ele><time>2025-08-10T08:33:52.991Z</time></trkpt><trkpt lat="33.835252" lon="73.290373"><ele>1026.261</ele><time>2025-08-10T08:33:53.991Z</time></trkpt><trkpt lat="33.835295" lon="73.290328"><ele>1025.652</ele><time>2025-08-10T08:33:54.991Z</time></trkpt><trkpt lat="33.835336" lon="73.290298"><ele>1025.053</ele><time>2025-08-10T08:33:55.991Z</time></trkpt><trkpt lat="33.835408" lon="73.290225"><ele>1024.408</ele><time>2025-08-10T08:33:57.991Z</time></trkpt><trkpt lat="33.835435" lon="73.290169"><ele>1023.909</ele><time>2025-08-10T08:33:58.991Z</time></trkpt><trkpt lat="33.835460" lon="73.290109"><ele>1022.957</ele><time>2025-08-10T08:33:59.991Z</time></trkpt><trkpt lat="33.835481" lon="73.290040"><ele>1022.457</ele><time>2025-08-10T08:34:00.991Z</time></trkpt><trkpt lat="33.835497" lon="73.289976"><ele>1022.041</ele><time>2025-08-10T08:34:01.991Z</time></trkpt><trkpt lat="33.835508" lon="73.289920"><ele>1021.515</ele><time>2025-08-10T08:34:02.991Z</time></trkpt><trkpt lat="33.835522" lon="73.289864"><ele>1021.359</ele><time>2025-08-10T08:34:03.991Z</time></trkpt><trkpt lat="33.835547" lon="73.289811"><ele>1020.935</ele><time>2025-08-10T08:34:04.991Z</time></trkpt><trkpt lat="33.835606" lon="73.289736"><ele>1020.668</ele><time>2025-08-10T08:34:06.991Z</time></trkpt><trkpt lat="33.835648" lon="73.289654"><ele>1020.477</ele><time>2025-08-10T08:34:07.991Z</time></trkpt><trkpt lat="33.835679" lon="73.289596"><ele>1019.918</ele><time>2025-08-10T08:34:08.991Z</time></trkpt><trkpt lat="33.835696" lon="73.289520"><ele>1019.666</ele><time>2025-08-10T08:34:09.991Z</time></trkpt><trkpt lat="33.835711" lon="73.289437"><ele>1019.229</ele><time>2025-08-10T08:34:10.991Z</time></trkpt><trkpt lat="33.835742" lon="73.289347"><ele>1018.721</ele><time>2025-08-10T08:34:11.991Z</time></trkpt><trkpt lat="33.835749" lon="73.289268"><ele>1018.209</ele><time>2025-08-10T08:34:12.991Z</time></trkpt><trkpt lat="33.835767" lon="73.289180"><ele>1017.788</ele><time>2025-08-10T08:34:13.991Z</time></trkpt><trkpt lat="33.835777" lon="73.289122"><ele>1017.288</ele><time>2025-08-10T08:34:14.991Z</time></trkpt><trkpt lat="33.835806" lon="73.289026"><ele>1016.742</ele><time>2025-08-10T08:34:16.991Z</time></trkpt><trkpt lat="33.835823" lon="73.288975"><ele>1016.516</ele><time>2025-08-10T08:34:17.991Z</time></trkpt><trkpt lat="33.835848" lon="73.288882"><ele>1015.420</ele><time>2025-08-10T08:34:19.991Z</time></trkpt><trkpt lat="33.835856" lon="73.288768"><ele>1014.576</ele><time>2025-08-10T08:34:21.991Z</time></trkpt><trkpt lat="33.835852" lon="73.288710"><ele>1013.939</ele><time>2025-08-10T08:34:22.991Z</time></trkpt><trkpt lat="33.835840" lon="73.288658"><ele>1013.668</ele><time>2025-08-10T08:34:23.991Z</time></trkpt><trkpt lat="33.835787" lon="73.288554"><ele>1013.469</ele><time>2025-08-10T08:34:25.991Z</time></trkpt><trkpt lat="33.835746" lon="73.288495"><ele>1013.399</ele><time>2025-08-10T08:34:26.991Z</time></trkpt><trkpt lat="33.835706" lon="73.288445"><ele>1012.707</ele><time>2025-08-10T08:34:27.991Z</time></trkpt><trkpt lat="33.835655" lon="73.288393"><ele>1012.327</ele><time>2025-08-10T08:34:28.991Z</time></trkpt><trkpt lat="33.835591" lon="73.288355"><ele>1012.109</ele><time>2025-08-10T08:34:30.991Z</time></trkpt><trkpt lat="33.835527" lon="73.288336"><ele>1011.921</ele><time>2025-08-10T08:34:32.991Z</time></trkpt><trkpt lat="33.835474" lon="73.288311"><ele>1011.651</ele><time>2025-08-10T08:34:34.991Z</time></trkpt><trkpt lat="33.835425" lon="73.288305"><ele>1011.295</ele><time>2025-08-10T08:34:35.991Z</time></trkpt><trkpt lat="33.835365" lon="73.288298"><ele>1010.389</ele><time>2025-08-10T08:34:36.992Z</time></trkpt><trkpt lat="33.835307" lon="73.288302"><ele>1010.013</ele><time>2025-08-10T08:34:37.991Z</time></trkpt><trkpt lat="33.835240" lon="73.288304"><ele>1009.729</ele><time>2025-08-10T08:34:38.991Z</time></trkpt><trkpt lat="33.835173" lon="73.288308"><ele>1009.512</ele><time>2025-08-10T08:34:39.992Z</time></trkpt><trkpt lat="33.835110" lon="73.288311"><ele>1009.441</ele><time>2025-08-10T08:34:40.991Z</time></trkpt><trkpt lat="33.835049" lon="73.288299"><ele>1009.372</ele><time>2025-08-10T08:34:41.991Z</time></trkpt><trkpt lat="33.834995" lon="73.288275"><ele>1009.038</ele><time>2025-08-10T08:34:42.992Z</time></trkpt><trkpt lat="33.834953" lon="73.288249"><ele>1008.770</ele><time>2025-08-10T08:34:43.992Z</time></trkpt><trkpt lat="33.834906" lon="73.288188"><ele>1008.317</ele><time>2025-08-10T08:34:44.992Z</time></trkpt><trkpt lat="33.834866" lon="73.288140"><ele>1008.009</ele><time>2025-08-10T08:34:45.991Z</time></trkpt><trkpt lat="33.834834" lon="73.288093"><ele>1007.635</ele><time>2025-08-10T08:34:46.991Z</time></trkpt><trkpt lat="33.834787" lon="73.288028"><ele>1007.275</ele><time>2025-08-10T08:34:47.991Z</time></trkpt><trkpt lat="33.834748" lon="73.287976"><ele>1006.889</ele><time>2025-08-10T08:34:48.991Z</time></trkpt><trkpt lat="33.834690" lon="73.287925"><ele>1006.493</ele><time>2025-08-10T08:34:49.991Z</time></trkpt><trkpt lat="33.834638" lon="73.287890"><ele>1005.997</ele><time>2025-08-10T08:34:50.991Z</time></trkpt><trkpt lat="33.834562" lon="73.287859"><ele>1005.523</ele><time>2025-08-10T08:34:51.991Z</time></trkpt><trkpt lat="33.834496" lon="73.287830"><ele>1004.896</ele><time>2025-08-10T08:34:52.991Z</time></trkpt><trkpt lat="33.834429" lon="73.287793"><ele>1004.475</ele><time>2025-08-10T08:34:53.991Z</time></trkpt><trkpt lat="33.834366" lon="73.287754"><ele>1004.056</ele><time>2025-08-10T08:34:54.991Z</time></trkpt><trkpt lat="33.834307" lon="73.287732"><ele>1003.618</ele><time>2025-08-10T08:34:55.991Z</time></trkpt><trkpt lat="33.834248" lon="73.287722"><ele>1003.498</ele><time>2025-08-10T08:34:56.991Z</time></trkpt><trkpt lat="33.834191" lon="73.287724"><ele>1003.017</ele><time>2025-08-10T08:34:57.991Z</time></trkpt><trkpt lat="33.834128" lon="73.287723"><ele>1002.709</ele><time>2025-08-10T08:34:58.991Z</time></trkpt><trkpt lat="33.834069" lon="73.287715"><ele>1002.453</ele><time>2025-08-10T08:34:59.991Z</time></trkpt><trkpt lat="33.834017" lon="73.287702"><ele>1002.113</ele><time>2025-08-10T08:35:00.991Z</time></trkpt><trkpt lat="33.833949" lon="73.287672"><ele>1001.857</ele><time>2025-08-10T08:35:02.991Z</time></trkpt><trkpt lat="33.833879" lon="73.287632"><ele>1001.631</ele><time>2025-08-10T08:35:04.991Z</time></trkpt><trkpt lat="33.833829" lon="73.287606"><ele>1000.975</ele><time>2025-08-10T08:35:05.991Z</time></trkpt><trkpt lat="33.833775" lon="73.287578"><ele>1000.241</ele><time>2025-08-10T08:35:06.991Z</time></trkpt><trkpt lat="33.833721" lon="73.287542"><ele>1000.044</ele><time>2025-08-10T08:35:07.991Z</time></trkpt><trkpt lat="33.833671" lon="73.287508"><ele>999.933</ele><time>2025-08-10T08:35:08.991Z</time></trkpt><trkpt lat="33.833610" lon="73.287472"><ele>999.894</ele><time>2025-08-10T08:35:09.991Z</time></trkpt><trkpt lat="33.833556" lon="73.287435"><ele>999.869</ele><time>2025-08-10T08:35:10.991Z</time></trkpt><trkpt lat="33.833504" lon="73.287406"><ele>999.704</ele><time>2025-08-10T08:35:11.991Z</time></trkpt><trkpt lat="33.833446" lon="73.287368"><ele>999.524</ele><time>2025-08-10T08:35:12.991Z</time></trkpt><trkpt lat="33.833393" lon="73.287327"><ele>999.309</ele><time>2025-08-10T08:35:13.991Z</time></trkpt><trkpt lat="33.833337" lon="73.287281"><ele>999.178</ele><time>2025-08-10T08:35:14.991Z</time></trkpt><trkpt lat="33.833279" lon="73.287230"><ele>998.878</ele><time>2025-08-10T08:35:15.991Z</time></trkpt><trkpt lat="33.833221" lon="73.287187"><ele>998.342</ele><time>2025-08-10T08:35:16.991Z</time></trkpt><trkpt lat="33.833163" lon="73.287141"><ele>997.996</ele><time>2025-08-10T08:35:17.991Z</time></trkpt><trkpt lat="33.833103" lon="73.287092"><ele>997.670</ele><time>2025-08-10T08:35:18.991Z</time></trkpt><trkpt lat="33.833049" lon="73.287043"><ele>997.296</ele><time>2025-08-10T08:35:19.991Z</time></trkpt><trkpt lat="33.832991" lon="73.286985"><ele>996.839</ele><time>2025-08-10T08:35:20.991Z</time></trkpt><trkpt lat="33.832943" lon="73.286929"><ele>996.488</ele><time>2025-08-10T08:35:21.991Z</time></trkpt><trkpt lat="33.832904" lon="73.286890"><ele>996.229</ele><time>2025-08-10T08:35:22.991Z</time></trkpt><trkpt lat="33.832859" lon="73.286839"><ele>995.876</ele><time>2025-08-10T08:35:24.991Z</time></trkpt><trkpt lat="33.832810" lon="73.286758"><ele>995.490</ele><time>2025-08-10T08:35:26.991Z</time></trkpt><trkpt lat="33.832770" lon="73.286712"><ele>994.519</ele><time>2025-08-10T08:35:27.991Z</time></trkpt><trkpt lat="33.832729" lon="73.286666"><ele>993.509</ele><time>2025-08-10T08:35:28.991Z</time></trkpt><trkpt lat="33.832691" lon="73.286620"><ele>993.159</ele><time>2025-08-10T08:35:29.991Z</time></trkpt><trkpt lat="33.832627" lon="73.286545"><ele>992.849</ele><time>2025-08-10T08:35:31.991Z</time></trkpt><trkpt lat="33.832588" lon="73.286499"><ele>992.653</ele><time>2025-08-10T08:35:32.991Z</time></trkpt><trkpt lat="33.832564" lon="73.286450"><ele>992.337</ele><time>2025-08-10T08:35:33.991Z</time></trkpt><trkpt lat="33.832529" lon="73.286403"><ele>992.111</ele><time>2025-08-10T08:35:34.991Z</time></trkpt><trkpt lat="33.832488" lon="73.286350"><ele>991.917</ele><time>2025-08-10T08:35:35.991Z</time></trkpt><trkpt lat="33.832441" lon="73.286301"><ele>991.680</ele><time>2025-08-10T08:35:36.991Z</time></trkpt><trkpt lat="33.832403" lon="73.286246"><ele>991.359</ele><time>2025-08-10T08:35:37.991Z</time></trkpt><trkpt lat="33.832378" lon="73.286184"><ele>991.110</ele><time>2025-08-10T08:35:38.991Z</time></trkpt><trkpt lat="33.832364" lon="73.286102"><ele>990.953</ele><time>2025-08-10T08:35:39.991Z</time></trkpt><trkpt lat="33.832338" lon="73.286030"><ele>990.704</ele><time>2025-08-10T08:35:40.991Z</time></trkpt><trkpt lat="33.832323" lon="73.285957"><ele>990.514</ele><time>2025-08-10T08:35:41.991Z</time></trkpt><trkpt lat="33.832299" lon="73.285885"><ele>990.309</ele><time>2025-08-10T08:35:42.991Z</time></trkpt><trkpt lat="33.832265" lon="73.285816"><ele>990.017</ele><time>2025-08-10T08:35:43.991Z</time></trkpt><trkpt lat="33.832230" lon="73.285744"><ele>989.617</ele><time>2025-08-10T08:35:44.991Z</time></trkpt><trkpt lat="33.832202" lon="73.285673"><ele>989.351</ele><time>2025-08-10T08:35:45.991Z</time></trkpt><trkpt lat="33.832177" lon="73.285608"><ele>989.135</ele><time>2025-08-10T08:35:46.991Z</time></trkpt><trkpt lat="33.832144" lon="73.285544"><ele>988.839</ele><time>2025-08-10T08:35:47.991Z</time></trkpt><trkpt lat="33.832117" lon="73.285487"><ele>988.585</ele><time>2025-08-10T08:35:48.991Z</time></trkpt><trkpt lat="33.832092" lon="73.285435"><ele>988.298</ele><time>2025-08-10T08:35:49.991Z</time></trkpt><trkpt lat="33.832076" lon="73.285373"><ele>987.957</ele><time>2025-08-10T08:35:50.991Z</time></trkpt><trkpt lat="33.832058" lon="73.285311"><ele>987.488</ele><time>2025-08-10T08:35:51.991Z</time></trkpt><trkpt lat="33.832032" lon="73.285254"><ele>987.268</ele><time>2025-08-10T08:35:52.991Z</time></trkpt><trkpt lat="33.832001" lon="73.285206"><ele>986.842</ele><time>2025-08-10T08:35:53.991Z</time></trkpt><trkpt lat="33.831946" lon="73.285145"><ele>986.126</ele><time>2025-08-10T08:35:55.991Z</time></trkpt><trkpt lat="33.831906" lon="73.285116"><ele>985.709</ele><time>2025-08-10T08:35:56.991Z</time></trkpt><trkpt lat="33.831871" lon="73.285082"><ele>985.078</ele><time>2025-08-10T08:35:57.991Z</time></trkpt><trkpt lat="33.831832" lon="73.285053"><ele>984.898</ele><time>2025-08-10T08:35:58.991Z</time></trkpt><trkpt lat="33.831792" lon="73.285017"><ele>984.432</ele><time>2025-08-10T08:35:59.991Z</time></trkpt><trkpt lat="33.831720" lon="73.284969"><ele>984.196</ele><time>2025-08-10T08:36:01.991Z</time></trkpt><trkpt lat="33.831680" lon="73.284943"><ele>983.870</ele><time>2025-08-10T08:36:02.991Z</time></trkpt><trkpt lat="33.831634" lon="73.284922"><ele>983.116</ele><time>2025-08-10T08:36:03.991Z</time></trkpt><trkpt lat="33.831545" lon="73.284890"><ele>982.689</ele><time>2025-08-10T08:36:05.991Z</time></trkpt><trkpt lat="33.831492" lon="73.284849"><ele>982.458</ele><time>2025-08-10T08:36:06.991Z</time></trkpt><trkpt lat="33.831443" lon="73.284809"><ele>981.899</ele><time>2025-08-10T08:36:07.991Z</time></trkpt><trkpt lat="33.831382" lon="73.284777"><ele>981.659</ele><time>2025-08-10T08:36:08.991Z</time></trkpt><trkpt lat="33.831319" lon="73.284746"><ele>981.503</ele><time>2025-08-10T08:36:09.991Z</time></trkpt><trkpt lat="33.831250" lon="73.284735"><ele>981.523</ele><time>2025-08-10T08:36:10.991Z</time></trkpt><trkpt lat="33.831182" lon="73.284743"><ele>981.209</ele><time>2025-08-10T08:36:11.991Z</time></trkpt><trkpt lat="33.831115" lon="73.284746"><ele>981.017</ele><time>2025-08-10T08:36:12.991Z</time></trkpt><trkpt lat="33.831051" lon="73.284757"><ele>980.887</ele><time>2025-08-10T08:36:13.991Z</time></trkpt><trkpt lat="33.830987" lon="73.284760"><ele>980.451</ele><time>2025-08-10T08:36:14.991Z</time></trkpt><trkpt lat="33.830928" lon="73.284758"><ele>979.915</ele><time>2025-08-10T08:36:15.991Z</time></trkpt><trkpt lat="33.830869" lon="73.284758"><ele>979.549</ele><time>2025-08-10T08:36:16.991Z</time></trkpt><trkpt lat="33.830813" lon="73.284766"><ele>979.175</ele><time>2025-08-10T08:36:17.991Z</time></trkpt><trkpt lat="33.830757" lon="73.284773"><ele>978.858</ele><time>2025-08-10T08:36:18.991Z</time></trkpt><trkpt lat="33.830709" lon="73.284783"><ele>978.427</ele><time>2025-08-10T08:36:19.991Z</time></trkpt><trkpt lat="33.830662" lon="73.284807"><ele>977.928</ele><time>2025-08-10T08:36:20.991Z</time></trkpt><trkpt lat="33.830618" lon="73.284852"><ele>977.646</ele><time>2025-08-10T08:36:21.991Z</time></trkpt><trkpt lat="33.830578" lon="73.284912"><ele>976.888</ele><time>2025-08-10T08:36:22.991Z</time></trkpt><trkpt lat="33.830542" lon="73.284983"><ele>976.316</ele><time>2025-08-10T08:36:23.991Z</time></trkpt><trkpt lat="33.830511" lon="73.285064"><ele>975.909</ele><time>2025-08-10T08:36:24.991Z</time></trkpt><trkpt lat="33.830487" lon="73.285147"><ele>975.416</ele><time>2025-08-10T08:36:25.991Z</time></trkpt><trkpt lat="33.830475" lon="73.285233"><ele>975.246</ele><time>2025-08-10T08:36:26.991Z</time></trkpt><trkpt lat="33.830456" lon="73.285308"><ele>975.030</ele><time>2025-08-10T08:36:27.991Z</time></trkpt><trkpt lat="33.830440" lon="73.285383"><ele>974.844</ele><time>2025-08-10T08:36:28.991Z</time></trkpt><trkpt lat="33.830418" lon="73.285457"><ele>974.728</ele><time>2025-08-10T08:36:29.991Z</time></trkpt><trkpt lat="33.830396" lon="73.285530"><ele>974.574</ele><time>2025-08-10T08:36:30.991Z</time></trkpt><trkpt lat="33.830377" lon="73.285603"><ele>974.217</ele><time>2025-08-10T08:36:31.991Z</time></trkpt><trkpt lat="33.830355" lon="73.285682"><ele>973.966</ele><time>2025-08-10T08:36:32.991Z</time></trkpt><trkpt lat="33.830334" lon="73.285761"><ele>973.517</ele><time>2025-08-10T08:36:33.991Z</time></trkpt><trkpt lat="33.830311" lon="73.285842"><ele>973.014</ele><time>2025-08-10T08:36:34.991Z</time></trkpt><trkpt lat="33.830285" lon="73.285923"><ele>972.654</ele><time>2025-08-10T08:36:35.991Z</time></trkpt><trkpt lat="33.830252" lon="73.286010"><ele>972.109</ele><time>2025-08-10T08:36:36.991Z</time></trkpt><trkpt lat="33.830224" lon="73.286097"><ele>971.609</ele><time>2025-08-10T08:36:37.991Z</time></trkpt><trkpt lat="33.830201" lon="73.286184"><ele>971.233</ele><time>2025-08-10T08:36:38.991Z</time></trkpt><trkpt lat="33.830183" lon="73.286275"><ele>970.813</ele><time>2025-08-10T08:36:39.991Z</time></trkpt><trkpt lat="33.830173" lon="73.286359"><ele>970.387</ele><time>2025-08-10T08:36:40.991Z</time></trkpt><trkpt lat="33.830163" lon="73.286451"><ele>969.881</ele><time>2025-08-10T08:36:41.991Z</time></trkpt><trkpt lat="33.830156" lon="73.286544"><ele>969.385</ele><time>2025-08-10T08:36:42.991Z</time></trkpt><trkpt lat="33.830152" lon="73.286636"><ele>968.821</ele><time>2025-08-10T08:36:43.991Z</time></trkpt><trkpt lat="33.830149" lon="73.286728"><ele>968.334</ele><time>2025-08-10T08:36:44.991Z</time></trkpt><trkpt lat="33.830157" lon="73.286813"><ele>967.893</ele><time>2025-08-10T08:36:45.991Z</time></trkpt><trkpt lat="33.830153" lon="73.286900"><ele>967.334</ele><time>2025-08-10T08:36:46.991Z</time></trkpt><trkpt lat="33.830158" lon="73.286972"><ele>966.885</ele><time>2025-08-10T08:36:47.991Z</time></trkpt><trkpt lat="33.830156" lon="73.287046"><ele>966.689</ele><time>2025-08-10T08:36:48.990Z</time></trkpt><trkpt lat="33.830157" lon="73.287115"><ele>966.317</ele><time>2025-08-10T08:36:49.990Z</time></trkpt><trkpt lat="33.830162" lon="73.287187"><ele>966.009</ele><time>2025-08-10T08:36:50.990Z</time></trkpt><trkpt lat="33.830148" lon="73.287249"><ele>965.840</ele><time>2025-08-10T08:36:51.991Z</time></trkpt><trkpt lat="33.830124" lon="73.287302"><ele>965.660</ele><time>2025-08-10T08:36:52.990Z</time></trkpt><trkpt lat="33.830084" lon="73.287342"><ele>965.454</ele><time>2025-08-10T08:36:53.990Z</time></trkpt><trkpt lat="33.830038" lon="73.287363"><ele>965.258</ele><time>2025-08-10T08:36:54.990Z</time></trkpt><trkpt lat="33.829990" lon="73.287365"><ele>964.922</ele><time>2025-08-10T08:36:55.990Z</time></trkpt><trkpt lat="33.829935" lon="73.287353"><ele>964.788</ele><time>2025-08-10T08:36:56.990Z</time></trkpt><trkpt lat="33.829894" lon="73.287328"><ele>964.611</ele><time>2025-08-10T08:36:57.990Z</time></trkpt><trkpt lat="33.829861" lon="73.287277"><ele>964.580</ele><time>2025-08-10T08:36:58.990Z</time></trkpt><trkpt lat="33.829846" lon="73.287203"><ele>964.331</ele><time>2025-08-10T08:36:59.990Z</time></trkpt><trkpt lat="33.829846" lon="73.287112"><ele>963.881</ele><time>2025-08-10T08:37:00.990Z</time></trkpt><trkpt lat="33.829845" lon="73.287019"><ele>963.261</ele><time>2025-08-10T08:37:01.990Z</time></trkpt><trkpt lat="33.829845" lon="73.286928"><ele>962.917</ele><time>2025-08-10T08:37:02.990Z</time></trkpt><trkpt lat="33.829849" lon="73.286843"><ele>962.609</ele><time>2025-08-10T08:37:03.990Z</time></trkpt><trkpt lat="33.829855" lon="73.286756"><ele>962.340</ele><time>2025-08-10T08:37:04.990Z</time></trkpt><trkpt lat="33.829855" lon="73.286675"><ele>962.150</ele><time>2025-08-10T08:37:05.990Z</time></trkpt><trkpt lat="33.829845" lon="73.286593"><ele>961.864</ele><time>2025-08-10T08:37:06.990Z</time></trkpt><trkpt lat="33.829852" lon="73.286512"><ele>961.558</ele><time>2025-08-10T08:37:07.990Z</time></trkpt><trkpt lat="33.829865" lon="73.286428"><ele>961.272</ele><time>2025-08-10T08:37:08.990Z</time></trkpt><trkpt lat="33.829877" lon="73.286354"><ele>960.978</ele><time>2025-08-10T08:37:09.990Z</time></trkpt><trkpt lat="33.829884" lon="73.286284"><ele>960.741</ele><time>2025-08-10T08:37:10.990Z</time></trkpt><trkpt lat="33.829891" lon="73.286228"><ele>960.470</ele><time>2025-08-10T08:37:11.990Z</time></trkpt><trkpt lat="33.829898" lon="73.286144"><ele>960.051</ele><time>2025-08-10T08:37:13.990Z</time></trkpt><trkpt lat="33.829856" lon="73.286074"><ele>959.513</ele><time>2025-08-10T08:37:15.990Z</time></trkpt><trkpt lat="33.829773" lon="73.286109"><ele>958.243</ele><time>2025-08-10T08:37:17.990Z</time></trkpt><trkpt lat="33.829756" lon="73.286202"><ele>957.407</ele><time>2025-08-10T08:37:19.990Z</time></trkpt><trkpt lat="33.829750" lon="73.286314"><ele>956.709</ele><time>2025-08-10T08:37:21.990Z</time></trkpt><trkpt lat="33.829742" lon="73.286384"><ele>956.123</ele><time>2025-08-10T08:37:22.990Z</time></trkpt><trkpt lat="33.829738" lon="73.286462"><ele>955.723</ele><time>2025-08-10T08:37:23.990Z</time></trkpt><trkpt lat="33.829734" lon="73.286533"><ele>955.577</ele><time>2025-08-10T08:37:24.990Z</time></trkpt><trkpt lat="33.829724" lon="73.286602"><ele>955.471</ele><time>2025-08-10T08:37:25.990Z</time></trkpt><trkpt lat="33.829704" lon="73.286669"><ele>955.275</ele><time>2025-08-10T08:37:26.990Z</time></trkpt><trkpt lat="33.829691" lon="73.286730"><ele>955.021</ele><time>2025-08-10T08:37:27.990Z</time></trkpt><trkpt lat="33.829674" lon="73.286802"><ele>954.944</ele><time>2025-08-10T08:37:28.990Z</time></trkpt><trkpt lat="33.829661" lon="73.286874"><ele>954.773</ele><time>2025-08-10T08:37:29.990Z</time></trkpt><trkpt lat="33.829641" lon="73.286941"><ele>954.434</ele><time>2025-08-10T08:37:30.990Z</time></trkpt><trkpt lat="33.829624" lon="73.287014"><ele>954.173</ele><time>2025-08-10T08:37:31.990Z</time></trkpt><trkpt lat="33.829616" lon="73.287086"><ele>953.985</ele><time>2025-08-10T08:37:32.990Z</time></trkpt><trkpt lat="33.829620" lon="73.287162"><ele>953.613</ele><time>2025-08-10T08:37:33.990Z</time></trkpt><trkpt lat="33.829624" lon="73.287244"><ele>953.209</ele><time>2025-08-10T08:37:34.990Z</time></trkpt><trkpt lat="33.829629" lon="73.287328"><ele>953.059</ele><time>2025-08-10T08:37:35.990Z</time></trkpt><trkpt lat="33.829639" lon="73.287422"><ele>952.699</ele><time>2025-08-10T08:37:36.990Z</time></trkpt><trkpt lat="33.829642" lon="73.287501"><ele>952.453</ele><time>2025-08-10T08:37:37.990Z</time></trkpt><trkpt lat="33.829638" lon="73.287589"><ele>952.277</ele><time>2025-08-10T08:37:38.990Z</time></trkpt><trkpt lat="33.829634" lon="73.287673"><ele>951.971</ele><time>2025-08-10T08:37:39.990Z</time></trkpt><trkpt lat="33.829624" lon="73.287755"><ele>951.637</ele><time>2025-08-10T08:37:40.990Z</time></trkpt><trkpt lat="33.829606" lon="73.287823"><ele>951.380</ele><time>2025-08-10T08:37:41.990Z</time></trkpt><trkpt lat="33.829571" lon="73.287888"><ele>951.299</ele><time>2025-08-10T08:37:42.990Z</time></trkpt><trkpt lat="33.829532" lon="73.287943"><ele>950.820</ele><time>2025-08-10T08:37:43.990Z</time></trkpt><trkpt lat="33.829472" lon="73.287989"><ele>950.557</ele><time>2025-08-10T08:37:44.990Z</time></trkpt><trkpt lat="33.829416" lon="73.288024"><ele>950.200</ele><time>2025-08-10T08:37:45.990Z</time></trkpt><trkpt lat="33.829350" lon="73.288047"><ele>949.920</ele><time>2025-08-10T08:37:46.990Z</time></trkpt><trkpt lat="33.829277" lon="73.288061"><ele>949.509</ele><time>2025-08-10T08:37:47.990Z</time></trkpt><trkpt lat="33.829204" lon="73.288067"><ele>949.217</ele><time>2025-08-10T08:37:48.990Z</time></trkpt><trkpt lat="33.829130" lon="73.288078"><ele>948.987</ele><time>2025-08-10T08:37:49.990Z</time></trkpt><trkpt lat="33.829055" lon="73.288079"><ele>948.631</ele><time>2025-08-10T08:37:50.990Z</time></trkpt><trkpt lat="33.828983" lon="73.288068"><ele>948.335</ele><time>2025-08-10T08:37:51.990Z</time></trkpt><trkpt lat="33.828908" lon="73.288056"><ele>948.049</ele><time>2025-08-10T08:37:52.990Z</time></trkpt><trkpt lat="33.828830" lon="73.288040"><ele>947.715</ele><time>2025-08-10T08:37:53.990Z</time></trkpt><trkpt lat="33.828771" lon="73.288038"><ele>947.438</ele><time>2025-08-10T08:37:54.990Z</time></trkpt><trkpt lat="33.828705" lon="73.288003"><ele>947.167</ele><time>2025-08-10T08:37:55.990Z</time></trkpt><trkpt lat="33.828645" lon="73.287941"><ele>946.778</ele><time>2025-08-10T08:37:56.990Z</time></trkpt><trkpt lat="33.828582" lon="73.287862"><ele>946.385</ele><time>2025-08-10T08:37:57.990Z</time></trkpt><trkpt lat="33.828523" lon="73.287799"><ele>945.989</ele><time>2025-08-10T08:37:58.990Z</time></trkpt><trkpt lat="33.828465" lon="73.287723"><ele>945.517</ele><time>2025-08-10T08:37:59.990Z</time></trkpt><trkpt lat="33.828399" lon="73.287662"><ele>945.009</ele><time>2025-08-10T08:38:00.990Z</time></trkpt><trkpt lat="33.828335" lon="73.287583"><ele>944.430</ele><time>2025-08-10T08:38:01.990Z</time></trkpt><trkpt lat="33.828278" lon="73.287498"><ele>943.830</ele><time>2025-08-10T08:38:02.990Z</time></trkpt><trkpt lat="33.828218" lon="73.287427"><ele>943.184</ele><time>2025-08-10T08:38:03.990Z</time></trkpt><trkpt lat="33.828161" lon="73.287357"><ele>942.518</ele><time>2025-08-10T08:38:04.990Z</time></trkpt><trkpt lat="33.828106" lon="73.287297"><ele>941.992</ele><time>2025-08-10T08:38:05.990Z</time></trkpt><trkpt lat="33.828051" lon="73.287247"><ele>941.458</ele><time>2025-08-10T08:38:06.990Z</time></trkpt><trkpt lat="33.828004" lon="73.287180"><ele>941.041</ele><time>2025-08-10T08:38:07.990Z</time></trkpt><trkpt lat="33.827972" lon="73.287103"><ele>940.660</ele><time>2025-08-10T08:38:08.990Z</time></trkpt><trkpt lat="33.827931" lon="73.287018"><ele>940.361</ele><time>2025-08-10T08:38:09.990Z</time></trkpt><trkpt lat="33.827887" lon="73.286940"><ele>940.057</ele><time>2025-08-10T08:38:10.990Z</time></trkpt><trkpt lat="33.827857" lon="73.286844"><ele>939.700</ele><time>2025-08-10T08:38:11.990Z</time></trkpt><trkpt lat="33.827832" lon="73.286755"><ele>939.520</ele><time>2025-08-10T08:38:12.990Z</time></trkpt><trkpt lat="33.827782" lon="73.286673"><ele>939.309</ele><time>2025-08-10T08:38:13.990Z</time></trkpt><trkpt lat="33.827727" lon="73.286603"><ele>939.097</ele><time>2025-08-10T08:38:14.990Z</time></trkpt><trkpt lat="33.827678" lon="73.286524"><ele>938.757</ele><time>2025-08-10T08:38:15.990Z</time></trkpt><trkpt lat="33.827630" lon="73.286448"><ele>938.421</ele><time>2025-08-10T08:38:16.990Z</time></trkpt><trkpt lat="33.827581" lon="73.286373"><ele>938.065</ele><time>2025-08-10T08:38:17.990Z</time></trkpt><trkpt lat="33.827516" lon="73.286308"><ele>937.699</ele><time>2025-08-10T08:38:18.990Z</time></trkpt><trkpt lat="33.827452" lon="73.286255"><ele>937.375</ele><time>2025-08-10T08:38:19.990Z</time></trkpt><trkpt lat="33.827382" lon="73.286213"><ele>937.038</ele><time>2025-08-10T08:38:20.990Z</time></trkpt><trkpt lat="33.827305" lon="73.286183"><ele>936.787</ele><time>2025-08-10T08:38:21.990Z</time></trkpt><trkpt lat="33.827232" lon="73.286153"><ele>936.468</ele><time>2025-08-10T08:38:22.990Z</time></trkpt><trkpt lat="33.827163" lon="73.286118"><ele>936.174</ele><time>2025-08-10T08:38:23.990Z</time></trkpt><trkpt lat="33.827100" lon="73.286091"><ele>935.756</ele><time>2025-08-10T08:38:24.990Z</time></trkpt><trkpt lat="33.827043" lon="73.286062"><ele>935.221</ele><time>2025-08-10T08:38:25.990Z</time></trkpt><trkpt lat="33.826986" lon="73.286031"><ele>934.909</ele><time>2025-08-10T08:38:26.990Z</time></trkpt><trkpt lat="33.826925" lon="73.285991"><ele>934.369</ele><time>2025-08-10T08:38:27.990Z</time></trkpt><trkpt lat="33.826860" lon="73.285971"><ele>933.779</ele><time>2025-08-10T08:38:28.990Z</time></trkpt><trkpt lat="33.826795" lon="73.285963"><ele>933.113</ele><time>2025-08-10T08:38:29.990Z</time></trkpt><trkpt lat="33.826727" lon="73.285966"><ele>932.647</ele><time>2025-08-10T08:38:30.990Z</time></trkpt><trkpt lat="33.826660" lon="73.285977"><ele>932.151</ele><time>2025-08-10T08:38:31.990Z</time></trkpt><trkpt lat="33.826593" lon="73.285986"><ele>931.857</ele><time>2025-08-10T08:38:32.990Z</time></trkpt><trkpt lat="33.826529" lon="73.286003"><ele>931.560</ele><time>2025-08-10T08:38:33.990Z</time></trkpt><trkpt lat="33.826460" lon="73.286012"><ele>931.159</ele><time>2025-08-10T08:38:34.990Z</time></trkpt><trkpt lat="33.826398" lon="73.286033"><ele>930.650</ele><time>2025-08-10T08:38:35.990Z</time></trkpt><trkpt lat="33.826337" lon="73.286049"><ele>930.263</ele><time>2025-08-10T08:38:36.990Z</time></trkpt><trkpt lat="33.826284" lon="73.286054"><ele>929.944</ele><time>2025-08-10T08:38:37.990Z</time></trkpt><trkpt lat="33.826233" lon="73.286041"><ele>929.618</ele><time>2025-08-10T08:38:38.990Z</time></trkpt><trkpt lat="33.826188" lon="73.286012"><ele>929.309</ele><time>2025-08-10T08:38:39.990Z</time></trkpt><trkpt lat="33.826143" lon="73.285956"><ele>929.118</ele><time>2025-08-10T08:38:40.990Z</time></trkpt><trkpt lat="33.826107" lon="73.285888"><ele>928.958</ele><time>2025-08-10T08:38:41.990Z</time></trkpt><trkpt lat="33.826080" lon="73.285818"><ele>928.672</ele><time>2025-08-10T08:38:42.990Z</time></trkpt><trkpt lat="33.826068" lon="73.285737"><ele>928.366</ele><time>2025-08-10T08:38:43.990Z</time></trkpt><trkpt lat="33.826046" lon="73.285647"><ele>927.990</ele><time>2025-08-10T08:38:44.990Z</time></trkpt><trkpt lat="33.826027" lon="73.285558"><ele>927.626</ele><time>2025-08-10T08:38:45.990Z</time></trkpt><trkpt lat="33.825996" lon="73.285478"><ele>927.329</ele><time>2025-08-10T08:38:46.990Z</time></trkpt><trkpt lat="33.825963" lon="73.285402"><ele>927.078</ele><time>2025-08-10T08:38:47.990Z</time></trkpt><trkpt lat="33.825911" lon="73.285330"><ele>926.729</ele><time>2025-08-10T08:38:48.990Z</time></trkpt><trkpt lat="33.825874" lon="73.285256"><ele>926.472</ele><time>2025-08-10T08:38:49.990Z</time></trkpt><trkpt lat="33.825847" lon="73.285177"><ele>926.113</ele><time>2025-08-10T08:38:50.990Z</time></trkpt><trkpt lat="33.825811" lon="73.285104"><ele>925.814</ele><time>2025-08-10T08:38:51.990Z</time></trkpt><trkpt lat="33.825779" lon="73.285029"><ele>925.609</ele><time>2025-08-10T08:38:52.990Z</time></trkpt><trkpt lat="33.825745" lon="73.284956"><ele>925.469</ele><time>2025-08-10T08:38:53.990Z</time></trkpt><trkpt lat="33.825705" lon="73.284877"><ele>925.299</ele><time>2025-08-10T08:38:54.990Z</time></trkpt><trkpt lat="33.825667" lon="73.284796"><ele>924.973</ele><time>2025-08-10T08:38:55.989Z</time></trkpt><trkpt lat="33.825636" lon="73.284715"><ele>924.657</ele><time>2025-08-10T08:38:56.989Z</time></trkpt><trkpt lat="33.825601" lon="73.284635"><ele>924.341</ele><time>2025-08-10T08:38:57.989Z</time></trkpt><trkpt lat="33.825579" lon="73.284551"><ele>924.097</ele><time>2025-08-10T08:38:58.988Z</time></trkpt><trkpt lat="33.825561" lon="73.284465"><ele>923.660</ele><time>2025-08-10T08:38:59.988Z</time></trkpt><trkpt lat="33.825546" lon="73.284388"><ele>923.279</ele><time>2025-08-10T08:39:00.989Z</time></trkpt><trkpt lat="33.825532" lon="73.284316"><ele>922.830</ele><time>2025-08-10T08:39:01.989Z</time></trkpt><trkpt lat="33.825514" lon="73.284245"><ele>922.623</ele><time>2025-08-10T08:39:02.989Z</time></trkpt><trkpt lat="33.825481" lon="73.284179"><ele>922.183</ele><time>2025-08-10T08:39:03.989Z</time></trkpt><trkpt lat="33.825443" lon="73.284116"><ele>921.611</ele><time>2025-08-10T08:39:04.989Z</time></trkpt><trkpt lat="33.825393" lon="73.284057"><ele>921.209</ele><time>2025-08-10T08:39:05.989Z</time></trkpt><trkpt lat="33.825341" lon="73.284003"><ele>920.724</ele><time>2025-08-10T08:39:06.989Z</time></trkpt><trkpt lat="33.825284" lon="73.283951"><ele>920.034</ele><time>2025-08-10T08:39:07.989Z</time></trkpt><trkpt lat="33.825232" lon="73.283892"><ele>919.698</ele><time>2025-08-10T08:39:08.989Z</time></trkpt><trkpt lat="33.825174" lon="73.283828"><ele>919.352</ele><time>2025-08-10T08:39:09.989Z</time></trkpt><trkpt lat="33.825124" lon="73.283761"><ele>919.096</ele><time>2025-08-10T08:39:10.989Z</time></trkpt><trkpt lat="33.825073" lon="73.283690"><ele>918.872</ele><time>2025-08-10T08:39:11.989Z</time></trkpt><trkpt lat="33.825021" lon="73.283617"><ele>918.635</ele><time>2025-08-10T08:39:12.989Z</time></trkpt><trkpt lat="33.824973" lon="73.283542"><ele>918.424</ele><time>2025-08-10T08:39:13.989Z</time></trkpt><trkpt lat="33.824921" lon="73.283472"><ele>918.165</ele><time>2025-08-10T08:39:14.989Z</time></trkpt><trkpt lat="33.824869" lon="73.283404"><ele>917.722</ele><time>2025-08-10T08:39:15.989Z</time></trkpt><trkpt lat="33.824822" lon="73.283334"><ele>917.462</ele><time>2025-08-10T08:39:16.989Z</time></trkpt><trkpt lat="33.824773" lon="73.283269"><ele>917.008</ele><time>2025-08-10T08:39:17.989Z</time></trkpt><trkpt lat="33.824726" lon="73.283193"><ele>916.609</ele><time>2025-08-10T08:39:18.989Z</time></trkpt><trkpt lat="33.824675" lon="73.283117"><ele>916.244</ele><time>2025-08-10T08:39:19.989Z</time></trkpt><trkpt lat="33.824628" lon="73.283040"><ele>915.874</ele><time>2025-08-10T08:39:20.989Z</time></trkpt><trkpt lat="33.824576" lon="73.282969"><ele>915.488</ele><time>2025-08-10T08:39:21.989Z</time></trkpt><trkpt lat="33.824531" lon="73.282890"><ele>915.162</ele><time>2025-08-10T08:39:22.989Z</time></trkpt><trkpt lat="33.824467" lon="73.282822"><ele>914.976</ele><time>2025-08-10T08:39:23.989Z</time></trkpt><trkpt lat="33.824414" lon="73.282756"><ele>914.712</ele><time>2025-08-10T08:39:24.989Z</time></trkpt><trkpt lat="33.824375" lon="73.282662"><ele>914.585</ele><time>2025-08-10T08:39:25.989Z</time></trkpt><trkpt lat="33.824316" lon="73.282588"><ele>914.264</ele><time>2025-08-10T08:39:26.989Z</time></trkpt><trkpt lat="33.824259" lon="73.282507"><ele>913.845</ele><time>2025-08-10T08:39:27.989Z</time></trkpt><trkpt lat="33.824190" lon="73.282436"><ele>913.372</ele><time>2025-08-10T08:39:28.989Z</time></trkpt><trkpt lat="33.824120" lon="73.282372"><ele>912.813</ele><time>2025-08-10T08:39:29.989Z</time></trkpt><trkpt lat="33.824052" lon="73.282301"><ele>912.314</ele><time>2025-08-10T08:39:30.989Z</time></trkpt><trkpt lat="33.823981" lon="73.282240"><ele>911.809</ele><time>2025-08-10T08:39:31.989Z</time></trkpt><trkpt lat="33.823917" lon="73.282188"><ele>911.469</ele><time>2025-08-10T08:39:32.989Z</time></trkpt><trkpt lat="33.823865" lon="73.282141"><ele>911.069</ele><time>2025-08-10T08:39:33.989Z</time></trkpt><trkpt lat="33.823817" lon="73.282074"><ele>910.593</ele><time>2025-08-10T08:39:34.989Z</time></trkpt><trkpt lat="33.823778" lon="73.281995"><ele>910.077</ele><time>2025-08-10T08:39:35.989Z</time></trkpt><trkpt lat="33.823743" lon="73.281907"><ele>909.691</ele><time>2025-08-10T08:39:36.989Z</time></trkpt><trkpt lat="33.823712" lon="73.281813"><ele>909.237</ele><time>2025-08-10T08:39:37.989Z</time></trkpt><trkpt lat="33.823681" lon="73.281718"><ele>908.850</ele><time>2025-08-10T08:39:38.989Z</time></trkpt><trkpt lat="33.823656" lon="73.281618"><ele>908.489</ele><time>2025-08-10T08:39:39.989Z</time></trkpt><trkpt lat="33.823637" lon="73.281520"><ele>908.070</ele><time>2025-08-10T08:39:40.989Z</time></trkpt><trkpt lat="33.823617" lon="73.281416"><ele>907.667</ele><time>2025-08-10T08:39:41.989Z</time></trkpt><trkpt lat="33.823592" lon="73.281314"><ele>907.181</ele><time>2025-08-10T08:39:42.989Z</time></trkpt><trkpt lat="33.823573" lon="73.281219"><ele>906.619</ele><time>2025-08-10T08:39:43.989Z</time></trkpt><trkpt lat="33.823560" lon="73.281139"><ele>906.109</ele><time>2025-08-10T08:39:44.989Z</time></trkpt><trkpt lat="33.823556" lon="73.281067"><ele>905.698</ele><time>2025-08-10T08:39:45.989Z</time></trkpt><trkpt lat="33.823565" lon="73.280997"><ele>905.358</ele><time>2025-08-10T08:39:46.989Z</time></trkpt><trkpt lat="33.823568" lon="73.280934"><ele>904.982</ele><time>2025-08-10T08:39:47.989Z</time></trkpt><trkpt lat="33.823577" lon="73.280867"><ele>904.476</ele><time>2025-08-10T08:39:48.989Z</time></trkpt><trkpt lat="33.823593" lon="73.280796"><ele>904.040</ele><time>2025-08-10T08:39:49.989Z</time></trkpt><trkpt lat="33.823605" lon="73.280729"><ele>903.696</ele><time>2025-08-10T08:39:50.989Z</time></trkpt><trkpt lat="33.823620" lon="73.280672"><ele>903.329</ele><time>2025-08-10T08:39:51.989Z</time></trkpt><trkpt lat="33.823623" lon="73.280615"><ele>903.028</ele><time>2025-08-10T08:39:52.989Z</time></trkpt><trkpt lat="33.823621" lon="73.280505"><ele>902.739</ele><time>2025-08-10T08:39:54.989Z</time></trkpt><trkpt lat="33.823609" lon="73.280446"><ele>902.442</ele><time>2025-08-10T08:39:55.989Z</time></trkpt><trkpt lat="33.823585" lon="73.280385"><ele>901.722</ele><time>2025-08-10T08:39:56.989Z</time></trkpt><trkpt lat="33.823556" lon="73.280333"><ele>901.314</ele><time>2025-08-10T08:39:57.989Z</time></trkpt><trkpt lat="33.823515" lon="73.280297"><ele>901.009</ele><time>2025-08-10T08:39:58.989Z</time></trkpt><trkpt lat="33.823482" lon="73.280252"><ele>900.956</ele><time>2025-08-10T08:39:59.989Z</time></trkpt><trkpt lat="33.823442" lon="73.280171"><ele>900.536</ele><time>2025-08-10T08:40:01.989Z</time></trkpt><trkpt lat="33.823418" lon="73.280117"><ele>900.390</ele><time>2025-08-10T08:40:02.989Z</time></trkpt><trkpt lat="33.823379" lon="73.280054"><ele>899.814</ele><time>2025-08-10T08:40:03.989Z</time></trkpt><trkpt lat="33.823331" lon="73.279989"><ele>899.528</ele><time>2025-08-10T08:40:04.989Z</time></trkpt><trkpt lat="33.823295" lon="73.279928"><ele>899.314</ele><time>2025-08-10T08:40:05.989Z</time></trkpt><trkpt lat="33.823260" lon="73.279863"><ele>899.397</ele><time>2025-08-10T08:40:06.989Z</time></trkpt><trkpt lat="33.823226" lon="73.279796"><ele>899.266</ele><time>2025-08-10T08:40:07.989Z</time></trkpt><trkpt lat="33.823190" lon="73.279728"><ele>899.127</ele><time>2025-08-10T08:40:08.989Z</time></trkpt><trkpt lat="33.823144" lon="73.279669"><ele>898.956</ele><time>2025-08-10T08:40:09.989Z</time></trkpt><trkpt lat="33.823095" lon="73.279613"><ele>898.659</ele><time>2025-08-10T08:40:10.989Z</time></trkpt><trkpt lat="33.823049" lon="73.279558"><ele>898.214</ele><time>2025-08-10T08:40:11.989Z</time></trkpt><trkpt lat="33.823002" lon="73.279492"><ele>897.509</ele><time>2025-08-10T08:40:12.989Z</time></trkpt><trkpt lat="33.822963" lon="73.279425"><ele>897.227</ele><time>2025-08-10T08:40:13.989Z</time></trkpt><trkpt lat="33.822933" lon="73.279358"><ele>897.197</ele><time>2025-08-10T08:40:14.989Z</time></trkpt><trkpt lat="33.822912" lon="73.279307"><ele>896.871</ele><time>2025-08-10T08:40:15.989Z</time></trkpt><trkpt lat="33.822884" lon="73.279250"><ele>896.665</ele><time>2025-08-10T08:40:16.989Z</time></trkpt><trkpt lat="33.822852" lon="73.279181"><ele>895.729</ele><time>2025-08-10T08:40:17.989Z</time></trkpt><trkpt lat="33.822826" lon="73.279112"><ele>895.765</ele><time>2025-08-10T08:40:18.989Z</time></trkpt><trkpt lat="33.822794" lon="73.279044"><ele>895.378</ele><time>2025-08-10T08:40:19.989Z</time></trkpt><trkpt lat="33.822762" lon="73.278969"><ele>894.967</ele><time>2025-08-10T08:40:20.989Z</time></trkpt><trkpt lat="33.822711" lon="73.278908"><ele>894.478</ele><time>2025-08-10T08:40:21.989Z</time></trkpt><trkpt lat="33.822655" lon="73.278848"><ele>893.982</ele><time>2025-08-10T08:40:22.989Z</time></trkpt><trkpt lat="33.822608" lon="73.278782"><ele>893.643</ele><time>2025-08-10T08:40:23.989Z</time></trkpt><trkpt lat="33.822547" lon="73.278709"><ele>893.417</ele><time>2025-08-10T08:40:24.989Z</time></trkpt><trkpt lat="33.822488" lon="73.278639"><ele>893.409</ele><time>2025-08-10T08:40:25.989Z</time></trkpt><trkpt lat="33.822432" lon="73.278562"><ele>893.490</ele><time>2025-08-10T08:40:26.989Z</time></trkpt><trkpt lat="33.822386" lon="73.278488"><ele>893.410</ele><time>2025-08-10T08:40:27.989Z</time></trkpt><trkpt lat="33.822339" lon="73.278409"><ele>893.474</ele><time>2025-08-10T08:40:28.989Z</time></trkpt><trkpt lat="33.822297" lon="73.278326"><ele>893.238</ele><time>2025-08-10T08:40:29.989Z</time></trkpt><trkpt lat="33.822244" lon="73.278247"><ele>892.982</ele><time>2025-08-10T08:40:30.989Z</time></trkpt><trkpt lat="33.822190" lon="73.278171"><ele>892.458</ele><time>2025-08-10T08:40:31.989Z</time></trkpt><trkpt lat="33.822126" lon="73.278100"><ele>891.861</ele><time>2025-08-10T08:40:32.989Z</time></trkpt><trkpt lat="33.822058" lon="73.278042"><ele>891.390</ele><time>2025-08-10T08:40:33.989Z</time></trkpt><trkpt lat="33.821989" lon="73.277974"><ele>890.871</ele><time>2025-08-10T08:40:34.989Z</time></trkpt><trkpt lat="33.821920" lon="73.277914"><ele>890.396</ele><time>2025-08-10T08:40:35.989Z</time></trkpt><trkpt lat="33.821854" lon="73.277862"><ele>889.831</ele><time>2025-08-10T08:40:36.989Z</time></trkpt><trkpt lat="33.821781" lon="73.277811"><ele>889.424</ele><time>2025-08-10T08:40:37.989Z</time></trkpt><trkpt lat="33.821708" lon="73.277751"><ele>888.909</ele><time>2025-08-10T08:40:38.989Z</time></trkpt><trkpt lat="33.821633" lon="73.277687"><ele>888.311</ele><time>2025-08-10T08:40:39.989Z</time></trkpt><trkpt lat="33.821557" lon="73.277630"><ele>887.981</ele><time>2025-08-10T08:40:40.989Z</time></trkpt><trkpt lat="33.821487" lon="73.277584"><ele>887.745</ele><time>2025-08-10T08:40:41.989Z</time></trkpt><trkpt lat="33.821416" lon="73.277539"><ele>887.589</ele><time>2025-08-10T08:40:42.989Z</time></trkpt><trkpt lat="33.821338" lon="73.277491"><ele>887.263</ele><time>2025-08-10T08:40:43.989Z</time></trkpt><trkpt lat="33.821268" lon="73.277449"><ele>886.969</ele><time>2025-08-10T08:40:44.989Z</time></trkpt><trkpt lat="33.821188" lon="73.277395"><ele>886.522</ele><time>2025-08-10T08:40:45.989Z</time></trkpt><trkpt lat="33.821101" lon="73.277353"><ele>885.991</ele><time>2025-08-10T08:40:46.989Z</time></trkpt><trkpt lat="33.821008" lon="73.277316"><ele>884.912</ele><time>2025-08-10T08:40:47.989Z</time></trkpt><trkpt lat="33.820914" lon="73.277280"><ele>884.526</ele><time>2025-08-10T08:40:48.989Z</time></trkpt><trkpt lat="33.820831" lon="73.277246"><ele>884.147</ele><time>2025-08-10T08:40:49.989Z</time></trkpt><trkpt lat="33.820739" lon="73.277209"><ele>884.111</ele><time>2025-08-10T08:40:50.989Z</time></trkpt><trkpt lat="33.820657" lon="73.277172"><ele>884.109</ele><time>2025-08-10T08:40:51.989Z</time></trkpt><trkpt lat="33.820568" lon="73.277133"><ele>884.264</ele><time>2025-08-10T08:40:52.989Z</time></trkpt><trkpt lat="33.820482" lon="73.277094"><ele>884.284</ele><time>2025-08-10T08:40:53.989Z</time></trkpt><trkpt lat="33.820394" lon="73.277053"><ele>884.448</ele><time>2025-08-10T08:40:54.989Z</time></trkpt><trkpt lat="33.820307" lon="73.277019"><ele>884.432</ele><time>2025-08-10T08:40:55.989Z</time></trkpt><trkpt lat="33.820216" lon="73.276982"><ele>884.456</ele><time>2025-08-10T08:40:56.989Z</time></trkpt><trkpt lat="33.820116" lon="73.276955"><ele>884.412</ele><time>2025-08-10T08:40:57.989Z</time></trkpt><trkpt lat="33.820013" lon="73.276935"><ele>884.455</ele><time>2025-08-10T08:40:58.989Z</time></trkpt><trkpt lat="33.819910" lon="73.276910"><ele>884.494</ele><time>2025-08-10T08:40:59.989Z</time></trkpt><trkpt lat="33.819807" lon="73.276880"><ele>884.435</ele><time>2025-08-10T08:41:00.989Z</time></trkpt><trkpt lat="33.819706" lon="73.276875"><ele>884.435</ele><time>2025-08-10T08:41:01.988Z</time></trkpt><trkpt lat="33.819607" lon="73.276864"><ele>884.786</ele><time>2025-08-10T08:41:02.988Z</time></trkpt><trkpt lat="33.819510" lon="73.276846"><ele>885.214</ele><time>2025-08-10T08:41:03.988Z</time></trkpt><trkpt lat="33.819416" lon="73.276832"><ele>885.709</ele><time>2025-08-10T08:41:04.988Z</time></trkpt><trkpt lat="33.819329" lon="73.276811"><ele>886.065</ele><time>2025-08-10T08:41:05.988Z</time></trkpt><trkpt lat="33.819249" lon="73.276794"><ele>886.225</ele><time>2025-08-10T08:41:06.988Z</time></trkpt><trkpt lat="33.819168" lon="73.276774"><ele>886.479</ele><time>2025-08-10T08:41:07.988Z</time></trkpt><trkpt lat="33.819091" lon="73.276754"><ele>886.593</ele><time>2025-08-10T08:41:08.988Z</time></trkpt><trkpt lat="33.819015" lon="73.276734"><ele>886.617</ele><time>2025-08-10T08:41:09.988Z</time></trkpt><trkpt lat="33.818935" lon="73.276713"><ele>886.873</ele><time>2025-08-10T08:41:10.988Z</time></trkpt><trkpt lat="33.818852" lon="73.276700"><ele>887.186</ele><time>2025-08-10T08:41:11.988Z</time></trkpt><trkpt lat="33.818770" lon="73.276681"><ele>887.485</ele><time>2025-08-10T08:41:12.988Z</time></trkpt><trkpt lat="33.818695" lon="73.276676"><ele>887.726</ele><time>2025-08-10T08:41:13.988Z</time></trkpt><trkpt lat="33.818606" lon="73.276678"><ele>887.911</ele><time>2025-08-10T08:41:14.988Z</time></trkpt><trkpt lat="33.818522" lon="73.276700"><ele>887.921</ele><time>2025-08-10T08:41:15.988Z</time></trkpt><trkpt lat="33.818444" lon="73.276746"><ele>887.903</ele><time>2025-08-10T08:41:16.988Z</time></trkpt><trkpt lat="33.818374" lon="73.276818"><ele>888.009</ele><time>2025-08-10T08:41:17.988Z</time></trkpt><trkpt lat="33.818318" lon="73.276913"><ele>888.243</ele><time>2025-08-10T08:41:18.988Z</time></trkpt><trkpt lat="33.818277" lon="73.277019"><ele>888.373</ele><time>2025-08-10T08:41:19.988Z</time></trkpt><trkpt lat="33.818249" lon="73.277121"><ele>888.697</ele><time>2025-08-10T08:41:20.988Z</time></trkpt><trkpt lat="33.818213" lon="73.277215"><ele>888.841</ele><time>2025-08-10T08:41:21.988Z</time></trkpt><trkpt lat="33.818165" lon="73.277303"><ele>889.045</ele><time>2025-08-10T08:41:22.988Z</time></trkpt><trkpt lat="33.818114" lon="73.277388"><ele>889.421</ele><time>2025-08-10T08:41:23.988Z</time></trkpt><trkpt lat="33.818048" lon="73.277452"><ele>889.924</ele><time>2025-08-10T08:41:24.988Z</time></trkpt><trkpt lat="33.817981" lon="73.277511"><ele>890.533</ele><time>2025-08-10T08:41:25.988Z</time></trkpt><trkpt lat="33.817907" lon="73.277543"><ele>891.194</ele><time>2025-08-10T08:41:26.988Z</time></trkpt><trkpt lat="33.817833" lon="73.277555"><ele>891.765</ele><time>2025-08-10T08:41:27.988Z</time></trkpt><trkpt lat="33.817758" lon="73.277550"><ele>892.368</ele><time>2025-08-10T08:41:28.988Z</time></trkpt><trkpt lat="33.817683" lon="73.277533"><ele>892.814</ele><time>2025-08-10T08:41:29.988Z</time></trkpt><trkpt lat="33.817614" lon="73.277513"><ele>893.109</ele><time>2025-08-10T08:41:30.988Z</time></trkpt><trkpt lat="33.817557" lon="73.277493"><ele>893.398</ele><time>2025-08-10T08:41:31.988Z</time></trkpt><trkpt lat="33.817492" lon="73.277437"><ele>893.468</ele><time>2025-08-10T08:41:32.988Z</time></trkpt><trkpt lat="33.817425" lon="73.277373"><ele>893.492</ele><time>2025-08-10T08:41:33.988Z</time></trkpt><trkpt lat="33.817356" lon="73.277326"><ele>893.526</ele><time>2025-08-10T08:41:34.988Z</time></trkpt><trkpt lat="33.817290" lon="73.277323"><ele>893.620</ele><time>2025-08-10T08:41:35.988Z</time></trkpt><trkpt lat="33.817215" lon="73.277345"><ele>893.746</ele><time>2025-08-10T08:41:36.988Z</time></trkpt><trkpt lat="33.817155" lon="73.277406"><ele>893.849</ele><time>2025-08-10T08:41:37.988Z</time></trkpt><trkpt lat="33.817124" lon="73.277482"><ele>894.048</ele><time>2025-08-10T08:41:38.988Z</time></trkpt><trkpt lat="33.817110" lon="73.277560"><ele>894.249</ele><time>2025-08-10T08:41:39.988Z</time></trkpt><trkpt lat="33.817114" lon="73.277637"><ele>894.443</ele><time>2025-08-10T08:41:40.988Z</time></trkpt><trkpt lat="33.817125" lon="73.277716"><ele>894.564</ele><time>2025-08-10T08:41:41.988Z</time></trkpt><trkpt lat="33.817135" lon="73.277797"><ele>894.810</ele><time>2025-08-10T08:41:42.988Z</time></trkpt><trkpt lat="33.817141" lon="73.277884"><ele>895.409</ele><time>2025-08-10T08:41:43.988Z</time></trkpt><trkpt lat="33.817146" lon="73.277974"><ele>895.876</ele><time>2025-08-10T08:41:44.988Z</time></trkpt><trkpt lat="33.817139" lon="73.278059"><ele>896.216</ele><time>2025-08-10T08:41:45.988Z</time></trkpt><trkpt lat="33.817130" lon="73.278141"><ele>896.640</ele><time>2025-08-10T08:41:46.988Z</time></trkpt><trkpt lat="33.817113" lon="73.278219"><ele>896.994</ele><time>2025-08-10T08:41:47.988Z</time></trkpt><trkpt lat="33.817086" lon="73.278301"><ele>897.118</ele><time>2025-08-10T08:41:48.988Z</time></trkpt><trkpt lat="33.817052" lon="73.278380"><ele>897.384</ele><time>2025-08-10T08:41:49.988Z</time></trkpt><trkpt lat="33.817010" lon="73.278447"><ele>897.597</ele><time>2025-08-10T08:41:50.988Z</time></trkpt><trkpt lat="33.816960" lon="73.278507"><ele>897.666</ele><time>2025-08-10T08:41:51.988Z</time></trkpt><trkpt lat="33.816902" lon="73.278560"><ele>897.677</ele><time>2025-08-10T08:41:52.988Z</time></trkpt><trkpt lat="33.816839" lon="73.278600"><ele>897.648</ele><time>2025-08-10T08:41:53.988Z</time></trkpt><trkpt lat="33.816772" lon="73.278627"><ele>897.561</ele><time>2025-08-10T08:41:54.988Z</time></trkpt><trkpt lat="33.816699" lon="73.278644"><ele>897.317</ele><time>2025-08-10T08:41:55.988Z</time></trkpt><trkpt lat="33.816624" lon="73.278669"><ele>897.109</ele><time>2025-08-10T08:41:56.988Z</time></trkpt><trkpt lat="33.816560" lon="73.278709"><ele>896.946</ele><time>2025-08-10T08:41:57.988Z</time></trkpt><trkpt lat="33.816496" lon="73.278759"><ele>896.846</ele><time>2025-08-10T08:41:58.988Z</time></trkpt><trkpt lat="33.816436" lon="73.278816"><ele>896.730</ele><time>2025-08-10T08:41:59.988Z</time></trkpt><trkpt lat="33.816402" lon="73.278883"><ele>896.674</ele><time>2025-08-10T08:42:00.988Z</time></trkpt><trkpt lat="33.816373" lon="73.278957"><ele>896.658</ele><time>2025-08-10T08:42:01.988Z</time></trkpt><trkpt lat="33.816323" lon="73.279016"><ele>896.654</ele><time>2025-08-10T08:42:02.988Z</time></trkpt><trkpt lat="33.816261" lon="73.279062"><ele>896.627</ele><time>2025-08-10T08:42:03.988Z</time></trkpt><trkpt lat="33.816193" lon="73.279102"><ele>896.676</ele><time>2025-08-10T08:42:04.988Z</time></trkpt><trkpt lat="33.816123" lon="73.279125"><ele>896.737</ele><time>2025-08-10T08:42:05.988Z</time></trkpt><trkpt lat="33.816052" lon="73.279131"><ele>896.874</ele><time>2025-08-10T08:42:06.988Z</time></trkpt><trkpt lat="33.815977" lon="73.279127"><ele>896.956</ele><time>2025-08-10T08:42:07.988Z</time></trkpt><trkpt lat="33.815898" lon="73.279117"><ele>897.121</ele><time>2025-08-10T08:42:08.988Z</time></trkpt><trkpt lat="33.815817" lon="73.279089"><ele>897.209</ele><time>2025-08-10T08:42:09.988Z</time></trkpt><trkpt lat="33.815730" lon="73.279058"><ele>897.329</ele><time>2025-08-10T08:42:10.988Z</time></trkpt><trkpt lat="33.815638" lon="73.279003"><ele>897.739</ele><time>2025-08-10T08:42:11.988Z</time></trkpt><trkpt lat="33.815547" lon="73.278960"><ele>898.033</ele><time>2025-08-10T08:42:12.988Z</time></trkpt><trkpt lat="33.815470" lon="73.278932"><ele>898.147</ele><time>2025-08-10T08:42:13.988Z</time></trkpt><trkpt lat="33.815381" lon="73.278916"><ele>898.171</ele><time>2025-08-10T08:42:14.988Z</time></trkpt><trkpt lat="33.815290" lon="73.278917"><ele>898.127</ele><time>2025-08-10T08:42:15.988Z</time></trkpt><trkpt lat="33.815200" lon="73.278938"><ele>897.780</ele><time>2025-08-10T08:42:16.988Z</time></trkpt><trkpt lat="33.815108" lon="73.278954"><ele>897.459</ele><time>2025-08-10T08:42:17.988Z</time></trkpt><trkpt lat="33.815026" lon="73.278953"><ele>897.370</ele><time>2025-08-10T08:42:18.988Z</time></trkpt><trkpt lat="33.814944" lon="73.278965"><ele>897.243</ele><time>2025-08-10T08:42:19.988Z</time></trkpt><trkpt lat="33.814880" lon="73.278976"><ele>897.164</ele><time>2025-08-10T08:42:20.988Z</time></trkpt><trkpt lat="33.814824" lon="73.278983"><ele>897.110</ele><time>2025-08-10T08:42:21.988Z</time></trkpt><trkpt lat="33.814775" lon="73.279003"><ele>897.109</ele><time>2025-08-10T08:42:22.988Z</time></trkpt><trkpt lat="33.814724" lon="73.279030"><ele>897.016</ele><time>2025-08-10T08:42:23.988Z</time></trkpt><trkpt lat="33.814661" lon="73.279074"><ele>896.736</ele><time>2025-08-10T08:42:24.988Z</time></trkpt><trkpt lat="33.814602" lon="73.279131"><ele>896.430</ele><time>2025-08-10T08:42:25.988Z</time></trkpt><trkpt lat="33.814561" lon="73.279215"><ele>896.164</ele><time>2025-08-10T08:42:26.988Z</time></trkpt><trkpt lat="33.814534" lon="73.279300"><ele>896.068</ele><time>2025-08-10T08:42:27.988Z</time></trkpt><trkpt lat="33.814503" lon="73.279375"><ele>896.034</ele><time>2025-08-10T08:42:28.988Z</time></trkpt><trkpt lat="33.814473" lon="73.279431"><ele>896.157</ele><time>2025-08-10T08:42:29.988Z</time></trkpt><trkpt lat="33.814432" lon="73.279486"><ele>896.246</ele><time>2025-08-10T08:42:30.988Z</time></trkpt><trkpt lat="33.814375" lon="73.279536"><ele>896.457</ele><time>2025-08-10T08:42:31.988Z</time></trkpt><trkpt lat="33.814306" lon="73.279572"><ele>896.662</ele><time>2025-08-10T08:42:32.988Z</time></trkpt><trkpt lat="33.814231" lon="73.279609"><ele>896.983</ele><time>2025-08-10T08:42:33.988Z</time></trkpt><trkpt lat="33.814151" lon="73.279601"><ele>897.111</ele><time>2025-08-10T08:42:34.988Z</time></trkpt><trkpt lat="33.814082" lon="73.279574"><ele>897.309</ele><time>2025-08-10T08:42:35.988Z</time></trkpt><trkpt lat="33.814012" lon="73.279524"><ele>897.528</ele><time>2025-08-10T08:42:36.988Z</time></trkpt><trkpt lat="33.813946" lon="73.279453"><ele>897.718</ele><time>2025-08-10T08:42:37.988Z</time></trkpt><trkpt lat="33.813895" lon="73.279366"><ele>897.912</ele><time>2025-08-10T08:42:38.988Z</time></trkpt><trkpt lat="33.813843" lon="73.279259"><ele>898.026</ele><time>2025-08-10T08:42:39.988Z</time></trkpt><trkpt lat="33.813805" lon="73.279153"><ele>898.060</ele><time>2025-08-10T08:42:40.988Z</time></trkpt><trkpt lat="33.813769" lon="73.279054"><ele>898.086</ele><time>2025-08-10T08:42:41.988Z</time></trkpt><trkpt lat="33.813716" lon="73.278966"><ele>898.029</ele><time>2025-08-10T08:42:42.988Z</time></trkpt><trkpt lat="33.813660" lon="73.278876"><ele>898.038</ele><time>2025-08-10T08:42:43.988Z</time></trkpt><trkpt lat="33.813596" lon="73.278798"><ele>897.919</ele><time>2025-08-10T08:42:44.988Z</time></trkpt><trkpt lat="33.813525" lon="73.278727"><ele>897.888</ele><time>2025-08-10T08:42:45.988Z</time></trkpt><trkpt lat="33.813453" lon="73.278649"><ele>897.624</ele><time>2025-08-10T08:42:46.988Z</time></trkpt><trkpt lat="33.813375" lon="73.278583"><ele>897.526</ele><time>2025-08-10T08:42:47.988Z</time></trkpt><trkpt lat="33.813301" lon="73.278522"><ele>897.509</ele><time>2025-08-10T08:42:48.988Z</time></trkpt><trkpt lat="33.813224" lon="73.278462"><ele>897.890</ele><time>2025-08-10T08:42:49.988Z</time></trkpt><trkpt lat="33.813149" lon="73.278408"><ele>897.930</ele><time>2025-08-10T08:42:50.988Z</time></trkpt><trkpt lat="33.813086" lon="73.278346"><ele>898.184</ele><time>2025-08-10T08:42:51.988Z</time></trkpt><trkpt lat="33.813023" lon="73.278290"><ele>898.388</ele><time>2025-08-10T08:42:52.988Z</time></trkpt><trkpt lat="33.812949" lon="73.278232"><ele>898.412</ele><time>2025-08-10T08:42:53.988Z</time></trkpt><trkpt lat="33.812882" lon="73.278172"><ele>898.498</ele><time>2025-08-10T08:42:54.988Z</time></trkpt><trkpt lat="33.812811" lon="73.278115"><ele>898.491</ele><time>2025-08-10T08:42:55.988Z</time></trkpt><trkpt lat="33.812741" lon="73.278060"><ele>898.350</ele><time>2025-08-10T08:42:56.988Z</time></trkpt><trkpt lat="33.812674" lon="73.278009"><ele>898.151</ele><time>2025-08-10T08:42:57.988Z</time></trkpt><trkpt lat="33.812606" lon="73.277962"><ele>897.953</ele><time>2025-08-10T08:42:58.988Z</time></trkpt><trkpt lat="33.812529" lon="73.277918"><ele>897.704</ele><time>2025-08-10T08:42:59.988Z</time></trkpt><trkpt lat="33.812450" lon="73.277878"><ele>897.514</ele><time>2025-08-10T08:43:00.990Z</time></trkpt><trkpt lat="33.812352" lon="73.277843"><ele>897.309</ele><time>2025-08-10T08:43:01.989Z</time></trkpt><trkpt lat="33.812259" lon="73.277830"><ele>897.227</ele><time>2025-08-10T08:43:02.989Z</time></trkpt><trkpt lat="33.812168" lon="73.277826"><ele>897.187</ele><time>2025-08-10T08:43:03.990Z</time></trkpt><trkpt lat="33.812074" lon="73.277812"><ele>897.181</ele><time>2025-08-10T08:43:04.990Z</time></trkpt><trkpt lat="33.811992" lon="73.277798"><ele>897.145</ele><time>2025-08-10T08:43:05.990Z</time></trkpt><trkpt lat="33.811915" lon="73.277778"><ele>897.259</ele><time>2025-08-10T08:43:06.990Z</time></trkpt><trkpt lat="33.811852" lon="73.277765"><ele>897.475</ele><time>2025-08-10T08:43:07.990Z</time></trkpt><trkpt lat="33.811790" lon="73.277738"><ele>897.738</ele><time>2025-08-10T08:43:08.990Z</time></trkpt><trkpt lat="33.811726" lon="73.277701"><ele>897.927</ele><time>2025-08-10T08:43:09.990Z</time></trkpt><trkpt lat="33.811668" lon="73.277642"><ele>898.188</ele><time>2025-08-10T08:43:10.990Z</time></trkpt><trkpt lat="33.811603" lon="73.277587"><ele>898.218</ele><time>2025-08-10T08:43:11.990Z</time></trkpt><trkpt lat="33.811536" lon="73.277515"><ele>898.298</ele><time>2025-08-10T08:43:12.990Z</time></trkpt><trkpt lat="33.811472" lon="73.277439"><ele>898.117</ele><time>2025-08-10T08:43:13.991Z</time></trkpt><trkpt lat="33.811402" lon="73.277370"><ele>898.009</ele><time>2025-08-10T08:43:14.991Z</time></trkpt><trkpt lat="33.811335" lon="73.277308"><ele>898.043</ele><time>2025-08-10T08:43:15.991Z</time></trkpt><trkpt lat="33.811263" lon="73.277246"><ele>898.083</ele><time>2025-08-10T08:43:16.991Z</time></trkpt><trkpt lat="33.811190" lon="73.277194"><ele>898.077</ele><time>2025-08-10T08:43:17.991Z</time></trkpt><trkpt lat="33.811116" lon="73.277132"><ele>898.061</ele><time>2025-08-10T08:43:18.991Z</time></trkpt><trkpt lat="33.811056" lon="73.277073"><ele>898.055</ele><time>2025-08-10T08:43:19.991Z</time></trkpt><trkpt lat="33.810988" lon="73.277010"><ele>897.981</ele><time>2025-08-10T08:43:20.991Z</time></trkpt><trkpt lat="33.810928" lon="73.276954"><ele>897.824</ele><time>2025-08-10T08:43:21.991Z</time></trkpt><trkpt lat="33.810879" lon="73.276890"><ele>897.753</ele><time>2025-08-10T08:43:22.991Z</time></trkpt><trkpt lat="33.810830" lon="73.276819"><ele>897.714</ele><time>2025-08-10T08:43:23.991Z</time></trkpt><trkpt lat="33.810778" lon="73.276742"><ele>897.734</ele><time>2025-08-10T08:43:24.991Z</time></trkpt><trkpt lat="33.810730" lon="73.276662"><ele>897.755</ele><time>2025-08-10T08:43:25.991Z</time></trkpt><trkpt lat="33.810677" lon="73.276587"><ele>897.610</ele><time>2025-08-10T08:43:26.991Z</time></trkpt><trkpt lat="33.810633" lon="73.276513"><ele>897.409</ele><time>2025-08-10T08:43:27.991Z</time></trkpt><trkpt lat="33.810598" lon="73.276448"><ele>897.215</ele><time>2025-08-10T08:43:28.991Z</time></trkpt><trkpt lat="33.810561" lon="73.276404"><ele>896.955</ele><time>2025-08-10T08:43:29.991Z</time></trkpt><trkpt lat="33.810519" lon="73.276355"><ele>896.719</ele><time>2025-08-10T08:43:30.991Z</time></trkpt><trkpt lat="33.810470" lon="73.276302"><ele>896.273</ele><time>2025-08-10T08:43:31.991Z</time></trkpt><trkpt lat="33.810422" lon="73.276254"><ele>895.767</ele><time>2025-08-10T08:43:32.991Z</time></trkpt><trkpt lat="33.810361" lon="73.276196"><ele>895.263</ele><time>2025-08-10T08:43:33.991Z</time></trkpt><trkpt lat="33.810302" lon="73.276139"><ele>894.536</ele><time>2025-08-10T08:43:34.991Z</time></trkpt><trkpt lat="33.810265" lon="73.276089"><ele>894.195</ele><time>2025-08-10T08:43:35.991Z</time></trkpt><trkpt lat="33.810212" lon="73.276033"><ele>893.836</ele><time>2025-08-10T08:43:36.991Z</time></trkpt><trkpt lat="33.810158" lon="73.275956"><ele>893.455</ele><time>2025-08-10T08:43:37.991Z</time></trkpt><trkpt lat="33.810111" lon="73.275872"><ele>892.907</ele><time>2025-08-10T08:43:38.991Z</time></trkpt><trkpt lat="33.810072" lon="73.275802"><ele>892.417</ele><time>2025-08-10T08:43:39.991Z</time></trkpt><trkpt lat="33.810045" lon="73.275737"><ele>891.909</ele><time>2025-08-10T08:43:40.991Z</time></trkpt><trkpt lat="33.810024" lon="73.275674"><ele>891.317</ele><time>2025-08-10T08:43:41.991Z</time></trkpt><trkpt lat="33.809999" lon="73.275611"><ele>891.017</ele><time>2025-08-10T08:43:42.991Z</time></trkpt><trkpt lat="33.809978" lon="73.275557"><ele>890.481</ele><time>2025-08-10T08:43:43.991Z</time></trkpt><trkpt lat="33.809937" lon="73.275485"><ele>889.965</ele><time>2025-08-10T08:43:45.991Z</time></trkpt><trkpt lat="33.809903" lon="73.275417"><ele>889.329</ele><time>2025-08-10T08:43:47.991Z</time></trkpt><trkpt lat="33.809863" lon="73.275347"><ele>888.195</ele><time>2025-08-10T08:43:49.991Z</time></trkpt><trkpt lat="33.809811" lon="73.275276"><ele>886.968</ele><time>2025-08-10T08:43:51.991Z</time></trkpt><trkpt lat="33.809731" lon="73.275217"><ele>886.377</ele><time>2025-08-10T08:43:53.991Z</time></trkpt><trkpt lat="33.809673" lon="73.275209"><ele>885.868</ele><time>2025-08-10T08:43:54.991Z</time></trkpt><trkpt lat="33.809628" lon="73.275206"><ele>885.483</ele><time>2025-08-10T08:43:55.991Z</time></trkpt><trkpt lat="33.809579" lon="73.275213"><ele>885.325</ele><time>2025-08-10T08:43:56.991Z</time></trkpt><trkpt lat="33.809529" lon="73.275229"><ele>885.017</ele><time>2025-08-10T08:43:57.991Z</time></trkpt><trkpt lat="33.809488" lon="73.275264"><ele>884.809</ele><time>2025-08-10T08:43:58.991Z</time></trkpt><trkpt lat="33.809453" lon="73.275312"><ele>884.510</ele><time>2025-08-10T08:43:59.991Z</time></trkpt><trkpt lat="33.809426" lon="73.275380"><ele>884.190</ele><time>2025-08-10T08:44:00.991Z</time></trkpt><trkpt lat="33.809412" lon="73.275449"><ele>883.464</ele><time>2025-08-10T08:44:01.991Z</time></trkpt><trkpt lat="33.809418" lon="73.275525"><ele>882.958</ele><time>2025-08-10T08:44:02.991Z</time></trkpt><trkpt lat="33.809436" lon="73.275594"><ele>882.562</ele><time>2025-08-10T08:44:03.991Z</time></trkpt><trkpt lat="33.809446" lon="73.275657"><ele>882.168</ele><time>2025-08-10T08:44:04.991Z</time></trkpt><trkpt lat="33.809463" lon="73.275714"><ele>881.631</ele><time>2025-08-10T08:44:05.991Z</time></trkpt><trkpt lat="33.809471" lon="73.275772"><ele>881.250</ele><time>2025-08-10T08:44:06.991Z</time></trkpt><trkpt lat="33.809483" lon="73.275842"><ele>880.851</ele><time>2025-08-10T08:44:07.991Z</time></trkpt><trkpt lat="33.809484" lon="73.275906"><ele>880.641</ele><time>2025-08-10T08:44:08.991Z</time></trkpt><trkpt lat="33.809470" lon="73.275976"><ele>880.181</ele><time>2025-08-10T08:44:09.991Z</time></trkpt><trkpt lat="33.809454" lon="73.276032"><ele>879.909</ele><time>2025-08-10T08:44:10.991Z</time></trkpt><trkpt lat="33.809424" lon="73.276083"><ele>879.709</ele><time>2025-08-10T08:44:11.991Z</time></trkpt><trkpt lat="33.809385" lon="73.276125"><ele>879.636</ele><time>2025-08-10T08:44:12.991Z</time></trkpt><trkpt lat="33.809330" lon="73.276159"><ele>879.476</ele><time>2025-08-10T08:44:13.991Z</time></trkpt><trkpt lat="33.809276" lon="73.276167"><ele>879.290</ele><time>2025-08-10T08:44:14.991Z</time></trkpt><trkpt lat="33.809228" lon="73.276161"><ele>879.114</ele><time>2025-08-10T08:44:15.991Z</time></trkpt><trkpt lat="33.809184" lon="73.276133"><ele>878.968</ele><time>2025-08-10T08:44:16.991Z</time></trkpt><trkpt lat="33.809136" lon="73.276096"><ele>878.654</ele><time>2025-08-10T08:44:17.991Z</time></trkpt><trkpt lat="33.809092" lon="73.276049"><ele>878.597</ele><time>2025-08-10T08:44:18.991Z</time></trkpt><trkpt lat="33.809047" lon="73.276009"><ele>878.396</ele><time>2025-08-10T08:44:19.991Z</time></trkpt><trkpt lat="33.809009" lon="73.275951"><ele>878.077</ele><time>2025-08-10T08:44:20.991Z</time></trkpt><trkpt lat="33.808963" lon="73.275871"><ele>877.855</ele><time>2025-08-10T08:44:21.991Z</time></trkpt><trkpt lat="33.808920" lon="73.275796"><ele>877.507</ele><time>2025-08-10T08:44:22.991Z</time></trkpt><trkpt lat="33.808880" lon="73.275722"><ele>877.417</ele><time>2025-08-10T08:44:23.991Z</time></trkpt><trkpt lat="33.808846" lon="73.275633"><ele>877.309</ele><time>2025-08-10T08:44:24.991Z</time></trkpt><trkpt lat="33.808806" lon="73.275546"><ele>877.087</ele><time>2025-08-10T08:44:25.991Z</time></trkpt><trkpt lat="33.808768" lon="73.275468"><ele>876.797</ele><time>2025-08-10T08:44:26.991Z</time></trkpt><trkpt lat="33.808727" lon="73.275386"><ele>876.381</ele><time>2025-08-10T08:44:27.991Z</time></trkpt><trkpt lat="33.808691" lon="73.275297"><ele>875.965</ele><time>2025-08-10T08:44:28.991Z</time></trkpt><trkpt lat="33.808648" lon="73.275208"><ele>875.449</ele><time>2025-08-10T08:44:29.991Z</time></trkpt><trkpt lat="33.808601" lon="73.275124"><ele>874.995</ele><time>2025-08-10T08:44:30.991Z</time></trkpt><trkpt lat="33.808560" lon="73.275039"><ele>874.478</ele><time>2025-08-10T08:44:31.991Z</time></trkpt><trkpt lat="33.808523" lon="73.274950"><ele>873.987</ele><time>2025-08-10T08:44:32.991Z</time></trkpt><trkpt lat="33.808491" lon="73.274855"><ele>873.478</ele><time>2025-08-10T08:44:33.991Z</time></trkpt><trkpt lat="33.808459" lon="73.274753"><ele>872.825</ele><time>2025-08-10T08:44:34.991Z</time></trkpt><trkpt lat="33.808436" lon="73.274648"><ele>872.226</ele><time>2025-08-10T08:44:35.991Z</time></trkpt><trkpt lat="33.808413" lon="73.274540"><ele>871.308</ele><time>2025-08-10T08:44:36.991Z</time></trkpt><trkpt lat="33.808391" lon="73.274435"><ele>870.709</ele><time>2025-08-10T08:44:37.991Z</time></trkpt><trkpt lat="33.808374" lon="73.274329"><ele>870.134</ele><time>2025-08-10T08:44:38.991Z</time></trkpt><trkpt lat="33.808363" lon="73.274218"><ele>869.584</ele><time>2025-08-10T08:44:39.991Z</time></trkpt><trkpt lat="33.808351" lon="73.274115"><ele>869.218</ele><time>2025-08-10T08:44:40.991Z</time></trkpt><trkpt lat="33.808347" lon="73.274002"><ele>868.212</ele><time>2025-08-10T08:44:41.991Z</time></trkpt><trkpt lat="33.808343" lon="73.273891"><ele>867.666</ele><time>2025-08-10T08:44:42.991Z</time></trkpt><trkpt lat="33.808326" lon="73.273792"><ele>867.062</ele><time>2025-08-10T08:44:43.991Z</time></trkpt><trkpt lat="33.808319" lon="73.273698"><ele>866.775</ele><time>2025-08-10T08:44:44.991Z</time></trkpt><trkpt lat="33.808309" lon="73.273608"><ele>866.254</ele><time>2025-08-10T08:44:45.991Z</time></trkpt><trkpt lat="33.808301" lon="73.273532"><ele>865.755</ele><time>2025-08-10T08:44:46.991Z</time></trkpt><trkpt lat="33.808290" lon="73.273455"><ele>865.173</ele><time>2025-08-10T08:44:47.991Z</time></trkpt><trkpt lat="33.808286" lon="73.273364"><ele>864.585</ele><time>2025-08-10T08:44:48.991Z</time></trkpt><trkpt lat="33.808271" lon="73.273284"><ele>863.913</ele><time>2025-08-10T08:44:49.991Z</time></trkpt><trkpt lat="33.808248" lon="73.273201"><ele>863.309</ele><time>2025-08-10T08:44:50.991Z</time></trkpt><trkpt lat="33.808224" lon="73.273121"><ele>862.839</ele><time>2025-08-10T08:44:51.991Z</time></trkpt><trkpt lat="33.808194" lon="73.273046"><ele>862.469</ele><time>2025-08-10T08:44:52.991Z</time></trkpt><trkpt lat="33.808158" lon="73.272966"><ele>862.193</ele><time>2025-08-10T08:44:53.991Z</time></trkpt><trkpt lat="33.808128" lon="73.272878"><ele>861.847</ele><time>2025-08-10T08:44:54.991Z</time></trkpt><trkpt lat="33.808105" lon="73.272780"><ele>861.431</ele><time>2025-08-10T08:44:55.991Z</time></trkpt><trkpt lat="33.808078" lon="73.272678"><ele>860.977</ele><time>2025-08-10T08:44:56.991Z</time></trkpt><trkpt lat="33.808052" lon="73.272577"><ele>860.490</ele><time>2025-08-10T08:44:57.991Z</time></trkpt><trkpt lat="33.808025" lon="73.272484"><ele>859.979</ele><time>2025-08-10T08:44:58.991Z</time></trkpt><trkpt lat="33.807997" lon="73.272392"><ele>859.340</ele><time>2025-08-10T08:44:59.991Z</time></trkpt><trkpt lat="33.807963" lon="73.272299"><ele>858.788</ele><time>2025-08-10T08:45:00.991Z</time></trkpt><trkpt lat="33.807935" lon="73.272208"><ele>858.124</ele><time>2025-08-10T08:45:01.991Z</time></trkpt><trkpt lat="33.807902" lon="73.272114"><ele>857.626</ele><time>2025-08-10T08:45:02.991Z</time></trkpt><trkpt lat="33.807871" lon="73.272022"><ele>857.109</ele><time>2025-08-10T08:45:03.991Z</time></trkpt><trkpt lat="33.807841" lon="73.271932"><ele>856.640</ele><time>2025-08-10T08:45:04.991Z</time></trkpt><trkpt lat="33.807818" lon="73.271850"><ele>856.150</ele><time>2025-08-10T08:45:05.991Z</time></trkpt><trkpt lat="33.807799" lon="73.271777"><ele>855.614</ele><time>2025-08-10T08:45:06.991Z</time></trkpt><trkpt lat="33.807781" lon="73.271704"><ele>855.168</ele><time>2025-08-10T08:45:07.991Z</time></trkpt><trkpt lat="33.807768" lon="73.271630"><ele>854.912</ele><time>2025-08-10T08:45:08.991Z</time></trkpt><trkpt lat="33.807740" lon="73.271559"><ele>854.448</ele><time>2025-08-10T08:45:09.991Z</time></trkpt><trkpt lat="33.807714" lon="73.271483"><ele>853.961</ele><time>2025-08-10T08:45:10.992Z</time></trkpt><trkpt lat="33.807676" lon="73.271411"><ele>853.580</ele><time>2025-08-10T08:45:11.992Z</time></trkpt><trkpt lat="33.807632" lon="73.271340"><ele>852.821</ele><time>2025-08-10T08:45:12.992Z</time></trkpt><trkpt lat="33.807580" lon="73.271278"><ele>852.483</ele><time>2025-08-10T08:45:13.991Z</time></trkpt><trkpt lat="33.807526" lon="73.271217"><ele>852.025</ele><time>2025-08-10T08:45:14.991Z</time></trkpt><trkpt lat="33.807457" lon="73.271170"><ele>851.617</ele><time>2025-08-10T08:45:15.991Z</time></trkpt><trkpt lat="33.807389" lon="73.271131"><ele>851.209</ele><time>2025-08-10T08:45:16.990Z</time></trkpt><trkpt lat="33.807322" lon="73.271080"><ele>850.890</ele><time>2025-08-10T08:45:17.990Z</time></trkpt><trkpt lat="33.807273" lon="73.271029"><ele>850.460</ele><time>2025-08-10T08:45:18.991Z</time></trkpt><trkpt lat="33.807220" lon="73.270969"><ele>850.044</ele><time>2025-08-10T08:45:19.991Z</time></trkpt><trkpt lat="33.807177" lon="73.270907"><ele>849.748</ele><time>2025-08-10T08:45:20.991Z</time></trkpt><trkpt lat="33.807131" lon="73.270835"><ele>849.582</ele><time>2025-08-10T08:45:21.991Z</time></trkpt><trkpt lat="33.807099" lon="73.270766"><ele>849.458</ele><time>2025-08-10T08:45:22.991Z</time></trkpt><trkpt lat="33.807083" lon="73.270690"><ele>849.351</ele><time>2025-08-10T08:45:23.991Z</time></trkpt><trkpt lat="33.807070" lon="73.270606"><ele>849.230</ele><time>2025-08-10T08:45:24.991Z</time></trkpt><trkpt lat="33.807059" lon="73.270520"><ele>849.041</ele><time>2025-08-10T08:45:25.991Z</time></trkpt><trkpt lat="33.807045" lon="73.270441"><ele>848.713</ele><time>2025-08-10T08:45:26.991Z</time></trkpt><trkpt lat="33.807035" lon="73.270353"><ele>848.343</ele><time>2025-08-10T08:45:27.991Z</time></trkpt><trkpt lat="33.807029" lon="73.270270"><ele>847.907</ele><time>2025-08-10T08:45:28.991Z</time></trkpt><trkpt lat="33.807018" lon="73.270187"><ele>847.509</ele><time>2025-08-10T08:45:29.991Z</time></trkpt><trkpt lat="33.807005" lon="73.270097"><ele>847.113</ele><time>2025-08-10T08:45:30.991Z</time></trkpt><trkpt lat="33.806973" lon="73.270015"><ele>846.783</ele><time>2025-08-10T08:45:31.991Z</time></trkpt><trkpt lat="33.806943" lon="73.269940"><ele>846.477</ele><time>2025-08-10T08:45:32.991Z</time></trkpt><trkpt lat="33.806907" lon="73.269874"><ele>846.191</ele><time>2025-08-10T08:45:33.991Z</time></trkpt><trkpt lat="33.806869" lon="73.269809"><ele>845.845</ele><time>2025-08-10T08:45:34.991Z</time></trkpt><trkpt lat="33.806843" lon="73.269745"><ele>845.731</ele><time>2025-08-10T08:45:35.991Z</time></trkpt><trkpt lat="33.806823" lon="73.269682"><ele>845.664</ele><time>2025-08-10T08:45:36.991Z</time></trkpt><trkpt lat="33.806800" lon="73.269611"><ele>845.633</ele><time>2025-08-10T08:45:37.991Z</time></trkpt><trkpt lat="33.806778" lon="73.269524"><ele>845.574</ele><time>2025-08-10T08:45:38.991Z</time></trkpt><trkpt lat="33.806762" lon="73.269448"><ele>845.456</ele><time>2025-08-10T08:45:39.991Z</time></trkpt><trkpt lat="33.806742" lon="73.269386"><ele>845.259</ele><time>2025-08-10T08:45:40.991Z</time></trkpt><trkpt lat="33.806737" lon="73.269285"><ele>844.514</ele><time>2025-08-10T08:45:42.991Z</time></trkpt><trkpt lat="33.806778" lon="73.269206"><ele>843.809</ele><time>2025-08-10T08:45:44.991Z</time></trkpt><trkpt lat="33.806837" lon="73.269156"><ele>843.037</ele><time>2025-08-10T08:45:46.991Z</time></trkpt><trkpt lat="33.806918" lon="73.269161"><ele>842.487</ele><time>2025-08-10T08:45:48.991Z</time></trkpt><trkpt lat="33.806956" lon="73.269194"><ele>842.031</ele><time>2025-08-10T08:45:49.991Z</time></trkpt><trkpt lat="33.807001" lon="73.269279"><ele>841.855</ele><time>2025-08-10T08:45:51.991Z</time></trkpt><trkpt lat="33.807048" lon="73.269367"><ele>841.619</ele><time>2025-08-10T08:45:53.991Z</time></trkpt><trkpt lat="33.807072" lon="73.269419"><ele>841.555</ele><time>2025-08-10T08:45:54.991Z</time></trkpt><trkpt lat="33.807107" lon="73.269514"><ele>841.098</ele><time>2025-08-10T08:45:56.991Z</time></trkpt><trkpt lat="33.807133" lon="73.269618"><ele>840.717</ele><time>2025-08-10T08:45:58.991Z</time></trkpt><trkpt lat="33.807150" lon="73.269676"><ele>840.228</ele><time>2025-08-10T08:45:59.991Z</time></trkpt><trkpt lat="33.807164" lon="73.269736"><ele>839.961</ele><time>2025-08-10T08:46:00.991Z</time></trkpt><trkpt lat="33.807188" lon="73.269800"><ele>839.821</ele><time>2025-08-10T08:46:01.991Z</time></trkpt><trkpt lat="33.807209" lon="73.269873"><ele>839.513</ele><time>2025-08-10T08:46:02.991Z</time></trkpt><trkpt lat="33.807228" lon="73.269947"><ele>839.209</ele><time>2025-08-10T08:46:03.991Z</time></trkpt><trkpt lat="33.807255" lon="73.270030"><ele>839.048</ele><time>2025-08-10T08:46:04.991Z</time></trkpt><trkpt lat="33.807289" lon="73.270104"><ele>838.768</ele><time>2025-08-10T08:46:05.991Z</time></trkpt><trkpt lat="33.807324" lon="73.270184"><ele>838.532</ele><time>2025-08-10T08:46:06.991Z</time></trkpt><trkpt lat="33.807370" lon="73.270257"><ele>838.396</ele><time>2025-08-10T08:46:07.991Z</time></trkpt><trkpt lat="33.807418" lon="73.270315"><ele>838.170</ele><time>2025-08-10T08:46:08.991Z</time></trkpt><trkpt lat="33.807458" lon="73.270371"><ele>838.096</ele><time>2025-08-10T08:46:09.991Z</time></trkpt><trkpt lat="33.807498" lon="73.270421"><ele>837.929</ele><time>2025-08-10T08:46:10.991Z</time></trkpt><trkpt lat="33.807533" lon="73.270479"><ele>837.778</ele><time>2025-08-10T08:46:11.991Z</time></trkpt><trkpt lat="33.807571" lon="73.270520"><ele>837.529</ele><time>2025-08-10T08:46:12.991Z</time></trkpt><trkpt lat="33.807601" lon="73.270570"><ele>837.394</ele><time>2025-08-10T08:46:13.991Z</time></trkpt><trkpt lat="33.807676" lon="73.270665"><ele>836.957</ele><time>2025-08-10T08:46:15.991Z</time></trkpt><trkpt lat="33.807711" lon="73.270704"><ele>836.822</ele><time>2025-08-10T08:46:16.991Z</time></trkpt><trkpt lat="33.807771" lon="73.270770"><ele>836.309</ele><time>2025-08-10T08:46:18.991Z</time></trkpt><trkpt lat="33.807817" lon="73.270791"><ele>836.171</ele><time>2025-08-10T08:46:19.991Z</time></trkpt><trkpt lat="33.807871" lon="73.270789"><ele>835.921</ele><time>2025-08-10T08:46:20.991Z</time></trkpt><trkpt lat="33.807917" lon="73.270779"><ele>835.765</ele><time>2025-08-10T08:46:21.991Z</time></trkpt><trkpt lat="33.807951" lon="73.270713"><ele>835.689</ele><time>2025-08-10T08:46:22.991Z</time></trkpt><trkpt lat="33.807960" lon="73.270632"><ele>835.563</ele><time>2025-08-10T08:46:23.991Z</time></trkpt><trkpt lat="33.807949" lon="73.270544"><ele>835.469</ele><time>2025-08-10T08:46:24.991Z</time></trkpt><trkpt lat="33.807929" lon="73.270466"><ele>835.042</ele><time>2025-08-10T08:46:25.991Z</time></trkpt><trkpt lat="33.807892" lon="73.270374"><ele>834.781</ele><time>2025-08-10T08:46:26.991Z</time></trkpt><trkpt lat="33.807862" lon="73.270285"><ele>834.432</ele><time>2025-08-10T08:46:27.991Z</time></trkpt><trkpt lat="33.807825" lon="73.270192"><ele>834.117</ele><time>2025-08-10T08:46:28.991Z</time></trkpt><trkpt lat="33.807786" lon="73.270110"><ele>833.887</ele><time>2025-08-10T08:46:29.991Z</time></trkpt><trkpt lat="33.807738" lon="73.270033"><ele>833.515</ele><time>2025-08-10T08:46:30.991Z</time></trkpt><trkpt lat="33.807701" lon="73.269949"><ele>833.209</ele><time>2025-08-10T08:46:31.991Z</time></trkpt><trkpt lat="33.807670" lon="73.269866"><ele>832.883</ele><time>2025-08-10T08:46:32.991Z</time></trkpt><trkpt lat="33.807635" lon="73.269780"><ele>832.493</ele><time>2025-08-10T08:46:33.991Z</time></trkpt><trkpt lat="33.807592" lon="73.269698"><ele>832.077</ele><time>2025-08-10T08:46:34.991Z</time></trkpt><trkpt lat="33.807560" lon="73.269613"><ele>831.621</ele><time>2025-08-10T08:46:35.991Z</time></trkpt><trkpt lat="33.807524" lon="73.269525"><ele>831.275</ele><time>2025-08-10T08:46:36.991Z</time></trkpt><trkpt lat="33.807472" lon="73.269431"><ele>830.811</ele><time>2025-08-10T08:46:37.991Z</time></trkpt><trkpt lat="33.807432" lon="73.269343"><ele>830.434</ele><time>2025-08-10T08:46:38.991Z</time></trkpt><trkpt lat="33.807391" lon="73.269252"><ele>830.093</ele><time>2025-08-10T08:46:39.991Z</time></trkpt><trkpt lat="33.807332" lon="73.269164"><ele>829.524</ele><time>2025-08-10T08:46:40.991Z</time></trkpt><trkpt lat="33.807276" lon="73.269071"><ele>828.683</ele><time>2025-08-10T08:46:41.991Z</time></trkpt><trkpt lat="33.807221" lon="73.268975"><ele>828.025</ele><time>2025-08-10T08:46:42.991Z</time></trkpt><trkpt lat="33.807175" lon="73.268886"><ele>827.317</ele><time>2025-08-10T08:46:43.991Z</time></trkpt><trkpt lat="33.807131" lon="73.268789"><ele>826.709</ele><time>2025-08-10T08:46:44.991Z</time></trkpt><trkpt lat="33.807065" lon="73.268701"><ele>826.340</ele><time>2025-08-10T08:46:45.991Z</time></trkpt><trkpt lat="33.807015" lon="73.268609"><ele>825.830</ele><time>2025-08-10T08:46:46.991Z</time></trkpt><trkpt lat="33.806964" lon="73.268522"><ele>825.384</ele><time>2025-08-10T08:46:47.991Z</time></trkpt><trkpt lat="33.806925" lon="73.268437"><ele>825.148</ele><time>2025-08-10T08:46:48.991Z</time></trkpt><trkpt lat="33.806891" lon="73.268353"><ele>824.712</ele><time>2025-08-10T08:46:49.991Z</time></trkpt><trkpt lat="33.806856" lon="73.268280"><ele>824.268</ele><time>2025-08-10T08:46:50.991Z</time></trkpt><trkpt lat="33.806831" lon="73.268212"><ele>823.771</ele><time>2025-08-10T08:46:51.991Z</time></trkpt><trkpt lat="33.806807" lon="73.268139"><ele>823.490</ele><time>2025-08-10T08:46:52.991Z</time></trkpt><trkpt lat="33.806783" lon="73.268055"><ele>823.321</ele><time>2025-08-10T08:46:53.991Z</time></trkpt><trkpt lat="33.806756" lon="73.267971"><ele>823.127</ele><time>2025-08-10T08:46:54.991Z</time></trkpt><trkpt lat="33.806740" lon="73.267904"><ele>822.968</ele><time>2025-08-10T08:46:55.991Z</time></trkpt><trkpt lat="33.806721" lon="73.267828"><ele>822.814</ele><time>2025-08-10T08:46:56.991Z</time></trkpt><trkpt lat="33.806717" lon="73.267745"><ele>822.809</ele><time>2025-08-10T08:46:57.991Z</time></trkpt><trkpt lat="33.806738" lon="73.267648"><ele>822.274</ele><time>2025-08-10T08:46:58.991Z</time></trkpt><trkpt lat="33.806761" lon="73.267567"><ele>821.914</ele><time>2025-08-10T08:46:59.991Z</time></trkpt><trkpt lat="33.806776" lon="73.267485"><ele>821.628</ele><time>2025-08-10T08:47:00.991Z</time></trkpt><trkpt lat="33.806786" lon="73.267401"><ele>821.362</ele><time>2025-08-10T08:47:01.991Z</time></trkpt><trkpt lat="33.806803" lon="73.267321"><ele>821.046</ele><time>2025-08-10T08:47:02.991Z</time></trkpt><trkpt lat="33.806812" lon="73.267243"><ele>820.712</ele><time>2025-08-10T08:47:03.991Z</time></trkpt><trkpt lat="33.806823" lon="73.267154"><ele>820.455</ele><time>2025-08-10T08:47:04.991Z</time></trkpt><trkpt lat="33.806823" lon="73.267073"><ele>820.114</ele><time>2025-08-10T08:47:05.991Z</time></trkpt><trkpt lat="33.806828" lon="73.266976"><ele>819.825</ele><time>2025-08-10T08:47:06.991Z</time></trkpt><trkpt lat="33.806817" lon="73.266873"><ele>819.467</ele><time>2025-08-10T08:47:07.991Z</time></trkpt><trkpt lat="33.806787" lon="73.266774"><ele>819.181</ele><time>2025-08-10T08:47:08.991Z</time></trkpt><trkpt lat="33.806754" lon="73.266676"><ele>818.819</ele><time>2025-08-10T08:47:09.991Z</time></trkpt><trkpt lat="33.806723" lon="73.266593"><ele>818.509</ele><time>2025-08-10T08:47:10.991Z</time></trkpt><trkpt lat="33.806700" lon="73.266507"><ele>818.238</ele><time>2025-08-10T08:47:11.991Z</time></trkpt><trkpt lat="33.806673" lon="73.266426"><ele>818.048</ele><time>2025-08-10T08:47:12.991Z</time></trkpt><trkpt lat="33.806645" lon="73.266355"><ele>817.862</ele><time>2025-08-10T08:47:13.991Z</time></trkpt><trkpt lat="33.806610" lon="73.266283"><ele>817.696</ele><time>2025-08-10T08:47:14.991Z</time></trkpt><trkpt lat="33.806573" lon="73.266202"><ele>817.570</ele><time>2025-08-10T08:47:15.991Z</time></trkpt><trkpt lat="33.806526" lon="73.266127"><ele>817.556</ele><time>2025-08-10T08:47:16.991Z</time></trkpt><trkpt lat="33.806479" lon="73.266055"><ele>817.489</ele><time>2025-08-10T08:47:17.991Z</time></trkpt><trkpt lat="33.806422" lon="73.265990"><ele>817.388</ele><time>2025-08-10T08:47:18.991Z</time></trkpt><trkpt lat="33.806363" lon="73.265943"><ele>817.119</ele><time>2025-08-10T08:47:19.992Z</time></trkpt><trkpt lat="33.806300" lon="73.265893"><ele>817.087</ele><time>2025-08-10T08:47:20.992Z</time></trkpt><trkpt lat="33.806225" lon="73.265879"><ele>816.942</ele><time>2025-08-10T08:47:21.992Z</time></trkpt><trkpt lat="33.806161" lon="73.265863"><ele>816.726</ele><time>2025-08-10T08:47:22.992Z</time></trkpt><trkpt lat="33.806089" lon="73.265848"><ele>816.509</ele><time>2025-08-10T08:47:23.992Z</time></trkpt><trkpt lat="33.806008" lon="73.265829"><ele>816.390</ele><time>2025-08-10T08:47:24.993Z</time></trkpt><trkpt lat="33.805938" lon="73.265818"><ele>816.120</ele><time>2025-08-10T08:47:25.992Z</time></trkpt><trkpt lat="33.805873" lon="73.265789"><ele>815.864</ele><time>2025-08-10T08:47:26.992Z</time></trkpt><trkpt lat="33.805809" lon="73.265747"><ele>815.698</ele><time>2025-08-10T08:47:27.992Z</time></trkpt><trkpt lat="33.805758" lon="73.265701"><ele>815.522</ele><time>2025-08-10T08:47:28.992Z</time></trkpt><trkpt lat="33.805712" lon="73.265647"><ele>815.548</ele><time>2025-08-10T08:47:29.992Z</time></trkpt><trkpt lat="33.805675" lon="73.265585"><ele>815.511</ele><time>2025-08-10T08:47:30.992Z</time></trkpt><trkpt lat="33.805629" lon="73.265522"><ele>815.590</ele><time>2025-08-10T08:47:31.992Z</time></trkpt><trkpt lat="33.805594" lon="73.265477"><ele>815.531</ele><time>2025-08-10T08:47:32.992Z</time></trkpt><trkpt lat="33.805563" lon="73.265421"><ele>815.485</ele><time>2025-08-10T08:47:33.992Z</time></trkpt><trkpt lat="33.805526" lon="73.265359"><ele>815.289</ele><time>2025-08-10T08:47:34.992Z</time></trkpt><trkpt lat="33.805504" lon="73.265286"><ele>815.017</ele><time>2025-08-10T08:47:35.992Z</time></trkpt><trkpt lat="33.805473" lon="73.265209"><ele>814.909</ele><time>2025-08-10T08:47:36.992Z</time></trkpt><trkpt lat="33.805438" lon="73.265144"><ele>814.710</ele><time>2025-08-10T08:47:37.992Z</time></trkpt><trkpt lat="33.805401" lon="73.265079"><ele>814.690</ele><time>2025-08-10T08:47:38.992Z</time></trkpt><trkpt lat="33.805381" lon="73.264985"><ele>814.544</ele><time>2025-08-10T08:47:39.992Z</time></trkpt><trkpt lat="33.805356" lon="73.264899"><ele>814.568</ele><time>2025-08-10T08:47:40.992Z</time></trkpt><trkpt lat="33.805333" lon="73.264834"><ele>814.522</ele><time>2025-08-10T08:47:41.992Z</time></trkpt><trkpt lat="33.805306" lon="73.264767"><ele>814.578</ele><time>2025-08-10T08:47:42.992Z</time></trkpt><trkpt lat="33.805268" lon="73.264690"><ele>814.421</ele><time>2025-08-10T08:47:43.992Z</time></trkpt><trkpt lat="33.805229" lon="73.264606"><ele>814.310</ele><time>2025-08-10T08:47:44.992Z</time></trkpt><trkpt lat="33.805187" lon="73.264523"><ele>814.041</ele><time>2025-08-10T08:47:45.992Z</time></trkpt><trkpt lat="33.805144" lon="73.264444"><ele>813.668</ele><time>2025-08-10T08:47:46.992Z</time></trkpt><trkpt lat="33.805111" lon="73.264358"><ele>813.242</ele><time>2025-08-10T08:47:47.992Z</time></trkpt><trkpt lat="33.805070" lon="73.264277"><ele>812.826</ele><time>2025-08-10T08:47:48.992Z</time></trkpt><trkpt lat="33.805029" lon="73.264198"><ele>812.409</ele><time>2025-08-10T08:47:49.992Z</time></trkpt><trkpt lat="33.804963" lon="73.264124"><ele>812.168</ele><time>2025-08-10T08:47:50.992Z</time></trkpt><trkpt lat="33.804902" lon="73.264058"><ele>811.948</ele><time>2025-08-10T08:47:51.992Z</time></trkpt><trkpt lat="33.804840" lon="73.263989"><ele>811.672</ele><time>2025-08-10T08:47:52.992Z</time></trkpt><trkpt lat="33.804774" lon="73.263927"><ele>811.366</ele><time>2025-08-10T08:47:53.992Z</time></trkpt><trkpt lat="33.804700" lon="73.263873"><ele>811.150</ele><time>2025-08-10T08:47:54.992Z</time></trkpt><trkpt lat="33.804632" lon="73.263820"><ele>810.956</ele><time>2025-08-10T08:47:55.992Z</time></trkpt><trkpt lat="33.804561" lon="73.263774"><ele>810.699</ele><time>2025-08-10T08:47:56.992Z</time></trkpt><trkpt lat="33.804490" lon="73.263739"><ele>810.378</ele><time>2025-08-10T08:47:57.992Z</time></trkpt><trkpt lat="33.804409" lon="73.263722"><ele>810.059</ele><time>2025-08-10T08:47:58.992Z</time></trkpt><trkpt lat="33.804329" lon="73.263704"><ele>809.758</ele><time>2025-08-10T08:47:59.992Z</time></trkpt><trkpt lat="33.804245" lon="73.263713"><ele>809.352</ele><time>2025-08-10T08:48:00.992Z</time></trkpt><trkpt lat="33.804168" lon="73.263729"><ele>808.917</ele><time>2025-08-10T08:48:01.992Z</time></trkpt><trkpt lat="33.804087" lon="73.263753"><ele>808.609</ele><time>2025-08-10T08:48:02.992Z</time></trkpt><trkpt lat="33.804016" lon="73.263794"><ele>808.487</ele><time>2025-08-10T08:48:03.992Z</time></trkpt><trkpt lat="33.803945" lon="73.263833"><ele>808.237</ele><time>2025-08-10T08:48:04.992Z</time></trkpt><trkpt lat="33.803870" lon="73.263856"><ele>808.081</ele><time>2025-08-10T08:48:05.992Z</time></trkpt><trkpt lat="33.803797" lon="73.263884"><ele>807.865</ele><time>2025-08-10T08:48:06.992Z</time></trkpt><trkpt lat="33.803718" lon="73.263900"><ele>807.579</ele><time>2025-08-10T08:48:07.992Z</time></trkpt><trkpt lat="33.803634" lon="73.263907"><ele>807.215</ele><time>2025-08-10T08:48:08.992Z</time></trkpt><trkpt lat="33.803552" lon="73.263921"><ele>806.978</ele><time>2025-08-10T08:48:09.992Z</time></trkpt><trkpt lat="33.803485" lon="73.263907"><ele>806.647</ele><time>2025-08-10T08:48:10.992Z</time></trkpt><trkpt lat="33.803412" lon="73.263900"><ele>806.258</ele><time>2025-08-10T08:48:11.992Z</time></trkpt><trkpt lat="33.803337" lon="73.263889"><ele>805.928</ele><time>2025-08-10T08:48:12.992Z</time></trkpt><trkpt lat="33.803270" lon="73.263868"><ele>805.789</ele><time>2025-08-10T08:48:13.992Z</time></trkpt><trkpt lat="33.803189" lon="73.263844"><ele>805.517</ele><time>2025-08-10T08:48:14.992Z</time></trkpt><trkpt lat="33.803130" lon="73.263829"><ele>805.309</ele><time>2025-08-10T08:48:15.992Z</time></trkpt><trkpt lat="33.803062" lon="73.263818"><ele>805.174</ele><time>2025-08-10T08:48:16.992Z</time></trkpt><trkpt lat="33.803003" lon="73.263797"><ele>804.994</ele><time>2025-08-10T08:48:17.992Z</time></trkpt><trkpt lat="33.802954" lon="73.263780"><ele>804.868</ele><time>2025-08-10T08:48:18.992Z</time></trkpt><trkpt lat="33.802903" lon="73.263761"><ele>804.632</ele><time>2025-08-10T08:48:19.992Z</time></trkpt><trkpt lat="33.802821" lon="73.263732"><ele>804.396</ele><time>2025-08-10T08:48:21.992Z</time></trkpt><trkpt lat="33.802774" lon="73.263720"><ele>804.152</ele><time>2025-08-10T08:48:23.992Z</time></trkpt><trkpt lat="33.802742" lon="73.263669"><ele>803.835</ele><time>2025-08-10T08:48:31.992Z</time></trkpt><trkpt lat="33.802696" lon="73.263643"><ele>803.584</ele><time>2025-08-10T08:48:33.992Z</time></trkpt><trkpt lat="33.802625" lon="73.263593"><ele>803.325</ele><time>2025-08-10T08:48:35.992Z</time></trkpt><trkpt lat="33.802586" lon="73.263561"><ele>803.388</ele><time>2025-08-10T08:48:36.992Z</time></trkpt><trkpt lat="33.802534" lon="73.263509"><ele>803.324</ele><time>2025-08-10T08:48:37.992Z</time></trkpt><trkpt lat="33.802479" lon="73.263465"><ele>803.326</ele><time>2025-08-10T08:48:38.992Z</time></trkpt><trkpt lat="33.802431" lon="73.263414"><ele>803.309</ele><time>2025-08-10T08:48:39.992Z</time></trkpt><trkpt lat="33.802385" lon="73.263355"><ele>803.320</ele><time>2025-08-10T08:48:40.992Z</time></trkpt><trkpt lat="33.802341" lon="73.263307"><ele>803.390</ele><time>2025-08-10T08:48:41.992Z</time></trkpt><trkpt lat="33.802294" lon="73.263266"><ele>803.264</ele><time>2025-08-10T08:48:42.992Z</time></trkpt><trkpt lat="33.802255" lon="73.263216"><ele>803.238</ele><time>2025-08-10T08:48:43.992Z</time></trkpt><trkpt lat="33.802211" lon="73.263157"><ele>803.092</ele><time>2025-08-10T08:48:44.992Z</time></trkpt><trkpt lat="33.802165" lon="73.263091"><ele>802.828</ele><time>2025-08-10T08:48:45.992Z</time></trkpt><trkpt lat="33.802105" lon="73.263023"><ele>802.511</ele><time>2025-08-10T08:48:46.992Z</time></trkpt><trkpt lat="33.802053" lon="73.262964"><ele>802.320</ele><time>2025-08-10T08:48:47.992Z</time></trkpt><trkpt lat="33.802013" lon="73.262887"><ele>801.961</ele><time>2025-08-10T08:48:48.992Z</time></trkpt><trkpt lat="33.801962" lon="73.262821"><ele>801.427</ele><time>2025-08-10T08:48:49.992Z</time></trkpt><trkpt lat="33.801916" lon="73.262750"><ele>801.068</ele><time>2025-08-10T08:48:50.992Z</time></trkpt><trkpt lat="33.801868" lon="73.262693"><ele>800.614</ele><time>2025-08-10T08:48:51.992Z</time></trkpt><trkpt lat="33.801812" lon="73.262632"><ele>800.209</ele><time>2025-08-10T08:48:52.992Z</time></trkpt><trkpt lat="33.801753" lon="73.262578"><ele>799.984</ele><time>2025-08-10T08:48:53.992Z</time></trkpt><trkpt lat="33.801692" lon="73.262531"><ele>799.874</ele><time>2025-08-10T08:48:54.992Z</time></trkpt><trkpt lat="33.801620" lon="73.262501"><ele>799.758</ele><time>2025-08-10T08:48:55.992Z</time></trkpt><trkpt lat="33.801538" lon="73.262475"><ele>799.582</ele><time>2025-08-10T08:48:56.992Z</time></trkpt><trkpt lat="33.801456" lon="73.262461"><ele>799.346</ele><time>2025-08-10T08:48:57.992Z</time></trkpt><trkpt lat="33.801368" lon="73.262462"><ele>799.322</ele><time>2025-08-10T08:48:58.992Z</time></trkpt><trkpt lat="33.801291" lon="73.262480"><ele>799.375</ele><time>2025-08-10T08:48:59.992Z</time></trkpt><trkpt lat="33.801199" lon="73.262510"><ele>799.294</ele><time>2025-08-10T08:49:00.992Z</time></trkpt><trkpt lat="33.801112" lon="73.262563"><ele>799.055</ele><time>2025-08-10T08:49:01.992Z</time></trkpt><trkpt lat="33.801028" lon="73.262626"><ele>798.951</ele><time>2025-08-10T08:49:02.992Z</time></trkpt><trkpt lat="33.800950" lon="73.262679"><ele>798.701</ele><time>2025-08-10T08:49:03.992Z</time></trkpt><trkpt lat="33.800877" lon="73.262729"><ele>798.611</ele><time>2025-08-10T08:49:04.992Z</time></trkpt><trkpt lat="33.800801" lon="73.262774"><ele>798.609</ele><time>2025-08-10T08:49:05.992Z</time></trkpt><trkpt lat="33.800729" lon="73.262814"><ele>798.597</ele><time>2025-08-10T08:49:06.992Z</time></trkpt><trkpt lat="33.800658" lon="73.262856"><ele>798.347</ele><time>2025-08-10T08:49:07.992Z</time></trkpt><trkpt lat="33.800585" lon="73.262901"><ele>798.151</ele><time>2025-08-10T08:49:08.992Z</time></trkpt><trkpt lat="33.800515" lon="73.262959"><ele>797.915</ele><time>2025-08-10T08:49:09.992Z</time></trkpt><trkpt lat="33.800450" lon="73.263018"><ele>797.659</ele><time>2025-08-10T08:49:10.992Z</time></trkpt><trkpt lat="33.800384" lon="73.263063"><ele>797.375</ele><time>2025-08-10T08:49:11.992Z</time></trkpt><trkpt lat="33.800312" lon="73.263117"><ele>797.178</ele><time>2025-08-10T08:49:12.992Z</time></trkpt><trkpt lat="33.800239" lon="73.263165"><ele>796.917</ele><time>2025-08-10T08:49:13.992Z</time></trkpt><trkpt lat="33.800166" lon="73.263204"><ele>796.698</ele><time>2025-08-10T08:49:14.992Z</time></trkpt><trkpt lat="33.800091" lon="73.263238"><ele>796.399</ele><time>2025-08-10T08:49:15.992Z</time></trkpt><trkpt lat="33.800014" lon="73.263263"><ele>796.107</ele><time>2025-08-10T08:49:16.992Z</time></trkpt><trkpt lat="33.799929" lon="73.263282"><ele>795.827</ele><time>2025-08-10T08:49:17.992Z</time></trkpt><trkpt lat="33.799843" lon="73.263297"><ele>795.609</ele><time>2025-08-10T08:49:18.993Z</time></trkpt><trkpt lat="33.799753" lon="73.263313"><ele>795.511</ele><time>2025-08-10T08:49:19.993Z</time></trkpt><trkpt lat="33.799664" lon="73.263336"><ele>795.391</ele><time>2025-08-10T08:49:20.993Z</time></trkpt><trkpt lat="33.799575" lon="73.263343"><ele>795.155</ele><time>2025-08-10T08:49:21.992Z</time></trkpt><trkpt lat="33.799493" lon="73.263357"><ele>795.189</ele><time>2025-08-10T08:49:22.992Z</time></trkpt><trkpt lat="33.799409" lon="73.263367"><ele>795.123</ele><time>2025-08-10T08:49:23.992Z</time></trkpt><trkpt lat="33.799327" lon="73.263372"><ele>795.019</ele><time>2025-08-10T08:49:24.992Z</time></trkpt><trkpt lat="33.799233" lon="73.263383"><ele>795.092</ele><time>2025-08-10T08:49:25.992Z</time></trkpt><trkpt lat="33.799148" lon="73.263393"><ele>795.091</ele><time>2025-08-10T08:49:26.992Z</time></trkpt><trkpt lat="33.799059" lon="73.263409"><ele>794.852</ele><time>2025-08-10T08:49:27.992Z</time></trkpt><trkpt lat="33.798972" lon="73.263417"><ele>794.667</ele><time>2025-08-10T08:49:28.992Z</time></trkpt><trkpt lat="33.798889" lon="73.263430"><ele>794.581</ele><time>2025-08-10T08:49:29.992Z</time></trkpt><trkpt lat="33.798806" lon="73.263444"><ele>794.319</ele><time>2025-08-10T08:49:30.992Z</time></trkpt><trkpt lat="33.798729" lon="73.263462"><ele>794.109</ele><time>2025-08-10T08:49:31.992Z</time></trkpt><trkpt lat="33.798654" lon="73.263477"><ele>794.168</ele><time>2025-08-10T08:49:32.992Z</time></trkpt><trkpt lat="33.798583" lon="73.263487"><ele>793.918</ele><time>2025-08-10T08:49:33.992Z</time></trkpt><trkpt lat="33.798510" lon="73.263479"><ele>793.792</ele><time>2025-08-10T08:49:34.992Z</time></trkpt><trkpt lat="33.798441" lon="73.263473"><ele>793.666</ele><time>2025-08-10T08:49:35.992Z</time></trkpt><trkpt lat="33.798375" lon="73.263466"><ele>793.610</ele><time>2025-08-10T08:49:36.992Z</time></trkpt><trkpt lat="33.798305" lon="73.263435"><ele>793.656</ele><time>2025-08-10T08:49:37.992Z</time></trkpt><trkpt lat="33.798237" lon="73.263403"><ele>793.559</ele><time>2025-08-10T08:49:38.992Z</time></trkpt><trkpt lat="33.798162" lon="73.263356"><ele>793.418</ele><time>2025-08-10T08:49:39.992Z</time></trkpt><trkpt lat="33.798096" lon="73.263285"><ele>793.359</ele><time>2025-08-10T08:49:40.992Z</time></trkpt><trkpt lat="33.798028" lon="73.263208"><ele>793.287</ele><time>2025-08-10T08:49:41.992Z</time></trkpt><trkpt lat="33.797958" lon="73.263123"><ele>793.042</ele><time>2025-08-10T08:49:42.992Z</time></trkpt><trkpt lat="33.797886" lon="73.263034"><ele>792.926</ele><time>2025-08-10T08:49:43.992Z</time></trkpt><trkpt lat="33.797807" lon="73.262934"><ele>792.809</ele><time>2025-08-10T08:49:44.992Z</time></trkpt><trkpt lat="33.797732" lon="73.262831"><ele>792.560</ele><time>2025-08-10T08:49:45.992Z</time></trkpt><trkpt lat="33.797664" lon="73.262734"><ele>792.430</ele><time>2025-08-10T08:49:46.992Z</time></trkpt><trkpt lat="33.797587" lon="73.262647"><ele>792.284</ele><time>2025-08-10T08:49:47.992Z</time></trkpt><trkpt lat="33.797530" lon="73.262563"><ele>792.058</ele><time>2025-08-10T08:49:48.992Z</time></trkpt><trkpt lat="33.797471" lon="73.262496"><ele>791.872</ele><time>2025-08-10T08:49:49.992Z</time></trkpt><trkpt lat="33.797420" lon="73.262413"><ele>791.778</ele><time>2025-08-10T08:49:50.992Z</time></trkpt><trkpt lat="33.797371" lon="73.262328"><ele>791.511</ele><time>2025-08-10T08:49:51.992Z</time></trkpt><trkpt lat="33.797311" lon="73.262251"><ele>791.360</ele><time>2025-08-10T08:49:52.992Z</time></trkpt><trkpt lat="33.797257" lon="73.262171"><ele>791.261</ele><time>2025-08-10T08:49:53.992Z</time></trkpt><trkpt lat="33.797205" lon="73.262093"><ele>791.237</ele><time>2025-08-10T08:49:54.992Z</time></trkpt><trkpt lat="33.797146" lon="73.262008"><ele>791.149</ele><time>2025-08-10T08:49:55.992Z</time></trkpt><trkpt lat="33.797074" lon="73.261951"><ele>791.013</ele><time>2025-08-10T08:49:56.992Z</time></trkpt><trkpt lat="33.797015" lon="73.261882"><ele>790.909</ele><time>2025-08-10T08:49:57.992Z</time></trkpt><trkpt lat="33.796935" lon="73.261837"><ele>790.755</ele><time>2025-08-10T08:49:58.992Z</time></trkpt><trkpt lat="33.796842" lon="73.261798"><ele>790.585</ele><time>2025-08-10T08:49:59.992Z</time></trkpt><trkpt lat="33.796742" lon="73.261776"><ele>790.199</ele><time>2025-08-10T08:50:00.992Z</time></trkpt><trkpt lat="33.796650" lon="73.261771"><ele>789.913</ele><time>2025-08-10T08:50:01.992Z</time></trkpt><trkpt lat="33.796563" lon="73.261781"><ele>789.767</ele><time>2025-08-10T08:50:02.992Z</time></trkpt><trkpt lat="33.796476" lon="73.261804"><ele>789.643</ele><time>2025-08-10T08:50:03.992Z</time></trkpt><trkpt lat="33.796400" lon="73.261817"><ele>789.466</ele><time>2025-08-10T08:50:04.992Z</time></trkpt><trkpt lat="33.796325" lon="73.261823"><ele>789.225</ele><time>2025-08-10T08:50:05.992Z</time></trkpt><trkpt lat="33.796245" lon="73.261816"><ele>789.196</ele><time>2025-08-10T08:50:06.992Z</time></trkpt><trkpt lat="33.796164" lon="73.261788"><ele>789.075</ele><time>2025-08-10T08:50:07.992Z</time></trkpt><trkpt lat="33.796094" lon="73.261715"><ele>789.028</ele><time>2025-08-10T08:50:08.992Z</time></trkpt><trkpt lat="33.796038" lon="73.261625"><ele>789.120</ele><time>2025-08-10T08:50:09.992Z</time></trkpt><trkpt lat="33.795977" lon="73.261522"><ele>789.309</ele><time>2025-08-10T08:50:10.992Z</time></trkpt><trkpt lat="33.795919" lon="73.261418"><ele>789.539</ele><time>2025-08-10T08:50:11.992Z</time></trkpt><trkpt lat="33.795857" lon="73.261323"><ele>789.579</ele><time>2025-08-10T08:50:12.992Z</time></trkpt><trkpt lat="33.795799" lon="73.261224"><ele>789.683</ele><time>2025-08-10T08:50:13.992Z</time></trkpt><trkpt lat="33.795742" lon="73.261127"><ele>789.667</ele><time>2025-08-10T08:50:14.992Z</time></trkpt><trkpt lat="33.795687" lon="73.261032"><ele>789.561</ele><time>2025-08-10T08:50:15.992Z</time></trkpt><trkpt lat="33.795636" lon="73.260933"><ele>789.427</ele><time>2025-08-10T08:50:16.992Z</time></trkpt><trkpt lat="33.795584" lon="73.260842"><ele>789.340</ele><time>2025-08-10T08:50:17.992Z</time></trkpt><trkpt lat="33.795534" lon="73.260748"><ele>789.239</ele><time>2025-08-10T08:50:18.992Z</time></trkpt><trkpt lat="33.795483" lon="73.260655"><ele>789.110</ele><time>2025-08-10T08:50:19.992Z</time></trkpt><trkpt lat="33.795427" lon="73.260567"><ele>788.981</ele><time>2025-08-10T08:50:20.992Z</time></trkpt><trkpt lat="33.795372" lon="73.260477"><ele>788.961</ele><time>2025-08-10T08:50:21.992Z</time></trkpt><trkpt lat="33.795315" lon="73.260399"><ele>789.017</ele><time>2025-08-10T08:50:22.992Z</time></trkpt><trkpt lat="33.795251" lon="73.260334"><ele>789.009</ele><time>2025-08-10T08:50:23.992Z</time></trkpt><trkpt lat="33.795179" lon="73.260269"><ele>789.070</ele><time>2025-08-10T08:50:24.992Z</time></trkpt><trkpt lat="33.795091" lon="73.260222"><ele>789.160</ele><time>2025-08-10T08:50:25.992Z</time></trkpt><trkpt lat="33.794994" lon="73.260188"><ele>789.194</ele><time>2025-08-10T08:50:26.992Z</time></trkpt><trkpt lat="33.794904" lon="73.260156"><ele>789.098</ele><time>2025-08-10T08:50:27.992Z</time></trkpt><trkpt lat="33.794814" lon="73.260125"><ele>789.042</ele><time>2025-08-10T08:50:28.992Z</time></trkpt><trkpt lat="33.794726" lon="73.260079"><ele>789.048</ele><time>2025-08-10T08:50:29.992Z</time></trkpt><trkpt lat="33.794637" lon="73.260027"><ele>789.081</ele><time>2025-08-10T08:50:30.992Z</time></trkpt><trkpt lat="33.794557" lon="73.259981"><ele>789.260</ele><time>2025-08-10T08:50:31.992Z</time></trkpt><trkpt lat="33.794476" lon="73.259930"><ele>789.651</ele><time>2025-08-10T08:50:32.992Z</time></trkpt><trkpt lat="33.794397" lon="73.259880"><ele>789.642</ele><time>2025-08-10T08:50:33.992Z</time></trkpt><trkpt lat="33.794321" lon="73.259822"><ele>789.722</ele><time>2025-08-10T08:50:34.992Z</time></trkpt><trkpt lat="33.794246" lon="73.259754"><ele>789.714</ele><time>2025-08-10T08:50:35.992Z</time></trkpt><trkpt lat="33.794176" lon="73.259677"><ele>789.709</ele><time>2025-08-10T08:50:36.992Z</time></trkpt><trkpt lat="33.794112" lon="73.259587"><ele>789.496</ele><time>2025-08-10T08:50:37.992Z</time></trkpt><trkpt lat="33.794044" lon="73.259498"><ele>789.416</ele><time>2025-08-10T08:50:38.992Z</time></trkpt><trkpt lat="33.793979" lon="73.259404"><ele>789.350</ele><time>2025-08-10T08:50:39.992Z</time></trkpt><trkpt lat="33.793911" lon="73.259305"><ele>789.014</ele><time>2025-08-10T08:50:40.992Z</time></trkpt><trkpt lat="33.793833" lon="73.259223"><ele>788.768</ele><time>2025-08-10T08:50:41.992Z</time></trkpt><trkpt lat="33.793769" lon="73.259145"><ele>788.314</ele><time>2025-08-10T08:50:42.992Z</time></trkpt><trkpt lat="33.793710" lon="73.259048"><ele>788.017</ele><time>2025-08-10T08:50:43.992Z</time></trkpt><trkpt lat="33.793646" lon="73.258952"><ele>787.686</ele><time>2025-08-10T08:50:44.992Z</time></trkpt><trkpt lat="33.793574" lon="73.258867"><ele>787.197</ele><time>2025-08-10T08:50:45.992Z</time></trkpt><trkpt lat="33.793514" lon="73.258778"><ele>786.829</ele><time>2025-08-10T08:50:46.992Z</time></trkpt><trkpt lat="33.793453" lon="73.258690"><ele>786.500</ele><time>2025-08-10T08:50:47.992Z</time></trkpt><trkpt lat="33.793390" lon="73.258598"><ele>786.220</ele><time>2025-08-10T08:50:48.992Z</time></trkpt><trkpt lat="33.793334" lon="73.258508"><ele>785.909</ele><time>2025-08-10T08:50:49.992Z</time></trkpt><trkpt lat="33.793284" lon="73.258407"><ele>785.674</ele><time>2025-08-10T08:50:50.992Z</time></trkpt><trkpt lat="33.793224" lon="73.258309"><ele>785.214</ele><time>2025-08-10T08:50:51.992Z</time></trkpt><trkpt lat="33.793170" lon="73.258213"><ele>784.838</ele><time>2025-08-10T08:50:52.992Z</time></trkpt><trkpt lat="33.793121" lon="73.258114"><ele>784.492</ele><time>2025-08-10T08:50:53.992Z</time></trkpt><trkpt lat="33.793075" lon="73.258017"><ele>784.286</ele><time>2025-08-10T08:50:54.992Z</time></trkpt><trkpt lat="33.793025" lon="73.257922"><ele>783.962</ele><time>2025-08-10T08:50:55.992Z</time></trkpt><trkpt lat="33.792978" lon="73.257831"><ele>783.525</ele><time>2025-08-10T08:50:56.992Z</time></trkpt><trkpt lat="33.792917" lon="73.257731"><ele>783.354</ele><time>2025-08-10T08:50:57.992Z</time></trkpt><trkpt lat="33.792849" lon="73.257642"><ele>783.185</ele><time>2025-08-10T08:50:58.992Z</time></trkpt><trkpt lat="33.792785" lon="73.257554"><ele>782.834</ele><time>2025-08-10T08:50:59.992Z</time></trkpt><trkpt lat="33.792714" lon="73.257469"><ele>782.655</ele><time>2025-08-10T08:51:00.992Z</time></trkpt><trkpt lat="33.792660" lon="73.257382"><ele>782.310</ele><time>2025-08-10T08:51:01.992Z</time></trkpt><trkpt lat="33.792605" lon="73.257287"><ele>781.909</ele><time>2025-08-10T08:51:02.992Z</time></trkpt><trkpt lat="33.792556" lon="73.257187"><ele>781.545</ele><time>2025-08-10T08:51:03.992Z</time></trkpt><trkpt lat="33.792511" lon="73.257086"><ele>781.155</ele><time>2025-08-10T08:51:04.992Z</time></trkpt><trkpt lat="33.792470" lon="73.256979"><ele>780.889</ele><time>2025-08-10T08:51:05.992Z</time></trkpt><trkpt lat="33.792424" lon="73.256871"><ele>780.893</ele><time>2025-08-10T08:51:06.992Z</time></trkpt><trkpt lat="33.792376" lon="73.256769"><ele>780.857</ele><time>2025-08-10T08:51:07.992Z</time></trkpt><trkpt lat="33.792329" lon="73.256665"><ele>780.973</ele><time>2025-08-10T08:51:08.992Z</time></trkpt><trkpt lat="33.792284" lon="73.256572"><ele>780.996</ele><time>2025-08-10T08:51:09.992Z</time></trkpt><trkpt lat="33.792235" lon="73.256471"><ele>780.845</ele><time>2025-08-10T08:51:10.992Z</time></trkpt><trkpt lat="33.792187" lon="73.256369"><ele>780.726</ele><time>2025-08-10T08:51:11.992Z</time></trkpt><trkpt lat="33.792138" lon="73.256277"><ele>780.574</ele><time>2025-08-10T08:51:12.992Z</time></trkpt><trkpt lat="33.792090" lon="73.256179"><ele>780.356</ele><time>2025-08-10T08:51:13.992Z</time></trkpt><trkpt lat="33.792047" lon="73.256080"><ele>780.221</ele><time>2025-08-10T08:51:14.992Z</time></trkpt><trkpt lat="33.792002" lon="73.255986"><ele>780.209</ele><time>2025-08-10T08:51:15.992Z</time></trkpt><trkpt lat="33.791956" lon="73.255894"><ele>780.279</ele><time>2025-08-10T08:51:16.992Z</time></trkpt><trkpt lat="33.791901" lon="73.255812"><ele>780.219</ele><time>2025-08-10T08:51:17.992Z</time></trkpt><trkpt lat="33.791852" lon="73.255726"><ele>780.333</ele><time>2025-08-10T08:51:18.992Z</time></trkpt><trkpt lat="33.791797" lon="73.255641"><ele>780.437</ele><time>2025-08-10T08:51:19.992Z</time></trkpt><trkpt lat="33.791742" lon="73.255554"><ele>780.461</ele><time>2025-08-10T08:51:20.992Z</time></trkpt><trkpt lat="33.791693" lon="73.255469"><ele>780.347</ele><time>2025-08-10T08:51:21.992Z</time></trkpt><trkpt lat="33.791654" lon="73.255382"><ele>780.280</ele><time>2025-08-10T08:51:22.992Z</time></trkpt><trkpt lat="33.791610" lon="73.255307"><ele>780.039</ele><time>2025-08-10T08:51:23.992Z</time></trkpt><trkpt lat="33.791559" lon="73.255235"><ele>779.830</ele><time>2025-08-10T08:51:24.992Z</time></trkpt><trkpt lat="33.791519" lon="73.255161"><ele>779.621</ele><time>2025-08-10T08:51:25.992Z</time></trkpt><trkpt lat="33.791485" lon="73.255080"><ele>779.541</ele><time>2025-08-10T08:51:26.992Z</time></trkpt><trkpt lat="33.791455" lon="73.255007"><ele>779.405</ele><time>2025-08-10T08:51:27.992Z</time></trkpt><trkpt lat="33.791424" lon="73.254930"><ele>779.409</ele><time>2025-08-10T08:51:28.992Z</time></trkpt><trkpt lat="33.791391" lon="73.254849"><ele>779.454</ele><time>2025-08-10T08:51:29.992Z</time></trkpt><trkpt lat="33.791354" lon="73.254790"><ele>779.614</ele><time>2025-08-10T08:51:30.992Z</time></trkpt><trkpt lat="33.791316" lon="73.254720"><ele>779.948</ele><time>2025-08-10T08:51:31.992Z</time></trkpt><trkpt lat="33.791274" lon="73.254645"><ele>780.142</ele><time>2025-08-10T08:51:32.992Z</time></trkpt><trkpt lat="33.791229" lon="73.254568"><ele>780.296</ele><time>2025-08-10T08:51:33.992Z</time></trkpt><trkpt lat="33.791175" lon="73.254478"><ele>780.232</ele><time>2025-08-10T08:51:34.992Z</time></trkpt><trkpt lat="33.791124" lon="73.254383"><ele>780.245</ele><time>2025-08-10T08:51:35.992Z</time></trkpt><trkpt lat="33.791077" lon="73.254301"><ele>780.034</ele><time>2025-08-10T08:51:36.992Z</time></trkpt><trkpt lat="33.791017" lon="73.254221"><ele>779.845</ele><time>2025-08-10T08:51:37.992Z</time></trkpt><trkpt lat="33.790954" lon="73.254122"><ele>779.619</ele><time>2025-08-10T08:51:38.992Z</time></trkpt><trkpt lat="33.790904" lon="73.254034"><ele>779.209</ele><time>2025-08-10T08:51:39.992Z</time></trkpt><trkpt lat="33.790846" lon="73.253955"><ele>778.819</ele><time>2025-08-10T08:51:40.992Z</time></trkpt><trkpt lat="33.790786" lon="73.253874"><ele>778.709</ele><time>2025-08-10T08:51:41.992Z</time></trkpt><trkpt lat="33.790721" lon="73.253805"><ele>778.573</ele><time>2025-08-10T08:51:42.992Z</time></trkpt><trkpt lat="33.790657" lon="73.253736"><ele>778.293</ele><time>2025-08-10T08:51:43.992Z</time></trkpt><trkpt lat="33.790579" lon="73.253665"><ele>777.677</ele><time>2025-08-10T08:51:44.992Z</time></trkpt><trkpt lat="33.790502" lon="73.253610"><ele>776.421</ele><time>2025-08-10T08:51:45.992Z</time></trkpt><trkpt lat="33.790415" lon="73.253554"><ele>776.475</ele><time>2025-08-10T08:51:46.992Z</time></trkpt><trkpt lat="33.790326" lon="73.253499"><ele>776.071</ele><time>2025-08-10T08:51:47.992Z</time></trkpt><trkpt lat="33.790253" lon="73.253449"><ele>776.034</ele><time>2025-08-10T08:51:48.992Z</time></trkpt><trkpt lat="33.790183" lon="73.253409"><ele>776.253</ele><time>2025-08-10T08:51:49.992Z</time></trkpt><trkpt lat="33.790139" lon="73.253368"><ele>776.344</ele><time>2025-08-10T08:51:50.992Z</time></trkpt><trkpt lat="33.790100" lon="73.253319"><ele>776.369</ele><time>2025-08-10T08:51:51.992Z</time></trkpt><trkpt lat="33.790052" lon="73.253269"><ele>776.104</ele><time>2025-08-10T08:51:52.992Z</time></trkpt><trkpt lat="33.789999" lon="73.253220"><ele>775.624</ele><time>2025-08-10T08:51:53.992Z</time></trkpt><trkpt lat="33.789943" lon="73.253150"><ele>774.709</ele><time>2025-08-10T08:51:54.992Z</time></trkpt><trkpt lat="33.789892" lon="73.253078"><ele>773.378</ele><time>2025-08-10T08:51:55.992Z</time></trkpt><trkpt lat="33.789843" lon="73.253004"><ele>772.838</ele><time>2025-08-10T08:51:56.992Z</time></trkpt><trkpt lat="33.789794" lon="73.252936"><ele>772.772</ele><time>2025-08-10T08:51:57.992Z</time></trkpt><trkpt lat="33.789739" lon="73.252869"><ele>772.646</ele><time>2025-08-10T08:51:58.992Z</time></trkpt><trkpt lat="33.789689" lon="73.252796"><ele>772.320</ele><time>2025-08-10T08:51:59.992Z</time></trkpt><trkpt lat="33.789644" lon="73.252714"><ele>772.196</ele><time>2025-08-10T08:52:00.992Z</time></trkpt><trkpt lat="33.789598" lon="73.252633"><ele>772.149</ele><time>2025-08-10T08:52:01.992Z</time></trkpt><trkpt lat="33.789566" lon="73.252546"><ele>772.088</ele><time>2025-08-10T08:52:02.992Z</time></trkpt><trkpt lat="33.789541" lon="73.252469"><ele>771.939</ele><time>2025-08-10T08:52:03.992Z</time></trkpt><trkpt lat="33.789517" lon="73.252382"><ele>771.965</ele><time>2025-08-10T08:52:04.992Z</time></trkpt><trkpt lat="33.789488" lon="73.252292"><ele>771.968</ele><time>2025-08-10T08:52:05.992Z</time></trkpt><trkpt lat="33.789451" lon="73.252210"><ele>771.814</ele><time>2025-08-10T08:52:06.992Z</time></trkpt><trkpt lat="33.789401" lon="73.252118"><ele>771.709</ele><time>2025-08-10T08:52:07.992Z</time></trkpt><trkpt lat="33.789340" lon="73.252030"><ele>771.668</ele><time>2025-08-10T08:52:08.992Z</time></trkpt><trkpt lat="33.789285" lon="73.251938"><ele>771.378</ele><time>2025-08-10T08:52:09.992Z</time></trkpt><trkpt lat="33.789229" lon="73.251852"><ele>771.152</ele><time>2025-08-10T08:52:10.992Z</time></trkpt><trkpt lat="33.789176" lon="73.251756"><ele>771.056</ele><time>2025-08-10T08:52:11.992Z</time></trkpt><trkpt lat="33.789126" lon="73.251669"><ele>770.870</ele><time>2025-08-10T08:52:12.992Z</time></trkpt><trkpt lat="33.789093" lon="73.251587"><ele>770.616</ele><time>2025-08-10T08:52:13.992Z</time></trkpt><trkpt lat="33.789056" lon="73.251497"><ele>770.339</ele><time>2025-08-10T08:52:14.992Z</time></trkpt><trkpt lat="33.789043" lon="73.251394"><ele>770.188</ele><time>2025-08-10T08:52:15.992Z</time></trkpt><trkpt lat="33.789035" lon="73.251306"><ele>769.859</ele><time>2025-08-10T08:52:16.992Z</time></trkpt><trkpt lat="33.789034" lon="73.251205"><ele>769.573</ele><time>2025-08-10T08:52:17.992Z</time></trkpt><trkpt lat="33.789026" lon="73.251095"><ele>769.385</ele><time>2025-08-10T08:52:18.992Z</time></trkpt><trkpt lat="33.789020" lon="73.250985"><ele>769.313</ele><time>2025-08-10T08:52:19.992Z</time></trkpt><trkpt lat="33.789002" lon="73.250880"><ele>769.309</ele><time>2025-08-10T08:52:20.992Z</time></trkpt><trkpt lat="33.788969" lon="73.250777"><ele>769.359</ele><time>2025-08-10T08:52:21.992Z</time></trkpt><trkpt lat="33.788929" lon="73.250684"><ele>769.259</ele><time>2025-08-10T08:52:22.992Z</time></trkpt><trkpt lat="33.788875" lon="73.250597"><ele>768.913</ele><time>2025-08-10T08:52:23.992Z</time></trkpt><trkpt lat="33.788811" lon="73.250516"><ele>768.427</ele><time>2025-08-10T08:52:24.992Z</time></trkpt><trkpt lat="33.788748" lon="73.250451"><ele>768.231</ele><time>2025-08-10T08:52:25.992Z</time></trkpt><trkpt lat="33.788679" lon="73.250388"><ele>767.827</ele><time>2025-08-10T08:52:26.992Z</time></trkpt><trkpt lat="33.788603" lon="73.250320"><ele>767.640</ele><time>2025-08-10T08:52:27.992Z</time></trkpt><trkpt lat="33.788518" lon="73.250259"><ele>767.549</ele><time>2025-08-10T08:52:28.992Z</time></trkpt><trkpt lat="33.788431" lon="73.250199"><ele>767.450</ele><time>2025-08-10T08:52:29.992Z</time></trkpt><trkpt lat="33.788350" lon="73.250141"><ele>767.436</ele><time>2025-08-10T08:52:30.992Z</time></trkpt><trkpt lat="33.788270" lon="73.250083"><ele>767.217</ele><time>2025-08-10T08:52:31.992Z</time></trkpt><trkpt lat="33.788198" lon="73.250021"><ele>767.118</ele><time>2025-08-10T08:52:32.992Z</time></trkpt><trkpt lat="33.788131" lon="73.249951"><ele>767.009</ele><time>2025-08-10T08:52:33.992Z</time></trkpt><trkpt lat="33.788065" lon="73.249880"><ele>766.855</ele><time>2025-08-10T08:52:34.992Z</time></trkpt><trkpt lat="33.787999" lon="73.249809"><ele>766.535</ele><time>2025-08-10T08:52:35.992Z</time></trkpt><trkpt lat="33.787940" lon="73.249739"><ele>766.319</ele><time>2025-08-10T08:52:36.992Z</time></trkpt><trkpt lat="33.787889" lon="73.249679"><ele>766.133</ele><time>2025-08-10T08:52:37.992Z</time></trkpt><trkpt lat="33.787828" lon="73.249604"><ele>765.887</ele><time>2025-08-10T08:52:38.992Z</time></trkpt><trkpt lat="33.787772" lon="73.249526"><ele>765.753</ele><time>2025-08-10T08:52:39.992Z</time></trkpt><trkpt lat="33.787716" lon="73.249439"><ele>765.756</ele><time>2025-08-10T08:52:40.992Z</time></trkpt><trkpt lat="33.787666" lon="73.249350"><ele>765.795</ele><time>2025-08-10T08:52:41.992Z</time></trkpt><trkpt lat="33.787626" lon="73.249247"><ele>765.746</ele><time>2025-08-10T08:52:42.992Z</time></trkpt><trkpt lat="33.787594" lon="73.249142"><ele>765.621</ele><time>2025-08-10T08:52:43.992Z</time></trkpt><trkpt lat="33.787560" lon="73.249039"><ele>765.541</ele><time>2025-08-10T08:52:44.992Z</time></trkpt><trkpt lat="33.787525" lon="73.248933"><ele>765.205</ele><time>2025-08-10T08:52:45.992Z</time></trkpt><trkpt lat="33.787480" lon="73.248833"><ele>764.809</ele><time>2025-08-10T08:52:46.992Z</time></trkpt><trkpt lat="33.787424" lon="73.248734"><ele>764.414</ele><time>2025-08-10T08:52:47.992Z</time></trkpt><trkpt lat="33.787372" lon="73.248644"><ele>764.214</ele><time>2025-08-10T08:52:48.992Z</time></trkpt><trkpt lat="33.787327" lon="73.248560"><ele>763.918</ele><time>2025-08-10T08:52:49.992Z</time></trkpt><trkpt lat="33.787293" lon="73.248471"><ele>763.972</ele><time>2025-08-10T08:52:50.992Z</time></trkpt><trkpt lat="33.787251" lon="73.248392"><ele>763.866</ele><time>2025-08-10T08:52:51.992Z</time></trkpt><trkpt lat="33.787212" lon="73.248305"><ele>763.652</ele><time>2025-08-10T08:52:52.992Z</time></trkpt><trkpt lat="33.787160" lon="73.248229"><ele>763.465</ele><time>2025-08-10T08:52:53.992Z</time></trkpt><trkpt lat="33.787085" lon="73.248175"><ele>763.244</ele><time>2025-08-10T08:52:54.992Z</time></trkpt><trkpt lat="33.787004" lon="73.248129"><ele>762.965</ele><time>2025-08-10T08:52:55.992Z</time></trkpt><trkpt lat="33.786914" lon="73.248100"><ele>762.575</ele><time>2025-08-10T08:52:56.992Z</time></trkpt><trkpt lat="33.786818" lon="73.248082"><ele>762.028</ele><time>2025-08-10T08:52:57.992Z</time></trkpt><trkpt lat="33.786734" lon="73.248052"><ele>761.720</ele><time>2025-08-10T08:52:58.992Z</time></trkpt><trkpt lat="33.786656" lon="73.248005"><ele>761.509</ele><time>2025-08-10T08:52:59.992Z</time></trkpt><trkpt lat="33.786588" lon="73.247937"><ele>761.499</ele><time>2025-08-10T08:53:00.992Z</time></trkpt><trkpt lat="33.786528" lon="73.247868"><ele>761.249</ele><time>2025-08-10T08:53:01.992Z</time></trkpt><trkpt lat="33.786479" lon="73.247797"><ele>760.913</ele><time>2025-08-10T08:53:02.992Z</time></trkpt><trkpt lat="33.786428" lon="73.247733"><ele>760.657</ele><time>2025-08-10T08:53:03.992Z</time></trkpt><trkpt lat="33.786364" lon="73.247663"><ele>760.321</ele><time>2025-08-10T08:53:04.992Z</time></trkpt><trkpt lat="33.786281" lon="73.247601"><ele>760.057</ele><time>2025-08-10T08:53:05.992Z</time></trkpt><trkpt lat="33.786188" lon="73.247554"><ele>759.750</ele><time>2025-08-10T08:53:06.992Z</time></trkpt><trkpt lat="33.786096" lon="73.247512"><ele>759.739</ele><time>2025-08-10T08:53:07.992Z</time></trkpt><trkpt lat="33.786010" lon="73.247473"><ele>759.730</ele><time>2025-08-10T08:53:08.992Z</time></trkpt><trkpt lat="33.785921" lon="73.247436"><ele>759.752</ele><time>2025-08-10T08:53:09.992Z</time></trkpt><trkpt lat="33.785828" lon="73.247404"><ele>759.853</ele><time>2025-08-10T08:53:10.992Z</time></trkpt><trkpt lat="33.785739" lon="73.247368"><ele>759.908</ele><time>2025-08-10T08:53:11.992Z</time></trkpt><trkpt lat="33.785658" lon="73.247336"><ele>759.909</ele><time>2025-08-10T08:53:12.992Z</time></trkpt><trkpt lat="33.785586" lon="73.247300"><ele>759.937</ele><time>2025-08-10T08:53:13.992Z</time></trkpt><trkpt lat="33.785508" lon="73.247270"><ele>759.937</ele><time>2025-08-10T08:53:14.992Z</time></trkpt><trkpt lat="33.785424" lon="73.247232"><ele>759.831</ele><time>2025-08-10T08:53:15.992Z</time></trkpt><trkpt lat="33.785347" lon="73.247194"><ele>759.825</ele><time>2025-08-10T08:53:16.992Z</time></trkpt><trkpt lat="33.785272" lon="73.247144"><ele>759.819</ele><time>2025-08-10T08:53:17.992Z</time></trkpt><trkpt lat="33.785194" lon="73.247083"><ele>759.855</ele><time>2025-08-10T08:53:18.992Z</time></trkpt><trkpt lat="33.785119" lon="73.247016"><ele>759.828</ele><time>2025-08-10T08:53:19.992Z</time></trkpt><trkpt lat="33.785051" lon="73.246951"><ele>759.787</ele><time>2025-08-10T08:53:20.992Z</time></trkpt><trkpt lat="33.784978" lon="73.246887"><ele>759.568</ele><time>2025-08-10T08:53:21.992Z</time></trkpt><trkpt lat="33.784903" lon="73.246811"><ele>759.214</ele><time>2025-08-10T08:53:22.992Z</time></trkpt><trkpt lat="33.784840" lon="73.246745"><ele>758.954</ele><time>2025-08-10T08:53:23.992Z</time></trkpt><trkpt lat="33.784776" lon="73.246674"><ele>758.709</ele><time>2025-08-10T08:53:24.992Z</time></trkpt><trkpt lat="33.784715" lon="73.246596"><ele>758.309</ele><time>2025-08-10T08:53:25.992Z</time></trkpt><trkpt lat="33.784659" lon="73.246519"><ele>757.913</ele><time>2025-08-10T08:53:26.992Z</time></trkpt><trkpt lat="33.784614" lon="73.246439"><ele>757.533</ele><time>2025-08-10T08:53:27.992Z</time></trkpt><trkpt lat="33.784564" lon="73.246359"><ele>757.137</ele><time>2025-08-10T08:53:28.992Z</time></trkpt><trkpt lat="33.784520" lon="73.246280"><ele>756.821</ele><time>2025-08-10T08:53:29.992Z</time></trkpt><trkpt lat="33.784482" lon="73.246205"><ele>756.685</ele><time>2025-08-10T08:53:30.992Z</time></trkpt><trkpt lat="33.784456" lon="73.246134"><ele>756.421</ele><time>2025-08-10T08:53:31.992Z</time></trkpt><trkpt lat="33.784435" lon="73.246059"><ele>756.364</ele><time>2025-08-10T08:53:32.992Z</time></trkpt><trkpt lat="33.784411" lon="73.245991"><ele>756.333</ele><time>2025-08-10T08:53:33.993Z</time></trkpt><trkpt lat="33.784387" lon="73.245912"><ele>756.254</ele><time>2025-08-10T08:53:34.993Z</time></trkpt><trkpt lat="33.784367" lon="73.245839"><ele>756.045</ele><time>2025-08-10T08:53:35.993Z</time></trkpt><trkpt lat="33.784362" lon="73.245758"><ele>755.847</ele><time>2025-08-10T08:53:36.993Z</time></trkpt><trkpt lat="33.784356" lon="73.245681"><ele>755.711</ele><time>2025-08-10T08:53:37.993Z</time></trkpt><trkpt lat="33.784345" lon="73.245596"><ele>755.509</ele><time>2025-08-10T08:53:38.993Z</time></trkpt><trkpt lat="33.784334" lon="73.245520"><ele>755.246</ele><time>2025-08-10T08:53:39.993Z</time></trkpt><trkpt lat="33.784328" lon="73.245437"><ele>754.726</ele><time>2025-08-10T08:53:40.993Z</time></trkpt><trkpt lat="33.784322" lon="73.245358"><ele>754.440</ele><time>2025-08-10T08:53:41.993Z</time></trkpt><trkpt lat="33.784315" lon="73.245291"><ele>754.344</ele><time>2025-08-10T08:53:42.994Z</time></trkpt><trkpt lat="33.784312" lon="73.245236"><ele>754.018</ele><time>2025-08-10T08:53:43.993Z</time></trkpt><trkpt lat="33.784298" lon="73.245178"><ele>753.724</ele><time>2025-08-10T08:53:44.993Z</time></trkpt><trkpt lat="33.784277" lon="73.245119"><ele>753.577</ele><time>2025-08-10T08:53:45.993Z</time></trkpt><trkpt lat="33.784253" lon="73.245057"><ele>753.486</ele><time>2025-08-10T08:53:46.993Z</time></trkpt><trkpt lat="33.784236" lon="73.244996"><ele>753.177</ele><time>2025-08-10T08:53:47.993Z</time></trkpt><trkpt lat="33.784222" lon="73.244944"><ele>752.885</ele><time>2025-08-10T08:53:48.993Z</time></trkpt><trkpt lat="33.784184" lon="73.244856"><ele>752.489</ele><time>2025-08-10T08:53:50.993Z</time></trkpt><trkpt lat="33.784154" lon="73.244807"><ele>752.217</ele><time>2025-08-10T08:53:52.993Z</time></trkpt><trkpt lat="33.784105" lon="73.244730"><ele>751.909</ele><time>2025-08-10T08:53:55.993Z</time></trkpt><trkpt lat="33.784068" lon="73.244640"><ele>751.120</ele><time>2025-08-10T08:53:57.993Z</time></trkpt><trkpt lat="33.784041" lon="73.244594"><ele>750.780</ele><time>2025-08-10T08:53:58.993Z</time></trkpt><trkpt lat="33.784015" lon="73.244548"><ele>750.314</ele><time>2025-08-10T08:53:59.993Z</time></trkpt><trkpt lat="33.783977" lon="73.244497"><ele>750.118</ele><time>2025-08-10T08:54:00.993Z</time></trkpt><trkpt lat="33.783931" lon="73.244446"><ele>750.092</ele><time>2025-08-10T08:54:01.993Z</time></trkpt><trkpt lat="33.783884" lon="73.244400"><ele>749.928</ele><time>2025-08-10T08:54:02.993Z</time></trkpt><trkpt lat="33.783827" lon="73.244346"><ele>749.651</ele><time>2025-08-10T08:54:03.993Z</time></trkpt><trkpt lat="33.783769" lon="73.244278"><ele>749.310</ele><time>2025-08-10T08:54:04.993Z</time></trkpt><trkpt lat="33.783707" lon="73.244215"><ele>749.261</ele><time>2025-08-10T08:54:05.993Z</time></trkpt><trkpt lat="33.783642" lon="73.244150"><ele>749.057</ele><time>2025-08-10T08:54:06.993Z</time></trkpt><trkpt lat="33.783564" lon="73.244093"><ele>748.600</ele><time>2025-08-10T08:54:07.993Z</time></trkpt><trkpt lat="33.783491" lon="73.244034"><ele>748.220</ele><time>2025-08-10T08:54:08.993Z</time></trkpt><trkpt lat="33.783412" lon="73.243975"><ele>747.509</ele><time>2025-08-10T08:54:09.993Z</time></trkpt><trkpt lat="33.783327" lon="73.243940"><ele>747.197</ele><time>2025-08-10T08:54:10.993Z</time></trkpt><trkpt lat="33.783257" lon="73.243893"><ele>747.037</ele><time>2025-08-10T08:54:11.993Z</time></trkpt><trkpt lat="33.783179" lon="73.243850"><ele>746.961</ele><time>2025-08-10T08:54:12.993Z</time></trkpt><trkpt lat="33.783103" lon="73.243797"><ele>746.875</ele><time>2025-08-10T08:54:13.993Z</time></trkpt><trkpt lat="33.783031" lon="73.243749"><ele>746.769</ele><time>2025-08-10T08:54:14.993Z</time></trkpt><trkpt lat="33.782968" lon="73.243686"><ele>746.445</ele><time>2025-08-10T08:54:15.993Z</time></trkpt><trkpt lat="33.782910" lon="73.243614"><ele>746.068</ele><time>2025-08-10T08:54:16.993Z</time></trkpt><trkpt lat="33.782850" lon="73.243538"><ele>745.717</ele><time>2025-08-10T08:54:17.993Z</time></trkpt><trkpt lat="33.782784" lon="73.243470"><ele>745.468</ele><time>2025-08-10T08:54:18.993Z</time></trkpt><trkpt lat="33.782711" lon="73.243407"><ele>745.225</ele><time>2025-08-10T08:54:19.993Z</time></trkpt><trkpt lat="33.782641" lon="73.243338"><ele>745.226</ele><time>2025-08-10T08:54:20.993Z</time></trkpt><trkpt lat="33.782576" lon="73.243271"><ele>745.208</ele><time>2025-08-10T08:54:21.993Z</time></trkpt><trkpt lat="33.782510" lon="73.243214"><ele>745.109</ele><time>2025-08-10T08:54:22.993Z</time></trkpt><trkpt lat="33.782435" lon="73.243169"><ele>744.994</ele><time>2025-08-10T08:54:23.993Z</time></trkpt><trkpt lat="33.782352" lon="73.243136"><ele>744.764</ele><time>2025-08-10T08:54:24.993Z</time></trkpt><trkpt lat="33.782262" lon="73.243110"><ele>744.428</ele><time>2025-08-10T08:54:25.993Z</time></trkpt><trkpt lat="33.782170" lon="73.243083"><ele>744.112</ele><time>2025-08-10T08:54:26.993Z</time></trkpt><trkpt lat="33.782080" lon="73.243055"><ele>744.126</ele><time>2025-08-10T08:54:27.993Z</time></trkpt><trkpt lat="33.781989" lon="73.243030"><ele>744.152</ele><time>2025-08-10T08:54:28.993Z</time></trkpt><trkpt lat="33.781894" lon="73.242996"><ele>744.265</ele><time>2025-08-10T08:54:29.993Z</time></trkpt><trkpt lat="33.781788" lon="73.242965"><ele>744.454</ele><time>2025-08-10T08:54:30.993Z</time></trkpt><trkpt lat="33.781689" lon="73.242924"><ele>744.635</ele><time>2025-08-10T08:54:31.993Z</time></trkpt><trkpt lat="33.781592" lon="73.242879"><ele>744.737</ele><time>2025-08-10T08:54:32.993Z</time></trkpt><trkpt lat="33.781507" lon="73.242833"><ele>744.949</ele><time>2025-08-10T08:54:33.993Z</time></trkpt><trkpt lat="33.781426" lon="73.242785"><ele>744.913</ele><time>2025-08-10T08:54:34.993Z</time></trkpt><trkpt lat="33.781366" lon="73.242749"><ele>744.909</ele><time>2025-08-10T08:54:35.993Z</time></trkpt><trkpt lat="33.781315" lon="73.242713"><ele>744.855</ele><time>2025-08-10T08:54:36.993Z</time></trkpt><trkpt lat="33.781261" lon="73.242680"><ele>744.635</ele><time>2025-08-10T08:54:37.993Z</time></trkpt><trkpt lat="33.781208" lon="73.242636"><ele>744.519</ele><time>2025-08-10T08:54:38.993Z</time></trkpt><trkpt lat="33.781147" lon="73.242593"><ele>744.233</ele><time>2025-08-10T08:54:39.993Z</time></trkpt><trkpt lat="33.781078" lon="73.242549"><ele>743.997</ele><time>2025-08-10T08:54:40.993Z</time></trkpt><trkpt lat="33.781011" lon="73.242492"><ele>743.943</ele><time>2025-08-10T08:54:41.993Z</time></trkpt><trkpt lat="33.780944" lon="73.242424"><ele>743.926</ele><time>2025-08-10T08:54:42.993Z</time></trkpt><trkpt lat="33.780879" lon="73.242348"><ele>744.265</ele><time>2025-08-10T08:54:43.993Z</time></trkpt><trkpt lat="33.780816" lon="73.242268"><ele>744.636</ele><time>2025-08-10T08:54:44.993Z</time></trkpt><trkpt lat="33.780749" lon="73.242185"><ele>745.133</ele><time>2025-08-10T08:54:45.993Z</time></trkpt><trkpt lat="33.780686" lon="73.242099"><ele>745.423</ele><time>2025-08-10T08:54:46.993Z</time></trkpt><trkpt lat="33.780614" lon="73.242011"><ele>745.515</ele><time>2025-08-10T08:54:47.993Z</time></trkpt><trkpt lat="33.780541" lon="73.241920"><ele>745.609</ele><time>2025-08-10T08:54:48.993Z</time></trkpt><trkpt lat="33.780474" lon="73.241831"><ele>745.855</ele><time>2025-08-10T08:54:49.993Z</time></trkpt><trkpt lat="33.780405" lon="73.241749"><ele>746.135</ele><time>2025-08-10T08:54:50.993Z</time></trkpt><trkpt lat="33.780337" lon="73.241681"><ele>746.569</ele><time>2025-08-10T08:54:51.993Z</time></trkpt><trkpt lat="33.780276" lon="73.241617"><ele>746.773</ele><time>2025-08-10T08:54:52.993Z</time></trkpt><trkpt lat="33.780216" lon="73.241564"><ele>747.167</ele><time>2025-08-10T08:54:53.993Z</time></trkpt><trkpt lat="33.780171" lon="73.241485"><ele>747.433</ele><time>2025-08-10T08:54:54.993Z</time></trkpt><trkpt lat="33.780146" lon="73.241392"><ele>747.676</ele><time>2025-08-10T08:54:55.993Z</time></trkpt><trkpt lat="33.780123" lon="73.241305"><ele>747.785</ele><time>2025-08-10T08:54:56.993Z</time></trkpt><trkpt lat="33.780109" lon="73.241224"><ele>747.856</ele><time>2025-08-10T08:54:57.993Z</time></trkpt><trkpt lat="33.780104" lon="73.241141"><ele>747.932</ele><time>2025-08-10T08:54:58.993Z</time></trkpt><trkpt lat="33.780101" lon="73.241048"><ele>748.192</ele><time>2025-08-10T08:54:59.993Z</time></trkpt><trkpt lat="33.780099" lon="73.240956"><ele>748.311</ele><time>2025-08-10T08:55:00.993Z</time></trkpt><trkpt lat="33.780098" lon="73.240871"><ele>748.609</ele><time>2025-08-10T08:55:01.993Z</time></trkpt><trkpt lat="33.780108" lon="73.240782"><ele>748.845</ele><time>2025-08-10T08:55:02.993Z</time></trkpt><trkpt lat="33.780109" lon="73.240696"><ele>749.065</ele><time>2025-08-10T08:55:03.993Z</time></trkpt><trkpt lat="33.780100" lon="73.240603"><ele>749.159</ele><time>2025-08-10T08:55:04.993Z</time></trkpt><trkpt lat="33.780070" lon="73.240506"><ele>749.213</ele><time>2025-08-10T08:55:05.993Z</time></trkpt><trkpt lat="33.780040" lon="73.240408"><ele>749.367</ele><time>2025-08-10T08:55:06.993Z</time></trkpt><trkpt lat="33.780011" lon="73.240308"><ele>749.373</ele><time>2025-08-10T08:55:07.993Z</time></trkpt><trkpt lat="33.779989" lon="73.240208"><ele>749.296</ele><time>2025-08-10T08:55:08.993Z</time></trkpt><trkpt lat="33.779966" lon="73.240110"><ele>749.175</ele><time>2025-08-10T08:55:09.993Z</time></trkpt><trkpt lat="33.779945" lon="73.240007"><ele>748.936</ele><time>2025-08-10T08:55:10.993Z</time></trkpt><trkpt lat="33.779920" lon="73.239906"><ele>748.634</ele><time>2025-08-10T08:55:11.993Z</time></trkpt><trkpt lat="33.779894" lon="73.239814"><ele>748.355</ele><time>2025-08-10T08:55:12.993Z</time></trkpt><trkpt lat="33.779874" lon="73.239723"><ele>748.110</ele><time>2025-08-10T08:55:13.993Z</time></trkpt><trkpt lat="33.779849" lon="73.239615"><ele>747.909</ele><time>2025-08-10T08:55:14.993Z</time></trkpt><trkpt lat="33.779825" lon="73.239504"><ele>747.715</ele><time>2025-08-10T08:55:15.993Z</time></trkpt><trkpt lat="33.779800" lon="73.239402"><ele>747.615</ele><time>2025-08-10T08:55:16.993Z</time></trkpt><trkpt lat="33.779774" lon="73.239300"><ele>747.699</ele><time>2025-08-10T08:55:17.993Z</time></trkpt><trkpt lat="33.779753" lon="73.239198"><ele>747.743</ele><time>2025-08-10T08:55:18.993Z</time></trkpt><trkpt lat="33.779737" lon="73.239102"><ele>747.877</ele><time>2025-08-10T08:55:19.993Z</time></trkpt><trkpt lat="33.779717" lon="73.239010"><ele>747.963</ele><time>2025-08-10T08:55:20.993Z</time></trkpt><trkpt lat="33.779687" lon="73.238907"><ele>748.186</ele><time>2025-08-10T08:55:21.993Z</time></trkpt><trkpt lat="33.779660" lon="73.238812"><ele>748.325</ele><time>2025-08-10T08:55:22.993Z</time></trkpt><trkpt lat="33.779631" lon="73.238707"><ele>748.526</ele><time>2025-08-10T08:55:23.993Z</time></trkpt><trkpt lat="33.779608" lon="73.238603"><ele>748.737</ele><time>2025-08-10T08:55:24.993Z</time></trkpt><trkpt lat="33.779626" lon="73.238500"><ele>749.049</ele><time>2025-08-10T08:55:25.993Z</time></trkpt><trkpt lat="33.779669" lon="73.238401"><ele>749.413</ele><time>2025-08-10T08:55:26.993Z</time></trkpt><trkpt lat="33.779709" lon="73.238296"><ele>749.609</ele><time>2025-08-10T08:55:27.993Z</time></trkpt><trkpt lat="33.779755" lon="73.238197"><ele>749.845</ele><time>2025-08-10T08:55:28.993Z</time></trkpt><trkpt lat="33.779794" lon="73.238107"><ele>750.085</ele><time>2025-08-10T08:55:29.993Z</time></trkpt><trkpt lat="33.779841" lon="73.238002"><ele>750.129</ele><time>2025-08-10T08:55:30.993Z</time></trkpt><trkpt lat="33.779881" lon="73.237900"><ele>750.163</ele><time>2025-08-10T08:55:31.993Z</time></trkpt><trkpt lat="33.779924" lon="73.237804"><ele>750.117</ele><time>2025-08-10T08:55:32.993Z</time></trkpt><trkpt lat="33.779964" lon="73.237710"><ele>750.133</ele><time>2025-08-10T08:55:33.993Z</time></trkpt><trkpt lat="33.779999" lon="73.237623"><ele>750.116</ele><time>2025-08-10T08:55:34.993Z</time></trkpt><trkpt lat="33.780017" lon="73.237505"><ele>750.295</ele><time>2025-08-10T08:55:35.993Z</time></trkpt><trkpt lat="33.780024" lon="73.237403"><ele>750.326</ele><time>2025-08-10T08:55:36.993Z</time></trkpt><trkpt lat="33.780030" lon="73.237295"><ele>750.597</ele><time>2025-08-10T08:55:37.994Z</time></trkpt><trkpt lat="33.780033" lon="73.237188"><ele>750.623</ele><time>2025-08-10T08:55:38.996Z</time></trkpt><trkpt lat="33.780028" lon="73.237078"><ele>750.925</ele><time>2025-08-10T08:55:39.998Z</time></trkpt><trkpt lat="33.779989" lon="73.236974"><ele>751.009</ele><time>2025-08-10T08:55:40.999Z</time></trkpt><trkpt lat="33.779956" lon="73.236883"><ele>751.231</ele><time>2025-08-10T08:55:42Z</time></trkpt><trkpt lat="33.779898" lon="73.236796"><ele>751.841</ele><time>2025-08-10T08:55:43.002Z</time></trkpt><trkpt lat="33.779837" lon="73.236714"><ele>751.975</ele><time>2025-08-10T08:55:44.003Z</time></trkpt><trkpt lat="33.779760" lon="73.236660"><ele>752.469</ele><time>2025-08-10T08:55:45.004Z</time></trkpt><trkpt lat="33.779664" lon="73.236614"><ele>752.743</ele><time>2025-08-10T08:55:46.005Z</time></trkpt><trkpt lat="33.779566" lon="73.236561"><ele>752.999</ele><time>2025-08-10T08:55:47.006Z</time></trkpt><trkpt lat="33.779479" lon="73.236498"><ele>753.082</ele><time>2025-08-10T08:55:48.007Z</time></trkpt><trkpt lat="33.779393" lon="73.236434"><ele>753.141</ele><time>2025-08-10T08:55:49.007Z</time></trkpt><trkpt lat="33.779310" lon="73.236356"><ele>753.552</ele><time>2025-08-10T08:55:50.008Z</time></trkpt><trkpt lat="33.779224" lon="73.236278"><ele>753.832</ele><time>2025-08-10T08:55:51.009Z</time></trkpt><trkpt lat="33.779145" lon="73.236193"><ele>754.092</ele><time>2025-08-10T08:55:52.010Z</time></trkpt><trkpt lat="33.779059" lon="73.236116"><ele>754.511</ele><time>2025-08-10T08:55:53.011Z</time></trkpt><trkpt lat="33.778974" lon="73.236047"><ele>755.009</ele><time>2025-08-10T08:55:54.012Z</time></trkpt><trkpt lat="33.778900" lon="73.235985"><ele>755.325</ele><time>2025-08-10T08:55:55.013Z</time></trkpt><trkpt lat="33.778834" lon="73.235902"><ele>755.785</ele><time>2025-08-10T08:55:56.014Z</time></trkpt><trkpt lat="33.778765" lon="73.235814"><ele>756.359</ele><time>2025-08-10T08:55:57.014Z</time></trkpt><trkpt lat="33.778699" lon="73.235727"><ele>756.683</ele><time>2025-08-10T08:55:58.014Z</time></trkpt><trkpt lat="33.778630" lon="73.235644"><ele>756.927</ele><time>2025-08-10T08:55:59.014Z</time></trkpt><trkpt lat="33.778561" lon="73.235565"><ele>757.143</ele><time>2025-08-10T08:56:00.014Z</time></trkpt><trkpt lat="33.778492" lon="73.235488"><ele>757.446</ele><time>2025-08-10T08:56:01.014Z</time></trkpt><trkpt lat="33.778424" lon="73.235416"><ele>757.715</ele><time>2025-08-10T08:56:02.014Z</time></trkpt><trkpt lat="33.778358" lon="73.235342"><ele>758.276</ele><time>2025-08-10T08:56:03.014Z</time></trkpt><trkpt lat="33.778289" lon="73.235276"><ele>758.575</ele><time>2025-08-10T08:56:04.014Z</time></trkpt><trkpt lat="33.778218" lon="73.235215"><ele>759.228</ele><time>2025-08-10T08:56:05.014Z</time></trkpt><trkpt lat="33.778150" lon="73.235144"><ele>760.020</ele><time>2025-08-10T08:56:06.014Z</time></trkpt><trkpt lat="33.778087" lon="73.235076"><ele>760.709</ele><time>2025-08-10T08:56:07.014Z</time></trkpt><trkpt lat="33.778023" lon="73.235005"><ele>761.479</ele><time>2025-08-10T08:56:08.014Z</time></trkpt><trkpt lat="33.777972" lon="73.234924"><ele>762.179</ele><time>2025-08-10T08:56:09.014Z</time></trkpt><trkpt lat="33.777924" lon="73.234847"><ele>762.713</ele><time>2025-08-10T08:56:10.014Z</time></trkpt><trkpt lat="33.777884" lon="73.234764"><ele>763.157</ele><time>2025-08-10T08:56:11.014Z</time></trkpt><trkpt lat="33.777850" lon="73.234667"><ele>763.461</ele><time>2025-08-10T08:56:12.014Z</time></trkpt><trkpt lat="33.777814" lon="73.234570"><ele>763.717</ele><time>2025-08-10T08:56:13.014Z</time></trkpt><trkpt lat="33.777789" lon="73.234473"><ele>763.980</ele><time>2025-08-10T08:56:14.014Z</time></trkpt><trkpt lat="33.777770" lon="73.234375"><ele>764.099</ele><time>2025-08-10T08:56:15.014Z</time></trkpt><trkpt lat="33.777755" lon="73.234278"><ele>764.170</ele><time>2025-08-10T08:56:16.014Z</time></trkpt><trkpt lat="33.777743" lon="73.234183"><ele>764.426</ele><time>2025-08-10T08:56:17.014Z</time></trkpt><trkpt lat="33.777724" lon="73.234089"><ele>764.747</ele><time>2025-08-10T08:56:18.014Z</time></trkpt><trkpt lat="33.777708" lon="73.233991"><ele>764.911</ele><time>2025-08-10T08:56:19.014Z</time></trkpt><trkpt lat="33.777686" lon="73.233896"><ele>765.109</ele><time>2025-08-10T08:56:20.014Z</time></trkpt><trkpt lat="33.777666" lon="73.233802"><ele>765.314</ele><time>2025-08-10T08:56:21.014Z</time></trkpt><trkpt lat="33.777644" lon="73.233709"><ele>765.414</ele><time>2025-08-10T08:56:22.014Z</time></trkpt><trkpt lat="33.777612" lon="73.233626"><ele>765.568</ele><time>2025-08-10T08:56:23.014Z</time></trkpt><trkpt lat="33.777583" lon="73.233534"><ele>765.752</ele><time>2025-08-10T08:56:24.014Z</time></trkpt><trkpt lat="33.777554" lon="73.233449"><ele>765.976</ele><time>2025-08-10T08:56:25.014Z</time></trkpt><trkpt lat="33.777521" lon="73.233373"><ele>766.182</ele><time>2025-08-10T08:56:26.014Z</time></trkpt><trkpt lat="33.777486" lon="73.233290"><ele>766.285</ele><time>2025-08-10T08:56:27.014Z</time></trkpt><trkpt lat="33.777454" lon="73.233205"><ele>766.224</ele><time>2025-08-10T08:56:28.014Z</time></trkpt><trkpt lat="33.777433" lon="73.233119"><ele>766.235</ele><time>2025-08-10T08:56:29.014Z</time></trkpt><trkpt lat="33.777397" lon="73.233028"><ele>766.085</ele><time>2025-08-10T08:56:30.014Z</time></trkpt><trkpt lat="33.777371" lon="73.232941"><ele>765.789</ele><time>2025-08-10T08:56:31.014Z</time></trkpt><trkpt lat="33.777351" lon="73.232851"><ele>765.417</ele><time>2025-08-10T08:56:32.014Z</time></trkpt><trkpt lat="33.777339" lon="73.232762"><ele>765.109</ele><time>2025-08-10T08:56:33.014Z</time></trkpt><trkpt lat="33.777317" lon="73.232664"><ele>764.890</ele><time>2025-08-10T08:56:34.014Z</time></trkpt><trkpt lat="33.777299" lon="73.232567"><ele>764.570</ele><time>2025-08-10T08:56:35.014Z</time></trkpt><trkpt lat="33.777289" lon="73.232470"><ele>764.264</ele><time>2025-08-10T08:56:36.014Z</time></trkpt><trkpt lat="33.777279" lon="73.232371"><ele>763.988</ele><time>2025-08-10T08:56:37.014Z</time></trkpt><trkpt lat="33.777262" lon="73.232272"><ele>763.682</ele><time>2025-08-10T08:56:38.014Z</time></trkpt><trkpt lat="33.777243" lon="73.232174"><ele>763.368</ele><time>2025-08-10T08:56:39.014Z</time></trkpt><trkpt lat="33.777215" lon="73.232081"><ele>763.021</ele><time>2025-08-10T08:56:40.014Z</time></trkpt><trkpt lat="33.777182" lon="73.231981"><ele>762.670</ele><time>2025-08-10T08:56:41.014Z</time></trkpt><trkpt lat="33.777147" lon="73.231883"><ele>762.191</ele><time>2025-08-10T08:56:42.014Z</time></trkpt><trkpt lat="33.777107" lon="73.231792"><ele>761.625</ele><time>2025-08-10T08:56:43.014Z</time></trkpt><trkpt lat="33.777059" lon="73.231700"><ele>761.026</ele><time>2025-08-10T08:56:44.014Z</time></trkpt><trkpt lat="33.777013" lon="73.231602"><ele>760.108</ele><time>2025-08-10T08:56:45.014Z</time></trkpt><trkpt lat="33.776965" lon="73.231499"><ele>759.709</ele><time>2025-08-10T08:56:46.014Z</time></trkpt><trkpt lat="33.776909" lon="73.231397"><ele>759.464</ele><time>2025-08-10T08:56:47.014Z</time></trkpt><trkpt lat="33.776841" lon="73.231304"><ele>759.284</ele><time>2025-08-10T08:56:48.014Z</time></trkpt><trkpt lat="33.776783" lon="73.231209"><ele>759.188</ele><time>2025-08-10T08:56:49.014Z</time></trkpt><trkpt lat="33.776722" lon="73.231102"><ele>758.922</ele><time>2025-08-10T08:56:50.014Z</time></trkpt><trkpt lat="33.776657" lon="73.231008"><ele>758.976</ele><time>2025-08-10T08:56:51.014Z</time></trkpt><trkpt lat="33.776595" lon="73.230918"><ele>758.862</ele><time>2025-08-10T08:56:52.014Z</time></trkpt><trkpt lat="33.776534" lon="73.230832"><ele>758.885</ele><time>2025-08-10T08:56:53.014Z</time></trkpt><trkpt lat="33.776472" lon="73.230750"><ele>758.724</ele><time>2025-08-10T08:56:54.014Z</time></trkpt><trkpt lat="33.776432" lon="73.230659"><ele>758.665</ele><time>2025-08-10T08:56:55.014Z</time></trkpt><trkpt lat="33.776391" lon="73.230563"><ele>758.572</ele><time>2025-08-10T08:56:56.014Z</time></trkpt><trkpt lat="33.776355" lon="73.230466"><ele>758.313</ele><time>2025-08-10T08:56:57.014Z</time></trkpt><trkpt lat="33.776317" lon="73.230367"><ele>758.214</ele><time>2025-08-10T08:56:58.014Z</time></trkpt><trkpt lat="33.776271" lon="73.230269"><ele>758.209</ele><time>2025-08-10T08:56:59.014Z</time></trkpt><trkpt lat="33.776219" lon="73.230173"><ele>758.349</ele><time>2025-08-10T08:57:00.014Z</time></trkpt><trkpt lat="33.776154" lon="73.230084"><ele>758.529</ele><time>2025-08-10T08:57:01.014Z</time></trkpt><trkpt lat="33.776085" lon="73.229997"><ele>758.733</ele><time>2025-08-10T08:57:02.014Z</time></trkpt><trkpt lat="33.776012" lon="73.229904"><ele>758.917</ele><time>2025-08-10T08:57:03.014Z</time></trkpt><trkpt lat="33.775947" lon="73.229814"><ele>759.131</ele><time>2025-08-10T08:57:04.014Z</time></trkpt><trkpt lat="33.775878" lon="73.229728"><ele>759.367</ele><time>2025-08-10T08:57:05.014Z</time></trkpt><trkpt lat="33.775807" lon="73.229647"><ele>759.490</ele><time>2025-08-10T08:57:06.014Z</time></trkpt><trkpt lat="33.775736" lon="73.229577"><ele>759.539</ele><time>2025-08-10T08:57:07.014Z</time></trkpt><trkpt lat="33.775659" lon="73.229523"><ele>759.510</ele><time>2025-08-10T08:57:08.014Z</time></trkpt><trkpt lat="33.775572" lon="73.229489"><ele>759.582</ele><time>2025-08-10T08:57:09.014Z</time></trkpt><trkpt lat="33.775481" lon="73.229472"><ele>759.343</ele><time>2025-08-10T08:57:10.014Z</time></trkpt><trkpt lat="33.775386" lon="73.229480"><ele>759.217</ele><time>2025-08-10T08:57:11.014Z</time></trkpt><trkpt lat="33.775293" lon="73.229500"><ele>759.209</ele><time>2025-08-10T08:57:12.014Z</time></trkpt><trkpt lat="33.775205" lon="73.229516"><ele>759.250</ele><time>2025-08-10T08:57:13.014Z</time></trkpt><trkpt lat="33.775112" lon="73.229512"><ele>759.360</ele><time>2025-08-10T08:57:14.014Z</time></trkpt><trkpt lat="33.775018" lon="73.229494"><ele>759.754</ele><time>2025-08-10T08:57:15.014Z</time></trkpt><trkpt lat="33.774931" lon="73.229458"><ele>760.188</ele><time>2025-08-10T08:57:16.014Z</time></trkpt><trkpt lat="33.774845" lon="73.229400"><ele>760.692</ele><time>2025-08-10T08:57:17.014Z</time></trkpt><trkpt lat="33.774764" lon="73.229335"><ele>761.128</ele><time>2025-08-10T08:57:18.014Z</time></trkpt><trkpt lat="33.774680" lon="73.229278"><ele>761.721</ele><time>2025-08-10T08:57:19.014Z</time></trkpt><trkpt lat="33.774591" lon="73.229224"><ele>762.140</ele><time>2025-08-10T08:57:20.014Z</time></trkpt><trkpt lat="33.774497" lon="73.229177"><ele>762.521</ele><time>2025-08-10T08:57:21.014Z</time></trkpt><trkpt lat="33.774405" lon="73.229122"><ele>763.019</ele><time>2025-08-10T08:57:22.014Z</time></trkpt><trkpt lat="33.774313" lon="73.229066"><ele>763.409</ele><time>2025-08-10T08:57:23.014Z</time></trkpt><trkpt lat="33.774217" lon="73.229011"><ele>763.719</ele><time>2025-08-10T08:57:24.014Z</time></trkpt><trkpt lat="33.774127" lon="73.228958"><ele>764.109</ele><time>2025-08-10T08:57:25.014Z</time></trkpt><trkpt lat="33.774036" lon="73.228910"><ele>764.413</ele><time>2025-08-10T08:57:26.014Z</time></trkpt><trkpt lat="33.773945" lon="73.228872"><ele>764.683</ele><time>2025-08-10T08:57:27.014Z</time></trkpt><trkpt lat="33.773852" lon="73.228817"><ele>764.767</ele><time>2025-08-10T08:57:28.014Z</time></trkpt><trkpt lat="33.773763" lon="73.228768"><ele>764.951</ele><time>2025-08-10T08:57:29.014Z</time></trkpt><trkpt lat="33.773681" lon="73.228710"><ele>765.235</ele><time>2025-08-10T08:57:30.014Z</time></trkpt><trkpt lat="33.773600" lon="73.228663"><ele>765.641</ele><time>2025-08-10T08:57:31.014Z</time></trkpt><trkpt lat="33.773523" lon="73.228619"><ele>766.164</ele><time>2025-08-10T08:57:32.014Z</time></trkpt><trkpt lat="33.773454" lon="73.228562"><ele>766.333</ele><time>2025-08-10T08:57:33.014Z</time></trkpt><trkpt lat="33.773401" lon="73.228481"><ele>766.754</ele><time>2025-08-10T08:57:34.014Z</time></trkpt><trkpt lat="33.773346" lon="73.228377"><ele>767.348</ele><time>2025-08-10T08:57:35.014Z</time></trkpt><trkpt lat="33.773299" lon="73.228273"><ele>767.761</ele><time>2025-08-10T08:57:36.014Z</time></trkpt><trkpt lat="33.773260" lon="73.228172"><ele>768.017</ele><time>2025-08-10T08:57:37.014Z</time></trkpt><trkpt lat="33.773229" lon="73.228067"><ele>768.209</ele><time>2025-08-10T08:57:38.014Z</time></trkpt><trkpt lat="33.773198" lon="73.227957"><ele>768.476</ele><time>2025-08-10T08:57:39.014Z</time></trkpt><trkpt lat="33.773161" lon="73.227855"><ele>768.496</ele><time>2025-08-10T08:57:40.014Z</time></trkpt><trkpt lat="33.773129" lon="73.227750"><ele>768.470</ele><time>2025-08-10T08:57:41.014Z</time></trkpt><trkpt lat="33.773103" lon="73.227651"><ele>768.354</ele><time>2025-08-10T08:57:42.014Z</time></trkpt><trkpt lat="33.773074" lon="73.227554"><ele>768.238</ele><time>2025-08-10T08:57:43.014Z</time></trkpt><trkpt lat="33.773044" lon="73.227458"><ele>768.064</ele><time>2025-08-10T08:57:44.014Z</time></trkpt><trkpt lat="33.773011" lon="73.227363"><ele>767.897</ele><time>2025-08-10T08:57:45.014Z</time></trkpt><trkpt lat="33.772968" lon="73.227263"><ele>767.536</ele><time>2025-08-10T08:57:46.014Z</time></trkpt><trkpt lat="33.772921" lon="73.227170"><ele>766.947</ele><time>2025-08-10T08:57:47.014Z</time></trkpt><trkpt lat="33.772856" lon="73.227091"><ele>766.477</ele><time>2025-08-10T08:57:48.014Z</time></trkpt><trkpt lat="33.772786" lon="73.227017"><ele>765.961</ele><time>2025-08-10T08:57:49.014Z</time></trkpt><trkpt lat="33.772707" lon="73.226948"><ele>765.427</ele><time>2025-08-10T08:57:50.014Z</time></trkpt><trkpt lat="33.772620" lon="73.226893"><ele>764.909</ele><time>2025-08-10T08:57:51.014Z</time></trkpt><trkpt lat="33.772536" lon="73.226838"><ele>764.439</ele><time>2025-08-10T08:57:52.014Z</time></trkpt><trkpt lat="33.772453" lon="73.226789"><ele>763.929</ele><time>2025-08-10T08:57:53.014Z</time></trkpt><trkpt lat="33.772366" lon="73.226742"><ele>763.473</ele><time>2025-08-10T08:57:54.014Z</time></trkpt><trkpt lat="33.772283" lon="73.226688"><ele>762.887</ele><time>2025-08-10T08:57:55.014Z</time></trkpt><trkpt lat="33.772194" lon="73.226638"><ele>762.261</ele><time>2025-08-10T08:57:56.014Z</time></trkpt><trkpt lat="33.772104" lon="73.226600"><ele>761.797</ele><time>2025-08-10T08:57:57.014Z</time></trkpt><trkpt lat="33.772013" lon="73.226564"><ele>761.240</ele><time>2025-08-10T08:57:58.014Z</time></trkpt><trkpt lat="33.771932" lon="73.226538"><ele>760.739</ele><time>2025-08-10T08:57:59.014Z</time></trkpt><trkpt lat="33.771841" lon="73.226524"><ele>760.270</ele><time>2025-08-10T08:58:00.014Z</time></trkpt><trkpt lat="33.771756" lon="73.226518"><ele>759.923</ele><time>2025-08-10T08:58:01.014Z</time></trkpt><trkpt lat="33.771664" lon="73.226513"><ele>759.483</ele><time>2025-08-10T08:58:02.014Z</time></trkpt><trkpt lat="33.771575" lon="73.226518"><ele>758.911</ele><time>2025-08-10T08:58:03.014Z</time></trkpt><trkpt lat="33.771480" lon="73.226525"><ele>758.209</ele><time>2025-08-10T08:58:04.014Z</time></trkpt><trkpt lat="33.771384" lon="73.226531"><ele>757.894</ele><time>2025-08-10T08:58:05.014Z</time></trkpt><trkpt lat="33.771298" lon="73.226540"><ele>757.414</ele><time>2025-08-10T08:58:06.014Z</time></trkpt><trkpt lat="33.771206" lon="73.226551"><ele>757.068</ele><time>2025-08-10T08:58:07.014Z</time></trkpt><trkpt lat="33.771144" lon="73.226555"><ele>756.832</ele><time>2025-08-10T08:58:08.014Z</time></trkpt><trkpt lat="33.771088" lon="73.226560"><ele>756.326</ele><time>2025-08-10T08:58:09.014Z</time></trkpt><trkpt lat="33.771018" lon="73.226557"><ele>755.782</ele><time>2025-08-10T08:58:10.014Z</time></trkpt><trkpt lat="33.770937" lon="73.226535"><ele>755.245</ele><time>2025-08-10T08:58:11.014Z</time></trkpt><trkpt lat="33.770867" lon="73.226500"><ele>754.644</ele><time>2025-08-10T08:58:12.014Z</time></trkpt><trkpt lat="33.770798" lon="73.226448"><ele>754.055</ele><time>2025-08-10T08:58:13.014Z</time></trkpt><trkpt lat="33.770728" lon="73.226372"><ele>753.551</ele><time>2025-08-10T08:58:14.014Z</time></trkpt><trkpt lat="33.770667" lon="73.226289"><ele>753.101</ele><time>2025-08-10T08:58:15.014Z</time></trkpt><trkpt lat="33.770610" lon="73.226201"><ele>752.511</ele><time>2025-08-10T08:58:16.014Z</time></trkpt><trkpt lat="33.770559" lon="73.226106"><ele>752.209</ele><time>2025-08-10T08:58:17.014Z</time></trkpt><trkpt lat="33.770512" lon="73.226011"><ele>751.917</ele><time>2025-08-10T08:58:18.014Z</time></trkpt><trkpt lat="33.770465" lon="73.225914"><ele>751.697</ele><time>2025-08-10T08:58:19.014Z</time></trkpt><trkpt lat="33.770409" lon="73.225826"><ele>751.221</ele><time>2025-08-10T08:58:20.014Z</time></trkpt><trkpt lat="33.770352" lon="73.225734"><ele>750.835</ele><time>2025-08-10T08:58:21.014Z</time></trkpt><trkpt lat="33.770296" lon="73.225643"><ele>750.389</ele><time>2025-08-10T08:58:22.014Z</time></trkpt><trkpt lat="33.770240" lon="73.225548"><ele>749.815</ele><time>2025-08-10T08:58:23.014Z</time></trkpt><trkpt lat="33.770180" lon="73.225460"><ele>749.378</ele><time>2025-08-10T08:58:24.014Z</time></trkpt><trkpt lat="33.770109" lon="73.225374"><ele>748.817</ele><time>2025-08-10T08:58:25.014Z</time></trkpt><trkpt lat="33.770036" lon="73.225292"><ele>748.498</ele><time>2025-08-10T08:58:26.014Z</time></trkpt><trkpt lat="33.769970" lon="73.225204"><ele>748.078</ele><time>2025-08-10T08:58:27.014Z</time></trkpt><trkpt lat="33.769900" lon="73.225121"><ele>747.633</ele><time>2025-08-10T08:58:28.014Z</time></trkpt><trkpt lat="33.769830" lon="73.225049"><ele>747.126</ele><time>2025-08-10T08:58:29.014Z</time></trkpt><trkpt lat="33.769761" lon="73.224971"><ele>746.609</ele><time>2025-08-10T08:58:30.014Z</time></trkpt><trkpt lat="33.769693" lon="73.224897"><ele>746.099</ele><time>2025-08-10T08:58:31.014Z</time></trkpt><trkpt lat="33.769630" lon="73.224811"><ele>745.369</ele><time>2025-08-10T08:58:32.014Z</time></trkpt><trkpt lat="33.769580" lon="73.224729"><ele>744.733</ele><time>2025-08-10T08:58:33.014Z</time></trkpt><trkpt lat="33.769535" lon="73.224638"><ele>744.597</ele><time>2025-08-10T08:58:34.014Z</time></trkpt><trkpt lat="33.769499" lon="73.224543"><ele>744.161</ele><time>2025-08-10T08:58:35.014Z</time></trkpt><trkpt lat="33.769451" lon="73.224441"><ele>743.467</ele><time>2025-08-10T08:58:36.014Z</time></trkpt><trkpt lat="33.769412" lon="73.224341"><ele>742.960</ele><time>2025-08-10T08:58:37.014Z</time></trkpt><trkpt lat="33.769375" lon="73.224238"><ele>742.389</ele><time>2025-08-10T08:58:38.014Z</time></trkpt><trkpt lat="33.769340" lon="73.224136"><ele>741.640</ele><time>2025-08-10T08:58:39.014Z</time></trkpt><trkpt lat="33.769306" lon="73.224034"><ele>741.049</ele><time>2025-08-10T08:58:40.014Z</time></trkpt><trkpt lat="33.769283" lon="73.223930"><ele>740.502</ele><time>2025-08-10T08:58:41.014Z</time></trkpt><trkpt lat="33.769239" lon="73.223836"><ele>740.122</ele><time>2025-08-10T08:58:42.014Z</time></trkpt><trkpt lat="33.769198" lon="73.223744"><ele>739.909</ele><time>2025-08-10T08:58:43.014Z</time></trkpt><trkpt lat="33.769150" lon="73.223663"><ele>739.516</ele><time>2025-08-10T08:58:44.014Z</time></trkpt><trkpt lat="33.769104" lon="73.223585"><ele>739.116</ele><time>2025-08-10T08:58:45.014Z</time></trkpt><trkpt lat="33.769046" lon="73.223518"><ele>738.740</ele><time>2025-08-10T08:58:46.014Z</time></trkpt><trkpt lat="33.768993" lon="73.223454"><ele>738.344</ele><time>2025-08-10T08:58:47.014Z</time></trkpt><trkpt lat="33.768940" lon="73.223389"><ele>737.968</ele><time>2025-08-10T08:58:48.014Z</time></trkpt><trkpt lat="33.768882" lon="73.223321"><ele>737.574</ele><time>2025-08-10T08:58:49.014Z</time></trkpt><trkpt lat="33.768820" lon="73.223269"><ele>737.057</ele><time>2025-08-10T08:58:50.014Z</time></trkpt><trkpt lat="33.768757" lon="73.223215"><ele>736.596</ele><time>2025-08-10T08:58:51.014Z</time></trkpt><trkpt lat="33.768699" lon="73.223167"><ele>736.087</ele><time>2025-08-10T08:58:52.014Z</time></trkpt><trkpt lat="33.768647" lon="73.223120"><ele>735.533</ele><time>2025-08-10T08:58:53.014Z</time></trkpt><trkpt lat="33.768595" lon="73.223058"><ele>735.123</ele><time>2025-08-10T08:58:54.014Z</time></trkpt><trkpt lat="33.768552" lon="73.222999"><ele>734.715</ele><time>2025-08-10T08:58:55.014Z</time></trkpt><trkpt lat="33.768519" lon="73.222930"><ele>734.509</ele><time>2025-08-10T08:58:56.014Z</time></trkpt><trkpt lat="33.768499" lon="73.222856"><ele>734.055</ele><time>2025-08-10T08:58:57.014Z</time></trkpt><trkpt lat="33.768473" lon="73.222775"><ele>733.545</ele><time>2025-08-10T08:58:58.014Z</time></trkpt><trkpt lat="33.768458" lon="73.222687"><ele>732.779</ele><time>2025-08-10T08:58:59.014Z</time></trkpt><trkpt lat="33.768446" lon="73.222596"><ele>732.223</ele><time>2025-08-10T08:59:00.014Z</time></trkpt><trkpt lat="33.768434" lon="73.222505"><ele>731.877</ele><time>2025-08-10T08:59:01.014Z</time></trkpt><trkpt lat="33.768428" lon="73.222409"><ele>731.533</ele><time>2025-08-10T08:59:02.014Z</time></trkpt><trkpt lat="33.768405" lon="73.222315"><ele>731.236</ele><time>2025-08-10T08:59:03.014Z</time></trkpt><trkpt lat="33.768362" lon="73.222228"><ele>730.945</ele><time>2025-08-10T08:59:04.014Z</time></trkpt><trkpt lat="33.768309" lon="73.222151"><ele>730.576</ele><time>2025-08-10T08:59:05.014Z</time></trkpt><trkpt lat="33.768242" lon="73.222082"><ele>730.174</ele><time>2025-08-10T08:59:06.014Z</time></trkpt><trkpt lat="33.768179" lon="73.222010"><ele>729.756</ele><time>2025-08-10T08:59:07.014Z</time></trkpt><trkpt lat="33.768121" lon="73.221941"><ele>729.221</ele><time>2025-08-10T08:59:08.014Z</time></trkpt><trkpt lat="33.768059" lon="73.221878"><ele>728.709</ele><time>2025-08-10T08:59:09.014Z</time></trkpt><trkpt lat="33.767993" lon="73.221818"><ele>728.299</ele><time>2025-08-10T08:59:10.014Z</time></trkpt><trkpt lat="33.767923" lon="73.221756"><ele>727.749</ele><time>2025-08-10T08:59:11.014Z</time></trkpt><trkpt lat="33.767857" lon="73.221708"><ele>727.153</ele><time>2025-08-10T08:59:12.014Z</time></trkpt><trkpt lat="33.767791" lon="73.221677"><ele>726.637</ele><time>2025-08-10T08:59:13.014Z</time></trkpt><trkpt lat="33.767720" lon="73.221657"><ele>726.171</ele><time>2025-08-10T08:59:14.014Z</time></trkpt><trkpt lat="33.767650" lon="73.221637"><ele>725.687</ele><time>2025-08-10T08:59:15.014Z</time></trkpt><trkpt lat="33.767581" lon="73.221624"><ele>725.150</ele><time>2025-08-10T08:59:16.014Z</time></trkpt><trkpt lat="33.767505" lon="73.221629"><ele>724.759</ele><time>2025-08-10T08:59:17.014Z</time></trkpt><trkpt lat="33.767439" lon="73.221651"><ele>724.330</ele><time>2025-08-10T08:59:18.014Z</time></trkpt><trkpt lat="33.767367" lon="73.221672"><ele>723.995</ele><time>2025-08-10T08:59:19.014Z</time></trkpt><trkpt lat="33.767297" lon="73.221698"><ele>723.649</ele><time>2025-08-10T08:59:20.014Z</time></trkpt><trkpt lat="33.767237" lon="73.221731"><ele>723.323</ele><time>2025-08-10T08:59:21.014Z</time></trkpt><trkpt lat="33.767176" lon="73.221769"><ele>723.009</ele><time>2025-08-10T08:59:22.014Z</time></trkpt><trkpt lat="33.767116" lon="73.221809"><ele>722.741</ele><time>2025-08-10T08:59:23.014Z</time></trkpt><trkpt lat="33.767056" lon="73.221838"><ele>722.681</ele><time>2025-08-10T08:59:24.014Z</time></trkpt><trkpt lat="33.766995" lon="73.221859"><ele>722.425</ele><time>2025-08-10T08:59:25.014Z</time></trkpt><trkpt lat="33.766926" lon="73.221876"><ele>722.369</ele><time>2025-08-10T08:59:26.014Z</time></trkpt><trkpt lat="33.766857" lon="73.221888"><ele>722.183</ele><time>2025-08-10T08:59:27.014Z</time></trkpt><trkpt lat="33.766789" lon="73.221896"><ele>721.729</ele><time>2025-08-10T08:59:28.014Z</time></trkpt><trkpt lat="33.766722" lon="73.221898"><ele>721.322</ele><time>2025-08-10T08:59:29.014Z</time></trkpt><trkpt lat="33.766659" lon="73.221900"><ele>721.131</ele><time>2025-08-10T08:59:30.014Z</time></trkpt><trkpt lat="33.766587" lon="73.221899"><ele>720.932</ele><time>2025-08-10T08:59:31.014Z</time></trkpt><trkpt lat="33.766519" lon="73.221893"><ele>720.577</ele><time>2025-08-10T08:59:32.014Z</time></trkpt><trkpt lat="33.766446" lon="73.221891"><ele>720.161</ele><time>2025-08-10T08:59:33.014Z</time></trkpt><trkpt lat="33.766377" lon="73.221887"><ele>719.727</ele><time>2025-08-10T08:59:34.014Z</time></trkpt><trkpt lat="33.766304" lon="73.221875"><ele>719.409</ele><time>2025-08-10T08:59:35.014Z</time></trkpt><trkpt lat="33.766236" lon="73.221865"><ele>719.119</ele><time>2025-08-10T08:59:36.014Z</time></trkpt><trkpt lat="33.766171" lon="73.221853"><ele>718.879</ele><time>2025-08-10T08:59:37.014Z</time></trkpt><trkpt lat="33.766099" lon="73.221848"><ele>718.633</ele><time>2025-08-10T08:59:38.014Z</time></trkpt><trkpt lat="33.766025" lon="73.221846"><ele>718.457</ele><time>2025-08-10T08:59:39.013Z</time></trkpt><trkpt lat="33.765942" lon="73.221843"><ele>718.141</ele><time>2025-08-10T08:59:40.013Z</time></trkpt><trkpt lat="33.765872" lon="73.221816"><ele>717.837</ele><time>2025-08-10T08:59:41.013Z</time></trkpt><trkpt lat="33.765809" lon="73.221810"><ele>717.540</ele><time>2025-08-10T08:59:42.013Z</time></trkpt><trkpt lat="33.765757" lon="73.221800"><ele>717.249</ele><time>2025-08-10T08:59:43.013Z</time></trkpt><trkpt lat="33.765710" lon="73.221791"><ele>717.090</ele><time>2025-08-10T08:59:44.013Z</time></trkpt><trkpt lat="33.765663" lon="73.221786"><ele>716.671</ele><time>2025-08-10T08:59:46.013Z</time></trkpt><trkpt lat="33.765595" lon="73.221754"><ele>716.241</ele><time>2025-08-10T09:00:09.013Z</time></trkpt><trkpt lat="33.765526" lon="73.221698"><ele>715.715</ele><time>2025-08-10T09:00:11.013Z</time></trkpt><trkpt lat="33.765477" lon="73.221668"><ele>715.509</ele><time>2025-08-10T09:00:12.013Z</time></trkpt><trkpt lat="33.765452" lon="73.221596"><ele>715.539</ele><time>2025-08-10T09:00:13.013Z</time></trkpt><trkpt lat="33.765401" lon="73.221547"><ele>715.549</ele><time>2025-08-10T09:00:14.013Z</time></trkpt><trkpt lat="33.765354" lon="73.221487"><ele>715.633</ele><time>2025-08-10T09:00:15.013Z</time></trkpt><trkpt lat="33.765298" lon="73.221432"><ele>715.897</ele><time>2025-08-10T09:00:16.013Z</time></trkpt><trkpt lat="33.765241" lon="73.221377"><ele>716.071</ele><time>2025-08-10T09:00:17.013Z</time></trkpt><trkpt lat="33.765185" lon="73.221322"><ele>716.277</ele><time>2025-08-10T09:00:18.013Z</time></trkpt><trkpt lat="33.765126" lon="73.221276"><ele>716.320</ele><time>2025-08-10T09:00:19.013Z</time></trkpt><trkpt lat="33.765073" lon="73.221224"><ele>716.369</ele><time>2025-08-10T09:00:20.013Z</time></trkpt><trkpt lat="33.765025" lon="73.221160"><ele>716.350</ele><time>2025-08-10T09:00:21.013Z</time></trkpt><trkpt lat="33.764971" lon="73.221091"><ele>716.225</ele><time>2025-08-10T09:00:22.013Z</time></trkpt><trkpt lat="33.764917" lon="73.221016"><ele>716.126</ele><time>2025-08-10T09:00:23.013Z</time></trkpt><trkpt lat="33.764868" lon="73.220931"><ele>716.008</ele><time>2025-08-10T09:00:24.013Z</time></trkpt><trkpt lat="33.764825" lon="73.220849"><ele>715.809</ele><time>2025-08-10T09:00:25.013Z</time></trkpt><trkpt lat="33.764778" lon="73.220774"><ele>715.644</ele><time>2025-08-10T09:00:26.013Z</time></trkpt><trkpt lat="33.764734" lon="73.220704"><ele>715.544</ele><time>2025-08-10T09:00:27.013Z</time></trkpt><trkpt lat="33.764689" lon="73.220627"><ele>715.478</ele><time>2025-08-10T09:00:28.013Z</time></trkpt><trkpt lat="33.764646" lon="73.220547"><ele>715.122</ele><time>2025-08-10T09:00:29.013Z</time></trkpt><trkpt lat="33.764597" lon="73.220464"><ele>714.976</ele><time>2025-08-10T09:00:30.013Z</time></trkpt><trkpt lat="33.764558" lon="73.220384"><ele>714.992</ele><time>2025-08-10T09:00:31.013Z</time></trkpt><trkpt lat="33.764522" lon="73.220312"><ele>714.855</ele><time>2025-08-10T09:00:32.013Z</time></trkpt><trkpt lat="33.764476" lon="73.220253"><ele>714.774</ele><time>2025-08-10T09:00:33.013Z</time></trkpt><trkpt lat="33.764431" lon="73.220204"><ele>714.685</ele><time>2025-08-10T09:00:34.013Z</time></trkpt><trkpt lat="33.764389" lon="73.220159"><ele>714.615</ele><time>2025-08-10T09:00:35.013Z</time></trkpt><trkpt lat="33.764350" lon="73.220113"><ele>714.465</ele><time>2025-08-10T09:00:36.013Z</time></trkpt><trkpt lat="33.764293" lon="73.220130"><ele>714.111</ele><time>2025-08-10T09:00:37.013Z</time></trkpt><trkpt lat="33.764185" lon="73.220150"><ele>713.809</ele><time>2025-08-10T09:00:38.013Z</time></trkpt><trkpt lat="33.764119" lon="73.220157"><ele>713.663</ele><time>2025-08-10T09:00:39.013Z</time></trkpt><trkpt lat="33.764045" lon="73.220183"><ele>713.333</ele><time>2025-08-10T09:00:41.013Z</time></trkpt><trkpt lat="33.763985" lon="73.220201"><ele>712.937</ele><time>2025-08-10T09:00:46.013Z</time></trkpt><trkpt lat="33.763925" lon="73.220218"><ele>712.621</ele><time>2025-08-10T09:00:48.013Z</time></trkpt><trkpt lat="33.763841" lon="73.220229"><ele>710.665</ele><time>2025-08-10T09:00:50.013Z</time></trkpt><trkpt lat="33.763779" lon="73.220227"><ele>710.521</ele><time>2025-08-10T09:00:51.013Z</time></trkpt><trkpt lat="33.763723" lon="73.220200"><ele>710.584</ele><time>2025-08-10T09:00:52.013Z</time></trkpt><trkpt lat="33.763674" lon="73.220160"><ele>710.553</ele><time>2025-08-10T09:00:53.013Z</time></trkpt><trkpt lat="33.763626" lon="73.220119"><ele>710.594</ele><time>2025-08-10T09:00:54.013Z</time></trkpt><trkpt lat="33.763577" lon="73.220066"><ele>710.569</ele><time>2025-08-10T09:00:55.013Z</time></trkpt><trkpt lat="33.763528" lon="73.220005"><ele>710.404</ele><time>2025-08-10T09:00:56.013Z</time></trkpt><trkpt lat="33.763485" lon="73.219943"><ele>710.224</ele><time>2025-08-10T09:00:57.013Z</time></trkpt><trkpt lat="33.763445" lon="73.219883"><ele>710.009</ele><time>2025-08-10T09:00:58.013Z</time></trkpt><trkpt lat="33.763404" lon="73.219824"><ele>709.918</ele><time>2025-08-10T09:00:59.013Z</time></trkpt><trkpt lat="33.763365" lon="73.219747"><ele>709.918</ele><time>2025-08-10T09:01:00.013Z</time></trkpt><trkpt lat="33.763320" lon="73.219686"><ele>710.082</ele><time>2025-08-10T09:01:01.013Z</time></trkpt><trkpt lat="33.763269" lon="73.219621"><ele>710.046</ele><time>2025-08-10T09:01:02.013Z</time></trkpt><trkpt lat="33.763226" lon="73.219548"><ele>710.060</ele><time>2025-08-10T09:01:03.013Z</time></trkpt><trkpt lat="33.763183" lon="73.219479"><ele>709.896</ele><time>2025-08-10T09:01:04.013Z</time></trkpt><trkpt lat="33.763136" lon="73.219416"><ele>709.599</ele><time>2025-08-10T09:01:05.013Z</time></trkpt><trkpt lat="33.763088" lon="73.219356"><ele>709.258</ele><time>2025-08-10T09:01:06.013Z</time></trkpt><trkpt lat="33.763037" lon="73.219283"><ele>708.919</ele><time>2025-08-10T09:01:07.153Z</time></trkpt><trkpt lat="33.762998" lon="73.219223"><ele>708.648</ele><time>2025-08-10T09:01:08.153Z</time></trkpt><trkpt lat="33.762956" lon="73.219163"><ele>708.361</ele><time>2025-08-10T09:01:09.154Z</time></trkpt><trkpt lat="33.762923" lon="73.219233"><ele>708.117</ele><time>2025-08-10T09:01:10.153Z</time></trkpt><trkpt lat="33.762722" lon="73.219161"><ele>707.709</ele><time>2025-08-10T09:01:12.153Z</time></trkpt><trkpt lat="33.762562" lon="73.219079"><ele>707.586</ele><time>2025-08-10T09:01:13.012Z</time></trkpt><trkpt lat="33.762326" lon="73.219133"><ele>707.436</ele><time>2025-08-10T09:01:14.012Z</time></trkpt><trkpt lat="33.762202" lon="73.219126"><ele>707.470</ele><time>2025-08-10T09:01:15.012Z</time></trkpt><trkpt lat="33.762097" lon="73.219083"><ele>707.444</ele><time>2025-08-10T09:01:16.012Z</time></trkpt><trkpt lat="33.761988" lon="73.219081"><ele>707.418</ele><time>2025-08-10T09:01:17.012Z</time></trkpt><trkpt lat="33.761884" lon="73.219082"><ele>707.424</ele><time>2025-08-10T09:01:18.012Z</time></trkpt><trkpt lat="33.761793" lon="73.219049"><ele>707.387</ele><time>2025-08-10T09:01:19.012Z</time></trkpt><trkpt lat="33.761690" lon="73.219021"><ele>707.166</ele><time>2025-08-10T09:01:20.012Z</time></trkpt><trkpt lat="33.761610" lon="73.219000"><ele>706.847</ele><time>2025-08-10T09:01:21.012Z</time></trkpt><trkpt lat="33.761542" lon="73.218961"><ele>706.781</ele><time>2025-08-10T09:01:22.012Z</time></trkpt><trkpt lat="33.761453" lon="73.218940"><ele>706.561</ele><time>2025-08-10T09:01:23.012Z</time></trkpt><trkpt lat="33.761364" lon="73.218909"><ele>706.317</ele><time>2025-08-10T09:01:24.012Z</time></trkpt><trkpt lat="33.761272" lon="73.218877"><ele>706.109</ele><time>2025-08-10T09:01:25.012Z</time></trkpt><trkpt lat="33.761195" lon="73.218829"><ele>706.030</ele><time>2025-08-10T09:01:26.012Z</time></trkpt><trkpt lat="33.761116" lon="73.218784"><ele>706.070</ele><time>2025-08-10T09:01:27.012Z</time></trkpt><trkpt lat="33.761034" lon="73.218735"><ele>706.154</ele><time>2025-08-10T09:01:28.012Z</time></trkpt><trkpt lat="33.760955" lon="73.218674"><ele>706.398</ele><time>2025-08-10T09:01:29.012Z</time></trkpt><trkpt lat="33.760882" lon="73.218604"><ele>706.642</ele><time>2025-08-10T09:01:30.012Z</time></trkpt><trkpt lat="33.760817" lon="73.218518"><ele>706.898</ele><time>2025-08-10T09:01:31.012Z</time></trkpt><trkpt lat="33.760748" lon="73.218437"><ele>707.021</ele><time>2025-08-10T09:01:32.012Z</time></trkpt><trkpt lat="33.760687" lon="73.218341"><ele>707.320</ele><time>2025-08-10T09:01:33.012Z</time></trkpt><trkpt lat="33.760634" lon="73.218235"><ele>707.541</ele><time>2025-08-10T09:01:34.012Z</time></trkpt><trkpt lat="33.760589" lon="73.218132"><ele>707.784</ele><time>2025-08-10T09:01:35.012Z</time></trkpt><trkpt lat="33.760543" lon="73.218031"><ele>708.107</ele><time>2025-08-10T09:01:36.012Z</time></trkpt><trkpt lat="33.760500" lon="73.217934"><ele>708.617</ele><time>2025-08-10T09:01:37.012Z</time></trkpt><trkpt lat="33.760465" lon="73.217833"><ele>709.009</ele><time>2025-08-10T09:01:38.012Z</time></trkpt><trkpt lat="33.760423" lon="73.217733"><ele>709.660</ele><time>2025-08-10T09:01:39.012Z</time></trkpt><trkpt lat="33.760384" lon="73.217629"><ele>710.280</ele><time>2025-08-10T09:01:40.012Z</time></trkpt><trkpt lat="33.760349" lon="73.217523"><ele>710.764</ele><time>2025-08-10T09:01:41.012Z</time></trkpt><trkpt lat="33.760290" lon="73.217425"><ele>711.278</ele><time>2025-08-10T09:01:42.012Z</time></trkpt><trkpt lat="33.760241" lon="73.217324"><ele>711.742</ele><time>2025-08-10T09:01:43.012Z</time></trkpt><trkpt lat="33.760192" lon="73.217217"><ele>712.168</ele><time>2025-08-10T09:01:44.012Z</time></trkpt><trkpt lat="33.760133" lon="73.217119"><ele>712.481</ele><time>2025-08-10T09:01:45.012Z</time></trkpt><trkpt lat="33.760076" lon="73.217022"><ele>712.850</ele><time>2025-08-10T09:01:46.012Z</time></trkpt><trkpt lat="33.760020" lon="73.216921"><ele>713.331</ele><time>2025-08-10T09:01:47.012Z</time></trkpt><trkpt lat="33.759954" lon="73.216829"><ele>713.793</ele><time>2025-08-10T09:01:48.012Z</time></trkpt><trkpt lat="33.759883" lon="73.216739"><ele>714.165</ele><time>2025-08-10T09:01:49.012Z</time></trkpt><trkpt lat="33.759803" lon="73.216650"><ele>714.521</ele><time>2025-08-10T09:01:50.012Z</time></trkpt><trkpt lat="33.759723" lon="73.216563"><ele>714.709</ele><time>2025-08-10T09:01:51.012Z</time></trkpt><trkpt lat="33.759642" lon="73.216476"><ele>714.841</ele><time>2025-08-10T09:01:52.012Z</time></trkpt><trkpt lat="33.759559" lon="73.216387"><ele>714.891</ele><time>2025-08-10T09:01:53.012Z</time></trkpt><trkpt lat="33.759485" lon="73.216299"><ele>714.765</ele><time>2025-08-10T09:01:54.012Z</time></trkpt><trkpt lat="33.759405" lon="73.216209"><ele>714.679</ele><time>2025-08-10T09:01:55.012Z</time></trkpt><trkpt lat="33.759328" lon="73.216122"><ele>714.473</ele><time>2025-08-10T09:01:56.012Z</time></trkpt><trkpt lat="33.759252" lon="73.216032"><ele>714.149</ele><time>2025-08-10T09:01:57.012Z</time></trkpt><trkpt lat="33.759173" lon="73.215936"><ele>713.992</ele><time>2025-08-10T09:01:58.012Z</time></trkpt><trkpt lat="33.759097" lon="73.215833"><ele>713.681</ele><time>2025-08-10T09:01:59.012Z</time></trkpt><trkpt lat="33.759028" lon="73.215730"><ele>713.472</ele><time>2025-08-10T09:02:00.012Z</time></trkpt><trkpt lat="33.758950" lon="73.215634"><ele>713.496</ele><time>2025-08-10T09:02:01.012Z</time></trkpt><trkpt lat="33.758884" lon="73.215527"><ele>713.531</ele><time>2025-08-10T09:02:02.012Z</time></trkpt><trkpt lat="33.758818" lon="73.215417"><ele>713.724</ele><time>2025-08-10T09:02:03.012Z</time></trkpt><trkpt lat="33.758755" lon="73.215305"><ele>713.909</ele><time>2025-08-10T09:02:04.012Z</time></trkpt><trkpt lat="33.758694" lon="73.215191"><ele>713.981</ele><time>2025-08-10T09:02:05.012Z</time></trkpt><trkpt lat="33.758630" lon="73.215063"><ele>713.821</ele><time>2025-08-10T09:02:06.012Z</time></trkpt><trkpt lat="33.758567" lon="73.214937"><ele>713.555</ele><time>2025-08-10T09:02:07.012Z</time></trkpt><trkpt lat="33.758510" lon="73.214807"><ele>713.229</ele><time>2025-08-10T09:02:08.012Z</time></trkpt><trkpt lat="33.758461" lon="73.214677"><ele>712.993</ele><time>2025-08-10T09:02:09.012Z</time></trkpt><trkpt lat="33.758416" lon="73.214560"><ele>712.979</ele><time>2025-08-10T09:02:10.012Z</time></trkpt><trkpt lat="33.758372" lon="73.214455"><ele>712.952</ele><time>2025-08-10T09:02:11.012Z</time></trkpt><trkpt lat="33.758341" lon="73.214351"><ele>713.071</ele><time>2025-08-10T09:02:12.012Z</time></trkpt><trkpt lat="33.758301" lon="73.214249"><ele>713.062</ele><time>2025-08-10T09:02:13.012Z</time></trkpt><trkpt lat="33.758259" lon="73.214144"><ele>712.913</ele><time>2025-08-10T09:02:14.012Z</time></trkpt><trkpt lat="33.758213" lon="73.214041"><ele>712.643</ele><time>2025-08-10T09:02:15.012Z</time></trkpt><trkpt lat="33.758168" lon="73.213940"><ele>712.407</ele><time>2025-08-10T09:02:16.012Z</time></trkpt><trkpt lat="33.758121" lon="73.213836"><ele>712.309</ele><time>2025-08-10T09:02:17.012Z</time></trkpt><trkpt lat="33.758070" lon="73.213729"><ele>712.383</ele><time>2025-08-10T09:02:18.012Z</time></trkpt><trkpt lat="33.758018" lon="73.213620"><ele>712.463</ele><time>2025-08-10T09:02:19.012Z</time></trkpt><trkpt lat="33.757966" lon="73.213511"><ele>712.647</ele><time>2025-08-10T09:02:20.012Z</time></trkpt><trkpt lat="33.757919" lon="73.213399"><ele>712.961</ele><time>2025-08-10T09:02:21.012Z</time></trkpt><trkpt lat="33.757876" lon="73.213288"><ele>713.225</ele><time>2025-08-10T09:02:22.012Z</time></trkpt><trkpt lat="33.757829" lon="73.213179"><ele>713.381</ele><time>2025-08-10T09:02:23.012Z</time></trkpt><trkpt lat="33.757783" lon="73.213070"><ele>713.474</ele><time>2025-08-10T09:02:24.012Z</time></trkpt><trkpt lat="33.757729" lon="73.212961"><ele>713.583</ele><time>2025-08-10T09:02:25.012Z</time></trkpt><trkpt lat="33.757671" lon="73.212847"><ele>713.594</ele><time>2025-08-10T09:02:26.012Z</time></trkpt><trkpt lat="33.757617" lon="73.212731"><ele>713.441</ele><time>2025-08-10T09:02:27.012Z</time></trkpt><trkpt lat="33.757561" lon="73.212613"><ele>713.481</ele><time>2025-08-10T09:02:28.012Z</time></trkpt><trkpt lat="33.757505" lon="73.212492"><ele>713.609</ele><time>2025-08-10T09:02:29.012Z</time></trkpt><trkpt lat="33.757452" lon="73.212367"><ele>713.809</ele><time>2025-08-10T09:02:30.012Z</time></trkpt><trkpt lat="33.757402" lon="73.212244"><ele>714.066</ele><time>2025-08-10T09:02:31.012Z</time></trkpt><trkpt lat="33.757352" lon="73.212119"><ele>714.286</ele><time>2025-08-10T09:02:32.012Z</time></trkpt><trkpt lat="33.757307" lon="73.211996"><ele>714.270</ele><time>2025-08-10T09:02:33.012Z</time></trkpt><trkpt lat="33.757271" lon="73.211872"><ele>714.364</ele><time>2025-08-10T09:02:34.012Z</time></trkpt><trkpt lat="33.757238" lon="73.211753"><ele>714.438</ele><time>2025-08-10T09:02:35.012Z</time></trkpt><trkpt lat="33.757206" lon="73.211634"><ele>714.454</ele><time>2025-08-10T09:02:36.012Z</time></trkpt><trkpt lat="33.757173" lon="73.211518"><ele>714.597</ele><time>2025-08-10T09:02:37.012Z</time></trkpt><trkpt lat="33.757136" lon="73.211402"><ele>714.666</ele><time>2025-08-10T09:02:38.012Z</time></trkpt><trkpt lat="33.757099" lon="73.211287"><ele>714.827</ele><time>2025-08-10T09:02:39.012Z</time></trkpt><trkpt lat="33.757055" lon="73.211179"><ele>715.034</ele><time>2025-08-10T09:02:40.012Z</time></trkpt><trkpt lat="33.757006" lon="73.211076"><ele>715.155</ele><time>2025-08-10T09:02:41.012Z</time></trkpt><trkpt lat="33.756958" lon="73.210976"><ele>715.110</ele><time>2025-08-10T09:02:42.012Z</time></trkpt><trkpt lat="33.756907" lon="73.210884"><ele>715.109</ele><time>2025-08-10T09:02:43.012Z</time></trkpt><trkpt lat="33.756860" lon="73.210798"><ele>714.965</ele><time>2025-08-10T09:02:44.012Z</time></trkpt><trkpt lat="33.756816" lon="73.210722"><ele>714.745</ele><time>2025-08-10T09:02:45.012Z</time></trkpt><trkpt lat="33.756774" lon="73.210656"><ele>714.379</ele><time>2025-08-10T09:02:46.012Z</time></trkpt><trkpt lat="33.756740" lon="73.210587"><ele>713.973</ele><time>2025-08-10T09:02:47.012Z</time></trkpt><trkpt lat="33.756708" lon="73.210521"><ele>713.667</ele><time>2025-08-10T09:02:48.012Z</time></trkpt><trkpt lat="33.756679" lon="73.210456"><ele>713.423</ele><time>2025-08-10T09:02:49.012Z</time></trkpt><trkpt lat="33.756643" lon="73.210390"><ele>713.176</ele><time>2025-08-10T09:02:50.012Z</time></trkpt><trkpt lat="33.756609" lon="73.210318"><ele>712.785</ele><time>2025-08-10T09:02:51.012Z</time></trkpt><trkpt lat="33.756576" lon="73.210239"><ele>712.576</ele><time>2025-08-10T09:02:52.012Z</time></trkpt><trkpt lat="33.756543" lon="73.210154"><ele>712.218</ele><time>2025-08-10T09:02:53.012Z</time></trkpt><trkpt lat="33.756508" lon="73.210067"><ele>712.098</ele><time>2025-08-10T09:02:54.012Z</time></trkpt><trkpt lat="33.756473" lon="73.209977"><ele>711.817</ele><time>2025-08-10T09:02:55.012Z</time></trkpt><trkpt lat="33.756439" lon="73.209897"><ele>711.609</ele><time>2025-08-10T09:02:56.012Z</time></trkpt><trkpt lat="33.756410" lon="73.209821"><ele>711.443</ele><time>2025-08-10T09:02:57.012Z</time></trkpt><trkpt lat="33.756381" lon="73.209745"><ele>711.133</ele><time>2025-08-10T09:02:58.012Z</time></trkpt><trkpt lat="33.756341" lon="73.209674"><ele>710.887</ele><time>2025-08-10T09:02:59.012Z</time></trkpt><trkpt lat="33.756302" lon="73.209602"><ele>710.461</ele><time>2025-08-10T09:03:00.012Z</time></trkpt><trkpt lat="33.756259" lon="73.209522"><ele>710.045</ele><time>2025-08-10T09:03:01.012Z</time></trkpt><trkpt lat="33.756214" lon="73.209435"><ele>709.771</ele><time>2025-08-10T09:03:02.012Z</time></trkpt><trkpt lat="33.756163" lon="73.209341"><ele>709.464</ele><time>2025-08-10T09:03:03.012Z</time></trkpt><trkpt lat="33.756108" lon="73.209244"><ele>709.153</ele><time>2025-08-10T09:03:04.012Z</time></trkpt><trkpt lat="33.756051" lon="73.209146"><ele>708.914</ele><time>2025-08-10T09:03:05.012Z</time></trkpt><trkpt lat="33.755990" lon="73.209049"><ele>708.672</ele><time>2025-08-10T09:03:06.012Z</time></trkpt><trkpt lat="33.755924" lon="73.208956"><ele>708.213</ele><time>2025-08-10T09:03:07.012Z</time></trkpt><trkpt lat="33.755855" lon="73.208867"><ele>707.914</ele><time>2025-08-10T09:03:08.012Z</time></trkpt><trkpt lat="33.755785" lon="73.208780"><ele>707.509</ele><time>2025-08-10T09:03:09.012Z</time></trkpt><trkpt lat="33.755716" lon="73.208695"><ele>707.189</ele><time>2025-08-10T09:03:10.012Z</time></trkpt><trkpt lat="33.755646" lon="73.208612"><ele>706.949</ele><time>2025-08-10T09:03:11.012Z</time></trkpt><trkpt lat="33.755577" lon="73.208528"><ele>706.533</ele><time>2025-08-10T09:03:12.012Z</time></trkpt><trkpt lat="33.755508" lon="73.208444"><ele>706.197</ele><time>2025-08-10T09:03:13.012Z</time></trkpt><trkpt lat="33.755439" lon="73.208362"><ele>705.741</ele><time>2025-08-10T09:03:14.012Z</time></trkpt><trkpt lat="33.755369" lon="73.208280"><ele>705.477</ele><time>2025-08-10T09:03:15.012Z</time></trkpt><trkpt lat="33.755299" lon="73.208199"><ele>704.820</ele><time>2025-08-10T09:03:16.012Z</time></trkpt><trkpt lat="33.755231" lon="73.208120"><ele>704.449</ele><time>2025-08-10T09:03:17.012Z</time></trkpt><trkpt lat="33.755163" lon="73.208050"><ele>703.880</ele><time>2025-08-10T09:03:18.012Z</time></trkpt><trkpt lat="33.755100" lon="73.207975"><ele>703.346</ele><time>2025-08-10T09:03:19.012Z</time></trkpt><trkpt lat="33.755037" lon="73.207900"><ele>703.088</ele><time>2025-08-10T09:03:20.012Z</time></trkpt><trkpt lat="33.754974" lon="73.207828"><ele>702.316</ele><time>2025-08-10T09:03:21.012Z</time></trkpt><trkpt lat="33.754908" lon="73.207751"><ele>701.609</ele><time>2025-08-10T09:03:22.012Z</time></trkpt><trkpt lat="33.754844" lon="73.207673"><ele>700.836</ele><time>2025-08-10T09:03:23.012Z</time></trkpt><trkpt lat="33.754781" lon="73.207587"><ele>700.436</ele><time>2025-08-10T09:03:24.012Z</time></trkpt><trkpt lat="33.754725" lon="73.207495"><ele>700.070</ele><time>2025-08-10T09:03:25.012Z</time></trkpt><trkpt lat="33.754679" lon="73.207396"><ele>699.754</ele><time>2025-08-10T09:03:26.012Z</time></trkpt><trkpt lat="33.754636" lon="73.207293"><ele>699.498</ele><time>2025-08-10T09:03:27.012Z</time></trkpt><trkpt lat="33.754600" lon="73.207187"><ele>699.114</ele><time>2025-08-10T09:03:28.012Z</time></trkpt><trkpt lat="33.754571" lon="73.207077"><ele>698.777</ele><time>2025-08-10T09:03:29.012Z</time></trkpt><trkpt lat="33.754537" lon="73.206969"><ele>698.526</ele><time>2025-08-10T09:03:30.012Z</time></trkpt><trkpt lat="33.754500" lon="73.206862"><ele>698.247</ele><time>2025-08-10T09:03:31.012Z</time></trkpt><trkpt lat="33.754465" lon="73.206757"><ele>697.727</ele><time>2025-08-10T09:03:32.012Z</time></trkpt><trkpt lat="33.754426" lon="73.206655"><ele>697.268</ele><time>2025-08-10T09:03:33.012Z</time></trkpt><trkpt lat="33.754382" lon="73.206553"><ele>696.714</ele><time>2025-08-10T09:03:34.012Z</time></trkpt><trkpt lat="33.754342" lon="73.206453"><ele>696.109</ele><time>2025-08-10T09:03:35.012Z</time></trkpt><trkpt lat="33.754305" lon="73.206354"><ele>695.624</ele><time>2025-08-10T09:03:36.012Z</time></trkpt><trkpt lat="33.754268" lon="73.206248"><ele>695.334</ele><time>2025-08-10T09:03:37.012Z</time></trkpt><trkpt lat="33.754230" lon="73.206145"><ele>694.998</ele><time>2025-08-10T09:03:38.012Z</time></trkpt><trkpt lat="33.754192" lon="73.206043"><ele>694.492</ele><time>2025-08-10T09:03:39.012Z</time></trkpt><trkpt lat="33.754152" lon="73.205938"><ele>694.186</ele><time>2025-08-10T09:03:40.012Z</time></trkpt><trkpt lat="33.754108" lon="73.205836"><ele>693.612</ele><time>2025-08-10T09:03:41.012Z</time></trkpt><trkpt lat="33.754065" lon="73.205735"><ele>693.115</ele><time>2025-08-10T09:03:42.012Z</time></trkpt><trkpt lat="33.754026" lon="73.205643"><ele>692.534</ele><time>2025-08-10T09:03:43.012Z</time></trkpt><trkpt lat="33.753992" lon="73.205552"><ele>692.365</ele><time>2025-08-10T09:03:44.012Z</time></trkpt><trkpt lat="33.753959" lon="73.205458"><ele>691.826</ele><time>2025-08-10T09:03:45.012Z</time></trkpt><trkpt lat="33.753927" lon="73.205362"><ele>691.247</ele><time>2025-08-10T09:03:46.012Z</time></trkpt><trkpt lat="33.753901" lon="73.205264"><ele>690.611</ele><time>2025-08-10T09:03:47.012Z</time></trkpt><trkpt lat="33.753878" lon="73.205162"><ele>690.109</ele><time>2025-08-10T09:03:48.012Z</time></trkpt><trkpt lat="33.753843" lon="73.205054"><ele>689.344</ele><time>2025-08-10T09:03:49.012Z</time></trkpt><trkpt lat="33.753821" lon="73.204942"><ele>688.834</ele><time>2025-08-10T09:03:50.012Z</time></trkpt><trkpt lat="33.753791" lon="73.204816"><ele>688.568</ele><time>2025-08-10T09:03:51.012Z</time></trkpt><trkpt lat="33.753760" lon="73.204686"><ele>688.372</ele><time>2025-08-10T09:03:52.012Z</time></trkpt><trkpt lat="33.753724" lon="73.204556"><ele>688.166</ele><time>2025-08-10T09:03:53.012Z</time></trkpt><trkpt lat="33.753676" lon="73.204422"><ele>687.932</ele><time>2025-08-10T09:03:54.012Z</time></trkpt><trkpt lat="33.753631" lon="73.204283"><ele>687.775</ele><time>2025-08-10T09:03:55.012Z</time></trkpt><trkpt lat="33.753584" lon="73.204144"><ele>687.684</ele><time>2025-08-10T09:03:56.012Z</time></trkpt><trkpt lat="33.753545" lon="73.203998"><ele>687.635</ele><time>2025-08-10T09:03:57.012Z</time></trkpt><trkpt lat="33.753503" lon="73.203846"><ele>687.823</ele><time>2025-08-10T09:03:58.012Z</time></trkpt><trkpt lat="33.753457" lon="73.203701"><ele>688.083</ele><time>2025-08-10T09:03:59.012Z</time></trkpt><trkpt lat="33.753414" lon="73.203552"><ele>688.711</ele><time>2025-08-10T09:04:00.012Z</time></trkpt><trkpt lat="33.753367" lon="73.203408"><ele>689.209</ele><time>2025-08-10T09:04:01.012Z</time></trkpt><trkpt lat="33.753312" lon="73.203270"><ele>689.794</ele><time>2025-08-10T09:04:02.012Z</time></trkpt><trkpt lat="33.753269" lon="73.203139"><ele>690.284</ele><time>2025-08-10T09:04:03.012Z</time></trkpt><trkpt lat="33.753220" lon="73.203026"><ele>690.768</ele><time>2025-08-10T09:04:04.012Z</time></trkpt><trkpt lat="33.753164" lon="73.202925"><ele>690.972</ele><time>2025-08-10T09:04:05.012Z</time></trkpt><trkpt lat="33.753110" lon="73.202827"><ele>691.336</ele><time>2025-08-10T09:04:06.012Z</time></trkpt><trkpt lat="33.753056" lon="73.202726"><ele>691.632</ele><time>2025-08-10T09:04:07.012Z</time></trkpt><trkpt lat="33.753011" lon="73.202616"><ele>691.815</ele><time>2025-08-10T09:04:08.012Z</time></trkpt><trkpt lat="33.752969" lon="73.202507"><ele>692.074</ele><time>2025-08-10T09:04:09.012Z</time></trkpt><trkpt lat="33.752942" lon="73.202390"><ele>692.365</ele><time>2025-08-10T09:04:10.012Z</time></trkpt><trkpt lat="33.752902" lon="73.202266"><ele>692.595</ele><time>2025-08-10T09:04:11.012Z</time></trkpt><trkpt lat="33.752866" lon="73.202144"><ele>692.749</ele><time>2025-08-10T09:04:12.012Z</time></trkpt><trkpt lat="33.752837" lon="73.202019"><ele>692.823</ele><time>2025-08-10T09:04:13.012Z</time></trkpt><trkpt lat="33.752805" lon="73.201894"><ele>692.909</ele><time>2025-08-10T09:04:14.012Z</time></trkpt><trkpt lat="33.752777" lon="73.201779"><ele>693.031</ele><time>2025-08-10T09:04:15.012Z</time></trkpt><trkpt lat="33.752750" lon="73.201664"><ele>693.121</ele><time>2025-08-10T09:04:16.012Z</time></trkpt><trkpt lat="33.752730" lon="73.201543"><ele>693.235</ele><time>2025-08-10T09:04:17.012Z</time></trkpt><trkpt lat="33.752708" lon="73.201423"><ele>693.339</ele><time>2025-08-10T09:04:18.012Z</time></trkpt><trkpt lat="33.752678" lon="73.201305"><ele>693.573</ele><time>2025-08-10T09:04:19.012Z</time></trkpt><trkpt lat="33.752649" lon="73.201184"><ele>693.679</ele><time>2025-08-10T09:04:20.012Z</time></trkpt><trkpt lat="33.752622" lon="73.201061"><ele>693.882</ele><time>2025-08-10T09:04:21.012Z</time></trkpt><trkpt lat="33.752598" lon="73.200935"><ele>694.011</ele><time>2025-08-10T09:04:22.012Z</time></trkpt><trkpt lat="33.752575" lon="73.200808"><ele>694.352</ele><time>2025-08-10T09:04:23.012Z</time></trkpt><trkpt lat="33.752551" lon="73.200681"><ele>694.723</ele><time>2025-08-10T09:04:24.012Z</time></trkpt><trkpt lat="33.752521" lon="73.200558"><ele>695.083</ele><time>2025-08-10T09:04:25.012Z</time></trkpt><trkpt lat="33.752494" lon="73.200436"><ele>695.311</ele><time>2025-08-10T09:04:26.012Z</time></trkpt><trkpt lat="33.752466" lon="73.200314"><ele>695.709</ele><time>2025-08-10T09:04:27.012Z</time></trkpt><trkpt lat="33.752437" lon="73.200193"><ele>696.024</ele><time>2025-08-10T09:04:28.012Z</time></trkpt><trkpt lat="33.752409" lon="73.200072"><ele>696.384</ele><time>2025-08-10T09:04:29.012Z</time></trkpt><trkpt lat="33.752383" lon="73.199950"><ele>696.638</ele><time>2025-08-10T09:04:30.012Z</time></trkpt><trkpt lat="33.752357" lon="73.199824"><ele>697.022</ele><time>2025-08-10T09:04:31.012Z</time></trkpt><trkpt lat="33.752327" lon="73.199699"><ele>697.516</ele><time>2025-08-10T09:04:32.012Z</time></trkpt><trkpt lat="33.752304" lon="73.199570"><ele>698.092</ele><time>2025-08-10T09:04:33.012Z</time></trkpt><trkpt lat="33.752266" lon="73.199450"><ele>698.565</ele><time>2025-08-10T09:04:34.012Z</time></trkpt><trkpt lat="33.752242" lon="73.199331"><ele>698.774</ele><time>2025-08-10T09:04:35.012Z</time></trkpt><trkpt lat="33.752221" lon="73.199219"><ele>698.775</ele><time>2025-08-10T09:04:36.012Z</time></trkpt><trkpt lat="33.752206" lon="73.199111"><ele>698.697</ele><time>2025-08-10T09:04:37.012Z</time></trkpt><trkpt lat="33.752183" lon="73.199006"><ele>698.323</ele><time>2025-08-10T09:04:38.012Z</time></trkpt><trkpt lat="33.752157" lon="73.198904"><ele>697.825</ele><time>2025-08-10T09:04:39.012Z</time></trkpt><trkpt lat="33.752135" lon="73.198802"><ele>697.609</ele><time>2025-08-10T09:04:40.012Z</time></trkpt><trkpt lat="33.752112" lon="73.198699"><ele>697.351</ele><time>2025-08-10T09:04:41.012Z</time></trkpt><trkpt lat="33.752083" lon="73.198599"><ele>697.051</ele><time>2025-08-10T09:04:42.012Z</time></trkpt><trkpt lat="33.752055" lon="73.198496"><ele>696.855</ele><time>2025-08-10T09:04:43.012Z</time></trkpt><trkpt lat="33.752022" lon="73.198392"><ele>696.619</ele><time>2025-08-10T09:04:44.012Z</time></trkpt><trkpt lat="33.751985" lon="73.198294"><ele>696.653</ele><time>2025-08-10T09:04:45.012Z</time></trkpt><trkpt lat="33.751947" lon="73.198198"><ele>696.659</ele><time>2025-08-10T09:04:46.012Z</time></trkpt><trkpt lat="33.751908" lon="73.198104"><ele>696.612</ele><time>2025-08-10T09:04:47.012Z</time></trkpt><trkpt lat="33.751864" lon="73.198012"><ele>696.611</ele><time>2025-08-10T09:04:48.012Z</time></trkpt><trkpt lat="33.751817" lon="73.197920"><ele>696.672</ele><time>2025-08-10T09:04:49.012Z</time></trkpt><trkpt lat="33.751768" lon="73.197826"><ele>696.594</ele><time>2025-08-10T09:04:50.012Z</time></trkpt><trkpt lat="33.751714" lon="73.197731"><ele>696.457</ele><time>2025-08-10T09:04:51.012Z</time></trkpt><trkpt lat="33.751658" lon="73.197634"><ele>696.422</ele><time>2025-08-10T09:04:52.012Z</time></trkpt><trkpt lat="33.751600" lon="73.197537"><ele>696.409</ele><time>2025-08-10T09:04:53.012Z</time></trkpt><trkpt lat="33.751542" lon="73.197440"><ele>696.571</ele><time>2025-08-10T09:04:54.012Z</time></trkpt><trkpt lat="33.751482" lon="73.197343"><ele>696.551</ele><time>2025-08-10T09:04:55.012Z</time></trkpt><trkpt lat="33.751419" lon="73.197248"><ele>696.545</ele><time>2025-08-10T09:04:56.012Z</time></trkpt><trkpt lat="33.751359" lon="73.197147"><ele>696.539</ele><time>2025-08-10T09:04:57.012Z</time></trkpt><trkpt lat="33.751290" lon="73.197043"><ele>696.573</ele><time>2025-08-10T09:04:58.012Z</time></trkpt><trkpt lat="33.751216" lon="73.196938"><ele>696.499</ele><time>2025-08-10T09:04:59.012Z</time></trkpt><trkpt lat="33.751135" lon="73.196837"><ele>696.412</ele><time>2025-08-10T09:05:00.012Z</time></trkpt><trkpt lat="33.751047" lon="73.196740"><ele>696.361</ele><time>2025-08-10T09:05:01.012Z</time></trkpt><trkpt lat="33.750957" lon="73.196647"><ele>696.262</ele><time>2025-08-10T09:05:02.012Z</time></trkpt><trkpt lat="33.750865" lon="73.196553"><ele>696.268</ele><time>2025-08-10T09:05:03.012Z</time></trkpt><trkpt lat="33.750777" lon="73.196460"><ele>696.242</ele><time>2025-08-10T09:05:04.012Z</time></trkpt><trkpt lat="33.750692" lon="73.196370"><ele>696.226</ele><time>2025-08-10T09:05:05.012Z</time></trkpt><trkpt lat="33.750604" lon="73.196289"><ele>696.209</ele><time>2025-08-10T09:05:06.012Z</time></trkpt><trkpt lat="33.750515" lon="73.196209"><ele>696.378</ele><time>2025-08-10T09:05:07.012Z</time></trkpt><trkpt lat="33.750430" lon="73.196126"><ele>696.448</ele><time>2025-08-10T09:05:08.012Z</time></trkpt><trkpt lat="33.750344" lon="73.196043"><ele>696.612</ele><time>2025-08-10T09:05:09.012Z</time></trkpt><trkpt lat="33.750260" lon="73.195963"><ele>696.956</ele><time>2025-08-10T09:05:10.012Z</time></trkpt><trkpt lat="33.750174" lon="73.195884"><ele>697.390</ele><time>2025-08-10T09:05:11.012Z</time></trkpt><trkpt lat="33.750084" lon="73.195806"><ele>697.766</ele><time>2025-08-10T09:05:12.012Z</time></trkpt><trkpt lat="33.749998" lon="73.195728"><ele>698.139</ele><time>2025-08-10T09:05:13.012Z</time></trkpt><trkpt lat="33.749912" lon="73.195651"><ele>698.528</ele><time>2025-08-10T09:05:14.012Z</time></trkpt><trkpt lat="33.749834" lon="73.195568"><ele>698.939</ele><time>2025-08-10T09:05:15.012Z</time></trkpt><trkpt lat="33.749746" lon="73.195491"><ele>699.215</ele><time>2025-08-10T09:05:16.012Z</time></trkpt><trkpt lat="33.749662" lon="73.195410"><ele>699.565</ele><time>2025-08-10T09:05:17.012Z</time></trkpt><trkpt lat="33.749571" lon="73.195328"><ele>699.911</ele><time>2025-08-10T09:05:18.012Z</time></trkpt><trkpt lat="33.749476" lon="73.195245"><ele>700.209</ele><time>2025-08-10T09:05:19.012Z</time></trkpt><trkpt lat="33.749384" lon="73.195159"><ele>700.443</ele><time>2025-08-10T09:05:20.012Z</time></trkpt><trkpt lat="33.749294" lon="73.195074"><ele>700.583</ele><time>2025-08-10T09:05:21.012Z</time></trkpt><trkpt lat="33.749206" lon="73.194987"><ele>700.567</ele><time>2025-08-10T09:05:22.012Z</time></trkpt><trkpt lat="33.749117" lon="73.194905"><ele>700.581</ele><time>2025-08-10T09:05:23.012Z</time></trkpt><trkpt lat="33.749029" lon="73.194826"><ele>700.475</ele><time>2025-08-10T09:05:24.012Z</time></trkpt><trkpt lat="33.748950" lon="73.194749"><ele>700.331</ele><time>2025-08-10T09:05:25.012Z</time></trkpt><trkpt lat="33.748871" lon="73.194670"><ele>700.174</ele><time>2025-08-10T09:05:26.012Z</time></trkpt><trkpt lat="33.748794" lon="73.194595"><ele>699.983</ele><time>2025-08-10T09:05:27.012Z</time></trkpt><trkpt lat="33.748725" lon="73.194518"><ele>699.744</ele><time>2025-08-10T09:05:28.012Z</time></trkpt><trkpt lat="33.748656" lon="73.194447"><ele>699.533</ele><time>2025-08-10T09:05:29.012Z</time></trkpt><trkpt lat="33.748593" lon="73.194379"><ele>699.423</ele><time>2025-08-10T09:05:30.012Z</time></trkpt><trkpt lat="33.748530" lon="73.194315"><ele>699.215</ele><time>2025-08-10T09:05:31.012Z</time></trkpt><trkpt lat="33.748471" lon="73.194250"><ele>699.009</ele><time>2025-08-10T09:05:32.012Z</time></trkpt><trkpt lat="33.748416" lon="73.194188"><ele>698.885</ele><time>2025-08-10T09:05:33.012Z</time></trkpt><trkpt lat="33.748365" lon="73.194136"><ele>698.635</ele><time>2025-08-10T09:05:34.012Z</time></trkpt><trkpt lat="33.748316" lon="73.194097"><ele>698.389</ele><time>2025-08-10T09:05:35.012Z</time></trkpt><trkpt lat="33.748274" lon="73.194073"><ele>698.293</ele><time>2025-08-10T09:05:36.012Z</time></trkpt><trkpt lat="33.748202" lon="73.194016"><ele>697.937</ele><time>2025-08-10T09:05:38.012Z</time></trkpt><trkpt lat="33.748143" lon="73.193953"><ele>697.533</ele><time>2025-08-10T09:05:40.012Z</time></trkpt><trkpt lat="33.748090" lon="73.193884"><ele>696.286</ele><time>2025-08-10T09:05:42.012Z</time></trkpt><trkpt lat="33.748050" lon="73.193853"><ele>695.655</ele><time>2025-08-10T09:05:44.012Z</time></trkpt><trkpt lat="33.747990" lon="73.193803"><ele>695.136</ele><time>2025-08-10T09:05:46.012Z</time></trkpt><trkpt lat="33.747948" lon="73.193767"><ele>694.975</ele><time>2025-08-10T09:05:47.012Z</time></trkpt><trkpt lat="33.747897" lon="73.193727"><ele>694.528</ele><time>2025-08-10T09:05:48.012Z</time></trkpt><trkpt lat="33.747850" lon="73.193685"><ele>694.320</ele><time>2025-08-10T09:05:49.012Z</time></trkpt><trkpt lat="33.747808" lon="73.193639"><ele>694.209</ele><time>2025-08-10T09:05:50.012Z</time></trkpt><trkpt lat="33.747763" lon="73.193586"><ele>694.299</ele><time>2025-08-10T09:05:51.012Z</time></trkpt><trkpt lat="33.747718" lon="73.193530"><ele>694.249</ele><time>2025-08-10T09:05:52.012Z</time></trkpt><trkpt lat="33.747667" lon="73.193473"><ele>694.123</ele><time>2025-08-10T09:05:53.012Z</time></trkpt><trkpt lat="33.747628" lon="73.193405"><ele>694.057</ele><time>2025-08-10T09:05:54.012Z</time></trkpt><trkpt lat="33.747581" lon="73.193345"><ele>693.741</ele><time>2025-08-10T09:05:55.012Z</time></trkpt><trkpt lat="33.747528" lon="73.193299"><ele>693.547</ele><time>2025-08-10T09:05:56.012Z</time></trkpt><trkpt lat="33.747479" lon="73.193245"><ele>693.430</ele><time>2025-08-10T09:05:57.012Z</time></trkpt><trkpt lat="33.747426" lon="73.193209"><ele>693.269</ele><time>2025-08-10T09:05:58.012Z</time></trkpt><trkpt lat="33.747370" lon="73.193171"><ele>693.090</ele><time>2025-08-10T09:05:59.012Z</time></trkpt><trkpt lat="33.747321" lon="73.193109"><ele>692.728</ele><time>2025-08-10T09:06:00.012Z</time></trkpt><trkpt lat="33.747259" lon="73.193057"><ele>692.289</ele><time>2025-08-10T09:06:01.012Z</time></trkpt><trkpt lat="33.747192" lon="73.193021"><ele>691.717</ele><time>2025-08-10T09:06:02.012Z</time></trkpt><trkpt lat="33.747115" lon="73.192992"><ele>691.209</ele><time>2025-08-10T09:06:03.012Z</time></trkpt><trkpt lat="33.747041" lon="73.192965"><ele>690.754</ele><time>2025-08-10T09:06:04.012Z</time></trkpt><trkpt lat="33.746963" lon="73.192936"><ele>690.254</ele><time>2025-08-10T09:06:05.012Z</time></trkpt><trkpt lat="33.746879" lon="73.192893"><ele>689.738</ele><time>2025-08-10T09:06:06.012Z</time></trkpt><trkpt lat="33.746794" lon="73.192856"><ele>689.372</ele><time>2025-08-10T09:06:07.012Z</time></trkpt><trkpt lat="33.746718" lon="73.192816"><ele>689.026</ele><time>2025-08-10T09:06:08.012Z</time></trkpt><trkpt lat="33.746645" lon="73.192775"><ele>688.772</ele><time>2025-08-10T09:06:09.012Z</time></trkpt><trkpt lat="33.746566" lon="73.192729"><ele>688.385</ele><time>2025-08-10T09:06:10.012Z</time></trkpt><trkpt lat="33.746497" lon="73.192682"><ele>687.944</ele><time>2025-08-10T09:06:11.012Z</time></trkpt><trkpt lat="33.746435" lon="73.192622"><ele>687.625</ele><time>2025-08-10T09:06:12.012Z</time></trkpt><trkpt lat="33.746371" lon="73.192548"><ele>687.384</ele><time>2025-08-10T09:06:13.012Z</time></trkpt><trkpt lat="33.746320" lon="73.192466"><ele>686.907</ele><time>2025-08-10T09:06:14.012Z</time></trkpt><trkpt lat="33.746272" lon="73.192393"><ele>686.617</ele><time>2025-08-10T09:06:15.012Z</time></trkpt><trkpt lat="33.746236" lon="73.192313"><ele>686.309</ele><time>2025-08-10T09:06:16.012Z</time></trkpt><trkpt lat="33.746203" lon="73.192230"><ele>686.070</ele><time>2025-08-10T09:06:17.012Z</time></trkpt><trkpt lat="33.746168" lon="73.192140"><ele>685.760</ele><time>2025-08-10T09:06:18.012Z</time></trkpt><trkpt lat="33.746140" lon="73.192044"><ele>685.464</ele><time>2025-08-10T09:06:19.012Z</time></trkpt><trkpt lat="33.746111" lon="73.191940"><ele>685.258</ele><time>2025-08-10T09:06:20.012Z</time></trkpt><trkpt lat="33.746082" lon="73.191829"><ele>684.772</ele><time>2025-08-10T09:06:21.012Z</time></trkpt><trkpt lat="33.746068" lon="73.191730"><ele>684.378</ele><time>2025-08-10T09:06:22.012Z</time></trkpt><trkpt lat="33.746048" lon="73.191629"><ele>684.111</ele><time>2025-08-10T09:06:23.012Z</time></trkpt><trkpt lat="33.746031" lon="73.191532"><ele>683.640</ele><time>2025-08-10T09:06:24.012Z</time></trkpt><trkpt lat="33.746022" lon="73.191437"><ele>683.041</ele><time>2025-08-10T09:06:25.012Z</time></trkpt><trkpt lat="33.745997" lon="73.191348"><ele>682.491</ele><time>2025-08-10T09:06:26.012Z</time></trkpt><trkpt lat="33.745972" lon="73.191249"><ele>681.881</ele><time>2025-08-10T09:06:27.012Z</time></trkpt><trkpt lat="33.745944" lon="73.191149"><ele>681.219</ele><time>2025-08-10T09:06:28.012Z</time></trkpt><trkpt lat="33.745921" lon="73.191049"><ele>680.709</ele><time>2025-08-10T09:06:29.012Z</time></trkpt><trkpt lat="33.745892" lon="73.190944"><ele>680.351</ele><time>2025-08-10T09:06:30.012Z</time></trkpt><trkpt lat="33.745862" lon="73.190835"><ele>679.851</ele><time>2025-08-10T09:06:31.012Z</time></trkpt><trkpt lat="33.745827" lon="73.190725"><ele>679.685</ele><time>2025-08-10T09:06:32.012Z</time></trkpt><trkpt lat="33.745790" lon="73.190606"><ele>679.599</ele><time>2025-08-10T09:06:33.012Z</time></trkpt><trkpt lat="33.745754" lon="73.190488"><ele>679.373</ele><time>2025-08-10T09:06:34.012Z</time></trkpt><trkpt lat="33.745713" lon="73.190371"><ele>679.259</ele><time>2025-08-10T09:06:35.012Z</time></trkpt><trkpt lat="33.745660" lon="73.190259"><ele>679.032</ele><time>2025-08-10T09:06:36.012Z</time></trkpt><trkpt lat="33.745603" lon="73.190136"><ele>678.791</ele><time>2025-08-10T09:06:37.012Z</time></trkpt><trkpt lat="33.745544" lon="73.190012"><ele>678.452</ele><time>2025-08-10T09:06:38.012Z</time></trkpt><trkpt lat="33.745477" lon="73.189888"><ele>678.235</ele><time>2025-08-10T09:06:39.012Z</time></trkpt><trkpt lat="33.745413" lon="73.189773"><ele>678.086</ele><time>2025-08-10T09:06:40.012Z</time></trkpt><trkpt lat="33.745347" lon="73.189653"><ele>678.014</ele><time>2025-08-10T09:06:41.012Z</time></trkpt><trkpt lat="33.745288" lon="73.189534"><ele>678.109</ele><time>2025-08-10T09:06:42.012Z</time></trkpt><trkpt lat="33.745236" lon="73.189429"><ele>678.155</ele><time>2025-08-10T09:06:43.012Z</time></trkpt><trkpt lat="33.745192" lon="73.189339"><ele>678.185</ele><time>2025-08-10T09:06:44.012Z</time></trkpt><trkpt lat="33.745150" lon="73.189260"><ele>678.179</ele><time>2025-08-10T09:06:45.012Z</time></trkpt><trkpt lat="33.745110" lon="73.189182"><ele>677.983</ele><time>2025-08-10T09:06:46.012Z</time></trkpt><trkpt lat="33.745076" lon="73.189117"><ele>677.837</ele><time>2025-08-10T09:06:47.012Z</time></trkpt><trkpt lat="33.745044" lon="73.189050"><ele>677.713</ele><time>2025-08-10T09:06:48.012Z</time></trkpt><trkpt lat="33.745007" lon="73.188979"><ele>677.696</ele><time>2025-08-10T09:06:49.012Z</time></trkpt><trkpt lat="33.744966" lon="73.188914"><ele>677.515</ele><time>2025-08-10T09:06:50.012Z</time></trkpt><trkpt lat="33.744922" lon="73.188846"><ele>677.536</ele><time>2025-08-10T09:06:51.012Z</time></trkpt><trkpt lat="33.744875" lon="73.188773"><ele>677.546</ele><time>2025-08-10T09:06:52.012Z</time></trkpt><trkpt lat="33.744827" lon="73.188691"><ele>677.688</ele><time>2025-08-10T09:06:53.012Z</time></trkpt><trkpt lat="33.744780" lon="73.188616"><ele>677.716</ele><time>2025-08-10T09:06:54.012Z</time></trkpt><trkpt lat="33.744728" lon="73.188533"><ele>677.909</ele><time>2025-08-10T09:06:55.012Z</time></trkpt><trkpt lat="33.744681" lon="73.188447"><ele>678.166</ele><time>2025-08-10T09:06:56.012Z</time></trkpt><trkpt lat="33.744627" lon="73.188347"><ele>678.546</ele><time>2025-08-10T09:06:57.012Z</time></trkpt><trkpt lat="33.744578" lon="73.188250"><ele>679.020</ele><time>2025-08-10T09:06:58.012Z</time></trkpt><trkpt lat="33.744525" lon="73.188154"><ele>679.244</ele><time>2025-08-10T09:06:59.012Z</time></trkpt><trkpt lat="33.744468" lon="73.188050"><ele>679.218</ele><time>2025-08-10T09:07:00.012Z</time></trkpt><trkpt lat="33.744413" lon="73.187948"><ele>679.244</ele><time>2025-08-10T09:07:01.012Z</time></trkpt><trkpt lat="33.744381" lon="73.187874"><ele>679.267</ele><time>2025-08-10T09:07:02.012Z</time></trkpt><trkpt lat="33.744337" lon="73.187790"><ele>679.126</ele><time>2025-08-10T09:07:03.012Z</time></trkpt><trkpt lat="33.744283" lon="73.187699"><ele>678.997</ele><time>2025-08-10T09:07:04.012Z</time></trkpt><trkpt lat="33.744248" lon="73.187616"><ele>678.798</ele><time>2025-08-10T09:07:05.012Z</time></trkpt><trkpt lat="33.744200" lon="73.187531"><ele>678.715</ele><time>2025-08-10T09:07:06.012Z</time></trkpt><trkpt lat="33.744149" lon="73.187441"><ele>678.726</ele><time>2025-08-10T09:07:07.012Z</time></trkpt><trkpt lat="33.744115" lon="73.187341"><ele>678.609</ele><time>2025-08-10T09:07:08.012Z</time></trkpt><trkpt lat="33.744081" lon="73.187230"><ele>678.431</ele><time>2025-08-10T09:07:09.012Z</time></trkpt><trkpt lat="33.744032" lon="73.187135"><ele>678.321</ele><time>2025-08-10T09:07:10.012Z</time></trkpt><trkpt lat="33.743971" lon="73.187044"><ele>678.385</ele><time>2025-08-10T09:07:11.012Z</time></trkpt><trkpt lat="33.743918" lon="73.186954"><ele>678.199</ele><time>2025-08-10T09:07:12.012Z</time></trkpt><trkpt lat="33.743870" lon="73.186861"><ele>678.193</ele><time>2025-08-10T09:07:13.012Z</time></trkpt><trkpt lat="33.743825" lon="73.186762"><ele>678.239</ele><time>2025-08-10T09:07:14.012Z</time></trkpt><trkpt lat="33.743775" lon="73.186667"><ele>678.382</ele><time>2025-08-10T09:07:15.012Z</time></trkpt><trkpt lat="33.743721" lon="73.186569"><ele>678.621</ele><time>2025-08-10T09:07:16.012Z</time></trkpt><trkpt lat="33.743664" lon="73.186466"><ele>678.862</ele><time>2025-08-10T09:07:17.012Z</time></trkpt><trkpt lat="33.743603" lon="73.186363"><ele>679.091</ele><time>2025-08-10T09:07:18.012Z</time></trkpt><trkpt lat="33.743541" lon="73.186253"><ele>679.281</ele><time>2025-08-10T09:07:19.012Z</time></trkpt><trkpt lat="33.743477" lon="73.186145"><ele>679.519</ele><time>2025-08-10T09:07:20.012Z</time></trkpt><trkpt lat="33.743414" lon="73.186037"><ele>679.809</ele><time>2025-08-10T09:07:21.012Z</time></trkpt><trkpt lat="33.743351" lon="73.185931"><ele>680.191</ele><time>2025-08-10T09:07:22.012Z</time></trkpt><trkpt lat="33.743286" lon="73.185826"><ele>680.541</ele><time>2025-08-10T09:07:23.012Z</time></trkpt><trkpt lat="33.743220" lon="73.185723"><ele>680.855</ele><time>2025-08-10T09:07:24.012Z</time></trkpt><trkpt lat="33.743162" lon="73.185616"><ele>681.029</ele><time>2025-08-10T09:07:25.012Z</time></trkpt><trkpt lat="33.743096" lon="73.185506"><ele>681.253</ele><time>2025-08-10T09:07:26.012Z</time></trkpt><trkpt lat="33.743030" lon="73.185398"><ele>681.359</ele><time>2025-08-10T09:07:27.012Z</time></trkpt><trkpt lat="33.742972" lon="73.185292"><ele>681.482</ele><time>2025-08-10T09:07:28.012Z</time></trkpt><trkpt lat="33.742919" lon="73.185202"><ele>681.691</ele><time>2025-08-10T09:07:29.012Z</time></trkpt><trkpt lat="33.742869" lon="73.185122"><ele>681.832</ele><time>2025-08-10T09:07:30.012Z</time></trkpt><trkpt lat="33.742820" lon="73.185046"><ele>681.869</ele><time>2025-08-10T09:07:31.012Z</time></trkpt><trkpt lat="33.742766" lon="73.184969"><ele>681.904</ele><time>2025-08-10T09:07:32.012Z</time></trkpt><trkpt lat="33.742714" lon="73.184885"><ele>682.024</ele><time>2025-08-10T09:07:33.012Z</time></trkpt><trkpt lat="33.742663" lon="73.184796"><ele>682.109</ele><time>2025-08-10T09:07:34.012Z</time></trkpt><trkpt lat="33.742613" lon="73.184704"><ele>682.258</ele><time>2025-08-10T09:07:35.012Z</time></trkpt><trkpt lat="33.742563" lon="73.184607"><ele>682.618</ele><time>2025-08-10T09:07:36.012Z</time></trkpt><trkpt lat="33.742511" lon="73.184508"><ele>683.092</ele><time>2025-08-10T09:07:37.012Z</time></trkpt><trkpt lat="33.742455" lon="73.184410"><ele>683.366</ele><time>2025-08-10T09:07:38.012Z</time></trkpt><trkpt lat="33.742398" lon="73.184308"><ele>683.630</ele><time>2025-08-10T09:07:39.012Z</time></trkpt><trkpt lat="33.742341" lon="73.184196"><ele>683.826</ele><time>2025-08-10T09:07:40.012Z</time></trkpt><trkpt lat="33.742282" lon="73.184089"><ele>683.969</ele><time>2025-08-10T09:07:41.012Z</time></trkpt><trkpt lat="33.742215" lon="73.183983"><ele>684.098</ele><time>2025-08-10T09:07:42.012Z</time></trkpt><trkpt lat="33.742157" lon="73.183873"><ele>684.079</ele><time>2025-08-10T09:07:43.012Z</time></trkpt><trkpt lat="33.742098" lon="73.183763"><ele>684.087</ele><time>2025-08-10T09:07:44.012Z</time></trkpt><trkpt lat="33.742038" lon="73.183656"><ele>683.942</ele><time>2025-08-10T09:07:45.012Z</time></trkpt><trkpt lat="33.741980" lon="73.183550"><ele>683.726</ele><time>2025-08-10T09:07:46.012Z</time></trkpt><trkpt lat="33.741925" lon="73.183446"><ele>683.409</ele><time>2025-08-10T09:07:47.012Z</time></trkpt><trkpt lat="33.741866" lon="73.183344"><ele>683.090</ele><time>2025-08-10T09:07:48.012Z</time></trkpt><trkpt lat="33.741809" lon="73.183241"><ele>682.720</ele><time>2025-08-10T09:07:49.012Z</time></trkpt><trkpt lat="33.741757" lon="73.183144"><ele>682.564</ele><time>2025-08-10T09:07:50.012Z</time></trkpt><trkpt lat="33.741705" lon="73.183052"><ele>682.328</ele><time>2025-08-10T09:07:51.012Z</time></trkpt><trkpt lat="33.741658" lon="73.182962"><ele>682.242</ele><time>2025-08-10T09:07:52.012Z</time></trkpt><trkpt lat="33.741609" lon="73.182871"><ele>682.098</ele><time>2025-08-10T09:07:53.012Z</time></trkpt><trkpt lat="33.741562" lon="73.182780"><ele>681.871</ele><time>2025-08-10T09:07:54.012Z</time></trkpt><trkpt lat="33.741516" lon="73.182692"><ele>681.480</ele><time>2025-08-10T09:07:55.012Z</time></trkpt><trkpt lat="33.741467" lon="73.182602"><ele>681.041</ele><time>2025-08-10T09:07:56.012Z</time></trkpt><trkpt lat="33.741417" lon="73.182512"><ele>680.653</ele><time>2025-08-10T09:07:57.012Z</time></trkpt><trkpt lat="33.741364" lon="73.182419"><ele>680.004</ele><time>2025-08-10T09:07:58.012Z</time></trkpt><trkpt lat="33.741312" lon="73.182329"><ele>679.714</ele><time>2025-08-10T09:07:59.012Z</time></trkpt><trkpt lat="33.741259" lon="73.182240"><ele>679.409</ele><time>2025-08-10T09:08:00.012Z</time></trkpt><trkpt lat="33.741210" lon="73.182152"><ele>679.187</ele><time>2025-08-10T09:08:01.012Z</time></trkpt><trkpt lat="33.741161" lon="73.182063"><ele>678.967</ele><time>2025-08-10T09:08:02.012Z</time></trkpt><trkpt lat="33.741113" lon="73.181982"><ele>678.561</ele><time>2025-08-10T09:08:03.012Z</time></trkpt><trkpt lat="33.741066" lon="73.181897"><ele>678.185</ele><time>2025-08-10T09:08:04.012Z</time></trkpt><trkpt lat="33.741026" lon="73.181811"><ele>677.859</ele><time>2025-08-10T09:08:05.012Z</time></trkpt><trkpt lat="33.740982" lon="73.181724"><ele>677.665</ele><time>2025-08-10T09:08:06.012Z</time></trkpt><trkpt lat="33.740933" lon="73.181636"><ele>677.518</ele><time>2025-08-10T09:08:07.012Z</time></trkpt><trkpt lat="33.740886" lon="73.181545"><ele>677.487</ele><time>2025-08-10T09:08:08.012Z</time></trkpt><trkpt lat="33.740842" lon="73.181457"><ele>677.268</ele><time>2025-08-10T09:08:09.012Z</time></trkpt><trkpt lat="33.740797" lon="73.181375"><ele>677.166</ele><time>2025-08-10T09:08:10.012Z</time></trkpt><trkpt lat="33.740751" lon="73.181294"><ele>677.029</ele><time>2025-08-10T09:08:11.012Z</time></trkpt><trkpt lat="33.740707" lon="73.181218"><ele>676.921</ele><time>2025-08-10T09:08:12.012Z</time></trkpt><trkpt lat="33.740665" lon="73.181143"><ele>676.909</ele><time>2025-08-10T09:08:13.013Z</time></trkpt><trkpt lat="33.740625" lon="73.181071"><ele>676.978</ele><time>2025-08-10T09:08:14.013Z</time></trkpt><trkpt lat="33.740591" lon="73.181001"><ele>676.888</ele><time>2025-08-10T09:08:15.013Z</time></trkpt><trkpt lat="33.740561" lon="73.180940"><ele>676.622</ele><time>2025-08-10T09:08:16.013Z</time></trkpt><trkpt lat="33.740532" lon="73.180890"><ele>676.596</ele><time>2025-08-10T09:08:17.013Z</time></trkpt><trkpt lat="33.740490" lon="73.180799"><ele>676.290</ele><time>2025-08-10T09:08:19.013Z</time></trkpt><trkpt lat="33.740470" lon="73.180750"><ele>676.066</ele><time>2025-08-10T09:08:20.013Z</time></trkpt><trkpt lat="33.740420" lon="73.180665"><ele>675.699</ele><time>2025-08-10T09:08:22.013Z</time></trkpt><trkpt lat="33.740399" lon="73.180611"><ele>675.498</ele><time>2025-08-10T09:08:23.013Z</time></trkpt><trkpt lat="33.740375" lon="73.180555"><ele>675.189</ele><time>2025-08-10T09:08:24.013Z</time></trkpt><trkpt lat="33.740339" lon="73.180503"><ele>675.082</ele><time>2025-08-10T09:08:25.013Z</time></trkpt><trkpt lat="33.740302" lon="73.180460"><ele>675.043</ele><time>2025-08-10T09:08:26.013Z</time></trkpt><trkpt lat="33.740273" lon="73.180411"><ele>675.017</ele><time>2025-08-10T09:08:27.013Z</time></trkpt><trkpt lat="33.740245" lon="73.180364"><ele>675.009</ele><time>2025-08-10T09:08:28.013Z</time></trkpt><trkpt lat="33.740194" lon="73.180279"><ele>675.030</ele><time>2025-08-10T09:08:30.013Z</time></trkpt><trkpt lat="33.740146" lon="73.180203"><ele>675.090</ele><time>2025-08-10T09:08:32.013Z</time></trkpt><trkpt lat="33.740128" lon="73.180154"><ele>674.994</ele><time>2025-08-10T09:08:33.013Z</time></trkpt><trkpt lat="33.740097" lon="73.180101"><ele>674.648</ele><time>2025-08-10T09:08:34.013Z</time></trkpt><trkpt lat="33.740061" lon="73.180045"><ele>674.672</ele><time>2025-08-10T09:08:35.013Z</time></trkpt><trkpt lat="33.740023" lon="73.179987"><ele>674.698</ele><time>2025-08-10T09:08:36.013Z</time></trkpt><trkpt lat="33.739992" lon="73.179928"><ele>674.611</ele><time>2025-08-10T09:08:37.013Z</time></trkpt><trkpt lat="33.739958" lon="73.179873"><ele>674.720</ele><time>2025-08-10T09:08:38.013Z</time></trkpt><trkpt lat="33.739925" lon="73.179821"><ele>674.751</ele><time>2025-08-10T09:08:39.013Z</time></trkpt><trkpt lat="33.739887" lon="73.179772"><ele>674.841</ele><time>2025-08-10T09:08:40.013Z</time></trkpt><trkpt lat="33.739852" lon="73.179718"><ele>674.981</ele><time>2025-08-10T09:08:41.013Z</time></trkpt><trkpt lat="33.739817" lon="73.179659"><ele>674.909</ele><time>2025-08-10T09:08:42.013Z</time></trkpt><trkpt lat="33.739774" lon="73.179599"><ele>674.909</ele><time>2025-08-10T09:08:43.013Z</time></trkpt><trkpt lat="33.739734" lon="73.179533"><ele>674.976</ele><time>2025-08-10T09:08:44.013Z</time></trkpt><trkpt lat="33.739703" lon="73.179468"><ele>675.026</ele><time>2025-08-10T09:08:45.013Z</time></trkpt><trkpt lat="33.739667" lon="73.179407"><ele>675.270</ele><time>2025-08-10T09:08:46.013Z</time></trkpt><trkpt lat="33.739632" lon="73.179352"><ele>675.474</ele><time>2025-08-10T09:08:47.013Z</time></trkpt><trkpt lat="33.739597" lon="73.179298"><ele>675.648</ele><time>2025-08-10T09:08:48.013Z</time></trkpt><trkpt lat="33.739561" lon="73.179247"><ele>675.844</ele><time>2025-08-10T09:08:49.013Z</time></trkpt><trkpt lat="33.739535" lon="73.179195"><ele>675.977</ele><time>2025-08-10T09:08:50.013Z</time></trkpt><trkpt lat="33.739507" lon="73.179145"><ele>675.936</ele><time>2025-08-10T09:08:51.013Z</time></trkpt><trkpt lat="33.739473" lon="73.179102"><ele>675.997</ele><time>2025-08-10T09:08:52.013Z</time></trkpt><trkpt lat="33.739455" lon="73.179017"><ele>675.914</ele><time>2025-08-10T09:08:54.013Z</time></trkpt><trkpt lat="33.739404" lon="73.178937"><ele>675.954</ele><time>2025-08-10T09:08:56.013Z</time></trkpt><trkpt lat="33.739360" lon="73.178851"><ele>676.009</ele><time>2025-08-10T09:08:58.013Z</time></trkpt><trkpt lat="33.739331" lon="73.178803"><ele>676.109</ele><time>2025-08-10T09:08:59.013Z</time></trkpt><trkpt lat="33.739307" lon="73.178745"><ele>676.243</ele><time>2025-08-10T09:09:00.013Z</time></trkpt><trkpt lat="33.739277" lon="73.178683"><ele>676.323</ele><time>2025-08-10T09:09:01.013Z</time></trkpt><trkpt lat="33.739240" lon="73.178613"><ele>676.467</ele><time>2025-08-10T09:09:02.013Z</time></trkpt><trkpt lat="33.739198" lon="73.178536"><ele>676.551</ele><time>2025-08-10T09:09:03.013Z</time></trkpt><trkpt lat="33.739156" lon="73.178458"><ele>676.955</ele><time>2025-08-10T09:09:04.013Z</time></trkpt><trkpt lat="33.739109" lon="73.178376"><ele>677.291</ele><time>2025-08-10T09:09:05.013Z</time></trkpt><trkpt lat="33.739059" lon="73.178297"><ele>677.524</ele><time>2025-08-10T09:09:06.013Z</time></trkpt><trkpt lat="33.739012" lon="73.178212"><ele>677.893</ele><time>2025-08-10T09:09:07.013Z</time></trkpt><trkpt lat="33.738959" lon="73.178125"><ele>678.054</ele><time>2025-08-10T09:09:08.013Z</time></trkpt><trkpt lat="33.738907" lon="73.178035"><ele>678.112</ele><time>2025-08-10T09:09:09.013Z</time></trkpt><trkpt lat="33.738852" lon="73.177954"><ele>678.132</ele><time>2025-08-10T09:09:10.013Z</time></trkpt><trkpt lat="33.738789" lon="73.177871"><ele>678.105</ele><time>2025-08-10T09:09:11.013Z</time></trkpt><trkpt lat="33.738736" lon="73.177782"><ele>678.109</ele><time>2025-08-10T09:09:12.013Z</time></trkpt><trkpt lat="33.738681" lon="73.177699"><ele>678.143</ele><time>2025-08-10T09:09:13.013Z</time></trkpt><trkpt lat="33.738630" lon="73.177615"><ele>678.293</ele><time>2025-08-10T09:09:14.013Z</time></trkpt><trkpt lat="33.738582" lon="73.177532"><ele>678.417</ele><time>2025-08-10T09:09:15.013Z</time></trkpt><trkpt lat="33.738533" lon="73.177450"><ele>678.491</ele><time>2025-08-10T09:09:16.013Z</time></trkpt><trkpt lat="33.738482" lon="73.177373"><ele>678.475</ele><time>2025-08-10T09:09:17.013Z</time></trkpt><trkpt lat="33.738435" lon="73.177295"><ele>678.221</ele><time>2025-08-10T09:09:18.013Z</time></trkpt><trkpt lat="33.738392" lon="73.177211"><ele>677.934</ele><time>2025-08-10T09:09:19.013Z</time></trkpt><trkpt lat="33.738344" lon="73.177130"><ele>677.523</ele><time>2025-08-10T09:09:20.013Z</time></trkpt><trkpt lat="33.738295" lon="73.177048"><ele>677.374</ele><time>2025-08-10T09:09:21.013Z</time></trkpt><trkpt lat="33.738248" lon="73.176964"><ele>677.191</ele><time>2025-08-10T09:09:22.013Z</time></trkpt><trkpt lat="33.738204" lon="73.176882"><ele>676.981</ele><time>2025-08-10T09:09:23.013Z</time></trkpt><trkpt lat="33.738162" lon="73.176802"><ele>676.719</ele><time>2025-08-10T09:09:24.013Z</time></trkpt><trkpt lat="33.738130" lon="73.176710"><ele>676.509</ele><time>2025-08-10T09:09:25.013Z</time></trkpt><trkpt lat="33.738069" lon="73.176631"><ele>676.381</ele><time>2025-08-10T09:09:26.013Z</time></trkpt><trkpt lat="33.737992" lon="73.176550"><ele>676.251</ele><time>2025-08-10T09:09:27.013Z</time></trkpt><trkpt lat="33.737934" lon="73.176458"><ele>676.175</ele><time>2025-08-10T09:09:28.013Z</time></trkpt><trkpt lat="33.737871" lon="73.176367"><ele>676.149</ele><time>2025-08-10T09:09:29.013Z</time></trkpt><trkpt lat="33.737812" lon="73.176277"><ele>676.133</ele><time>2025-08-10T09:09:30.013Z</time></trkpt><trkpt lat="33.737758" lon="73.176181"><ele>676.079</ele><time>2025-08-10T09:09:31.013Z</time></trkpt><trkpt lat="33.737699" lon="73.176089"><ele>676.042</ele><time>2025-08-10T09:09:32.013Z</time></trkpt><trkpt lat="33.737644" lon="73.175996"><ele>675.961</ele><time>2025-08-10T09:09:33.013Z</time></trkpt><trkpt lat="33.737590" lon="73.175908"><ele>675.822</ele><time>2025-08-10T09:09:34.013Z</time></trkpt><trkpt lat="33.737544" lon="73.175819"><ele>675.738</ele><time>2025-08-10T09:09:35.013Z</time></trkpt><trkpt lat="33.737481" lon="73.175747"><ele>675.670</ele><time>2025-08-10T09:09:36.013Z</time></trkpt><trkpt lat="33.737436" lon="73.175676"><ele>675.517</ele><time>2025-08-10T09:09:37.013Z</time></trkpt><trkpt lat="33.737394" lon="73.175608"><ele>675.409</ele><time>2025-08-10T09:09:38.013Z</time></trkpt><trkpt lat="33.737355" lon="73.175543"><ele>675.345</ele><time>2025-08-10T09:09:39.013Z</time></trkpt><trkpt lat="33.737319" lon="73.175478"><ele>675.255</ele><time>2025-08-10T09:09:40.013Z</time></trkpt><trkpt lat="33.737284" lon="73.175429"><ele>675.169</ele><time>2025-08-10T09:09:41.013Z</time></trkpt><trkpt lat="33.737254" lon="73.175380"><ele>674.983</ele><time>2025-08-10T09:09:42.013Z</time></trkpt><trkpt lat="33.737214" lon="73.175295"><ele>674.637</ele><time>2025-08-10T09:09:44.013Z</time></trkpt><trkpt lat="33.737186" lon="73.175230"><ele>674.233</ele><time>2025-08-10T09:09:46.013Z</time></trkpt><trkpt lat="33.737167" lon="73.175176"><ele>673.716</ele><time>2025-08-10T09:09:48.013Z</time></trkpt><trkpt lat="33.737128" lon="73.175123"><ele>673.185</ele><time>2025-08-10T09:09:50.013Z</time></trkpt><trkpt lat="33.737101" lon="73.175057"><ele>672.896</ele><time>2025-08-10T09:09:52.013Z</time></trkpt><trkpt lat="33.737059" lon="73.174973"><ele>672.645</ele><time>2025-08-10T09:09:54.013Z</time></trkpt><trkpt lat="33.736996" lon="73.174882"><ele>672.547</ele><time>2025-08-10T09:09:56.013Z</time></trkpt><trkpt lat="33.736962" lon="73.174825"><ele>672.311</ele><time>2025-08-10T09:09:57.013Z</time></trkpt><trkpt lat="33.736937" lon="73.174766"><ele>672.109</ele><time>2025-08-10T09:09:58.013Z</time></trkpt><trkpt lat="33.736919" lon="73.174713"><ele>672.086</ele><time>2025-08-10T09:09:59.013Z</time></trkpt><trkpt lat="33.736905" lon="73.174657"><ele>671.856</ele><time>2025-08-10T09:10:00.013Z</time></trkpt><trkpt lat="33.736879" lon="73.174605"><ele>671.770</ele><time>2025-08-10T09:10:01.013Z</time></trkpt><trkpt lat="33.736830" lon="73.174564"><ele>671.634</ele><time>2025-08-10T09:10:02.013Z</time></trkpt><trkpt lat="33.736807" lon="73.174498"><ele>671.548</ele><time>2025-08-10T09:10:03.013Z</time></trkpt><trkpt lat="33.736775" lon="73.174435"><ele>671.374</ele><time>2025-08-10T09:10:04.013Z</time></trkpt><trkpt lat="33.736749" lon="73.174373"><ele>671.057</ele><time>2025-08-10T09:10:05.013Z</time></trkpt><trkpt lat="33.736722" lon="73.174297"><ele>670.896</ele><time>2025-08-10T09:10:06.013Z</time></trkpt><trkpt lat="33.736699" lon="73.174230"><ele>670.617</ele><time>2025-08-10T09:10:07.013Z</time></trkpt><trkpt lat="33.736668" lon="73.174163"><ele>670.587</ele><time>2025-08-10T09:10:08.013Z</time></trkpt><trkpt lat="33.736648" lon="73.174084"><ele>670.342</ele><time>2025-08-10T09:10:09.013Z</time></trkpt><trkpt lat="33.736624" lon="73.174006"><ele>670.326</ele><time>2025-08-10T09:10:10.013Z</time></trkpt><trkpt lat="33.736600" lon="73.173925"><ele>670.009</ele><time>2025-08-10T09:10:11.013Z</time></trkpt><trkpt lat="33.736567" lon="73.173832"><ele>669.870</ele><time>2025-08-10T09:10:12.013Z</time></trkpt><trkpt lat="33.736549" lon="73.173739"><ele>669.680</ele><time>2025-08-10T09:10:13.013Z</time></trkpt><trkpt lat="33.736528" lon="73.173636"><ele>669.484</ele><time>2025-08-10T09:10:14.013Z</time></trkpt><trkpt lat="33.736506" lon="73.173545"><ele>669.288</ele><time>2025-08-10T09:10:15.013Z</time></trkpt><trkpt lat="33.736491" lon="73.173441"><ele>669.022</ele><time>2025-08-10T09:10:16.013Z</time></trkpt><trkpt lat="33.736478" lon="73.173335"><ele>668.868</ele><time>2025-08-10T09:10:17.013Z</time></trkpt><trkpt lat="33.736458" lon="73.173234"><ele>668.521</ele><time>2025-08-10T09:10:18.013Z</time></trkpt><trkpt lat="33.736436" lon="73.173142"><ele>668.250</ele><time>2025-08-10T09:10:19.014Z</time></trkpt><trkpt lat="33.736423" lon="73.173061"><ele>667.921</ele><time>2025-08-10T09:10:20.014Z</time></trkpt><trkpt lat="33.736411" lon="73.172982"><ele>667.738</ele><time>2025-08-10T09:10:21.014Z</time></trkpt><trkpt lat="33.736396" lon="73.172911"><ele>667.570</ele><time>2025-08-10T09:10:22.014Z</time></trkpt><trkpt lat="33.736385" lon="73.172848"><ele>667.417</ele><time>2025-08-10T09:10:23.014Z</time></trkpt><trkpt lat="33.736371" lon="73.172785"><ele>667.309</ele><time>2025-08-10T09:10:24.014Z</time></trkpt><trkpt lat="33.736367" lon="73.172730"><ele>667.295</ele><time>2025-08-10T09:10:25.014Z</time></trkpt><trkpt lat="33.736375" lon="73.172649"><ele>667.125</ele><time>2025-08-10T09:10:27.014Z</time></trkpt><trkpt lat="33.736438" lon="73.172620"><ele>667.019</ele><time>2025-08-10T09:10:30.014Z</time></trkpt><trkpt lat="33.736484" lon="73.172721"><ele>666.653</ele><time>2025-08-10T09:10:32.014Z</time></trkpt><trkpt lat="33.736494" lon="73.172783"><ele>666.457</ele><time>2025-08-10T09:10:33.014Z</time></trkpt><trkpt lat="33.736512" lon="73.172847"><ele>666.453</ele><time>2025-08-10T09:10:34.014Z</time></trkpt><trkpt lat="33.736535" lon="73.172923"><ele>666.526</ele><time>2025-08-10T09:10:35.014Z</time></trkpt><trkpt lat="33.736559" lon="73.173007"><ele>666.565</ele><time>2025-08-10T09:10:36.014Z</time></trkpt><trkpt lat="33.736587" lon="73.173106"><ele>666.756</ele><time>2025-08-10T09:10:37.014Z</time></trkpt><trkpt lat="33.736617" lon="73.173208"><ele>666.819</ele><time>2025-08-10T09:10:38.014Z</time></trkpt><trkpt lat="33.736643" lon="73.173313"><ele>666.909</ele><time>2025-08-10T09:10:39.014Z</time></trkpt><trkpt lat="33.736671" lon="73.173421"><ele>667.119</ele><time>2025-08-10T09:10:40.014Z</time></trkpt><trkpt lat="33.736698" lon="73.173521"><ele>667.309</ele><time>2025-08-10T09:10:41.014Z</time></trkpt><trkpt lat="33.736726" lon="73.173623"><ele>667.493</ele><time>2025-08-10T09:10:42.014Z</time></trkpt><trkpt lat="33.736758" lon="73.173733"><ele>667.523</ele><time>2025-08-10T09:10:43.014Z</time></trkpt><trkpt lat="33.736788" lon="73.173840"><ele>667.717</ele><time>2025-08-10T09:10:44.014Z</time></trkpt><trkpt lat="33.736823" lon="73.173942"><ele>667.731</ele><time>2025-08-10T09:10:45.014Z</time></trkpt><trkpt lat="33.736858" lon="73.174030"><ele>667.755</ele><time>2025-08-10T09:10:46.014Z</time></trkpt><trkpt lat="33.736887" lon="73.174108"><ele>667.791</ele><time>2025-08-10T09:10:47.014Z</time></trkpt><trkpt lat="33.736921" lon="73.174180"><ele>667.894</ele><time>2025-08-10T09:10:48.014Z</time></trkpt><trkpt lat="33.736967" lon="73.174228"><ele>667.963</ele><time>2025-08-10T09:10:49.014Z</time></trkpt><trkpt lat="33.737006" lon="73.174261"><ele>668.084</ele><time>2025-08-10T09:10:50.014Z</time></trkpt><trkpt lat="33.737080" lon="73.174327"><ele>668.229</ele><time>2025-08-10T09:10:52.014Z</time></trkpt><trkpt lat="33.737158" lon="73.174349"><ele>668.800</ele><time>2025-08-10T09:10:54.014Z</time></trkpt><trkpt lat="33.737236" lon="73.174341"><ele>669.520</ele><time>2025-08-10T09:10:56.014Z</time></trkpt><trkpt lat="33.737317" lon="73.174310"><ele>670.209</ele><time>2025-08-10T09:10:58.014Z</time></trkpt><trkpt lat="33.737367" lon="73.174297"><ele>670.984</ele><time>2025-08-10T09:10:59.014Z</time></trkpt><trkpt lat="33.737418" lon="73.174277"><ele>671.264</ele><time>2025-08-10T09:11:00.014Z</time></trkpt><trkpt lat="33.737481" lon="73.174255"><ele>671.588</ele><time>2025-08-10T09:11:01.014Z</time></trkpt><trkpt lat="33.737535" lon="73.174227"><ele>671.752</ele><time>2025-08-10T09:11:02.014Z</time></trkpt><trkpt lat="33.737592" lon="73.174206"><ele>671.926</ele><time>2025-08-10T09:11:03.014Z</time></trkpt><trkpt lat="33.737651" lon="73.174191"><ele>672.142</ele><time>2025-08-10T09:11:04.014Z</time></trkpt><trkpt lat="33.737698" lon="73.174181"><ele>672.295</ele><time>2025-08-10T09:11:05.014Z</time></trkpt><trkpt lat="33.737755" lon="73.174174"><ele>672.334</ele><time>2025-08-10T09:11:06.014Z</time></trkpt><trkpt lat="33.737814" lon="73.174173"><ele>672.415</ele><time>2025-08-10T09:11:07.014Z</time></trkpt><trkpt lat="33.737900" lon="73.174147"><ele>672.586</ele><time>2025-08-10T09:11:08.014Z</time></trkpt><trkpt lat="33.737971" lon="73.174128"><ele>672.760</ele><time>2025-08-10T09:11:09.014Z</time></trkpt><trkpt lat="33.738033" lon="73.174107"><ele>672.826</ele><time>2025-08-10T09:11:10.014Z</time></trkpt><trkpt lat="33.738084" lon="73.174092"><ele>672.909</ele><time>2025-08-10T09:11:11.014Z</time></trkpt><trkpt lat="33.738129" lon="73.174072"><ele>673.050</ele><time>2025-08-10T09:11:12.014Z</time></trkpt><trkpt lat="33.738176" lon="73.174044"><ele>673.010</ele><time>2025-08-10T09:11:13.014Z</time></trkpt><trkpt lat="33.738258" lon="73.173989"><ele>673.094</ele><time>2025-08-10T09:11:15.014Z</time></trkpt><trkpt lat="33.738339" lon="73.173974"><ele>673.028</ele><time>2025-08-10T09:11:17.014Z</time></trkpt><trkpt lat="33.738388" lon="73.173951"><ele>672.932</ele><time>2025-08-10T09:11:19.014Z</time></trkpt><trkpt lat="33.738457" lon="73.173948"><ele>672.868</ele><time>2025-08-10T09:11:21.014Z</time></trkpt><trkpt lat="33.738508" lon="73.173943"><ele>672.721</ele><time>2025-08-10T09:11:22.014Z</time></trkpt><trkpt lat="33.738566" lon="73.173930"><ele>672.720</ele><time>2025-08-10T09:11:23.014Z</time></trkpt><trkpt lat="33.738622" lon="73.173906"><ele>672.751</ele><time>2025-08-10T09:11:24.014Z</time></trkpt><trkpt lat="33.738684" lon="73.173874"><ele>672.778</ele><time>2025-08-10T09:11:25.014Z</time></trkpt><trkpt lat="33.738741" lon="73.173831"><ele>672.933</ele><time>2025-08-10T09:11:26.014Z</time></trkpt><trkpt lat="33.738792" lon="73.173785"><ele>673.126</ele><time>2025-08-10T09:11:27.014Z</time></trkpt><trkpt lat="33.738852" lon="73.173746"><ele>673.309</ele><time>2025-08-10T09:11:28.014Z</time></trkpt><trkpt lat="33.738904" lon="73.173714"><ele>673.579</ele><time>2025-08-10T09:11:29.014Z</time></trkpt><trkpt lat="33.738956" lon="73.173682"><ele>673.759</ele><time>2025-08-10T09:11:30.014Z</time></trkpt><trkpt lat="33.739002" lon="73.173634"><ele>673.893</ele><time>2025-08-10T09:11:31.014Z</time></trkpt><trkpt lat="33.739049" lon="73.173611"><ele>673.947</ele><time>2025-08-10T09:11:32.014Z</time></trkpt><trkpt lat="33.739116" lon="73.173563"><ele>674.141</ele><time>2025-08-10T09:11:33.014Z</time></trkpt><trkpt lat="33.739167" lon="73.173504"><ele>674.297</ele><time>2025-08-10T09:11:34.014Z</time></trkpt><trkpt lat="33.739226" lon="73.173449"><ele>674.520</ele><time>2025-08-10T09:11:35.014Z</time></trkpt><trkpt lat="33.739275" lon="73.173415"><ele>674.719</ele><time>2025-08-10T09:11:36.014Z</time></trkpt><trkpt lat="33.739325" lon="73.173382"><ele>674.850</ele><time>2025-08-10T09:11:37.014Z</time></trkpt><trkpt lat="33.739384" lon="73.173339"><ele>675.011</ele><time>2025-08-10T09:11:38.014Z</time></trkpt><trkpt lat="33.739444" lon="73.173322"><ele>675.221</ele><time>2025-08-10T09:11:39.014Z</time></trkpt><trkpt lat="33.739496" lon="73.173280"><ele>675.303</ele><time>2025-08-10T09:11:40.014Z</time></trkpt><trkpt lat="33.739541" lon="73.173226"><ele>675.509</ele><time>2025-08-10T09:11:41.014Z</time></trkpt><trkpt lat="33.739595" lon="73.173188"><ele>675.683</ele><time>2025-08-10T09:11:42.014Z</time></trkpt><trkpt lat="33.739651" lon="73.173161"><ele>675.783</ele><time>2025-08-10T09:11:43.014Z</time></trkpt><trkpt lat="33.739727" lon="73.173098"><ele>675.827</ele><time>2025-08-10T09:11:45.014Z</time></trkpt><trkpt lat="33.739763" lon="73.173063"><ele>675.861</ele><time>2025-08-10T09:11:48.014Z</time></trkpt><trkpt lat="33.739827" lon="73.173051"><ele>675.875</ele><time>2025-08-10T09:12:07.014Z</time></trkpt><trkpt lat="33.739872" lon="73.173093"><ele>675.691</ele><time>2025-08-10T09:12:08.014Z</time></trkpt><trkpt lat="33.739906" lon="73.173141"><ele>675.314</ele><time>2025-08-10T09:12:09.014Z</time></trkpt><trkpt lat="33.739980" lon="73.173172"><ele>675.313</ele><time>2025-08-10T09:12:11.014Z</time></trkpt><trkpt lat="33.740030" lon="73.173208"><ele>675.394</ele><time>2025-08-10T09:12:13.014Z</time></trkpt><trkpt lat="33.740092" lon="73.173227"><ele>675.282</ele><time>2025-08-10T09:12:15.014Z</time></trkpt><trkpt lat="33.739834" lon="73.173039"><ele>675.243</ele><time>2025-08-10T09:12:17.014Z</time></trkpt><trkpt lat="33.739868" lon="73.173003"><ele>675.117</ele><time>2025-08-10T09:12:33.014Z</time></trkpt><trkpt lat="33.739899" lon="73.172962"><ele>675.209</ele><time>2025-08-10T09:12:36.014Z</time></trkpt><trkpt lat="33.739976" lon="73.172892"><ele>675.210</ele><time>2025-08-10T09:12:41.014Z</time></trkpt><trkpt lat="33.740024" lon="73.172852"><ele>675.290</ele><time>2025-08-10T09:12:42.014Z</time></trkpt><trkpt lat="33.740065" lon="73.172828"><ele>675.584</ele><time>2025-08-10T09:12:43.014Z</time></trkpt><trkpt lat="33.740122" lon="73.172769"><ele>675.618</ele><time>2025-08-10T09:12:45.014Z</time></trkpt><trkpt lat="33.740182" lon="73.172681"><ele>675.622</ele><time>2025-08-10T09:12:47.014Z</time></trkpt><trkpt lat="33.740213" lon="73.172631"><ele>675.648</ele><time>2025-08-10T09:12:48.014Z</time></trkpt><trkpt lat="33.740246" lon="73.172572"><ele>675.541</ele><time>2025-08-10T09:12:49.014Z</time></trkpt><trkpt lat="33.740281" lon="73.172519"><ele>675.520</ele><time>2025-08-10T09:12:50.014Z</time></trkpt><trkpt lat="33.740314" lon="73.172454"><ele>675.511</ele><time>2025-08-10T09:12:51.014Z</time></trkpt><trkpt lat="33.740348" lon="73.172394"><ele>675.524</ele><time>2025-08-10T09:12:52.014Z</time></trkpt><trkpt lat="33.740384" lon="73.172332"><ele>675.604</ele><time>2025-08-10T09:12:53.014Z</time></trkpt><trkpt lat="33.740407" lon="73.172261"><ele>675.814</ele><time>2025-08-10T09:12:54.014Z</time></trkpt><trkpt lat="33.740435" lon="73.172198"><ele>676.009</ele><time>2025-08-10T09:12:55.014Z</time></trkpt><trkpt lat="33.740463" lon="73.172100"><ele>676.294</ele><time>2025-08-10T09:12:57.014Z</time></trkpt><trkpt lat="33.740498" lon="73.172032"><ele>676.264</ele><time>2025-08-10T09:12:59.014Z</time></trkpt><trkpt lat="33.740504" lon="73.171974"><ele>676.258</ele><time>2025-08-10T09:13:00.014Z</time></trkpt><trkpt lat="33.740522" lon="73.171909"><ele>676.372</ele><time>2025-08-10T09:13:01.014Z</time></trkpt><trkpt lat="33.740534" lon="73.171855"><ele>676.396</ele><time>2025-08-10T09:13:02.014Z</time></trkpt><trkpt lat="33.740548" lon="73.171781"><ele>676.452</ele><time>2025-08-10T09:13:04.014Z</time></trkpt><trkpt lat="33.740569" lon="73.171696"><ele>676.525</ele><time>2025-08-10T09:13:06.014Z</time></trkpt><trkpt lat="33.740591" lon="73.171634"><ele>676.654</ele><time>2025-08-10T09:13:08.014Z</time></trkpt><trkpt lat="33.740666" lon="73.171608"><ele>676.625</ele><time>2025-08-10T09:13:09.014Z</time></trkpt><trkpt lat="33.740645" lon="73.171545"><ele>676.641</ele><time>2025-08-10T09:13:10.014Z</time></trkpt><trkpt lat="33.740630" lon="73.171484"><ele>676.781</ele><time>2025-08-10T09:13:11.014Z</time></trkpt><trkpt lat="33.740636" lon="73.171410"><ele>676.809</ele><time>2025-08-10T09:13:12.014Z</time></trkpt><trkpt lat="33.740645" lon="73.171341"><ele>676.909</ele><time>2025-08-10T09:13:13.014Z</time></trkpt><trkpt lat="33.740650" lon="73.171258"><ele>677.196</ele><time>2025-08-10T09:13:14.014Z</time></trkpt><trkpt lat="33.740652" lon="73.171167"><ele>677.336</ele><time>2025-08-10T09:13:15.014Z</time></trkpt><trkpt lat="33.740653" lon="73.171070"><ele>677.540</ele><time>2025-08-10T09:13:16.014Z</time></trkpt><trkpt lat="33.740640" lon="73.170979"><ele>677.734</ele><time>2025-08-10T09:13:17.014Z</time></trkpt><trkpt lat="33.740629" lon="73.170899"><ele>677.978</ele><time>2025-08-10T09:13:18.014Z</time></trkpt><trkpt lat="33.740626" lon="73.170825"><ele>678.114</ele><time>2025-08-10T09:13:19.014Z</time></trkpt><trkpt lat="33.740621" lon="73.170754"><ele>678.237</ele><time>2025-08-10T09:13:20.014Z</time></trkpt><trkpt lat="33.740603" lon="73.170695"><ele>678.366</ele><time>2025-08-10T09:13:21.014Z</time></trkpt><trkpt lat="33.740560" lon="73.170635"><ele>678.387</ele><time>2025-08-10T09:13:23.014Z</time></trkpt><trkpt lat="33.740478" lon="73.170634"><ele>678.385</ele><time>2025-08-10T09:13:26.014Z</time></trkpt><trkpt lat="33.740409" lon="73.170633"><ele>678.289</ele><time>2025-08-10T09:13:27.014Z</time></trkpt><trkpt lat="33.740345" lon="73.170641"><ele>677.817</ele><time>2025-08-10T09:13:28.014Z</time></trkpt><trkpt lat="33.740295" lon="73.170659"><ele>677.809</ele><time>2025-08-10T09:13:29.014Z</time></trkpt><trkpt lat="33.740211" lon="73.170658"><ele>677.840</ele><time>2025-08-10T09:13:31.014Z</time></trkpt><trkpt lat="33.740156" lon="73.170671"><ele>677.840</ele><time>2025-08-10T09:13:33.014Z</time></trkpt><trkpt lat="33.740154" lon="73.170727"><ele>677.814</ele><time>2025-08-10T09:13:37.014Z</time></trkpt><trkpt lat="33.740154" lon="73.170788"><ele>677.888</ele><time>2025-08-10T09:13:39.014Z</time></trkpt><trkpt lat="33.740150" lon="73.170854"><ele>676.952</ele><time>2025-08-10T09:13:41.014Z</time></trkpt><trkpt lat="33.740180" lon="73.170895"><ele>676.978</ele><time>2025-08-10T09:13:42.014Z</time></trkpt><trkpt lat="33.740157" lon="73.170958"><ele>676.921</ele><time>2025-08-10T09:13:46.014Z</time></trkpt><trkpt lat="33.740144" lon="73.171017"><ele>676.950</ele><time>2025-08-10T09:13:56.014Z</time></trkpt><trkpt lat="33.740137" lon="73.171083"><ele>676.981</ele><time>2025-08-10T09:14:01.014Z</time></trkpt><trkpt lat="33.740181" lon="73.171119"><ele>676.947</ele><time>2025-08-10T09:14:07.014Z</time></trkpt><trkpt lat="33.740215" lon="73.171158"><ele>676.929</ele><time>2025-08-10T09:14:12.014Z</time></trkpt><trkpt lat="33.740264" lon="73.171179"><ele>677.021</ele><time>2025-08-10T09:14:19.014Z</time></trkpt><trkpt lat="33.740295" lon="73.171048"><ele>677.009</ele><time>2025-08-10T09:16:34.014Z</time></trkpt><trkpt lat="33.740273" lon="73.170995"><ele>677.076</ele><time>2025-08-10T09:16:35.014Z</time></trkpt><trkpt lat="33.740257" lon="73.170919"><ele>676.826</ele><time>2025-08-10T09:16:36.014Z</time></trkpt><trkpt lat="33.740227" lon="73.170804"><ele>676.880</ele><time>2025-08-10T09:16:38.014Z</time></trkpt><trkpt lat="33.740204" lon="73.170719"><ele>676.894</ele><time>2025-08-10T09:16:40.014Z</time></trkpt><trkpt lat="33.740191" lon="73.170620"><ele>676.828</ele><time>2025-08-10T09:16:42.014Z</time></trkpt><trkpt lat="33.740180" lon="73.170533"><ele>676.844</ele><time>2025-08-10T09:16:44.014Z</time></trkpt><trkpt lat="33.740168" lon="73.170471"><ele>676.827</ele><time>2025-08-10T09:16:45.014Z</time></trkpt><trkpt lat="33.740152" lon="73.170409"><ele>676.896</ele><time>2025-08-10T09:16:46.014Z</time></trkpt><trkpt lat="33.740140" lon="73.170318"><ele>676.887</ele><time>2025-08-10T09:16:48.014Z</time></trkpt><trkpt lat="33.740123" lon="73.170263"><ele>676.884</ele><time>2025-08-10T09:16:49.014Z</time></trkpt><trkpt lat="33.740090" lon="73.170149"><ele>676.707</ele><time>2025-08-10T09:16:51.014Z</time></trkpt><trkpt lat="33.740076" lon="73.170094"><ele>676.717</ele><time>2025-08-10T09:16:52.014Z</time></trkpt><trkpt lat="33.740061" lon="73.170041"><ele>676.709</ele><time>2025-08-10T09:16:53.014Z</time></trkpt><trkpt lat="33.740043" lon="73.169982"><ele>676.720</ele><time>2025-08-10T09:16:54.014Z</time></trkpt><trkpt lat="33.740018" lon="73.169889"><ele>676.730</ele><time>2025-08-10T09:16:56.014Z</time></trkpt><trkpt lat="33.739997" lon="73.169825"><ele>676.794</ele><time>2025-08-10T09:16:57.014Z</time></trkpt><trkpt lat="33.739975" lon="73.169769"><ele>676.788</ele><time>2025-08-10T09:16:58.014Z</time></trkpt><trkpt lat="33.739961" lon="73.169713"><ele>676.782</ele><time>2025-08-10T09:16:59.014Z</time></trkpt><trkpt lat="33.739946" lon="73.169651"><ele>676.728</ele><time>2025-08-10T09:17:00.014Z</time></trkpt><trkpt lat="33.739934" lon="73.169598"><ele>676.721</ele><time>2025-08-10T09:17:01.014Z</time></trkpt><trkpt lat="33.739919" lon="73.169545"><ele>676.720</ele><time>2025-08-10T09:17:02.014Z</time></trkpt><trkpt lat="33.739895" lon="73.169471"><ele>676.721</ele><time>2025-08-10T09:17:03.014Z</time></trkpt><trkpt lat="33.739880" lon="73.169418"><ele>676.786</ele><time>2025-08-10T09:17:04.014Z</time></trkpt><trkpt lat="33.739863" lon="73.169358"><ele>676.760</ele><time>2025-08-10T09:17:05.014Z</time></trkpt><trkpt lat="33.739846" lon="73.169302"><ele>676.726</ele><time>2025-08-10T09:17:06.014Z</time></trkpt><trkpt lat="33.739830" lon="73.169184"><ele>676.709</ele><time>2025-08-10T09:17:08.014Z</time></trkpt><trkpt lat="33.739808" lon="73.169129"><ele>676.770</ele><time>2025-08-10T09:17:09.014Z</time></trkpt><trkpt lat="33.739794" lon="73.169074"><ele>676.760</ele><time>2025-08-10T09:17:10.014Z</time></trkpt><trkpt lat="33.739785" lon="73.169008"><ele>676.754</ele><time>2025-08-10T09:17:11.014Z</time></trkpt><trkpt lat="33.739773" lon="73.168945"><ele>676.748</ele><time>2025-08-10T09:17:12.014Z</time></trkpt><trkpt lat="33.739759" lon="73.168879"><ele>676.782</ele><time>2025-08-10T09:17:13.014Z</time></trkpt><trkpt lat="33.739741" lon="73.168809"><ele>676.718</ele><time>2025-08-10T09:17:14.014Z</time></trkpt><trkpt lat="33.739724" lon="73.168735"><ele>676.711</ele><time>2025-08-10T09:17:15.014Z</time></trkpt><trkpt lat="33.739709" lon="73.168680"><ele>676.760</ele><time>2025-08-10T09:17:16.014Z</time></trkpt><trkpt lat="33.739688" lon="73.168564"><ele>676.791</ele><time>2025-08-10T09:17:18.014Z</time></trkpt><trkpt lat="33.739663" lon="73.168459"><ele>676.774</ele><time>2025-08-10T09:17:20.014Z</time></trkpt><trkpt lat="33.739649" lon="73.168405"><ele>676.756</ele><time>2025-08-10T09:17:21.014Z</time></trkpt><trkpt lat="33.739631" lon="73.168323"><ele>676.721</ele><time>2025-08-10T09:17:22.014Z</time></trkpt><trkpt lat="33.739615" lon="73.168260"><ele>676.709</ele><time>2025-08-10T09:17:23.014Z</time></trkpt><trkpt lat="33.739589" lon="73.168143"><ele>676.729</ele><time>2025-08-10T09:17:25.014Z</time></trkpt><trkpt lat="33.739575" lon="73.168081"><ele>676.799</ele><time>2025-08-10T09:17:26.014Z</time></trkpt><trkpt lat="33.739560" lon="73.168020"><ele>676.713</ele><time>2025-08-10T09:17:27.014Z</time></trkpt><trkpt lat="33.739545" lon="73.167958"><ele>676.757</ele><time>2025-08-10T09:17:28.014Z</time></trkpt><trkpt lat="33.739531" lon="73.167896"><ele>676.751</ele><time>2025-08-10T09:17:29.014Z</time></trkpt><trkpt lat="33.739517" lon="73.167836"><ele>676.787</ele><time>2025-08-10T09:17:30.014Z</time></trkpt><trkpt lat="33.739486" lon="73.168165"><ele>676.730</ele><time>2025-08-10T09:17:31.014Z</time></trkpt><trkpt lat="33.739471" lon="73.168104"><ele>676.769</ele><time>2025-08-10T09:17:32.014Z</time></trkpt><trkpt lat="33.739456" lon="73.168043"><ele>676.750</ele><time>2025-08-10T09:17:33.014Z</time></trkpt><trkpt lat="33.739441" lon="73.167981"><ele>676.717</ele><time>2025-08-10T09:17:34.014Z</time></trkpt><trkpt lat="33.739426" lon="73.167919"><ele>676.787</ele><time>2025-08-10T09:17:35.014Z</time></trkpt><trkpt lat="33.739411" lon="73.167858"><ele>676.715</ele><time>2025-08-10T09:17:36.014Z</time></trkpt><trkpt lat="33.740238" lon="73.170983"><ele>676.709</ele><time>2025-08-10T09:17:37.014Z</time></trkpt><trkpt lat="33.736242" lon="73.164786"><ele>676.823</ele><time>2025-08-10T09:17:46.014Z</time></trkpt><trkpt lat="33.752714" lon="73.231121"><ele>676.853</ele><time>2025-08-10T09:17:47.014Z</time></trkpt><trkpt lat="33.741811" lon="73.209631"><ele>676.887</ele><time>2025-08-10T09:17:48.155Z</time></trkpt><trkpt lat="33.732813" lon="73.127421"><ele>676.781</ele><time>2025-08-10T09:18:00.014Z</time></trkpt><trkpt lat="33.732676" lon="73.125397"><ele>676.735</ele><time>2025-08-10T09:18:06.014Z</time></trkpt><trkpt lat="33.732620" lon="73.125367"><ele>676.821</ele><time>2025-08-10T09:18:27.160Z</time></trkpt><trkpt lat="33.732656" lon="73.125326"><ele>676.924</ele><time>2025-08-10T09:18:28.161Z</time></trkpt><trkpt lat="33.740077" lon="73.169426"><ele>676.683</ele><time>2025-08-10T09:18:36.015Z</time></trkpt><trkpt lat="33.740101" lon="73.169529"><ele>676.664</ele><time>2025-08-10T09:18:37.015Z</time></trkpt><trkpt lat="33.740111" lon="73.169660"><ele>676.677</ele><time>2025-08-10T09:18:38.015Z</time></trkpt><trkpt lat="33.740121" lon="73.169792"><ele>676.761</ele><time>2025-08-10T09:18:40.015Z</time></trkpt><trkpt lat="33.740141" lon="73.169983"><ele>676.827</ele><time>2025-08-10T09:18:45.015Z</time></trkpt><trkpt lat="33.740157" lon="73.170083"><ele>676.809</ele><time>2025-08-10T09:18:47.015Z</time></trkpt><trkpt lat="33.740114" lon="73.170742"><ele>676.449</ele><time>2025-08-10T09:18:56.015Z</time></trkpt><trkpt lat="33.740114" lon="73.170687"><ele>676.579</ele><time>2025-08-10T09:19:08.015Z</time></trkpt><trkpt lat="33.740170" lon="73.170684"><ele>676.613</ele><time>2025-08-10T09:19:10.015Z</time></trkpt><trkpt lat="33.740240" lon="73.170677"><ele>676.737</ele><time>2025-08-10T09:19:12.015Z</time></trkpt><trkpt lat="33.740319" lon="73.170653"><ele>676.881</ele><time>2025-08-10T09:19:14.015Z</time></trkpt><trkpt lat="33.740386" lon="73.170636"><ele>677.147</ele><time>2025-08-10T09:19:16.015Z</time></trkpt><trkpt lat="33.740448" lon="73.170623"><ele>677.260</ele><time>2025-08-10T09:19:18.015Z</time></trkpt><trkpt lat="33.740494" lon="73.170669"><ele>677.259</ele><time>2025-08-10T09:23:30.015Z</time></trkpt><trkpt lat="33.740555" lon="73.170665"><ele>677.280</ele><time>2025-08-10T09:23:34.015Z</time></trkpt><trkpt lat="33.740610" lon="73.170676"><ele>677.725</ele><time>2025-08-10T09:23:38.015Z</time></trkpt><trkpt lat="33.740608" lon="73.170772"><ele>678.026</ele><time>2025-08-10T09:23:40.015Z</time></trkpt><trkpt lat="33.740615" lon="73.170862"><ele>678.408</ele><time>2025-08-10T09:23:42.015Z</time></trkpt><trkpt lat="33.740623" lon="73.170949"><ele>678.509</ele><time>2025-08-10T09:23:44.015Z</time></trkpt><trkpt lat="33.740625" lon="73.171030"><ele>678.564</ele><time>2025-08-10T09:23:46.015Z</time></trkpt><trkpt lat="33.740625" lon="73.171095"><ele>678.594</ele><time>2025-08-10T09:23:48.015Z</time></trkpt><trkpt lat="33.740628" lon="73.171153"><ele>678.518</ele><time>2025-08-10T09:23:50.015Z</time></trkpt><trkpt lat="33.740638" lon="73.171207"><ele>678.442</ele><time>2025-08-10T09:23:52.015Z</time></trkpt><trkpt lat="33.740644" lon="73.171263"><ele>678.426</ele><time>2025-08-10T09:23:55.015Z</time></trkpt><trkpt lat="33.740634" lon="73.171330"><ele>678.332</ele><time>2025-08-10T09:23:59.015Z</time></trkpt><trkpt lat="33.740634" lon="73.171409"><ele>678.265</ele><time>2025-08-10T09:24:01.015Z</time></trkpt><trkpt lat="33.740625" lon="73.171483"><ele>678.054</ele><time>2025-08-10T09:24:03.015Z</time></trkpt><trkpt lat="33.740627" lon="73.171546"><ele>678.095</ele><time>2025-08-10T09:24:05.015Z</time></trkpt><trkpt lat="33.740612" lon="73.171616"><ele>678.028</ele><time>2025-08-10T09:24:08.015Z</time></trkpt><trkpt lat="33.740605" lon="73.171679"><ele>677.989</ele><time>2025-08-10T09:24:10.015Z</time></trkpt><trkpt lat="33.740579" lon="73.171776"><ele>677.617</ele><time>2025-08-10T09:24:12.015Z</time></trkpt><trkpt lat="33.740571" lon="73.171832"><ele>677.509</ele><time>2025-08-10T09:24:13.015Z</time></trkpt><trkpt lat="33.740560" lon="73.171892"><ele>677.534</ele><time>2025-08-10T09:24:14.015Z</time></trkpt><trkpt lat="33.740545" lon="73.171949"><ele>677.554</ele><time>2025-08-10T09:24:15.015Z</time></trkpt><trkpt lat="33.740533" lon="73.172002"><ele>677.578</ele><time>2025-08-10T09:24:16.015Z</time></trkpt><trkpt lat="33.740510" lon="73.172089"><ele>677.562</ele><time>2025-08-10T09:24:18.015Z</time></trkpt><trkpt lat="33.740478" lon="73.172163"><ele>677.576</ele><time>2025-08-10T09:24:20.015Z</time></trkpt><trkpt lat="33.740461" lon="73.172219"><ele>677.452</ele><time>2025-08-10T09:24:22.015Z</time></trkpt><trkpt lat="33.740444" lon="73.172282"><ele>677.225</ele><time>2025-08-10T09:24:24.015Z</time></trkpt><trkpt lat="33.740423" lon="73.172347"><ele>677.124</ele><time>2025-08-10T09:24:26.015Z</time></trkpt><trkpt lat="33.740401" lon="73.172403"><ele>677.075</ele><time>2025-08-10T09:24:28.015Z</time></trkpt><trkpt lat="33.740381" lon="73.172452"><ele>677.023</ele><time>2025-08-10T09:24:30.015Z</time></trkpt><trkpt lat="33.740356" lon="73.172515"><ele>677.083</ele><time>2025-08-10T09:24:33.015Z</time></trkpt><trkpt lat="33.740332" lon="73.172576"><ele>676.911</ele><time>2025-08-10T09:24:37.015Z</time></trkpt><trkpt lat="33.740281" lon="73.172635"><ele>676.809</ele><time>2025-08-10T09:24:40.015Z</time></trkpt><trkpt lat="33.740252" lon="73.172691"><ele>676.894</ele><time>2025-08-10T09:24:42.015Z</time></trkpt><trkpt lat="33.740221" lon="73.172741"><ele>676.864</ele><time>2025-08-10T09:24:44.015Z</time></trkpt><trkpt lat="33.740192" lon="73.172799"><ele>676.888</ele><time>2025-08-10T09:24:46.015Z</time></trkpt><trkpt lat="33.740147" lon="73.172844"><ele>676.872</ele><time>2025-08-10T09:24:49.015Z</time></trkpt><trkpt lat="33.740101" lon="73.172878"><ele>676.766</ele><time>2025-08-10T09:24:52.015Z</time></trkpt><trkpt lat="33.740055" lon="73.172918"><ele>676.612</ele><time>2025-08-10T09:24:55.015Z</time></trkpt><trkpt lat="33.739995" lon="73.172936"><ele>676.665</ele><time>2025-08-10T09:25:01.015Z</time></trkpt><trkpt lat="33.739951" lon="73.172957"><ele>676.664</ele><time>2025-08-10T09:25:03.015Z</time></trkpt><trkpt lat="33.739892" lon="73.172989"><ele>676.695</ele><time>2025-08-10T09:25:05.015Z</time></trkpt><trkpt lat="33.739830" lon="73.173036"><ele>676.694</ele><time>2025-08-10T09:25:07.015Z</time></trkpt><trkpt lat="33.739768" lon="73.173075"><ele>676.657</ele><time>2025-08-10T09:25:09.015Z</time></trkpt><trkpt lat="33.739708" lon="73.173115"><ele>676.622</ele><time>2025-08-10T09:25:11.015Z</time></trkpt><trkpt lat="33.739655" lon="73.173154"><ele>676.509</ele><time>2025-08-10T09:25:13.015Z</time></trkpt><trkpt lat="33.739597" lon="73.173190"><ele>676.541</ele><time>2025-08-10T09:25:15.015Z</time></trkpt><trkpt lat="33.739542" lon="73.173228"><ele>676.421</ele><time>2025-08-10T09:25:17.015Z</time></trkpt><trkpt lat="33.739483" lon="73.173248"><ele>676.485</ele><time>2025-08-10T09:25:19.015Z</time></trkpt><trkpt lat="33.739421" lon="73.173281"><ele>676.459</ele><time>2025-08-10T09:25:21.015Z</time></trkpt><trkpt lat="33.739380" lon="73.173313"><ele>676.483</ele><time>2025-08-10T09:25:23.015Z</time></trkpt><trkpt lat="33.739328" lon="73.173352"><ele>676.359</ele><time>2025-08-10T09:25:25.015Z</time></trkpt><trkpt lat="33.739275" lon="73.173397"><ele>676.212</ele><time>2025-08-10T09:25:27.015Z</time></trkpt><trkpt lat="33.739247" lon="73.173441"><ele>676.131</ele><time>2025-08-10T09:25:29.015Z</time></trkpt><trkpt lat="33.739211" lon="73.173486"><ele>676.022</ele><time>2025-08-10T09:25:31.015Z</time></trkpt><trkpt lat="33.739159" lon="73.173533"><ele>675.857</ele><time>2025-08-10T09:25:33.015Z</time></trkpt><trkpt lat="33.739100" lon="73.173576"><ele>675.600</ele><time>2025-08-10T09:25:35.015Z</time></trkpt><trkpt lat="33.739038" lon="73.173623"><ele>675.520</ele><time>2025-08-10T09:25:37.015Z</time></trkpt><trkpt lat="33.738971" lon="73.173661"><ele>675.409</ele><time>2025-08-10T09:25:39.015Z</time></trkpt><trkpt lat="33.738898" lon="73.173696"><ele>675.327</ele><time>2025-08-10T09:25:41.015Z</time></trkpt><trkpt lat="33.738833" lon="73.173747"><ele>675.127</ele><time>2025-08-10T09:25:43.015Z</time></trkpt><trkpt lat="33.738764" lon="73.173792"><ele>674.971</ele><time>2025-08-10T09:25:45.015Z</time></trkpt><trkpt lat="33.738714" lon="73.173823"><ele>674.795</ele><time>2025-08-10T09:25:47.015Z</time></trkpt><trkpt lat="33.738667" lon="73.173846"><ele>674.629</ele><time>2025-08-10T09:25:49.015Z</time></trkpt><trkpt lat="33.738627" lon="73.173881"><ele>674.345</ele><time>2025-08-10T09:25:52.015Z</time></trkpt><trkpt lat="33.738585" lon="73.173909"><ele>674.098</ele><time>2025-08-10T09:25:54.015Z</time></trkpt><trkpt lat="33.738536" lon="73.173936"><ele>673.857</ele><time>2025-08-10T09:25:56.015Z</time></trkpt><trkpt lat="33.738487" lon="73.173960"><ele>673.668</ele><time>2025-08-10T09:25:58.015Z</time></trkpt><trkpt lat="33.738436" lon="73.173982"><ele>673.595</ele><time>2025-08-10T09:26:00.015Z</time></trkpt><trkpt lat="33.738375" lon="73.173994"><ele>673.349</ele><time>2025-08-10T09:26:02.015Z</time></trkpt><trkpt lat="33.738307" lon="73.174008"><ele>673.223</ele><time>2025-08-10T09:26:05.015Z</time></trkpt><trkpt lat="33.738243" lon="73.174035"><ele>673.109</ele><time>2025-08-10T09:26:08.015Z</time></trkpt><trkpt lat="33.738190" lon="73.174057"><ele>673.181</ele><time>2025-08-10T09:26:10.015Z</time></trkpt><trkpt lat="33.738144" lon="73.174089"><ele>673.121</ele><time>2025-08-10T09:26:12.015Z</time></trkpt><trkpt lat="33.738085" lon="73.174121"><ele>673.165</ele><time>2025-08-10T09:26:14.015Z</time></trkpt><trkpt lat="33.738022" lon="73.174144"><ele>673.159</ele><time>2025-08-10T09:26:16.015Z</time></trkpt><trkpt lat="33.737968" lon="73.174164"><ele>673.183</ele><time>2025-08-10T09:26:18.015Z</time></trkpt><trkpt lat="33.737904" lon="73.174180"><ele>673.189</ele><time>2025-08-10T09:26:21.015Z</time></trkpt><trkpt lat="33.737856" lon="73.174191"><ele>673.142</ele><time>2025-08-10T09:26:23.015Z</time></trkpt><trkpt lat="33.737800" lon="73.174201"><ele>673.131</ele><time>2025-08-10T09:26:25.015Z</time></trkpt><trkpt lat="33.737746" lon="73.174203"><ele>673.122</ele><time>2025-08-10T09:26:27.015Z</time></trkpt><trkpt lat="33.737694" lon="73.174204"><ele>673.174</ele><time>2025-08-10T09:26:30.015Z</time></trkpt><trkpt lat="33.737648" lon="73.174215"><ele>673.056</ele><time>2025-08-10T09:26:32.015Z</time></trkpt><trkpt lat="33.737597" lon="73.174231"><ele>672.921</ele><time>2025-08-10T09:26:34.015Z</time></trkpt><trkpt lat="33.737539" lon="73.174266"><ele>672.709</ele><time>2025-08-10T09:26:37.015Z</time></trkpt><trkpt lat="33.737476" lon="73.174296"><ele>672.769</ele><time>2025-08-10T09:26:39.015Z</time></trkpt><trkpt lat="33.737407" lon="73.174324"><ele>672.689</ele><time>2025-08-10T09:26:41.015Z</time></trkpt><trkpt lat="33.737343" lon="73.174348"><ele>672.553</ele><time>2025-08-10T09:26:43.015Z</time></trkpt><trkpt lat="33.737296" lon="73.174369"><ele>672.567</ele><time>2025-08-10T09:26:45.015Z</time></trkpt><trkpt lat="33.737253" lon="73.174387"><ele>672.471</ele><time>2025-08-10T09:26:47.015Z</time></trkpt><trkpt lat="33.737207" lon="73.174414"><ele>672.277</ele><time>2025-08-10T09:26:49.015Z</time></trkpt><trkpt lat="33.737181" lon="73.174469"><ele>672.190</ele><time>2025-08-10T09:26:51.015Z</time></trkpt><trkpt lat="33.737167" lon="73.174544"><ele>672.069</ele><time>2025-08-10T09:26:53.015Z</time></trkpt><trkpt lat="33.737174" lon="73.174623"><ele>672.040</ele><time>2025-08-10T09:26:55.015Z</time></trkpt><trkpt lat="33.737168" lon="73.174680"><ele>671.998</ele><time>2025-08-10T09:26:57.015Z</time></trkpt><trkpt lat="33.737152" lon="73.174734"><ele>671.815</ele><time>2025-08-10T09:27:00.015Z</time></trkpt><trkpt lat="33.737132" lon="73.174802"><ele>671.826</ele><time>2025-08-10T09:27:05.015Z</time></trkpt><trkpt lat="33.737149" lon="73.174872"><ele>671.809</ele><time>2025-08-10T09:27:08.015Z</time></trkpt><trkpt lat="33.737189" lon="73.174928"><ele>671.941</ele><time>2025-08-10T09:27:10.015Z</time></trkpt><trkpt lat="33.737223" lon="73.174987"><ele>672.081</ele><time>2025-08-10T09:27:12.015Z</time></trkpt><trkpt lat="33.737243" lon="73.175036"><ele>672.135</ele><time>2025-08-10T09:27:15.015Z</time></trkpt><trkpt lat="33.737273" lon="73.175105"><ele>672.169</ele><time>2025-08-10T09:52:05.009Z</time></trkpt><trkpt lat="33.737296" lon="73.175174"><ele>672.133</ele><time>2025-08-10T09:52:07.009Z</time></trkpt><trkpt lat="33.737335" lon="73.175259"><ele>672.269</ele><time>2025-08-10T09:52:09.009Z</time></trkpt><trkpt lat="33.737376" lon="73.175353"><ele>672.182</ele><time>2025-08-10T09:52:11.009Z</time></trkpt><trkpt lat="33.737403" lon="73.175404"><ele>672.371</ele><time>2025-08-10T09:52:12.009Z</time></trkpt><trkpt lat="33.737430" lon="73.175456"><ele>672.562</ele><time>2025-08-10T09:52:13.009Z</time></trkpt><trkpt lat="33.737456" lon="73.175505"><ele>672.667</ele><time>2025-08-10T09:52:14.009Z</time></trkpt><trkpt lat="33.737483" lon="73.175552"><ele>672.881</ele><time>2025-08-10T09:52:15.009Z</time></trkpt><trkpt lat="33.737511" lon="73.175604"><ele>672.919</ele><time>2025-08-10T09:52:16.009Z</time></trkpt><trkpt lat="33.737542" lon="73.175666"><ele>673.109</ele><time>2025-08-10T09:52:17.009Z</time></trkpt><trkpt lat="33.737576" lon="73.175735"><ele>673.498</ele><time>2025-08-10T09:52:18.009Z</time></trkpt><trkpt lat="33.737614" lon="73.175807"><ele>673.698</ele><time>2025-08-10T09:52:19.009Z</time></trkpt><trkpt lat="33.737655" lon="73.175881"><ele>673.872</ele><time>2025-08-10T09:52:20.009Z</time></trkpt><trkpt lat="33.737697" lon="73.175954"><ele>673.966</ele><time>2025-08-10T09:52:21.010Z</time></trkpt><trkpt lat="33.737740" lon="73.176026"><ele>674.060</ele><time>2025-08-10T09:52:22.010Z</time></trkpt><trkpt lat="33.737784" lon="73.176097"><ele>674.196</ele><time>2025-08-10T09:52:23.010Z</time></trkpt><trkpt lat="33.737828" lon="73.176173"><ele>674.279</ele><time>2025-08-10T09:52:24.010Z</time></trkpt><trkpt lat="33.737871" lon="73.176251"><ele>674.358</ele><time>2025-08-10T09:52:25.010Z</time></trkpt><trkpt lat="33.737915" lon="73.176332"><ele>674.499</ele><time>2025-08-10T09:52:26.010Z</time></trkpt><trkpt lat="33.737962" lon="73.176414"><ele>674.579</ele><time>2025-08-10T09:52:27.011Z</time></trkpt><trkpt lat="33.738008" lon="73.176495"><ele>674.605</ele><time>2025-08-10T09:52:28.011Z</time></trkpt><trkpt lat="33.738055" lon="73.176579"><ele>674.725</ele><time>2025-08-10T09:52:29.011Z</time></trkpt><trkpt lat="33.738101" lon="73.176661"><ele>674.809</ele><time>2025-08-10T09:52:30.011Z</time></trkpt><trkpt lat="33.738148" lon="73.176739"><ele>674.899</ele><time>2025-08-10T09:52:31.011Z</time></trkpt><trkpt lat="33.738191" lon="73.176811"><ele>674.999</ele><time>2025-08-10T09:52:32.011Z</time></trkpt><trkpt lat="33.738233" lon="73.176881"><ele>675.023</ele><time>2025-08-10T09:52:33.011Z</time></trkpt><trkpt lat="33.738277" lon="73.176949"><ele>675.187</ele><time>2025-08-10T09:52:34.011Z</time></trkpt><trkpt lat="33.738315" lon="73.177019"><ele>675.231</ele><time>2025-08-10T09:52:35.011Z</time></trkpt><trkpt lat="33.738353" lon="73.177088"><ele>675.237</ele><time>2025-08-10T09:52:36.011Z</time></trkpt><trkpt lat="33.738391" lon="73.177160"><ele>675.310</ele><time>2025-08-10T09:52:37.011Z</time></trkpt><trkpt lat="33.738428" lon="73.177232"><ele>675.439</ele><time>2025-08-10T09:52:38.011Z</time></trkpt><trkpt lat="33.738466" lon="73.177307"><ele>675.470</ele><time>2025-08-10T09:52:39.011Z</time></trkpt><trkpt lat="33.738508" lon="73.177383"><ele>675.534</ele><time>2025-08-10T09:52:40.011Z</time></trkpt><trkpt lat="33.738554" lon="73.177462"><ele>675.655</ele><time>2025-08-10T09:52:41.011Z</time></trkpt><trkpt lat="33.738597" lon="73.177537"><ele>675.610</ele><time>2025-08-10T09:52:42.011Z</time></trkpt><trkpt lat="33.738641" lon="73.177611"><ele>675.609</ele><time>2025-08-10T09:52:43.011Z</time></trkpt><trkpt lat="33.738688" lon="73.177687"><ele>675.665</ele><time>2025-08-10T09:52:44.011Z</time></trkpt><trkpt lat="33.738733" lon="73.177759"><ele>675.695</ele><time>2025-08-10T09:52:45.011Z</time></trkpt><trkpt lat="33.738775" lon="73.177833"><ele>675.659</ele><time>2025-08-10T09:52:46.011Z</time></trkpt><trkpt lat="33.738815" lon="73.177907"><ele>675.613</ele><time>2025-08-10T09:52:47.011Z</time></trkpt><trkpt lat="33.738856" lon="73.177980"><ele>675.617</ele><time>2025-08-10T09:52:48.011Z</time></trkpt><trkpt lat="33.738897" lon="73.178051"><ele>675.713</ele><time>2025-08-10T09:52:49.011Z</time></trkpt><trkpt lat="33.738939" lon="73.178115"><ele>675.856</ele><time>2025-08-10T09:52:50.011Z</time></trkpt><trkpt lat="33.738981" lon="73.178186"><ele>675.985</ele><time>2025-08-10T09:52:51.011Z</time></trkpt><trkpt lat="33.739025" lon="73.178260"><ele>676.046</ele><time>2025-08-10T09:52:52.011Z</time></trkpt><trkpt lat="33.739068" lon="73.178329"><ele>676.159</ele><time>2025-08-10T09:52:53.011Z</time></trkpt><trkpt lat="33.739107" lon="73.178391"><ele>676.203</ele><time>2025-08-10T09:52:54.011Z</time></trkpt><trkpt lat="33.739138" lon="73.178444"><ele>676.223</ele><time>2025-08-10T09:52:55.011Z</time></trkpt><trkpt lat="33.739182" lon="73.178520"><ele>676.209</ele><time>2025-08-10T09:52:57.011Z</time></trkpt><trkpt lat="33.739215" lon="73.178579"><ele>676.227</ele><time>2025-08-10T09:52:59.011Z</time></trkpt><trkpt lat="33.739253" lon="73.178639"><ele>676.297</ele><time>2025-08-10T09:53:01.011Z</time></trkpt><trkpt lat="33.739289" lon="73.178696"><ele>676.231</ele><time>2025-08-10T09:53:03.011Z</time></trkpt><trkpt lat="33.739319" lon="73.178740"><ele>676.285</ele><time>2025-08-10T09:53:05.011Z</time></trkpt><trkpt lat="33.739353" lon="73.178792"><ele>676.249</ele><time>2025-08-10T09:53:08.011Z</time></trkpt><trkpt lat="33.739356" lon="73.178852"><ele>676.225</ele><time>2025-08-10T09:53:12.011Z</time></trkpt><trkpt lat="33.739299" lon="73.178859"><ele>676.218</ele><time>2025-08-10T09:53:16.011Z</time></trkpt><trkpt lat="33.739268" lon="73.178815"><ele>676.267</ele><time>2025-08-10T09:53:18.011Z</time></trkpt><trkpt lat="33.739225" lon="73.178742"><ele>676.288</ele><time>2025-08-10T09:53:20.011Z</time></trkpt><trkpt lat="33.739180" lon="73.178658"><ele>676.223</ele><time>2025-08-10T09:53:22.011Z</time></trkpt><trkpt lat="33.739131" lon="73.178574"><ele>676.483</ele><time>2025-08-10T09:53:24.011Z</time></trkpt><trkpt lat="33.739083" lon="73.178492"><ele>676.611</ele><time>2025-08-10T09:53:26.011Z</time></trkpt><trkpt lat="33.739056" lon="73.178448"><ele>676.609</ele><time>2025-08-10T09:53:27.011Z</time></trkpt><trkpt lat="33.739029" lon="73.178404"><ele>676.694</ele><time>2025-08-10T09:53:28.011Z</time></trkpt><trkpt lat="33.739003" lon="73.178357"><ele>676.654</ele><time>2025-08-10T09:53:29.011Z</time></trkpt><trkpt lat="33.738975" lon="73.178308"><ele>676.588</ele><time>2025-08-10T09:53:30.011Z</time></trkpt><trkpt lat="33.738930" lon="73.178226"><ele>676.512</ele><time>2025-08-10T09:53:32.011Z</time></trkpt><trkpt lat="33.738883" lon="73.178145"><ele>676.466</ele><time>2025-08-10T09:53:34.011Z</time></trkpt><trkpt lat="33.738854" lon="73.178097"><ele>676.352</ele><time>2025-08-10T09:53:35.011Z</time></trkpt><trkpt lat="33.738825" lon="73.178047"><ele>676.255</ele><time>2025-08-10T09:53:36.011Z</time></trkpt><trkpt lat="33.738787" lon="73.177983"><ele>676.234</ele><time>2025-08-10T09:53:37.011Z</time></trkpt><trkpt lat="33.738744" lon="73.177909"><ele>676.235</ele><time>2025-08-10T09:53:38.011Z</time></trkpt><trkpt lat="33.738704" lon="73.177842"><ele>676.276</ele><time>2025-08-10T09:53:39.011Z</time></trkpt><trkpt lat="33.738669" lon="73.177788"><ele>676.290</ele><time>2025-08-10T09:53:40.011Z</time></trkpt><trkpt lat="33.738630" lon="73.177731"><ele>676.219</ele><time>2025-08-10T09:53:41.011Z</time></trkpt><trkpt lat="33.738590" lon="73.177673"><ele>676.209</ele><time>2025-08-10T09:53:42.011Z</time></trkpt><trkpt lat="33.738564" lon="73.177628"><ele>676.229</ele><time>2025-08-10T09:53:43.011Z</time></trkpt><trkpt lat="33.738536" lon="73.177584"><ele>676.289</ele><time>2025-08-10T09:53:44.011Z</time></trkpt><trkpt lat="33.738484" lon="73.177501"><ele>676.263</ele><time>2025-08-10T09:53:46.011Z</time></trkpt><trkpt lat="33.738438" lon="73.177417"><ele>676.117</ele><time>2025-08-10T09:53:48.011Z</time></trkpt><trkpt lat="33.738394" lon="73.177341"><ele>675.981</ele><time>2025-08-10T09:53:50.011Z</time></trkpt><trkpt lat="33.738359" lon="73.177283"><ele>675.827</ele><time>2025-08-10T09:53:52.011Z</time></trkpt><trkpt lat="33.738329" lon="73.177243"><ele>675.890</ele><time>2025-08-10T09:53:54.011Z</time></trkpt><trkpt lat="33.738298" lon="73.177203"><ele>675.759</ele><time>2025-08-10T09:53:56.011Z</time></trkpt><trkpt lat="33.738251" lon="73.177172"><ele>675.590</ele><time>2025-08-10T09:54:02.011Z</time></trkpt><trkpt lat="33.738249" lon="73.177115"><ele>675.654</ele><time>2025-08-10T10:01:38.010Z</time></trkpt><trkpt lat="33.738236" lon="73.177062"><ele>675.656</ele><time>2025-08-10T10:01:40.010Z</time></trkpt><trkpt lat="33.738197" lon="73.176988"><ele>675.711</ele><time>2025-08-10T10:01:42.010Z</time></trkpt><trkpt lat="33.738172" lon="73.176942"><ele>675.909</ele><time>2025-08-10T10:01:43.010Z</time></trkpt><trkpt lat="33.738146" lon="73.176896"><ele>675.937</ele><time>2025-08-10T10:01:44.010Z</time></trkpt><trkpt lat="33.738118" lon="73.176844"><ele>676.077</ele><time>2025-08-10T10:01:45.010Z</time></trkpt><trkpt lat="33.738085" lon="73.176787"><ele>676.051</ele><time>2025-08-10T10:01:46.010Z</time></trkpt><trkpt lat="33.738058" lon="73.176730"><ele>676.095</ele><time>2025-08-10T10:01:47.010Z</time></trkpt><trkpt lat="33.738029" lon="73.176673"><ele>676.069</ele><time>2025-08-10T10:01:48.010Z</time></trkpt><trkpt lat="33.737994" lon="73.176612"><ele>676.095</ele><time>2025-08-10T10:01:49.010Z</time></trkpt><trkpt lat="33.737955" lon="73.176545"><ele>675.978</ele><time>2025-08-10T10:01:50.010Z</time></trkpt><trkpt lat="33.737911" lon="73.176470"><ele>675.997</ele><time>2025-08-10T10:01:51.010Z</time></trkpt><trkpt lat="33.737869" lon="73.176396"><ele>675.958</ele><time>2025-08-10T10:01:52.010Z</time></trkpt><trkpt lat="33.737827" lon="73.176322"><ele>675.953</ele><time>2025-08-10T10:01:53.010Z</time></trkpt><trkpt lat="33.737784" lon="73.176244"><ele>675.904</ele><time>2025-08-10T10:01:54.010Z</time></trkpt><trkpt lat="33.737742" lon="73.176166"><ele>675.914</ele><time>2025-08-10T10:01:55.010Z</time></trkpt><trkpt lat="33.737700" lon="73.176089"><ele>675.909</ele><time>2025-08-10T10:01:56.010Z</time></trkpt><trkpt lat="33.737656" lon="73.176014"><ele>675.817</ele><time>2025-08-10T10:01:57.010Z</time></trkpt><trkpt lat="33.737614" lon="73.175938"><ele>675.757</ele><time>2025-08-10T10:01:58.010Z</time></trkpt><trkpt lat="33.737583" lon="73.175878"><ele>675.661</ele><time>2025-08-10T10:01:59.010Z</time></trkpt><trkpt lat="33.737550" lon="73.175822"><ele>675.625</ele><time>2025-08-10T10:02:00.010Z</time></trkpt><trkpt lat="33.737517" lon="73.175761"><ele>675.569</ele><time>2025-08-10T10:02:01.010Z</time></trkpt><trkpt lat="33.737481" lon="73.175693"><ele>675.495</ele><time>2025-08-10T10:02:02.010Z</time></trkpt><trkpt lat="33.737440" lon="73.175619"><ele>675.378</ele><time>2025-08-10T10:02:03.010Z</time></trkpt><trkpt lat="33.737397" lon="73.175541"><ele>675.257</ele><time>2025-08-10T10:02:04.010Z</time></trkpt><trkpt lat="33.737349" lon="73.175453"><ele>675.218</ele><time>2025-08-10T10:02:05.010Z</time></trkpt><trkpt lat="33.737306" lon="73.175370"><ele>675.282</ele><time>2025-08-10T10:02:06.010Z</time></trkpt><trkpt lat="33.737266" lon="73.175291"><ele>675.243</ele><time>2025-08-10T10:02:07.010Z</time></trkpt><trkpt lat="33.737231" lon="73.175215"><ele>675.217</ele><time>2025-08-10T10:02:08.010Z</time></trkpt><trkpt lat="33.737200" lon="73.175148"><ele>675.109</ele><time>2025-08-10T10:02:09.010Z</time></trkpt><trkpt lat="33.737173" lon="73.175087"><ele>674.960</ele><time>2025-08-10T10:02:10.010Z</time></trkpt><trkpt lat="33.737148" lon="73.175028"><ele>674.870</ele><time>2025-08-10T10:02:11.010Z</time></trkpt><trkpt lat="33.737123" lon="73.174967"><ele>674.584</ele><time>2025-08-10T10:02:12.010Z</time></trkpt><trkpt lat="33.737096" lon="73.174909"><ele>674.148</ele><time>2025-08-10T10:02:13.010Z</time></trkpt><trkpt lat="33.737066" lon="73.174843"><ele>673.832</ele><time>2025-08-10T10:02:14.010Z</time></trkpt><trkpt lat="33.737033" lon="73.174776"><ele>673.538</ele><time>2025-08-10T10:02:15.010Z</time></trkpt><trkpt lat="33.737001" lon="73.174700"><ele>673.281</ele><time>2025-08-10T10:02:16.010Z</time></trkpt><trkpt lat="33.736967" lon="73.174620"><ele>672.850</ele><time>2025-08-10T10:02:17.010Z</time></trkpt><trkpt lat="33.736934" lon="73.174537"><ele>672.691</ele><time>2025-08-10T10:02:18.010Z</time></trkpt><trkpt lat="33.736904" lon="73.174456"><ele>672.336</ele><time>2025-08-10T10:02:19.010Z</time></trkpt><trkpt lat="33.736873" lon="73.174369"><ele>672.017</ele><time>2025-08-10T10:02:20.010Z</time></trkpt><trkpt lat="33.736838" lon="73.174275"><ele>671.718</ele><time>2025-08-10T10:02:21.010Z</time></trkpt><trkpt lat="33.736802" lon="73.174174"><ele>671.409</ele><time>2025-08-10T10:02:22.010Z</time></trkpt><trkpt lat="33.736767" lon="73.174067"><ele>671.015</ele><time>2025-08-10T10:02:23.010Z</time></trkpt><trkpt lat="33.736730" lon="73.173953"><ele>670.735</ele><time>2025-08-10T10:02:24.010Z</time></trkpt><trkpt lat="33.736691" lon="73.173838"><ele>670.429</ele><time>2025-08-10T10:02:25.010Z</time></trkpt><trkpt lat="33.736652" lon="73.173721"><ele>670.123</ele><time>2025-08-10T10:02:26.010Z</time></trkpt><trkpt lat="33.736614" lon="73.173603"><ele>669.847</ele><time>2025-08-10T10:02:27.010Z</time></trkpt><trkpt lat="33.736579" lon="73.173486"><ele>669.483</ele><time>2025-08-10T10:02:28.010Z</time></trkpt><trkpt lat="33.736550" lon="73.173369"><ele>669.116</ele><time>2025-08-10T10:02:29.010Z</time></trkpt><trkpt lat="33.736523" lon="73.173253"><ele>668.835</ele><time>2025-08-10T10:02:30.010Z</time></trkpt><trkpt lat="33.736496" lon="73.173143"><ele>668.636</ele><time>2025-08-10T10:02:31.010Z</time></trkpt><trkpt lat="33.736471" lon="73.173043"><ele>668.464</ele><time>2025-08-10T10:02:32.010Z</time></trkpt><trkpt lat="33.736448" lon="73.172952"><ele>668.306</ele><time>2025-08-10T10:02:33.010Z</time></trkpt><trkpt lat="33.736426" lon="73.172869"><ele>668.216</ele><time>2025-08-10T10:02:34.010Z</time></trkpt><trkpt lat="33.736406" lon="73.172791"><ele>668.109</ele><time>2025-08-10T10:02:35.010Z</time></trkpt><trkpt lat="33.736392" lon="73.172712"><ele>668.028</ele><time>2025-08-10T10:02:36.010Z</time></trkpt><trkpt lat="33.736375" lon="73.172627"><ele>667.998</ele><time>2025-08-10T10:02:37.010Z</time></trkpt><trkpt lat="33.736353" lon="73.172536"><ele>667.812</ele><time>2025-08-10T10:02:38.010Z</time></trkpt><trkpt lat="33.736330" lon="73.172444"><ele>667.776</ele><time>2025-08-10T10:02:39.010Z</time></trkpt><trkpt lat="33.736305" lon="73.172345"><ele>667.670</ele><time>2025-08-10T10:02:40.010Z</time></trkpt><trkpt lat="33.736283" lon="73.172236"><ele>667.586</ele><time>2025-08-10T10:02:41.010Z</time></trkpt><trkpt lat="33.736261" lon="73.172120"><ele>667.339</ele><time>2025-08-10T10:02:42.010Z</time></trkpt><trkpt lat="33.736241" lon="73.171998"><ele>667.218</ele><time>2025-08-10T10:02:43.010Z</time></trkpt><trkpt lat="33.736215" lon="73.171872"><ele>667.199</ele><time>2025-08-10T10:02:44.010Z</time></trkpt><trkpt lat="33.736190" lon="73.171744"><ele>667.093</ele><time>2025-08-10T10:02:45.010Z</time></trkpt><trkpt lat="33.736164" lon="73.171611"><ele>666.865</ele><time>2025-08-10T10:02:46.010Z</time></trkpt><trkpt lat="33.736136" lon="73.171471"><ele>666.621</ele><time>2025-08-10T10:02:47.010Z</time></trkpt><trkpt lat="33.736102" lon="73.171322"><ele>666.409</ele><time>2025-08-10T10:02:48.011Z</time></trkpt><trkpt lat="33.736067" lon="73.171170"><ele>666.121</ele><time>2025-08-10T10:02:49.011Z</time></trkpt><trkpt lat="33.736034" lon="73.171012"><ele>665.871</ele><time>2025-08-10T10:02:50.011Z</time></trkpt><trkpt lat="33.736000" lon="73.170857"><ele>665.575</ele><time>2025-08-10T10:02:51.011Z</time></trkpt><trkpt lat="33.735962" lon="73.170708"><ele>665.229</ele><time>2025-08-10T10:02:52.011Z</time></trkpt><trkpt lat="33.735928" lon="73.170563"><ele>664.983</ele><time>2025-08-10T10:02:53.011Z</time></trkpt><trkpt lat="33.735892" lon="73.170427"><ele>664.619</ele><time>2025-08-10T10:02:54.011Z</time></trkpt><trkpt lat="33.735863" lon="73.170307"><ele>664.392</ele><time>2025-08-10T10:02:55.011Z</time></trkpt><trkpt lat="33.735840" lon="73.170211"><ele>664.171</ele><time>2025-08-10T10:02:56.011Z</time></trkpt><trkpt lat="33.735819" lon="73.170126"><ele>664.092</ele><time>2025-08-10T10:02:57.011Z</time></trkpt><trkpt lat="33.735804" lon="73.170047"><ele>663.716</ele><time>2025-08-10T10:02:58.010Z</time></trkpt><trkpt lat="33.735787" lon="73.169971"><ele>663.476</ele><time>2025-08-10T10:02:59.010Z</time></trkpt><trkpt lat="33.735770" lon="73.169891"><ele>663.213</ele><time>2025-08-10T10:03:00.010Z</time></trkpt><trkpt lat="33.735753" lon="73.169811"><ele>663.009</ele><time>2025-08-10T10:03:01.010Z</time></trkpt><trkpt lat="33.735735" lon="73.169739"><ele>662.913</ele><time>2025-08-10T10:03:02.010Z</time></trkpt><trkpt lat="33.735723" lon="73.169666"><ele>662.893</ele><time>2025-08-10T10:03:03.010Z</time></trkpt><trkpt lat="33.735710" lon="73.169589"><ele>662.727</ele><time>2025-08-10T10:03:04.010Z</time></trkpt><trkpt lat="33.735695" lon="73.169505"><ele>662.721</ele><time>2025-08-10T10:03:05.010Z</time></trkpt><trkpt lat="33.735675" lon="73.169426"><ele>662.725</ele><time>2025-08-10T10:03:06.010Z</time></trkpt><trkpt lat="33.735656" lon="73.169349"><ele>662.741</ele><time>2025-08-10T10:03:07.010Z</time></trkpt><trkpt lat="33.735634" lon="73.169267"><ele>662.764</ele><time>2025-08-10T10:03:08.010Z</time></trkpt><trkpt lat="33.735611" lon="73.169179"><ele>662.753</ele><time>2025-08-10T10:03:09.010Z</time></trkpt><trkpt lat="33.735591" lon="73.169089"><ele>662.744</ele><time>2025-08-10T10:03:10.010Z</time></trkpt><trkpt lat="33.735566" lon="73.169000"><ele>662.756</ele><time>2025-08-10T10:03:11.010Z</time></trkpt><trkpt lat="33.735546" lon="73.168913"><ele>662.859</ele><time>2025-08-10T10:03:12.010Z</time></trkpt><trkpt lat="33.735526" lon="73.168823"><ele>662.914</ele><time>2025-08-10T10:03:13.010Z</time></trkpt><trkpt lat="33.735504" lon="73.168729"><ele>663.009</ele><time>2025-08-10T10:03:14.010Z</time></trkpt><trkpt lat="33.735480" lon="73.168633"><ele>663.147</ele><time>2025-08-10T10:03:15.010Z</time></trkpt><trkpt lat="33.735454" lon="73.168530"><ele>663.287</ele><time>2025-08-10T10:03:16.010Z</time></trkpt><trkpt lat="33.735428" lon="73.168420"><ele>663.361</ele><time>2025-08-10T10:03:17.010Z</time></trkpt><trkpt lat="33.735401" lon="73.168312"><ele>663.635</ele><time>2025-08-10T10:03:18.010Z</time></trkpt><trkpt lat="33.735374" lon="73.168212"><ele>663.899</ele><time>2025-08-10T10:03:19.010Z</time></trkpt><trkpt lat="33.735345" lon="73.168112"><ele>664.025</ele><time>2025-08-10T10:03:20.010Z</time></trkpt><trkpt lat="33.735316" lon="73.168012"><ele>664.188</ele><time>2025-08-10T10:03:21.010Z</time></trkpt><trkpt lat="33.735286" lon="73.167908"><ele>664.347</ele><time>2025-08-10T10:03:22.010Z</time></trkpt><trkpt lat="33.735256" lon="73.167794"><ele>664.678</ele><time>2025-08-10T10:03:23.010Z</time></trkpt><trkpt lat="33.735227" lon="73.167677"><ele>664.846</ele><time>2025-08-10T10:03:24.010Z</time></trkpt><trkpt lat="33.735197" lon="73.167548"><ele>665.088</ele><time>2025-08-10T10:03:25.010Z</time></trkpt><trkpt lat="33.735165" lon="73.167414"><ele>665.216</ele><time>2025-08-10T10:03:26.010Z</time></trkpt><trkpt lat="33.735133" lon="73.167275"><ele>665.409</ele><time>2025-08-10T10:03:27.010Z</time></trkpt><trkpt lat="33.735101" lon="73.167129"><ele>665.516</ele><time>2025-08-10T10:03:28.010Z</time></trkpt><trkpt lat="33.735071" lon="73.166979"><ele>665.656</ele><time>2025-08-10T10:03:29.010Z</time></trkpt><trkpt lat="33.735044" lon="73.166825"><ele>665.830</ele><time>2025-08-10T10:03:30.010Z</time></trkpt><trkpt lat="33.735018" lon="73.166668"><ele>666.014</ele><time>2025-08-10T10:03:31.010Z</time></trkpt><trkpt lat="33.734995" lon="73.166517"><ele>666.398</ele><time>2025-08-10T10:03:32.010Z</time></trkpt><trkpt lat="33.734980" lon="73.166374"><ele>666.724</ele><time>2025-08-10T10:03:33.010Z</time></trkpt><trkpt lat="33.734971" lon="73.166240"><ele>667.027</ele><time>2025-08-10T10:03:34.010Z</time></trkpt><trkpt lat="33.734970" lon="73.166118"><ele>667.396</ele><time>2025-08-10T10:03:35.010Z</time></trkpt><trkpt lat="33.734968" lon="73.166011"><ele>667.787</ele><time>2025-08-10T10:03:36.010Z</time></trkpt><trkpt lat="33.734968" lon="73.165905"><ele>668.199</ele><time>2025-08-10T10:03:37.010Z</time></trkpt><trkpt lat="33.734971" lon="73.165804"><ele>668.207</ele><time>2025-08-10T10:03:38.010Z</time></trkpt><trkpt lat="33.734976" lon="73.165697"><ele>668.527</ele><time>2025-08-10T10:03:39.010Z</time></trkpt><trkpt lat="33.734981" lon="73.165588"><ele>668.909</ele><time>2025-08-10T10:03:40.010Z</time></trkpt><trkpt lat="33.734983" lon="73.165475"><ele>669.591</ele><time>2025-08-10T10:03:41.010Z</time></trkpt><trkpt lat="33.734988" lon="73.165358"><ele>669.981</ele><time>2025-08-10T10:03:42.010Z</time></trkpt><trkpt lat="33.734996" lon="73.165237"><ele>670.355</ele><time>2025-08-10T10:03:43.010Z</time></trkpt><trkpt lat="33.734999" lon="73.165112"><ele>670.879</ele><time>2025-08-10T10:03:44.010Z</time></trkpt><trkpt lat="33.735002" lon="73.164978"><ele>671.263</ele><time>2025-08-10T10:03:45.010Z</time></trkpt><trkpt lat="33.735006" lon="73.164839"><ele>671.649</ele><time>2025-08-10T10:03:46.010Z</time></trkpt><trkpt lat="33.735008" lon="73.164691"><ele>672.052</ele><time>2025-08-10T10:03:47.010Z</time></trkpt><trkpt lat="33.735011" lon="73.164542"><ele>672.521</ele><time>2025-08-10T10:03:48.010Z</time></trkpt><trkpt lat="33.735007" lon="73.164384"><ele>672.962</ele><time>2025-08-10T10:03:49.010Z</time></trkpt><trkpt lat="33.735001" lon="73.164224"><ele>673.439</ele><time>2025-08-10T10:03:50.010Z</time></trkpt><trkpt lat="33.734991" lon="73.164059"><ele>674.101</ele><time>2025-08-10T10:03:51.010Z</time></trkpt><trkpt lat="33.734978" lon="73.163895"><ele>674.621</ele><time>2025-08-10T10:03:52.010Z</time></trkpt><trkpt lat="33.734961" lon="73.163732"><ele>675.109</ele><time>2025-08-10T10:03:53.010Z</time></trkpt><trkpt lat="33.734943" lon="73.163568"><ele>675.595</ele><time>2025-08-10T10:03:54.010Z</time></trkpt><trkpt lat="33.734921" lon="73.163402"><ele>675.975</ele><time>2025-08-10T10:03:55.010Z</time></trkpt><trkpt lat="33.734901" lon="73.163237"><ele>676.389</ele><time>2025-08-10T10:03:56.010Z</time></trkpt><trkpt lat="33.734880" lon="73.163068"><ele>676.753</ele><time>2025-08-10T10:03:57.010Z</time></trkpt><trkpt lat="33.734862" lon="73.162902"><ele>677.057</ele><time>2025-08-10T10:03:58.010Z</time></trkpt><trkpt lat="33.734847" lon="73.162736"><ele>677.463</ele><time>2025-08-10T10:03:59.010Z</time></trkpt><trkpt lat="33.734833" lon="73.162572"><ele>677.856</ele><time>2025-08-10T10:04:00.010Z</time></trkpt><trkpt lat="33.734817" lon="73.162408"><ele>678.295</ele><time>2025-08-10T10:04:01.010Z</time></trkpt><trkpt lat="33.734807" lon="73.162244"><ele>678.686</ele><time>2025-08-10T10:04:02.010Z</time></trkpt><trkpt lat="33.734804" lon="73.162075"><ele>679.192</ele><time>2025-08-10T10:04:03.010Z</time></trkpt><trkpt lat="33.734803" lon="73.161902"><ele>679.673</ele><time>2025-08-10T10:04:04.010Z</time></trkpt><trkpt lat="33.734803" lon="73.161726"><ele>680.220</ele><time>2025-08-10T10:04:05.010Z</time></trkpt><trkpt lat="33.734801" lon="73.161553"><ele>680.809</ele><time>2025-08-10T10:04:06.010Z</time></trkpt><trkpt lat="33.734796" lon="73.161380"><ele>681.431</ele><time>2025-08-10T10:04:07.010Z</time></trkpt><trkpt lat="33.734793" lon="73.161216"><ele>681.941</ele><time>2025-08-10T10:04:08.010Z</time></trkpt><trkpt lat="33.734792" lon="73.161058"><ele>682.175</ele><time>2025-08-10T10:04:09.010Z</time></trkpt><trkpt lat="33.734789" lon="73.160904"><ele>682.329</ele><time>2025-08-10T10:04:10.010Z</time></trkpt><trkpt lat="33.734785" lon="73.160751"><ele>682.393</ele><time>2025-08-10T10:04:11.010Z</time></trkpt><trkpt lat="33.734780" lon="73.160601"><ele>682.169</ele><time>2025-08-10T10:04:12.010Z</time></trkpt><trkpt lat="33.734767" lon="73.160456"><ele>681.892</ele><time>2025-08-10T10:04:13.010Z</time></trkpt><trkpt lat="33.734759" lon="73.160307"><ele>681.421</ele><time>2025-08-10T10:04:14.010Z</time></trkpt><trkpt lat="33.734750" lon="73.160161"><ele>680.962</ele><time>2025-08-10T10:04:15.010Z</time></trkpt><trkpt lat="33.734738" lon="73.160001"><ele>680.428</ele><time>2025-08-10T10:04:16.010Z</time></trkpt><trkpt lat="33.734725" lon="73.159831"><ele>679.689</ele><time>2025-08-10T10:04:17.010Z</time></trkpt><trkpt lat="33.734711" lon="73.159673"><ele>679.117</ele><time>2025-08-10T10:04:18.010Z</time></trkpt><trkpt lat="33.734696" lon="73.159523"><ele>678.909</ele><time>2025-08-10T10:04:19.010Z</time></trkpt><trkpt lat="33.734681" lon="73.159376"><ele>678.354</ele><time>2025-08-10T10:04:20.010Z</time></trkpt><trkpt lat="33.734667" lon="73.159230"><ele>677.714</ele><time>2025-08-10T10:04:21.010Z</time></trkpt><trkpt lat="33.734652" lon="73.159078"><ele>677.198</ele><time>2025-08-10T10:04:22.010Z</time></trkpt><trkpt lat="33.734637" lon="73.158918"><ele>676.532</ele><time>2025-08-10T10:04:23.010Z</time></trkpt><trkpt lat="33.734624" lon="73.158762"><ele>676.046</ele><time>2025-08-10T10:04:24.010Z</time></trkpt><trkpt lat="33.734611" lon="73.158603"><ele>675.652</ele><time>2025-08-10T10:04:25.010Z</time></trkpt><trkpt lat="33.734599" lon="73.158442"><ele>675.365</ele><time>2025-08-10T10:04:26.010Z</time></trkpt><trkpt lat="33.734585" lon="73.158284"><ele>675.094</ele><time>2025-08-10T10:04:27.010Z</time></trkpt><trkpt lat="33.734575" lon="73.158125"><ele>674.765</ele><time>2025-08-10T10:04:28.010Z</time></trkpt><trkpt lat="33.734566" lon="73.157962"><ele>674.343</ele><time>2025-08-10T10:04:29.010Z</time></trkpt><trkpt lat="33.734553" lon="73.157795"><ele>673.964</ele><time>2025-08-10T10:04:30.010Z</time></trkpt><trkpt lat="33.734543" lon="73.157626"><ele>673.610</ele><time>2025-08-10T10:04:31.010Z</time></trkpt><trkpt lat="33.734539" lon="73.157447"><ele>673.409</ele><time>2025-08-10T10:04:32.010Z</time></trkpt><trkpt lat="33.734524" lon="73.157272"><ele>673.276</ele><time>2025-08-10T10:04:33.010Z</time></trkpt><trkpt lat="33.734507" lon="73.157098"><ele>673.186</ele><time>2025-08-10T10:04:34.010Z</time></trkpt><trkpt lat="33.734492" lon="73.156919"><ele>673.050</ele><time>2025-08-10T10:04:35.010Z</time></trkpt><trkpt lat="33.734478" lon="73.156735"><ele>672.984</ele><time>2025-08-10T10:04:36.010Z</time></trkpt><trkpt lat="33.734496" lon="73.156555"><ele>672.838</ele><time>2025-08-10T10:04:37.010Z</time></trkpt><trkpt lat="33.734485" lon="73.156383"><ele>672.754</ele><time>2025-08-10T10:04:38.010Z</time></trkpt><trkpt lat="33.734469" lon="73.156217"><ele>672.687</ele><time>2025-08-10T10:04:39.010Z</time></trkpt><trkpt lat="33.734444" lon="73.156051"><ele>672.576</ele><time>2025-08-10T10:04:40.010Z</time></trkpt><trkpt lat="33.734421" lon="73.155879"><ele>672.467</ele><time>2025-08-10T10:04:41.010Z</time></trkpt><trkpt lat="33.734395" lon="73.155709"><ele>672.331</ele><time>2025-08-10T10:04:42.010Z</time></trkpt><trkpt lat="33.734357" lon="73.155533"><ele>672.361</ele><time>2025-08-10T10:04:43.010Z</time></trkpt><trkpt lat="33.734315" lon="73.155363"><ele>672.307</ele><time>2025-08-10T10:04:44.010Z</time></trkpt><trkpt lat="33.734269" lon="73.155196"><ele>672.409</ele><time>2025-08-10T10:04:45.010Z</time></trkpt><trkpt lat="33.734226" lon="73.155025"><ele>672.565</ele><time>2025-08-10T10:04:46.010Z</time></trkpt><trkpt lat="33.734170" lon="73.154851"><ele>672.675</ele><time>2025-08-10T10:04:47.010Z</time></trkpt><trkpt lat="33.734123" lon="73.154686"><ele>672.769</ele><time>2025-08-10T10:04:48.010Z</time></trkpt><trkpt lat="33.734075" lon="73.154515"><ele>672.973</ele><time>2025-08-10T10:04:49.010Z</time></trkpt><trkpt lat="33.734030" lon="73.154341"><ele>673.167</ele><time>2025-08-10T10:04:50.010Z</time></trkpt><trkpt lat="33.733984" lon="73.154165"><ele>673.473</ele><time>2025-08-10T10:04:51.010Z</time></trkpt><trkpt lat="33.733939" lon="73.153983"><ele>673.786</ele><time>2025-08-10T10:04:52.010Z</time></trkpt><trkpt lat="33.733894" lon="73.153810"><ele>674.055</ele><time>2025-08-10T10:04:53.010Z</time></trkpt><trkpt lat="33.733850" lon="73.153636"><ele>674.426</ele><time>2025-08-10T10:04:54.010Z</time></trkpt><trkpt lat="33.733804" lon="73.153461"><ele>674.876</ele><time>2025-08-10T10:04:55.010Z</time></trkpt><trkpt lat="33.733757" lon="73.153291"><ele>675.290</ele><time>2025-08-10T10:04:56.010Z</time></trkpt><trkpt lat="33.733709" lon="73.153121"><ele>675.619</ele><time>2025-08-10T10:04:57.011Z</time></trkpt><trkpt lat="33.733662" lon="73.152953"><ele>676.009</ele><time>2025-08-10T10:04:58.010Z</time></trkpt><trkpt lat="33.733621" lon="73.152792"><ele>676.499</ele><time>2025-08-10T10:04:59.010Z</time></trkpt><trkpt lat="33.733579" lon="73.152630"><ele>676.839</ele><time>2025-08-10T10:05:00.011Z</time></trkpt><trkpt lat="33.733533" lon="73.152461"><ele>677.123</ele><time>2025-08-10T10:05:01.011Z</time></trkpt><trkpt lat="33.733486" lon="73.152294"><ele>677.437</ele><time>2025-08-10T10:05:02.011Z</time></trkpt><trkpt lat="33.733444" lon="73.152136"><ele>677.751</ele><time>2025-08-10T10:05:03.011Z</time></trkpt><trkpt lat="33.733403" lon="73.151985"><ele>678.057</ele><time>2025-08-10T10:05:04.011Z</time></trkpt><trkpt lat="33.733359" lon="73.151829"><ele>678.240</ele><time>2025-08-10T10:05:05.011Z</time></trkpt><trkpt lat="33.733311" lon="73.151672"><ele>678.479</ele><time>2025-08-10T10:05:06.012Z</time></trkpt><trkpt lat="33.733256" lon="73.151521"><ele>678.640</ele><time>2025-08-10T10:05:07.012Z</time></trkpt><trkpt lat="33.733193" lon="73.151373"><ele>678.746</ele><time>2025-08-10T10:05:08.012Z</time></trkpt><trkpt lat="33.733123" lon="73.151223"><ele>678.788</ele><time>2025-08-10T10:05:09.012Z</time></trkpt><trkpt lat="33.733049" lon="73.151071"><ele>678.616</ele><time>2025-08-10T10:05:10.012Z</time></trkpt><trkpt lat="33.732975" lon="73.150926"><ele>678.409</ele><time>2025-08-10T10:05:11.012Z</time></trkpt><trkpt lat="33.732901" lon="73.150786"><ele>678.256</ele><time>2025-08-10T10:05:12.012Z</time></trkpt><trkpt lat="33.732823" lon="73.150639"><ele>677.956</ele><time>2025-08-10T10:05:13.012Z</time></trkpt><trkpt lat="33.732743" lon="73.150497"><ele>677.750</ele><time>2025-08-10T10:05:14.012Z</time></trkpt><trkpt lat="33.732664" lon="73.150358"><ele>677.534</ele><time>2025-08-10T10:05:15.012Z</time></trkpt><trkpt lat="33.732590" lon="73.150222"><ele>677.398</ele><time>2025-08-10T10:05:16.012Z</time></trkpt><trkpt lat="33.732519" lon="73.150089"><ele>677.254</ele><time>2025-08-10T10:05:17.012Z</time></trkpt><trkpt lat="33.732444" lon="73.149955"><ele>677.087</ele><time>2025-08-10T10:05:18.012Z</time></trkpt><trkpt lat="33.732368" lon="73.149815"><ele>676.786</ele><time>2025-08-10T10:05:19.012Z</time></trkpt><trkpt lat="33.732288" lon="73.149678"><ele>676.567</ele><time>2025-08-10T10:05:20.012Z</time></trkpt><trkpt lat="33.732208" lon="73.149542"><ele>676.367</ele><time>2025-08-10T10:05:21.012Z</time></trkpt><trkpt lat="33.732133" lon="73.149409"><ele>676.181</ele><time>2025-08-10T10:05:22.012Z</time></trkpt><trkpt lat="33.732061" lon="73.149277"><ele>676.019</ele><time>2025-08-10T10:05:23.012Z</time></trkpt><trkpt lat="33.731991" lon="73.149150"><ele>675.809</ele><time>2025-08-10T10:05:24.012Z</time></trkpt><trkpt lat="33.731921" lon="73.149029"><ele>675.638</ele><time>2025-08-10T10:05:25.012Z</time></trkpt><trkpt lat="33.731853" lon="73.148906"><ele>675.448</ele><time>2025-08-10T10:05:26.012Z</time></trkpt><trkpt lat="33.731783" lon="73.148779"><ele>675.282</ele><time>2025-08-10T10:05:27.012Z</time></trkpt><trkpt lat="33.731714" lon="73.148654"><ele>675.096</ele><time>2025-08-10T10:05:28.012Z</time></trkpt><trkpt lat="33.731658" lon="73.148520"><ele>674.910</ele><time>2025-08-10T10:05:29.012Z</time></trkpt><trkpt lat="33.731595" lon="73.148396"><ele>674.846</ele><time>2025-08-10T10:05:30.012Z</time></trkpt><trkpt lat="33.731528" lon="73.148264"><ele>674.789</ele><time>2025-08-10T10:05:31.012Z</time></trkpt><trkpt lat="33.731454" lon="73.148131"><ele>674.628</ele><time>2025-08-10T10:05:32.012Z</time></trkpt><trkpt lat="33.731395" lon="73.147988"><ele>674.529</ele><time>2025-08-10T10:05:33.012Z</time></trkpt><trkpt lat="33.731365" lon="73.147833"><ele>674.416</ele><time>2025-08-10T10:05:34.012Z</time></trkpt><trkpt lat="33.731280" lon="73.147699"><ele>674.376</ele><time>2025-08-10T10:05:35.012Z</time></trkpt><trkpt lat="33.731191" lon="73.147567"><ele>674.213</ele><time>2025-08-10T10:05:36.012Z</time></trkpt><trkpt lat="33.731097" lon="73.147436"><ele>674.109</ele><time>2025-08-10T10:05:37.012Z</time></trkpt><trkpt lat="33.731033" lon="73.147290"><ele>674.073</ele><time>2025-08-10T10:05:38.012Z</time></trkpt><trkpt lat="33.730956" lon="73.147152"><ele>673.963</ele><time>2025-08-10T10:05:39.012Z</time></trkpt><trkpt lat="33.730897" lon="73.147010"><ele>673.847</ele><time>2025-08-10T10:05:40.012Z</time></trkpt><trkpt lat="33.730821" lon="73.146866"><ele>673.771</ele><time>2025-08-10T10:05:41.012Z</time></trkpt><trkpt lat="33.730787" lon="73.146678"><ele>673.735</ele><time>2025-08-10T10:05:42.012Z</time></trkpt><trkpt lat="33.730721" lon="73.146468"><ele>673.721</ele><time>2025-08-10T10:05:43.012Z</time></trkpt><trkpt lat="33.730632" lon="73.146333"><ele>673.724</ele><time>2025-08-10T10:05:44.012Z</time></trkpt><trkpt lat="33.730569" lon="73.146169"><ele>673.863</ele><time>2025-08-10T10:05:45.012Z</time></trkpt><trkpt lat="33.730535" lon="73.146070"><ele>673.884</ele><time>2025-08-10T10:05:46.012Z</time></trkpt><trkpt lat="33.730351" lon="73.141224"><ele>673.878</ele><time>2025-08-10T10:05:47.012Z</time></trkpt><trkpt lat="33.730915" lon="73.139751"><ele>673.733</ele><time>2025-08-10T10:05:48.012Z</time></trkpt><trkpt lat="33.731351" lon="73.139001"><ele>673.626</ele><time>2025-08-10T10:05:49.012Z</time></trkpt><trkpt lat="33.731389" lon="73.138878"><ele>673.609</ele><time>2025-08-10T10:05:50.012Z</time></trkpt><trkpt lat="33.731398" lon="73.138779"><ele>673.649</ele><time>2025-08-10T10:05:51.012Z</time></trkpt><trkpt lat="33.731415" lon="73.138709"><ele>673.699</ele><time>2025-08-10T10:05:52.012Z</time></trkpt><trkpt lat="33.731314" lon="73.138601"><ele>673.593</ele><time>2025-08-10T10:05:53.012Z</time></trkpt><trkpt lat="33.731266" lon="73.138526"><ele>673.447</ele><time>2025-08-10T10:05:54.012Z</time></trkpt><trkpt lat="33.731255" lon="73.138452"><ele>673.211</ele><time>2025-08-10T10:05:55.012Z</time></trkpt><trkpt lat="33.731274" lon="73.138362"><ele>673.167</ele><time>2025-08-10T10:05:56.012Z</time></trkpt><trkpt lat="33.731220" lon="73.138318"><ele>672.970</ele><time>2025-08-10T10:05:58.012Z</time></trkpt><trkpt lat="33.731189" lon="73.138254"><ele>672.859</ele><time>2025-08-10T10:05:59.012Z</time></trkpt><trkpt lat="33.731141" lon="73.138271"><ele>672.550</ele><time>2025-08-10T10:06:03.012Z</time></trkpt><trkpt lat="33.731102" lon="73.138210"><ele>672.566</ele><time>2025-08-10T10:06:04.012Z</time></trkpt><trkpt lat="33.731009" lon="73.138168"><ele>671.929</ele><time>2025-08-10T10:06:05.012Z</time></trkpt><trkpt lat="33.730962" lon="73.138066"><ele>671.621</ele><time>2025-08-10T10:06:06.012Z</time></trkpt><trkpt lat="33.730930" lon="73.137984"><ele>671.109</ele><time>2025-08-10T10:06:07.012Z</time></trkpt><trkpt lat="33.730922" lon="73.137823"><ele>670.838</ele><time>2025-08-10T10:06:09.012Z</time></trkpt><trkpt lat="33.730896" lon="73.137760"><ele>670.518</ele><time>2025-08-10T10:06:10.012Z</time></trkpt><trkpt lat="33.730867" lon="73.137704"><ele>670.162</ele><time>2025-08-10T10:06:11.012Z</time></trkpt><trkpt lat="33.730830" lon="73.137662"><ele>669.846</ele><time>2025-08-10T10:06:12.012Z</time></trkpt><trkpt lat="33.730805" lon="73.137585"><ele>669.760</ele><time>2025-08-10T10:06:13.012Z</time></trkpt><trkpt lat="33.730787" lon="73.137482"><ele>669.446</ele><time>2025-08-10T10:06:15.012Z</time></trkpt><trkpt lat="33.730767" lon="73.137421"><ele>669.129</ele><time>2025-08-10T10:06:16.012Z</time></trkpt><trkpt lat="33.730747" lon="73.137361"><ele>668.558</ele><time>2025-08-10T10:06:17.012Z</time></trkpt><trkpt lat="33.730727" lon="73.137301"><ele>668.179</ele><time>2025-08-10T10:06:18.012Z</time></trkpt><trkpt lat="33.730707" lon="73.137242"><ele>667.873</ele><time>2025-08-10T10:06:19.012Z</time></trkpt><trkpt lat="33.730684" lon="73.137173"><ele>667.485</ele><time>2025-08-10T10:06:20.155Z</time></trkpt><trkpt lat="33.730318" lon="73.137573"><ele>665.913</ele><time>2025-08-10T10:06:23.012Z</time></trkpt><trkpt lat="33.730219" lon="73.137511"><ele>665.809</ele><time>2025-08-10T10:06:24.156Z</time></trkpt><trkpt lat="33.727257" lon="73.141220"><ele>665.319</ele><time>2025-08-10T10:06:25.012Z</time></trkpt><trkpt lat="33.727159" lon="73.141083"><ele>665.129</ele><time>2025-08-10T10:06:26.012Z</time></trkpt><trkpt lat="33.727088" lon="73.140946"><ele>664.733</ele><time>2025-08-10T10:06:27.012Z</time></trkpt><trkpt lat="33.727002" lon="73.140830"><ele>664.537</ele><time>2025-08-10T10:06:28.012Z</time></trkpt><trkpt lat="33.726915" lon="73.140703"><ele>664.051</ele><time>2025-08-10T10:06:29.012Z</time></trkpt><trkpt lat="33.726827" lon="73.140579"><ele>663.227</ele><time>2025-08-10T10:06:30.012Z</time></trkpt><trkpt lat="33.726732" lon="73.140471"><ele>662.980</ele><time>2025-08-10T10:06:31.012Z</time></trkpt><trkpt lat="33.726651" lon="73.140339"><ele>662.329</ele><time>2025-08-10T10:06:32.012Z</time></trkpt><trkpt lat="33.726559" lon="73.140199"><ele>661.550</ele><time>2025-08-10T10:06:33.012Z</time></trkpt><trkpt lat="33.726464" lon="73.140062"><ele>661.079</ele><time>2025-08-10T10:06:34.012Z</time></trkpt><trkpt lat="33.726365" lon="73.139907"><ele>660.505</ele><time>2025-08-10T10:06:35.012Z</time></trkpt><trkpt lat="33.726261" lon="73.139752"><ele>660.125</ele><time>2025-08-10T10:06:36.012Z</time></trkpt><trkpt lat="33.726169" lon="73.139604"><ele>659.709</ele><time>2025-08-10T10:06:37.012Z</time></trkpt><trkpt lat="33.726079" lon="73.139467"><ele>659.319</ele><time>2025-08-10T10:06:38.012Z</time></trkpt><trkpt lat="33.725991" lon="73.139325"><ele>659.099</ele><time>2025-08-10T10:06:39.012Z</time></trkpt><trkpt lat="33.725901" lon="73.139191"><ele>658.723</ele><time>2025-08-10T10:06:40.012Z</time></trkpt><trkpt lat="33.725816" lon="73.139068"><ele>658.497</ele><time>2025-08-10T10:06:41.012Z</time></trkpt><trkpt lat="33.725720" lon="73.138929"><ele>658.091</ele><time>2025-08-10T10:06:42.012Z</time></trkpt><trkpt lat="33.725617" lon="73.138794"><ele>657.627</ele><time>2025-08-10T10:06:43.012Z</time></trkpt><trkpt lat="33.725514" lon="73.138661"><ele>657.180</ele><time>2025-08-10T10:06:44.012Z</time></trkpt><trkpt lat="33.725410" lon="73.138534"><ele>656.649</ele><time>2025-08-10T10:06:45.012Z</time></trkpt><trkpt lat="33.725309" lon="73.138419"><ele>656.070</ele><time>2025-08-10T10:06:46.012Z</time></trkpt><trkpt lat="33.725207" lon="73.138307"><ele>655.498</ele><time>2025-08-10T10:06:47.012Z</time></trkpt><trkpt lat="33.725113" lon="73.138207"><ele>655.115</ele><time>2025-08-10T10:06:48.012Z</time></trkpt><trkpt lat="33.725020" lon="73.138108"><ele>654.426</ele><time>2025-08-10T10:06:49.012Z</time></trkpt><trkpt lat="33.724927" lon="73.138009"><ele>653.809</ele><time>2025-08-10T10:06:50.012Z</time></trkpt><trkpt lat="33.724831" lon="73.137908"><ele>653.231</ele><time>2025-08-10T10:06:51.012Z</time></trkpt><trkpt lat="33.724733" lon="73.137811"><ele>652.851</ele><time>2025-08-10T10:06:52.012Z</time></trkpt><trkpt lat="33.724640" lon="73.137720"><ele>652.575</ele><time>2025-08-10T10:06:53.012Z</time></trkpt><trkpt lat="33.724552" lon="73.137632"><ele>652.329</ele><time>2025-08-10T10:06:54.012Z</time></trkpt><trkpt lat="33.724464" lon="73.137542"><ele>652.193</ele><time>2025-08-10T10:06:55.012Z</time></trkpt><trkpt lat="33.724376" lon="73.137450"><ele>652.059</ele><time>2025-08-10T10:06:56.012Z</time></trkpt><trkpt lat="33.724264" lon="73.137337"><ele>651.962</ele><time>2025-08-10T10:06:57.012Z</time></trkpt><trkpt lat="33.724182" lon="73.137243"><ele>651.811</ele><time>2025-08-10T10:06:58.012Z</time></trkpt><trkpt lat="33.724108" lon="73.137155"><ele>651.752</ele><time>2025-08-10T10:06:59.012Z</time></trkpt><trkpt lat="33.724030" lon="73.137067"><ele>651.657</ele><time>2025-08-10T10:07:00.012Z</time></trkpt><trkpt lat="33.723951" lon="73.136976"><ele>651.400</ele><time>2025-08-10T10:07:01.012Z</time></trkpt><trkpt lat="33.723871" lon="73.136881"><ele>651.320</ele><time>2025-08-10T10:07:02.012Z</time></trkpt><trkpt lat="33.723787" lon="73.136782"><ele>651.209</ele><time>2025-08-10T10:07:03.012Z</time></trkpt><trkpt lat="33.723708" lon="73.136686"><ele>651.267</ele><time>2025-08-10T10:07:04.012Z</time></trkpt><trkpt lat="33.723637" lon="73.136594"><ele>651.147</ele><time>2025-08-10T10:07:05.012Z</time></trkpt><trkpt lat="33.723565" lon="73.136496"><ele>651.081</ele><time>2025-08-10T10:07:06.012Z</time></trkpt><trkpt lat="33.723489" lon="73.136392"><ele>650.995</ele><time>2025-08-10T10:07:07.012Z</time></trkpt><trkpt lat="33.723411" lon="73.136287"><ele>650.899</ele><time>2025-08-10T10:07:08.012Z</time></trkpt><trkpt lat="33.723328" lon="73.136184"><ele>650.685</ele><time>2025-08-10T10:07:09.013Z</time></trkpt><trkpt lat="33.723243" lon="73.136086"><ele>650.588</ele><time>2025-08-10T10:07:10.013Z</time></trkpt><trkpt lat="33.723156" lon="73.135989"><ele>650.557</ele><time>2025-08-10T10:07:11.013Z</time></trkpt><trkpt lat="33.723068" lon="73.135891"><ele>650.518</ele><time>2025-08-10T10:07:12.012Z</time></trkpt><trkpt lat="33.722982" lon="73.135790"><ele>650.563</ele><time>2025-08-10T10:07:13.012Z</time></trkpt><trkpt lat="33.722895" lon="73.135684"><ele>650.544</ele><time>2025-08-10T10:07:14.012Z</time></trkpt><trkpt lat="33.722809" lon="73.135575"><ele>650.518</ele><time>2025-08-10T10:07:15.012Z</time></trkpt><trkpt lat="33.722719" lon="73.135467"><ele>650.409</ele><time>2025-08-10T10:07:16.012Z</time></trkpt><trkpt lat="33.722622" lon="73.135364"><ele>650.448</ele><time>2025-08-10T10:07:17.012Z</time></trkpt><trkpt lat="33.722518" lon="73.135266"><ele>650.428</ele><time>2025-08-10T10:07:18.012Z</time></trkpt><trkpt lat="33.722409" lon="73.135172"><ele>650.422</ele><time>2025-08-10T10:07:19.012Z</time></trkpt><trkpt lat="33.722296" lon="73.135080"><ele>650.486</ele><time>2025-08-10T10:07:20.012Z</time></trkpt><trkpt lat="33.722181" lon="73.134989"><ele>650.520</ele><time>2025-08-10T10:07:21.012Z</time></trkpt><trkpt lat="33.722068" lon="73.134895"><ele>650.536</ele><time>2025-08-10T10:07:22.012Z</time></trkpt><trkpt lat="33.721950" lon="73.134794"><ele>650.549</ele><time>2025-08-10T10:07:23.012Z</time></trkpt><trkpt lat="33.721840" lon="73.134681"><ele>650.628</ele><time>2025-08-10T10:07:24.012Z</time></trkpt><trkpt lat="33.721727" lon="73.134567"><ele>650.779</ele><time>2025-08-10T10:07:25.012Z</time></trkpt><trkpt lat="33.721634" lon="73.134445"><ele>650.823</ele><time>2025-08-10T10:07:26.012Z</time></trkpt><trkpt lat="33.721547" lon="73.134321"><ele>651.083</ele><time>2025-08-10T10:07:27.012Z</time></trkpt><trkpt lat="33.721456" lon="73.134189"><ele>651.211</ele><time>2025-08-10T10:07:28.012Z</time></trkpt><trkpt lat="33.721377" lon="73.134058"><ele>651.409</ele><time>2025-08-10T10:07:29.012Z</time></trkpt><trkpt lat="33.721309" lon="73.133927"><ele>651.484</ele><time>2025-08-10T10:07:30.012Z</time></trkpt><trkpt lat="33.721251" lon="73.133799"><ele>651.474</ele><time>2025-08-10T10:07:31.012Z</time></trkpt><trkpt lat="33.721197" lon="73.133663"><ele>651.458</ele><time>2025-08-10T10:07:32.012Z</time></trkpt><trkpt lat="33.721144" lon="73.133527"><ele>651.272</ele><time>2025-08-10T10:07:33.012Z</time></trkpt><trkpt lat="33.721097" lon="73.133394"><ele>650.956</ele><time>2025-08-10T10:07:34.012Z</time></trkpt><trkpt lat="33.721051" lon="73.133252"><ele>650.792</ele><time>2025-08-10T10:07:35.012Z</time></trkpt><trkpt lat="33.721035" lon="73.133116"><ele>650.425</ele><time>2025-08-10T10:07:36.012Z</time></trkpt><trkpt lat="33.721020" lon="73.132987"><ele>650.124</ele><time>2025-08-10T10:07:37.012Z</time></trkpt><trkpt lat="33.720998" lon="73.132848"><ele>649.855</ele><time>2025-08-10T10:07:38.012Z</time></trkpt><trkpt lat="33.720989" lon="73.132717"><ele>649.536</ele><time>2025-08-10T10:07:39.012Z</time></trkpt><trkpt lat="33.720971" lon="73.132587"><ele>649.217</ele><time>2025-08-10T10:07:40.012Z</time></trkpt><trkpt lat="33.720969" lon="73.132458"><ele>648.818</ele><time>2025-08-10T10:07:41.012Z</time></trkpt><trkpt lat="33.720966" lon="73.132321"><ele>648.409</ele><time>2025-08-10T10:07:42.012Z</time></trkpt><trkpt lat="33.720958" lon="73.132185"><ele>648.175</ele><time>2025-08-10T10:07:43.012Z</time></trkpt><trkpt lat="33.720953" lon="73.132046"><ele>647.875</ele><time>2025-08-10T10:07:44.012Z</time></trkpt><trkpt lat="33.720938" lon="73.131902"><ele>647.689</ele><time>2025-08-10T10:07:45.012Z</time></trkpt><trkpt lat="33.720932" lon="73.131761"><ele>647.513</ele><time>2025-08-10T10:07:46.012Z</time></trkpt><trkpt lat="33.720920" lon="73.131620"><ele>647.477</ele><time>2025-08-10T10:07:47.012Z</time></trkpt><trkpt lat="33.720908" lon="73.131504"><ele>647.463</ele><time>2025-08-10T10:07:48.012Z</time></trkpt><trkpt lat="33.720905" lon="73.131433"><ele>647.456</ele><time>2025-08-10T10:07:49.012Z</time></trkpt><trkpt lat="33.720906" lon="73.131349"><ele>647.495</ele><time>2025-08-10T10:07:51.012Z</time></trkpt><trkpt lat="33.720905" lon="73.131281"><ele>647.436</ele><time>2025-08-10T10:07:53.012Z</time></trkpt><trkpt lat="33.720898" lon="73.131203"><ele>647.435</ele><time>2025-08-10T10:07:55.012Z</time></trkpt><trkpt lat="33.720882" lon="73.131106"><ele>647.586</ele><time>2025-08-10T10:07:57.012Z</time></trkpt><trkpt lat="33.720870" lon="73.131044"><ele>647.614</ele><time>2025-08-10T10:07:58.012Z</time></trkpt><trkpt lat="33.720857" lon="73.130971"><ele>647.809</ele><time>2025-08-10T10:07:59.012Z</time></trkpt><trkpt lat="33.720843" lon="73.130903"><ele>647.975</ele><time>2025-08-10T10:08:00.012Z</time></trkpt><trkpt lat="33.720830" lon="73.130842"><ele>647.985</ele><time>2025-08-10T10:08:01.012Z</time></trkpt><trkpt lat="33.720813" lon="73.130768"><ele>647.929</ele><time>2025-08-10T10:08:03.012Z</time></trkpt><trkpt lat="33.720796" lon="73.130701"><ele>647.943</ele><time>2025-08-10T10:08:05.012Z</time></trkpt><trkpt lat="33.720774" lon="73.130601"><ele>647.847</ele><time>2025-08-10T10:08:07.012Z</time></trkpt><trkpt lat="33.720760" lon="73.130536"><ele>647.773</ele><time>2025-08-10T10:08:08.012Z</time></trkpt><trkpt lat="33.720747" lon="73.130471"><ele>647.666</ele><time>2025-08-10T10:08:09.012Z</time></trkpt><trkpt lat="33.720734" lon="73.130414"><ele>647.655</ele><time>2025-08-10T10:08:10.012Z</time></trkpt><trkpt lat="33.720715" lon="73.130320"><ele>647.646</ele><time>2025-08-10T10:08:12.012Z</time></trkpt><trkpt lat="33.720693" lon="73.130231"><ele>647.581</ele><time>2025-08-10T10:08:14.012Z</time></trkpt><trkpt lat="33.720677" lon="73.130136"><ele>647.261</ele><time>2025-08-10T10:08:16.012Z</time></trkpt><trkpt lat="33.720666" lon="73.130074"><ele>647.017</ele><time>2025-08-10T10:08:17.012Z</time></trkpt><trkpt lat="33.720652" lon="73.130013"><ele>646.909</ele><time>2025-08-10T10:08:18.012Z</time></trkpt><trkpt lat="33.720634" lon="73.129944"><ele>646.830</ele><time>2025-08-10T10:08:19.012Z</time></trkpt><trkpt lat="33.720617" lon="73.129867"><ele>646.780</ele><time>2025-08-10T10:08:20.012Z</time></trkpt><trkpt lat="33.720601" lon="73.129782"><ele>646.534</ele><time>2025-08-10T10:08:21.012Z</time></trkpt><trkpt lat="33.720585" lon="73.129700"><ele>646.498</ele><time>2025-08-10T10:08:22.012Z</time></trkpt><trkpt lat="33.720571" lon="73.129625"><ele>646.162</ele><time>2025-08-10T10:08:23.012Z</time></trkpt><trkpt lat="33.720561" lon="73.129557"><ele>646.098</ele><time>2025-08-10T10:08:24.012Z</time></trkpt><trkpt lat="33.720543" lon="73.129476"><ele>645.861</ele><time>2025-08-10T10:08:25.012Z</time></trkpt><trkpt lat="33.720524" lon="73.129395"><ele>645.510</ele><time>2025-08-10T10:08:26.012Z</time></trkpt><trkpt lat="33.720506" lon="73.129310"><ele>645.181</ele><time>2025-08-10T10:08:27.012Z</time></trkpt><trkpt lat="33.720490" lon="73.129228"><ele>644.963</ele><time>2025-08-10T10:08:28.012Z</time></trkpt><trkpt lat="33.720475" lon="73.129138"><ele>644.744</ele><time>2025-08-10T10:08:29.012Z</time></trkpt><trkpt lat="33.720456" lon="73.129035"><ele>644.618</ele><time>2025-08-10T10:08:30.012Z</time></trkpt><trkpt lat="33.720434" lon="73.128928"><ele>644.509</ele><time>2025-08-10T10:08:31.012Z</time></trkpt><trkpt lat="33.720409" lon="73.128813"><ele>644.558</ele><time>2025-08-10T10:08:32.012Z</time></trkpt><trkpt lat="33.720386" lon="73.128690"><ele>644.628</ele><time>2025-08-10T10:08:33.012Z</time></trkpt><trkpt lat="33.720362" lon="73.128572"><ele>644.722</ele><time>2025-08-10T10:08:34.012Z</time></trkpt><trkpt lat="33.720341" lon="73.128454"><ele>644.936</ele><time>2025-08-10T10:08:35.012Z</time></trkpt><trkpt lat="33.720321" lon="73.128344"><ele>645.150</ele><time>2025-08-10T10:08:36.012Z</time></trkpt><trkpt lat="33.720294" lon="73.128226"><ele>645.366</ele><time>2025-08-10T10:08:37.012Z</time></trkpt><trkpt lat="33.720257" lon="73.128102"><ele>645.559</ele><time>2025-08-10T10:08:38.012Z</time></trkpt><trkpt lat="33.720216" lon="73.127988"><ele>645.878</ele><time>2025-08-10T10:08:39.012Z</time></trkpt><trkpt lat="33.720177" lon="73.127873"><ele>646.189</ele><time>2025-08-10T10:08:40.012Z</time></trkpt><trkpt lat="33.720135" lon="73.127763"><ele>646.368</ele><time>2025-08-10T10:08:41.012Z</time></trkpt><trkpt lat="33.720089" lon="73.127652"><ele>646.542</ele><time>2025-08-10T10:08:42.012Z</time></trkpt><trkpt lat="33.720035" lon="73.127544"><ele>646.726</ele><time>2025-08-10T10:08:43.012Z</time></trkpt><trkpt lat="33.719971" lon="73.127428"><ele>646.909</ele><time>2025-08-10T10:08:44.012Z</time></trkpt><trkpt lat="33.719901" lon="73.127303"><ele>647.118</ele><time>2025-08-10T10:08:45.012Z</time></trkpt><trkpt lat="33.719831" lon="73.127184"><ele>647.278</ele><time>2025-08-10T10:08:46.012Z</time></trkpt><trkpt lat="33.719758" lon="73.127056"><ele>647.362</ele><time>2025-08-10T10:08:47.012Z</time></trkpt><trkpt lat="33.719688" lon="73.126914"><ele>647.496</ele><time>2025-08-10T10:08:48.012Z</time></trkpt><trkpt lat="33.719619" lon="73.126769"><ele>647.550</ele><time>2025-08-10T10:08:49.012Z</time></trkpt><trkpt lat="33.719548" lon="73.126621"><ele>647.596</ele><time>2025-08-10T10:08:50.012Z</time></trkpt><trkpt lat="33.719477" lon="73.126466"><ele>647.569</ele><time>2025-08-10T10:08:51.012Z</time></trkpt><trkpt lat="33.719406" lon="73.126318"><ele>647.448</ele><time>2025-08-10T10:08:52.012Z</time></trkpt><trkpt lat="33.719333" lon="73.126167"><ele>647.399</ele><time>2025-08-10T10:08:53.012Z</time></trkpt><trkpt lat="33.719255" lon="73.126018"><ele>647.212</ele><time>2025-08-10T10:08:54.012Z</time></trkpt><trkpt lat="33.719173" lon="73.125867"><ele>647.132</ele><time>2025-08-10T10:08:55.012Z</time></trkpt><trkpt lat="33.719092" lon="73.125717"><ele>647.005</ele><time>2025-08-10T10:08:56.012Z</time></trkpt><trkpt lat="33.719007" lon="73.125566"><ele>646.909</ele><time>2025-08-10T10:08:57.012Z</time></trkpt><trkpt lat="33.718922" lon="73.125409"><ele>646.853</ele><time>2025-08-10T10:08:58.012Z</time></trkpt><trkpt lat="33.718845" lon="73.125254"><ele>646.893</ele><time>2025-08-10T10:08:59.012Z</time></trkpt><trkpt lat="33.718778" lon="73.125097"><ele>646.757</ele><time>2025-08-10T10:09:00.012Z</time></trkpt><trkpt lat="33.718721" lon="73.124935"><ele>646.661</ele><time>2025-08-10T10:09:01.012Z</time></trkpt><trkpt lat="33.718672" lon="73.124774"><ele>646.565</ele><time>2025-08-10T10:09:02.012Z</time></trkpt><trkpt lat="33.718629" lon="73.124603"><ele>646.411</ele><time>2025-08-10T10:09:03.012Z</time></trkpt><trkpt lat="33.718610" lon="73.124438"><ele>646.244</ele><time>2025-08-10T10:09:04.012Z</time></trkpt><trkpt lat="33.718605" lon="73.124271"><ele>646.063</ele><time>2025-08-10T10:09:05.012Z</time></trkpt><trkpt lat="33.718602" lon="73.124102"><ele>645.874</ele><time>2025-08-10T10:09:06.012Z</time></trkpt><trkpt lat="33.718604" lon="73.123928"><ele>645.564</ele><time>2025-08-10T10:09:07.012Z</time></trkpt><trkpt lat="33.718611" lon="73.123757"><ele>645.206</ele><time>2025-08-10T10:09:08.012Z</time></trkpt><trkpt lat="33.718624" lon="73.123580"><ele>644.916</ele><time>2025-08-10T10:09:09.012Z</time></trkpt><trkpt lat="33.718639" lon="73.123405"><ele>644.609</ele><time>2025-08-10T10:09:10.012Z</time></trkpt><trkpt lat="33.718649" lon="73.123226"><ele>644.248</ele><time>2025-08-10T10:09:11.012Z</time></trkpt><trkpt lat="33.718658" lon="73.123044"><ele>643.818</ele><time>2025-08-10T10:09:12.012Z</time></trkpt><trkpt lat="33.718663" lon="73.122860"><ele>643.452</ele><time>2025-08-10T10:09:13.012Z</time></trkpt><trkpt lat="33.718672" lon="73.122684"><ele>642.966</ele><time>2025-08-10T10:09:14.012Z</time></trkpt><trkpt lat="33.718681" lon="73.122508"><ele>642.330</ele><time>2025-08-10T10:09:15.012Z</time></trkpt><trkpt lat="33.718695" lon="73.122339"><ele>641.716</ele><time>2025-08-10T10:09:16.012Z</time></trkpt><trkpt lat="33.718708" lon="73.122180"><ele>641.299</ele><time>2025-08-10T10:09:17.012Z</time></trkpt><trkpt lat="33.718726" lon="73.122022"><ele>641.098</ele><time>2025-08-10T10:09:18.012Z</time></trkpt><trkpt lat="33.718737" lon="73.121873"><ele>640.749</ele><time>2025-08-10T10:09:19.012Z</time></trkpt><trkpt lat="33.718737" lon="73.121735"><ele>640.633</ele><time>2025-08-10T10:09:20.012Z</time></trkpt><trkpt lat="33.718750" lon="73.121609"><ele>640.623</ele><time>2025-08-10T10:09:21.012Z</time></trkpt><trkpt lat="33.718756" lon="73.121491"><ele>640.615</ele><time>2025-08-10T10:09:22.012Z</time></trkpt><trkpt lat="33.718761" lon="73.121384"><ele>640.709</ele><time>2025-08-10T10:09:23.012Z</time></trkpt><trkpt lat="33.718765" lon="73.121289"><ele>640.845</ele><time>2025-08-10T10:09:24.012Z</time></trkpt><trkpt lat="33.718765" lon="73.121191"><ele>641.035</ele><time>2025-08-10T10:09:25.012Z</time></trkpt><trkpt lat="33.718766" lon="73.121286"><ele>641.339</ele><time>2025-08-10T10:09:26.012Z</time></trkpt><trkpt lat="33.718770" lon="73.121138"><ele>642.163</ele><time>2025-08-10T10:09:27.012Z</time></trkpt><trkpt lat="33.718780" lon="73.121019"><ele>642.737</ele><time>2025-08-10T10:09:28.012Z</time></trkpt><trkpt lat="33.718787" lon="73.120901"><ele>643.343</ele><time>2025-08-10T10:09:29.012Z</time></trkpt><trkpt lat="33.718792" lon="73.120780"><ele>643.916</ele><time>2025-08-10T10:09:30.012Z</time></trkpt><trkpt lat="33.718795" lon="73.120667"><ele>644.515</ele><time>2025-08-10T10:09:31.012Z</time></trkpt><trkpt lat="33.718800" lon="73.120554"><ele>645.186</ele><time>2025-08-10T10:09:32.012Z</time></trkpt><trkpt lat="33.718801" lon="73.120433"><ele>645.641</ele><time>2025-08-10T10:09:33.012Z</time></trkpt><trkpt lat="33.718809" lon="73.120310"><ele>646.181</ele><time>2025-08-10T10:09:34.012Z</time></trkpt><trkpt lat="33.718826" lon="73.120176"><ele>646.609</ele><time>2025-08-10T10:09:35.012Z</time></trkpt><trkpt lat="33.718844" lon="73.120043"><ele>647.009</ele><time>2025-08-10T10:09:36.012Z</time></trkpt><trkpt lat="33.718885" lon="73.119897"><ele>647.316</ele><time>2025-08-10T10:09:37.012Z</time></trkpt><trkpt lat="33.718924" lon="73.119738"><ele>647.566</ele><time>2025-08-10T10:09:38.012Z</time></trkpt><trkpt lat="33.718977" lon="73.119593"><ele>647.790</ele><time>2025-08-10T10:09:39.012Z</time></trkpt><trkpt lat="33.719030" lon="73.119443"><ele>647.864</ele><time>2025-08-10T10:09:40.012Z</time></trkpt><trkpt lat="33.719083" lon="73.119291"><ele>648.198</ele><time>2025-08-10T10:09:41.012Z</time></trkpt><trkpt lat="33.719145" lon="73.119144"><ele>648.494</ele><time>2025-08-10T10:09:42.012Z</time></trkpt><trkpt lat="33.719216" lon="73.118999"><ele>648.817</ele><time>2025-08-10T10:09:43.012Z</time></trkpt><trkpt lat="33.719294" lon="73.118857"><ele>649.316</ele><time>2025-08-10T10:09:44.012Z</time></trkpt><trkpt lat="33.719372" lon="73.118720"><ele>649.927</ele><time>2025-08-10T10:09:45.012Z</time></trkpt><trkpt lat="33.719458" lon="73.118578"><ele>650.721</ele><time>2025-08-10T10:09:46.012Z</time></trkpt><trkpt lat="33.719547" lon="73.118438"><ele>651.541</ele><time>2025-08-10T10:09:47.012Z</time></trkpt><trkpt lat="33.719633" lon="73.118291"><ele>652.405</ele><time>2025-08-10T10:09:48.012Z</time></trkpt><trkpt lat="33.719720" lon="73.118151"><ele>653.309</ele><time>2025-08-10T10:09:49.012Z</time></trkpt><trkpt lat="33.719805" lon="73.118005"><ele>654.264</ele><time>2025-08-10T10:09:50.012Z</time></trkpt><trkpt lat="33.719887" lon="73.117856"><ele>655.024</ele><time>2025-08-10T10:09:51.012Z</time></trkpt><trkpt lat="33.719969" lon="73.117706"><ele>655.788</ele><time>2025-08-10T10:09:52.012Z</time></trkpt><trkpt lat="33.720047" lon="73.117552"><ele>656.312</ele><time>2025-08-10T10:09:53.012Z</time></trkpt><trkpt lat="33.720111" lon="73.117395"><ele>656.846</ele><time>2025-08-10T10:09:54.012Z</time></trkpt><trkpt lat="33.720165" lon="73.117231"><ele>657.362</ele><time>2025-08-10T10:09:55.012Z</time></trkpt><trkpt lat="33.720206" lon="73.117062"><ele>657.775</ele><time>2025-08-10T10:09:56.012Z</time></trkpt><trkpt lat="33.720223" lon="73.116890"><ele>658.124</ele><time>2025-08-10T10:09:57.012Z</time></trkpt><trkpt lat="33.720233" lon="73.116713"><ele>658.385</ele><time>2025-08-10T10:09:58.012Z</time></trkpt><trkpt lat="33.720236" lon="73.116542"><ele>658.341</ele><time>2025-08-10T10:09:59.012Z</time></trkpt><trkpt lat="33.720232" lon="73.116369"><ele>658.381</ele><time>2025-08-10T10:10:00.012Z</time></trkpt><trkpt lat="33.720220" lon="73.116190"><ele>658.209</ele><time>2025-08-10T10:10:01.012Z</time></trkpt><trkpt lat="33.720198" lon="73.116013"><ele>658.009</ele><time>2025-08-10T10:10:02.012Z</time></trkpt><trkpt lat="33.720162" lon="73.115835"><ele>657.756</ele><time>2025-08-10T10:10:03.012Z</time></trkpt><trkpt lat="33.720115" lon="73.115663"><ele>657.486</ele><time>2025-08-10T10:10:04.012Z</time></trkpt><trkpt lat="33.720051" lon="73.115496"><ele>657.030</ele><time>2025-08-10T10:10:05.012Z</time></trkpt><trkpt lat="33.719979" lon="73.115331"><ele>656.684</ele><time>2025-08-10T10:10:06.012Z</time></trkpt><trkpt lat="33.719899" lon="73.115170"><ele>656.298</ele><time>2025-08-10T10:10:07.012Z</time></trkpt><trkpt lat="33.719820" lon="73.115010"><ele>655.854</ele><time>2025-08-10T10:10:08.012Z</time></trkpt><trkpt lat="33.719742" lon="73.114856"><ele>655.477</ele><time>2025-08-10T10:10:09.012Z</time></trkpt><trkpt lat="33.719664" lon="73.114707"><ele>655.196</ele><time>2025-08-10T10:10:10.012Z</time></trkpt><trkpt lat="33.719585" lon="73.114558"><ele>654.967</ele><time>2025-08-10T10:10:11.012Z</time></trkpt><trkpt lat="33.719503" lon="73.114406"><ele>654.842</ele><time>2025-08-10T10:10:12.012Z</time></trkpt><trkpt lat="33.719421" lon="73.114246"><ele>654.822</ele><time>2025-08-10T10:10:13.012Z</time></trkpt><trkpt lat="33.719340" lon="73.114079"><ele>654.914</ele><time>2025-08-10T10:10:14.012Z</time></trkpt><trkpt lat="33.719254" lon="73.113914"><ele>655.109</ele><time>2025-08-10T10:10:15.012Z</time></trkpt><trkpt lat="33.719166" lon="73.113747"><ele>655.436</ele><time>2025-08-10T10:10:16.012Z</time></trkpt><trkpt lat="33.719080" lon="73.113586"><ele>655.816</ele><time>2025-08-10T10:10:17.012Z</time></trkpt><trkpt lat="33.718992" lon="73.113431"><ele>656.250</ele><time>2025-08-10T10:10:18.012Z</time></trkpt><trkpt lat="33.718900" lon="73.113277"><ele>656.534</ele><time>2025-08-10T10:10:19.012Z</time></trkpt><trkpt lat="33.718803" lon="73.113122"><ele>656.648</ele><time>2025-08-10T10:10:20.012Z</time></trkpt><trkpt lat="33.718702" lon="73.112970"><ele>656.674</ele><time>2025-08-10T10:10:21.012Z</time></trkpt><trkpt lat="33.718604" lon="73.112815"><ele>656.627</ele><time>2025-08-10T10:10:22.012Z</time></trkpt><trkpt lat="33.718514" lon="73.112657"><ele>656.696</ele><time>2025-08-10T10:10:23.012Z</time></trkpt><trkpt lat="33.718433" lon="73.112493"><ele>656.617</ele><time>2025-08-10T10:10:24.012Z</time></trkpt><trkpt lat="33.718361" lon="73.112320"><ele>656.792</ele><time>2025-08-10T10:10:25.012Z</time></trkpt><trkpt lat="33.718293" lon="73.112143"><ele>656.973</ele><time>2025-08-10T10:10:26.012Z</time></trkpt><trkpt lat="33.718226" lon="73.111960"><ele>657.020</ele><time>2025-08-10T10:10:27.012Z</time></trkpt><trkpt lat="33.718156" lon="73.111778"><ele>657.109</ele><time>2025-08-10T10:10:28.012Z</time></trkpt><trkpt lat="33.718077" lon="73.111599"><ele>657.241</ele><time>2025-08-10T10:10:29.012Z</time></trkpt><trkpt lat="33.717987" lon="73.111424"><ele>657.341</ele><time>2025-08-10T10:10:30.012Z</time></trkpt><trkpt lat="33.717895" lon="73.111247"><ele>657.495</ele><time>2025-08-10T10:10:31.012Z</time></trkpt><trkpt lat="33.717801" lon="73.111069"><ele>657.589</ele><time>2025-08-10T10:10:32.012Z</time></trkpt><trkpt lat="33.717708" lon="73.110889"><ele>657.633</ele><time>2025-08-10T10:10:33.012Z</time></trkpt><trkpt lat="33.717612" lon="73.110704"><ele>657.689</ele><time>2025-08-10T10:10:34.012Z</time></trkpt><trkpt lat="33.717518" lon="73.110515"><ele>657.652</ele><time>2025-08-10T10:10:35.012Z</time></trkpt><trkpt lat="33.717420" lon="73.110325"><ele>657.651</ele><time>2025-08-10T10:10:36.012Z</time></trkpt><trkpt lat="33.717320" lon="73.110130"><ele>657.532</ele><time>2025-08-10T10:10:37.012Z</time></trkpt><trkpt lat="33.717215" lon="73.109932"><ele>657.515</ele><time>2025-08-10T10:10:38.012Z</time></trkpt><trkpt lat="33.717111" lon="73.109735"><ele>657.565</ele><time>2025-08-10T10:10:39.012Z</time></trkpt><trkpt lat="33.717010" lon="73.109539"><ele>657.511</ele><time>2025-08-10T10:10:40.012Z</time></trkpt><trkpt lat="33.716905" lon="73.109338"><ele>657.509</ele><time>2025-08-10T10:10:41.012Z</time></trkpt><trkpt lat="33.716798" lon="73.109131"><ele>657.543</ele><time>2025-08-10T10:10:42.012Z</time></trkpt><trkpt lat="33.716684" lon="73.108921"><ele>657.413</ele><time>2025-08-10T10:10:43.012Z</time></trkpt><trkpt lat="33.716567" lon="73.108708"><ele>657.197</ele><time>2025-08-10T10:10:44.012Z</time></trkpt><trkpt lat="33.716448" lon="73.108487"><ele>656.741</ele><time>2025-08-10T10:10:45.012Z</time></trkpt><trkpt lat="33.716328" lon="73.108265"><ele>656.245</ele><time>2025-08-10T10:10:46.012Z</time></trkpt><trkpt lat="33.716205" lon="73.108046"><ele>655.651</ele><time>2025-08-10T10:10:47.012Z</time></trkpt><trkpt lat="33.716086" lon="73.107827"><ele>654.924</ele><time>2025-08-10T10:10:48.012Z</time></trkpt><trkpt lat="33.715969" lon="73.107611"><ele>654.283</ele><time>2025-08-10T10:10:49.012Z</time></trkpt><trkpt lat="33.715857" lon="73.107397"><ele>653.414</ele><time>2025-08-10T10:10:50.012Z</time></trkpt><trkpt lat="33.715744" lon="73.107182"><ele>652.556</ele><time>2025-08-10T10:10:51.012Z</time></trkpt><trkpt lat="33.715632" lon="73.106961"><ele>651.659</ele><time>2025-08-10T10:10:52.012Z</time></trkpt><trkpt lat="33.715517" lon="73.106740"><ele>650.814</ele><time>2025-08-10T10:10:53.012Z</time></trkpt><trkpt lat="33.715399" lon="73.106520"><ele>650.109</ele><time>2025-08-10T10:10:54.012Z</time></trkpt><trkpt lat="33.715287" lon="73.106302"><ele>649.587</ele><time>2025-08-10T10:10:55.012Z</time></trkpt><trkpt lat="33.715171" lon="73.106086"><ele>649.097</ele><time>2025-08-10T10:10:56.012Z</time></trkpt><trkpt lat="33.715056" lon="73.105870"><ele>648.611</ele><time>2025-08-10T10:10:57.012Z</time></trkpt><trkpt lat="33.714944" lon="73.105661"><ele>648.475</ele><time>2025-08-10T10:10:58.012Z</time></trkpt><trkpt lat="33.714838" lon="73.105458"><ele>648.379</ele><time>2025-08-10T10:10:59.012Z</time></trkpt><trkpt lat="33.714733" lon="73.105260"><ele>648.215</ele><time>2025-08-10T10:11:00.012Z</time></trkpt><trkpt lat="33.714633" lon="73.105066"><ele>648.258</ele><time>2025-08-10T10:11:01.012Z</time></trkpt><trkpt lat="33.714532" lon="73.104877"><ele>648.227</ele><time>2025-08-10T10:11:02.012Z</time></trkpt><trkpt lat="33.714431" lon="73.104691"><ele>648.128</ele><time>2025-08-10T10:11:03.012Z</time></trkpt><trkpt lat="33.714332" lon="73.104501"><ele>648.092</ele><time>2025-08-10T10:11:04.012Z</time></trkpt><trkpt lat="33.714230" lon="73.104307"><ele>647.873</ele><time>2025-08-10T10:11:05.012Z</time></trkpt><trkpt lat="33.714133" lon="73.104112"><ele>647.620</ele><time>2025-08-10T10:11:06.012Z</time></trkpt><trkpt lat="33.714031" lon="73.103915"><ele>647.309</ele><time>2025-08-10T10:11:07.012Z</time></trkpt><trkpt lat="33.713927" lon="73.103715"><ele>646.941</ele><time>2025-08-10T10:11:08.012Z</time></trkpt><trkpt lat="33.713824" lon="73.103514"><ele>646.431</ele><time>2025-08-10T10:11:09.012Z</time></trkpt><trkpt lat="33.713721" lon="73.103316"><ele>645.945</ele><time>2025-08-10T10:11:10.012Z</time></trkpt><trkpt lat="33.713619" lon="73.103118"><ele>645.319</ele><time>2025-08-10T10:11:11.012Z</time></trkpt><trkpt lat="33.713518" lon="73.102918"><ele>644.733</ele><time>2025-08-10T10:11:12.012Z</time></trkpt><trkpt lat="33.713420" lon="73.102723"><ele>644.249</ele><time>2025-08-10T10:11:13.012Z</time></trkpt><trkpt lat="33.713324" lon="73.102532"><ele>643.872</ele><time>2025-08-10T10:11:14.012Z</time></trkpt><trkpt lat="33.713232" lon="73.102341"><ele>643.531</ele><time>2025-08-10T10:11:15.012Z</time></trkpt><trkpt lat="33.713144" lon="73.102147"><ele>643.452</ele><time>2025-08-10T10:11:16.011Z</time></trkpt><trkpt lat="33.713056" lon="73.101951"><ele>643.499</ele><time>2025-08-10T10:11:17.011Z</time></trkpt><trkpt lat="33.712962" lon="73.101752"><ele>643.607</ele><time>2025-08-10T10:11:18.011Z</time></trkpt><trkpt lat="33.712866" lon="73.101552"><ele>643.927</ele><time>2025-08-10T10:11:19.012Z</time></trkpt><trkpt lat="33.712762" lon="73.101354"><ele>644.409</ele><time>2025-08-10T10:11:20.012Z</time></trkpt><trkpt lat="33.712655" lon="73.101155"><ele>645.011</ele><time>2025-08-10T10:11:21.012Z</time></trkpt><trkpt lat="33.712547" lon="73.100954"><ele>645.681</ele><time>2025-08-10T10:11:22.011Z</time></trkpt><trkpt lat="33.712437" lon="73.100752"><ele>646.175</ele><time>2025-08-10T10:11:23.011Z</time></trkpt><trkpt lat="33.712324" lon="73.100548"><ele>646.479</ele><time>2025-08-10T10:11:24.011Z</time></trkpt><trkpt lat="33.712214" lon="73.100347"><ele>646.583</ele><time>2025-08-10T10:11:25.011Z</time></trkpt><trkpt lat="33.712105" lon="73.100144"><ele>646.599</ele><time>2025-08-10T10:11:26.011Z</time></trkpt><trkpt lat="33.711995" lon="73.099937"><ele>646.442</ele><time>2025-08-10T10:11:27.011Z</time></trkpt><trkpt lat="33.711885" lon="73.099727"><ele>646.271</ele><time>2025-08-10T10:11:28.011Z</time></trkpt><trkpt lat="33.711774" lon="73.099513"><ele>646.052</ele><time>2025-08-10T10:11:29.011Z</time></trkpt><trkpt lat="33.711663" lon="73.099298"><ele>645.835</ele><time>2025-08-10T10:11:30.011Z</time></trkpt><trkpt lat="33.711556" lon="73.099090"><ele>645.686</ele><time>2025-08-10T10:11:31.011Z</time></trkpt><trkpt lat="33.711452" lon="73.098891"><ele>645.414</ele><time>2025-08-10T10:11:32.011Z</time></trkpt><trkpt lat="33.711351" lon="73.098698"><ele>645.109</ele><time>2025-08-10T10:11:33.011Z</time></trkpt><trkpt lat="33.711251" lon="73.098510"><ele>644.755</ele><time>2025-08-10T10:11:34.011Z</time></trkpt><trkpt lat="33.711154" lon="73.098325"><ele>644.385</ele><time>2025-08-10T10:11:35.011Z</time></trkpt><trkpt lat="33.711056" lon="73.098141"><ele>643.999</ele><time>2025-08-10T10:11:36.011Z</time></trkpt><trkpt lat="33.710958" lon="73.097954"><ele>643.683</ele><time>2025-08-10T10:11:37.011Z</time></trkpt><trkpt lat="33.710857" lon="73.097766"><ele>643.387</ele><time>2025-08-10T10:11:38.011Z</time></trkpt><trkpt lat="33.710759" lon="73.097575"><ele>643.133</ele><time>2025-08-10T10:11:39.011Z</time></trkpt><trkpt lat="33.710661" lon="73.097387"><ele>643.096</ele><time>2025-08-10T10:11:40.011Z</time></trkpt><trkpt lat="33.710562" lon="73.097198"><ele>642.825</ele><time>2025-08-10T10:11:41.011Z</time></trkpt><trkpt lat="33.710461" lon="73.097012"><ele>642.646</ele><time>2025-08-10T10:11:42.011Z</time></trkpt><trkpt lat="33.710363" lon="73.096827"><ele>642.466</ele><time>2025-08-10T10:11:43.011Z</time></trkpt><trkpt lat="33.710260" lon="73.096646"><ele>642.129</ele><time>2025-08-10T10:11:44.011Z</time></trkpt><trkpt lat="33.710161" lon="73.096472"><ele>641.821</ele><time>2025-08-10T10:11:45.011Z</time></trkpt><trkpt lat="33.710065" lon="73.096303"><ele>641.509</ele><time>2025-08-10T10:11:46.011Z</time></trkpt><trkpt lat="33.709971" lon="73.096134"><ele>641.288</ele><time>2025-08-10T10:11:47.011Z</time></trkpt><trkpt lat="33.709876" lon="73.095961"><ele>640.968</ele><time>2025-08-10T10:11:48.011Z</time></trkpt><trkpt lat="33.709781" lon="73.095795"><ele>640.652</ele><time>2025-08-10T10:11:49.011Z</time></trkpt><trkpt lat="33.709694" lon="73.095633"><ele>640.336</ele><time>2025-08-10T10:11:50.011Z</time></trkpt><trkpt lat="33.709609" lon="73.095470"><ele>640.030</ele><time>2025-08-10T10:11:51.011Z</time></trkpt><trkpt lat="33.709525" lon="73.095303"><ele>639.846</ele><time>2025-08-10T10:11:52.011Z</time></trkpt><trkpt lat="33.709441" lon="73.095131"><ele>639.639</ele><time>2025-08-10T10:11:53.011Z</time></trkpt><trkpt lat="33.709356" lon="73.094954"><ele>639.588</ele><time>2025-08-10T10:11:54.011Z</time></trkpt><trkpt lat="33.709269" lon="73.094774"><ele>639.589</ele><time>2025-08-10T10:11:55.011Z</time></trkpt><trkpt lat="33.709181" lon="73.094591"><ele>639.588</ele><time>2025-08-10T10:11:56.011Z</time></trkpt><trkpt lat="33.709091" lon="73.094404"><ele>639.624</ele><time>2025-08-10T10:11:57.011Z</time></trkpt><trkpt lat="33.708996" lon="73.094217"><ele>639.726</ele><time>2025-08-10T10:11:58.011Z</time></trkpt><trkpt lat="33.708900" lon="73.094029"><ele>639.909</ele><time>2025-08-10T10:11:59.011Z</time></trkpt><trkpt lat="33.708806" lon="73.093844"><ele>640.010</ele><time>2025-08-10T10:12:00.011Z</time></trkpt><trkpt lat="33.708711" lon="73.093661"><ele>640.190</ele><time>2025-08-10T10:12:01.011Z</time></trkpt><trkpt lat="33.708618" lon="73.093484"><ele>640.284</ele><time>2025-08-10T10:12:02.011Z</time></trkpt><trkpt lat="33.708528" lon="73.093315"><ele>640.228</ele><time>2025-08-10T10:12:03.011Z</time></trkpt><trkpt lat="33.708441" lon="73.093149"><ele>640.262</ele><time>2025-08-10T10:12:04.011Z</time></trkpt><trkpt lat="33.708355" lon="73.092988"><ele>640.238</ele><time>2025-08-10T10:12:05.011Z</time></trkpt><trkpt lat="33.708270" lon="73.092831"><ele>640.261</ele><time>2025-08-10T10:12:06.011Z</time></trkpt><trkpt lat="33.708187" lon="73.092674"><ele>640.290</ele><time>2025-08-10T10:12:07.011Z</time></trkpt><trkpt lat="33.708105" lon="73.092517"><ele>640.291</ele><time>2025-08-10T10:12:08.011Z</time></trkpt><trkpt lat="33.708021" lon="73.092356"><ele>640.273</ele><time>2025-08-10T10:12:09.011Z</time></trkpt><trkpt lat="33.707935" lon="73.092199"><ele>640.285</ele><time>2025-08-10T10:12:10.011Z</time></trkpt><trkpt lat="33.707855" lon="73.092047"><ele>640.213</ele><time>2025-08-10T10:12:11.011Z</time></trkpt><trkpt lat="33.707776" lon="73.091896"><ele>640.209</ele><time>2025-08-10T10:12:12.011Z</time></trkpt><trkpt lat="33.707693" lon="73.091744"><ele>640.239</ele><time>2025-08-10T10:12:13.011Z</time></trkpt><trkpt lat="33.707611" lon="73.091587"><ele>640.299</ele><time>2025-08-10T10:12:14.011Z</time></trkpt><trkpt lat="33.707528" lon="73.091428"><ele>640.223</ele><time>2025-08-10T10:12:15.011Z</time></trkpt><trkpt lat="33.707448" lon="73.091270"><ele>640.387</ele><time>2025-08-10T10:12:16.011Z</time></trkpt><trkpt lat="33.707367" lon="73.091114"><ele>640.461</ele><time>2025-08-10T10:12:17.011Z</time></trkpt><trkpt lat="33.707284" lon="73.090963"><ele>640.567</ele><time>2025-08-10T10:12:18.011Z</time></trkpt><trkpt lat="33.707204" lon="73.090812"><ele>640.590</ele><time>2025-08-10T10:12:19.011Z</time></trkpt><trkpt lat="33.707123" lon="73.090660"><ele>640.519</ele><time>2025-08-10T10:12:20.011Z</time></trkpt><trkpt lat="33.707041" lon="73.090501"><ele>640.580</ele><time>2025-08-10T10:12:21.011Z</time></trkpt><trkpt lat="33.706957" lon="73.090344"><ele>640.588</ele><time>2025-08-10T10:12:22.011Z</time></trkpt><trkpt lat="33.706871" lon="73.090181"><ele>640.524</ele><time>2025-08-10T10:12:23.011Z</time></trkpt><trkpt lat="33.706784" lon="73.090016"><ele>640.626</ele><time>2025-08-10T10:12:24.011Z</time></trkpt><trkpt lat="33.706698" lon="73.089847"><ele>640.709</ele><time>2025-08-10T10:12:25.011Z</time></trkpt><trkpt lat="33.706613" lon="73.089682"><ele>640.850</ele><time>2025-08-10T10:12:26.011Z</time></trkpt><trkpt lat="33.706532" lon="73.089524"><ele>640.910</ele><time>2025-08-10T10:12:27.011Z</time></trkpt><trkpt lat="33.706454" lon="73.089369"><ele>641.094</ele><time>2025-08-10T10:12:28.011Z</time></trkpt><trkpt lat="33.706379" lon="73.089219"><ele>641.138</ele><time>2025-08-10T10:12:29.011Z</time></trkpt><trkpt lat="33.706302" lon="73.089073"><ele>641.272</ele><time>2025-08-10T10:12:30.011Z</time></trkpt><trkpt lat="33.706221" lon="73.088933"><ele>641.298</ele><time>2025-08-10T10:12:31.011Z</time></trkpt><trkpt lat="33.706133" lon="73.088792"><ele>641.261</ele><time>2025-08-10T10:12:32.011Z</time></trkpt><trkpt lat="33.706039" lon="73.088653"><ele>641.310</ele><time>2025-08-10T10:12:33.011Z</time></trkpt><trkpt lat="33.705940" lon="73.088520"><ele>641.531</ele><time>2025-08-10T10:12:34.011Z</time></trkpt><trkpt lat="33.705838" lon="73.088386"><ele>641.656</ele><time>2025-08-10T10:12:35.011Z</time></trkpt><trkpt lat="33.705734" lon="73.088254"><ele>641.759</ele><time>2025-08-10T10:12:36.011Z</time></trkpt><trkpt lat="33.705627" lon="73.088117"><ele>641.814</ele><time>2025-08-10T10:12:37.011Z</time></trkpt><trkpt lat="33.705520" lon="73.087981"><ele>641.909</ele><time>2025-08-10T10:12:38.011Z</time></trkpt><trkpt lat="33.705412" lon="73.087846"><ele>641.937</ele><time>2025-08-10T10:12:39.011Z</time></trkpt><trkpt lat="33.705299" lon="73.087720"><ele>641.947</ele><time>2025-08-10T10:12:40.011Z</time></trkpt><trkpt lat="33.705191" lon="73.087591"><ele>641.951</ele><time>2025-08-10T10:12:41.011Z</time></trkpt><trkpt lat="33.705081" lon="73.087458"><ele>641.925</ele><time>2025-08-10T10:12:42.011Z</time></trkpt><trkpt lat="33.704975" lon="73.087319"><ele>642.059</ele><time>2025-08-10T10:12:43.011Z</time></trkpt><trkpt lat="33.704870" lon="73.087173"><ele>642.145</ele><time>2025-08-10T10:12:44.011Z</time></trkpt><trkpt lat="33.704770" lon="73.087021"><ele>642.358</ele><time>2025-08-10T10:12:45.011Z</time></trkpt><trkpt lat="33.704675" lon="73.086866"><ele>642.457</ele><time>2025-08-10T10:12:46.011Z</time></trkpt><trkpt lat="33.704588" lon="73.086707"><ele>642.538</ele><time>2025-08-10T10:12:47.011Z</time></trkpt><trkpt lat="33.704507" lon="73.086548"><ele>642.583</ele><time>2025-08-10T10:12:48.011Z</time></trkpt><trkpt lat="33.704428" lon="73.086391"><ele>642.525</ele><time>2025-08-10T10:12:49.011Z</time></trkpt><trkpt lat="33.704352" lon="73.086235"><ele>642.517</ele><time>2025-08-10T10:12:50.011Z</time></trkpt><trkpt lat="33.704279" lon="73.086079"><ele>642.509</ele><time>2025-08-10T10:12:51.011Z</time></trkpt><trkpt lat="33.704207" lon="73.085927"><ele>642.520</ele><time>2025-08-10T10:12:52.011Z</time></trkpt><trkpt lat="33.704137" lon="73.085776"><ele>642.590</ele><time>2025-08-10T10:12:53.011Z</time></trkpt><trkpt lat="33.704085" lon="73.085613"><ele>642.594</ele><time>2025-08-10T10:12:54.011Z</time></trkpt><trkpt lat="33.704003" lon="73.085483"><ele>642.618</ele><time>2025-08-10T10:12:55.011Z</time></trkpt><trkpt lat="33.703932" lon="73.085338"><ele>642.772</ele><time>2025-08-10T10:12:56.011Z</time></trkpt><trkpt lat="33.703857" lon="73.085194"><ele>642.878</ele><time>2025-08-10T10:12:57.011Z</time></trkpt><trkpt lat="33.703782" lon="73.085051"><ele>642.981</ele><time>2025-08-10T10:12:58.011Z</time></trkpt><trkpt lat="33.703708" lon="73.084908"><ele>643.040</ele><time>2025-08-10T10:12:59.011Z</time></trkpt><trkpt lat="33.703634" lon="73.084766"><ele>643.181</ele><time>2025-08-10T10:13:00.011Z</time></trkpt><trkpt lat="33.703563" lon="73.084622"><ele>643.212</ele><time>2025-08-10T10:13:01.011Z</time></trkpt><trkpt lat="33.703492" lon="73.084477"><ele>643.232</ele><time>2025-08-10T10:13:02.011Z</time></trkpt><trkpt lat="33.703423" lon="73.084332"><ele>643.205</ele><time>2025-08-10T10:13:03.011Z</time></trkpt><trkpt lat="33.703353" lon="73.084188"><ele>643.209</ele><time>2025-08-10T10:13:04.011Z</time></trkpt><trkpt lat="33.703282" lon="73.084042"><ele>643.213</ele><time>2025-08-10T10:13:05.011Z</time></trkpt><trkpt lat="33.703212" lon="73.083901"><ele>643.233</ele><time>2025-08-10T10:13:06.011Z</time></trkpt><trkpt lat="33.703143" lon="73.083762"><ele>643.247</ele><time>2025-08-10T10:13:07.011Z</time></trkpt><trkpt lat="33.703074" lon="73.083623"><ele>643.291</ele><time>2025-08-10T10:13:08.011Z</time></trkpt><trkpt lat="33.703004" lon="73.083482"><ele>643.355</ele><time>2025-08-10T10:13:09.011Z</time></trkpt><trkpt lat="33.702935" lon="73.083343"><ele>643.361</ele><time>2025-08-10T10:13:10.011Z</time></trkpt><trkpt lat="33.702867" lon="73.083206"><ele>643.384</ele><time>2025-08-10T10:13:11.011Z</time></trkpt><trkpt lat="33.702797" lon="73.083069"><ele>643.373</ele><time>2025-08-10T10:13:12.011Z</time></trkpt><trkpt lat="33.702725" lon="73.082930"><ele>643.374</ele><time>2025-08-10T10:13:13.011Z</time></trkpt><trkpt lat="33.702652" lon="73.082789"><ele>643.365</ele><time>2025-08-10T10:13:14.011Z</time></trkpt><trkpt lat="33.702579" lon="73.082640"><ele>643.468</ele><time>2025-08-10T10:13:15.011Z</time></trkpt><trkpt lat="33.702496" lon="73.082492"><ele>643.614</ele><time>2025-08-10T10:13:16.011Z</time></trkpt><trkpt lat="33.702415" lon="73.082340"><ele>643.809</ele><time>2025-08-10T10:13:17.011Z</time></trkpt><trkpt lat="33.702333" lon="73.082190"><ele>644.178</ele><time>2025-08-10T10:13:18.011Z</time></trkpt><trkpt lat="33.702254" lon="73.082034"><ele>644.558</ele><time>2025-08-10T10:13:19.011Z</time></trkpt><trkpt lat="33.702172" lon="73.081874"><ele>644.932</ele><time>2025-08-10T10:13:20.011Z</time></trkpt><trkpt lat="33.702089" lon="73.081712"><ele>645.346</ele><time>2025-08-10T10:13:21.012Z</time></trkpt><trkpt lat="33.702002" lon="73.081547"><ele>645.810</ele><time>2025-08-10T10:13:22.012Z</time></trkpt><trkpt lat="33.701911" lon="73.081377"><ele>646.256</ele><time>2025-08-10T10:13:23.012Z</time></trkpt><trkpt lat="33.701824" lon="73.081204"><ele>646.659</ele><time>2025-08-10T10:13:24.011Z</time></trkpt><trkpt lat="33.701734" lon="73.081028"><ele>647.178</ele><time>2025-08-10T10:13:25.011Z</time></trkpt><trkpt lat="33.701647" lon="73.080858"><ele>647.639</ele><time>2025-08-10T10:13:26.011Z</time></trkpt><trkpt lat="33.701562" lon="73.080686"><ele>648.064</ele><time>2025-08-10T10:13:27.012Z</time></trkpt><trkpt lat="33.701478" lon="73.080510"><ele>648.306</ele><time>2025-08-10T10:13:28.011Z</time></trkpt><trkpt lat="33.701397" lon="73.080343"><ele>648.416</ele><time>2025-08-10T10:13:29.011Z</time></trkpt><trkpt lat="33.701315" lon="73.080178"><ele>648.309</ele><time>2025-08-10T10:13:30.012Z</time></trkpt><trkpt lat="33.701236" lon="73.080019"><ele>648.188</ele><time>2025-08-10T10:13:31.011Z</time></trkpt><trkpt lat="33.701163" lon="73.079860"><ele>647.958</ele><time>2025-08-10T10:13:32.011Z</time></trkpt><trkpt lat="33.701094" lon="73.079709"><ele>647.722</ele><time>2025-08-10T10:13:33.011Z</time></trkpt><trkpt lat="33.701031" lon="73.079555"><ele>647.646</ele><time>2025-08-10T10:13:34.011Z</time></trkpt><trkpt lat="33.700976" lon="73.079402"><ele>647.550</ele><time>2025-08-10T10:13:35.011Z</time></trkpt><trkpt lat="33.700925" lon="73.079245"><ele>647.556</ele><time>2025-08-10T10:13:36.011Z</time></trkpt><trkpt lat="33.700874" lon="73.079089"><ele>647.679</ele><time>2025-08-10T10:13:37.011Z</time></trkpt><trkpt lat="33.700826" lon="73.078943"><ele>647.828</ele><time>2025-08-10T10:13:38.011Z</time></trkpt><trkpt lat="33.700782" lon="73.078801"><ele>647.939</ele><time>2025-08-10T10:13:39.011Z</time></trkpt><trkpt lat="33.700737" lon="73.078658"><ele>648.162</ele><time>2025-08-10T10:13:40.011Z</time></trkpt><trkpt lat="33.700689" lon="73.078513"><ele>648.383</ele><time>2025-08-10T10:13:41.011Z</time></trkpt><trkpt lat="33.700635" lon="73.078373"><ele>648.511</ele><time>2025-08-10T10:13:42.011Z</time></trkpt><trkpt lat="33.700575" lon="73.078241"><ele>648.709</ele><time>2025-08-10T10:13:43.011Z</time></trkpt><trkpt lat="33.700509" lon="73.078111"><ele>648.948</ele><time>2025-08-10T10:13:44.011Z</time></trkpt><trkpt lat="33.700440" lon="73.077985"><ele>649.158</ele><time>2025-08-10T10:13:45.011Z</time></trkpt><trkpt lat="33.700368" lon="73.077861"><ele>649.392</ele><time>2025-08-10T10:13:46.011Z</time></trkpt><trkpt lat="33.700295" lon="73.077736"><ele>649.476</ele><time>2025-08-10T10:13:47.011Z</time></trkpt><trkpt lat="33.700222" lon="73.077608"><ele>649.610</ele><time>2025-08-10T10:13:48.011Z</time></trkpt><trkpt lat="33.700153" lon="73.077477"><ele>649.836</ele><time>2025-08-10T10:13:49.011Z</time></trkpt><trkpt lat="33.700084" lon="73.077340"><ele>650.059</ele><time>2025-08-10T10:13:50.011Z</time></trkpt><trkpt lat="33.700016" lon="73.077199"><ele>650.358</ele><time>2025-08-10T10:13:51.011Z</time></trkpt><trkpt lat="33.699944" lon="73.077060"><ele>650.719</ele><time>2025-08-10T10:13:52.011Z</time></trkpt><trkpt lat="33.699873" lon="73.076927"><ele>650.813</ele><time>2025-08-10T10:13:53.011Z</time></trkpt><trkpt lat="33.699796" lon="73.076786"><ele>651.143</ele><time>2025-08-10T10:13:54.011Z</time></trkpt><trkpt lat="33.699717" lon="73.076639"><ele>651.307</ele><time>2025-08-10T10:13:55.011Z</time></trkpt><trkpt lat="33.699636" lon="73.076487"><ele>651.409</ele><time>2025-08-10T10:13:56.011Z</time></trkpt><trkpt lat="33.699556" lon="73.076337"><ele>651.513</ele><time>2025-08-10T10:13:57.011Z</time></trkpt><trkpt lat="33.699477" lon="73.076188"><ele>651.783</ele><time>2025-08-10T10:13:58.011Z</time></trkpt><trkpt lat="33.699390" lon="73.076032"><ele>651.967</ele><time>2025-08-10T10:13:59.011Z</time></trkpt><trkpt lat="33.699318" lon="73.075894"><ele>652.131</ele><time>2025-08-10T10:14:00.011Z</time></trkpt><trkpt lat="33.699250" lon="73.075769"><ele>652.295</ele><time>2025-08-10T10:14:01.011Z</time></trkpt><trkpt lat="33.699175" lon="73.075625"><ele>652.471</ele><time>2025-08-10T10:14:02.011Z</time></trkpt><trkpt lat="33.699096" lon="73.075479"><ele>652.544</ele><time>2025-08-10T10:14:03.011Z</time></trkpt><trkpt lat="33.699016" lon="73.075328"><ele>652.593</ele><time>2025-08-10T10:14:04.011Z</time></trkpt><trkpt lat="33.698934" lon="73.075180"><ele>652.534</ele><time>2025-08-10T10:14:05.011Z</time></trkpt><trkpt lat="33.698847" lon="73.075021"><ele>652.545</ele><time>2025-08-10T10:14:06.011Z</time></trkpt><trkpt lat="33.698763" lon="73.074862"><ele>652.547</ele><time>2025-08-10T10:14:07.011Z</time></trkpt><trkpt lat="33.698677" lon="73.074698"><ele>652.611</ele><time>2025-08-10T10:14:08.011Z</time></trkpt><trkpt lat="33.698591" lon="73.074530"><ele>652.809</ele><time>2025-08-10T10:14:09.011Z</time></trkpt><trkpt lat="33.698507" lon="73.074363"><ele>653.176</ele><time>2025-08-10T10:14:10.011Z</time></trkpt><trkpt lat="33.698423" lon="73.074202"><ele>653.446</ele><time>2025-08-10T10:14:11.011Z</time></trkpt><trkpt lat="33.698343" lon="73.074043"><ele>653.590</ele><time>2025-08-10T10:14:12.011Z</time></trkpt><trkpt lat="33.698264" lon="73.073894"><ele>653.514</ele><time>2025-08-10T10:14:13.011Z</time></trkpt><trkpt lat="33.698186" lon="73.073742"><ele>653.418</ele><time>2025-08-10T10:14:14.011Z</time></trkpt><trkpt lat="33.698102" lon="73.073586"><ele>653.234</ele><time>2025-08-10T10:14:15.011Z</time></trkpt><trkpt lat="33.698019" lon="73.073424"><ele>653.057</ele><time>2025-08-10T10:14:16.011Z</time></trkpt><trkpt lat="33.697933" lon="73.073259"><ele>652.996</ele><time>2025-08-10T10:14:17.011Z</time></trkpt><trkpt lat="33.697848" lon="73.073097"><ele>652.917</ele><time>2025-08-10T10:14:18.011Z</time></trkpt><trkpt lat="33.697763" lon="73.072932"><ele>653.075</ele><time>2025-08-10T10:14:19.011Z</time></trkpt><trkpt lat="33.697676" lon="73.072763"><ele>653.128</ele><time>2025-08-10T10:14:20.011Z</time></trkpt><trkpt lat="33.697587" lon="73.072592"><ele>653.120</ele><time>2025-08-10T10:14:21.011Z</time></trkpt><trkpt lat="33.697499" lon="73.072423"><ele>653.009</ele><time>2025-08-10T10:14:22.011Z</time></trkpt><trkpt lat="33.697407" lon="73.072251"><ele>652.999</ele><time>2025-08-10T10:14:23.011Z</time></trkpt><trkpt lat="33.697315" lon="73.072077"><ele>652.979</ele><time>2025-08-10T10:14:24.011Z</time></trkpt><trkpt lat="33.697222" lon="73.071902"><ele>653.013</ele><time>2025-08-10T10:14:25.011Z</time></trkpt><trkpt lat="33.697130" lon="73.071732"><ele>653.217</ele><time>2025-08-10T10:14:26.011Z</time></trkpt><trkpt lat="33.697039" lon="73.071565"><ele>653.351</ele><time>2025-08-10T10:14:27.011Z</time></trkpt><trkpt lat="33.696949" lon="73.071396"><ele>653.347</ele><time>2025-08-10T10:14:28.011Z</time></trkpt><trkpt lat="33.696856" lon="73.071224"><ele>653.290</ele><time>2025-08-10T10:14:29.011Z</time></trkpt><trkpt lat="33.696765" lon="73.071048"><ele>652.989</ele><time>2025-08-10T10:14:30.011Z</time></trkpt><trkpt lat="33.696675" lon="73.070866"><ele>652.660</ele><time>2025-08-10T10:14:31.011Z</time></trkpt><trkpt lat="33.696580" lon="73.070681"><ele>652.326</ele><time>2025-08-10T10:14:32.011Z</time></trkpt><trkpt lat="33.696484" lon="73.070499"><ele>652.147</ele><time>2025-08-10T10:14:33.011Z</time></trkpt><trkpt lat="33.696390" lon="73.070320"><ele>652.011</ele><time>2025-08-10T10:14:34.011Z</time></trkpt><trkpt lat="33.696297" lon="73.070143"><ele>651.809</ele><time>2025-08-10T10:14:35.011Z</time></trkpt><trkpt lat="33.696204" lon="73.069966"><ele>651.644</ele><time>2025-08-10T10:14:36.011Z</time></trkpt><trkpt lat="33.696112" lon="73.069788"><ele>651.474</ele><time>2025-08-10T10:14:37.011Z</time></trkpt><trkpt lat="33.696023" lon="73.069615"><ele>651.168</ele><time>2025-08-10T10:14:38.011Z</time></trkpt><trkpt lat="33.695934" lon="73.069447"><ele>650.842</ele><time>2025-08-10T10:14:39.011Z</time></trkpt><trkpt lat="33.695850" lon="73.069284"><ele>650.586</ele><time>2025-08-10T10:14:40.011Z</time></trkpt><trkpt lat="33.695769" lon="73.069126"><ele>650.242</ele><time>2025-08-10T10:14:41.011Z</time></trkpt><trkpt lat="33.695690" lon="73.068969"><ele>649.915</ele><time>2025-08-10T10:14:42.011Z</time></trkpt><trkpt lat="33.695606" lon="73.068804"><ele>649.594</ele><time>2025-08-10T10:14:43.011Z</time></trkpt><trkpt lat="33.695517" lon="73.068634"><ele>649.345</ele><time>2025-08-10T10:14:44.011Z</time></trkpt><trkpt lat="33.695424" lon="73.068458"><ele>649.373</ele><time>2025-08-10T10:14:45.011Z</time></trkpt><trkpt lat="33.695325" lon="73.068279"><ele>649.385</ele><time>2025-08-10T10:14:46.011Z</time></trkpt><trkpt lat="33.695224" lon="73.068095"><ele>649.313</ele><time>2025-08-10T10:14:47.011Z</time></trkpt><trkpt lat="33.695121" lon="73.067905"><ele>649.209</ele><time>2025-08-10T10:14:48.011Z</time></trkpt><trkpt lat="33.695017" lon="73.067711"><ele>649.199</ele><time>2025-08-10T10:14:49.011Z</time></trkpt><trkpt lat="33.694913" lon="73.067515"><ele>648.849</ele><time>2025-08-10T10:14:50.011Z</time></trkpt><trkpt lat="33.694810" lon="73.067319"><ele>648.453</ele><time>2025-08-10T10:14:51.011Z</time></trkpt><trkpt lat="33.694711" lon="73.067128"><ele>648.157</ele><time>2025-08-10T10:14:52.011Z</time></trkpt><trkpt lat="33.694613" lon="73.066941"><ele>647.981</ele><time>2025-08-10T10:14:53.011Z</time></trkpt><trkpt lat="33.694519" lon="73.066758"><ele>647.697</ele><time>2025-08-10T10:14:54.011Z</time></trkpt><trkpt lat="33.694428" lon="73.066580"><ele>647.390</ele><time>2025-08-10T10:14:55.011Z</time></trkpt><trkpt lat="33.694338" lon="73.066405"><ele>647.039</ele><time>2025-08-10T10:14:56.011Z</time></trkpt><trkpt lat="33.694248" lon="73.066229"><ele>646.870</ele><time>2025-08-10T10:14:57.011Z</time></trkpt><trkpt lat="33.694159" lon="73.066059"><ele>646.648</ele><time>2025-08-10T10:14:58.011Z</time></trkpt><trkpt lat="33.694074" lon="73.065893"><ele>646.561</ele><time>2025-08-10T10:14:59.011Z</time></trkpt><trkpt lat="33.693991" lon="73.065733"><ele>646.417</ele><time>2025-08-10T10:15:00.011Z</time></trkpt><trkpt lat="33.693912" lon="73.065578"><ele>646.309</ele><time>2025-08-10T10:15:01.011Z</time></trkpt><trkpt lat="33.693835" lon="73.065426"><ele>646.276</ele><time>2025-08-10T10:15:02.011Z</time></trkpt><trkpt lat="33.693756" lon="73.065268"><ele>646.196</ele><time>2025-08-10T10:15:03.011Z</time></trkpt><trkpt lat="33.693673" lon="73.065108"><ele>646.020</ele><time>2025-08-10T10:15:04.011Z</time></trkpt><trkpt lat="33.693589" lon="73.064945"><ele>645.914</ele><time>2025-08-10T10:15:05.011Z</time></trkpt><trkpt lat="33.693501" lon="73.064780"><ele>645.948</ele><time>2025-08-10T10:15:06.011Z</time></trkpt><trkpt lat="33.693411" lon="73.064614"><ele>645.994</ele><time>2025-08-10T10:15:07.011Z</time></trkpt><trkpt lat="33.693322" lon="73.064442"><ele>645.957</ele><time>2025-08-10T10:15:08.011Z</time></trkpt><trkpt lat="33.693228" lon="73.064266"><ele>645.916</ele><time>2025-08-10T10:15:09.011Z</time></trkpt><trkpt lat="33.693138" lon="73.064088"><ele>645.817</ele><time>2025-08-10T10:15:10.011Z</time></trkpt><trkpt lat="33.693043" lon="73.063908"><ele>645.612</ele><time>2025-08-10T10:15:11.011Z</time></trkpt><trkpt lat="33.692951" lon="73.063731"><ele>645.332</ele><time>2025-08-10T10:15:12.011Z</time></trkpt><trkpt lat="33.692858" lon="73.063553"><ele>644.905</ele><time>2025-08-10T10:15:13.011Z</time></trkpt><trkpt lat="33.692767" lon="73.063379"><ele>644.409</ele><time>2025-08-10T10:15:14.011Z</time></trkpt><trkpt lat="33.692679" lon="73.063209"><ele>643.813</ele><time>2025-08-10T10:15:15.011Z</time></trkpt><trkpt lat="33.692592" lon="73.063049"><ele>643.223</ele><time>2025-08-10T10:15:16.011Z</time></trkpt><trkpt lat="33.692506" lon="73.062892"><ele>642.637</ele><time>2025-08-10T10:15:17.011Z</time></trkpt><trkpt lat="33.692427" lon="73.062733"><ele>642.061</ele><time>2025-08-10T10:15:18.011Z</time></trkpt><trkpt lat="33.692345" lon="73.062582"><ele>641.575</ele><time>2025-08-10T10:15:19.011Z</time></trkpt><trkpt lat="33.692263" lon="73.062431"><ele>641.121</ele><time>2025-08-10T10:15:20.011Z</time></trkpt><trkpt lat="33.692184" lon="73.062278"><ele>640.734</ele><time>2025-08-10T10:15:21.011Z</time></trkpt><trkpt lat="33.692101" lon="73.062131"><ele>640.363</ele><time>2025-08-10T10:15:22.011Z</time></trkpt><trkpt lat="33.692023" lon="73.061984"><ele>639.984</ele><time>2025-08-10T10:15:23.011Z</time></trkpt><trkpt lat="33.691944" lon="73.061832"><ele>639.464</ele><time>2025-08-10T10:15:24.011Z</time></trkpt><trkpt lat="33.691864" lon="73.061681"><ele>638.806</ele><time>2025-08-10T10:15:25.011Z</time></trkpt><trkpt lat="33.691787" lon="73.061529"><ele>638.316</ele><time>2025-08-10T10:15:26.011Z</time></trkpt><trkpt lat="33.691709" lon="73.061376"><ele>637.809</ele><time>2025-08-10T10:15:27.011Z</time></trkpt><trkpt lat="33.691626" lon="73.061222"><ele>637.468</ele><time>2025-08-10T10:15:28.010Z</time></trkpt><trkpt lat="33.691540" lon="73.061063"><ele>637.178</ele><time>2025-08-10T10:15:29.010Z</time></trkpt><trkpt lat="33.691457" lon="73.060906"><ele>636.922</ele><time>2025-08-10T10:15:30.010Z</time></trkpt><trkpt lat="33.691373" lon="73.060745"><ele>636.896</ele><time>2025-08-10T10:15:31.010Z</time></trkpt><trkpt lat="33.691290" lon="73.060581"><ele>636.730</ele><time>2025-08-10T10:15:32.010Z</time></trkpt><trkpt lat="33.691208" lon="73.060420"><ele>636.766</ele><time>2025-08-10T10:15:33.010Z</time></trkpt><trkpt lat="33.691125" lon="73.060265"><ele>636.789</ele><time>2025-08-10T10:15:34.009Z</time></trkpt><trkpt lat="33.691046" lon="73.060113"><ele>636.748</ele><time>2025-08-10T10:15:35.009Z</time></trkpt><trkpt lat="33.690965" lon="73.059958"><ele>636.649</ele><time>2025-08-10T10:15:36.010Z</time></trkpt><trkpt lat="33.690885" lon="73.059801"><ele>636.539</ele><time>2025-08-10T10:15:37.009Z</time></trkpt><trkpt lat="33.690801" lon="73.059642"><ele>636.401</ele><time>2025-08-10T10:15:38.009Z</time></trkpt><trkpt lat="33.690715" lon="73.059480"><ele>636.221</ele><time>2025-08-10T10:15:39.009Z</time></trkpt><trkpt lat="33.690626" lon="73.059317"><ele>636.009</ele><time>2025-08-10T10:15:40.009Z</time></trkpt><trkpt lat="33.690539" lon="73.059151"><ele>635.855</ele><time>2025-08-10T10:15:41.009Z</time></trkpt><trkpt lat="33.690455" lon="73.058988"><ele>635.675</ele><time>2025-08-10T10:15:42.009Z</time></trkpt><trkpt lat="33.690371" lon="73.058827"><ele>635.469</ele><time>2025-08-10T10:15:43.009Z</time></trkpt><trkpt lat="33.690287" lon="73.058665"><ele>635.273</ele><time>2025-08-10T10:15:44.009Z</time></trkpt><trkpt lat="33.690202" lon="73.058500"><ele>635.047</ele><time>2025-08-10T10:15:45.009Z</time></trkpt><trkpt lat="33.690119" lon="73.058338"><ele>634.893</ele><time>2025-08-10T10:15:46.009Z</time></trkpt><trkpt lat="33.690037" lon="73.058175"><ele>634.516</ele><time>2025-08-10T10:15:47.009Z</time></trkpt><trkpt lat="33.689947" lon="73.058008"><ele>634.255</ele><time>2025-08-10T10:15:48.009Z</time></trkpt><trkpt lat="33.689857" lon="73.057841"><ele>634.076</ele><time>2025-08-10T10:15:49.009Z</time></trkpt><trkpt lat="33.689771" lon="73.057677"><ele>633.841</ele><time>2025-08-10T10:15:50.009Z</time></trkpt><trkpt lat="33.689687" lon="73.057517"><ele>633.581</ele><time>2025-08-10T10:15:51.009Z</time></trkpt><trkpt lat="33.689600" lon="73.057355"><ele>633.209</ele><time>2025-08-10T10:15:52.009Z</time></trkpt><trkpt lat="33.689514" lon="73.057195"><ele>632.909</ele><time>2025-08-10T10:15:53.009Z</time></trkpt><trkpt lat="33.689426" lon="73.057035"><ele>632.766</ele><time>2025-08-10T10:15:54.009Z</time></trkpt><trkpt lat="33.689341" lon="73.056879"><ele>632.426</ele><time>2025-08-10T10:15:55.009Z</time></trkpt><trkpt lat="33.689258" lon="73.056728"><ele>632.060</ele><time>2025-08-10T10:15:56.009Z</time></trkpt><trkpt lat="33.689176" lon="73.056579"><ele>631.734</ele><time>2025-08-10T10:15:57.009Z</time></trkpt><trkpt lat="33.689097" lon="73.056430"><ele>631.538</ele><time>2025-08-10T10:15:58.009Z</time></trkpt><trkpt lat="33.689019" lon="73.056287"><ele>631.224</ele><time>2025-08-10T10:15:59.009Z</time></trkpt><trkpt lat="33.688942" lon="73.056142"><ele>631.197</ele><time>2025-08-10T10:16:00.009Z</time></trkpt><trkpt lat="33.688865" lon="73.055991"><ele>630.816</ele><time>2025-08-10T10:16:01.009Z</time></trkpt><trkpt lat="33.688785" lon="73.055836"><ele>630.447</ele><time>2025-08-10T10:16:02.009Z</time></trkpt><trkpt lat="33.688704" lon="73.055680"><ele>630.324</ele><time>2025-08-10T10:16:03.009Z</time></trkpt><trkpt lat="33.688619" lon="73.055523"><ele>630.104</ele><time>2025-08-10T10:16:04.009Z</time></trkpt><trkpt lat="33.688536" lon="73.055369"><ele>629.814</ele><time>2025-08-10T10:16:05.009Z</time></trkpt><trkpt lat="33.688456" lon="73.055220"><ele>629.609</ele><time>2025-08-10T10:16:06.009Z</time></trkpt><trkpt lat="33.688377" lon="73.055075"><ele>629.554</ele><time>2025-08-10T10:16:07.009Z</time></trkpt><trkpt lat="33.688299" lon="73.054937"><ele>629.444</ele><time>2025-08-10T10:16:08.009Z</time></trkpt><trkpt lat="33.688217" lon="73.054802"><ele>629.018</ele><time>2025-08-10T10:16:09.009Z</time></trkpt><trkpt lat="33.688131" lon="73.054660"><ele>628.792</ele><time>2025-08-10T10:16:10.009Z</time></trkpt><trkpt lat="33.688044" lon="73.054517"><ele>628.646</ele><time>2025-08-10T10:16:11.009Z</time></trkpt><trkpt lat="33.687957" lon="73.054375"><ele>628.482</ele><time>2025-08-10T10:16:12.009Z</time></trkpt><trkpt lat="33.687867" lon="73.054232"><ele>628.355</ele><time>2025-08-10T10:16:13.009Z</time></trkpt><trkpt lat="33.687777" lon="73.054084"><ele>628.214</ele><time>2025-08-10T10:16:14.009Z</time></trkpt><trkpt lat="33.687686" lon="73.053937"><ele>628.125</ele><time>2025-08-10T10:16:15.009Z</time></trkpt><trkpt lat="33.687598" lon="73.053792"><ele>627.973</ele><time>2025-08-10T10:16:16.009Z</time></trkpt><trkpt lat="33.687513" lon="73.053649"><ele>627.785</ele><time>2025-08-10T10:16:17.009Z</time></trkpt><trkpt lat="33.687426" lon="73.053504"><ele>627.513</ele><time>2025-08-10T10:16:18.009Z</time></trkpt><trkpt lat="33.687338" lon="73.053355"><ele>627.209</ele><time>2025-08-10T10:16:19.009Z</time></trkpt><trkpt lat="33.687250" lon="73.053206"><ele>627.089</ele><time>2025-08-10T10:16:20.009Z</time></trkpt><trkpt lat="33.687162" lon="73.053060"><ele>626.989</ele><time>2025-08-10T10:16:21.009Z</time></trkpt><trkpt lat="33.687078" lon="73.052915"><ele>626.763</ele><time>2025-08-10T10:16:22.009Z</time></trkpt><trkpt lat="33.686993" lon="73.052769"><ele>626.527</ele><time>2025-08-10T10:16:23.009Z</time></trkpt><trkpt lat="33.686903" lon="73.052619"><ele>626.271</ele><time>2025-08-10T10:16:24.009Z</time></trkpt><trkpt lat="33.686813" lon="73.052466"><ele>626.067</ele><time>2025-08-10T10:16:25.009Z</time></trkpt><trkpt lat="33.686717" lon="73.052312"><ele>625.830</ele><time>2025-08-10T10:16:26.009Z</time></trkpt><trkpt lat="33.686615" lon="73.052154"><ele>625.649</ele><time>2025-08-10T10:16:27.009Z</time></trkpt><trkpt lat="33.686510" lon="73.051994"><ele>625.580</ele><time>2025-08-10T10:16:28.009Z</time></trkpt><trkpt lat="33.686398" lon="73.051840"><ele>625.589</ele><time>2025-08-10T10:16:29.009Z</time></trkpt><trkpt lat="33.686289" lon="73.051694"><ele>625.506</ele><time>2025-08-10T10:16:30.009Z</time></trkpt><trkpt lat="33.686170" lon="73.051556"><ele>625.526</ele><time>2025-08-10T10:16:31.009Z</time></trkpt><trkpt lat="33.686046" lon="73.051425"><ele>625.609</ele><time>2025-08-10T10:16:32.009Z</time></trkpt><trkpt lat="33.685919" lon="73.051299"><ele>625.710</ele><time>2025-08-10T10:16:33.009Z</time></trkpt><trkpt lat="33.685790" lon="73.051181"><ele>625.850</ele><time>2025-08-10T10:16:34.009Z</time></trkpt><trkpt lat="33.685653" lon="73.051072"><ele>625.984</ele><time>2025-08-10T10:16:35.009Z</time></trkpt><trkpt lat="33.685513" lon="73.050971"><ele>626.028</ele><time>2025-08-10T10:16:36.009Z</time></trkpt><trkpt lat="33.685372" lon="73.050873"><ele>626.242</ele><time>2025-08-10T10:16:37.009Z</time></trkpt><trkpt lat="33.685231" lon="73.050775"><ele>626.418</ele><time>2025-08-10T10:16:38.009Z</time></trkpt><trkpt lat="33.685087" lon="73.050677"><ele>626.611</ele><time>2025-08-10T10:16:39.009Z</time></trkpt><trkpt lat="33.684941" lon="73.050577"><ele>626.970</ele><time>2025-08-10T10:16:40.009Z</time></trkpt><trkpt lat="33.684797" lon="73.050476"><ele>627.221</ele><time>2025-08-10T10:16:41.009Z</time></trkpt><trkpt lat="33.684650" lon="73.050379"><ele>627.665</ele><time>2025-08-10T10:16:42.009Z</time></trkpt><trkpt lat="33.684506" lon="73.050274"><ele>628.068</ele><time>2025-08-10T10:16:43.009Z</time></trkpt><trkpt lat="33.684352" lon="73.050176"><ele>628.514</ele><time>2025-08-10T10:16:44.009Z</time></trkpt><trkpt lat="33.684204" lon="73.050084"><ele>629.009</ele><time>2025-08-10T10:16:45.009Z</time></trkpt><trkpt lat="33.684049" lon="73.049990"><ele>629.538</ele><time>2025-08-10T10:16:46.009Z</time></trkpt><trkpt lat="33.683897" lon="73.049897"><ele>630.078</ele><time>2025-08-10T10:16:47.009Z</time></trkpt><trkpt lat="33.683746" lon="73.049808"><ele>630.442</ele><time>2025-08-10T10:16:48.009Z</time></trkpt><trkpt lat="33.683594" lon="73.049716"><ele>630.826</ele><time>2025-08-10T10:16:49.009Z</time></trkpt><trkpt lat="33.683445" lon="73.049625"><ele>631.140</ele><time>2025-08-10T10:16:50.009Z</time></trkpt><trkpt lat="33.683299" lon="73.049551"><ele>631.346</ele><time>2025-08-10T10:16:51.009Z</time></trkpt><trkpt lat="33.683158" lon="73.049506"><ele>631.479</ele><time>2025-08-10T10:16:52.009Z</time></trkpt><trkpt lat="33.683022" lon="73.049488"><ele>631.428</ele><time>2025-08-10T10:16:53.009Z</time></trkpt><trkpt lat="33.682892" lon="73.049493"><ele>631.469</ele><time>2025-08-10T10:16:54.009Z</time></trkpt><trkpt lat="33.682772" lon="73.049518"><ele>631.279</ele><time>2025-08-10T10:16:55.009Z</time></trkpt><trkpt lat="33.682656" lon="73.049556"><ele>631.005</ele><time>2025-08-10T10:16:56.009Z</time></trkpt><trkpt lat="33.682542" lon="73.049610"><ele>630.725</ele><time>2025-08-10T10:16:57.009Z</time></trkpt><trkpt lat="33.682430" lon="73.049680"><ele>630.309</ele><time>2025-08-10T10:16:58.009Z</time></trkpt><trkpt lat="33.682320" lon="73.049755"><ele>629.939</ele><time>2025-08-10T10:16:59.009Z</time></trkpt><trkpt lat="33.682210" lon="73.049833"><ele>629.559</ele><time>2025-08-10T10:17:00.009Z</time></trkpt><trkpt lat="33.682090" lon="73.049920"><ele>629.153</ele><time>2025-08-10T10:17:01.009Z</time></trkpt><trkpt lat="33.681969" lon="73.050010"><ele>628.527</ele><time>2025-08-10T10:17:02.009Z</time></trkpt><trkpt lat="33.681844" lon="73.050100"><ele>628.261</ele><time>2025-08-10T10:17:03.009Z</time></trkpt><trkpt lat="33.681720" lon="73.050192"><ele>627.987</ele><time>2025-08-10T10:17:04.009Z</time></trkpt><trkpt lat="33.681599" lon="73.050281"><ele>627.890</ele><time>2025-08-10T10:17:05.009Z</time></trkpt><trkpt lat="33.681475" lon="73.050374"><ele>627.899</ele><time>2025-08-10T10:17:06.009Z</time></trkpt><trkpt lat="33.681347" lon="73.050471"><ele>627.850</ele><time>2025-08-10T10:17:07.009Z</time></trkpt><trkpt lat="33.681217" lon="73.050565"><ele>627.916</ele><time>2025-08-10T10:17:08.009Z</time></trkpt><trkpt lat="33.681084" lon="73.050660"><ele>628.076</ele><time>2025-08-10T10:17:09.009Z</time></trkpt><trkpt lat="33.680955" lon="73.050749"><ele>628.113</ele><time>2025-08-10T10:17:10.009Z</time></trkpt><trkpt lat="33.680835" lon="73.050831"><ele>628.209</ele><time>2025-08-10T10:17:11.009Z</time></trkpt><trkpt lat="33.680719" lon="73.050907"><ele>628.463</ele><time>2025-08-10T10:17:12.009Z</time></trkpt><trkpt lat="33.680610" lon="73.050977"><ele>628.513</ele><time>2025-08-10T10:17:13.009Z</time></trkpt><trkpt lat="33.680499" lon="73.051050"><ele>628.687</ele><time>2025-08-10T10:17:14.009Z</time></trkpt><trkpt lat="33.680383" lon="73.051124"><ele>628.681</ele><time>2025-08-10T10:17:15.009Z</time></trkpt><trkpt lat="33.680267" lon="73.051204"><ele>628.675</ele><time>2025-08-10T10:17:16.009Z</time></trkpt><trkpt lat="33.680150" lon="73.051285"><ele>628.521</ele><time>2025-08-10T10:17:17.009Z</time></trkpt><trkpt lat="33.680031" lon="73.051366"><ele>628.574</ele><time>2025-08-10T10:17:18.009Z</time></trkpt><trkpt lat="33.679910" lon="73.051451"><ele>628.543</ele><time>2025-08-10T10:17:19.009Z</time></trkpt><trkpt lat="33.679787" lon="73.051536"><ele>628.684</ele><time>2025-08-10T10:17:20.009Z</time></trkpt><trkpt lat="33.679663" lon="73.051627"><ele>628.788</ele><time>2025-08-10T10:17:21.009Z</time></trkpt><trkpt lat="33.679536" lon="73.051719"><ele>628.824</ele><time>2025-08-10T10:17:22.009Z</time></trkpt><trkpt lat="33.679407" lon="73.051814"><ele>628.926</ele><time>2025-08-10T10:17:23.009Z</time></trkpt><trkpt lat="33.679273" lon="73.051910"><ele>629.009</ele><time>2025-08-10T10:17:24.009Z</time></trkpt><trkpt lat="33.679139" lon="73.052006"><ele>629.140</ele><time>2025-08-10T10:17:25.009Z</time></trkpt><trkpt lat="33.679005" lon="73.052102"><ele>629.250</ele><time>2025-08-10T10:17:26.009Z</time></trkpt><trkpt lat="33.678872" lon="73.052199"><ele>629.334</ele><time>2025-08-10T10:17:27.009Z</time></trkpt><trkpt lat="33.678735" lon="73.052299"><ele>629.348</ele><time>2025-08-10T10:17:28.009Z</time></trkpt><trkpt lat="33.678597" lon="73.052402"><ele>629.242</ele><time>2025-08-10T10:17:29.009Z</time></trkpt><trkpt lat="33.678461" lon="73.052506"><ele>629.078</ele><time>2025-08-10T10:17:30.010Z</time></trkpt><trkpt lat="33.678326" lon="73.052610"><ele>628.761</ele><time>2025-08-10T10:17:31.009Z</time></trkpt><trkpt lat="33.678193" lon="73.052715"><ele>628.230</ele><time>2025-08-10T10:17:32.009Z</time></trkpt><trkpt lat="33.678058" lon="73.052816"><ele>627.731</ele><time>2025-08-10T10:17:33.010Z</time></trkpt><trkpt lat="33.677923" lon="73.052916"><ele>627.279</ele><time>2025-08-10T10:17:34.010Z</time></trkpt><trkpt lat="33.677788" lon="73.053019"><ele>626.605</ele><time>2025-08-10T10:17:35.010Z</time></trkpt><trkpt lat="33.677649" lon="73.053124"><ele>626.125</ele><time>2025-08-10T10:17:36.010Z</time></trkpt><trkpt lat="33.677508" lon="73.053228"><ele>625.609</ele><time>2025-08-10T10:17:37.010Z</time></trkpt><trkpt lat="33.677368" lon="73.053336"><ele>625.019</ele><time>2025-08-10T10:17:38.010Z</time></trkpt><trkpt lat="33.677229" lon="73.053440"><ele>624.429</ele><time>2025-08-10T10:17:39.009Z</time></trkpt><trkpt lat="33.677094" lon="73.053544"><ele>623.873</ele><time>2025-08-10T10:17:40.009Z</time></trkpt><trkpt lat="33.676961" lon="73.053644"><ele>623.137</ele><time>2025-08-10T10:17:41.009Z</time></trkpt><trkpt lat="33.676829" lon="73.053742"><ele>622.451</ele><time>2025-08-10T10:17:42.009Z</time></trkpt><trkpt lat="33.676700" lon="73.053837"><ele>621.877</ele><time>2025-08-10T10:17:43.009Z</time></trkpt><trkpt lat="33.676568" lon="73.053935"><ele>621.320</ele><time>2025-08-10T10:17:44.009Z</time></trkpt><trkpt lat="33.676436" lon="73.054037"><ele>620.969</ele><time>2025-08-10T10:17:45.009Z</time></trkpt><trkpt lat="33.676301" lon="73.054142"><ele>620.660</ele><time>2025-08-10T10:17:46.009Z</time></trkpt><trkpt lat="33.676162" lon="73.054242"><ele>620.422</ele><time>2025-08-10T10:17:47.009Z</time></trkpt><trkpt lat="33.676030" lon="73.054339"><ele>620.362</ele><time>2025-08-10T10:17:48.009Z</time></trkpt><trkpt lat="33.675894" lon="73.054435"><ele>620.308</ele><time>2025-08-10T10:17:49.009Z</time></trkpt><trkpt lat="33.675757" lon="73.054536"><ele>620.309</ele><time>2025-08-10T10:17:50.009Z</time></trkpt><trkpt lat="33.675619" lon="73.054642"><ele>620.464</ele><time>2025-08-10T10:17:51.009Z</time></trkpt><trkpt lat="33.675474" lon="73.054747"><ele>620.624</ele><time>2025-08-10T10:17:52.009Z</time></trkpt><trkpt lat="33.675332" lon="73.054855"><ele>620.818</ele><time>2025-08-10T10:17:53.009Z</time></trkpt><trkpt lat="33.675188" lon="73.054963"><ele>621.062</ele><time>2025-08-10T10:17:54.009Z</time></trkpt><trkpt lat="33.675048" lon="73.055068"><ele>621.236</ele><time>2025-08-10T10:17:55.009Z</time></trkpt><trkpt lat="33.674910" lon="73.055173"><ele>621.422</ele><time>2025-08-10T10:17:56.009Z</time></trkpt><trkpt lat="33.674771" lon="73.055282"><ele>621.555</ele><time>2025-08-10T10:17:57.009Z</time></trkpt><trkpt lat="33.674628" lon="73.055392"><ele>621.574</ele><time>2025-08-10T10:17:58.009Z</time></trkpt><trkpt lat="33.674482" lon="73.055500"><ele>621.545</ele><time>2025-08-10T10:17:59.009Z</time></trkpt><trkpt lat="33.674339" lon="73.055607"><ele>621.562</ele><time>2025-08-10T10:18:00.009Z</time></trkpt><trkpt lat="33.674201" lon="73.055710"><ele>621.483</ele><time>2025-08-10T10:18:01.009Z</time></trkpt><trkpt lat="33.674067" lon="73.055812"><ele>621.311</ele><time>2025-08-10T10:18:02.009Z</time></trkpt><trkpt lat="33.673935" lon="73.055910"><ele>621.209</ele><time>2025-08-10T10:18:03.009Z</time></trkpt><trkpt lat="33.673803" lon="73.056006"><ele>621.188</ele><time>2025-08-10T10:18:04.009Z</time></trkpt><trkpt lat="33.673668" lon="73.056102"><ele>621.088</ele><time>2025-08-10T10:18:05.009Z</time></trkpt><trkpt lat="33.673531" lon="73.056199"><ele>620.982</ele><time>2025-08-10T10:18:06.009Z</time></trkpt><trkpt lat="33.673391" lon="73.056302"><ele>620.836</ele><time>2025-08-10T10:18:07.009Z</time></trkpt><trkpt lat="33.673253" lon="73.056407"><ele>620.810</ele><time>2025-08-10T10:18:08.009Z</time></trkpt><trkpt lat="33.673119" lon="73.056511"><ele>620.876</ele><time>2025-08-10T10:18:09.009Z</time></trkpt><trkpt lat="33.672985" lon="73.056613"><ele>620.889</ele><time>2025-08-10T10:18:10.009Z</time></trkpt><trkpt lat="33.672851" lon="73.056715"><ele>620.878</ele><time>2025-08-10T10:18:11.009Z</time></trkpt><trkpt lat="33.672718" lon="73.056818"><ele>620.849</ele><time>2025-08-10T10:18:12.009Z</time></trkpt><trkpt lat="33.672584" lon="73.056921"><ele>620.824</ele><time>2025-08-10T10:18:13.009Z</time></trkpt><trkpt lat="33.672450" lon="73.057024"><ele>620.804</ele><time>2025-08-10T10:18:14.009Z</time></trkpt><trkpt lat="33.672314" lon="73.057127"><ele>620.914</ele><time>2025-08-10T10:18:15.009Z</time></trkpt><trkpt lat="33.672180" lon="73.057228"><ele>621.009</ele><time>2025-08-10T10:18:16.009Z</time></trkpt><trkpt lat="33.672048" lon="73.057327"><ele>621.084</ele><time>2025-08-10T10:18:17.009Z</time></trkpt><trkpt lat="33.671917" lon="73.057426"><ele>621.094</ele><time>2025-08-10T10:18:18.009Z</time></trkpt><trkpt lat="33.671786" lon="73.057525"><ele>621.098</ele><time>2025-08-10T10:18:19.009Z</time></trkpt><trkpt lat="33.671657" lon="73.057620"><ele>620.922</ele><time>2025-08-10T10:18:20.009Z</time></trkpt><trkpt lat="33.671529" lon="73.057715"><ele>620.816</ele><time>2025-08-10T10:18:21.009Z</time></trkpt><trkpt lat="33.671397" lon="73.057811"><ele>620.832</ele><time>2025-08-10T10:18:22.009Z</time></trkpt><trkpt lat="33.671262" lon="73.057908"><ele>620.865</ele><time>2025-08-10T10:18:23.009Z</time></trkpt><trkpt lat="33.671133" lon="73.058004"><ele>620.884</ele><time>2025-08-10T10:18:24.009Z</time></trkpt><trkpt lat="33.671008" lon="73.058102"><ele>620.825</ele><time>2025-08-10T10:18:25.009Z</time></trkpt><trkpt lat="33.670882" lon="73.058200"><ele>620.749</ele><time>2025-08-10T10:18:26.009Z</time></trkpt><trkpt lat="33.670753" lon="73.058298"><ele>620.502</ele><time>2025-08-10T10:18:27.009Z</time></trkpt><trkpt lat="33.670619" lon="73.058395"><ele>620.322</ele><time>2025-08-10T10:18:28.009Z</time></trkpt><trkpt lat="33.670487" lon="73.058493"><ele>620.009</ele><time>2025-08-10T10:18:29.009Z</time></trkpt><trkpt lat="33.670352" lon="73.058592"><ele>619.876</ele><time>2025-08-10T10:18:30.009Z</time></trkpt><trkpt lat="33.670220" lon="73.058693"><ele>619.686</ele><time>2025-08-10T10:18:31.009Z</time></trkpt><trkpt lat="33.670091" lon="73.058791"><ele>619.450</ele><time>2025-08-10T10:18:32.009Z</time></trkpt><trkpt lat="33.669964" lon="73.058886"><ele>619.274</ele><time>2025-08-10T10:18:33.009Z</time></trkpt><trkpt lat="33.669838" lon="73.058984"><ele>619.018</ele><time>2025-08-10T10:18:34.009Z</time></trkpt><trkpt lat="33.669709" lon="73.059080"><ele>618.744</ele><time>2025-08-10T10:18:35.009Z</time></trkpt><trkpt lat="33.669584" lon="73.059173"><ele>618.467</ele><time>2025-08-10T10:18:36.009Z</time></trkpt><trkpt lat="33.669456" lon="73.059268"><ele>618.286</ele><time>2025-08-10T10:18:37.009Z</time></trkpt><trkpt lat="33.669331" lon="73.059364"><ele>618.087</ele><time>2025-08-10T10:18:38.009Z</time></trkpt><trkpt lat="33.669197" lon="73.059464"><ele>617.853</ele><time>2025-08-10T10:18:39.009Z</time></trkpt><trkpt lat="33.669065" lon="73.059561"><ele>617.604</ele><time>2025-08-10T10:18:40.009Z</time></trkpt><trkpt lat="33.668932" lon="73.059658"><ele>617.414</ele><time>2025-08-10T10:18:41.009Z</time></trkpt><trkpt lat="33.668798" lon="73.059750"><ele>617.309</ele><time>2025-08-10T10:18:42.009Z</time></trkpt><trkpt lat="33.668668" lon="73.059843"><ele>617.267</ele><time>2025-08-10T10:18:43.009Z</time></trkpt><trkpt lat="33.668542" lon="73.059939"><ele>617.047</ele><time>2025-08-10T10:18:44.009Z</time></trkpt><trkpt lat="33.668415" lon="73.060038"><ele>616.871</ele><time>2025-08-10T10:18:45.009Z</time></trkpt><trkpt lat="33.668288" lon="73.060136"><ele>616.735</ele><time>2025-08-10T10:18:46.009Z</time></trkpt><trkpt lat="33.668159" lon="73.060232"><ele>616.559</ele><time>2025-08-10T10:18:47.009Z</time></trkpt><trkpt lat="33.668031" lon="73.060330"><ele>616.465</ele><time>2025-08-10T10:18:48.009Z</time></trkpt><trkpt lat="33.667903" lon="73.060429"><ele>616.378</ele><time>2025-08-10T10:18:49.009Z</time></trkpt><trkpt lat="33.667775" lon="73.060527"><ele>616.227</ele><time>2025-08-10T10:18:50.009Z</time></trkpt><trkpt lat="33.667651" lon="73.060626"><ele>616.198</ele><time>2025-08-10T10:18:51.009Z</time></trkpt><trkpt lat="33.667523" lon="73.060723"><ele>616.099</ele><time>2025-08-10T10:18:52.009Z</time></trkpt><trkpt lat="33.667400" lon="73.060818"><ele>615.907</ele><time>2025-08-10T10:18:53.009Z</time></trkpt><trkpt lat="33.667277" lon="73.060914"><ele>615.827</ele><time>2025-08-10T10:18:54.009Z</time></trkpt><trkpt lat="33.667159" lon="73.061004"><ele>615.709</ele><time>2025-08-10T10:18:55.009Z</time></trkpt><trkpt lat="33.667036" lon="73.061097"><ele>615.781</ele><time>2025-08-10T10:18:56.009Z</time></trkpt><trkpt lat="33.666908" lon="73.061190"><ele>615.771</ele><time>2025-08-10T10:18:57.009Z</time></trkpt><trkpt lat="33.666782" lon="73.061283"><ele>615.835</ele><time>2025-08-10T10:18:58.009Z</time></trkpt><trkpt lat="33.666654" lon="73.061376"><ele>615.989</ele><time>2025-08-10T10:18:59.009Z</time></trkpt><trkpt lat="33.666530" lon="73.061466"><ele>616.043</ele><time>2025-08-10T10:19:00.009Z</time></trkpt><trkpt lat="33.666409" lon="73.061550"><ele>616.059</ele><time>2025-08-10T10:19:01.009Z</time></trkpt><trkpt lat="33.666292" lon="73.061633"><ele>616.052</ele><time>2025-08-10T10:19:02.009Z</time></trkpt><trkpt lat="33.666175" lon="73.061713"><ele>615.931</ele><time>2025-08-10T10:19:03.009Z</time></trkpt><trkpt lat="33.666055" lon="73.061798"><ele>615.992</ele><time>2025-08-10T10:19:04.009Z</time></trkpt><trkpt lat="33.665933" lon="73.061886"><ele>615.962</ele><time>2025-08-10T10:19:05.009Z</time></trkpt><trkpt lat="33.665811" lon="73.061972"><ele>615.983</ele><time>2025-08-10T10:19:06.009Z</time></trkpt><trkpt lat="33.665685" lon="73.062061"><ele>616.011</ele><time>2025-08-10T10:19:07.009Z</time></trkpt><trkpt lat="33.665555" lon="73.062150"><ele>616.109</ele><time>2025-08-10T10:19:08.009Z</time></trkpt><trkpt lat="33.665418" lon="73.062242"><ele>616.248</ele><time>2025-08-10T10:19:09.009Z</time></trkpt><trkpt lat="33.665279" lon="73.062338"><ele>616.318</ele><time>2025-08-10T10:19:10.009Z</time></trkpt><trkpt lat="33.665138" lon="73.062439"><ele>616.462</ele><time>2025-08-10T10:19:11.009Z</time></trkpt><trkpt lat="33.664995" lon="73.062544"><ele>616.626</ele><time>2025-08-10T10:19:12.009Z</time></trkpt><trkpt lat="33.664854" lon="73.062652"><ele>616.830</ele><time>2025-08-10T10:19:13.009Z</time></trkpt><trkpt lat="33.664713" lon="73.062762"><ele>617.176</ele><time>2025-08-10T10:19:14.009Z</time></trkpt><trkpt lat="33.664568" lon="73.062874"><ele>617.439</ele><time>2025-08-10T10:19:15.009Z</time></trkpt><trkpt lat="33.664422" lon="73.062988"><ele>617.658</ele><time>2025-08-10T10:19:16.009Z</time></trkpt><trkpt lat="33.664274" lon="73.063100"><ele>617.759</ele><time>2025-08-10T10:19:17.009Z</time></trkpt><trkpt lat="33.664125" lon="73.063211"><ele>617.814</ele><time>2025-08-10T10:19:18.009Z</time></trkpt><trkpt lat="33.663971" lon="73.063325"><ele>617.854</ele><time>2025-08-10T10:19:19.009Z</time></trkpt><trkpt lat="33.663814" lon="73.063441"><ele>617.809</ele><time>2025-08-10T10:19:20.009Z</time></trkpt><trkpt lat="33.663656" lon="73.063557"><ele>617.709</ele><time>2025-08-10T10:19:21.009Z</time></trkpt><trkpt lat="33.663501" lon="73.063675"><ele>617.563</ele><time>2025-08-10T10:19:22.009Z</time></trkpt><trkpt lat="33.663342" lon="73.063795"><ele>617.173</ele><time>2025-08-10T10:19:23.009Z</time></trkpt><trkpt lat="33.663183" lon="73.063917"><ele>616.627</ele><time>2025-08-10T10:19:24.009Z</time></trkpt><trkpt lat="33.663024" lon="73.064038"><ele>616.051</ele><time>2025-08-10T10:19:25.009Z</time></trkpt><trkpt lat="33.662863" lon="73.064156"><ele>615.465</ele><time>2025-08-10T10:19:26.009Z</time></trkpt><trkpt lat="33.662704" lon="73.064273"><ele>614.841</ele><time>2025-08-10T10:19:27.009Z</time></trkpt><trkpt lat="33.662553" lon="73.064389"><ele>614.434</ele><time>2025-08-10T10:19:28.009Z</time></trkpt><trkpt lat="33.662408" lon="73.064499"><ele>614.183</ele><time>2025-08-10T10:19:29.009Z</time></trkpt><trkpt lat="33.662271" lon="73.064603"><ele>614.084</ele><time>2025-08-10T10:19:30.009Z</time></trkpt><trkpt lat="33.662142" lon="73.064704"><ele>614.053</ele><time>2025-08-10T10:19:31.009Z</time></trkpt><trkpt lat="33.662013" lon="73.064807"><ele>614.104</ele><time>2025-08-10T10:19:32.009Z</time></trkpt><trkpt lat="33.661887" lon="73.064917"><ele>614.414</ele><time>2025-08-10T10:19:33.009Z</time></trkpt><trkpt lat="33.661761" lon="73.065032"><ele>614.809</ele><time>2025-08-10T10:19:34.009Z</time></trkpt><trkpt lat="33.661635" lon="73.065146"><ele>615.227</ele><time>2025-08-10T10:19:35.009Z</time></trkpt><trkpt lat="33.661509" lon="73.065265"><ele>615.747</ele><time>2025-08-10T10:19:36.009Z</time></trkpt><trkpt lat="33.661382" lon="73.065388"><ele>616.291</ele><time>2025-08-10T10:19:37.010Z</time></trkpt><trkpt lat="33.661263" lon="73.065511"><ele>616.735</ele><time>2025-08-10T10:19:38.010Z</time></trkpt><trkpt lat="33.661143" lon="73.065634"><ele>617.279</ele><time>2025-08-10T10:19:39.009Z</time></trkpt><trkpt lat="33.661019" lon="73.065754"><ele>617.695</ele><time>2025-08-10T10:19:40.009Z</time></trkpt><trkpt lat="33.660894" lon="73.065873"><ele>617.948</ele><time>2025-08-10T10:19:41.009Z</time></trkpt><trkpt lat="33.660765" lon="73.065995"><ele>618.127</ele><time>2025-08-10T10:19:42.009Z</time></trkpt><trkpt lat="33.660629" lon="73.066121"><ele>618.248</ele><time>2025-08-10T10:19:43.009Z</time></trkpt><trkpt lat="33.660488" lon="73.066244"><ele>618.313</ele><time>2025-08-10T10:19:44.009Z</time></trkpt><trkpt lat="33.660343" lon="73.066365"><ele>618.343</ele><time>2025-08-10T10:19:45.009Z</time></trkpt><trkpt lat="33.660192" lon="73.066483"><ele>618.307</ele><time>2025-08-10T10:19:46.009Z</time></trkpt><trkpt lat="33.660040" lon="73.066598"><ele>618.209</ele><time>2025-08-10T10:19:47.009Z</time></trkpt><trkpt lat="33.659883" lon="73.066715"><ele>618.113</ele><time>2025-08-10T10:19:48.009Z</time></trkpt><trkpt lat="33.659719" lon="73.066824"><ele>618.173</ele><time>2025-08-10T10:19:49.009Z</time></trkpt><trkpt lat="33.659551" lon="73.066932"><ele>618.187</ele><time>2025-08-10T10:19:50.009Z</time></trkpt><trkpt lat="33.659379" lon="73.067034"><ele>618.141</ele><time>2025-08-10T10:19:51.009Z</time></trkpt><trkpt lat="33.659207" lon="73.067133"><ele>618.175</ele><time>2025-08-10T10:19:52.009Z</time></trkpt><trkpt lat="33.659038" lon="73.067231"><ele>618.151</ele><time>2025-08-10T10:19:53.009Z</time></trkpt><trkpt lat="33.658868" lon="73.067328"><ele>618.044</ele><time>2025-08-10T10:19:54.009Z</time></trkpt><trkpt lat="33.658698" lon="73.067426"><ele>617.983</ele><time>2025-08-10T10:19:55.009Z</time></trkpt><trkpt lat="33.658529" lon="73.067525"><ele>617.864</ele><time>2025-08-10T10:19:56.009Z</time></trkpt><trkpt lat="33.658358" lon="73.067624"><ele>617.764</ele><time>2025-08-10T10:19:57.009Z</time></trkpt><trkpt lat="33.658188" lon="73.067725"><ele>617.606</ele><time>2025-08-10T10:19:58.009Z</time></trkpt><trkpt lat="33.658017" lon="73.067826"><ele>617.516</ele><time>2025-08-10T10:19:59.009Z</time></trkpt><trkpt lat="33.657849" lon="73.067926"><ele>617.409</ele><time>2025-08-10T10:20:00.009Z</time></trkpt><trkpt lat="33.657680" lon="73.068027"><ele>617.328</ele><time>2025-08-10T10:20:01.009Z</time></trkpt><trkpt lat="33.657517" lon="73.068127"><ele>617.288</ele><time>2025-08-10T10:20:02.009Z</time></trkpt><trkpt lat="33.657354" lon="73.068226"><ele>617.112</ele><time>2025-08-10T10:20:03.009Z</time></trkpt><trkpt lat="33.657197" lon="73.068323"><ele>617.036</ele><time>2025-08-10T10:20:04.009Z</time></trkpt><trkpt lat="33.657041" lon="73.068421"><ele>616.950</ele><time>2025-08-10T10:20:05.009Z</time></trkpt><trkpt lat="33.656889" lon="73.068516"><ele>616.746</ele><time>2025-08-10T10:20:06.009Z</time></trkpt><trkpt lat="33.656742" lon="73.068610"><ele>616.529</ele><time>2025-08-10T10:20:07.009Z</time></trkpt><trkpt lat="33.656598" lon="73.068699"><ele>616.238</ele><time>2025-08-10T10:20:08.009Z</time></trkpt><trkpt lat="33.656462" lon="73.068791"><ele>615.879</ele><time>2025-08-10T10:20:09.009Z</time></trkpt><trkpt lat="33.656335" lon="73.068882"><ele>615.412</ele><time>2025-08-10T10:20:10.009Z</time></trkpt><trkpt lat="33.656219" lon="73.068969"><ele>614.932</ele><time>2025-08-10T10:20:11.009Z</time></trkpt><trkpt lat="33.656118" lon="73.069047"><ele>614.705</ele><time>2025-08-10T10:20:12.009Z</time></trkpt><trkpt lat="33.656027" lon="73.069115"><ele>614.209</ele><time>2025-08-10T10:20:13.009Z</time></trkpt><trkpt lat="33.655945" lon="73.069176"><ele>613.813</ele><time>2025-08-10T10:20:14.009Z</time></trkpt><trkpt lat="33.655870" lon="73.069228"><ele>613.423</ele><time>2025-08-10T10:20:15.009Z</time></trkpt><trkpt lat="33.655799" lon="73.069276"><ele>613.227</ele><time>2025-08-10T10:20:16.009Z</time></trkpt><trkpt lat="33.655733" lon="73.069322"><ele>612.921</ele><time>2025-08-10T10:20:17.009Z</time></trkpt><trkpt lat="33.655679" lon="73.069362"><ele>612.655</ele><time>2025-08-10T10:20:18.009Z</time></trkpt><trkpt lat="33.655624" lon="73.069404"><ele>612.451</ele><time>2025-08-10T10:20:20.009Z</time></trkpt><trkpt lat="33.655572" lon="73.069462"><ele>612.254</ele><time>2025-08-10T10:20:52.009Z</time></trkpt><trkpt lat="33.655518" lon="73.069502"><ele>612.193</ele><time>2025-08-10T10:20:55.009Z</time></trkpt><trkpt lat="33.655472" lon="73.069531"><ele>612.114</ele><time>2025-08-10T10:20:57.009Z</time></trkpt><trkpt lat="33.655421" lon="73.069566"><ele>612.166</ele><time>2025-08-10T10:20:59.009Z</time></trkpt><trkpt lat="33.655357" lon="73.069610"><ele>612.129</ele><time>2025-08-10T10:21:01.009Z</time></trkpt><trkpt lat="33.655311" lon="73.069642"><ele>612.121</ele><time>2025-08-10T10:21:03.009Z</time></trkpt><trkpt lat="33.655253" lon="73.069684"><ele>612.109</ele><time>2025-08-10T10:21:05.009Z</time></trkpt><trkpt lat="33.655173" lon="73.069735"><ele>612.088</ele><time>2025-08-10T10:21:07.009Z</time></trkpt><trkpt lat="33.655126" lon="73.069754"><ele>611.968</ele><time>2025-08-10T10:21:08.009Z</time></trkpt><trkpt lat="33.655068" lon="73.069766"><ele>611.862</ele><time>2025-08-10T10:21:09.009Z</time></trkpt><trkpt lat="33.655002" lon="73.069767"><ele>611.856</ele><time>2025-08-10T10:21:10.009Z</time></trkpt><trkpt lat="33.654951" lon="73.069760"><ele>611.720</ele><time>2025-08-10T10:21:11.009Z</time></trkpt><trkpt lat="33.654905" lon="73.069749"><ele>611.736</ele><time>2025-08-10T10:21:12.009Z</time></trkpt><trkpt lat="33.654860" lon="73.069729"><ele>611.749</ele><time>2025-08-10T10:21:13.009Z</time></trkpt><trkpt lat="33.654826" lon="73.069693"><ele>611.728</ele><time>2025-08-10T10:21:14.009Z</time></trkpt><trkpt lat="33.654779" lon="73.069605"><ele>611.649</ele><time>2025-08-10T10:21:16.009Z</time></trkpt><trkpt lat="33.654748" lon="73.069545"><ele>611.551</ele><time>2025-08-10T10:21:17.009Z</time></trkpt><trkpt lat="33.654703" lon="73.069488"><ele>611.301</ele><time>2025-08-10T10:21:18.009Z</time></trkpt><trkpt lat="33.654658" lon="73.069420"><ele>611.211</ele><time>2025-08-10T10:21:19.009Z</time></trkpt><trkpt lat="33.654615" lon="73.069351"><ele>611.209</ele><time>2025-08-10T10:21:20.009Z</time></trkpt><trkpt lat="33.654566" lon="73.069277"><ele>611.247</ele><time>2025-08-10T10:21:21.009Z</time></trkpt><trkpt lat="33.654521" lon="73.069201"><ele>611.237</ele><time>2025-08-10T10:21:22.009Z</time></trkpt><trkpt lat="33.654481" lon="73.069126"><ele>611.271</ele><time>2025-08-10T10:21:23.009Z</time></trkpt><trkpt lat="33.654448" lon="73.069056"><ele>611.295</ele><time>2025-08-10T10:21:24.009Z</time></trkpt><trkpt lat="33.654417" lon="73.068984"><ele>611.269</ele><time>2025-08-10T10:21:25.009Z</time></trkpt><trkpt lat="33.654389" lon="73.068910"><ele>611.115</ele><time>2025-08-10T10:21:26.009Z</time></trkpt><trkpt lat="33.654356" lon="73.068834"><ele>611.018</ele><time>2025-08-10T10:21:27.009Z</time></trkpt><trkpt lat="33.654323" lon="73.068759"><ele>610.937</ele><time>2025-08-10T10:21:28.009Z</time></trkpt><trkpt lat="33.654291" lon="73.068691"><ele>610.898</ele><time>2025-08-10T10:21:29.009Z</time></trkpt><trkpt lat="33.654263" lon="73.068626"><ele>610.818</ele><time>2025-08-10T10:21:30.009Z</time></trkpt><trkpt lat="33.654230" lon="73.068559"><ele>610.898</ele><time>2025-08-10T10:21:31.009Z</time></trkpt><trkpt lat="33.654195" lon="73.068492"><ele>610.817</ele><time>2025-08-10T10:21:32.009Z</time></trkpt><trkpt lat="33.654161" lon="73.068415"><ele>610.709</ele><time>2025-08-10T10:21:33.009Z</time></trkpt><trkpt lat="33.654120" lon="73.068335"><ele>610.623</ele><time>2025-08-10T10:21:34.009Z</time></trkpt><trkpt lat="33.654075" lon="73.068249"><ele>610.633</ele><time>2025-08-10T10:21:35.009Z</time></trkpt><trkpt lat="33.654028" lon="73.068161"><ele>610.657</ele><time>2025-08-10T10:21:36.009Z</time></trkpt><trkpt lat="33.653982" lon="73.068075"><ele>610.671</ele><time>2025-08-10T10:21:37.009Z</time></trkpt><trkpt lat="33.653939" lon="73.067986"><ele>610.655</ele><time>2025-08-10T10:21:38.009Z</time></trkpt><trkpt lat="33.653893" lon="73.067898"><ele>610.621</ele><time>2025-08-10T10:21:39.009Z</time></trkpt><trkpt lat="33.653846" lon="73.067812"><ele>610.634</ele><time>2025-08-10T10:21:40.009Z</time></trkpt><trkpt lat="33.653803" lon="73.067723"><ele>610.673</ele><time>2025-08-10T10:21:41.009Z</time></trkpt><trkpt lat="33.653758" lon="73.067637"><ele>610.644</ele><time>2025-08-10T10:21:42.009Z</time></trkpt><trkpt lat="33.653715" lon="73.067554"><ele>610.551</ele><time>2025-08-10T10:21:43.008Z</time></trkpt><trkpt lat="33.653672" lon="73.067473"><ele>610.401</ele><time>2025-08-10T10:21:44.008Z</time></trkpt><trkpt lat="33.653632" lon="73.067393"><ele>610.311</ele><time>2025-08-10T10:21:45.008Z</time></trkpt><trkpt lat="33.653595" lon="73.067317"><ele>610.209</ele><time>2025-08-10T10:21:46.008Z</time></trkpt><trkpt lat="33.653558" lon="73.067246"><ele>610.127</ele><time>2025-08-10T10:21:47.008Z</time></trkpt><trkpt lat="33.653522" lon="73.067180"><ele>610.167</ele><time>2025-08-10T10:21:48.008Z</time></trkpt><trkpt lat="33.653489" lon="73.067119"><ele>610.081</ele><time>2025-08-10T10:21:49.008Z</time></trkpt><trkpt lat="33.653457" lon="73.067057"><ele>610.015</ele><time>2025-08-10T10:21:50.008Z</time></trkpt><trkpt lat="33.653422" lon="73.066992"><ele>609.999</ele><time>2025-08-10T10:21:51.009Z</time></trkpt><trkpt lat="33.653383" lon="73.066921"><ele>609.915</ele><time>2025-08-10T10:21:52.009Z</time></trkpt><trkpt lat="33.653343" lon="73.066846"><ele>609.868</ele><time>2025-08-10T10:21:53.009Z</time></trkpt><trkpt lat="33.653301" lon="73.066769"><ele>609.867</ele><time>2025-08-10T10:21:54.008Z</time></trkpt><trkpt lat="33.653257" lon="73.066690"><ele>609.848</ele><time>2025-08-10T10:21:55.009Z</time></trkpt><trkpt lat="33.653215" lon="73.066611"><ele>609.898</ele><time>2025-08-10T10:21:56.009Z</time></trkpt><trkpt lat="33.653176" lon="73.066535"><ele>609.815</ele><time>2025-08-10T10:21:57.009Z</time></trkpt><trkpt lat="33.653137" lon="73.066459"><ele>609.826</ele><time>2025-08-10T10:21:58.009Z</time></trkpt><trkpt lat="33.653098" lon="73.066380"><ele>609.709</ele><time>2025-08-10T10:21:59.009Z</time></trkpt><trkpt lat="33.653058" lon="73.066300"><ele>609.621</ele><time>2025-08-10T10:22:00.009Z</time></trkpt><trkpt lat="33.653015" lon="73.066220"><ele>609.541</ele><time>2025-08-10T10:22:01.009Z</time></trkpt><trkpt lat="33.652971" lon="73.066141"><ele>609.555</ele><time>2025-08-10T10:22:02.009Z</time></trkpt><trkpt lat="33.652939" lon="73.066073"><ele>609.589</ele><time>2025-08-10T10:22:03.009Z</time></trkpt><trkpt lat="33.652913" lon="73.066029"><ele>609.523</ele><time>2025-08-10T10:22:04.009Z</time></trkpt><trkpt lat="33.652887" lon="73.065977"><ele>609.539</ele><time>2025-08-10T10:22:06.009Z</time></trkpt><trkpt lat="33.652864" lon="73.065926"><ele>609.582</ele><time>2025-08-10T10:22:09.009Z</time></trkpt><trkpt lat="33.652839" lon="73.065863"><ele>609.571</ele><time>2025-08-10T10:22:11.009Z</time></trkpt><trkpt lat="33.652790" lon="73.065767"><ele>609.492</ele><time>2025-08-10T10:22:13.009Z</time></trkpt><trkpt lat="33.652758" lon="73.065704"><ele>609.445</ele><time>2025-08-10T10:22:14.009Z</time></trkpt><trkpt lat="33.652727" lon="73.065640"><ele>609.447</ele><time>2025-08-10T10:22:15.009Z</time></trkpt><trkpt lat="33.652695" lon="73.065577"><ele>609.511</ele><time>2025-08-10T10:22:16.009Z</time></trkpt><trkpt lat="33.652662" lon="73.065509"><ele>609.609</ele><time>2025-08-10T10:22:17.009Z</time></trkpt><trkpt lat="33.652623" lon="73.065435"><ele>609.746</ele><time>2025-08-10T10:22:18.009Z</time></trkpt><trkpt lat="33.652586" lon="73.065358"><ele>609.726</ele><time>2025-08-10T10:22:19.009Z</time></trkpt><trkpt lat="33.652547" lon="73.065284"><ele>609.790</ele><time>2025-08-10T10:22:20.009Z</time></trkpt><trkpt lat="33.652511" lon="73.065215"><ele>609.744</ele><time>2025-08-10T10:22:21.009Z</time></trkpt><trkpt lat="33.652480" lon="73.065152"><ele>609.688</ele><time>2025-08-10T10:22:22.009Z</time></trkpt><trkpt lat="33.652453" lon="73.065096"><ele>609.624</ele><time>2025-08-10T10:22:23.009Z</time></trkpt><trkpt lat="33.652428" lon="73.065046"><ele>609.527</ele><time>2025-08-10T10:22:24.009Z</time></trkpt><trkpt lat="33.652402" lon="73.064996"><ele>609.526</ele><time>2025-08-10T10:22:25.009Z</time></trkpt><trkpt lat="33.652373" lon="73.064945"><ele>609.557</ele><time>2025-08-10T10:22:26.009Z</time></trkpt><trkpt lat="33.652342" lon="73.064897"><ele>609.526</ele><time>2025-08-10T10:22:27.009Z</time></trkpt><trkpt lat="33.652311" lon="73.064849"><ele>609.547</ele><time>2025-08-10T10:22:28.009Z</time></trkpt><trkpt lat="33.652282" lon="73.064806"><ele>609.511</ele><time>2025-08-10T10:22:29.009Z</time></trkpt><trkpt lat="33.652228" lon="73.064749"><ele>609.509</ele><time>2025-08-10T10:22:31.009Z</time></trkpt><trkpt lat="33.652182" lon="73.064711"><ele>609.574</ele><time>2025-08-10T10:22:33.009Z</time></trkpt><trkpt lat="33.652125" lon="73.064697"><ele>609.584</ele><time>2025-08-10T10:22:35.009Z</time></trkpt><trkpt lat="33.652071" lon="73.064706"><ele>609.548</ele><time>2025-08-10T10:22:37.009Z</time></trkpt><trkpt lat="33.652005" lon="73.064703"><ele>609.552</ele><time>2025-08-10T10:22:39.009Z</time></trkpt><trkpt lat="33.651921" lon="73.064686"><ele>609.546</ele><time>2025-08-10T10:22:41.009Z</time></trkpt><trkpt lat="33.651873" lon="73.064678"><ele>609.792</ele><time>2025-08-10T10:22:42.009Z</time></trkpt><trkpt lat="33.651825" lon="73.064670"><ele>610.065</ele><time>2025-08-10T10:22:43.009Z</time></trkpt><trkpt lat="33.651775" lon="73.064665"><ele>610.124</ele><time>2025-08-10T10:22:44.009Z</time></trkpt><trkpt lat="33.651727" lon="73.064658"><ele>610.255</ele><time>2025-08-10T10:22:45.009Z</time></trkpt><trkpt lat="33.651679" lon="73.064648"><ele>610.317</ele><time>2025-08-10T10:22:46.009Z</time></trkpt><trkpt lat="33.651627" lon="73.064642"><ele>610.487</ele><time>2025-08-10T10:22:47.009Z</time></trkpt><trkpt lat="33.651570" lon="73.064646"><ele>610.515</ele><time>2025-08-10T10:22:48.009Z</time></trkpt><trkpt lat="33.651513" lon="73.064651"><ele>610.609</ele><time>2025-08-10T10:22:49.009Z</time></trkpt><trkpt lat="33.651449" lon="73.064647"><ele>610.883</ele><time>2025-08-10T10:22:50.009Z</time></trkpt><trkpt lat="33.651380" lon="73.064638"><ele>610.943</ele><time>2025-08-10T10:22:51.009Z</time></trkpt><trkpt lat="33.651306" lon="73.064629"><ele>611.017</ele><time>2025-08-10T10:22:52.009Z</time></trkpt><trkpt lat="33.651233" lon="73.064622"><ele>611.211</ele><time>2025-08-10T10:22:53.009Z</time></trkpt><trkpt lat="33.651158" lon="73.064614"><ele>611.415</ele><time>2025-08-10T10:22:54.009Z</time></trkpt><trkpt lat="33.651084" lon="73.064605"><ele>611.621</ele><time>2025-08-10T10:22:55.009Z</time></trkpt><trkpt lat="33.651016" lon="73.064593"><ele>611.874</ele><time>2025-08-10T10:22:56.009Z</time></trkpt><trkpt lat="33.650955" lon="73.064582"><ele>612.033</ele><time>2025-08-10T10:22:57.009Z</time></trkpt><trkpt lat="33.650903" lon="73.064569"><ele>612.144</ele><time>2025-08-10T10:22:58.009Z</time></trkpt><trkpt lat="33.650856" lon="73.064560"><ele>612.322</ele><time>2025-08-10T10:22:59.009Z</time></trkpt><trkpt lat="33.650770" lon="73.064542"><ele>612.562</ele><time>2025-08-10T10:23:01.009Z</time></trkpt><trkpt lat="33.650723" lon="73.064535"><ele>612.608</ele><time>2025-08-10T10:23:02.009Z</time></trkpt><trkpt lat="33.650676" lon="73.064530"><ele>612.809</ele><time>2025-08-10T10:23:03.009Z</time></trkpt><trkpt lat="33.650624" lon="73.064527"><ele>612.974</ele><time>2025-08-10T10:23:04.009Z</time></trkpt><trkpt lat="33.650571" lon="73.064526"><ele>613.064</ele><time>2025-08-10T10:23:05.009Z</time></trkpt><trkpt lat="33.650525" lon="73.064526"><ele>613.128</ele><time>2025-08-10T10:23:06.009Z</time></trkpt><trkpt lat="33.650442" lon="73.064526"><ele>613.352</ele><time>2025-08-10T10:23:08.009Z</time></trkpt><trkpt lat="33.650353" lon="73.064518"><ele>613.596</ele><time>2025-08-10T10:23:10.009Z</time></trkpt><trkpt lat="33.650267" lon="73.064507"><ele>613.662</ele><time>2025-08-10T10:23:12.009Z</time></trkpt><trkpt lat="33.650188" lon="73.064495"><ele>613.745</ele><time>2025-08-10T10:23:14.009Z</time></trkpt><trkpt lat="33.650102" lon="73.064493"><ele>613.854</ele><time>2025-08-10T10:23:16.009Z</time></trkpt><trkpt lat="33.650056" lon="73.064489"><ele>613.965</ele><time>2025-08-10T10:23:17.009Z</time></trkpt><trkpt lat="33.649975" lon="73.064473"><ele>614.052</ele><time>2025-08-10T10:23:19.009Z</time></trkpt><trkpt lat="33.649908" lon="73.064461"><ele>614.153</ele><time>2025-08-10T10:23:21.009Z</time></trkpt><trkpt lat="33.649859" lon="73.064446"><ele>614.108</ele><time>2025-08-10T10:23:23.009Z</time></trkpt><trkpt lat="33.649811" lon="73.064443"><ele>614.209</ele><time>2025-08-10T10:23:28.009Z</time></trkpt><trkpt lat="33.649765" lon="73.064444"><ele>614.287</ele><time>2025-08-10T10:23:32.009Z</time></trkpt><trkpt lat="33.649705" lon="73.064429"><ele>614.397</ele><time>2025-08-10T10:23:35.009Z</time></trkpt><trkpt lat="33.649658" lon="73.064417"><ele>614.361</ele><time>2025-08-10T10:23:38.009Z</time></trkpt><trkpt lat="33.649603" lon="73.064397"><ele>614.325</ele><time>2025-08-10T10:23:42.009Z</time></trkpt><trkpt lat="33.649552" lon="73.064389"><ele>614.389</ele><time>2025-08-10T10:23:45.009Z</time></trkpt><trkpt lat="33.649498" lon="73.064383"><ele>614.315</ele><time>2025-08-10T10:23:47.009Z</time></trkpt><trkpt lat="33.649426" lon="73.064372"><ele>614.418</ele><time>2025-08-10T10:23:49.009Z</time></trkpt><trkpt lat="33.649338" lon="73.064357"><ele>614.587</ele><time>2025-08-10T10:23:51.009Z</time></trkpt><trkpt lat="33.649253" lon="73.064351"><ele>614.678</ele><time>2025-08-10T10:23:53.008Z</time></trkpt><trkpt lat="33.649168" lon="73.064350"><ele>614.651</ele><time>2025-08-10T10:23:55.008Z</time></trkpt><trkpt lat="33.649121" lon="73.064354"><ele>614.601</ele><time>2025-08-10T10:23:56.008Z</time></trkpt><trkpt lat="33.649030" lon="73.064352"><ele>614.611</ele><time>2025-08-10T10:23:58.008Z</time></trkpt><trkpt lat="33.648939" lon="73.064338"><ele>614.609</ele><time>2025-08-10T10:24:00.008Z</time></trkpt><trkpt lat="33.648885" lon="73.064328"><ele>614.637</ele><time>2025-08-10T10:24:01.008Z</time></trkpt><trkpt lat="33.648835" lon="73.064326"><ele>614.617</ele><time>2025-08-10T10:24:02.008Z</time></trkpt><trkpt lat="33.648788" lon="73.064321"><ele>614.621</ele><time>2025-08-10T10:24:03.008Z</time></trkpt><trkpt lat="33.648739" lon="73.064314"><ele>614.645</ele><time>2025-08-10T10:24:04.008Z</time></trkpt><trkpt lat="33.648689" lon="73.064312"><ele>614.699</ele><time>2025-08-10T10:24:05.008Z</time></trkpt><trkpt lat="33.648634" lon="73.064311"><ele>614.625</ele><time>2025-08-10T10:24:06.008Z</time></trkpt><trkpt lat="33.648585" lon="73.064306"><ele>614.628</ele><time>2025-08-10T10:24:07.008Z</time></trkpt><trkpt lat="33.648499" lon="73.064302"><ele>614.757</ele><time>2025-08-10T10:24:09.008Z</time></trkpt><trkpt lat="33.648421" lon="73.064296"><ele>614.828</ele><time>2025-08-10T10:24:11.008Z</time></trkpt><trkpt lat="33.648351" lon="73.064294"><ele>615.094</ele><time>2025-08-10T10:24:13.008Z</time></trkpt><trkpt lat="33.648285" lon="73.064294"><ele>615.157</ele><time>2025-08-10T10:24:15.008Z</time></trkpt><trkpt lat="33.648205" lon="73.064288"><ele>615.222</ele><time>2025-08-10T10:24:17.008Z</time></trkpt><trkpt lat="33.648157" lon="73.064281"><ele>615.309</ele><time>2025-08-10T10:24:18.008Z</time></trkpt><trkpt lat="33.648107" lon="73.064275"><ele>615.481</ele><time>2025-08-10T10:24:19.008Z</time></trkpt><trkpt lat="33.648061" lon="73.064273"><ele>615.561</ele><time>2025-08-10T10:24:20.008Z</time></trkpt><trkpt lat="33.647981" lon="73.064270"><ele>615.645</ele><time>2025-08-10T10:24:22.008Z</time></trkpt><trkpt lat="33.647916" lon="73.064273"><ele>615.789</ele><time>2025-08-10T10:24:24.008Z</time></trkpt><trkpt lat="33.647857" lon="73.064273"><ele>615.813</ele><time>2025-08-10T10:24:26.008Z</time></trkpt><trkpt lat="33.647796" lon="73.064271"><ele>615.899</ele><time>2025-08-10T10:24:28.008Z</time></trkpt><trkpt lat="33.647731" lon="73.064270"><ele>615.862</ele><time>2025-08-10T10:24:30.008Z</time></trkpt><trkpt lat="33.647645" lon="73.064266"><ele>615.821</ele><time>2025-08-10T10:24:32.008Z</time></trkpt><trkpt lat="33.647599" lon="73.064260"><ele>615.862</ele><time>2025-08-10T10:24:33.008Z</time></trkpt><trkpt lat="33.647520" lon="73.064256"><ele>615.822</ele><time>2025-08-10T10:24:35.008Z</time></trkpt><trkpt lat="33.647461" lon="73.064263"><ele>615.862</ele><time>2025-08-10T10:24:37.008Z</time></trkpt><trkpt lat="33.647408" lon="73.064265"><ele>615.808</ele><time>2025-08-10T10:24:39.008Z</time></trkpt><trkpt lat="33.647348" lon="73.064259"><ele>615.709</ele><time>2025-08-10T10:24:41.008Z</time></trkpt><trkpt lat="33.647285" lon="73.064251"><ele>615.734</ele><time>2025-08-10T10:24:43.008Z</time></trkpt><trkpt lat="33.647222" lon="73.064241"><ele>615.794</ele><time>2025-08-10T10:24:45.008Z</time></trkpt><trkpt lat="33.647165" lon="73.064237"><ele>615.738</ele><time>2025-08-10T10:24:48.008Z</time></trkpt><trkpt lat="33.647120" lon="73.064232"><ele>615.722</ele><time>2025-08-10T10:24:52.008Z</time></trkpt><trkpt lat="33.647074" lon="73.064214"><ele>615.686</ele><time>2025-08-10T10:24:55.008Z</time></trkpt><trkpt lat="33.647023" lon="73.064194"><ele>615.552</ele><time>2025-08-10T10:24:59.008Z</time></trkpt><trkpt lat="33.646950" lon="73.064180"><ele>615.475</ele><time>2025-08-10T10:25:02.008Z</time></trkpt><trkpt lat="33.646899" lon="73.064172"><ele>615.434</ele><time>2025-08-10T10:25:04.008Z</time></trkpt><trkpt lat="33.646853" lon="73.064166"><ele>615.435</ele><time>2025-08-10T10:25:06.008Z</time></trkpt><trkpt lat="33.646804" lon="73.064165"><ele>615.484</ele><time>2025-08-10T10:25:10.008Z</time></trkpt><trkpt lat="33.646850" lon="73.064144"><ele>615.407</ele><time>2025-08-10T10:29:08.007Z</time></trkpt><trkpt lat="33.646886" lon="73.064095"><ele>615.417</ele><time>2025-08-10T10:29:21.007Z</time></trkpt><trkpt lat="33.646933" lon="73.064107"><ele>615.709</ele><time>2025-08-10T10:29:30.007Z</time></trkpt><trkpt lat="33.646973" lon="73.064133"><ele>616.110</ele><time>2025-08-10T10:29:38.007Z</time></trkpt><trkpt lat="33.646995" lon="73.064184"><ele>616.260</ele><time>2025-08-10T10:29:52.007Z</time></trkpt><trkpt lat="33.646961" lon="73.064236"><ele>616.394</ele><time>2025-08-10T10:30:12.006Z</time></trkpt><trkpt lat="33.647014" lon="73.064237"><ele>616.378</ele><time>2025-08-10T10:30:36.006Z</time></trkpt><trkpt lat="33.647062" lon="73.064247"><ele>616.362</ele><time>2025-08-10T10:30:41.006Z</time></trkpt><trkpt lat="33.647100" lon="73.064282"><ele>616.338</ele><time>2025-08-10T10:30:46.006Z</time></trkpt><trkpt lat="33.647143" lon="73.064301"><ele>616.371</ele><time>2025-08-10T10:31:05.006Z</time></trkpt><trkpt lat="33.647157" lon="73.064352"><ele>616.320</ele><time>2025-08-10T10:32:19.006Z</time></trkpt><trkpt lat="33.647204" lon="73.064293"><ele>616.391</ele><time>2025-08-10T10:34:42.005Z</time></trkpt><trkpt lat="33.647158" lon="73.064290"><ele>616.843</ele><time>2025-08-10T10:35:16.005Z</time></trkpt><trkpt lat="33.647108" lon="73.064276"><ele>617.464</ele><time>2025-08-10T10:36:27.006Z</time></trkpt><trkpt lat="33.647142" lon="73.064312"><ele>617.510</ele><time>2025-08-10T10:38:39.006Z</time></trkpt><trkpt lat="33.647098" lon="73.064324"><ele>617.809</ele><time>2025-08-10T10:41:27.005Z</time></trkpt><trkpt lat="33.647045" lon="73.064305"><ele>618.196</ele><time>2025-08-10T10:41:38.005Z</time></trkpt><trkpt lat="33.647007" lon="73.064270"><ele>618.346</ele><time>2025-08-10T10:41:44.005Z</time></trkpt><trkpt lat="33.646969" lon="73.064224"><ele>618.410</ele><time>2025-08-10T10:41:50.005Z</time></trkpt><trkpt lat="33.646913" lon="73.064212"><ele>618.434</ele><time>2025-08-10T10:41:58.005Z</time></trkpt><trkpt lat="33.646863" lon="73.064208"><ele>618.468</ele><time>2025-08-10T10:42:05.005Z</time></trkpt><trkpt lat="33.646818" lon="73.064194"><ele>618.454</ele><time>2025-08-10T10:42:14.005Z</time></trkpt><trkpt lat="33.646809" lon="73.064141"><ele>618.477</ele><time>2025-08-10T10:44:18.006Z</time></trkpt><trkpt lat="33.646834" lon="73.064186"><ele>618.456</ele><time>2025-08-10T10:44:47.006Z</time></trkpt><trkpt lat="33.646752" lon="73.064159"><ele>618.467</ele><time>2025-08-10T10:44:53.006Z</time></trkpt><trkpt lat="33.646679" lon="73.064143"><ele>618.573</ele><time>2025-08-10T10:44:55.006Z</time></trkpt><trkpt lat="33.646616" lon="73.064143"><ele>618.585</ele><time>2025-08-10T10:44:57.005Z</time></trkpt><trkpt lat="33.646563" lon="73.064138"><ele>618.513</ele><time>2025-08-10T10:44:59.005Z</time></trkpt><trkpt lat="33.646497" lon="73.064130"><ele>618.509</ele><time>2025-08-10T10:45:01.005Z</time></trkpt><trkpt lat="33.646427" lon="73.064129"><ele>618.589</ele><time>2025-08-10T10:45:03.005Z</time></trkpt><trkpt lat="33.646343" lon="73.064117"><ele>618.499</ele><time>2025-08-10T10:45:05.005Z</time></trkpt><trkpt lat="33.646293" lon="73.064099"><ele>618.463</ele><time>2025-08-10T10:45:07.005Z</time></trkpt><trkpt lat="33.646236" lon="73.064096"><ele>618.417</ele><time>2025-08-10T10:45:12.005Z</time></trkpt><trkpt lat="33.646167" lon="73.064078"><ele>618.471</ele><time>2025-08-10T10:45:14.005Z</time></trkpt><trkpt lat="33.646081" lon="73.064065"><ele>618.337</ele><time>2025-08-10T10:45:16.005Z</time></trkpt><trkpt lat="33.646002" lon="73.064065"><ele>618.370</ele><time>2025-08-10T10:45:18.005Z</time></trkpt><trkpt lat="33.645946" lon="73.064065"><ele>618.579</ele><time>2025-08-10T10:45:20.005Z</time></trkpt><trkpt lat="33.645890" lon="73.064051"><ele>618.630</ele><time>2025-08-10T10:45:24.005Z</time></trkpt><trkpt lat="33.645822" lon="73.064052"><ele>618.549</ele><time>2025-08-10T10:45:27.005Z</time></trkpt><trkpt lat="33.645738" lon="73.064055"><ele>618.502</ele><time>2025-08-10T10:45:29.005Z</time></trkpt><trkpt lat="33.645693" lon="73.064049"><ele>618.322</ele><time>2025-08-10T10:45:30.005Z</time></trkpt><trkpt lat="33.645646" lon="73.064048"><ele>618.309</ele><time>2025-08-10T10:45:31.005Z</time></trkpt><trkpt lat="33.645601" lon="73.064043"><ele>618.356</ele><time>2025-08-10T10:45:32.005Z</time></trkpt><trkpt lat="33.645530" lon="73.064029"><ele>618.436</ele><time>2025-08-10T10:45:34.005Z</time></trkpt><trkpt lat="33.645447" lon="73.064015"><ele>618.540</ele><time>2025-08-10T10:45:36.005Z</time></trkpt><trkpt lat="33.645357" lon="73.064007"><ele>618.564</ele><time>2025-08-10T10:45:38.005Z</time></trkpt><trkpt lat="33.645310" lon="73.064002"><ele>618.598</ele><time>2025-08-10T10:45:39.005Z</time></trkpt><trkpt lat="33.645262" lon="73.063997"><ele>618.534</ele><time>2025-08-10T10:45:40.005Z</time></trkpt><trkpt lat="33.645195" lon="73.063993"><ele>618.697</ele><time>2025-08-10T10:45:42.005Z</time></trkpt><trkpt lat="33.645136" lon="73.063997"><ele>618.626</ele><time>2025-08-10T10:45:44.005Z</time></trkpt><trkpt lat="33.645046" lon="73.063995"><ele>618.697</ele><time>2025-08-10T10:45:46.005Z</time></trkpt><trkpt lat="33.644988" lon="73.063987"><ele>618.439</ele><time>2025-08-10T10:45:47.005Z</time></trkpt><trkpt lat="33.644916" lon="73.063985"><ele>618.301</ele><time>2025-08-10T10:45:48.005Z</time></trkpt><trkpt lat="33.644843" lon="73.063982"><ele>618.321</ele><time>2025-08-10T10:45:49.005Z</time></trkpt><trkpt lat="33.644765" lon="73.063976"><ele>618.409</ele><time>2025-08-10T10:45:50.005Z</time></trkpt><trkpt lat="33.644686" lon="73.063960"><ele>618.595</ele><time>2025-08-10T10:45:51.005Z</time></trkpt><trkpt lat="33.644610" lon="73.063949"><ele>618.775</ele><time>2025-08-10T10:45:52.005Z</time></trkpt><trkpt lat="33.644539" lon="73.063936"><ele>619.039</ele><time>2025-08-10T10:45:53.005Z</time></trkpt><trkpt lat="33.644472" lon="73.063920"><ele>619.373</ele><time>2025-08-10T10:45:54.005Z</time></trkpt><trkpt lat="33.644408" lon="73.063903"><ele>619.537</ele><time>2025-08-10T10:45:55.005Z</time></trkpt><trkpt lat="33.644351" lon="73.063884"><ele>619.653</ele><time>2025-08-10T10:45:56.005Z</time></trkpt><trkpt lat="33.644289" lon="73.063877"><ele>619.666</ele><time>2025-08-10T10:45:57.005Z</time></trkpt><trkpt lat="33.644219" lon="73.063869"><ele>619.645</ele><time>2025-08-10T10:45:58.005Z</time></trkpt><trkpt lat="33.644134" lon="73.063860"><ele>619.496</ele><time>2025-08-10T10:45:59.005Z</time></trkpt><trkpt lat="33.644041" lon="73.063855"><ele>619.369</ele><time>2025-08-10T10:46:00.005Z</time></trkpt><trkpt lat="33.643952" lon="73.063852"><ele>619.204</ele><time>2025-08-10T10:46:01.005Z</time></trkpt><trkpt lat="33.643867" lon="73.063844"><ele>619.224</ele><time>2025-08-10T10:46:02.005Z</time></trkpt><trkpt lat="33.643789" lon="73.063830"><ele>619.309</ele><time>2025-08-10T10:46:03.005Z</time></trkpt><trkpt lat="33.643714" lon="73.063825"><ele>619.568</ele><time>2025-08-10T10:46:04.005Z</time></trkpt><trkpt lat="33.643652" lon="73.063819"><ele>619.578</ele><time>2025-08-10T10:46:05.005Z</time></trkpt><trkpt lat="33.643606" lon="73.063808"><ele>619.532</ele><time>2025-08-10T10:46:06.005Z</time></trkpt><trkpt lat="33.643526" lon="73.063796"><ele>619.536</ele><time>2025-08-10T10:46:08.005Z</time></trkpt><trkpt lat="33.643481" lon="73.063800"><ele>619.330</ele><time>2025-08-10T10:46:09.005Z</time></trkpt><trkpt lat="33.643435" lon="73.063823"><ele>618.686</ele><time>2025-08-10T10:46:10.005Z</time></trkpt><trkpt lat="33.643375" lon="73.063878"><ele>618.359</ele><time>2025-08-10T10:46:12.005Z</time></trkpt><trkpt lat="33.643333" lon="73.063942"><ele>618.158</ele><time>2025-08-10T10:46:13.005Z</time></trkpt><trkpt lat="33.643289" lon="73.064020"><ele>618.029</ele><time>2025-08-10T10:46:14.005Z</time></trkpt><trkpt lat="33.643266" lon="73.064110"><ele>618.064</ele><time>2025-08-10T10:46:15.005Z</time></trkpt><trkpt lat="33.643253" lon="73.064214"><ele>618.006</ele><time>2025-08-10T10:46:16.005Z</time></trkpt><trkpt lat="33.643251" lon="73.064314"><ele>618.016</ele><time>2025-08-10T10:46:17.005Z</time></trkpt><trkpt lat="33.643248" lon="73.064426"><ele>618.009</ele><time>2025-08-10T10:46:18.005Z</time></trkpt><trkpt lat="33.643247" lon="73.064523"><ele>618.138</ele><time>2025-08-10T10:46:19.005Z</time></trkpt><trkpt lat="33.643248" lon="73.064622"><ele>618.298</ele><time>2025-08-10T10:46:20.005Z</time></trkpt><trkpt lat="33.643249" lon="73.064719"><ele>618.392</ele><time>2025-08-10T10:46:21.005Z</time></trkpt><trkpt lat="33.643248" lon="73.064813"><ele>618.466</ele><time>2025-08-10T10:46:22.005Z</time></trkpt><trkpt lat="33.643241" lon="73.064911"><ele>618.530</ele><time>2025-08-10T10:46:23.005Z</time></trkpt><trkpt lat="33.643231" lon="73.065007"><ele>618.526</ele><time>2025-08-10T10:46:24.005Z</time></trkpt><trkpt lat="33.643221" lon="73.065104"><ele>618.529</ele><time>2025-08-10T10:46:25.005Z</time></trkpt><trkpt lat="33.643210" lon="73.065199"><ele>618.668</ele><time>2025-08-10T10:46:26.005Z</time></trkpt><trkpt lat="33.643196" lon="73.065300"><ele>618.799</ele><time>2025-08-10T10:46:27.005Z</time></trkpt><trkpt lat="33.643182" lon="73.065403"><ele>618.733</ele><time>2025-08-10T10:46:28.005Z</time></trkpt><trkpt lat="33.643176" lon="73.065514"><ele>618.723</ele><time>2025-08-10T10:46:29.005Z</time></trkpt><trkpt lat="33.643168" lon="73.065635"><ele>618.815</ele><time>2025-08-10T10:46:30.005Z</time></trkpt><trkpt lat="33.643158" lon="73.065760"><ele>618.809</ele><time>2025-08-10T10:46:31.005Z</time></trkpt><trkpt lat="33.643150" lon="73.065914"><ele>619.035</ele><time>2025-08-10T10:46:32.005Z</time></trkpt><trkpt lat="33.643146" lon="73.066083"><ele>619.295</ele><time>2025-08-10T10:46:33.005Z</time></trkpt><trkpt lat="33.643140" lon="73.066223"><ele>619.469</ele><time>2025-08-10T10:46:34.005Z</time></trkpt><trkpt lat="33.643132" lon="73.066360"><ele>619.423</ele><time>2025-08-10T10:46:35.005Z</time></trkpt><trkpt lat="33.643119" lon="73.066494"><ele>619.577</ele><time>2025-08-10T10:46:36.005Z</time></trkpt><trkpt lat="33.643102" lon="73.066650"><ele>619.613</ele><time>2025-08-10T10:46:37.005Z</time></trkpt><trkpt lat="33.643098" lon="73.066784"><ele>619.756</ele><time>2025-08-10T10:46:38.005Z</time></trkpt><trkpt lat="33.643096" lon="73.066924"><ele>619.795</ele><time>2025-08-10T10:46:39.005Z</time></trkpt><trkpt lat="33.643106" lon="73.067060"><ele>619.866</ele><time>2025-08-10T10:46:40.005Z</time></trkpt><trkpt lat="33.643096" lon="73.067182"><ele>619.852</ele><time>2025-08-10T10:46:41.005Z</time></trkpt><trkpt lat="33.643088" lon="73.067298"><ele>619.753</ele><time>2025-08-10T10:46:42.005Z</time></trkpt><trkpt lat="33.643088" lon="73.067393"><ele>619.608</ele><time>2025-08-10T10:46:43.005Z</time></trkpt><trkpt lat="33.643088" lon="73.067476"><ele>619.509</ele><time>2025-08-10T10:46:44.005Z</time></trkpt><trkpt lat="33.643094" lon="73.067547"><ele>619.377</ele><time>2025-08-10T10:46:45.005Z</time></trkpt><trkpt lat="33.643095" lon="73.067604"><ele>619.217</ele><time>2025-08-10T10:46:46.005Z</time></trkpt><trkpt lat="33.643094" lon="73.067696"><ele>619.021</ele><time>2025-08-10T10:46:48.005Z</time></trkpt><trkpt lat="33.643090" lon="73.067755"><ele>618.815</ele><time>2025-08-10T10:46:50.005Z</time></trkpt><trkpt lat="33.643093" lon="73.067809"><ele>618.379</ele><time>2025-08-10T10:46:57.005Z</time></trkpt><trkpt lat="33.643108" lon="73.067875"><ele>617.955</ele><time>2025-08-10T10:47:08.005Z</time></trkpt><trkpt lat="33.643113" lon="73.067941"><ele>617.738</ele><time>2025-08-10T10:47:12.005Z</time></trkpt><trkpt lat="33.643098" lon="73.068018"><ele>617.777</ele><time>2025-08-10T10:47:15.005Z</time></trkpt><trkpt lat="33.643085" lon="73.068096"><ele>617.778</ele><time>2025-08-10T10:47:17.005Z</time></trkpt><trkpt lat="33.643075" lon="73.068179"><ele>617.742</ele><time>2025-08-10T10:47:20.005Z</time></trkpt><trkpt lat="33.643062" lon="73.068274"><ele>617.722</ele><time>2025-08-10T10:47:22.005Z</time></trkpt><trkpt lat="33.643056" lon="73.068332"><ele>617.614</ele><time>2025-08-10T10:47:23.005Z</time></trkpt><trkpt lat="33.643055" lon="73.068399"><ele>617.409</ele><time>2025-08-10T10:47:24.005Z</time></trkpt><trkpt lat="33.643050" lon="73.068465"><ele>617.466</ele><time>2025-08-10T10:47:25.005Z</time></trkpt><trkpt lat="33.643049" lon="73.068541"><ele>617.466</ele><time>2025-08-10T10:47:26.005Z</time></trkpt><trkpt lat="33.643044" lon="73.068627"><ele>617.470</ele><time>2025-08-10T10:47:27.005Z</time></trkpt><trkpt lat="33.643038" lon="73.068724"><ele>617.544</ele><time>2025-08-10T10:47:28.005Z</time></trkpt><trkpt lat="33.643031" lon="73.068821"><ele>617.638</ele><time>2025-08-10T10:47:29.005Z</time></trkpt><trkpt lat="33.643023" lon="73.068920"><ele>617.794</ele><time>2025-08-10T10:47:30.005Z</time></trkpt><trkpt lat="33.643016" lon="73.069014"><ele>617.877</ele><time>2025-08-10T10:47:31.005Z</time></trkpt><trkpt lat="33.643010" lon="73.069109"><ele>617.986</ele><time>2025-08-10T10:47:32.005Z</time></trkpt><trkpt lat="33.643004" lon="73.069201"><ele>618.047</ele><time>2025-08-10T10:47:33.005Z</time></trkpt><trkpt lat="33.643001" lon="73.069285"><ele>618.197</ele><time>2025-08-10T10:47:34.005Z</time></trkpt><trkpt lat="33.642996" lon="73.069361"><ele>618.223</ele><time>2025-08-10T10:47:35.005Z</time></trkpt><trkpt lat="33.642991" lon="73.069420"><ele>618.225</ele><time>2025-08-10T10:47:36.005Z</time></trkpt><trkpt lat="33.642979" lon="73.069520"><ele>618.209</ele><time>2025-08-10T10:47:38.005Z</time></trkpt><trkpt lat="33.642975" lon="73.069587"><ele>618.261</ele><time>2025-08-10T10:47:39.005Z</time></trkpt><trkpt lat="33.642974" lon="73.069664"><ele>617.911</ele><time>2025-08-10T10:47:40.005Z</time></trkpt><trkpt lat="33.642972" lon="73.069755"><ele>617.755</ele><time>2025-08-10T10:47:41.005Z</time></trkpt><trkpt lat="33.642968" lon="73.069853"><ele>617.629</ele><time>2025-08-10T10:47:42.005Z</time></trkpt><trkpt lat="33.642959" lon="73.069957"><ele>617.663</ele><time>2025-08-10T10:47:43.005Z</time></trkpt><trkpt lat="33.642950" lon="73.070067"><ele>617.789</ele><time>2025-08-10T10:47:44.005Z</time></trkpt><trkpt lat="33.642942" lon="73.070176"><ele>618.022</ele><time>2025-08-10T10:47:45.005Z</time></trkpt><trkpt lat="33.642936" lon="73.070285"><ele>618.391</ele><time>2025-08-10T10:47:46.005Z</time></trkpt><trkpt lat="33.642925" lon="73.070389"><ele>618.432</ele><time>2025-08-10T10:47:47.005Z</time></trkpt><trkpt lat="33.642918" lon="73.070496"><ele>618.619</ele><time>2025-08-10T10:47:48.005Z</time></trkpt><trkpt lat="33.642912" lon="73.070604"><ele>618.809</ele><time>2025-08-10T10:47:49.005Z</time></trkpt><trkpt lat="33.642903" lon="73.070708"><ele>619.019</ele><time>2025-08-10T10:47:50.005Z</time></trkpt><trkpt lat="33.642895" lon="73.070815"><ele>619.109</ele><time>2025-08-10T10:47:51.005Z</time></trkpt><trkpt lat="33.642888" lon="73.070919"><ele>619.183</ele><time>2025-08-10T10:47:52.005Z</time></trkpt><trkpt lat="33.642886" lon="73.071027"><ele>619.193</ele><time>2025-08-10T10:47:53.005Z</time></trkpt><trkpt lat="33.642881" lon="73.071139"><ele>619.057</ele><time>2025-08-10T10:47:54.005Z</time></trkpt><trkpt lat="33.642875" lon="73.071254"><ele>618.941</ele><time>2025-08-10T10:47:55.005Z</time></trkpt><trkpt lat="33.642869" lon="73.071371"><ele>618.985</ele><time>2025-08-10T10:47:56.005Z</time></trkpt><trkpt lat="33.642863" lon="73.071491"><ele>618.941</ele><time>2025-08-10T10:47:57.005Z</time></trkpt><trkpt lat="33.642857" lon="73.071611"><ele>619.034</ele><time>2025-08-10T10:47:58.005Z</time></trkpt><trkpt lat="33.642853" lon="73.071731"><ele>619.273</ele><time>2025-08-10T10:47:59.005Z</time></trkpt><trkpt lat="33.642848" lon="73.071852"><ele>619.434</ele><time>2025-08-10T10:48:00.005Z</time></trkpt><trkpt lat="33.642842" lon="73.071974"><ele>619.615</ele><time>2025-08-10T10:48:01.005Z</time></trkpt><trkpt lat="33.642838" lon="73.072093"><ele>619.765</ele><time>2025-08-10T10:48:02.005Z</time></trkpt><trkpt lat="33.642835" lon="73.072212"><ele>619.811</ele><time>2025-08-10T10:48:03.005Z</time></trkpt><trkpt lat="33.642826" lon="73.072331"><ele>619.809</ele><time>2025-08-10T10:48:04.005Z</time></trkpt><trkpt lat="33.642816" lon="73.072451"><ele>619.793</ele><time>2025-08-10T10:48:05.005Z</time></trkpt><trkpt lat="33.642803" lon="73.072568"><ele>619.633</ele><time>2025-08-10T10:48:06.005Z</time></trkpt><trkpt lat="33.642789" lon="73.072688"><ele>619.537</ele><time>2025-08-10T10:48:07.005Z</time></trkpt><trkpt lat="33.642776" lon="73.072805"><ele>619.471</ele><time>2025-08-10T10:48:08.005Z</time></trkpt><trkpt lat="33.642761" lon="73.072921"><ele>619.235</ele><time>2025-08-10T10:48:09.005Z</time></trkpt><trkpt lat="33.642745" lon="73.073033"><ele>619.051</ele><time>2025-08-10T10:48:10.005Z</time></trkpt><trkpt lat="33.642729" lon="73.073141"><ele>618.924</ele><time>2025-08-10T10:48:11.005Z</time></trkpt><trkpt lat="33.642711" lon="73.073236"><ele>618.833</ele><time>2025-08-10T10:48:12.005Z</time></trkpt><trkpt lat="33.642693" lon="73.073319"><ele>618.654</ele><time>2025-08-10T10:48:13.005Z</time></trkpt><trkpt lat="33.642679" lon="73.073396"><ele>618.369</ele><time>2025-08-10T10:48:14.005Z</time></trkpt><trkpt lat="33.642667" lon="73.073461"><ele>618.004</ele><time>2025-08-10T10:48:15.005Z</time></trkpt><trkpt lat="33.642651" lon="73.073547"><ele>617.824</ele><time>2025-08-10T10:48:17.005Z</time></trkpt><trkpt lat="33.642643" lon="73.073611"><ele>617.409</ele><time>2025-08-10T10:48:20.005Z</time></trkpt><trkpt lat="33.642636" lon="73.073676"><ele>616.658</ele><time>2025-08-10T10:48:26.005Z</time></trkpt><trkpt lat="33.642616" lon="73.073734"><ele>615.848</ele><time>2025-08-10T10:48:35.005Z</time></trkpt><trkpt lat="33.642582" lon="73.073793"><ele>615.852</ele><time>2025-08-10T10:48:42.005Z</time></trkpt><trkpt lat="33.642557" lon="73.073848"><ele>615.866</ele><time>2025-08-10T10:48:44.005Z</time></trkpt><trkpt lat="33.642536" lon="73.073949"><ele>615.810</ele><time>2025-08-10T10:48:46.005Z</time></trkpt><trkpt lat="33.642522" lon="73.074001"><ele>615.916</ele><time>2025-08-10T10:48:47.005Z</time></trkpt><trkpt lat="33.642505" lon="73.074059"><ele>616.059</ele><time>2025-08-10T10:48:48.005Z</time></trkpt><trkpt lat="33.642488" lon="73.074127"><ele>616.168</ele><time>2025-08-10T10:48:49.005Z</time></trkpt><trkpt lat="33.642469" lon="73.074202"><ele>616.239</ele><time>2025-08-10T10:48:50.005Z</time></trkpt><trkpt lat="33.642446" lon="73.074284"><ele>616.332</ele><time>2025-08-10T10:48:51.005Z</time></trkpt><trkpt lat="33.642424" lon="73.074371"><ele>616.592</ele><time>2025-08-10T10:48:52.005Z</time></trkpt><trkpt lat="33.642405" lon="73.074468"><ele>616.611</ele><time>2025-08-10T10:48:53.005Z</time></trkpt><trkpt lat="33.642383" lon="73.074570"><ele>616.709</ele><time>2025-08-10T10:48:54.005Z</time></trkpt><trkpt lat="33.642362" lon="73.074676"><ele>616.955</ele><time>2025-08-10T10:48:55.005Z</time></trkpt><trkpt lat="33.642342" lon="73.074783"><ele>617.255</ele><time>2025-08-10T10:48:56.005Z</time></trkpt><trkpt lat="33.642320" lon="73.074891"><ele>617.429</ele><time>2025-08-10T10:48:57.005Z</time></trkpt><trkpt lat="33.642299" lon="73.075003"><ele>617.683</ele><time>2025-08-10T10:48:58.005Z</time></trkpt><trkpt lat="33.642274" lon="73.075107"><ele>617.867</ele><time>2025-08-10T10:48:59.005Z</time></trkpt><trkpt lat="33.642249" lon="73.075213"><ele>618.133</ele><time>2025-08-10T10:49:00.005Z</time></trkpt><trkpt lat="33.642226" lon="73.075314"><ele>618.226</ele><time>2025-08-10T10:49:01.006Z</time></trkpt><trkpt lat="33.642204" lon="73.075411"><ele>618.445</ele><time>2025-08-10T10:49:02.005Z</time></trkpt><trkpt lat="33.642183" lon="73.075506"><ele>618.666</ele><time>2025-08-10T10:49:03.005Z</time></trkpt><trkpt lat="33.642168" lon="73.075598"><ele>618.836</ele><time>2025-08-10T10:49:04.005Z</time></trkpt><trkpt lat="33.642147" lon="73.075688"><ele>618.817</ele><time>2025-08-10T10:49:05.005Z</time></trkpt><trkpt lat="33.642130" lon="73.075776"><ele>618.818</ele><time>2025-08-10T10:49:06.005Z</time></trkpt><trkpt lat="33.642111" lon="73.075856"><ele>618.809</ele><time>2025-08-10T10:49:07.005Z</time></trkpt><trkpt lat="33.642091" lon="73.075929"><ele>618.845</ele><time>2025-08-10T10:49:08.005Z</time></trkpt><trkpt lat="33.642069" lon="73.076001"><ele>618.865</ele><time>2025-08-10T10:49:09.005Z</time></trkpt><trkpt lat="33.642051" lon="73.076065"><ele>618.879</ele><time>2025-08-10T10:49:10.006Z</time></trkpt><trkpt lat="33.642035" lon="73.076132"><ele>618.833</ele><time>2025-08-10T10:49:11.005Z</time></trkpt><trkpt lat="33.642016" lon="73.076204"><ele>618.867</ele><time>2025-08-10T10:49:12.005Z</time></trkpt><trkpt lat="33.641996" lon="73.076274"><ele>618.883</ele><time>2025-08-10T10:49:13.005Z</time></trkpt><trkpt lat="33.641973" lon="73.076333"><ele>618.956</ele><time>2025-08-10T10:49:14.005Z</time></trkpt><trkpt lat="33.641954" lon="73.076389"><ele>619.035</ele><time>2025-08-10T10:49:15.005Z</time></trkpt><trkpt lat="33.641922" lon="73.076481"><ele>619.116</ele><time>2025-08-10T10:49:17.005Z</time></trkpt><trkpt lat="33.641912" lon="73.076534"><ele>619.199</ele><time>2025-08-10T10:49:18.005Z</time></trkpt><trkpt lat="33.641901" lon="73.076598"><ele>619.107</ele><time>2025-08-10T10:49:20.005Z</time></trkpt><trkpt lat="33.641876" lon="73.076670"><ele>619.127</ele><time>2025-08-10T10:49:23.005Z</time></trkpt><trkpt lat="33.641858" lon="73.076732"><ele>619.009</ele><time>2025-08-10T10:49:25.005Z</time></trkpt><trkpt lat="33.641837" lon="73.076785"><ele>618.941</ele><time>2025-08-10T10:49:27.005Z</time></trkpt><trkpt lat="33.641805" lon="73.076855"><ele>618.871</ele><time>2025-08-10T10:49:30.005Z</time></trkpt><trkpt lat="33.641799" lon="73.076980"><ele>619.015</ele><time>2025-08-10T10:49:32.005Z</time></trkpt><trkpt lat="33.641806" lon="73.077044"><ele>619.229</ele><time>2025-08-10T10:49:33.005Z</time></trkpt><trkpt lat="33.641788" lon="73.077121"><ele>619.243</ele><time>2025-08-10T10:49:34.005Z</time></trkpt><trkpt lat="33.641762" lon="73.077214"><ele>619.279</ele><time>2025-08-10T10:49:35.005Z</time></trkpt><trkpt lat="33.641743" lon="73.077325"><ele>619.172</ele><time>2025-08-10T10:49:36.005Z</time></trkpt><trkpt lat="33.641724" lon="73.077410"><ele>619.171</ele><time>2025-08-10T10:49:37.005Z</time></trkpt><trkpt lat="33.641712" lon="73.077485"><ele>619.142</ele><time>2025-08-10T10:49:38.005Z</time></trkpt><trkpt lat="33.641705" lon="73.077556"><ele>619.118</ele><time>2025-08-10T10:49:39.005Z</time></trkpt><trkpt lat="33.641696" lon="73.077630"><ele>619.198</ele><time>2025-08-10T10:49:40.005Z</time></trkpt><trkpt lat="33.641689" lon="73.077711"><ele>619.117</ele><time>2025-08-10T10:49:41.005Z</time></trkpt><trkpt lat="33.641682" lon="73.077779"><ele>619.109</ele><time>2025-08-10T10:49:42.005Z</time></trkpt><trkpt lat="33.641675" lon="73.077836"><ele>619.163</ele><time>2025-08-10T10:49:43.005Z</time></trkpt><trkpt lat="33.641669" lon="73.077891"><ele>619.053</ele><time>2025-08-10T10:49:44.005Z</time></trkpt><trkpt lat="33.641662" lon="73.077993"><ele>618.997</ele><time>2025-08-10T10:49:46.005Z</time></trkpt><trkpt lat="33.641646" lon="73.078107"><ele>618.621</ele><time>2025-08-10T10:49:48.005Z</time></trkpt><trkpt lat="33.641633" lon="73.078179"><ele>618.465</ele><time>2025-08-10T10:49:49.005Z</time></trkpt><trkpt lat="33.641618" lon="73.078254"><ele>618.471</ele><time>2025-08-10T10:49:50.005Z</time></trkpt><trkpt lat="33.641603" lon="73.078341"><ele>618.484</ele><time>2025-08-10T10:49:51.005Z</time></trkpt><trkpt lat="33.641587" lon="73.078424"><ele>618.573</ele><time>2025-08-10T10:49:52.005Z</time></trkpt><trkpt lat="33.641573" lon="73.078501"><ele>618.664</ele><time>2025-08-10T10:49:53.005Z</time></trkpt><trkpt lat="33.641560" lon="73.078575"><ele>618.712</ele><time>2025-08-10T10:49:54.005Z</time></trkpt><trkpt lat="33.641547" lon="73.078642"><ele>618.732</ele><time>2025-08-10T10:49:55.005Z</time></trkpt><trkpt lat="33.641534" lon="73.078704"><ele>618.705</ele><time>2025-08-10T10:49:56.005Z</time></trkpt><trkpt lat="33.641524" lon="73.078764"><ele>618.709</ele><time>2025-08-10T10:49:57.005Z</time></trkpt><trkpt lat="33.641514" lon="73.078826"><ele>618.613</ele><time>2025-08-10T10:49:58.005Z</time></trkpt><trkpt lat="33.641510" lon="73.078880"><ele>618.553</ele><time>2025-08-10T10:49:59.005Z</time></trkpt><trkpt lat="33.641502" lon="73.078968"><ele>618.347</ele><time>2025-08-10T10:50:01.005Z</time></trkpt><trkpt lat="33.641492" lon="73.079026"><ele>618.261</ele><time>2025-08-10T10:50:02.005Z</time></trkpt><trkpt lat="33.641480" lon="73.079080"><ele>618.155</ele><time>2025-08-10T10:50:03.005Z</time></trkpt><trkpt lat="33.641453" lon="73.079182"><ele>617.891</ele><time>2025-08-10T10:50:05.005Z</time></trkpt><trkpt lat="33.641440" lon="73.079244"><ele>617.794</ele><time>2025-08-10T10:50:06.005Z</time></trkpt><trkpt lat="33.641426" lon="73.079314"><ele>617.683</ele><time>2025-08-10T10:50:07.005Z</time></trkpt><trkpt lat="33.641412" lon="73.079388"><ele>617.654</ele><time>2025-08-10T10:50:08.005Z</time></trkpt><trkpt lat="33.641399" lon="73.079460"><ele>617.685</ele><time>2025-08-10T10:50:09.005Z</time></trkpt><trkpt lat="33.641386" lon="73.079530"><ele>617.689</ele><time>2025-08-10T10:50:10.005Z</time></trkpt><trkpt lat="33.641374" lon="73.079599"><ele>617.617</ele><time>2025-08-10T10:50:11.005Z</time></trkpt><trkpt lat="33.641366" lon="73.079666"><ele>617.609</ele><time>2025-08-10T10:50:12.005Z</time></trkpt><trkpt lat="33.641357" lon="73.079728"><ele>617.740</ele><time>2025-08-10T10:50:13.005Z</time></trkpt><trkpt lat="33.641348" lon="73.079792"><ele>617.750</ele><time>2025-08-10T10:50:14.005Z</time></trkpt><trkpt lat="33.641338" lon="73.079854"><ele>617.764</ele><time>2025-08-10T10:50:15.005Z</time></trkpt><trkpt lat="33.641331" lon="73.079909"><ele>617.718</ele><time>2025-08-10T10:50:16.005Z</time></trkpt><trkpt lat="33.641317" lon="73.079988"><ele>617.742</ele><time>2025-08-10T10:50:18.005Z</time></trkpt><trkpt lat="33.641309" lon="73.080044"><ele>617.718</ele><time>2025-08-10T10:50:20.005Z</time></trkpt><trkpt lat="33.641298" lon="73.080109"><ele>617.641</ele><time>2025-08-10T10:50:22.005Z</time></trkpt><trkpt lat="33.641286" lon="73.080184"><ele>617.320</ele><time>2025-08-10T10:50:25.005Z</time></trkpt><trkpt lat="33.641292" lon="73.080242"><ele>617.181</ele><time>2025-08-10T10:50:29.005Z</time></trkpt><trkpt lat="33.641332" lon="73.080283"><ele>617.042</ele><time>2025-08-10T10:50:31.005Z</time></trkpt><trkpt lat="33.641408" lon="73.080315"><ele>616.922</ele><time>2025-08-10T10:50:33.005Z</time></trkpt><trkpt lat="33.641456" lon="73.080328"><ele>616.914</ele><time>2025-08-10T10:50:34.005Z</time></trkpt><trkpt lat="33.641508" lon="73.080340"><ele>616.909</ele><time>2025-08-10T10:50:35.005Z</time></trkpt><trkpt lat="33.641570" lon="73.080353"><ele>617.036</ele><time>2025-08-10T10:50:36.005Z</time></trkpt><trkpt lat="33.641631" lon="73.080365"><ele>617.146</ele><time>2025-08-10T10:50:37.005Z</time></trkpt><trkpt lat="33.641695" lon="73.080379"><ele>617.270</ele><time>2025-08-10T10:50:38.005Z</time></trkpt><trkpt lat="33.641755" lon="73.080397"><ele>617.334</ele><time>2025-08-10T10:50:39.005Z</time></trkpt><trkpt lat="33.641810" lon="73.080412"><ele>617.488</ele><time>2025-08-10T10:50:40.005Z</time></trkpt><trkpt lat="33.641861" lon="73.080428"><ele>617.524</ele><time>2025-08-10T10:50:41.005Z</time></trkpt><trkpt lat="33.641917" lon="73.080445"><ele>617.687</ele><time>2025-08-10T10:50:42.005Z</time></trkpt><trkpt lat="33.641983" lon="73.080455"><ele>617.786</ele><time>2025-08-10T10:50:43.005Z</time></trkpt><trkpt lat="33.642053" lon="73.080465"><ele>617.867</ele><time>2025-08-10T10:50:44.005Z</time></trkpt><trkpt lat="33.642124" lon="73.080477"><ele>617.912</ele><time>2025-08-10T10:50:45.005Z</time></trkpt><trkpt lat="33.642191" lon="73.080492"><ele>618.032</ele><time>2025-08-10T10:50:46.005Z</time></trkpt><trkpt lat="33.642263" lon="73.080508"><ele>618.005</ele><time>2025-08-10T10:50:47.005Z</time></trkpt><trkpt lat="33.642329" lon="73.080523"><ele>618.009</ele><time>2025-08-10T10:50:48.005Z</time></trkpt><trkpt lat="33.642380" lon="73.080531"><ele>618.093</ele><time>2025-08-10T10:50:49.005Z</time></trkpt><trkpt lat="33.642450" lon="73.080551"><ele>618.033</ele><time>2025-08-10T10:50:51.005Z</time></trkpt><trkpt lat="33.642528" lon="73.080566"><ele>618.087</ele><time>2025-08-10T10:50:53.005Z</time></trkpt><trkpt lat="33.642577" lon="73.080575"><ele>617.911</ele><time>2025-08-10T10:50:54.005Z</time></trkpt><trkpt lat="33.642628" lon="73.080583"><ele>617.785</ele><time>2025-08-10T10:50:55.005Z</time></trkpt><trkpt lat="33.642675" lon="73.080592"><ele>617.761</ele><time>2025-08-10T10:50:56.005Z</time></trkpt><trkpt lat="33.642759" lon="73.080615"><ele>617.734</ele><time>2025-08-10T10:50:58.005Z</time></trkpt><trkpt lat="33.642829" lon="73.080636"><ele>617.743</ele><time>2025-08-10T10:51:00.005Z</time></trkpt><trkpt lat="33.642880" lon="73.080643"><ele>617.894</ele><time>2025-08-10T10:51:03.005Z</time></trkpt><trkpt lat="33.642929" lon="73.080660"><ele>617.839</ele><time>2025-08-10T10:51:06.005Z</time></trkpt><trkpt lat="33.642978" lon="73.080665"><ele>617.801</ele><time>2025-08-10T10:51:10.005Z</time></trkpt><trkpt lat="33.643041" lon="73.080687"><ele>617.821</ele><time>2025-08-10T10:51:13.005Z</time></trkpt><trkpt lat="33.643118" lon="73.080697"><ele>617.809</ele><time>2025-08-10T10:51:15.005Z</time></trkpt><trkpt lat="33.643169" lon="73.080699"><ele>617.915</ele><time>2025-08-10T10:51:16.005Z</time></trkpt><trkpt lat="33.643229" lon="73.080701"><ele>618.015</ele><time>2025-08-10T10:51:17.004Z</time></trkpt><trkpt lat="33.643302" lon="73.080704"><ele>618.179</ele><time>2025-08-10T10:51:18.004Z</time></trkpt><trkpt lat="33.643379" lon="73.080706"><ele>618.243</ele><time>2025-08-10T10:51:19.004Z</time></trkpt><trkpt lat="33.643449" lon="73.080704"><ele>618.427</ele><time>2025-08-10T10:51:20.004Z</time></trkpt><trkpt lat="33.643514" lon="73.080697"><ele>618.783</ele><time>2025-08-10T10:51:22.004Z</time></trkpt><trkpt lat="33.643557" lon="73.080669"><ele>618.636</ele><time>2025-08-10T10:51:36.004Z</time></trkpt><trkpt lat="33.643508" lon="73.080669"><ele>618.645</ele><time>2025-08-10T10:54:08.004Z</time></trkpt><trkpt lat="33.643462" lon="73.080668"><ele>618.636</ele><time>2025-08-10T10:54:14.003Z</time></trkpt><trkpt lat="33.643502" lon="73.080642"><ele>618.789</ele><time>2025-08-10T10:54:21.003Z</time></trkpt><trkpt lat="33.643546" lon="73.080619"><ele>618.706</ele><time>2025-08-10T10:54:31.003Z</time></trkpt><trkpt lat="33.643579" lon="73.080575"><ele>618.726</ele><time>2025-08-10T10:54:38.003Z</time></trkpt><trkpt lat="33.643635" lon="73.080532"><ele>618.809</ele><time>2025-08-10T10:54:48.003Z</time></trkpt><trkpt lat="33.643559" lon="73.080586"><ele>618.840</ele><time>2025-08-10T10:55:00.003Z</time></trkpt><trkpt lat="33.643584" lon="73.080659"><ele>619.740</ele><time>2025-08-10T10:55:01.003Z</time></trkpt><trkpt lat="33.643559" lon="73.080557"><ele>620.664</ele><time>2025-08-10T10:55:04.003Z</time></trkpt><trkpt lat="33.643506" lon="73.080487"><ele>620.958</ele><time>2025-08-10T10:55:06.003Z</time></trkpt><trkpt lat="33.643551" lon="73.080449"><ele>621.382</ele><time>2025-08-10T10:55:10.003Z</time></trkpt><trkpt lat="33.643594" lon="73.080473"><ele>621.538</ele><time>2025-08-10T10:55:40.144Z</time></trkpt></trkseg></trk></gpx>