<?xml version="1.0" encoding="UTF-8"?><gpx creator="Wikiloc - https://www.wikiloc.com" version="1.1" xmlns="http://www.topografix.com/GPX/1/1" xmlns:xsi="http://www.w3.org/2001/XMLSchema-instance" xsi:schemaLocation="http://www.topografix.com/GPX/1/1 http://www.topografix.com/GPX/1/1/gpx.xsd"><metadata><name>Wikiloc - N222 Scenic Part: (Sta Mta de Penaguião - N2) - Peso da Régua - Pinhão</name><author><name>She´s 2 Wheeled</name><link href="https://www.wikiloc.com/wikiloc/user.do?id=5329988"><text>She´s 2 Wheeled on Wikiloc</text></link></author><link href="https://www.wikiloc.com/motorcycling-trails/n222-scenic-part-sta-mta-de-penaguiao-n2-peso-da-regua-pinhao-39390336"><text>N222 Scenic Part: (Sta Mta de Penaguião - N2) - Peso da Régua - Pinhão on Wikiloc</text></link><time>2019-07-30T16:42:58Z</time></metadata><trk><name>N222 Scenic Part: (Sta Mta de Penaguião - N2) - Peso da Régu...</name><cmt></cmt><desc></desc><trkseg><trkpt lat="41.210508" lon="-7.776215"><ele>238.835</ele><time>2019-07-30T16:03:41Z</time></trkpt><trkpt lat="41.210374" lon="-7.776207"><ele>238.886</ele><time>2019-07-30T16:03:56Z</time></trkpt><trkpt lat="41.210408" lon="-7.776249"><ele>238.814</ele><time>2019-07-30T16:04:15Z</time></trkpt><trkpt lat="41.210476" lon="-7.776280"><ele>238.808</ele><time>2019-07-30T16:04:29Z</time></trkpt><trkpt lat="41.210557" lon="-7.776324"><ele>238.866</ele><time>2019-07-30T16:04:31Z</time></trkpt><trkpt lat="41.210607" lon="-7.776344"><ele>238.832</ele><time>2019-07-30T16:04:32Z</time></trkpt><trkpt lat="41.210659" lon="-7.776343"><ele>238.896</ele><time>2019-07-30T16:04:33Z</time></trkpt><trkpt lat="41.210709" lon="-7.776355"><ele>238.812</ele><time>2019-07-30T16:04:34Z</time></trkpt><trkpt lat="41.210774" lon="-7.776362"><ele>238.893</ele><time>2019-07-30T16:04:35Z</time></trkpt><trkpt lat="41.210857" lon="-7.776418"><ele>238.886</ele><time>2019-07-30T16:04:37Z</time></trkpt><trkpt lat="41.210999" lon="-7.776451"><ele>238.816</ele><time>2019-07-30T16:04:39Z</time></trkpt><trkpt lat="41.211120" lon="-7.776500"><ele>239.959</ele><time>2019-07-30T16:04:41Z</time></trkpt><trkpt lat="41.211190" lon="-7.776515"><ele>240.427</ele><time>2019-07-30T16:04:42Z</time></trkpt><trkpt lat="41.211315" lon="-7.776570"><ele>242.168</ele><time>2019-07-30T16:04:44Z</time></trkpt><trkpt lat="41.211377" lon="-7.776578"><ele>242.914</ele><time>2019-07-30T16:04:45Z</time></trkpt><trkpt lat="41.211445" lon="-7.776588"><ele>244.208</ele><time>2019-07-30T16:04:46Z</time></trkpt><trkpt lat="41.211511" lon="-7.776597"><ele>245.795</ele><time>2019-07-30T16:04:47Z</time></trkpt><trkpt lat="41.211580" lon="-7.776621"><ele>245.841</ele><time>2019-07-30T16:04:48Z</time></trkpt><trkpt lat="41.211687" lon="-7.776658"><ele>247.165</ele><time>2019-07-30T16:04:50Z</time></trkpt><trkpt lat="41.211739" lon="-7.776658"><ele>247.321</ele><time>2019-07-30T16:04:51Z</time></trkpt><trkpt lat="41.211817" lon="-7.776713"><ele>248.142</ele><time>2019-07-30T16:04:53Z</time></trkpt><trkpt lat="41.211854" lon="-7.776761"><ele>248.425</ele><time>2019-07-30T16:04:54Z</time></trkpt><trkpt lat="41.211921" lon="-7.776866"><ele>249.135</ele><time>2019-07-30T16:04:56Z</time></trkpt><trkpt lat="41.211976" lon="-7.776940"><ele>250.018</ele><time>2019-07-30T16:04:58Z</time></trkpt><trkpt lat="41.212009" lon="-7.777035"><ele>249.663</ele><time>2019-07-30T16:05:00Z</time></trkpt><trkpt lat="41.212082" lon="-7.777117"><ele>253.044</ele><time>2019-07-30T16:05:02Z</time></trkpt><trkpt lat="41.212122" lon="-7.777178"><ele>254.318</ele><time>2019-07-30T16:05:03Z</time></trkpt><trkpt lat="41.212192" lon="-7.777306"><ele>255.608</ele><time>2019-07-30T16:05:05Z</time></trkpt><trkpt lat="41.212233" lon="-7.777369"><ele>255.359</ele><time>2019-07-30T16:05:06Z</time></trkpt><trkpt lat="41.212307" lon="-7.777487"><ele>254.595</ele><time>2019-07-30T16:05:08Z</time></trkpt><trkpt lat="41.212360" lon="-7.777594"><ele>253.739</ele><time>2019-07-30T16:05:10Z</time></trkpt><trkpt lat="41.212368" lon="-7.777657"><ele>253.345</ele><time>2019-07-30T16:05:11Z</time></trkpt><trkpt lat="41.212339" lon="-7.777784"><ele>252.036</ele><time>2019-07-30T16:05:13Z</time></trkpt><trkpt lat="41.212265" lon="-7.777898"><ele>251.439</ele><time>2019-07-30T16:05:15Z</time></trkpt><trkpt lat="41.212213" lon="-7.777924"><ele>251.399</ele><time>2019-07-30T16:05:16Z</time></trkpt><trkpt lat="41.212148" lon="-7.777951"><ele>250.932</ele><time>2019-07-30T16:05:17Z</time></trkpt><trkpt lat="41.212021" lon="-7.777989"><ele>251.361</ele><time>2019-07-30T16:05:19Z</time></trkpt><trkpt lat="41.211884" lon="-7.778020"><ele>250.621</ele><time>2019-07-30T16:05:21Z</time></trkpt><trkpt lat="41.211741" lon="-7.778060"><ele>249.813</ele><time>2019-07-30T16:05:23Z</time></trkpt><trkpt lat="41.211599" lon="-7.778107"><ele>250.208</ele><time>2019-07-30T16:05:25Z</time></trkpt><trkpt lat="41.211445" lon="-7.778120"><ele>249.449</ele><time>2019-07-30T16:05:27Z</time></trkpt><trkpt lat="41.211373" lon="-7.778132"><ele>249.415</ele><time>2019-07-30T16:05:28Z</time></trkpt><trkpt lat="41.211227" lon="-7.778153"><ele>248.469</ele><time>2019-07-30T16:05:30Z</time></trkpt><trkpt lat="41.211138" lon="-7.778158"><ele>247.035</ele><time>2019-07-30T16:05:31Z</time></trkpt><trkpt lat="41.210966" lon="-7.778185"><ele>244.916</ele><time>2019-07-30T16:05:33Z</time></trkpt><trkpt lat="41.210795" lon="-7.778204"><ele>243.499</ele><time>2019-07-30T16:05:35Z</time></trkpt><trkpt lat="41.210710" lon="-7.778220"><ele>241.869</ele><time>2019-07-30T16:05:36Z</time></trkpt><trkpt lat="41.210634" lon="-7.778232"><ele>241.412</ele><time>2019-07-30T16:05:37Z</time></trkpt><trkpt lat="41.210560" lon="-7.778265"><ele>240.456</ele><time>2019-07-30T16:05:38Z</time></trkpt><trkpt lat="41.210423" lon="-7.778365"><ele>238.559</ele><time>2019-07-30T16:05:40Z</time></trkpt><trkpt lat="41.210335" lon="-7.778517"><ele>237.414</ele><time>2019-07-30T16:05:42Z</time></trkpt><trkpt lat="41.210307" lon="-7.778610"><ele>236.308</ele><time>2019-07-30T16:05:43Z</time></trkpt><trkpt lat="41.210255" lon="-7.778807"><ele>234.858</ele><time>2019-07-30T16:05:45Z</time></trkpt><trkpt lat="41.210230" lon="-7.778916"><ele>233.284</ele><time>2019-07-30T16:05:46Z</time></trkpt><trkpt lat="41.210211" lon="-7.779017"><ele>232.878</ele><time>2019-07-30T16:05:47Z</time></trkpt><trkpt lat="41.210187" lon="-7.779219"><ele>232.294</ele><time>2019-07-30T16:05:49Z</time></trkpt><trkpt lat="41.210157" lon="-7.779421"><ele>230.725</ele><time>2019-07-30T16:05:51Z</time></trkpt><trkpt lat="41.210121" lon="-7.779605"><ele>229.838</ele><time>2019-07-30T16:05:53Z</time></trkpt><trkpt lat="41.210086" lon="-7.779738"><ele>228.788</ele><time>2019-07-30T16:05:55Z</time></trkpt><trkpt lat="41.210040" lon="-7.779801"><ele>228.251</ele><time>2019-07-30T16:05:56Z</time></trkpt><trkpt lat="41.210000" lon="-7.779876"><ele>227.974</ele><time>2019-07-30T16:05:57Z</time></trkpt><trkpt lat="41.209960" lon="-7.780048"><ele>225.156</ele><time>2019-07-30T16:05:59Z</time></trkpt><trkpt lat="41.209945" lon="-7.780188"><ele>221.021</ele><time>2019-07-30T16:06:00Z</time></trkpt><trkpt lat="41.209918" lon="-7.780389"><ele>218.608</ele><time>2019-07-30T16:06:02Z</time></trkpt><trkpt lat="41.209897" lon="-7.780473"><ele>217.930</ele><time>2019-07-30T16:06:03Z</time></trkpt><trkpt lat="41.209863" lon="-7.780552"><ele>217.116</ele><time>2019-07-30T16:06:04Z</time></trkpt><trkpt lat="41.209780" lon="-7.780694"><ele>217.570</ele><time>2019-07-30T16:06:06Z</time></trkpt><trkpt lat="41.209705" lon="-7.780879"><ele>218.656</ele><time>2019-07-30T16:06:08Z</time></trkpt><trkpt lat="41.209686" lon="-7.780973"><ele>216.757</ele><time>2019-07-30T16:06:09Z</time></trkpt><trkpt lat="41.209636" lon="-7.781192"><ele>216.350</ele><time>2019-07-30T16:06:11Z</time></trkpt><trkpt lat="41.209612" lon="-7.781312"><ele>216.680</ele><time>2019-07-30T16:06:12Z</time></trkpt><trkpt lat="41.209595" lon="-7.781435"><ele>217.163</ele><time>2019-07-30T16:06:13Z</time></trkpt><trkpt lat="41.209583" lon="-7.781570"><ele>218.083</ele><time>2019-07-30T16:06:14Z</time></trkpt><trkpt lat="41.209577" lon="-7.781866"><ele>216.925</ele><time>2019-07-30T16:06:16Z</time></trkpt><trkpt lat="41.209588" lon="-7.782171"><ele>216.517</ele><time>2019-07-30T16:06:18Z</time></trkpt><trkpt lat="41.209595" lon="-7.782327"><ele>217.308</ele><time>2019-07-30T16:06:19Z</time></trkpt><trkpt lat="41.209599" lon="-7.782480"><ele>217.711</ele><time>2019-07-30T16:06:20Z</time></trkpt><trkpt lat="41.209611" lon="-7.782799"><ele>217.917</ele><time>2019-07-30T16:06:22Z</time></trkpt><trkpt lat="41.209623" lon="-7.783119"><ele>216.791</ele><time>2019-07-30T16:06:24Z</time></trkpt><trkpt lat="41.209624" lon="-7.783278"><ele>216.667</ele><time>2019-07-30T16:06:25Z</time></trkpt><trkpt lat="41.209611" lon="-7.783444"><ele>216.588</ele><time>2019-07-30T16:06:26Z</time></trkpt><trkpt lat="41.209625" lon="-7.783761"><ele>217.871</ele><time>2019-07-30T16:06:28Z</time></trkpt><trkpt lat="41.209609" lon="-7.783893"><ele>219.141</ele><time>2019-07-30T16:06:29Z</time></trkpt><trkpt lat="41.209613" lon="-7.784187"><ele>219.374</ele><time>2019-07-30T16:06:31Z</time></trkpt><trkpt lat="41.209627" lon="-7.784399"><ele>220.787</ele><time>2019-07-30T16:06:33Z</time></trkpt><trkpt lat="41.209636" lon="-7.784507"><ele>221.542</ele><time>2019-07-30T16:06:34Z</time></trkpt><trkpt lat="41.209632" lon="-7.784706"><ele>221.026</ele><time>2019-07-30T16:06:36Z</time></trkpt><trkpt lat="41.209648" lon="-7.784811"><ele>221.708</ele><time>2019-07-30T16:06:37Z</time></trkpt><trkpt lat="41.209673" lon="-7.785052"><ele>221.791</ele><time>2019-07-30T16:06:39Z</time></trkpt><trkpt lat="41.209732" lon="-7.785291"><ele>221.847</ele><time>2019-07-30T16:06:41Z</time></trkpt><trkpt lat="41.209850" lon="-7.785489"><ele>221.181</ele><time>2019-07-30T16:06:43Z</time></trkpt><trkpt lat="41.209889" lon="-7.785585"><ele>221.067</ele><time>2019-07-30T16:06:44Z</time></trkpt><trkpt lat="41.209955" lon="-7.785778"><ele>221.258</ele><time>2019-07-30T16:06:46Z</time></trkpt><trkpt lat="41.209982" lon="-7.785863"><ele>221.831</ele><time>2019-07-30T16:06:47Z</time></trkpt><trkpt lat="41.210029" lon="-7.786008"><ele>221.981</ele><time>2019-07-30T16:06:49Z</time></trkpt><trkpt lat="41.210053" lon="-7.786103"><ele>222.724</ele><time>2019-07-30T16:06:51Z</time></trkpt><trkpt lat="41.210054" lon="-7.786200"><ele>223.736</ele><time>2019-07-30T16:06:53Z</time></trkpt><trkpt lat="41.210039" lon="-7.786264"><ele>223.917</ele><time>2019-07-30T16:06:55Z</time></trkpt><trkpt lat="41.209974" lon="-7.786310"><ele>224.318</ele><time>2019-07-30T16:06:57Z</time></trkpt><trkpt lat="41.209921" lon="-7.786377"><ele>225.608</ele><time>2019-07-30T16:06:59Z</time></trkpt><trkpt lat="41.209936" lon="-7.786503"><ele>226.516</ele><time>2019-07-30T16:07:01Z</time></trkpt><trkpt lat="41.209990" lon="-7.786668"><ele>227.342</ele><time>2019-07-30T16:07:03Z</time></trkpt><trkpt lat="41.210055" lon="-7.786835"><ele>227.226</ele><time>2019-07-30T16:07:05Z</time></trkpt><trkpt lat="41.210107" lon="-7.786992"><ele>227.212</ele><time>2019-07-30T16:07:07Z</time></trkpt><trkpt lat="41.210174" lon="-7.787057"><ele>227.233</ele><time>2019-07-30T16:07:08Z</time></trkpt><trkpt lat="41.210197" lon="-7.787205"><ele>227.066</ele><time>2019-07-30T16:07:10Z</time></trkpt><trkpt lat="41.210232" lon="-7.787333"><ele>226.876</ele><time>2019-07-30T16:07:12Z</time></trkpt><trkpt lat="41.210241" lon="-7.787436"><ele>227.929</ele><time>2019-07-30T16:07:14Z</time></trkpt><trkpt lat="41.210254" lon="-7.787499"><ele>231.334</ele><time>2019-07-30T16:07:54Z</time></trkpt><trkpt lat="41.210210" lon="-7.787556"><ele>231.155</ele><time>2019-07-30T16:07:56Z</time></trkpt><trkpt lat="41.210139" lon="-7.787565"><ele>230.710</ele><time>2019-07-30T16:07:57Z</time></trkpt><trkpt lat="41.210046" lon="-7.787538"><ele>230.408</ele><time>2019-07-30T16:07:59Z</time></trkpt><trkpt lat="41.209922" lon="-7.787408"><ele>231.166</ele><time>2019-07-30T16:08:01Z</time></trkpt><trkpt lat="41.209902" lon="-7.787329"><ele>230.642</ele><time>2019-07-30T16:08:02Z</time></trkpt><trkpt lat="41.209853" lon="-7.787221"><ele>231.796</ele><time>2019-07-30T16:08:03Z</time></trkpt><trkpt lat="41.209838" lon="-7.787097"><ele>231.762</ele><time>2019-07-30T16:08:04Z</time></trkpt><trkpt lat="41.209810" lon="-7.786822"><ele>232.773</ele><time>2019-07-30T16:08:06Z</time></trkpt><trkpt lat="41.209774" lon="-7.786700"><ele>232.456</ele><time>2019-07-30T16:08:07Z</time></trkpt><trkpt lat="41.209767" lon="-7.786588"><ele>232.166</ele><time>2019-07-30T16:08:08Z</time></trkpt><trkpt lat="41.209623" lon="-7.786406"><ele>232.449</ele><time>2019-07-30T16:08:10Z</time></trkpt><trkpt lat="41.209520" lon="-7.786350"><ele>232.579</ele><time>2019-07-30T16:08:11Z</time></trkpt><trkpt lat="41.209333" lon="-7.786230"><ele>234.005</ele><time>2019-07-30T16:08:13Z</time></trkpt><trkpt lat="41.209238" lon="-7.786172"><ele>234.325</ele><time>2019-07-30T16:08:14Z</time></trkpt><trkpt lat="41.209093" lon="-7.786068"><ele>234.908</ele><time>2019-07-30T16:08:16Z</time></trkpt><trkpt lat="41.209040" lon="-7.785990"><ele>236.260</ele><time>2019-07-30T16:08:17Z</time></trkpt><trkpt lat="41.208978" lon="-7.785792"><ele>238.856</ele><time>2019-07-30T16:08:19Z</time></trkpt><trkpt lat="41.208966" lon="-7.785683"><ele>239.680</ele><time>2019-07-30T16:08:20Z</time></trkpt><trkpt lat="41.208991" lon="-7.785557"><ele>240.336</ele><time>2019-07-30T16:08:21Z</time></trkpt><trkpt lat="41.209027" lon="-7.785328"><ele>239.297</ele><time>2019-07-30T16:08:23Z</time></trkpt><trkpt lat="41.209025" lon="-7.785246"><ele>240.260</ele><time>2019-07-30T16:08:24Z</time></trkpt><trkpt lat="41.209032" lon="-7.785088"><ele>241.460</ele><time>2019-07-30T16:08:26Z</time></trkpt><trkpt lat="41.209055" lon="-7.784980"><ele>242.163</ele><time>2019-07-30T16:08:27Z</time></trkpt><trkpt lat="41.208943" lon="-7.784884"><ele>243.061</ele><time>2019-07-30T16:08:29Z</time></trkpt><trkpt lat="41.208898" lon="-7.784838"><ele>242.021</ele><time>2019-07-30T16:08:30Z</time></trkpt><trkpt lat="41.208858" lon="-7.784663"><ele>243.313</ele><time>2019-07-30T16:08:32Z</time></trkpt><trkpt lat="41.208735" lon="-7.784511"><ele>244.108</ele><time>2019-07-30T16:08:34Z</time></trkpt><trkpt lat="41.208661" lon="-7.784450"><ele>244.049</ele><time>2019-07-30T16:08:35Z</time></trkpt><trkpt lat="41.208517" lon="-7.784307"><ele>244.535</ele><time>2019-07-30T16:08:37Z</time></trkpt><trkpt lat="41.208430" lon="-7.784122"><ele>244.259</ele><time>2019-07-30T16:08:39Z</time></trkpt><trkpt lat="41.208424" lon="-7.783987"><ele>245.245</ele><time>2019-07-30T16:08:40Z</time></trkpt><trkpt lat="41.208432" lon="-7.783862"><ele>245.476</ele><time>2019-07-30T16:08:41Z</time></trkpt><trkpt lat="41.208481" lon="-7.783598"><ele>246.179</ele><time>2019-07-30T16:08:43Z</time></trkpt><trkpt lat="41.208526" lon="-7.783311"><ele>248.199</ele><time>2019-07-30T16:08:45Z</time></trkpt><trkpt lat="41.208528" lon="-7.782989"><ele>249.272</ele><time>2019-07-30T16:08:47Z</time></trkpt><trkpt lat="41.208518" lon="-7.782818"><ele>249.859</ele><time>2019-07-30T16:08:48Z</time></trkpt><trkpt lat="41.208501" lon="-7.782436"><ele>251.303</ele><time>2019-07-30T16:08:50Z</time></trkpt><trkpt lat="41.208501" lon="-7.782253"><ele>251.823</ele><time>2019-07-30T16:08:51Z</time></trkpt><trkpt lat="41.208505" lon="-7.782060"><ele>252.808</ele><time>2019-07-30T16:08:52Z</time></trkpt><trkpt lat="41.208522" lon="-7.781670"><ele>254.278</ele><time>2019-07-30T16:08:54Z</time></trkpt><trkpt lat="41.208519" lon="-7.781489"><ele>254.664</ele><time>2019-07-30T16:08:55Z</time></trkpt><trkpt lat="41.208513" lon="-7.781308"><ele>255.498</ele><time>2019-07-30T16:08:56Z</time></trkpt><trkpt lat="41.208455" lon="-7.780986"><ele>256.374</ele><time>2019-07-30T16:08:58Z</time></trkpt><trkpt lat="41.208439" lon="-7.780819"><ele>256.445</ele><time>2019-07-30T16:08:59Z</time></trkpt><trkpt lat="41.208414" lon="-7.780668"><ele>256.318</ele><time>2019-07-30T16:09:00Z</time></trkpt><trkpt lat="41.208383" lon="-7.780532"><ele>256.338</ele><time>2019-07-30T16:09:01Z</time></trkpt><trkpt lat="41.208278" lon="-7.780270"><ele>256.371</ele><time>2019-07-30T16:09:03Z</time></trkpt><trkpt lat="41.208128" lon="-7.780053"><ele>256.777</ele><time>2019-07-30T16:09:05Z</time></trkpt><trkpt lat="41.208048" lon="-7.779946"><ele>257.061</ele><time>2019-07-30T16:09:06Z</time></trkpt><trkpt lat="41.207868" lon="-7.779720"><ele>257.127</ele><time>2019-07-30T16:09:08Z</time></trkpt><trkpt lat="41.207706" lon="-7.779485"><ele>257.308</ele><time>2019-07-30T16:09:10Z</time></trkpt><trkpt lat="41.207521" lon="-7.779249"><ele>258.050</ele><time>2019-07-30T16:09:12Z</time></trkpt><trkpt lat="41.207435" lon="-7.779156"><ele>259.586</ele><time>2019-07-30T16:09:13Z</time></trkpt><trkpt lat="41.207209" lon="-7.779027"><ele>258.580</ele><time>2019-07-30T16:09:15Z</time></trkpt><trkpt lat="41.207110" lon="-7.778969"><ele>257.566</ele><time>2019-07-30T16:09:16Z</time></trkpt><trkpt lat="41.207000" lon="-7.778914"><ele>256.667</ele><time>2019-07-30T16:09:17Z</time></trkpt><trkpt lat="41.206820" lon="-7.778827"><ele>255.890</ele><time>2019-07-30T16:09:19Z</time></trkpt><trkpt lat="41.206721" lon="-7.778785"><ele>256.090</ele><time>2019-07-30T16:09:20Z</time></trkpt><trkpt lat="41.206625" lon="-7.778753"><ele>255.983</ele><time>2019-07-30T16:09:21Z</time></trkpt><trkpt lat="41.206542" lon="-7.778735"><ele>256.415</ele><time>2019-07-30T16:09:22Z</time></trkpt><trkpt lat="41.206464" lon="-7.778763"><ele>257.165</ele><time>2019-07-30T16:09:23Z</time></trkpt><trkpt lat="41.206357" lon="-7.778835"><ele>257.011</ele><time>2019-07-30T16:09:25Z</time></trkpt><trkpt lat="41.206334" lon="-7.778926"><ele>257.008</ele><time>2019-07-30T16:09:26Z</time></trkpt><trkpt lat="41.206295" lon="-7.779026"><ele>257.674</ele><time>2019-07-30T16:09:27Z</time></trkpt><trkpt lat="41.206194" lon="-7.779179"><ele>257.570</ele><time>2019-07-30T16:09:29Z</time></trkpt><trkpt lat="41.206123" lon="-7.779234"><ele>258.584</ele><time>2019-07-30T16:09:30Z</time></trkpt><trkpt lat="41.206051" lon="-7.779277"><ele>259.250</ele><time>2019-07-30T16:09:31Z</time></trkpt><trkpt lat="41.205970" lon="-7.779277"><ele>259.481</ele><time>2019-07-30T16:09:32Z</time></trkpt><trkpt lat="41.205810" lon="-7.779265"><ele>259.484</ele><time>2019-07-30T16:09:34Z</time></trkpt><trkpt lat="41.205653" lon="-7.779275"><ele>259.074</ele><time>2019-07-30T16:09:36Z</time></trkpt><trkpt lat="41.205513" lon="-7.779318"><ele>259.867</ele><time>2019-07-30T16:09:38Z</time></trkpt><trkpt lat="41.205379" lon="-7.779265"><ele>260.545</ele><time>2019-07-30T16:09:40Z</time></trkpt><trkpt lat="41.205277" lon="-7.779084"><ele>261.447</ele><time>2019-07-30T16:09:42Z</time></trkpt><trkpt lat="41.205159" lon="-7.778947"><ele>261.811</ele><time>2019-07-30T16:09:44Z</time></trkpt><trkpt lat="41.204977" lon="-7.778800"><ele>262.808</ele><time>2019-07-30T16:09:46Z</time></trkpt><trkpt lat="41.204782" lon="-7.778675"><ele>263.047</ele><time>2019-07-30T16:09:48Z</time></trkpt><trkpt lat="41.204582" lon="-7.778631"><ele>263.543</ele><time>2019-07-30T16:09:50Z</time></trkpt><trkpt lat="41.204347" lon="-7.778607"><ele>264.437</ele><time>2019-07-30T16:09:52Z</time></trkpt><trkpt lat="41.204234" lon="-7.778599"><ele>264.353</ele><time>2019-07-30T16:09:53Z</time></trkpt><trkpt lat="41.203991" lon="-7.778564"><ele>264.444</ele><time>2019-07-30T16:09:55Z</time></trkpt><trkpt lat="41.203872" lon="-7.778542"><ele>264.367</ele><time>2019-07-30T16:09:56Z</time></trkpt><trkpt lat="41.203677" lon="-7.778382"><ele>264.647</ele><time>2019-07-30T16:09:58Z</time></trkpt><trkpt lat="41.203448" lon="-7.778194"><ele>264.380</ele><time>2019-07-30T16:10:00Z</time></trkpt><trkpt lat="41.203229" lon="-7.778016"><ele>264.522</ele><time>2019-07-30T16:10:02Z</time></trkpt><trkpt lat="41.203120" lon="-7.777939"><ele>264.662</ele><time>2019-07-30T16:10:03Z</time></trkpt><trkpt lat="41.202853" lon="-7.777787"><ele>264.008</ele><time>2019-07-30T16:10:05Z</time></trkpt><trkpt lat="41.202617" lon="-7.777630"><ele>263.608</ele><time>2019-07-30T16:10:07Z</time></trkpt><trkpt lat="41.202519" lon="-7.777527"><ele>263.785</ele><time>2019-07-30T16:10:08Z</time></trkpt><trkpt lat="41.202331" lon="-7.777254"><ele>264.791</ele><time>2019-07-30T16:10:10Z</time></trkpt><trkpt lat="41.202189" lon="-7.776978"><ele>265.045</ele><time>2019-07-30T16:10:12Z</time></trkpt><trkpt lat="41.202019" lon="-7.776737"><ele>265.791</ele><time>2019-07-30T16:10:14Z</time></trkpt><trkpt lat="41.201838" lon="-7.776517"><ele>266.682</ele><time>2019-07-30T16:10:16Z</time></trkpt><trkpt lat="41.201673" lon="-7.776314"><ele>268.825</ele><time>2019-07-30T16:10:18Z</time></trkpt><trkpt lat="41.201492" lon="-7.776196"><ele>270.085</ele><time>2019-07-30T16:10:20Z</time></trkpt><trkpt lat="41.201279" lon="-7.776193"><ele>269.098</ele><time>2019-07-30T16:10:22Z</time></trkpt><trkpt lat="41.201031" lon="-7.776231"><ele>267.714</ele><time>2019-07-30T16:10:24Z</time></trkpt><trkpt lat="41.200826" lon="-7.776293"><ele>264.854</ele><time>2019-07-30T16:10:26Z</time></trkpt><trkpt lat="41.200745" lon="-7.776329"><ele>265.009</ele><time>2019-07-30T16:10:27Z</time></trkpt><trkpt lat="41.200554" lon="-7.776438"><ele>263.508</ele><time>2019-07-30T16:10:29Z</time></trkpt><trkpt lat="41.200409" lon="-7.776631"><ele>262.674</ele><time>2019-07-30T16:10:31Z</time></trkpt><trkpt lat="41.200285" lon="-7.776844"><ele>263.080</ele><time>2019-07-30T16:10:33Z</time></trkpt><trkpt lat="41.200232" lon="-7.776943"><ele>262.554</ele><time>2019-07-30T16:10:34Z</time></trkpt><trkpt lat="41.200159" lon="-7.777027"><ele>262.510</ele><time>2019-07-30T16:10:35Z</time></trkpt><trkpt lat="41.199978" lon="-7.777163"><ele>261.171</ele><time>2019-07-30T16:10:37Z</time></trkpt><trkpt lat="41.199857" lon="-7.777200"><ele>259.714</ele><time>2019-07-30T16:10:38Z</time></trkpt><trkpt lat="41.199748" lon="-7.777235"><ele>258.834</ele><time>2019-07-30T16:10:39Z</time></trkpt><trkpt lat="41.199629" lon="-7.777241"><ele>257.847</ele><time>2019-07-30T16:10:40Z</time></trkpt><trkpt lat="41.199411" lon="-7.777280"><ele>256.585</ele><time>2019-07-30T16:10:42Z</time></trkpt><trkpt lat="41.199305" lon="-7.777291"><ele>256.589</ele><time>2019-07-30T16:10:43Z</time></trkpt><trkpt lat="41.199180" lon="-7.777291"><ele>255.917</ele><time>2019-07-30T16:10:44Z</time></trkpt><trkpt lat="41.198967" lon="-7.777373"><ele>256.808</ele><time>2019-07-30T16:10:46Z</time></trkpt><trkpt lat="41.198786" lon="-7.777531"><ele>256.961</ele><time>2019-07-30T16:10:48Z</time></trkpt><trkpt lat="41.198612" lon="-7.777701"><ele>255.987</ele><time>2019-07-30T16:10:50Z</time></trkpt><trkpt lat="41.198466" lon="-7.777875"><ele>255.021</ele><time>2019-07-30T16:10:52Z</time></trkpt><trkpt lat="41.198277" lon="-7.777919"><ele>256.067</ele><time>2019-07-30T16:10:54Z</time></trkpt><trkpt lat="41.198170" lon="-7.777921"><ele>256.488</ele><time>2019-07-30T16:10:55Z</time></trkpt><trkpt lat="41.197952" lon="-7.777830"><ele>258.341</ele><time>2019-07-30T16:10:57Z</time></trkpt><trkpt lat="41.197840" lon="-7.777757"><ele>258.621</ele><time>2019-07-30T16:10:58Z</time></trkpt><trkpt lat="41.197726" lon="-7.777679"><ele>259.514</ele><time>2019-07-30T16:10:59Z</time></trkpt><trkpt lat="41.197511" lon="-7.777553"><ele>260.623</ele><time>2019-07-30T16:11:01Z</time></trkpt><trkpt lat="41.197397" lon="-7.777488"><ele>260.983</ele><time>2019-07-30T16:11:02Z</time></trkpt><trkpt lat="41.197180" lon="-7.777350"><ele>261.811</ele><time>2019-07-30T16:11:04Z</time></trkpt><trkpt lat="41.197003" lon="-7.777202"><ele>263.408</ele><time>2019-07-30T16:11:06Z</time></trkpt><trkpt lat="41.196833" lon="-7.777132"><ele>262.335</ele><time>2019-07-30T16:11:08Z</time></trkpt><trkpt lat="41.196642" lon="-7.777120"><ele>263.111</ele><time>2019-07-30T16:11:10Z</time></trkpt><trkpt lat="41.196550" lon="-7.777149"><ele>263.585</ele><time>2019-07-30T16:11:11Z</time></trkpt><trkpt lat="41.196405" lon="-7.777277"><ele>264.381</ele><time>2019-07-30T16:11:13Z</time></trkpt><trkpt lat="41.196333" lon="-7.777360"><ele>264.792</ele><time>2019-07-30T16:11:14Z</time></trkpt><trkpt lat="41.196284" lon="-7.777488"><ele>266.065</ele><time>2019-07-30T16:11:15Z</time></trkpt><trkpt lat="41.196180" lon="-7.777757"><ele>266.965</ele><time>2019-07-30T16:11:17Z</time></trkpt><trkpt lat="41.196093" lon="-7.778015"><ele>268.948</ele><time>2019-07-30T16:11:19Z</time></trkpt><trkpt lat="41.195989" lon="-7.778238"><ele>270.271</ele><time>2019-07-30T16:11:21Z</time></trkpt><trkpt lat="41.195921" lon="-7.778331"><ele>269.841</ele><time>2019-07-30T16:11:22Z</time></trkpt><trkpt lat="41.195777" lon="-7.778497"><ele>270.215</ele><time>2019-07-30T16:11:24Z</time></trkpt><trkpt lat="41.195592" lon="-7.778631"><ele>271.508</ele><time>2019-07-30T16:11:26Z</time></trkpt><trkpt lat="41.195338" lon="-7.778661"><ele>270.650</ele><time>2019-07-30T16:11:28Z</time></trkpt><trkpt lat="41.195132" lon="-7.778631"><ele>271.886</ele><time>2019-07-30T16:11:30Z</time></trkpt><trkpt lat="41.194931" lon="-7.778619"><ele>272.580</ele><time>2019-07-30T16:11:32Z</time></trkpt><trkpt lat="41.194822" lon="-7.778605"><ele>273.036</ele><time>2019-07-30T16:11:33Z</time></trkpt><trkpt lat="41.194629" lon="-7.778596"><ele>274.767</ele><time>2019-07-30T16:11:35Z</time></trkpt><trkpt lat="41.194527" lon="-7.778592"><ele>275.030</ele><time>2019-07-30T16:11:36Z</time></trkpt><trkpt lat="41.194427" lon="-7.778580"><ele>276.410</ele><time>2019-07-30T16:11:37Z</time></trkpt><trkpt lat="41.194231" lon="-7.778553"><ele>277.583</ele><time>2019-07-30T16:11:39Z</time></trkpt><trkpt lat="41.194063" lon="-7.778496"><ele>279.495</ele><time>2019-07-30T16:11:41Z</time></trkpt><trkpt lat="41.193939" lon="-7.778361"><ele>282.249</ele><time>2019-07-30T16:11:43Z</time></trkpt><trkpt lat="41.193881" lon="-7.778151"><ele>284.023</ele><time>2019-07-30T16:11:45Z</time></trkpt><trkpt lat="41.193879" lon="-7.778022"><ele>285.508</ele><time>2019-07-30T16:11:46Z</time></trkpt><trkpt lat="41.193833" lon="-7.777790"><ele>285.262</ele><time>2019-07-30T16:11:48Z</time></trkpt><trkpt lat="41.193816" lon="-7.777667"><ele>284.488</ele><time>2019-07-30T16:11:49Z</time></trkpt><trkpt lat="41.193731" lon="-7.777454"><ele>284.262</ele><time>2019-07-30T16:11:51Z</time></trkpt><trkpt lat="41.193702" lon="-7.777371"><ele>284.158</ele><time>2019-07-30T16:11:52Z</time></trkpt><trkpt lat="41.193539" lon="-7.777273"><ele>282.099</ele><time>2019-07-30T16:11:54Z</time></trkpt><trkpt lat="41.193199" lon="-7.777393"><ele>282.292</ele><time>2019-07-30T16:11:56Z</time></trkpt><trkpt lat="41.192951" lon="-7.777425"><ele>284.952</ele><time>2019-07-30T16:11:58Z</time></trkpt><trkpt lat="41.192842" lon="-7.777441"><ele>286.635</ele><time>2019-07-30T16:11:59Z</time></trkpt><trkpt lat="41.192725" lon="-7.777428"><ele>288.757</ele><time>2019-07-30T16:12:00Z</time></trkpt><trkpt lat="41.192617" lon="-7.777436"><ele>290.400</ele><time>2019-07-30T16:12:01Z</time></trkpt><trkpt lat="41.192502" lon="-7.777470"><ele>290.720</ele><time>2019-07-30T16:12:02Z</time></trkpt><trkpt lat="41.192392" lon="-7.777529"><ele>291.608</ele><time>2019-07-30T16:12:03Z</time></trkpt><trkpt lat="41.192193" lon="-7.777717"><ele>292.438</ele><time>2019-07-30T16:12:05Z</time></trkpt><trkpt lat="41.192103" lon="-7.777805"><ele>293.524</ele><time>2019-07-30T16:12:06Z</time></trkpt><trkpt lat="41.191916" lon="-7.777957"><ele>294.978</ele><time>2019-07-30T16:12:08Z</time></trkpt><trkpt lat="41.191822" lon="-7.778018"><ele>295.564</ele><time>2019-07-30T16:12:09Z</time></trkpt><trkpt lat="41.191720" lon="-7.778037"><ele>296.125</ele><time>2019-07-30T16:12:10Z</time></trkpt><trkpt lat="41.191503" lon="-7.778021"><ele>298.688</ele><time>2019-07-30T16:12:12Z</time></trkpt><trkpt lat="41.191277" lon="-7.777989"><ele>300.088</ele><time>2019-07-30T16:12:14Z</time></trkpt><trkpt lat="41.191160" lon="-7.777993"><ele>300.121</ele><time>2019-07-30T16:12:15Z</time></trkpt><trkpt lat="41.190939" lon="-7.778012"><ele>299.435</ele><time>2019-07-30T16:12:17Z</time></trkpt><trkpt lat="41.190827" lon="-7.778029"><ele>299.786</ele><time>2019-07-30T16:12:18Z</time></trkpt><trkpt lat="41.190603" lon="-7.778034"><ele>299.314</ele><time>2019-07-30T16:12:20Z</time></trkpt><trkpt lat="41.190385" lon="-7.777961"><ele>300.508</ele><time>2019-07-30T16:12:22Z</time></trkpt><trkpt lat="41.190209" lon="-7.777811"><ele>302.076</ele><time>2019-07-30T16:12:24Z</time></trkpt><trkpt lat="41.190035" lon="-7.777655"><ele>303.172</ele><time>2019-07-30T16:12:26Z</time></trkpt><trkpt lat="41.189907" lon="-7.777446"><ele>302.796</ele><time>2019-07-30T16:12:28Z</time></trkpt><trkpt lat="41.189851" lon="-7.777349"><ele>302.652</ele><time>2019-07-30T16:12:29Z</time></trkpt><trkpt lat="41.189775" lon="-7.777259"><ele>302.193</ele><time>2019-07-30T16:12:30Z</time></trkpt><trkpt lat="41.189610" lon="-7.777141"><ele>301.216</ele><time>2019-07-30T16:12:32Z</time></trkpt><trkpt lat="41.189511" lon="-7.777118"><ele>301.996</ele><time>2019-07-30T16:12:33Z</time></trkpt><trkpt lat="41.189419" lon="-7.777092"><ele>303.919</ele><time>2019-07-30T16:12:34Z</time></trkpt><trkpt lat="41.189311" lon="-7.777051"><ele>305.146</ele><time>2019-07-30T16:12:35Z</time></trkpt><trkpt lat="41.189135" lon="-7.776901"><ele>306.388</ele><time>2019-07-30T16:12:37Z</time></trkpt><trkpt lat="41.188968" lon="-7.776752"><ele>305.516</ele><time>2019-07-30T16:12:39Z</time></trkpt><trkpt lat="41.188779" lon="-7.776619"><ele>305.808</ele><time>2019-07-30T16:12:41Z</time></trkpt><trkpt lat="41.188568" lon="-7.776523"><ele>305.527</ele><time>2019-07-30T16:12:43Z</time></trkpt><trkpt lat="41.188456" lon="-7.776478"><ele>305.793</ele><time>2019-07-30T16:12:44Z</time></trkpt><trkpt lat="41.188246" lon="-7.776406"><ele>307.157</ele><time>2019-07-30T16:12:46Z</time></trkpt><trkpt lat="41.188033" lon="-7.776340"><ele>308.423</ele><time>2019-07-30T16:12:48Z</time></trkpt><trkpt lat="41.187836" lon="-7.776266"><ele>309.184</ele><time>2019-07-30T16:12:50Z</time></trkpt><trkpt lat="41.187721" lon="-7.776254"><ele>308.947</ele><time>2019-07-30T16:12:51Z</time></trkpt><trkpt lat="41.187527" lon="-7.776191"><ele>309.797</ele><time>2019-07-30T16:12:53Z</time></trkpt><trkpt lat="41.187298" lon="-7.776215"><ele>310.540</ele><time>2019-07-30T16:12:55Z</time></trkpt><trkpt lat="41.187079" lon="-7.776243"><ele>309.925</ele><time>2019-07-30T16:12:57Z</time></trkpt><trkpt lat="41.186852" lon="-7.776297"><ele>309.026</ele><time>2019-07-30T16:12:59Z</time></trkpt><trkpt lat="41.186735" lon="-7.776313"><ele>307.908</ele><time>2019-07-30T16:13:00Z</time></trkpt><trkpt lat="41.186638" lon="-7.776313"><ele>307.608</ele><time>2019-07-30T16:13:01Z</time></trkpt><trkpt lat="41.186530" lon="-7.776306"><ele>306.265</ele><time>2019-07-30T16:13:02Z</time></trkpt><trkpt lat="41.186335" lon="-7.776248"><ele>304.111</ele><time>2019-07-30T16:13:04Z</time></trkpt><trkpt lat="41.186162" lon="-7.776106"><ele>303.775</ele><time>2019-07-30T16:13:06Z</time></trkpt><trkpt lat="41.185977" lon="-7.775982"><ele>303.691</ele><time>2019-07-30T16:13:08Z</time></trkpt><trkpt lat="41.185802" lon="-7.775849"><ele>300.482</ele><time>2019-07-30T16:13:10Z</time></trkpt><trkpt lat="41.185712" lon="-7.775783"><ele>300.615</ele><time>2019-07-30T16:13:11Z</time></trkpt><trkpt lat="41.185622" lon="-7.775720"><ele>299.775</ele><time>2019-07-30T16:13:12Z</time></trkpt><trkpt lat="41.185458" lon="-7.775603"><ele>298.118</ele><time>2019-07-30T16:13:14Z</time></trkpt><trkpt lat="41.185283" lon="-7.775508"><ele>297.586</ele><time>2019-07-30T16:13:16Z</time></trkpt><trkpt lat="41.185086" lon="-7.775487"><ele>296.760</ele><time>2019-07-30T16:13:18Z</time></trkpt><trkpt lat="41.184881" lon="-7.775534"><ele>294.126</ele><time>2019-07-30T16:13:20Z</time></trkpt><trkpt lat="41.184788" lon="-7.775540"><ele>292.808</ele><time>2019-07-30T16:13:21Z</time></trkpt><trkpt lat="41.184580" lon="-7.775509"><ele>290.781</ele><time>2019-07-30T16:13:23Z</time></trkpt><trkpt lat="41.184369" lon="-7.775406"><ele>289.267</ele><time>2019-07-30T16:13:25Z</time></trkpt><trkpt lat="41.184166" lon="-7.775304"><ele>287.631</ele><time>2019-07-30T16:13:27Z</time></trkpt><trkpt lat="41.183964" lon="-7.775206"><ele>286.057</ele><time>2019-07-30T16:13:29Z</time></trkpt><trkpt lat="41.183858" lon="-7.775166"><ele>285.248</ele><time>2019-07-30T16:13:30Z</time></trkpt><trkpt lat="41.183650" lon="-7.775148"><ele>284.431</ele><time>2019-07-30T16:13:32Z</time></trkpt><trkpt lat="41.183551" lon="-7.775139"><ele>284.621</ele><time>2019-07-30T16:13:33Z</time></trkpt><trkpt lat="41.183458" lon="-7.775131"><ele>285.184</ele><time>2019-07-30T16:13:34Z</time></trkpt><trkpt lat="41.183305" lon="-7.775038"><ele>284.963</ele><time>2019-07-30T16:13:36Z</time></trkpt><trkpt lat="41.183170" lon="-7.774878"><ele>283.644</ele><time>2019-07-30T16:13:38Z</time></trkpt><trkpt lat="41.183099" lon="-7.774804"><ele>282.818</ele><time>2019-07-30T16:13:39Z</time></trkpt><trkpt lat="41.182945" lon="-7.774710"><ele>281.208</ele><time>2019-07-30T16:13:41Z</time></trkpt><trkpt lat="41.182858" lon="-7.774708"><ele>280.299</ele><time>2019-07-30T16:13:42Z</time></trkpt><trkpt lat="41.182699" lon="-7.774788"><ele>279.415</ele><time>2019-07-30T16:13:44Z</time></trkpt><trkpt lat="41.182623" lon="-7.774844"><ele>278.839</ele><time>2019-07-30T16:13:45Z</time></trkpt><trkpt lat="41.182454" lon="-7.774927"><ele>277.165</ele><time>2019-07-30T16:13:47Z</time></trkpt><trkpt lat="41.182360" lon="-7.774949"><ele>276.436</ele><time>2019-07-30T16:13:48Z</time></trkpt><trkpt lat="41.182160" lon="-7.774906"><ele>273.899</ele><time>2019-07-30T16:13:50Z</time></trkpt><trkpt lat="41.181959" lon="-7.774823"><ele>272.629</ele><time>2019-07-30T16:13:52Z</time></trkpt><trkpt lat="41.181775" lon="-7.774771"><ele>271.432</ele><time>2019-07-30T16:13:54Z</time></trkpt><trkpt lat="41.181598" lon="-7.774809"><ele>269.639</ele><time>2019-07-30T16:13:56Z</time></trkpt><trkpt lat="41.181435" lon="-7.774957"><ele>269.601</ele><time>2019-07-30T16:13:58Z</time></trkpt><trkpt lat="41.181363" lon="-7.775060"><ele>269.821</ele><time>2019-07-30T16:13:59Z</time></trkpt><trkpt lat="41.181209" lon="-7.775273"><ele>269.208</ele><time>2019-07-30T16:14:01Z</time></trkpt><trkpt lat="41.181069" lon="-7.775446"><ele>268.526</ele><time>2019-07-30T16:14:03Z</time></trkpt><trkpt lat="41.181009" lon="-7.775506"><ele>265.922</ele><time>2019-07-30T16:14:04Z</time></trkpt><trkpt lat="41.180820" lon="-7.775612"><ele>264.516</ele><time>2019-07-30T16:14:06Z</time></trkpt><trkpt lat="41.180722" lon="-7.775646"><ele>265.142</ele><time>2019-07-30T16:14:07Z</time></trkpt><trkpt lat="41.180620" lon="-7.775683"><ele>264.533</ele><time>2019-07-30T16:14:08Z</time></trkpt><trkpt lat="41.180518" lon="-7.775723"><ele>264.326</ele><time>2019-07-30T16:14:09Z</time></trkpt><trkpt lat="41.180313" lon="-7.775810"><ele>262.066</ele><time>2019-07-30T16:14:11Z</time></trkpt><trkpt lat="41.180091" lon="-7.775914"><ele>261.449</ele><time>2019-07-30T16:14:13Z</time></trkpt><trkpt lat="41.179972" lon="-7.775970"><ele>261.117</ele><time>2019-07-30T16:14:14Z</time></trkpt><trkpt lat="41.179730" lon="-7.776063"><ele>259.387</ele><time>2019-07-30T16:14:16Z</time></trkpt><trkpt lat="41.179617" lon="-7.776121"><ele>258.415</ele><time>2019-07-30T16:14:17Z</time></trkpt><trkpt lat="41.179488" lon="-7.776174"><ele>257.908</ele><time>2019-07-30T16:14:18Z</time></trkpt><trkpt lat="41.179366" lon="-7.776231"><ele>255.944</ele><time>2019-07-30T16:14:19Z</time></trkpt><trkpt lat="41.179141" lon="-7.776350"><ele>254.190</ele><time>2019-07-30T16:14:21Z</time></trkpt><trkpt lat="41.179027" lon="-7.776409"><ele>253.374</ele><time>2019-07-30T16:14:22Z</time></trkpt><trkpt lat="41.178805" lon="-7.776477"><ele>253.280</ele><time>2019-07-30T16:14:24Z</time></trkpt><trkpt lat="41.178692" lon="-7.776500"><ele>252.581</ele><time>2019-07-30T16:14:25Z</time></trkpt><trkpt lat="41.178451" lon="-7.776520"><ele>251.414</ele><time>2019-07-30T16:14:27Z</time></trkpt><trkpt lat="41.178331" lon="-7.776516"><ele>250.994</ele><time>2019-07-30T16:14:28Z</time></trkpt><trkpt lat="41.178213" lon="-7.776510"><ele>248.827</ele><time>2019-07-30T16:14:29Z</time></trkpt><trkpt lat="41.177985" lon="-7.776505"><ele>248.134</ele><time>2019-07-30T16:14:31Z</time></trkpt><trkpt lat="41.177885" lon="-7.776495"><ele>247.255</ele><time>2019-07-30T16:14:32Z</time></trkpt><trkpt lat="41.177696" lon="-7.776433"><ele>246.410</ele><time>2019-07-30T16:14:34Z</time></trkpt><trkpt lat="41.177612" lon="-7.776375"><ele>245.708</ele><time>2019-07-30T16:14:35Z</time></trkpt><trkpt lat="41.177450" lon="-7.776266"><ele>245.376</ele><time>2019-07-30T16:14:37Z</time></trkpt><trkpt lat="41.177361" lon="-7.776231"><ele>245.382</ele><time>2019-07-30T16:14:38Z</time></trkpt><trkpt lat="41.177179" lon="-7.776242"><ele>243.566</ele><time>2019-07-30T16:14:40Z</time></trkpt><trkpt lat="41.177089" lon="-7.776300"><ele>243.292</ele><time>2019-07-30T16:14:41Z</time></trkpt><trkpt lat="41.176887" lon="-7.776469"><ele>242.773</ele><time>2019-07-30T16:14:43Z</time></trkpt><trkpt lat="41.176796" lon="-7.776562"><ele>242.366</ele><time>2019-07-30T16:14:44Z</time></trkpt><trkpt lat="41.176653" lon="-7.776744"><ele>240.526</ele><time>2019-07-30T16:14:46Z</time></trkpt><trkpt lat="41.176472" lon="-7.776887"><ele>239.589</ele><time>2019-07-30T16:14:48Z</time></trkpt><trkpt lat="41.176296" lon="-7.777024"><ele>237.937</ele><time>2019-07-30T16:14:50Z</time></trkpt><trkpt lat="41.176082" lon="-7.777093"><ele>236.749</ele><time>2019-07-30T16:14:52Z</time></trkpt><trkpt lat="41.175847" lon="-7.777162"><ele>236.513</ele><time>2019-07-30T16:14:54Z</time></trkpt><trkpt lat="41.175624" lon="-7.777222"><ele>235.508</ele><time>2019-07-30T16:14:56Z</time></trkpt><trkpt lat="41.175419" lon="-7.777283"><ele>234.466</ele><time>2019-07-30T16:14:58Z</time></trkpt><trkpt lat="41.175218" lon="-7.777342"><ele>232.122</ele><time>2019-07-30T16:15:00Z</time></trkpt><trkpt lat="41.175044" lon="-7.777376"><ele>230.526</ele><time>2019-07-30T16:15:02Z</time></trkpt><trkpt lat="41.174970" lon="-7.777382"><ele>229.452</ele><time>2019-07-30T16:15:03Z</time></trkpt><trkpt lat="41.174888" lon="-7.777369"><ele>229.563</ele><time>2019-07-30T16:15:04Z</time></trkpt><trkpt lat="41.174777" lon="-7.777244"><ele>227.026</ele><time>2019-07-30T16:15:06Z</time></trkpt><trkpt lat="41.174730" lon="-7.777154"><ele>226.576</ele><time>2019-07-30T16:15:07Z</time></trkpt><trkpt lat="41.174689" lon="-7.776943"><ele>225.549</ele><time>2019-07-30T16:15:09Z</time></trkpt><trkpt lat="41.174744" lon="-7.776819"><ele>226.059</ele><time>2019-07-30T16:15:10Z</time></trkpt><trkpt lat="41.174786" lon="-7.776693"><ele>226.303</ele><time>2019-07-30T16:15:11Z</time></trkpt><trkpt lat="41.174834" lon="-7.776432"><ele>227.023</ele><time>2019-07-30T16:15:13Z</time></trkpt><trkpt lat="41.174858" lon="-7.776171"><ele>227.208</ele><time>2019-07-30T16:15:15Z</time></trkpt><trkpt lat="41.174871" lon="-7.775921"><ele>227.048</ele><time>2019-07-30T16:15:17Z</time></trkpt><trkpt lat="41.174814" lon="-7.775717"><ele>225.854</ele><time>2019-07-30T16:15:19Z</time></trkpt><trkpt lat="41.174746" lon="-7.775559"><ele>226.148</ele><time>2019-07-30T16:15:21Z</time></trkpt><trkpt lat="41.174631" lon="-7.775573"><ele>225.374</ele><time>2019-07-30T16:15:22Z</time></trkpt><trkpt lat="41.174434" lon="-7.775623"><ele>224.285</ele><time>2019-07-30T16:15:24Z</time></trkpt><trkpt lat="41.174353" lon="-7.775650"><ele>223.788</ele><time>2019-07-30T16:15:25Z</time></trkpt><trkpt lat="41.174139" lon="-7.775749"><ele>220.558</ele><time>2019-07-30T16:15:27Z</time></trkpt><trkpt lat="41.173926" lon="-7.775825"><ele>219.071</ele><time>2019-07-30T16:15:29Z</time></trkpt><trkpt lat="41.173692" lon="-7.775823"><ele>217.025</ele><time>2019-07-30T16:15:31Z</time></trkpt><trkpt lat="41.173477" lon="-7.775753"><ele>215.326</ele><time>2019-07-30T16:15:33Z</time></trkpt><trkpt lat="41.173370" lon="-7.775736"><ele>214.208</ele><time>2019-07-30T16:15:34Z</time></trkpt><trkpt lat="41.173270" lon="-7.775746"><ele>214.008</ele><time>2019-07-30T16:15:35Z</time></trkpt><trkpt lat="41.173067" lon="-7.775878"><ele>213.345</ele><time>2019-07-30T16:15:37Z</time></trkpt><trkpt lat="41.172863" lon="-7.776084"><ele>211.371</ele><time>2019-07-30T16:15:39Z</time></trkpt><trkpt lat="41.172756" lon="-7.776200"><ele>212.085</ele><time>2019-07-30T16:15:40Z</time></trkpt><trkpt lat="41.172579" lon="-7.776422"><ele>210.211</ele><time>2019-07-30T16:15:42Z</time></trkpt><trkpt lat="41.172464" lon="-7.776526"><ele>210.252</ele><time>2019-07-30T16:15:43Z</time></trkpt><trkpt lat="41.172259" lon="-7.776750"><ele>209.765</ele><time>2019-07-30T16:15:45Z</time></trkpt><trkpt lat="41.172161" lon="-7.776842"><ele>209.595</ele><time>2019-07-30T16:15:46Z</time></trkpt><trkpt lat="41.171974" lon="-7.777023"><ele>208.158</ele><time>2019-07-30T16:15:48Z</time></trkpt><trkpt lat="41.171786" lon="-7.777178"><ele>207.153</ele><time>2019-07-30T16:15:50Z</time></trkpt><trkpt lat="41.171580" lon="-7.777234"><ele>206.104</ele><time>2019-07-30T16:15:52Z</time></trkpt><trkpt lat="41.171469" lon="-7.777235"><ele>205.314</ele><time>2019-07-30T16:15:53Z</time></trkpt><trkpt lat="41.171368" lon="-7.777244"><ele>204.108</ele><time>2019-07-30T16:15:54Z</time></trkpt><trkpt lat="41.171167" lon="-7.777207"><ele>202.548</ele><time>2019-07-30T16:15:56Z</time></trkpt><trkpt lat="41.171080" lon="-7.777146"><ele>202.044</ele><time>2019-07-30T16:15:57Z</time></trkpt><trkpt lat="41.170927" lon="-7.776968"><ele>199.658</ele><time>2019-07-30T16:15:59Z</time></trkpt><trkpt lat="41.170848" lon="-7.776861"><ele>199.434</ele><time>2019-07-30T16:16:00Z</time></trkpt><trkpt lat="41.170693" lon="-7.776668"><ele>199.795</ele><time>2019-07-30T16:16:02Z</time></trkpt><trkpt lat="41.170509" lon="-7.776503"><ele>199.548</ele><time>2019-07-30T16:16:04Z</time></trkpt><trkpt lat="41.170416" lon="-7.776439"><ele>198.748</ele><time>2019-07-30T16:16:05Z</time></trkpt><trkpt lat="41.170324" lon="-7.776378"><ele>198.541</ele><time>2019-07-30T16:16:06Z</time></trkpt><trkpt lat="41.170230" lon="-7.776328"><ele>198.568</ele><time>2019-07-30T16:16:07Z</time></trkpt><trkpt lat="41.170047" lon="-7.776291"><ele>197.742</ele><time>2019-07-30T16:16:09Z</time></trkpt><trkpt lat="41.169955" lon="-7.776313"><ele>197.626</ele><time>2019-07-30T16:16:10Z</time></trkpt><trkpt lat="41.169869" lon="-7.776342"><ele>198.008</ele><time>2019-07-30T16:16:11Z</time></trkpt><trkpt lat="41.169788" lon="-7.776449"><ele>196.759</ele><time>2019-07-30T16:16:12Z</time></trkpt><trkpt lat="41.169737" lon="-7.776531"><ele>196.445</ele><time>2019-07-30T16:16:13Z</time></trkpt><trkpt lat="41.169601" lon="-7.776776"><ele>195.829</ele><time>2019-07-30T16:16:15Z</time></trkpt><trkpt lat="41.169482" lon="-7.777008"><ele>194.735</ele><time>2019-07-30T16:16:17Z</time></trkpt><trkpt lat="41.169420" lon="-7.777132"><ele>193.326</ele><time>2019-07-30T16:16:18Z</time></trkpt><trkpt lat="41.169292" lon="-7.777382"><ele>192.229</ele><time>2019-07-30T16:16:20Z</time></trkpt><trkpt lat="41.169223" lon="-7.777502"><ele>191.829</ele><time>2019-07-30T16:16:21Z</time></trkpt><trkpt lat="41.169108" lon="-7.777731"><ele>190.642</ele><time>2019-07-30T16:16:23Z</time></trkpt><trkpt lat="41.169024" lon="-7.777935"><ele>190.361</ele><time>2019-07-30T16:16:25Z</time></trkpt><trkpt lat="41.169006" lon="-7.778047"><ele>187.921</ele><time>2019-07-30T16:16:26Z</time></trkpt><trkpt lat="41.169004" lon="-7.778145"><ele>186.913</ele><time>2019-07-30T16:16:27Z</time></trkpt><trkpt lat="41.169012" lon="-7.778313"><ele>187.708</ele><time>2019-07-30T16:16:29Z</time></trkpt><trkpt lat="41.169023" lon="-7.778381"><ele>187.199</ele><time>2019-07-30T16:16:30Z</time></trkpt><trkpt lat="41.169051" lon="-7.778494"><ele>186.195</ele><time>2019-07-30T16:16:32Z</time></trkpt><trkpt lat="41.169063" lon="-7.778558"><ele>186.099</ele><time>2019-07-30T16:16:34Z</time></trkpt><trkpt lat="41.169075" lon="-7.778624"><ele>186.565</ele><time>2019-07-30T16:16:50Z</time></trkpt><trkpt lat="41.169054" lon="-7.778728"><ele>186.916</ele><time>2019-07-30T16:16:52Z</time></trkpt><trkpt lat="41.169024" lon="-7.778781"><ele>187.099</ele><time>2019-07-30T16:16:53Z</time></trkpt><trkpt lat="41.168910" lon="-7.778883"><ele>186.229</ele><time>2019-07-30T16:16:55Z</time></trkpt><trkpt lat="41.168836" lon="-7.778924"><ele>186.832</ele><time>2019-07-30T16:16:56Z</time></trkpt><trkpt lat="41.168653" lon="-7.779006"><ele>186.244</ele><time>2019-07-30T16:16:58Z</time></trkpt><trkpt lat="41.168558" lon="-7.779054"><ele>185.205</ele><time>2019-07-30T16:16:59Z</time></trkpt><trkpt lat="41.168462" lon="-7.779101"><ele>184.715</ele><time>2019-07-30T16:17:00Z</time></trkpt><trkpt lat="41.168368" lon="-7.779145"><ele>183.708</ele><time>2019-07-30T16:17:01Z</time></trkpt><trkpt lat="41.168265" lon="-7.779197"><ele>183.337</ele><time>2019-07-30T16:17:02Z</time></trkpt><trkpt lat="41.168081" lon="-7.779297"><ele>183.943</ele><time>2019-07-30T16:17:04Z</time></trkpt><trkpt lat="41.168002" lon="-7.779342"><ele>183.657</ele><time>2019-07-30T16:17:05Z</time></trkpt><trkpt lat="41.167910" lon="-7.779386"><ele>182.673</ele><time>2019-07-30T16:17:06Z</time></trkpt><trkpt lat="41.167835" lon="-7.779430"><ele>181.464</ele><time>2019-07-30T16:17:07Z</time></trkpt><trkpt lat="41.167647" lon="-7.779513"><ele>180.477</ele><time>2019-07-30T16:17:09Z</time></trkpt><trkpt lat="41.167555" lon="-7.779548"><ele>179.937</ele><time>2019-07-30T16:17:10Z</time></trkpt><trkpt lat="41.167365" lon="-7.779557"><ele>178.860</ele><time>2019-07-30T16:17:12Z</time></trkpt><trkpt lat="41.167169" lon="-7.779504"><ele>177.362</ele><time>2019-07-30T16:17:14Z</time></trkpt><trkpt lat="41.166980" lon="-7.779364"><ele>176.183</ele><time>2019-07-30T16:17:16Z</time></trkpt><trkpt lat="41.166899" lon="-7.779262"><ele>175.811</ele><time>2019-07-30T16:17:17Z</time></trkpt><trkpt lat="41.166750" lon="-7.779036"><ele>175.108</ele><time>2019-07-30T16:17:19Z</time></trkpt><trkpt lat="41.166588" lon="-7.778806"><ele>174.479</ele><time>2019-07-30T16:17:21Z</time></trkpt><trkpt lat="41.166508" lon="-7.778694"><ele>174.265</ele><time>2019-07-30T16:17:22Z</time></trkpt><trkpt lat="41.166309" lon="-7.778550"><ele>172.949</ele><time>2019-07-30T16:17:24Z</time></trkpt><trkpt lat="41.166202" lon="-7.778502"><ele>172.265</ele><time>2019-07-30T16:17:25Z</time></trkpt><trkpt lat="41.165976" lon="-7.778457"><ele>172.136</ele><time>2019-07-30T16:17:27Z</time></trkpt><trkpt lat="41.165777" lon="-7.778494"><ele>172.019</ele><time>2019-07-30T16:17:29Z</time></trkpt><trkpt lat="41.165690" lon="-7.778515"><ele>171.699</ele><time>2019-07-30T16:17:30Z</time></trkpt><trkpt lat="41.165513" lon="-7.778659"><ele>171.422</ele><time>2019-07-30T16:17:32Z</time></trkpt><trkpt lat="41.165351" lon="-7.778833"><ele>170.732</ele><time>2019-07-30T16:17:34Z</time></trkpt><trkpt lat="41.165286" lon="-7.778912"><ele>170.892</ele><time>2019-07-30T16:17:35Z</time></trkpt><trkpt lat="41.165287" lon="-7.779189"><ele>169.211</ele><time>2019-07-30T16:17:37Z</time></trkpt><trkpt lat="41.165207" lon="-7.779384"><ele>168.108</ele><time>2019-07-30T16:17:39Z</time></trkpt><trkpt lat="41.165142" lon="-7.779465"><ele>168.346</ele><time>2019-07-30T16:17:40Z</time></trkpt><trkpt lat="41.165083" lon="-7.779547"><ele>168.432</ele><time>2019-07-30T16:17:41Z</time></trkpt><trkpt lat="41.165030" lon="-7.779651"><ele>169.226</ele><time>2019-07-30T16:17:42Z</time></trkpt><trkpt lat="41.164908" lon="-7.779890"><ele>170.322</ele><time>2019-07-30T16:17:44Z</time></trkpt><trkpt lat="41.164836" lon="-7.780013"><ele>170.213</ele><time>2019-07-30T16:17:45Z</time></trkpt><trkpt lat="41.164681" lon="-7.780260"><ele>170.886</ele><time>2019-07-30T16:17:47Z</time></trkpt><trkpt lat="41.164498" lon="-7.780502"><ele>170.276</ele><time>2019-07-30T16:17:49Z</time></trkpt><trkpt lat="41.164396" lon="-7.780612"><ele>170.249</ele><time>2019-07-30T16:17:50Z</time></trkpt><trkpt lat="41.164188" lon="-7.780769"><ele>169.812</ele><time>2019-07-30T16:17:52Z</time></trkpt><trkpt lat="41.163950" lon="-7.780854"><ele>168.232</ele><time>2019-07-30T16:17:54Z</time></trkpt><trkpt lat="41.163691" lon="-7.780908"><ele>164.905</ele><time>2019-07-30T16:17:56Z</time></trkpt><trkpt lat="41.163555" lon="-7.780915"><ele>163.508</ele><time>2019-07-30T16:17:57Z</time></trkpt><trkpt lat="41.163424" lon="-7.780901"><ele>162.474</ele><time>2019-07-30T16:17:58Z</time></trkpt><trkpt lat="41.163297" lon="-7.780862"><ele>160.810</ele><time>2019-07-30T16:17:59Z</time></trkpt><trkpt lat="41.163014" lon="-7.780759"><ele>158.394</ele><time>2019-07-30T16:18:01Z</time></trkpt><trkpt lat="41.162748" lon="-7.780657"><ele>155.950</ele><time>2019-07-30T16:18:03Z</time></trkpt><trkpt lat="41.162612" lon="-7.780599"><ele>155.371</ele><time>2019-07-30T16:18:04Z</time></trkpt><trkpt lat="41.162478" lon="-7.780547"><ele>154.014</ele><time>2019-07-30T16:18:05Z</time></trkpt><trkpt lat="41.162205" lon="-7.780425"><ele>151.854</ele><time>2019-07-30T16:18:07Z</time></trkpt><trkpt lat="41.162064" lon="-7.780370"><ele>150.657</ele><time>2019-07-30T16:18:08Z</time></trkpt><trkpt lat="41.161803" lon="-7.780255"><ele>148.754</ele><time>2019-07-30T16:18:10Z</time></trkpt><trkpt lat="41.161664" lon="-7.780205"><ele>147.756</ele><time>2019-07-30T16:18:11Z</time></trkpt><trkpt lat="41.161517" lon="-7.780169"><ele>146.511</ele><time>2019-07-30T16:18:12Z</time></trkpt><trkpt lat="41.161225" lon="-7.780140"><ele>143.708</ele><time>2019-07-30T16:18:14Z</time></trkpt><trkpt lat="41.161074" lon="-7.780153"><ele>142.738</ele><time>2019-07-30T16:18:15Z</time></trkpt><trkpt lat="41.160781" lon="-7.780220"><ele>141.024</ele><time>2019-07-30T16:18:17Z</time></trkpt><trkpt lat="41.160642" lon="-7.780254"><ele>140.558</ele><time>2019-07-30T16:18:18Z</time></trkpt><trkpt lat="41.160495" lon="-7.780294"><ele>139.334</ele><time>2019-07-30T16:18:19Z</time></trkpt><trkpt lat="41.160203" lon="-7.780373"><ele>135.965</ele><time>2019-07-30T16:18:21Z</time></trkpt><trkpt lat="41.160063" lon="-7.780424"><ele>135.458</ele><time>2019-07-30T16:18:22Z</time></trkpt><trkpt lat="41.159775" lon="-7.780521"><ele>131.818</ele><time>2019-07-30T16:18:24Z</time></trkpt><trkpt lat="41.159546" lon="-7.780600"><ele>130.381</ele><time>2019-07-30T16:18:26Z</time></trkpt><trkpt lat="41.159329" lon="-7.780638"><ele>128.488</ele><time>2019-07-30T16:18:28Z</time></trkpt><trkpt lat="41.159239" lon="-7.780637"><ele>127.624</ele><time>2019-07-30T16:18:29Z</time></trkpt><trkpt lat="41.159136" lon="-7.780600"><ele>127.526</ele><time>2019-07-30T16:18:30Z</time></trkpt><trkpt lat="41.159040" lon="-7.780546"><ele>126.208</ele><time>2019-07-30T16:18:31Z</time></trkpt><trkpt lat="41.158883" lon="-7.780395"><ele>124.731</ele><time>2019-07-30T16:18:33Z</time></trkpt><trkpt lat="41.158745" lon="-7.780169"><ele>123.527</ele><time>2019-07-30T16:18:35Z</time></trkpt><trkpt lat="41.158666" lon="-7.779894"><ele>121.491</ele><time>2019-07-30T16:18:37Z</time></trkpt><trkpt lat="41.158674" lon="-7.779593"><ele>118.397</ele><time>2019-07-30T16:18:39Z</time></trkpt><trkpt lat="41.158691" lon="-7.779443"><ele>117.738</ele><time>2019-07-30T16:18:40Z</time></trkpt><trkpt lat="41.158725" lon="-7.779144"><ele>114.651</ele><time>2019-07-30T16:18:42Z</time></trkpt><trkpt lat="41.158735" lon="-7.778980"><ele>114.361</ele><time>2019-07-30T16:18:43Z</time></trkpt><trkpt lat="41.158699" lon="-7.778657"><ele>111.894</ele><time>2019-07-30T16:18:45Z</time></trkpt><trkpt lat="41.158626" lon="-7.778378"><ele>109.597</ele><time>2019-07-30T16:18:47Z</time></trkpt><trkpt lat="41.158567" lon="-7.778267"><ele>108.923</ele><time>2019-07-30T16:18:48Z</time></trkpt><trkpt lat="41.158417" lon="-7.778071"><ele>108.425</ele><time>2019-07-30T16:18:50Z</time></trkpt><trkpt lat="41.158325" lon="-7.777991"><ele>108.108</ele><time>2019-07-30T16:18:51Z</time></trkpt><trkpt lat="41.158115" lon="-7.777868"><ele>106.992</ele><time>2019-07-30T16:18:53Z</time></trkpt><trkpt lat="41.158009" lon="-7.777807"><ele>105.488</ele><time>2019-07-30T16:18:54Z</time></trkpt><trkpt lat="41.157897" lon="-7.777748"><ele>104.232</ele><time>2019-07-30T16:18:55Z</time></trkpt><trkpt lat="41.157671" lon="-7.777621"><ele>102.768</ele><time>2019-07-30T16:18:57Z</time></trkpt><trkpt lat="41.157445" lon="-7.777509"><ele>100.789</ele><time>2019-07-30T16:18:59Z</time></trkpt><trkpt lat="41.157223" lon="-7.777389"><ele>98.792</ele><time>2019-07-30T16:19:01Z</time></trkpt><trkpt lat="41.157015" lon="-7.777279"><ele>96.682</ele><time>2019-07-30T16:19:03Z</time></trkpt><trkpt lat="41.156924" lon="-7.777221"><ele>95.525</ele><time>2019-07-30T16:19:04Z</time></trkpt><trkpt lat="41.156815" lon="-7.777177"><ele>94.943</ele><time>2019-07-30T16:19:05Z</time></trkpt><trkpt lat="41.156593" lon="-7.777126"><ele>92.164</ele><time>2019-07-30T16:19:07Z</time></trkpt><trkpt lat="41.156397" lon="-7.777117"><ele>90.210</ele><time>2019-07-30T16:19:09Z</time></trkpt><trkpt lat="41.156261" lon="-7.777157"><ele>88.508</ele><time>2019-07-30T16:19:11Z</time></trkpt><trkpt lat="41.156186" lon="-7.777205"><ele>84.857</ele><time>2019-07-30T16:19:12Z</time></trkpt><trkpt lat="41.156065" lon="-7.777309"><ele>84.323</ele><time>2019-07-30T16:19:14Z</time></trkpt><trkpt lat="41.156019" lon="-7.777351"><ele>81.397</ele><time>2019-07-30T16:19:15Z</time></trkpt><trkpt lat="41.155916" lon="-7.777356"><ele>80.593</ele><time>2019-07-30T16:19:17Z</time></trkpt><trkpt lat="41.155837" lon="-7.777259"><ele>78.094</ele><time>2019-07-30T16:19:19Z</time></trkpt><trkpt lat="41.155813" lon="-7.777171"><ele>77.497</ele><time>2019-07-30T16:19:20Z</time></trkpt><trkpt lat="41.155798" lon="-7.777057"><ele>76.957</ele><time>2019-07-30T16:19:21Z</time></trkpt><trkpt lat="41.155729" lon="-7.776823"><ele>75.690</ele><time>2019-07-30T16:19:23Z</time></trkpt><trkpt lat="41.155649" lon="-7.776590"><ele>76.587</ele><time>2019-07-30T16:19:25Z</time></trkpt><trkpt lat="41.155581" lon="-7.776330"><ele>77.142</ele><time>2019-07-30T16:19:27Z</time></trkpt><trkpt lat="41.155525" lon="-7.776093"><ele>77.526</ele><time>2019-07-30T16:19:29Z</time></trkpt><trkpt lat="41.155477" lon="-7.775829"><ele>77.508</ele><time>2019-07-30T16:19:31Z</time></trkpt><trkpt lat="41.155453" lon="-7.775556"><ele>77.411</ele><time>2019-07-30T16:19:33Z</time></trkpt><trkpt lat="41.155439" lon="-7.775415"><ele>77.737</ele><time>2019-07-30T16:19:34Z</time></trkpt><trkpt lat="41.155434" lon="-7.775269"><ele>76.791</ele><time>2019-07-30T16:19:35Z</time></trkpt><trkpt lat="41.155423" lon="-7.775131"><ele>77.387</ele><time>2019-07-30T16:19:36Z</time></trkpt><trkpt lat="41.155421" lon="-7.774985"><ele>76.668</ele><time>2019-07-30T16:19:37Z</time></trkpt><trkpt lat="41.155420" lon="-7.774838"><ele>76.711</ele><time>2019-07-30T16:19:38Z</time></trkpt><trkpt lat="41.155407" lon="-7.774714"><ele>76.711</ele><time>2019-07-30T16:19:39Z</time></trkpt><trkpt lat="41.155396" lon="-7.774460"><ele>74.834</ele><time>2019-07-30T16:19:41Z</time></trkpt><trkpt lat="41.155393" lon="-7.774343"><ele>74.968</ele><time>2019-07-30T16:19:42Z</time></trkpt><trkpt lat="41.155434" lon="-7.774110"><ele>74.542</ele><time>2019-07-30T16:19:44Z</time></trkpt><trkpt lat="41.155462" lon="-7.773988"><ele>75.326</ele><time>2019-07-30T16:19:45Z</time></trkpt><trkpt lat="41.155513" lon="-7.773896"><ele>74.808</ele><time>2019-07-30T16:19:46Z</time></trkpt><trkpt lat="41.155641" lon="-7.773702"><ele>76.249</ele><time>2019-07-30T16:19:48Z</time></trkpt><trkpt lat="41.155811" lon="-7.773529"><ele>77.255</ele><time>2019-07-30T16:19:50Z</time></trkpt><trkpt lat="41.155982" lon="-7.773382"><ele>78.079</ele><time>2019-07-30T16:19:52Z</time></trkpt><trkpt lat="41.156185" lon="-7.773257"><ele>78.925</ele><time>2019-07-30T16:19:54Z</time></trkpt><trkpt lat="41.156407" lon="-7.773149"><ele>77.596</ele><time>2019-07-30T16:19:56Z</time></trkpt><trkpt lat="41.156643" lon="-7.773041"><ele>77.429</ele><time>2019-07-30T16:19:58Z</time></trkpt><trkpt lat="41.156880" lon="-7.772905"><ele>77.479</ele><time>2019-07-30T16:20:00Z</time></trkpt><trkpt lat="41.157104" lon="-7.772754"><ele>78.942</ele><time>2019-07-30T16:20:02Z</time></trkpt><trkpt lat="41.157212" lon="-7.772681"><ele>79.052</ele><time>2019-07-30T16:20:03Z</time></trkpt><trkpt lat="41.157447" lon="-7.772512"><ele>78.153</ele><time>2019-07-30T16:20:05Z</time></trkpt><trkpt lat="41.157677" lon="-7.772342"><ele>79.008</ele><time>2019-07-30T16:20:07Z</time></trkpt><trkpt lat="41.157786" lon="-7.772250"><ele>80.208</ele><time>2019-07-30T16:20:08Z</time></trkpt><trkpt lat="41.157894" lon="-7.772166"><ele>80.528</ele><time>2019-07-30T16:20:09Z</time></trkpt><trkpt lat="41.158114" lon="-7.772022"><ele>80.674</ele><time>2019-07-30T16:20:11Z</time></trkpt><trkpt lat="41.158323" lon="-7.771870"><ele>80.568</ele><time>2019-07-30T16:20:13Z</time></trkpt><trkpt lat="41.158416" lon="-7.771790"><ele>80.324</ele><time>2019-07-30T16:20:14Z</time></trkpt><trkpt lat="41.158514" lon="-7.771712"><ele>80.715</ele><time>2019-07-30T16:20:15Z</time></trkpt><trkpt lat="41.158728" lon="-7.771598"><ele>81.058</ele><time>2019-07-30T16:20:17Z</time></trkpt><trkpt lat="41.158946" lon="-7.771523"><ele>80.588</ele><time>2019-07-30T16:20:19Z</time></trkpt><trkpt lat="41.159055" lon="-7.771483"><ele>80.661</ele><time>2019-07-30T16:20:20Z</time></trkpt><trkpt lat="41.159172" lon="-7.771450"><ele>80.862</ele><time>2019-07-30T16:20:21Z</time></trkpt><trkpt lat="41.159367" lon="-7.771329"><ele>82.283</ele><time>2019-07-30T16:20:23Z</time></trkpt><trkpt lat="41.159466" lon="-7.771268"><ele>82.211</ele><time>2019-07-30T16:20:24Z</time></trkpt><trkpt lat="41.159616" lon="-7.771022"><ele>83.708</ele><time>2019-07-30T16:20:26Z</time></trkpt><trkpt lat="41.159841" lon="-7.770889"><ele>84.359</ele><time>2019-07-30T16:20:28Z</time></trkpt><trkpt lat="41.159946" lon="-7.770829"><ele>84.165</ele><time>2019-07-30T16:20:29Z</time></trkpt><trkpt lat="41.160066" lon="-7.770752"><ele>84.679</ele><time>2019-07-30T16:20:30Z</time></trkpt><trkpt lat="41.160280" lon="-7.770579"><ele>86.995</ele><time>2019-07-30T16:20:32Z</time></trkpt><trkpt lat="41.160377" lon="-7.770470"><ele>88.956</ele><time>2019-07-30T16:20:33Z</time></trkpt><trkpt lat="41.160474" lon="-7.770400"><ele>87.969</ele><time>2019-07-30T16:20:34Z</time></trkpt><trkpt lat="41.160582" lon="-7.770320"><ele>87.419</ele><time>2019-07-30T16:20:35Z</time></trkpt><trkpt lat="41.160824" lon="-7.770189"><ele>85.452</ele><time>2019-07-30T16:20:37Z</time></trkpt><trkpt lat="41.161063" lon="-7.770086"><ele>85.128</ele><time>2019-07-30T16:20:39Z</time></trkpt><trkpt lat="41.161273" lon="-7.769905"><ele>85.189</ele><time>2019-07-30T16:20:41Z</time></trkpt><trkpt lat="41.161469" lon="-7.769708"><ele>85.717</ele><time>2019-07-30T16:20:43Z</time></trkpt><trkpt lat="41.161714" lon="-7.769581"><ele>83.308</ele><time>2019-07-30T16:20:45Z</time></trkpt><trkpt lat="41.161843" lon="-7.769540"><ele>82.115</ele><time>2019-07-30T16:20:46Z</time></trkpt><trkpt lat="41.162104" lon="-7.769468"><ele>82.891</ele><time>2019-07-30T16:20:48Z</time></trkpt><trkpt lat="41.162367" lon="-7.769439"><ele>79.465</ele><time>2019-07-30T16:20:50Z</time></trkpt><trkpt lat="41.162638" lon="-7.769401"><ele>78.951</ele><time>2019-07-30T16:20:52Z</time></trkpt><trkpt lat="41.162883" lon="-7.769346"><ele>78.432</ele><time>2019-07-30T16:20:54Z</time></trkpt><trkpt lat="41.163126" lon="-7.769280"><ele>79.015</ele><time>2019-07-30T16:20:56Z</time></trkpt><trkpt lat="41.163367" lon="-7.769174"><ele>77.375</ele><time>2019-07-30T16:20:58Z</time></trkpt><trkpt lat="41.163475" lon="-7.769107"><ele>77.418</ele><time>2019-07-30T16:20:59Z</time></trkpt><trkpt lat="41.163589" lon="-7.769029"><ele>77.491</ele><time>2019-07-30T16:21:00Z</time></trkpt><trkpt lat="41.163817" lon="-7.768873"><ele>78.281</ele><time>2019-07-30T16:21:02Z</time></trkpt><trkpt lat="41.163925" lon="-7.768788"><ele>78.019</ele><time>2019-07-30T16:21:03Z</time></trkpt><trkpt lat="41.164040" lon="-7.768709"><ele>77.308</ele><time>2019-07-30T16:21:04Z</time></trkpt><trkpt lat="41.164247" lon="-7.768584"><ele>77.922</ele><time>2019-07-30T16:21:06Z</time></trkpt><trkpt lat="41.164338" lon="-7.768520"><ele>79.648</ele><time>2019-07-30T16:21:07Z</time></trkpt><trkpt lat="41.164526" lon="-7.768473"><ele>78.232</ele><time>2019-07-30T16:21:09Z</time></trkpt><trkpt lat="41.164617" lon="-7.768481"><ele>78.498</ele><time>2019-07-30T16:21:10Z</time></trkpt><trkpt lat="41.164802" lon="-7.768513"><ele>78.239</ele><time>2019-07-30T16:21:12Z</time></trkpt><trkpt lat="41.164963" lon="-7.768518"><ele>77.622</ele><time>2019-07-30T16:21:14Z</time></trkpt><trkpt lat="41.165053" lon="-7.768486"><ele>78.742</ele><time>2019-07-30T16:21:15Z</time></trkpt><trkpt lat="41.165194" lon="-7.768380"><ele>79.695</ele><time>2019-07-30T16:21:17Z</time></trkpt><trkpt lat="41.165312" lon="-7.768211"><ele>79.253</ele><time>2019-07-30T16:21:19Z</time></trkpt><trkpt lat="41.165361" lon="-7.768087"><ele>79.204</ele><time>2019-07-30T16:21:20Z</time></trkpt><trkpt lat="41.165424" lon="-7.767972"><ele>79.514</ele><time>2019-07-30T16:21:21Z</time></trkpt><trkpt lat="41.165535" lon="-7.767723"><ele>81.208</ele><time>2019-07-30T16:21:23Z</time></trkpt><trkpt lat="41.165639" lon="-7.767482"><ele>82.118</ele><time>2019-07-30T16:21:25Z</time></trkpt><trkpt lat="41.165691" lon="-7.767359"><ele>82.364</ele><time>2019-07-30T16:21:26Z</time></trkpt><trkpt lat="41.165777" lon="-7.767101"><ele>82.328</ele><time>2019-07-30T16:21:28Z</time></trkpt><trkpt lat="41.165867" lon="-7.766848"><ele>82.244</ele><time>2019-07-30T16:21:30Z</time></trkpt><trkpt lat="41.165944" lon="-7.766582"><ele>79.695</ele><time>2019-07-30T16:21:32Z</time></trkpt><trkpt lat="41.165978" lon="-7.766440"><ele>80.248</ele><time>2019-07-30T16:21:33Z</time></trkpt><trkpt lat="41.166014" lon="-7.766313"><ele>78.938</ele><time>2019-07-30T16:21:34Z</time></trkpt><trkpt lat="41.166078" lon="-7.766233"><ele>76.991</ele><time>2019-07-30T16:21:35Z</time></trkpt><trkpt lat="41.166179" lon="-7.766024"><ele>77.092</ele><time>2019-07-30T16:21:37Z</time></trkpt><trkpt lat="41.166292" lon="-7.765823"><ele>78.173</ele><time>2019-07-30T16:21:39Z</time></trkpt><trkpt lat="41.166440" lon="-7.765689"><ele>76.820</ele><time>2019-07-30T16:21:41Z</time></trkpt><trkpt lat="41.166533" lon="-7.765657"><ele>77.408</ele><time>2019-07-30T16:21:42Z</time></trkpt><trkpt lat="41.166694" lon="-7.765613"><ele>78.342</ele><time>2019-07-30T16:21:44Z</time></trkpt><trkpt lat="41.166838" lon="-7.765506"><ele>78.468</ele><time>2019-07-30T16:21:46Z</time></trkpt><trkpt lat="41.166890" lon="-7.765443"><ele>77.352</ele><time>2019-07-30T16:21:47Z</time></trkpt><trkpt lat="41.166946" lon="-7.765371"><ele>72.348</ele><time>2019-07-30T16:21:48Z</time></trkpt><trkpt lat="41.167037" lon="-7.765215"><ele>74.579</ele><time>2019-07-30T16:21:50Z</time></trkpt><trkpt lat="41.167106" lon="-7.765072"><ele>76.122</ele><time>2019-07-30T16:21:52Z</time></trkpt><trkpt lat="41.167136" lon="-7.764953"><ele>74.982</ele><time>2019-07-30T16:21:54Z</time></trkpt><trkpt lat="41.167135" lon="-7.764871"><ele>75.265</ele><time>2019-07-30T16:21:55Z</time></trkpt><trkpt lat="41.167046" lon="-7.764748"><ele>75.773</ele><time>2019-07-30T16:21:57Z</time></trkpt><trkpt lat="41.166999" lon="-7.764687"><ele>76.685</ele><time>2019-07-30T16:21:58Z</time></trkpt><trkpt lat="41.166895" lon="-7.764554"><ele>76.813</ele><time>2019-07-30T16:22:00Z</time></trkpt><trkpt lat="41.166827" lon="-7.764383"><ele>79.408</ele><time>2019-07-30T16:22:02Z</time></trkpt><trkpt lat="41.166719" lon="-7.764243"><ele>79.690</ele><time>2019-07-30T16:22:04Z</time></trkpt><trkpt lat="41.166649" lon="-7.764203"><ele>80.486</ele><time>2019-07-30T16:22:05Z</time></trkpt><trkpt lat="41.166507" lon="-7.764198"><ele>80.050</ele><time>2019-07-30T16:22:07Z</time></trkpt><trkpt lat="41.166336" lon="-7.764194"><ele>79.726</ele><time>2019-07-30T16:22:09Z</time></trkpt><trkpt lat="41.166228" lon="-7.764189"><ele>80.067</ele><time>2019-07-30T16:22:10Z</time></trkpt><trkpt lat="41.166108" lon="-7.764259"><ele>80.060</ele><time>2019-07-30T16:22:11Z</time></trkpt><trkpt lat="41.165983" lon="-7.764617"><ele>79.540</ele><time>2019-07-30T16:22:13Z</time></trkpt><trkpt lat="41.165930" lon="-7.764781"><ele>79.153</ele><time>2019-07-30T16:22:14Z</time></trkpt><trkpt lat="41.165754" lon="-7.764955"><ele>77.734</ele><time>2019-07-30T16:22:16Z</time></trkpt><trkpt lat="41.165581" lon="-7.765153"><ele>76.755</ele><time>2019-07-30T16:22:18Z</time></trkpt><trkpt lat="41.165364" lon="-7.765322"><ele>74.910</ele><time>2019-07-30T16:22:20Z</time></trkpt><trkpt lat="41.165254" lon="-7.765417"><ele>75.108</ele><time>2019-07-30T16:22:21Z</time></trkpt><trkpt lat="41.165077" lon="-7.765660"><ele>75.626</ele><time>2019-07-30T16:22:23Z</time></trkpt><trkpt lat="41.164975" lon="-7.765772"><ele>76.742</ele><time>2019-07-30T16:22:24Z</time></trkpt><trkpt lat="41.164832" lon="-7.766029"><ele>77.566</ele><time>2019-07-30T16:22:26Z</time></trkpt><trkpt lat="41.164684" lon="-7.766293"><ele>78.832</ele><time>2019-07-30T16:22:28Z</time></trkpt><trkpt lat="41.164613" lon="-7.766418"><ele>80.243</ele><time>2019-07-30T16:22:29Z</time></trkpt><trkpt lat="41.164431" lon="-7.766555"><ele>81.556</ele><time>2019-07-30T16:22:31Z</time></trkpt><trkpt lat="41.164207" lon="-7.766613"><ele>80.746</ele><time>2019-07-30T16:22:33Z</time></trkpt><trkpt lat="41.164106" lon="-7.766611"><ele>82.169</ele><time>2019-07-30T16:22:34Z</time></trkpt><trkpt lat="41.163931" lon="-7.766530"><ele>82.499</ele><time>2019-07-30T16:22:36Z</time></trkpt><trkpt lat="41.163852" lon="-7.766459"><ele>83.607</ele><time>2019-07-30T16:22:37Z</time></trkpt><trkpt lat="41.163703" lon="-7.766345"><ele>86.127</ele><time>2019-07-30T16:22:39Z</time></trkpt><trkpt lat="41.163618" lon="-7.766290"><ele>86.808</ele><time>2019-07-30T16:22:40Z</time></trkpt><trkpt lat="41.163432" lon="-7.766339"><ele>87.232</ele><time>2019-07-30T16:22:42Z</time></trkpt><trkpt lat="41.163337" lon="-7.766393"><ele>87.668</ele><time>2019-07-30T16:22:43Z</time></trkpt><trkpt lat="41.163252" lon="-7.766459"><ele>88.812</ele><time>2019-07-30T16:22:44Z</time></trkpt><trkpt lat="41.163078" lon="-7.766598"><ele>89.248</ele><time>2019-07-30T16:22:46Z</time></trkpt><trkpt lat="41.162884" lon="-7.766698"><ele>91.049</ele><time>2019-07-30T16:22:48Z</time></trkpt><trkpt lat="41.162798" lon="-7.766729"><ele>92.172</ele><time>2019-07-30T16:22:49Z</time></trkpt><trkpt lat="41.162578" lon="-7.766760"><ele>94.962</ele><time>2019-07-30T16:22:51Z</time></trkpt><trkpt lat="41.162443" lon="-7.766756"><ele>95.525</ele><time>2019-07-30T16:22:52Z</time></trkpt><trkpt lat="41.162315" lon="-7.766755"><ele>96.351</ele><time>2019-07-30T16:22:53Z</time></trkpt><trkpt lat="41.162065" lon="-7.766763"><ele>98.401</ele><time>2019-07-30T16:22:55Z</time></trkpt><trkpt lat="41.161926" lon="-7.766788"><ele>100.011</ele><time>2019-07-30T16:22:56Z</time></trkpt><trkpt lat="41.161789" lon="-7.766816"><ele>100.808</ele><time>2019-07-30T16:22:57Z</time></trkpt><trkpt lat="41.161543" lon="-7.766895"><ele>104.528</ele><time>2019-07-30T16:22:59Z</time></trkpt><trkpt lat="41.161419" lon="-7.766924"><ele>106.064</ele><time>2019-07-30T16:23:00Z</time></trkpt><trkpt lat="41.161296" lon="-7.766957"><ele>106.898</ele><time>2019-07-30T16:23:01Z</time></trkpt><trkpt lat="41.161075" lon="-7.767063"><ele>109.064</ele><time>2019-07-30T16:23:03Z</time></trkpt><trkpt lat="41.160874" lon="-7.767206"><ele>108.025</ele><time>2019-07-30T16:23:05Z</time></trkpt><trkpt lat="41.160777" lon="-7.767250"><ele>108.098</ele><time>2019-07-30T16:23:06Z</time></trkpt><trkpt lat="41.160679" lon="-7.767282"><ele>107.518</ele><time>2019-07-30T16:23:07Z</time></trkpt><trkpt lat="41.160571" lon="-7.767333"><ele>107.141</ele><time>2019-07-30T16:23:08Z</time></trkpt><trkpt lat="41.160401" lon="-7.767471"><ele>106.681</ele><time>2019-07-30T16:23:10Z</time></trkpt><trkpt lat="41.160229" lon="-7.767562"><ele>105.661</ele><time>2019-07-30T16:23:12Z</time></trkpt><trkpt lat="41.160145" lon="-7.767575"><ele>105.217</ele><time>2019-07-30T16:23:13Z</time></trkpt><trkpt lat="41.159992" lon="-7.767594"><ele>105.808</ele><time>2019-07-30T16:23:15Z</time></trkpt><trkpt lat="41.159926" lon="-7.767597"><ele>105.451</ele><time>2019-07-30T16:23:16Z</time></trkpt><trkpt lat="41.159854" lon="-7.767605"><ele>104.457</ele><time>2019-07-30T16:23:17Z</time></trkpt><trkpt lat="41.159711" lon="-7.767678"><ele>104.071</ele><time>2019-07-30T16:23:19Z</time></trkpt><trkpt lat="41.159593" lon="-7.767827"><ele>102.457</ele><time>2019-07-30T16:23:21Z</time></trkpt><trkpt lat="41.159488" lon="-7.768002"><ele>101.048</ele><time>2019-07-30T16:23:23Z</time></trkpt><trkpt lat="41.159419" lon="-7.768081"><ele>100.531</ele><time>2019-07-30T16:23:24Z</time></trkpt><trkpt lat="41.159245" lon="-7.768193"><ele>98.981</ele><time>2019-07-30T16:23:26Z</time></trkpt><trkpt lat="41.159142" lon="-7.768248"><ele>99.544</ele><time>2019-07-30T16:23:27Z</time></trkpt><trkpt lat="41.158943" lon="-7.768387"><ele>99.736</ele><time>2019-07-30T16:23:29Z</time></trkpt><trkpt lat="41.158838" lon="-7.768438"><ele>98.917</ele><time>2019-07-30T16:23:30Z</time></trkpt><trkpt lat="41.158741" lon="-7.768495"><ele>99.118</ele><time>2019-07-30T16:23:31Z</time></trkpt><trkpt lat="41.158553" lon="-7.768660"><ele>98.708</ele><time>2019-07-30T16:23:33Z</time></trkpt><trkpt lat="41.158431" lon="-7.768927"><ele>100.956</ele><time>2019-07-30T16:23:35Z</time></trkpt><trkpt lat="41.158361" lon="-7.769048"><ele>101.912</ele><time>2019-07-30T16:23:36Z</time></trkpt><trkpt lat="41.158269" lon="-7.769152"><ele>101.916</ele><time>2019-07-30T16:23:37Z</time></trkpt><trkpt lat="41.158082" lon="-7.769342"><ele>99.112</ele><time>2019-07-30T16:23:39Z</time></trkpt><trkpt lat="41.157986" lon="-7.769403"><ele>98.553</ele><time>2019-07-30T16:23:40Z</time></trkpt><trkpt lat="41.157883" lon="-7.769465"><ele>96.996</ele><time>2019-07-30T16:23:41Z</time></trkpt><trkpt lat="41.157700" lon="-7.769602"><ele>94.046</ele><time>2019-07-30T16:23:43Z</time></trkpt><trkpt lat="41.157617" lon="-7.769688"><ele>94.759</ele><time>2019-07-30T16:23:44Z</time></trkpt><trkpt lat="41.157435" lon="-7.769865"><ele>92.054</ele><time>2019-07-30T16:23:46Z</time></trkpt><trkpt lat="41.157262" lon="-7.770056"><ele>87.556</ele><time>2019-07-30T16:23:48Z</time></trkpt><trkpt lat="41.157125" lon="-7.770266"><ele>87.711</ele><time>2019-07-30T16:23:50Z</time></trkpt><trkpt lat="41.156954" lon="-7.770433"><ele>85.608</ele><time>2019-07-30T16:23:52Z</time></trkpt><trkpt lat="41.156868" lon="-7.770507"><ele>85.688</ele><time>2019-07-30T16:23:53Z</time></trkpt><trkpt lat="41.156677" lon="-7.770591"><ele>84.554</ele><time>2019-07-30T16:23:55Z</time></trkpt><trkpt lat="41.156583" lon="-7.770621"><ele>84.748</ele><time>2019-07-30T16:23:56Z</time></trkpt><trkpt lat="41.156387" lon="-7.770605"><ele>83.734</ele><time>2019-07-30T16:23:58Z</time></trkpt><trkpt lat="41.156286" lon="-7.770572"><ele>82.755</ele><time>2019-07-30T16:23:59Z</time></trkpt><trkpt lat="41.156182" lon="-7.770526"><ele>81.018</ele><time>2019-07-30T16:24:00Z</time></trkpt><trkpt lat="41.156005" lon="-7.770372"><ele>80.668</ele><time>2019-07-30T16:24:02Z</time></trkpt><trkpt lat="41.155837" lon="-7.770180"><ele>79.751</ele><time>2019-07-30T16:24:04Z</time></trkpt><trkpt lat="41.155679" lon="-7.769955"><ele>79.321</ele><time>2019-07-30T16:24:06Z</time></trkpt><trkpt lat="41.155570" lon="-7.769703"><ele>79.841</ele><time>2019-07-30T16:24:08Z</time></trkpt><trkpt lat="41.155528" lon="-7.769577"><ele>80.205</ele><time>2019-07-30T16:24:09Z</time></trkpt><trkpt lat="41.155468" lon="-7.769285"><ele>80.708</ele><time>2019-07-30T16:24:11Z</time></trkpt><trkpt lat="41.155452" lon="-7.769135"><ele>80.625</ele><time>2019-07-30T16:24:12Z</time></trkpt><trkpt lat="41.155441" lon="-7.768832"><ele>80.241</ele><time>2019-07-30T16:24:14Z</time></trkpt><trkpt lat="41.155423" lon="-7.768530"><ele>80.235</ele><time>2019-07-30T16:24:16Z</time></trkpt><trkpt lat="41.155406" lon="-7.768369"><ele>80.381</ele><time>2019-07-30T16:24:17Z</time></trkpt><trkpt lat="41.155343" lon="-7.768056"><ele>82.242</ele><time>2019-07-30T16:24:19Z</time></trkpt><trkpt lat="41.155248" lon="-7.767745"><ele>83.125</ele><time>2019-07-30T16:24:21Z</time></trkpt><trkpt lat="41.155164" lon="-7.767444"><ele>83.975</ele><time>2019-07-30T16:24:23Z</time></trkpt><trkpt lat="41.155119" lon="-7.767294"><ele>83.878</ele><time>2019-07-30T16:24:24Z</time></trkpt><trkpt lat="41.155040" lon="-7.766996"><ele>84.837</ele><time>2019-07-30T16:24:26Z</time></trkpt><trkpt lat="41.155045" lon="-7.766865"><ele>84.949</ele><time>2019-07-30T16:24:27Z</time></trkpt><trkpt lat="41.155029" lon="-7.766579"><ele>83.813</ele><time>2019-07-30T16:24:29Z</time></trkpt><trkpt lat="41.155037" lon="-7.766263"><ele>82.308</ele><time>2019-07-30T16:24:31Z</time></trkpt><trkpt lat="41.155043" lon="-7.765935"><ele>81.796</ele><time>2019-07-30T16:24:33Z</time></trkpt><trkpt lat="41.155050" lon="-7.765754"><ele>80.792</ele><time>2019-07-30T16:24:34Z</time></trkpt><trkpt lat="41.155023" lon="-7.765424"><ele>80.256</ele><time>2019-07-30T16:24:36Z</time></trkpt><trkpt lat="41.154991" lon="-7.765269"><ele>80.572</ele><time>2019-07-30T16:24:37Z</time></trkpt><trkpt lat="41.154905" lon="-7.764956"><ele>80.623</ele><time>2019-07-30T16:24:39Z</time></trkpt><trkpt lat="41.154863" lon="-7.764794"><ele>80.126</ele><time>2019-07-30T16:24:40Z</time></trkpt><trkpt lat="41.154783" lon="-7.764448"><ele>77.346</ele><time>2019-07-30T16:24:42Z</time></trkpt><trkpt lat="41.154707" lon="-7.764115"><ele>76.589</ele><time>2019-07-30T16:24:44Z</time></trkpt><trkpt lat="41.154611" lon="-7.763763"><ele>76.159</ele><time>2019-07-30T16:24:46Z</time></trkpt><trkpt lat="41.154558" lon="-7.763599"><ele>76.403</ele><time>2019-07-30T16:24:47Z</time></trkpt><trkpt lat="41.154487" lon="-7.763234"><ele>73.423</ele><time>2019-07-30T16:24:49Z</time></trkpt><trkpt lat="41.154388" lon="-7.762909"><ele>73.608</ele><time>2019-07-30T16:24:51Z</time></trkpt><trkpt lat="41.154314" lon="-7.762575"><ele>73.378</ele><time>2019-07-30T16:24:53Z</time></trkpt><trkpt lat="41.154254" lon="-7.762219"><ele>73.214</ele><time>2019-07-30T16:24:55Z</time></trkpt><trkpt lat="41.154204" lon="-7.761867"><ele>75.638</ele><time>2019-07-30T16:24:57Z</time></trkpt><trkpt lat="41.154193" lon="-7.761703"><ele>75.524</ele><time>2019-07-30T16:24:58Z</time></trkpt><trkpt lat="41.154166" lon="-7.761539"><ele>76.525</ele><time>2019-07-30T16:24:59Z</time></trkpt><trkpt lat="41.154127" lon="-7.761211"><ele>76.798</ele><time>2019-07-30T16:25:01Z</time></trkpt><trkpt lat="41.154084" lon="-7.760894"><ele>78.448</ele><time>2019-07-30T16:25:03Z</time></trkpt><trkpt lat="41.154030" lon="-7.760569"><ele>79.371</ele><time>2019-07-30T16:25:05Z</time></trkpt><trkpt lat="41.153992" lon="-7.760411"><ele>79.734</ele><time>2019-07-30T16:25:06Z</time></trkpt><trkpt lat="41.153968" lon="-7.760238"><ele>80.255</ele><time>2019-07-30T16:25:07Z</time></trkpt><trkpt lat="41.153893" lon="-7.759919"><ele>79.310</ele><time>2019-07-30T16:25:09Z</time></trkpt><trkpt lat="41.153802" lon="-7.759573"><ele>81.108</ele><time>2019-07-30T16:25:11Z</time></trkpt><trkpt lat="41.153753" lon="-7.759409"><ele>81.386</ele><time>2019-07-30T16:25:12Z</time></trkpt><trkpt lat="41.153641" lon="-7.759073"><ele>82.322</ele><time>2019-07-30T16:25:14Z</time></trkpt><trkpt lat="41.153613" lon="-7.758903"><ele>82.386</ele><time>2019-07-30T16:25:15Z</time></trkpt><trkpt lat="41.153496" lon="-7.758569"><ele>81.982</ele><time>2019-07-30T16:25:17Z</time></trkpt><trkpt lat="41.153405" lon="-7.758218"><ele>80.353</ele><time>2019-07-30T16:25:19Z</time></trkpt><trkpt lat="41.153307" lon="-7.757831"><ele>79.436</ele><time>2019-07-30T16:25:21Z</time></trkpt><trkpt lat="41.153252" lon="-7.757638"><ele>79.166</ele><time>2019-07-30T16:25:22Z</time></trkpt><trkpt lat="41.153145" lon="-7.757281"><ele>78.689</ele><time>2019-07-30T16:25:24Z</time></trkpt><trkpt lat="41.153084" lon="-7.757122"><ele>77.851</ele><time>2019-07-30T16:25:25Z</time></trkpt><trkpt lat="41.153039" lon="-7.756929"><ele>77.701</ele><time>2019-07-30T16:25:26Z</time></trkpt><trkpt lat="41.152930" lon="-7.756587"><ele>77.511</ele><time>2019-07-30T16:25:28Z</time></trkpt><trkpt lat="41.152811" lon="-7.756232"><ele>76.208</ele><time>2019-07-30T16:25:30Z</time></trkpt><trkpt lat="41.152751" lon="-7.756037"><ele>76.238</ele><time>2019-07-30T16:25:31Z</time></trkpt><trkpt lat="41.152626" lon="-7.755677"><ele>77.464</ele><time>2019-07-30T16:25:33Z</time></trkpt><trkpt lat="41.152561" lon="-7.755476"><ele>77.448</ele><time>2019-07-30T16:25:34Z</time></trkpt><trkpt lat="41.152500" lon="-7.755282"><ele>79.424</ele><time>2019-07-30T16:25:35Z</time></trkpt><trkpt lat="41.152432" lon="-7.755098"><ele>78.725</ele><time>2019-07-30T16:25:36Z</time></trkpt><trkpt lat="41.152365" lon="-7.754923"><ele>78.848</ele><time>2019-07-30T16:25:37Z</time></trkpt><trkpt lat="41.152323" lon="-7.754698"><ele>77.618</ele><time>2019-07-30T16:25:38Z</time></trkpt><trkpt lat="41.152212" lon="-7.754295"><ele>77.211</ele><time>2019-07-30T16:25:40Z</time></trkpt><trkpt lat="41.152084" lon="-7.753910"><ele>78.161</ele><time>2019-07-30T16:25:42Z</time></trkpt><trkpt lat="41.151967" lon="-7.753513"><ele>76.321</ele><time>2019-07-30T16:25:44Z</time></trkpt><trkpt lat="41.151849" lon="-7.753119"><ele>76.813</ele><time>2019-07-30T16:25:46Z</time></trkpt><trkpt lat="41.151800" lon="-7.752923"><ele>77.708</ele><time>2019-07-30T16:25:47Z</time></trkpt><trkpt lat="41.151753" lon="-7.752717"><ele>77.319</ele><time>2019-07-30T16:25:48Z</time></trkpt><trkpt lat="41.151715" lon="-7.752526"><ele>76.515</ele><time>2019-07-30T16:25:49Z</time></trkpt><trkpt lat="41.151604" lon="-7.752155"><ele>76.979</ele><time>2019-07-30T16:25:51Z</time></trkpt><trkpt lat="41.151531" lon="-7.751788"><ele>77.755</ele><time>2019-07-30T16:25:53Z</time></trkpt><trkpt lat="41.151438" lon="-7.751443"><ele>78.696</ele><time>2019-07-30T16:25:55Z</time></trkpt><trkpt lat="41.151394" lon="-7.751271"><ele>78.759</ele><time>2019-07-30T16:25:56Z</time></trkpt><trkpt lat="41.151351" lon="-7.751104"><ele>78.579</ele><time>2019-07-30T16:25:57Z</time></trkpt><trkpt lat="41.151279" lon="-7.750754"><ele>79.842</ele><time>2019-07-30T16:25:59Z</time></trkpt><trkpt lat="41.151203" lon="-7.750408"><ele>78.585</ele><time>2019-07-30T16:26:01Z</time></trkpt><trkpt lat="41.151181" lon="-7.750254"><ele>77.489</ele><time>2019-07-30T16:26:02Z</time></trkpt><trkpt lat="41.151105" lon="-7.749918"><ele>77.417</ele><time>2019-07-30T16:26:04Z</time></trkpt><trkpt lat="41.151064" lon="-7.749757"><ele>77.408</ele><time>2019-07-30T16:26:05Z</time></trkpt><trkpt lat="41.150940" lon="-7.749454"><ele>78.861</ele><time>2019-07-30T16:26:07Z</time></trkpt><trkpt lat="41.150886" lon="-7.749313"><ele>78.567</ele><time>2019-07-30T16:26:08Z</time></trkpt><trkpt lat="41.150806" lon="-7.749047"><ele>76.811</ele><time>2019-07-30T16:26:10Z</time></trkpt><trkpt lat="41.150690" lon="-7.748826"><ele>75.627</ele><time>2019-07-30T16:26:12Z</time></trkpt><trkpt lat="41.150581" lon="-7.748580"><ele>75.848</ele><time>2019-07-30T16:26:14Z</time></trkpt><trkpt lat="41.150467" lon="-7.748358"><ele>74.431</ele><time>2019-07-30T16:26:16Z</time></trkpt><trkpt lat="41.150415" lon="-7.748210"><ele>73.881</ele><time>2019-07-30T16:26:17Z</time></trkpt><trkpt lat="41.150369" lon="-7.748059"><ele>73.514</ele><time>2019-07-30T16:26:18Z</time></trkpt><trkpt lat="41.150227" lon="-7.747783"><ele>74.927</ele><time>2019-07-30T16:26:20Z</time></trkpt><trkpt lat="41.150082" lon="-7.747462"><ele>75.668</ele><time>2019-07-30T16:26:22Z</time></trkpt><trkpt lat="41.149943" lon="-7.747147"><ele>75.414</ele><time>2019-07-30T16:26:24Z</time></trkpt><trkpt lat="41.149857" lon="-7.746995"><ele>75.708</ele><time>2019-07-30T16:26:25Z</time></trkpt><trkpt lat="41.149688" lon="-7.746661"><ele>74.045</ele><time>2019-07-30T16:26:27Z</time></trkpt><trkpt lat="41.149613" lon="-7.746513"><ele>74.351</ele><time>2019-07-30T16:26:28Z</time></trkpt><trkpt lat="41.149458" lon="-7.746189"><ele>75.165</ele><time>2019-07-30T16:26:30Z</time></trkpt><trkpt lat="41.149313" lon="-7.745872"><ele>77.941</ele><time>2019-07-30T16:26:32Z</time></trkpt><trkpt lat="41.149242" lon="-7.745712"><ele>78.432</ele><time>2019-07-30T16:26:33Z</time></trkpt><trkpt lat="41.149174" lon="-7.745551"><ele>78.545</ele><time>2019-07-30T16:26:34Z</time></trkpt><trkpt lat="41.149025" lon="-7.745225"><ele>80.235</ele><time>2019-07-30T16:26:36Z</time></trkpt><trkpt lat="41.148974" lon="-7.745046"><ele>81.298</ele><time>2019-07-30T16:26:37Z</time></trkpt><trkpt lat="41.148872" lon="-7.744659"><ele>81.314</ele><time>2019-07-30T16:26:39Z</time></trkpt><trkpt lat="41.148838" lon="-7.744481"><ele>82.854</ele><time>2019-07-30T16:26:40Z</time></trkpt><trkpt lat="41.148771" lon="-7.744134"><ele>85.609</ele><time>2019-07-30T16:26:42Z</time></trkpt><trkpt lat="41.148744" lon="-7.743993"><ele>87.108</ele><time>2019-07-30T16:26:43Z</time></trkpt><trkpt lat="41.148715" lon="-7.743830"><ele>87.174</ele><time>2019-07-30T16:26:44Z</time></trkpt><trkpt lat="41.148705" lon="-7.743702"><ele>87.970</ele><time>2019-07-30T16:26:45Z</time></trkpt><trkpt lat="41.148680" lon="-7.743430"><ele>89.964</ele><time>2019-07-30T16:26:47Z</time></trkpt><trkpt lat="41.148689" lon="-7.743168"><ele>91.780</ele><time>2019-07-30T16:26:49Z</time></trkpt><trkpt lat="41.148662" lon="-7.742953"><ele>92.981</ele><time>2019-07-30T16:26:51Z</time></trkpt><trkpt lat="41.148644" lon="-7.742732"><ele>90.824</ele><time>2019-07-30T16:26:53Z</time></trkpt><trkpt lat="41.148656" lon="-7.742608"><ele>89.264</ele><time>2019-07-30T16:26:54Z</time></trkpt><trkpt lat="41.148687" lon="-7.742393"><ele>90.737</ele><time>2019-07-30T16:26:56Z</time></trkpt><trkpt lat="41.148720" lon="-7.742280"><ele>91.226</ele><time>2019-07-30T16:26:57Z</time></trkpt><trkpt lat="41.148749" lon="-7.742176"><ele>90.447</ele><time>2019-07-30T16:26:58Z</time></trkpt><trkpt lat="41.148790" lon="-7.742078"><ele>90.511</ele><time>2019-07-30T16:26:59Z</time></trkpt><trkpt lat="41.148841" lon="-7.741898"><ele>91.508</ele><time>2019-07-30T16:27:01Z</time></trkpt><trkpt lat="41.148872" lon="-7.741838"><ele>89.615</ele><time>2019-07-30T16:27:02Z</time></trkpt><trkpt lat="41.148851" lon="-7.741678"><ele>90.761</ele><time>2019-07-30T16:27:04Z</time></trkpt><trkpt lat="41.148777" lon="-7.741553"><ele>89.675</ele><time>2019-07-30T16:27:06Z</time></trkpt><trkpt lat="41.148721" lon="-7.741492"><ele>90.781</ele><time>2019-07-30T16:27:07Z</time></trkpt><trkpt lat="41.148662" lon="-7.741460"><ele>90.182</ele><time>2019-07-30T16:27:08Z</time></trkpt><trkpt lat="41.148591" lon="-7.741419"><ele>90.285</ele><time>2019-07-30T16:27:09Z</time></trkpt><trkpt lat="41.148517" lon="-7.741375"><ele>90.255</ele><time>2019-07-30T16:27:10Z</time></trkpt><trkpt lat="41.148454" lon="-7.741330"><ele>90.428</ele><time>2019-07-30T16:27:11Z</time></trkpt><trkpt lat="41.148397" lon="-7.741287"><ele>88.931</ele><time>2019-07-30T16:27:12Z</time></trkpt><trkpt lat="41.148327" lon="-7.741237"><ele>88.361</ele><time>2019-07-30T16:27:13Z</time></trkpt><trkpt lat="41.148274" lon="-7.741162"><ele>88.407</ele><time>2019-07-30T16:27:14Z</time></trkpt><trkpt lat="41.148229" lon="-7.741086"><ele>87.908</ele><time>2019-07-30T16:27:15Z</time></trkpt><trkpt lat="41.148152" lon="-7.740896"><ele>87.596</ele><time>2019-07-30T16:27:17Z</time></trkpt><trkpt lat="41.148133" lon="-7.740806"><ele>86.132</ele><time>2019-07-30T16:27:18Z</time></trkpt><trkpt lat="41.148117" lon="-7.740717"><ele>84.756</ele><time>2019-07-30T16:27:19Z</time></trkpt><trkpt lat="41.148094" lon="-7.740620"><ele>83.812</ele><time>2019-07-30T16:27:20Z</time></trkpt><trkpt lat="41.148070" lon="-7.740422"><ele>83.173</ele><time>2019-07-30T16:27:22Z</time></trkpt><trkpt lat="41.148064" lon="-7.740311"><ele>81.966</ele><time>2019-07-30T16:27:23Z</time></trkpt><trkpt lat="41.148070" lon="-7.740097"><ele>81.276</ele><time>2019-07-30T16:27:25Z</time></trkpt><trkpt lat="41.148083" lon="-7.739901"><ele>80.959</ele><time>2019-07-30T16:27:27Z</time></trkpt><trkpt lat="41.148084" lon="-7.739814"><ele>80.315</ele><time>2019-07-30T16:27:28Z</time></trkpt><trkpt lat="41.148059" lon="-7.739660"><ele>80.765</ele><time>2019-07-30T16:27:30Z</time></trkpt><trkpt lat="41.148032" lon="-7.739595"><ele>80.911</ele><time>2019-07-30T16:27:31Z</time></trkpt><trkpt lat="41.148009" lon="-7.739535"><ele>80.408</ele><time>2019-07-30T16:27:32Z</time></trkpt><trkpt lat="41.147965" lon="-7.739483"><ele>79.534</ele><time>2019-07-30T16:27:33Z</time></trkpt><trkpt lat="41.147846" lon="-7.739424"><ele>80.990</ele><time>2019-07-30T16:27:35Z</time></trkpt><trkpt lat="41.147779" lon="-7.739423"><ele>81.294</ele><time>2019-07-30T16:27:36Z</time></trkpt><trkpt lat="41.147627" lon="-7.739464"><ele>82.260</ele><time>2019-07-30T16:27:38Z</time></trkpt><trkpt lat="41.147541" lon="-7.739494"><ele>81.611</ele><time>2019-07-30T16:27:39Z</time></trkpt><trkpt lat="41.147454" lon="-7.739524"><ele>81.214</ele><time>2019-07-30T16:27:40Z</time></trkpt><trkpt lat="41.147251" lon="-7.739579"><ele>81.424</ele><time>2019-07-30T16:27:42Z</time></trkpt><trkpt lat="41.147045" lon="-7.739637"><ele>81.857</ele><time>2019-07-30T16:27:44Z</time></trkpt><trkpt lat="41.146837" lon="-7.739709"><ele>80.843</ele><time>2019-07-30T16:27:46Z</time></trkpt><trkpt lat="41.146632" lon="-7.739765"><ele>80.064</ele><time>2019-07-30T16:27:48Z</time></trkpt><trkpt lat="41.146438" lon="-7.739838"><ele>78.610</ele><time>2019-07-30T16:27:50Z</time></trkpt><trkpt lat="41.146353" lon="-7.739871"><ele>78.808</ele><time>2019-07-30T16:27:51Z</time></trkpt><trkpt lat="41.146265" lon="-7.739895"><ele>78.767</ele><time>2019-07-30T16:27:52Z</time></trkpt><trkpt lat="41.146073" lon="-7.739944"><ele>79.723</ele><time>2019-07-30T16:27:54Z</time></trkpt><trkpt lat="41.145984" lon="-7.739984"><ele>79.557</ele><time>2019-07-30T16:27:55Z</time></trkpt><trkpt lat="41.145897" lon="-7.740009"><ele>80.113</ele><time>2019-07-30T16:27:56Z</time></trkpt><trkpt lat="41.145701" lon="-7.740067"><ele>79.434</ele><time>2019-07-30T16:27:58Z</time></trkpt><trkpt lat="41.145606" lon="-7.740098"><ele>78.347</ele><time>2019-07-30T16:27:59Z</time></trkpt><trkpt lat="41.145523" lon="-7.740122"><ele>78.517</ele><time>2019-07-30T16:28:00Z</time></trkpt><trkpt lat="41.145443" lon="-7.740159"><ele>78.520</ele><time>2019-07-30T16:28:01Z</time></trkpt><trkpt lat="41.145369" lon="-7.740173"><ele>79.176</ele><time>2019-07-30T16:28:02Z</time></trkpt><trkpt lat="41.145206" lon="-7.740224"><ele>76.190</ele><time>2019-07-30T16:28:04Z</time></trkpt><trkpt lat="41.145066" lon="-7.740263"><ele>74.919</ele><time>2019-07-30T16:28:06Z</time></trkpt><trkpt lat="41.144969" lon="-7.740283"><ele>76.308</ele><time>2019-07-30T16:28:08Z</time></trkpt><trkpt lat="41.144881" lon="-7.740308"><ele>76.950</ele><time>2019-07-30T16:28:10Z</time></trkpt><trkpt lat="41.144810" lon="-7.740330"><ele>76.246</ele><time>2019-07-30T16:28:13Z</time></trkpt><trkpt lat="41.144755" lon="-7.740330"><ele>76.390</ele><time>2019-07-30T16:28:16Z</time></trkpt><trkpt lat="41.144696" lon="-7.740334"><ele>74.186</ele><time>2019-07-30T16:28:31Z</time></trkpt><trkpt lat="41.144648" lon="-7.740272"><ele>74.547</ele><time>2019-07-30T16:28:33Z</time></trkpt><trkpt lat="41.144615" lon="-7.740129"><ele>73.630</ele><time>2019-07-30T16:28:35Z</time></trkpt><trkpt lat="41.144596" lon="-7.740027"><ele>73.330</ele><time>2019-07-30T16:28:36Z</time></trkpt><trkpt lat="41.144557" lon="-7.739814"><ele>75.013</ele><time>2019-07-30T16:28:38Z</time></trkpt><trkpt lat="41.144543" lon="-7.739697"><ele>75.786</ele><time>2019-07-30T16:28:39Z</time></trkpt><trkpt lat="41.144500" lon="-7.739439"><ele>76.660</ele><time>2019-07-30T16:28:41Z</time></trkpt><trkpt lat="41.144472" lon="-7.739303"><ele>77.126</ele><time>2019-07-30T16:28:42Z</time></trkpt><trkpt lat="41.144409" lon="-7.739019"><ele>76.608</ele><time>2019-07-30T16:28:44Z</time></trkpt><trkpt lat="41.144374" lon="-7.738744"><ele>75.281</ele><time>2019-07-30T16:28:46Z</time></trkpt><trkpt lat="41.144347" lon="-7.738602"><ele>74.597</ele><time>2019-07-30T16:28:47Z</time></trkpt><trkpt lat="41.144288" lon="-7.738302"><ele>75.861</ele><time>2019-07-30T16:28:49Z</time></trkpt><trkpt lat="41.144255" lon="-7.738004"><ele>76.317</ele><time>2019-07-30T16:28:51Z</time></trkpt><trkpt lat="41.144208" lon="-7.737696"><ele>76.878</ele><time>2019-07-30T16:28:53Z</time></trkpt><trkpt lat="41.144180" lon="-7.737548"><ele>76.541</ele><time>2019-07-30T16:28:54Z</time></trkpt><trkpt lat="41.144156" lon="-7.737402"><ele>76.181</ele><time>2019-07-30T16:28:55Z</time></trkpt><trkpt lat="41.144096" lon="-7.737088"><ele>75.484</ele><time>2019-07-30T16:28:57Z</time></trkpt><trkpt lat="41.144061" lon="-7.736941"><ele>75.996</ele><time>2019-07-30T16:28:58Z</time></trkpt><trkpt lat="41.144023" lon="-7.736629"><ele>74.831</ele><time>2019-07-30T16:29:00Z</time></trkpt><trkpt lat="41.143961" lon="-7.736332"><ele>74.024</ele><time>2019-07-30T16:29:02Z</time></trkpt><trkpt lat="41.143930" lon="-7.736208"><ele>73.408</ele><time>2019-07-30T16:29:03Z</time></trkpt><trkpt lat="41.143905" lon="-7.735978"><ele>73.882</ele><time>2019-07-30T16:29:05Z</time></trkpt><trkpt lat="41.143893" lon="-7.735878"><ele>71.898</ele><time>2019-07-30T16:29:06Z</time></trkpt><trkpt lat="41.143882" lon="-7.735772"><ele>71.832</ele><time>2019-07-30T16:29:07Z</time></trkpt><trkpt lat="41.143894" lon="-7.735584"><ele>72.448</ele><time>2019-07-30T16:29:09Z</time></trkpt><trkpt lat="41.143902" lon="-7.735497"><ele>73.579</ele><time>2019-07-30T16:29:10Z</time></trkpt><trkpt lat="41.143911" lon="-7.735392"><ele>75.032</ele><time>2019-07-30T16:29:11Z</time></trkpt><trkpt lat="41.143915" lon="-7.735290"><ele>75.492</ele><time>2019-07-30T16:29:12Z</time></trkpt><trkpt lat="41.143942" lon="-7.735049"><ele>76.745</ele><time>2019-07-30T16:29:14Z</time></trkpt><trkpt lat="41.143966" lon="-7.734764"><ele>77.543</ele><time>2019-07-30T16:29:16Z</time></trkpt><trkpt lat="41.143982" lon="-7.734460"><ele>77.264</ele><time>2019-07-30T16:29:18Z</time></trkpt><trkpt lat="41.143992" lon="-7.734145"><ele>76.610</ele><time>2019-07-30T16:29:20Z</time></trkpt><trkpt lat="41.143999" lon="-7.733825"><ele>75.508</ele><time>2019-07-30T16:29:22Z</time></trkpt><trkpt lat="41.143999" lon="-7.733662"><ele>75.427</ele><time>2019-07-30T16:29:23Z</time></trkpt><trkpt lat="41.144006" lon="-7.733506"><ele>75.533</ele><time>2019-07-30T16:29:24Z</time></trkpt><trkpt lat="41.144016" lon="-7.733181"><ele>75.397</ele><time>2019-07-30T16:29:26Z</time></trkpt><trkpt lat="41.144031" lon="-7.732862"><ele>76.763</ele><time>2019-07-30T16:29:28Z</time></trkpt><trkpt lat="41.144051" lon="-7.732519"><ele>76.724</ele><time>2019-07-30T16:29:30Z</time></trkpt><trkpt lat="41.144070" lon="-7.732347"><ele>76.827</ele><time>2019-07-30T16:29:31Z</time></trkpt><trkpt lat="41.144134" lon="-7.731984"><ele>75.777</ele><time>2019-07-30T16:29:33Z</time></trkpt><trkpt lat="41.144208" lon="-7.731655"><ele>74.660</ele><time>2019-07-30T16:29:35Z</time></trkpt><trkpt lat="41.144241" lon="-7.731471"><ele>74.412</ele><time>2019-07-30T16:29:36Z</time></trkpt><trkpt lat="41.144267" lon="-7.731287"><ele>74.632</ele><time>2019-07-30T16:29:37Z</time></trkpt><trkpt lat="41.144287" lon="-7.731104"><ele>73.905</ele><time>2019-07-30T16:29:38Z</time></trkpt><trkpt lat="41.144310" lon="-7.730719"><ele>76.308</ele><time>2019-07-30T16:29:40Z</time></trkpt><trkpt lat="41.144308" lon="-7.730326"><ele>76.244</ele><time>2019-07-30T16:29:42Z</time></trkpt><trkpt lat="41.144300" lon="-7.730137"><ele>74.450</ele><time>2019-07-30T16:29:43Z</time></trkpt><trkpt lat="41.144289" lon="-7.729722"><ele>75.314</ele><time>2019-07-30T16:29:45Z</time></trkpt><trkpt lat="41.144244" lon="-7.729307"><ele>74.540</ele><time>2019-07-30T16:29:47Z</time></trkpt><trkpt lat="41.144226" lon="-7.728886"><ele>73.911</ele><time>2019-07-30T16:29:49Z</time></trkpt><trkpt lat="41.144211" lon="-7.728676"><ele>74.314</ele><time>2019-07-30T16:29:50Z</time></trkpt><trkpt lat="41.144207" lon="-7.728473"><ele>75.254</ele><time>2019-07-30T16:29:51Z</time></trkpt><trkpt lat="41.144225" lon="-7.728031"><ele>75.567</ele><time>2019-07-30T16:29:53Z</time></trkpt><trkpt lat="41.144223" lon="-7.727612"><ele>76.074</ele><time>2019-07-30T16:29:55Z</time></trkpt><trkpt lat="41.144207" lon="-7.727430"><ele>76.156</ele><time>2019-07-30T16:29:56Z</time></trkpt><trkpt lat="41.144184" lon="-7.727020"><ele>76.721</ele><time>2019-07-30T16:29:58Z</time></trkpt><trkpt lat="41.144163" lon="-7.726828"><ele>76.608</ele><time>2019-07-30T16:29:59Z</time></trkpt><trkpt lat="41.144148" lon="-7.726620"><ele>74.950</ele><time>2019-07-30T16:30:00Z</time></trkpt><trkpt lat="41.144122" lon="-7.726417"><ele>74.986</ele><time>2019-07-30T16:30:01Z</time></trkpt><trkpt lat="41.144101" lon="-7.726212"><ele>73.640</ele><time>2019-07-30T16:30:02Z</time></trkpt><trkpt lat="41.144069" lon="-7.725806"><ele>74.486</ele><time>2019-07-30T16:30:04Z</time></trkpt><trkpt lat="41.144058" lon="-7.725593"><ele>74.857</ele><time>2019-07-30T16:30:05Z</time></trkpt><trkpt lat="41.144064" lon="-7.725199"><ele>74.540</ele><time>2019-07-30T16:30:07Z</time></trkpt><trkpt lat="41.144066" lon="-7.724982"><ele>75.350</ele><time>2019-07-30T16:30:08Z</time></trkpt><trkpt lat="41.144062" lon="-7.724549"><ele>77.363</ele><time>2019-07-30T16:30:10Z</time></trkpt><trkpt lat="41.144054" lon="-7.724327"><ele>77.599</ele><time>2019-07-30T16:30:11Z</time></trkpt><trkpt lat="41.144056" lon="-7.724124"><ele>78.907</ele><time>2019-07-30T16:30:12Z</time></trkpt><trkpt lat="41.144047" lon="-7.723690"><ele>77.727</ele><time>2019-07-30T16:30:14Z</time></trkpt><trkpt lat="41.144038" lon="-7.723279"><ele>77.508</ele><time>2019-07-30T16:30:16Z</time></trkpt><trkpt lat="41.144043" lon="-7.723068"><ele>76.522</ele><time>2019-07-30T16:30:17Z</time></trkpt><trkpt lat="41.144042" lon="-7.722857"><ele>75.928</ele><time>2019-07-30T16:30:18Z</time></trkpt><trkpt lat="41.144031" lon="-7.722421"><ele>75.672</ele><time>2019-07-30T16:30:20Z</time></trkpt><trkpt lat="41.144046" lon="-7.721999"><ele>75.448</ele><time>2019-07-30T16:30:22Z</time></trkpt><trkpt lat="41.144028" lon="-7.721563"><ele>76.239</ele><time>2019-07-30T16:30:24Z</time></trkpt><trkpt lat="41.143997" lon="-7.721124"><ele>76.312</ele><time>2019-07-30T16:30:26Z</time></trkpt><trkpt lat="41.143984" lon="-7.720911"><ele>75.482</ele><time>2019-07-30T16:30:27Z</time></trkpt><trkpt lat="41.143975" lon="-7.720689"><ele>74.985</ele><time>2019-07-30T16:30:28Z</time></trkpt><trkpt lat="41.143958" lon="-7.720255"><ele>75.459</ele><time>2019-07-30T16:30:30Z</time></trkpt><trkpt lat="41.143955" lon="-7.720036"><ele>74.703</ele><time>2019-07-30T16:30:31Z</time></trkpt><trkpt lat="41.143937" lon="-7.719592"><ele>74.623</ele><time>2019-07-30T16:30:33Z</time></trkpt><trkpt lat="41.143932" lon="-7.719374"><ele>74.408</ele><time>2019-07-30T16:30:34Z</time></trkpt><trkpt lat="41.143919" lon="-7.718923"><ele>73.588</ele><time>2019-07-30T16:30:36Z</time></trkpt><trkpt lat="41.143911" lon="-7.718691"><ele>72.774</ele><time>2019-07-30T16:30:37Z</time></trkpt><trkpt lat="41.143901" lon="-7.718464"><ele>72.748</ele><time>2019-07-30T16:30:38Z</time></trkpt><trkpt lat="41.143858" lon="-7.718011"><ele>72.464</ele><time>2019-07-30T16:30:40Z</time></trkpt><trkpt lat="41.143825" lon="-7.717555"><ele>72.245</ele><time>2019-07-30T16:30:42Z</time></trkpt><trkpt lat="41.143798" lon="-7.717106"><ele>74.548</ele><time>2019-07-30T16:30:44Z</time></trkpt><trkpt lat="41.143773" lon="-7.716874"><ele>74.238</ele><time>2019-07-30T16:30:45Z</time></trkpt><trkpt lat="41.143748" lon="-7.716433"><ele>76.141</ele><time>2019-07-30T16:30:47Z</time></trkpt><trkpt lat="41.143716" lon="-7.716004"><ele>75.526</ele><time>2019-07-30T16:30:49Z</time></trkpt><trkpt lat="41.143699" lon="-7.715594"><ele>74.747</ele><time>2019-07-30T16:30:51Z</time></trkpt><trkpt lat="41.143675" lon="-7.715382"><ele>77.011</ele><time>2019-07-30T16:30:52Z</time></trkpt><trkpt lat="41.143624" lon="-7.714940"><ele>76.708</ele><time>2019-07-30T16:30:54Z</time></trkpt><trkpt lat="41.143546" lon="-7.714490"><ele>77.655</ele><time>2019-07-30T16:30:56Z</time></trkpt><trkpt lat="41.143455" lon="-7.714042"><ele>78.661</ele><time>2019-07-30T16:30:58Z</time></trkpt><trkpt lat="41.143413" lon="-7.713819"><ele>78.745</ele><time>2019-07-30T16:30:59Z</time></trkpt><trkpt lat="41.143342" lon="-7.713581"><ele>78.521</ele><time>2019-07-30T16:31:00Z</time></trkpt><trkpt lat="41.143252" lon="-7.713133"><ele>79.372</ele><time>2019-07-30T16:31:02Z</time></trkpt><trkpt lat="41.143162" lon="-7.712693"><ele>80.245</ele><time>2019-07-30T16:31:04Z</time></trkpt><trkpt lat="41.143121" lon="-7.712494"><ele>79.475</ele><time>2019-07-30T16:31:05Z</time></trkpt><trkpt lat="41.143076" lon="-7.712261"><ele>78.718</ele><time>2019-07-30T16:31:06Z</time></trkpt><trkpt lat="41.143000" lon="-7.711822"><ele>78.331</ele><time>2019-07-30T16:31:08Z</time></trkpt><trkpt lat="41.142972" lon="-7.711591"><ele>78.361</ele><time>2019-07-30T16:31:09Z</time></trkpt><trkpt lat="41.142912" lon="-7.711179"><ele>78.307</ele><time>2019-07-30T16:31:11Z</time></trkpt><trkpt lat="41.142890" lon="-7.710973"><ele>77.708</ele><time>2019-07-30T16:31:12Z</time></trkpt><trkpt lat="41.142856" lon="-7.710559"><ele>78.496</ele><time>2019-07-30T16:31:14Z</time></trkpt><trkpt lat="41.142840" lon="-7.710357"><ele>78.582</ele><time>2019-07-30T16:31:15Z</time></trkpt><trkpt lat="41.142785" lon="-7.709932"><ele>78.286</ele><time>2019-07-30T16:31:17Z</time></trkpt><trkpt lat="41.142776" lon="-7.709698"><ele>78.122</ele><time>2019-07-30T16:31:18Z</time></trkpt><trkpt lat="41.142741" lon="-7.709290"><ele>79.693</ele><time>2019-07-30T16:31:20Z</time></trkpt><trkpt lat="41.142715" lon="-7.708855"><ele>78.126</ele><time>2019-07-30T16:31:22Z</time></trkpt><trkpt lat="41.142684" lon="-7.708419"><ele>79.726</ele><time>2019-07-30T16:31:24Z</time></trkpt><trkpt lat="41.142652" lon="-7.707999"><ele>79.799</ele><time>2019-07-30T16:31:26Z</time></trkpt><trkpt lat="41.142627" lon="-7.707571"><ele>78.925</ele><time>2019-07-30T16:31:28Z</time></trkpt><trkpt lat="41.142608" lon="-7.707356"><ele>79.226</ele><time>2019-07-30T16:31:29Z</time></trkpt><trkpt lat="41.142556" lon="-7.706906"><ele>79.708</ele><time>2019-07-30T16:31:31Z</time></trkpt><trkpt lat="41.142492" lon="-7.706468"><ele>80.108</ele><time>2019-07-30T16:31:33Z</time></trkpt><trkpt lat="41.142399" lon="-7.706036"><ele>81.185</ele><time>2019-07-30T16:31:35Z</time></trkpt><trkpt lat="41.142331" lon="-7.705812"><ele>81.481</ele><time>2019-07-30T16:31:36Z</time></trkpt><trkpt lat="41.142204" lon="-7.705393"><ele>78.695</ele><time>2019-07-30T16:31:38Z</time></trkpt><trkpt lat="41.142150" lon="-7.705182"><ele>78.141</ele><time>2019-07-30T16:31:39Z</time></trkpt><trkpt lat="41.142073" lon="-7.704980"><ele>77.282</ele><time>2019-07-30T16:31:40Z</time></trkpt><trkpt lat="41.141957" lon="-7.704561"><ele>75.985</ele><time>2019-07-30T16:31:42Z</time></trkpt><trkpt lat="41.141897" lon="-7.704343"><ele>74.775</ele><time>2019-07-30T16:31:43Z</time></trkpt><trkpt lat="41.141826" lon="-7.704130"><ele>74.728</ele><time>2019-07-30T16:31:44Z</time></trkpt><trkpt lat="41.141749" lon="-7.703933"><ele>74.033</ele><time>2019-07-30T16:31:45Z</time></trkpt><trkpt lat="41.141571" lon="-7.703533"><ele>74.023</ele><time>2019-07-30T16:31:47Z</time></trkpt><trkpt lat="41.141449" lon="-7.703119"><ele>74.715</ele><time>2019-07-30T16:31:49Z</time></trkpt><trkpt lat="41.141317" lon="-7.702697"><ele>74.108</ele><time>2019-07-30T16:31:51Z</time></trkpt><trkpt lat="41.141272" lon="-7.702478"><ele>73.596</ele><time>2019-07-30T16:31:52Z</time></trkpt><trkpt lat="41.141225" lon="-7.702247"><ele>72.592</ele><time>2019-07-30T16:31:53Z</time></trkpt><trkpt lat="41.141162" lon="-7.702017"><ele>73.356</ele><time>2019-07-30T16:31:54Z</time></trkpt><trkpt lat="41.141046" lon="-7.701564"><ele>73.032</ele><time>2019-07-30T16:31:56Z</time></trkpt><trkpt lat="41.140939" lon="-7.701111"><ele>71.423</ele><time>2019-07-30T16:31:58Z</time></trkpt><trkpt lat="41.140881" lon="-7.700920"><ele>72.066</ele><time>2019-07-30T16:31:59Z</time></trkpt><trkpt lat="41.140782" lon="-7.700490"><ele>71.926</ele><time>2019-07-30T16:32:01Z</time></trkpt><trkpt lat="41.140707" lon="-7.700271"><ele>70.439</ele><time>2019-07-30T16:32:02Z</time></trkpt><trkpt lat="41.140616" lon="-7.699868"><ele>69.995</ele><time>2019-07-30T16:32:04Z</time></trkpt><trkpt lat="41.140571" lon="-7.699679"><ele>70.049</ele><time>2019-07-30T16:32:05Z</time></trkpt><trkpt lat="41.140509" lon="-7.699491"><ele>70.423</ele><time>2019-07-30T16:32:06Z</time></trkpt><trkpt lat="41.140446" lon="-7.699134"><ele>71.508</ele><time>2019-07-30T16:32:08Z</time></trkpt><trkpt lat="41.140449" lon="-7.698781"><ele>72.752</ele><time>2019-07-30T16:32:10Z</time></trkpt><trkpt lat="41.140507" lon="-7.698403"><ele>74.288</ele><time>2019-07-30T16:32:12Z</time></trkpt><trkpt lat="41.140542" lon="-7.698198"><ele>73.832</ele><time>2019-07-30T16:32:13Z</time></trkpt><trkpt lat="41.140625" lon="-7.697811"><ele>74.148</ele><time>2019-07-30T16:32:15Z</time></trkpt><trkpt lat="41.140670" lon="-7.697608"><ele>75.139</ele><time>2019-07-30T16:32:16Z</time></trkpt><trkpt lat="41.140733" lon="-7.697226"><ele>73.912</ele><time>2019-07-30T16:32:18Z</time></trkpt><trkpt lat="41.140816" lon="-7.696829"><ele>74.042</ele><time>2019-07-30T16:32:20Z</time></trkpt><trkpt lat="41.140902" lon="-7.696406"><ele>77.245</ele><time>2019-07-30T16:32:22Z</time></trkpt><trkpt lat="41.140990" lon="-7.695980"><ele>77.666</ele><time>2019-07-30T16:32:24Z</time></trkpt><trkpt lat="41.141041" lon="-7.695778"><ele>77.429</ele><time>2019-07-30T16:32:25Z</time></trkpt><trkpt lat="41.141131" lon="-7.695371"><ele>77.421</ele><time>2019-07-30T16:32:27Z</time></trkpt><trkpt lat="41.141217" lon="-7.694953"><ele>78.308</ele><time>2019-07-30T16:32:29Z</time></trkpt><trkpt lat="41.141307" lon="-7.694546"><ele>78.869</ele><time>2019-07-30T16:32:31Z</time></trkpt><trkpt lat="41.141358" lon="-7.694343"><ele>79.185</ele><time>2019-07-30T16:32:32Z</time></trkpt><trkpt lat="41.141454" lon="-7.693958"><ele>80.049</ele><time>2019-07-30T16:32:34Z</time></trkpt><trkpt lat="41.141568" lon="-7.693586"><ele>79.915</ele><time>2019-07-30T16:32:36Z</time></trkpt><trkpt lat="41.141642" lon="-7.693418"><ele>79.396</ele><time>2019-07-30T16:32:37Z</time></trkpt><trkpt lat="41.141773" lon="-7.693075"><ele>78.499</ele><time>2019-07-30T16:32:39Z</time></trkpt><trkpt lat="41.141908" lon="-7.692770"><ele>77.659</ele><time>2019-07-30T16:32:41Z</time></trkpt><trkpt lat="41.141963" lon="-7.692649"><ele>78.222</ele><time>2019-07-30T16:32:42Z</time></trkpt><trkpt lat="41.142080" lon="-7.692435"><ele>77.491</ele><time>2019-07-30T16:32:44Z</time></trkpt><trkpt lat="41.142125" lon="-7.692333"><ele>77.481</ele><time>2019-07-30T16:32:45Z</time></trkpt><trkpt lat="41.142187" lon="-7.692175"><ele>75.619</ele><time>2019-07-30T16:32:47Z</time></trkpt><trkpt lat="41.142234" lon="-7.692138"><ele>74.708</ele><time>2019-07-30T16:32:48Z</time></trkpt><trkpt lat="41.142252" lon="-7.692073"><ele>74.272</ele><time>2019-07-30T16:32:50Z</time></trkpt><trkpt lat="41.142232" lon="-7.692128"><ele>79.888</ele><time>2019-07-30T16:33:40Z</time></trkpt><trkpt lat="41.142273" lon="-7.692085"><ele>74.932</ele><time>2019-07-30T16:34:17Z</time></trkpt><trkpt lat="41.142295" lon="-7.692033"><ele>75.378</ele><time>2019-07-30T16:35:30Z</time></trkpt><trkpt lat="41.142336" lon="-7.691986"><ele>74.249</ele><time>2019-07-30T16:35:38Z</time></trkpt><trkpt lat="41.142414" lon="-7.691905"><ele>71.412</ele><time>2019-07-30T16:35:40Z</time></trkpt><trkpt lat="41.142522" lon="-7.691762"><ele>71.642</ele><time>2019-07-30T16:35:42Z</time></trkpt><trkpt lat="41.142658" lon="-7.691540"><ele>70.285</ele><time>2019-07-30T16:35:44Z</time></trkpt><trkpt lat="41.142808" lon="-7.691304"><ele>70.291</ele><time>2019-07-30T16:35:46Z</time></trkpt><trkpt lat="41.142968" lon="-7.691043"><ele>70.081</ele><time>2019-07-30T16:35:48Z</time></trkpt><trkpt lat="41.143058" lon="-7.690891"><ele>68.919</ele><time>2019-07-30T16:35:49Z</time></trkpt><trkpt lat="41.143149" lon="-7.690749"><ele>68.908</ele><time>2019-07-30T16:35:50Z</time></trkpt><trkpt lat="41.143329" lon="-7.690470"><ele>68.352</ele><time>2019-07-30T16:35:52Z</time></trkpt><trkpt lat="41.143516" lon="-7.690169"><ele>68.938</ele><time>2019-07-30T16:35:54Z</time></trkpt><trkpt lat="41.143712" lon="-7.689878"><ele>67.342</ele><time>2019-07-30T16:35:56Z</time></trkpt><trkpt lat="41.143811" lon="-7.689728"><ele>67.288</ele><time>2019-07-30T16:35:57Z</time></trkpt><trkpt lat="41.143912" lon="-7.689579"><ele>68.089</ele><time>2019-07-30T16:35:58Z</time></trkpt><trkpt lat="41.144138" lon="-7.689296"><ele>66.622</ele><time>2019-07-30T16:36:00Z</time></trkpt><trkpt lat="41.144253" lon="-7.689176"><ele>67.612</ele><time>2019-07-30T16:36:01Z</time></trkpt><trkpt lat="41.144374" lon="-7.689054"><ele>66.455</ele><time>2019-07-30T16:36:02Z</time></trkpt><trkpt lat="41.144609" lon="-7.688813"><ele>67.443</ele><time>2019-07-30T16:36:04Z</time></trkpt><trkpt lat="41.144844" lon="-7.688559"><ele>67.264</ele><time>2019-07-30T16:36:06Z</time></trkpt><trkpt lat="41.144977" lon="-7.688452"><ele>67.010</ele><time>2019-07-30T16:36:07Z</time></trkpt><trkpt lat="41.145107" lon="-7.688336"><ele>67.508</ele><time>2019-07-30T16:36:08Z</time></trkpt><trkpt lat="41.145350" lon="-7.688091"><ele>67.977</ele><time>2019-07-30T16:36:10Z</time></trkpt><trkpt lat="41.145593" lon="-7.687845"><ele>71.533</ele><time>2019-07-30T16:36:12Z</time></trkpt><trkpt lat="41.145843" lon="-7.687579"><ele>68.977</ele><time>2019-07-30T16:36:14Z</time></trkpt><trkpt lat="41.145967" lon="-7.687459"><ele>69.033</ele><time>2019-07-30T16:36:15Z</time></trkpt><trkpt lat="41.146214" lon="-7.687195"><ele>69.214</ele><time>2019-07-30T16:36:17Z</time></trkpt><trkpt lat="41.146482" lon="-7.686957"><ele>69.167</ele><time>2019-07-30T16:36:19Z</time></trkpt><trkpt lat="41.146754" lon="-7.686766"><ele>70.287</ele><time>2019-07-30T16:36:21Z</time></trkpt><trkpt lat="41.146895" lon="-7.686696"><ele>70.810</ele><time>2019-07-30T16:36:22Z</time></trkpt><trkpt lat="41.147165" lon="-7.686524"><ele>69.997</ele><time>2019-07-30T16:36:24Z</time></trkpt><trkpt lat="41.147434" lon="-7.686349"><ele>70.223</ele><time>2019-07-30T16:36:26Z</time></trkpt><trkpt lat="41.147714" lon="-7.686165"><ele>71.425</ele><time>2019-07-30T16:36:28Z</time></trkpt><trkpt lat="41.148023" lon="-7.686007"><ele>70.208</ele><time>2019-07-30T16:36:30Z</time></trkpt><trkpt lat="41.148166" lon="-7.685922"><ele>71.282</ele><time>2019-07-30T16:36:31Z</time></trkpt><trkpt lat="41.148302" lon="-7.685838"><ele>71.918</ele><time>2019-07-30T16:36:32Z</time></trkpt><trkpt lat="41.148575" lon="-7.685675"><ele>71.522</ele><time>2019-07-30T16:36:34Z</time></trkpt><trkpt lat="41.148843" lon="-7.685478"><ele>72.328</ele><time>2019-07-30T16:36:36Z</time></trkpt><trkpt lat="41.148980" lon="-7.685371"><ele>71.799</ele><time>2019-07-30T16:36:37Z</time></trkpt><trkpt lat="41.149240" lon="-7.685146"><ele>70.342</ele><time>2019-07-30T16:36:39Z</time></trkpt><trkpt lat="41.149480" lon="-7.684891"><ele>70.892</ele><time>2019-07-30T16:36:41Z</time></trkpt><trkpt lat="41.149596" lon="-7.684754"><ele>71.785</ele><time>2019-07-30T16:36:42Z</time></trkpt><trkpt lat="41.149822" lon="-7.684445"><ele>72.923</ele><time>2019-07-30T16:36:44Z</time></trkpt><trkpt lat="41.150053" lon="-7.684117"><ele>72.183</ele><time>2019-07-30T16:36:46Z</time></trkpt><trkpt lat="41.150248" lon="-7.683815"><ele>70.811</ele><time>2019-07-30T16:36:48Z</time></trkpt><trkpt lat="41.150455" lon="-7.683556"><ele>70.508</ele><time>2019-07-30T16:36:50Z</time></trkpt><trkpt lat="41.150633" lon="-7.683302"><ele>70.575</ele><time>2019-07-30T16:36:52Z</time></trkpt><trkpt lat="41.150711" lon="-7.683188"><ele>70.321</ele><time>2019-07-30T16:36:53Z</time></trkpt><trkpt lat="41.150790" lon="-7.683077"><ele>70.015</ele><time>2019-07-30T16:36:54Z</time></trkpt><trkpt lat="41.150958" lon="-7.682836"><ele>70.091</ele><time>2019-07-30T16:36:56Z</time></trkpt><trkpt lat="41.151044" lon="-7.682731"><ele>69.392</ele><time>2019-07-30T16:36:57Z</time></trkpt><trkpt lat="41.151199" lon="-7.682506"><ele>70.995</ele><time>2019-07-30T16:36:59Z</time></trkpt><trkpt lat="41.151353" lon="-7.682295"><ele>71.795</ele><time>2019-07-30T16:37:01Z</time></trkpt><trkpt lat="41.151418" lon="-7.682184"><ele>71.838</ele><time>2019-07-30T16:37:02Z</time></trkpt><trkpt lat="41.151563" lon="-7.681983"><ele>71.155</ele><time>2019-07-30T16:37:04Z</time></trkpt><trkpt lat="41.151680" lon="-7.681773"><ele>71.607</ele><time>2019-07-30T16:37:06Z</time></trkpt><trkpt lat="41.151752" lon="-7.681665"><ele>71.317</ele><time>2019-07-30T16:37:07Z</time></trkpt><trkpt lat="41.151817" lon="-7.681564"><ele>71.308</ele><time>2019-07-30T16:37:08Z</time></trkpt><trkpt lat="41.151885" lon="-7.681459"><ele>71.378</ele><time>2019-07-30T16:37:09Z</time></trkpt><trkpt lat="41.152030" lon="-7.681242"><ele>70.434</ele><time>2019-07-30T16:37:11Z</time></trkpt><trkpt lat="41.152098" lon="-7.681132"><ele>70.868</ele><time>2019-07-30T16:37:12Z</time></trkpt><trkpt lat="41.152222" lon="-7.680888"><ele>70.474</ele><time>2019-07-30T16:37:14Z</time></trkpt><trkpt lat="41.152346" lon="-7.680633"><ele>69.775</ele><time>2019-07-30T16:37:16Z</time></trkpt><trkpt lat="41.152404" lon="-7.680496"><ele>69.938</ele><time>2019-07-30T16:37:17Z</time></trkpt><trkpt lat="41.152528" lon="-7.680224"><ele>71.228</ele><time>2019-07-30T16:37:19Z</time></trkpt><trkpt lat="41.152657" lon="-7.679959"><ele>70.691</ele><time>2019-07-30T16:37:21Z</time></trkpt><trkpt lat="41.152784" lon="-7.679677"><ele>70.899</ele><time>2019-07-30T16:37:23Z</time></trkpt><trkpt lat="41.152906" lon="-7.679396"><ele>71.007</ele><time>2019-07-30T16:37:25Z</time></trkpt><trkpt lat="41.152978" lon="-7.679238"><ele>70.827</ele><time>2019-07-30T16:37:26Z</time></trkpt><trkpt lat="41.153048" lon="-7.679094"><ele>72.008</ele><time>2019-07-30T16:37:27Z</time></trkpt><trkpt lat="41.153113" lon="-7.678962"><ele>72.962</ele><time>2019-07-30T16:37:28Z</time></trkpt><trkpt lat="41.153249" lon="-7.678657"><ele>71.568</ele><time>2019-07-30T16:37:30Z</time></trkpt><trkpt lat="41.153316" lon="-7.678502"><ele>71.282</ele><time>2019-07-30T16:37:31Z</time></trkpt><trkpt lat="41.153455" lon="-7.678211"><ele>72.088</ele><time>2019-07-30T16:37:33Z</time></trkpt><trkpt lat="41.153598" lon="-7.677908"><ele>73.599</ele><time>2019-07-30T16:37:35Z</time></trkpt><trkpt lat="41.153654" lon="-7.677756"><ele>74.532</ele><time>2019-07-30T16:37:36Z</time></trkpt><trkpt lat="41.153781" lon="-7.677462"><ele>73.772</ele><time>2019-07-30T16:37:38Z</time></trkpt><trkpt lat="41.153940" lon="-7.677165"><ele>74.515</ele><time>2019-07-30T16:37:40Z</time></trkpt><trkpt lat="41.154013" lon="-7.677021"><ele>75.011</ele><time>2019-07-30T16:37:41Z</time></trkpt><trkpt lat="41.154176" lon="-7.676726"><ele>75.321</ele><time>2019-07-30T16:37:43Z</time></trkpt><trkpt lat="41.154348" lon="-7.676427"><ele>76.103</ele><time>2019-07-30T16:37:45Z</time></trkpt><trkpt lat="41.154437" lon="-7.676275"><ele>76.408</ele><time>2019-07-30T16:37:46Z</time></trkpt><trkpt lat="41.154521" lon="-7.676131"><ele>76.984</ele><time>2019-07-30T16:37:47Z</time></trkpt><trkpt lat="41.154696" lon="-7.675851"><ele>75.930</ele><time>2019-07-30T16:37:49Z</time></trkpt><trkpt lat="41.154780" lon="-7.675710"><ele>75.934</ele><time>2019-07-30T16:37:50Z</time></trkpt><trkpt lat="41.154863" lon="-7.675562"><ele>75.270</ele><time>2019-07-30T16:37:51Z</time></trkpt><trkpt lat="41.155022" lon="-7.675260"><ele>75.941</ele><time>2019-07-30T16:37:53Z</time></trkpt><trkpt lat="41.155187" lon="-7.674975"><ele>74.944</ele><time>2019-07-30T16:37:55Z</time></trkpt><trkpt lat="41.155370" lon="-7.674678"><ele>74.144</ele><time>2019-07-30T16:37:57Z</time></trkpt><trkpt lat="41.155459" lon="-7.674535"><ele>73.077</ele><time>2019-07-30T16:37:58Z</time></trkpt><trkpt lat="41.155657" lon="-7.674248"><ele>73.996</ele><time>2019-07-30T16:38:00Z</time></trkpt><trkpt lat="41.155873" lon="-7.673949"><ele>73.431</ele><time>2019-07-30T16:38:02Z</time></trkpt><trkpt lat="41.155980" lon="-7.673813"><ele>73.924</ele><time>2019-07-30T16:38:03Z</time></trkpt><trkpt lat="41.156089" lon="-7.673678"><ele>73.508</ele><time>2019-07-30T16:38:04Z</time></trkpt><trkpt lat="41.156323" lon="-7.673431"><ele>72.562</ele><time>2019-07-30T16:38:06Z</time></trkpt><trkpt lat="41.156420" lon="-7.673297"><ele>75.348</ele><time>2019-07-30T16:38:07Z</time></trkpt><trkpt lat="41.156519" lon="-7.673161"><ele>74.892</ele><time>2019-07-30T16:38:08Z</time></trkpt><trkpt lat="41.156730" lon="-7.672879"><ele>72.768</ele><time>2019-07-30T16:38:10Z</time></trkpt><trkpt lat="41.156924" lon="-7.672550"><ele>72.599</ele><time>2019-07-30T16:38:12Z</time></trkpt><trkpt lat="41.157024" lon="-7.672383"><ele>72.582</ele><time>2019-07-30T16:38:13Z</time></trkpt><trkpt lat="41.157219" lon="-7.672040"><ele>72.792</ele><time>2019-07-30T16:38:15Z</time></trkpt><trkpt lat="41.157313" lon="-7.671858"><ele>74.325</ele><time>2019-07-30T16:38:16Z</time></trkpt><trkpt lat="41.157504" lon="-7.671517"><ele>73.761</ele><time>2019-07-30T16:38:18Z</time></trkpt><trkpt lat="41.157604" lon="-7.671341"><ele>73.621</ele><time>2019-07-30T16:38:19Z</time></trkpt><trkpt lat="41.157813" lon="-7.671005"><ele>72.613</ele><time>2019-07-30T16:38:21Z</time></trkpt><trkpt lat="41.158005" lon="-7.670648"><ele>72.908</ele><time>2019-07-30T16:38:23Z</time></trkpt><trkpt lat="41.158104" lon="-7.670472"><ele>72.729</ele><time>2019-07-30T16:38:24Z</time></trkpt><trkpt lat="41.158296" lon="-7.670118"><ele>72.625</ele><time>2019-07-30T16:38:26Z</time></trkpt><trkpt lat="41.158393" lon="-7.669948"><ele>73.559</ele><time>2019-07-30T16:38:27Z</time></trkpt><trkpt lat="41.158589" lon="-7.669610"><ele>74.145</ele><time>2019-07-30T16:38:29Z</time></trkpt><trkpt lat="41.158679" lon="-7.669443"><ele>75.166</ele><time>2019-07-30T16:38:30Z</time></trkpt><trkpt lat="41.158785" lon="-7.669274"><ele>74.549</ele><time>2019-07-30T16:38:31Z</time></trkpt><trkpt lat="41.158977" lon="-7.668943"><ele>74.949</ele><time>2019-07-30T16:38:33Z</time></trkpt><trkpt lat="41.159179" lon="-7.668600"><ele>73.692</ele><time>2019-07-30T16:38:35Z</time></trkpt><trkpt lat="41.159278" lon="-7.668426"><ele>73.693</ele><time>2019-07-30T16:38:36Z</time></trkpt><trkpt lat="41.159478" lon="-7.668107"><ele>72.965</ele><time>2019-07-30T16:38:38Z</time></trkpt><trkpt lat="41.159580" lon="-7.667931"><ele>73.221</ele><time>2019-07-30T16:38:39Z</time></trkpt><trkpt lat="41.159765" lon="-7.667570"><ele>72.808</ele><time>2019-07-30T16:38:41Z</time></trkpt><trkpt lat="41.159962" lon="-7.667209"><ele>72.842</ele><time>2019-07-30T16:38:43Z</time></trkpt><trkpt lat="41.160154" lon="-7.666862"><ele>72.778</ele><time>2019-07-30T16:38:45Z</time></trkpt><trkpt lat="41.160248" lon="-7.666697"><ele>72.792</ele><time>2019-07-30T16:38:46Z</time></trkpt><trkpt lat="41.160434" lon="-7.666347"><ele>74.098</ele><time>2019-07-30T16:38:48Z</time></trkpt><trkpt lat="41.160526" lon="-7.666172"><ele>73.929</ele><time>2019-07-30T16:38:49Z</time></trkpt><trkpt lat="41.160614" lon="-7.665992"><ele>74.152</ele><time>2019-07-30T16:38:50Z</time></trkpt><trkpt lat="41.160773" lon="-7.665595"><ele>74.042</ele><time>2019-07-30T16:38:52Z</time></trkpt><trkpt lat="41.160844" lon="-7.665380"><ele>74.795</ele><time>2019-07-30T16:38:53Z</time></trkpt><trkpt lat="41.160906" lon="-7.665168"><ele>74.272</ele><time>2019-07-30T16:38:54Z</time></trkpt><trkpt lat="41.160958" lon="-7.664956"><ele>74.313</ele><time>2019-07-30T16:38:55Z</time></trkpt><trkpt lat="41.161006" lon="-7.664528"><ele>73.614</ele><time>2019-07-30T16:38:57Z</time></trkpt><trkpt lat="41.161071" lon="-7.664074"><ele>74.308</ele><time>2019-07-30T16:38:59Z</time></trkpt><trkpt lat="41.161091" lon="-7.663860"><ele>75.790</ele><time>2019-07-30T16:39:00Z</time></trkpt><trkpt lat="41.161137" lon="-7.663433"><ele>75.636</ele><time>2019-07-30T16:39:02Z</time></trkpt><trkpt lat="41.161184" lon="-7.663006"><ele>76.990</ele><time>2019-07-30T16:39:04Z</time></trkpt><trkpt lat="41.161243" lon="-7.662599"><ele>77.446</ele><time>2019-07-30T16:39:06Z</time></trkpt><trkpt lat="41.161264" lon="-7.662399"><ele>78.147</ele><time>2019-07-30T16:39:07Z</time></trkpt><trkpt lat="41.161326" lon="-7.661965"><ele>78.330</ele><time>2019-07-30T16:39:09Z</time></trkpt><trkpt lat="41.161368" lon="-7.661549"><ele>79.540</ele><time>2019-07-30T16:39:11Z</time></trkpt><trkpt lat="41.161381" lon="-7.661338"><ele>79.233</ele><time>2019-07-30T16:39:12Z</time></trkpt><trkpt lat="41.161391" lon="-7.660909"><ele>80.534</ele><time>2019-07-30T16:39:14Z</time></trkpt><trkpt lat="41.161384" lon="-7.660447"><ele>80.355</ele><time>2019-07-30T16:39:15Z</time></trkpt><trkpt lat="41.161381" lon="-7.660220"><ele>80.910</ele><time>2019-07-30T16:39:16Z</time></trkpt><trkpt lat="41.161376" lon="-7.659999"><ele>80.108</ele><time>2019-07-30T16:39:17Z</time></trkpt><trkpt lat="41.161374" lon="-7.659769"><ele>80.256</ele><time>2019-07-30T16:39:18Z</time></trkpt><trkpt lat="41.161365" lon="-7.659546"><ele>80.582</ele><time>2019-07-30T16:39:19Z</time></trkpt><trkpt lat="41.161355" lon="-7.659321"><ele>81.616</ele><time>2019-07-30T16:39:20Z</time></trkpt><trkpt lat="41.161351" lon="-7.659086"><ele>82.852</ele><time>2019-07-30T16:39:21Z</time></trkpt><trkpt lat="41.161320" lon="-7.658646"><ele>82.853</ele><time>2019-07-30T16:39:23Z</time></trkpt><trkpt lat="41.161303" lon="-7.658421"><ele>83.966</ele><time>2019-07-30T16:39:24Z</time></trkpt><trkpt lat="41.161278" lon="-7.657987"><ele>82.946</ele><time>2019-07-30T16:39:26Z</time></trkpt><trkpt lat="41.161235" lon="-7.657544"><ele>83.389</ele><time>2019-07-30T16:39:28Z</time></trkpt><trkpt lat="41.161160" lon="-7.657107"><ele>81.575</ele><time>2019-07-30T16:39:30Z</time></trkpt><trkpt lat="41.161135" lon="-7.656884"><ele>80.528</ele><time>2019-07-30T16:39:31Z</time></trkpt><trkpt lat="41.161114" lon="-7.656672"><ele>80.820</ele><time>2019-07-30T16:39:32Z</time></trkpt><trkpt lat="41.161093" lon="-7.656465"><ele>80.708</ele><time>2019-07-30T16:39:33Z</time></trkpt><trkpt lat="41.161054" lon="-7.656032"><ele>79.820</ele><time>2019-07-30T16:39:35Z</time></trkpt><trkpt lat="41.161025" lon="-7.655592"><ele>79.636</ele><time>2019-07-30T16:39:37Z</time></trkpt><trkpt lat="41.160971" lon="-7.655162"><ele>80.020</ele><time>2019-07-30T16:39:39Z</time></trkpt><trkpt lat="41.160945" lon="-7.654947"><ele>80.996</ele><time>2019-07-30T16:39:40Z</time></trkpt><trkpt lat="41.160890" lon="-7.654514"><ele>80.547</ele><time>2019-07-30T16:39:42Z</time></trkpt><trkpt lat="41.160858" lon="-7.654307"><ele>81.130</ele><time>2019-07-30T16:39:43Z</time></trkpt><trkpt lat="41.160799" lon="-7.653876"><ele>81.620</ele><time>2019-07-30T16:39:45Z</time></trkpt><trkpt lat="41.160778" lon="-7.653665"><ele>82.963</ele><time>2019-07-30T16:39:46Z</time></trkpt><trkpt lat="41.160755" lon="-7.653466"><ele>82.889</ele><time>2019-07-30T16:39:47Z</time></trkpt><trkpt lat="41.160713" lon="-7.653032"><ele>83.706</ele><time>2019-07-30T16:39:49Z</time></trkpt><trkpt lat="41.160689" lon="-7.652810"><ele>83.326</ele><time>2019-07-30T16:39:50Z</time></trkpt><trkpt lat="41.160613" lon="-7.652369"><ele>83.208</ele><time>2019-07-30T16:39:52Z</time></trkpt><trkpt lat="41.160565" lon="-7.652176"><ele>84.251</ele><time>2019-07-30T16:39:53Z</time></trkpt><trkpt lat="41.160502" lon="-7.651982"><ele>83.997</ele><time>2019-07-30T16:39:54Z</time></trkpt><trkpt lat="41.160380" lon="-7.651575"><ele>83.221</ele><time>2019-07-30T16:39:56Z</time></trkpt><trkpt lat="41.160308" lon="-7.651379"><ele>83.437</ele><time>2019-07-30T16:39:57Z</time></trkpt><trkpt lat="41.160250" lon="-7.651170"><ele>82.628</ele><time>2019-07-30T16:39:58Z</time></trkpt><trkpt lat="41.160112" lon="-7.650752"><ele>83.681</ele><time>2019-07-30T16:40:00Z</time></trkpt><trkpt lat="41.160050" lon="-7.650534"><ele>84.371</ele><time>2019-07-30T16:40:01Z</time></trkpt><trkpt lat="41.159918" lon="-7.650115"><ele>83.864</ele><time>2019-07-30T16:40:03Z</time></trkpt><trkpt lat="41.159848" lon="-7.649908"><ele>84.586</ele><time>2019-07-30T16:40:04Z</time></trkpt><trkpt lat="41.159718" lon="-7.649481"><ele>82.660</ele><time>2019-07-30T16:40:06Z</time></trkpt><trkpt lat="41.159658" lon="-7.649281"><ele>82.426</ele><time>2019-07-30T16:40:07Z</time></trkpt><trkpt lat="41.159534" lon="-7.648860"><ele>81.608</ele><time>2019-07-30T16:40:09Z</time></trkpt><trkpt lat="41.159465" lon="-7.648652"><ele>81.491</ele><time>2019-07-30T16:40:10Z</time></trkpt><trkpt lat="41.159338" lon="-7.648256"><ele>80.137</ele><time>2019-07-30T16:40:12Z</time></trkpt><trkpt lat="41.159278" lon="-7.648047"><ele>79.871</ele><time>2019-07-30T16:40:13Z</time></trkpt><trkpt lat="41.159149" lon="-7.647641"><ele>79.147</ele><time>2019-07-30T16:40:15Z</time></trkpt><trkpt lat="41.159031" lon="-7.647225"><ele>78.418</ele><time>2019-07-30T16:40:17Z</time></trkpt><trkpt lat="41.158898" lon="-7.646825"><ele>76.781</ele><time>2019-07-30T16:40:19Z</time></trkpt><trkpt lat="41.158776" lon="-7.646399"><ele>77.231</ele><time>2019-07-30T16:40:21Z</time></trkpt><trkpt lat="41.158684" lon="-7.646208"><ele>76.314</ele><time>2019-07-30T16:40:22Z</time></trkpt><trkpt lat="41.158569" lon="-7.645803"><ele>74.896</ele><time>2019-07-30T16:40:24Z</time></trkpt><trkpt lat="41.158447" lon="-7.645405"><ele>74.531</ele><time>2019-07-30T16:40:26Z</time></trkpt><trkpt lat="41.158316" lon="-7.644996"><ele>74.624</ele><time>2019-07-30T16:40:28Z</time></trkpt><trkpt lat="41.158179" lon="-7.644608"><ele>73.808</ele><time>2019-07-30T16:40:30Z</time></trkpt><trkpt lat="41.158049" lon="-7.644221"><ele>72.672</ele><time>2019-07-30T16:40:32Z</time></trkpt><trkpt lat="41.157933" lon="-7.643839"><ele>74.048</ele><time>2019-07-30T16:40:34Z</time></trkpt><trkpt lat="41.157880" lon="-7.643637"><ele>74.032</ele><time>2019-07-30T16:40:35Z</time></trkpt><trkpt lat="41.157782" lon="-7.643248"><ele>73.648</ele><time>2019-07-30T16:40:37Z</time></trkpt><trkpt lat="41.157737" lon="-7.643050"><ele>73.689</ele><time>2019-07-30T16:40:38Z</time></trkpt><trkpt lat="41.157694" lon="-7.642859"><ele>73.822</ele><time>2019-07-30T16:40:39Z</time></trkpt><trkpt lat="41.157627" lon="-7.642480"><ele>73.872</ele><time>2019-07-30T16:40:41Z</time></trkpt><trkpt lat="41.157590" lon="-7.642276"><ele>73.015</ele><time>2019-07-30T16:40:42Z</time></trkpt><trkpt lat="41.157512" lon="-7.641909"><ele>71.776</ele><time>2019-07-30T16:40:44Z</time></trkpt><trkpt lat="41.157427" lon="-7.641529"><ele>69.890</ele><time>2019-07-30T16:40:46Z</time></trkpt><trkpt lat="41.157361" lon="-7.641150"><ele>67.919</ele><time>2019-07-30T16:40:48Z</time></trkpt><trkpt lat="41.157284" lon="-7.640771"><ele>68.508</ele><time>2019-07-30T16:40:50Z</time></trkpt><trkpt lat="41.157243" lon="-7.640593"><ele>69.440</ele><time>2019-07-30T16:40:51Z</time></trkpt><trkpt lat="41.157186" lon="-7.640215"><ele>70.836</ele><time>2019-07-30T16:40:53Z</time></trkpt><trkpt lat="41.157148" lon="-7.640032"><ele>71.550</ele><time>2019-07-30T16:40:54Z</time></trkpt><trkpt lat="41.157130" lon="-7.639629"><ele>71.896</ele><time>2019-07-30T16:40:56Z</time></trkpt><trkpt lat="41.157118" lon="-7.639211"><ele>73.427</ele><time>2019-07-30T16:40:58Z</time></trkpt><trkpt lat="41.157137" lon="-7.639001"><ele>75.170</ele><time>2019-07-30T16:40:59Z</time></trkpt><trkpt lat="41.157193" lon="-7.638576"><ele>75.680</ele><time>2019-07-30T16:41:01Z</time></trkpt><trkpt lat="41.157205" lon="-7.638157"><ele>75.763</ele><time>2019-07-30T16:41:03Z</time></trkpt><trkpt lat="41.157220" lon="-7.637949"><ele>75.823</ele><time>2019-07-30T16:41:04Z</time></trkpt><trkpt lat="41.157229" lon="-7.637544"><ele>75.983</ele><time>2019-07-30T16:41:06Z</time></trkpt><trkpt lat="41.157222" lon="-7.637340"><ele>75.111</ele><time>2019-07-30T16:41:07Z</time></trkpt><trkpt lat="41.157208" lon="-7.636939"><ele>74.608</ele><time>2019-07-30T16:41:09Z</time></trkpt><trkpt lat="41.157210" lon="-7.636731"><ele>74.625</ele><time>2019-07-30T16:41:10Z</time></trkpt><trkpt lat="41.157190" lon="-7.636518"><ele>73.571</ele><time>2019-07-30T16:41:11Z</time></trkpt><trkpt lat="41.157175" lon="-7.636312"><ele>73.355</ele><time>2019-07-30T16:41:12Z</time></trkpt><trkpt lat="41.157139" lon="-7.635898"><ele>73.111</ele><time>2019-07-30T16:41:14Z</time></trkpt><trkpt lat="41.157114" lon="-7.635464"><ele>73.732</ele><time>2019-07-30T16:41:16Z</time></trkpt><trkpt lat="41.157091" lon="-7.635262"><ele>74.815</ele><time>2019-07-30T16:41:17Z</time></trkpt><trkpt lat="41.157079" lon="-7.634847"><ele>73.445</ele><time>2019-07-30T16:41:19Z</time></trkpt><trkpt lat="41.157061" lon="-7.634425"><ele>74.898</ele><time>2019-07-30T16:41:21Z</time></trkpt><trkpt lat="41.157073" lon="-7.634014"><ele>76.267</ele><time>2019-07-30T16:41:23Z</time></trkpt><trkpt lat="41.157097" lon="-7.633613"><ele>77.181</ele><time>2019-07-30T16:41:25Z</time></trkpt><trkpt lat="41.157122" lon="-7.633407"><ele>76.419</ele><time>2019-07-30T16:41:26Z</time></trkpt><trkpt lat="41.157137" lon="-7.632981"><ele>77.408</ele><time>2019-07-30T16:41:28Z</time></trkpt><trkpt lat="41.157140" lon="-7.632555"><ele>77.429</ele><time>2019-07-30T16:41:30Z</time></trkpt><trkpt lat="41.157141" lon="-7.632343"><ele>78.195</ele><time>2019-07-30T16:41:31Z</time></trkpt><trkpt lat="41.157137" lon="-7.631921"><ele>80.649</ele><time>2019-07-30T16:41:33Z</time></trkpt><trkpt lat="41.157148" lon="-7.631704"><ele>81.135</ele><time>2019-07-30T16:41:34Z</time></trkpt><trkpt lat="41.157146" lon="-7.631266"><ele>82.526</ele><time>2019-07-30T16:41:36Z</time></trkpt><trkpt lat="41.157162" lon="-7.630834"><ele>84.859</ele><time>2019-07-30T16:41:38Z</time></trkpt><trkpt lat="41.157175" lon="-7.630620"><ele>84.829</ele><time>2019-07-30T16:41:39Z</time></trkpt><trkpt lat="41.157195" lon="-7.630187"><ele>84.642</ele><time>2019-07-30T16:41:41Z</time></trkpt><trkpt lat="41.157202" lon="-7.629981"><ele>85.588</ele><time>2019-07-30T16:41:42Z</time></trkpt><trkpt lat="41.157219" lon="-7.629771"><ele>84.024</ele><time>2019-07-30T16:41:43Z</time></trkpt><trkpt lat="41.157231" lon="-7.629355"><ele>83.326</ele><time>2019-07-30T16:41:45Z</time></trkpt><trkpt lat="41.157269" lon="-7.629152"><ele>84.308</ele><time>2019-07-30T16:41:46Z</time></trkpt><trkpt lat="41.157323" lon="-7.628726"><ele>82.621</ele><time>2019-07-30T16:41:48Z</time></trkpt><trkpt lat="41.157353" lon="-7.628522"><ele>82.127</ele><time>2019-07-30T16:41:49Z</time></trkpt><trkpt lat="41.157408" lon="-7.628106"><ele>82.411</ele><time>2019-07-30T16:41:51Z</time></trkpt><trkpt lat="41.157434" lon="-7.627910"><ele>81.737</ele><time>2019-07-30T16:41:52Z</time></trkpt><trkpt lat="41.157535" lon="-7.627440"><ele>80.648</ele><time>2019-07-30T16:41:54Z</time></trkpt><trkpt lat="41.157603" lon="-7.627027"><ele>80.081</ele><time>2019-07-30T16:41:56Z</time></trkpt><trkpt lat="41.157635" lon="-7.626825"><ele>79.311</ele><time>2019-07-30T16:41:57Z</time></trkpt><trkpt lat="41.157683" lon="-7.626423"><ele>78.144</ele><time>2019-07-30T16:41:59Z</time></trkpt><trkpt lat="41.157709" lon="-7.626220"><ele>78.399</ele><time>2019-07-30T16:42:00Z</time></trkpt><trkpt lat="41.157761" lon="-7.625806"><ele>78.307</ele><time>2019-07-30T16:42:02Z</time></trkpt><trkpt lat="41.157785" lon="-7.625603"><ele>78.927</ele><time>2019-07-30T16:42:03Z</time></trkpt><trkpt lat="41.157902" lon="-7.625194"><ele>78.308</ele><time>2019-07-30T16:42:05Z</time></trkpt><trkpt lat="41.158034" lon="-7.624783"><ele>75.812</ele><time>2019-07-30T16:42:07Z</time></trkpt><trkpt lat="41.158098" lon="-7.624586"><ele>74.748</ele><time>2019-07-30T16:42:08Z</time></trkpt><trkpt lat="41.158156" lon="-7.624384"><ele>74.312</ele><time>2019-07-30T16:42:09Z</time></trkpt><trkpt lat="41.158266" lon="-7.623959"><ele>74.148</ele><time>2019-07-30T16:42:11Z</time></trkpt><trkpt lat="41.158391" lon="-7.623548"><ele>73.959</ele><time>2019-07-30T16:42:13Z</time></trkpt><trkpt lat="41.158460" lon="-7.623304"><ele>72.252</ele><time>2019-07-30T16:42:14Z</time></trkpt><trkpt lat="41.158591" lon="-7.622917"><ele>70.512</ele><time>2019-07-30T16:42:16Z</time></trkpt><trkpt lat="41.158642" lon="-7.622718"><ele>72.615</ele><time>2019-07-30T16:42:17Z</time></trkpt><trkpt lat="41.158751" lon="-7.622341"><ele>73.752</ele><time>2019-07-30T16:42:19Z</time></trkpt><trkpt lat="41.158848" lon="-7.621922"><ele>75.153</ele><time>2019-07-30T16:42:21Z</time></trkpt><trkpt lat="41.158885" lon="-7.621702"><ele>74.008</ele><time>2019-07-30T16:42:22Z</time></trkpt><trkpt lat="41.158940" lon="-7.621250"><ele>74.808</ele><time>2019-07-30T16:42:24Z</time></trkpt><trkpt lat="41.158991" lon="-7.620794"><ele>74.918</ele><time>2019-07-30T16:42:26Z</time></trkpt><trkpt lat="41.159026" lon="-7.620590"><ele>75.054</ele><time>2019-07-30T16:42:27Z</time></trkpt><trkpt lat="41.159041" lon="-7.620384"><ele>75.368</ele><time>2019-07-30T16:42:28Z</time></trkpt><trkpt lat="41.159071" lon="-7.620157"><ele>75.714</ele><time>2019-07-30T16:42:29Z</time></trkpt><trkpt lat="41.159120" lon="-7.619711"><ele>75.215</ele><time>2019-07-30T16:42:31Z</time></trkpt><trkpt lat="41.159168" lon="-7.619278"><ele>76.348</ele><time>2019-07-30T16:42:33Z</time></trkpt><trkpt lat="41.159190" lon="-7.619057"><ele>77.938</ele><time>2019-07-30T16:42:34Z</time></trkpt><trkpt lat="41.159211" lon="-7.618849"><ele>77.751</ele><time>2019-07-30T16:42:35Z</time></trkpt><trkpt lat="41.159259" lon="-7.618413"><ele>78.892</ele><time>2019-07-30T16:42:37Z</time></trkpt><trkpt lat="41.159308" lon="-7.617964"><ele>80.473</ele><time>2019-07-30T16:42:39Z</time></trkpt><trkpt lat="41.159307" lon="-7.617507"><ele>79.820</ele><time>2019-07-30T16:42:41Z</time></trkpt><trkpt lat="41.159323" lon="-7.617041"><ele>79.308</ele><time>2019-07-30T16:42:43Z</time></trkpt><trkpt lat="41.159318" lon="-7.616599"><ele>79.432</ele><time>2019-07-30T16:42:45Z</time></trkpt><trkpt lat="41.159345" lon="-7.616155"><ele>81.238</ele><time>2019-07-30T16:42:47Z</time></trkpt><trkpt lat="41.159337" lon="-7.615953"><ele>81.482</ele><time>2019-07-30T16:42:48Z</time></trkpt><trkpt lat="41.159347" lon="-7.615740"><ele>80.958</ele><time>2019-07-30T16:42:49Z</time></trkpt><trkpt lat="41.159364" lon="-7.615302"><ele>82.829</ele><time>2019-07-30T16:42:51Z</time></trkpt><trkpt lat="41.159387" lon="-7.614867"><ele>84.462</ele><time>2019-07-30T16:42:53Z</time></trkpt><trkpt lat="41.159399" lon="-7.614405"><ele>83.282</ele><time>2019-07-30T16:42:55Z</time></trkpt><trkpt lat="41.159386" lon="-7.613960"><ele>82.535</ele><time>2019-07-30T16:42:57Z</time></trkpt><trkpt lat="41.159348" lon="-7.613510"><ele>79.571</ele><time>2019-07-30T16:42:59Z</time></trkpt><trkpt lat="41.159322" lon="-7.613292"><ele>80.941</ele><time>2019-07-30T16:43:00Z</time></trkpt><trkpt lat="41.159301" lon="-7.613056"><ele>80.515</ele><time>2019-07-30T16:43:01Z</time></trkpt><trkpt lat="41.159218" lon="-7.612612"><ele>81.008</ele><time>2019-07-30T16:43:03Z</time></trkpt><trkpt lat="41.159174" lon="-7.612374"><ele>80.640</ele><time>2019-07-30T16:43:04Z</time></trkpt><trkpt lat="41.159135" lon="-7.612139"><ele>81.446</ele><time>2019-07-30T16:43:05Z</time></trkpt><trkpt lat="41.159085" lon="-7.611912"><ele>80.940</ele><time>2019-07-30T16:43:06Z</time></trkpt><trkpt lat="41.159000" lon="-7.611484"><ele>80.796</ele><time>2019-07-30T16:43:08Z</time></trkpt><trkpt lat="41.158917" lon="-7.611065"><ele>81.237</ele><time>2019-07-30T16:43:10Z</time></trkpt><trkpt lat="41.158838" lon="-7.610653"><ele>80.240</ele><time>2019-07-30T16:43:12Z</time></trkpt><trkpt lat="41.158738" lon="-7.610224"><ele>80.770</ele><time>2019-07-30T16:43:14Z</time></trkpt><trkpt lat="41.158687" lon="-7.610010"><ele>81.573</ele><time>2019-07-30T16:43:15Z</time></trkpt><trkpt lat="41.158574" lon="-7.609593"><ele>81.837</ele><time>2019-07-30T16:43:17Z</time></trkpt><trkpt lat="41.158520" lon="-7.609361"><ele>81.149</ele><time>2019-07-30T16:43:18Z</time></trkpt><trkpt lat="41.158389" lon="-7.608940"><ele>80.413</ele><time>2019-07-30T16:43:20Z</time></trkpt><trkpt lat="41.158278" lon="-7.608530"><ele>78.708</ele><time>2019-07-30T16:43:22Z</time></trkpt><trkpt lat="41.158213" lon="-7.608317"><ele>79.566</ele><time>2019-07-30T16:43:23Z</time></trkpt><trkpt lat="41.158100" lon="-7.607916"><ele>81.572</ele><time>2019-07-30T16:43:25Z</time></trkpt><trkpt lat="41.158032" lon="-7.607723"><ele>81.456</ele><time>2019-07-30T16:43:26Z</time></trkpt><trkpt lat="41.157919" lon="-7.607326"><ele>81.032</ele><time>2019-07-30T16:43:28Z</time></trkpt><trkpt lat="41.157860" lon="-7.607128"><ele>80.613</ele><time>2019-07-30T16:43:29Z</time></trkpt><trkpt lat="41.157803" lon="-7.606937"><ele>80.216</ele><time>2019-07-30T16:43:30Z</time></trkpt><trkpt lat="41.157688" lon="-7.606550"><ele>79.816</ele><time>2019-07-30T16:43:32Z</time></trkpt><trkpt lat="41.157627" lon="-7.606355"><ele>80.749</ele><time>2019-07-30T16:43:33Z</time></trkpt><trkpt lat="41.157566" lon="-7.606164"><ele>80.631</ele><time>2019-07-30T16:43:34Z</time></trkpt><trkpt lat="41.157452" lon="-7.605779"><ele>80.561</ele><time>2019-07-30T16:43:36Z</time></trkpt><trkpt lat="41.157343" lon="-7.605387"><ele>81.807</ele><time>2019-07-30T16:43:38Z</time></trkpt><trkpt lat="41.157287" lon="-7.605184"><ele>83.008</ele><time>2019-07-30T16:43:39Z</time></trkpt><trkpt lat="41.157237" lon="-7.604987"><ele>83.176</ele><time>2019-07-30T16:43:40Z</time></trkpt><trkpt lat="41.157183" lon="-7.604785"><ele>82.882</ele><time>2019-07-30T16:43:41Z</time></trkpt><trkpt lat="41.157100" lon="-7.604354"><ele>80.686</ele><time>2019-07-30T16:43:43Z</time></trkpt><trkpt lat="41.156983" lon="-7.603969"><ele>80.852</ele><time>2019-07-30T16:43:45Z</time></trkpt><trkpt lat="41.156865" lon="-7.603568"><ele>82.793</ele><time>2019-07-30T16:43:47Z</time></trkpt><trkpt lat="41.156762" lon="-7.603180"><ele>82.886</ele><time>2019-07-30T16:43:49Z</time></trkpt><trkpt lat="41.156702" lon="-7.602973"><ele>81.896</ele><time>2019-07-30T16:43:50Z</time></trkpt><trkpt lat="41.156596" lon="-7.602559"><ele>81.959</ele><time>2019-07-30T16:43:52Z</time></trkpt><trkpt lat="41.156501" lon="-7.602169"><ele>81.815</ele><time>2019-07-30T16:43:54Z</time></trkpt><trkpt lat="41.156402" lon="-7.601771"><ele>82.365</ele><time>2019-07-30T16:43:56Z</time></trkpt><trkpt lat="41.156372" lon="-7.601546"><ele>82.511</ele><time>2019-07-30T16:43:57Z</time></trkpt><trkpt lat="41.156323" lon="-7.601342"><ele>80.608</ele><time>2019-07-30T16:43:58Z</time></trkpt><trkpt lat="41.156255" lon="-7.600917"><ele>81.884</ele><time>2019-07-30T16:44:00Z</time></trkpt><trkpt lat="41.156169" lon="-7.600515"><ele>80.950</ele><time>2019-07-30T16:44:02Z</time></trkpt><trkpt lat="41.156107" lon="-7.600110"><ele>80.974</ele><time>2019-07-30T16:44:04Z</time></trkpt><trkpt lat="41.156039" lon="-7.599682"><ele>80.430</ele><time>2019-07-30T16:44:06Z</time></trkpt><trkpt lat="41.156010" lon="-7.599491"><ele>79.731</ele><time>2019-07-30T16:44:07Z</time></trkpt><trkpt lat="41.155939" lon="-7.599086"><ele>79.994</ele><time>2019-07-30T16:44:09Z</time></trkpt><trkpt lat="41.155864" lon="-7.598678"><ele>79.174</ele><time>2019-07-30T16:44:11Z</time></trkpt><trkpt lat="41.155729" lon="-7.598299"><ele>77.867</ele><time>2019-07-30T16:44:13Z</time></trkpt><trkpt lat="41.155669" lon="-7.598115"><ele>78.022</ele><time>2019-07-30T16:44:14Z</time></trkpt><trkpt lat="41.155586" lon="-7.597925"><ele>77.962</ele><time>2019-07-30T16:44:15Z</time></trkpt><trkpt lat="41.155503" lon="-7.597736"><ele>77.108</ele><time>2019-07-30T16:44:16Z</time></trkpt><trkpt lat="41.155338" lon="-7.597381"><ele>77.208</ele><time>2019-07-30T16:44:18Z</time></trkpt><trkpt lat="41.155252" lon="-7.597196"><ele>77.075</ele><time>2019-07-30T16:44:19Z</time></trkpt><trkpt lat="41.155101" lon="-7.596828"><ele>76.261</ele><time>2019-07-30T16:44:21Z</time></trkpt><trkpt lat="41.155031" lon="-7.596642"><ele>75.365</ele><time>2019-07-30T16:44:22Z</time></trkpt><trkpt lat="41.154941" lon="-7.596257"><ele>75.541</ele><time>2019-07-30T16:44:24Z</time></trkpt><trkpt lat="41.154903" lon="-7.596048"><ele>76.182</ele><time>2019-07-30T16:44:25Z</time></trkpt><trkpt lat="41.154876" lon="-7.595827"><ele>76.035</ele><time>2019-07-30T16:44:26Z</time></trkpt><trkpt lat="41.154829" lon="-7.595394"><ele>75.965</ele><time>2019-07-30T16:44:28Z</time></trkpt><trkpt lat="41.154775" lon="-7.594965"><ele>77.268</ele><time>2019-07-30T16:44:30Z</time></trkpt><trkpt lat="41.154716" lon="-7.594539"><ele>74.841</ele><time>2019-07-30T16:44:32Z</time></trkpt><trkpt lat="41.154710" lon="-7.594330"><ele>74.381</ele><time>2019-07-30T16:44:33Z</time></trkpt><trkpt lat="41.154685" lon="-7.593896"><ele>74.209</ele><time>2019-07-30T16:44:35Z</time></trkpt><trkpt lat="41.154646" lon="-7.593475"><ele>75.308</ele><time>2019-07-30T16:44:37Z</time></trkpt><trkpt lat="41.154589" lon="-7.593060"><ele>76.277</ele><time>2019-07-30T16:44:39Z</time></trkpt><trkpt lat="41.154575" lon="-7.592857"><ele>76.193</ele><time>2019-07-30T16:44:40Z</time></trkpt><trkpt lat="41.154537" lon="-7.592454"><ele>78.267</ele><time>2019-07-30T16:44:42Z</time></trkpt><trkpt lat="41.154539" lon="-7.592257"><ele>77.733</ele><time>2019-07-30T16:44:43Z</time></trkpt><trkpt lat="41.154553" lon="-7.591847"><ele>78.124</ele><time>2019-07-30T16:44:45Z</time></trkpt><trkpt lat="41.154593" lon="-7.591423"><ele>78.527</ele><time>2019-07-30T16:44:47Z</time></trkpt><trkpt lat="41.154710" lon="-7.590989"><ele>78.537</ele><time>2019-07-30T16:44:49Z</time></trkpt><trkpt lat="41.154789" lon="-7.590583"><ele>79.740</ele><time>2019-07-30T16:44:51Z</time></trkpt><trkpt lat="41.154884" lon="-7.590172"><ele>79.215</ele><time>2019-07-30T16:44:53Z</time></trkpt><trkpt lat="41.154987" lon="-7.589788"><ele>79.765</ele><time>2019-07-30T16:44:55Z</time></trkpt><trkpt lat="41.155078" lon="-7.589409"><ele>80.811</ele><time>2019-07-30T16:44:57Z</time></trkpt><trkpt lat="41.155166" lon="-7.588995"><ele>79.008</ele><time>2019-07-30T16:44:59Z</time></trkpt><trkpt lat="41.155257" lon="-7.588610"><ele>78.254</ele><time>2019-07-30T16:45:01Z</time></trkpt><trkpt lat="41.155396" lon="-7.588235"><ele>79.670</ele><time>2019-07-30T16:45:03Z</time></trkpt><trkpt lat="41.155477" lon="-7.588035"><ele>78.464</ele><time>2019-07-30T16:45:04Z</time></trkpt><trkpt lat="41.155571" lon="-7.587852"><ele>79.410</ele><time>2019-07-30T16:45:05Z</time></trkpt><trkpt lat="41.155735" lon="-7.587472"><ele>79.241</ele><time>2019-07-30T16:45:07Z</time></trkpt><trkpt lat="41.155806" lon="-7.587293"><ele>79.044</ele><time>2019-07-30T16:45:08Z</time></trkpt><trkpt lat="41.155877" lon="-7.587122"><ele>79.894</ele><time>2019-07-30T16:45:09Z</time></trkpt><trkpt lat="41.156009" lon="-7.586763"><ele>79.717</ele><time>2019-07-30T16:45:11Z</time></trkpt><trkpt lat="41.156113" lon="-7.586548"><ele>75.989</ele><time>2019-07-30T16:45:12Z</time></trkpt><trkpt lat="41.156267" lon="-7.586169"><ele>75.406</ele><time>2019-07-30T16:45:14Z</time></trkpt><trkpt lat="41.156324" lon="-7.585997"><ele>75.226</ele><time>2019-07-30T16:45:15Z</time></trkpt><trkpt lat="41.156402" lon="-7.585788"><ele>74.708</ele><time>2019-07-30T16:45:16Z</time></trkpt><trkpt lat="41.156539" lon="-7.585428"><ele>73.961</ele><time>2019-07-30T16:45:18Z</time></trkpt><trkpt lat="41.156672" lon="-7.585099"><ele>73.817</ele><time>2019-07-30T16:45:20Z</time></trkpt><trkpt lat="41.156735" lon="-7.584950"><ele>73.481</ele><time>2019-07-30T16:45:21Z</time></trkpt><trkpt lat="41.156868" lon="-7.584651"><ele>74.387</ele><time>2019-07-30T16:45:23Z</time></trkpt><trkpt lat="41.156919" lon="-7.584504"><ele>75.118</ele><time>2019-07-30T16:45:24Z</time></trkpt><trkpt lat="41.157019" lon="-7.584225"><ele>73.741</ele><time>2019-07-30T16:45:26Z</time></trkpt><trkpt lat="41.157063" lon="-7.584099"><ele>75.711</ele><time>2019-07-30T16:45:27Z</time></trkpt><trkpt lat="41.157105" lon="-7.583964"><ele>76.254</ele><time>2019-07-30T16:45:28Z</time></trkpt><trkpt lat="41.157179" lon="-7.583687"><ele>75.552</ele><time>2019-07-30T16:45:30Z</time></trkpt><trkpt lat="41.157262" lon="-7.583435"><ele>73.853</ele><time>2019-07-30T16:45:32Z</time></trkpt><trkpt lat="41.157298" lon="-7.583312"><ele>73.008</ele><time>2019-07-30T16:45:33Z</time></trkpt><trkpt lat="41.157331" lon="-7.583189"><ele>73.208</ele><time>2019-07-30T16:45:34Z</time></trkpt><trkpt lat="41.157386" lon="-7.582980"><ele>71.228</ele><time>2019-07-30T16:45:36Z</time></trkpt><trkpt lat="41.157406" lon="-7.582863"><ele>70.964</ele><time>2019-07-30T16:45:37Z</time></trkpt><trkpt lat="41.157461" lon="-7.582608"><ele>70.368</ele><time>2019-07-30T16:45:39Z</time></trkpt><trkpt lat="41.157530" lon="-7.582332"><ele>69.384</ele><time>2019-07-30T16:45:41Z</time></trkpt><trkpt lat="41.157565" lon="-7.582206"><ele>69.245</ele><time>2019-07-30T16:45:42Z</time></trkpt><trkpt lat="41.157585" lon="-7.582085"><ele>69.118</ele><time>2019-07-30T16:45:43Z</time></trkpt><trkpt lat="41.157649" lon="-7.581771"><ele>67.568</ele><time>2019-07-30T16:45:45Z</time></trkpt><trkpt lat="41.157735" lon="-7.581487"><ele>66.711</ele><time>2019-07-30T16:45:47Z</time></trkpt><trkpt lat="41.157809" lon="-7.581199"><ele>66.585</ele><time>2019-07-30T16:45:49Z</time></trkpt><trkpt lat="41.157847" lon="-7.581040"><ele>64.589</ele><time>2019-07-30T16:45:50Z</time></trkpt><trkpt lat="41.157884" lon="-7.580880"><ele>66.617</ele><time>2019-07-30T16:45:51Z</time></trkpt><trkpt lat="41.157951" lon="-7.580564"><ele>68.208</ele><time>2019-07-30T16:45:53Z</time></trkpt><trkpt lat="41.158017" lon="-7.580233"><ele>69.471</ele><time>2019-07-30T16:45:55Z</time></trkpt><trkpt lat="41.158086" lon="-7.579879"><ele>70.437</ele><time>2019-07-30T16:45:57Z</time></trkpt><trkpt lat="41.158113" lon="-7.579696"><ele>71.081</ele><time>2019-07-30T16:45:58Z</time></trkpt><trkpt lat="41.158147" lon="-7.579496"><ele>71.277</ele><time>2019-07-30T16:45:59Z</time></trkpt><trkpt lat="41.158189" lon="-7.579135"><ele>71.288</ele><time>2019-07-30T16:46:01Z</time></trkpt><trkpt lat="41.158234" lon="-7.578949"><ele>71.161</ele><time>2019-07-30T16:46:02Z</time></trkpt><trkpt lat="41.158326" lon="-7.578620"><ele>71.851</ele><time>2019-07-30T16:46:04Z</time></trkpt><trkpt lat="41.158408" lon="-7.578288"><ele>72.484</ele><time>2019-07-30T16:46:06Z</time></trkpt><trkpt lat="41.158438" lon="-7.578113"><ele>71.931</ele><time>2019-07-30T16:46:07Z</time></trkpt><trkpt lat="41.158488" lon="-7.577772"><ele>72.461</ele><time>2019-07-30T16:46:09Z</time></trkpt><trkpt lat="41.158509" lon="-7.577580"><ele>71.107</ele><time>2019-07-30T16:46:10Z</time></trkpt><trkpt lat="41.158537" lon="-7.577402"><ele>71.408</ele><time>2019-07-30T16:46:11Z</time></trkpt><trkpt lat="41.158618" lon="-7.577064"><ele>72.056</ele><time>2019-07-30T16:46:13Z</time></trkpt><trkpt lat="41.158716" lon="-7.576698"><ele>72.342</ele><time>2019-07-30T16:46:15Z</time></trkpt><trkpt lat="41.158799" lon="-7.576328"><ele>71.256</ele><time>2019-07-30T16:46:17Z</time></trkpt><trkpt lat="41.158838" lon="-7.576143"><ele>70.922</ele><time>2019-07-30T16:46:18Z</time></trkpt><trkpt lat="41.158931" lon="-7.575805"><ele>71.783</ele><time>2019-07-30T16:46:20Z</time></trkpt><trkpt lat="41.158979" lon="-7.575626"><ele>72.726</ele><time>2019-07-30T16:46:21Z</time></trkpt><trkpt lat="41.159089" lon="-7.575264"><ele>71.496</ele><time>2019-07-30T16:46:23Z</time></trkpt><trkpt lat="41.159147" lon="-7.575086"><ele>72.479</ele><time>2019-07-30T16:46:24Z</time></trkpt><trkpt lat="41.159195" lon="-7.574923"><ele>73.821</ele><time>2019-07-30T16:46:25Z</time></trkpt><trkpt lat="41.159320" lon="-7.574597"><ele>74.241</ele><time>2019-07-30T16:46:27Z</time></trkpt><trkpt lat="41.159466" lon="-7.574286"><ele>74.205</ele><time>2019-07-30T16:46:29Z</time></trkpt><trkpt lat="41.159651" lon="-7.573989"><ele>74.108</ele><time>2019-07-30T16:46:31Z</time></trkpt><trkpt lat="41.159755" lon="-7.573854"><ele>74.615</ele><time>2019-07-30T16:46:32Z</time></trkpt><trkpt lat="41.159950" lon="-7.573591"><ele>73.911</ele><time>2019-07-30T16:46:34Z</time></trkpt><trkpt lat="41.160159" lon="-7.573332"><ele>76.525</ele><time>2019-07-30T16:46:36Z</time></trkpt><trkpt lat="41.160359" lon="-7.573091"><ele>77.161</ele><time>2019-07-30T16:46:38Z</time></trkpt><trkpt lat="41.160581" lon="-7.572862"><ele>78.272</ele><time>2019-07-30T16:46:40Z</time></trkpt><trkpt lat="41.160790" lon="-7.572655"><ele>76.835</ele><time>2019-07-30T16:46:42Z</time></trkpt><trkpt lat="41.160885" lon="-7.572550"><ele>77.035</ele><time>2019-07-30T16:46:43Z</time></trkpt><trkpt lat="41.161063" lon="-7.572342"><ele>78.588</ele><time>2019-07-30T16:46:45Z</time></trkpt><trkpt lat="41.161234" lon="-7.572185"><ele>83.131</ele><time>2019-07-30T16:46:47Z</time></trkpt><trkpt lat="41.161422" lon="-7.572102"><ele>84.261</ele><time>2019-07-30T16:46:49Z</time></trkpt><trkpt lat="41.161637" lon="-7.572042"><ele>86.907</ele><time>2019-07-30T16:46:51Z</time></trkpt><trkpt lat="41.161745" lon="-7.572015"><ele>86.408</ele><time>2019-07-30T16:46:52Z</time></trkpt><trkpt lat="41.161959" lon="-7.571944"><ele>88.756</ele><time>2019-07-30T16:46:54Z</time></trkpt><trkpt lat="41.162068" lon="-7.571895"><ele>91.622</ele><time>2019-07-30T16:46:55Z</time></trkpt><trkpt lat="41.162253" lon="-7.571797"><ele>91.966</ele><time>2019-07-30T16:46:57Z</time></trkpt><trkpt lat="41.162441" lon="-7.571667"><ele>91.972</ele><time>2019-07-30T16:46:59Z</time></trkpt><trkpt lat="41.162613" lon="-7.571459"><ele>90.983</ele><time>2019-07-30T16:47:01Z</time></trkpt><trkpt lat="41.162776" lon="-7.571259"><ele>93.386</ele><time>2019-07-30T16:47:03Z</time></trkpt><trkpt lat="41.162865" lon="-7.571175"><ele>92.926</ele><time>2019-07-30T16:47:04Z</time></trkpt><trkpt lat="41.163047" lon="-7.571041"><ele>94.529</ele><time>2019-07-30T16:47:06Z</time></trkpt><trkpt lat="41.163279" lon="-7.570936"><ele>92.482</ele><time>2019-07-30T16:47:08Z</time></trkpt><trkpt lat="41.163458" lon="-7.570771"><ele>92.743</ele><time>2019-07-30T16:47:10Z</time></trkpt><trkpt lat="41.163590" lon="-7.570557"><ele>92.317</ele><time>2019-07-30T16:47:12Z</time></trkpt><trkpt lat="41.163673" lon="-7.570441"><ele>92.808</ele><time>2019-07-30T16:47:13Z</time></trkpt><trkpt lat="41.163795" lon="-7.570194"><ele>94.021</ele><time>2019-07-30T16:47:15Z</time></trkpt><trkpt lat="41.163839" lon="-7.570086"><ele>94.217</ele><time>2019-07-30T16:47:16Z</time></trkpt><trkpt lat="41.163922" lon="-7.569855"><ele>95.521</ele><time>2019-07-30T16:47:18Z</time></trkpt><trkpt lat="41.163902" lon="-7.569581"><ele>95.537</ele><time>2019-07-30T16:47:20Z</time></trkpt><trkpt lat="41.163886" lon="-7.569315"><ele>97.378</ele><time>2019-07-30T16:47:22Z</time></trkpt><trkpt lat="41.163818" lon="-7.569104"><ele>97.991</ele><time>2019-07-30T16:47:24Z</time></trkpt><trkpt lat="41.163736" lon="-7.568937"><ele>100.521</ele><time>2019-07-30T16:47:26Z</time></trkpt><trkpt lat="41.163682" lon="-7.568905"><ele>102.654</ele><time>2019-07-30T16:47:27Z</time></trkpt><trkpt lat="41.163571" lon="-7.568776"><ele>103.399</ele><time>2019-07-30T16:47:29Z</time></trkpt><trkpt lat="41.163494" lon="-7.568589"><ele>103.307</ele><time>2019-07-30T16:47:31Z</time></trkpt><trkpt lat="41.163498" lon="-7.568376"><ele>105.227</ele><time>2019-07-30T16:47:33Z</time></trkpt><trkpt lat="41.163616" lon="-7.568238"><ele>103.908</ele><time>2019-07-30T16:47:35Z</time></trkpt><trkpt lat="41.163794" lon="-7.568178"><ele>106.232</ele><time>2019-07-30T16:47:37Z</time></trkpt><trkpt lat="41.163890" lon="-7.568178"><ele>106.648</ele><time>2019-07-30T16:47:38Z</time></trkpt><trkpt lat="41.163972" lon="-7.568189"><ele>107.232</ele><time>2019-07-30T16:47:39Z</time></trkpt><trkpt lat="41.164144" lon="-7.568212"><ele>108.828</ele><time>2019-07-30T16:47:41Z</time></trkpt><trkpt lat="41.164307" lon="-7.568193"><ele>108.289</ele><time>2019-07-30T16:47:43Z</time></trkpt><trkpt lat="41.164441" lon="-7.568110"><ele>108.182</ele><time>2019-07-30T16:47:45Z</time></trkpt><trkpt lat="41.164537" lon="-7.567915"><ele>107.832</ele><time>2019-07-30T16:47:47Z</time></trkpt><trkpt lat="41.164577" lon="-7.567792"><ele>108.295</ele><time>2019-07-30T16:47:48Z</time></trkpt><trkpt lat="41.164617" lon="-7.567658"><ele>108.895</ele><time>2019-07-30T16:47:49Z</time></trkpt><trkpt lat="41.164688" lon="-7.567367"><ele>109.849</ele><time>2019-07-30T16:47:51Z</time></trkpt><trkpt lat="41.164729" lon="-7.567228"><ele>110.523</ele><time>2019-07-30T16:47:52Z</time></trkpt><trkpt lat="41.164805" lon="-7.567088"><ele>110.108</ele><time>2019-07-30T16:47:53Z</time></trkpt><trkpt lat="41.164944" lon="-7.566792"><ele>111.622</ele><time>2019-07-30T16:47:55Z</time></trkpt><trkpt lat="41.165010" lon="-7.566636"><ele>110.918</ele><time>2019-07-30T16:47:56Z</time></trkpt><trkpt lat="41.165132" lon="-7.566325"><ele>111.812</ele><time>2019-07-30T16:47:58Z</time></trkpt><trkpt lat="41.165238" lon="-7.566042"><ele>113.058</ele><time>2019-07-30T16:48:00Z</time></trkpt><trkpt lat="41.165394" lon="-7.565777"><ele>113.959</ele><time>2019-07-30T16:48:02Z</time></trkpt><trkpt lat="41.165431" lon="-7.565641"><ele>112.922</ele><time>2019-07-30T16:48:03Z</time></trkpt><trkpt lat="41.165663" lon="-7.565417"><ele>111.792</ele><time>2019-07-30T16:48:05Z</time></trkpt><trkpt lat="41.165749" lon="-7.565303"><ele>112.935</ele><time>2019-07-30T16:48:06Z</time></trkpt><trkpt lat="41.165815" lon="-7.565164"><ele>112.417</ele><time>2019-07-30T16:48:07Z</time></trkpt><trkpt lat="41.165966" lon="-7.564871"><ele>111.187</ele><time>2019-07-30T16:48:09Z</time></trkpt><trkpt lat="41.166098" lon="-7.564579"><ele>109.715</ele><time>2019-07-30T16:48:11Z</time></trkpt><trkpt lat="41.166231" lon="-7.564274"><ele>109.508</ele><time>2019-07-30T16:48:13Z</time></trkpt><trkpt lat="41.166288" lon="-7.564111"><ele>107.084</ele><time>2019-07-30T16:48:14Z</time></trkpt><trkpt lat="41.166400" lon="-7.563815"><ele>107.520</ele><time>2019-07-30T16:48:16Z</time></trkpt><trkpt lat="41.166450" lon="-7.563669"><ele>107.674</ele><time>2019-07-30T16:48:17Z</time></trkpt><trkpt lat="41.166554" lon="-7.563384"><ele>108.380</ele><time>2019-07-30T16:48:19Z</time></trkpt><trkpt lat="41.166619" lon="-7.563261"><ele>108.471</ele><time>2019-07-30T16:48:20Z</time></trkpt><trkpt lat="41.166738" lon="-7.563053"><ele>107.894</ele><time>2019-07-30T16:48:22Z</time></trkpt><trkpt lat="41.166830" lon="-7.562822"><ele>108.464</ele><time>2019-07-30T16:48:24Z</time></trkpt><trkpt lat="41.166856" lon="-7.562691"><ele>108.237</ele><time>2019-07-30T16:48:25Z</time></trkpt><trkpt lat="41.166886" lon="-7.562439"><ele>108.896</ele><time>2019-07-30T16:48:27Z</time></trkpt><trkpt lat="41.166913" lon="-7.562325"><ele>108.531</ele><time>2019-07-30T16:48:28Z</time></trkpt><trkpt lat="41.166961" lon="-7.562230"><ele>108.524</ele><time>2019-07-30T16:48:29Z</time></trkpt><trkpt lat="41.167100" lon="-7.562012"><ele>108.108</ele><time>2019-07-30T16:48:31Z</time></trkpt><trkpt lat="41.167160" lon="-7.561914"><ele>108.452</ele><time>2019-07-30T16:48:32Z</time></trkpt><trkpt lat="41.167233" lon="-7.561807"><ele>107.588</ele><time>2019-07-30T16:48:33Z</time></trkpt><trkpt lat="41.167336" lon="-7.561574"><ele>107.522</ele><time>2019-07-30T16:48:35Z</time></trkpt><trkpt lat="41.167416" lon="-7.561302"><ele>107.328</ele><time>2019-07-30T16:48:37Z</time></trkpt><trkpt lat="41.167415" lon="-7.561042"><ele>106.899</ele><time>2019-07-30T16:48:39Z</time></trkpt><trkpt lat="41.167406" lon="-7.560924"><ele>106.822</ele><time>2019-07-30T16:48:40Z</time></trkpt><trkpt lat="41.167417" lon="-7.560677"><ele>105.822</ele><time>2019-07-30T16:48:42Z</time></trkpt><trkpt lat="41.167500" lon="-7.560453"><ele>104.535</ele><time>2019-07-30T16:48:44Z</time></trkpt><trkpt lat="41.167557" lon="-7.560355"><ele>105.135</ele><time>2019-07-30T16:48:45Z</time></trkpt><trkpt lat="41.167693" lon="-7.560200"><ele>105.186</ele><time>2019-07-30T16:48:47Z</time></trkpt><trkpt lat="41.167849" lon="-7.560028"><ele>105.014</ele><time>2019-07-30T16:48:49Z</time></trkpt><trkpt lat="41.167936" lon="-7.559949"><ele>105.908</ele><time>2019-07-30T16:48:50Z</time></trkpt><trkpt lat="41.168106" lon="-7.559768"><ele>104.956</ele><time>2019-07-30T16:48:52Z</time></trkpt><trkpt lat="41.168186" lon="-7.559657"><ele>105.762</ele><time>2019-07-30T16:48:53Z</time></trkpt><trkpt lat="41.168353" lon="-7.559477"><ele>104.886</ele><time>2019-07-30T16:48:55Z</time></trkpt><trkpt lat="41.168519" lon="-7.559283"><ele>103.332</ele><time>2019-07-30T16:48:57Z</time></trkpt><trkpt lat="41.168608" lon="-7.559224"><ele>103.673</ele><time>2019-07-30T16:48:58Z</time></trkpt><trkpt lat="41.168706" lon="-7.559181"><ele>104.346</ele><time>2019-07-30T16:48:59Z</time></trkpt><trkpt lat="41.168807" lon="-7.559168"><ele>104.046</ele><time>2019-07-30T16:49:00Z</time></trkpt><trkpt lat="41.168921" lon="-7.559164"><ele>103.659</ele><time>2019-07-30T16:49:01Z</time></trkpt><trkpt lat="41.169132" lon="-7.559183"><ele>102.456</ele><time>2019-07-30T16:49:03Z</time></trkpt><trkpt lat="41.169234" lon="-7.559188"><ele>101.359</ele><time>2019-07-30T16:49:04Z</time></trkpt><trkpt lat="41.169336" lon="-7.559180"><ele>101.114</ele><time>2019-07-30T16:49:05Z</time></trkpt><trkpt lat="41.169526" lon="-7.559095"><ele>99.408</ele><time>2019-07-30T16:49:07Z</time></trkpt><trkpt lat="41.169697" lon="-7.558909"><ele>97.588</ele><time>2019-07-30T16:49:09Z</time></trkpt><trkpt lat="41.169767" lon="-7.558797"><ele>98.034</ele><time>2019-07-30T16:49:10Z</time></trkpt><trkpt lat="41.169836" lon="-7.558668"><ele>97.618</ele><time>2019-07-30T16:49:11Z</time></trkpt><trkpt lat="41.169889" lon="-7.558551"><ele>96.874</ele><time>2019-07-30T16:49:12Z</time></trkpt><trkpt lat="41.170036" lon="-7.558297"><ele>98.015</ele><time>2019-07-30T16:49:14Z</time></trkpt><trkpt lat="41.170191" lon="-7.558094"><ele>92.398</ele><time>2019-07-30T16:49:16Z</time></trkpt><trkpt lat="41.170265" lon="-7.557964"><ele>92.148</ele><time>2019-07-30T16:49:17Z</time></trkpt><trkpt lat="41.170329" lon="-7.557815"><ele>92.911</ele><time>2019-07-30T16:49:18Z</time></trkpt><trkpt lat="41.170470" lon="-7.557528"><ele>91.224</ele><time>2019-07-30T16:49:20Z</time></trkpt><trkpt lat="41.170633" lon="-7.557253"><ele>88.604</ele><time>2019-07-30T16:49:22Z</time></trkpt><trkpt lat="41.170765" lon="-7.556978"><ele>89.214</ele><time>2019-07-30T16:49:24Z</time></trkpt><trkpt lat="41.170904" lon="-7.556723"><ele>85.108</ele><time>2019-07-30T16:49:26Z</time></trkpt><trkpt lat="41.170972" lon="-7.556578"><ele>84.015</ele><time>2019-07-30T16:49:27Z</time></trkpt><trkpt lat="41.171120" lon="-7.556299"><ele>83.281</ele><time>2019-07-30T16:49:29Z</time></trkpt><trkpt lat="41.171264" lon="-7.556012"><ele>84.255</ele><time>2019-07-30T16:49:31Z</time></trkpt><trkpt lat="41.171342" lon="-7.555885"><ele>83.091</ele><time>2019-07-30T16:49:32Z</time></trkpt><trkpt lat="41.171507" lon="-7.555639"><ele>82.632</ele><time>2019-07-30T16:49:34Z</time></trkpt><trkpt lat="41.171668" lon="-7.555393"><ele>80.955</ele><time>2019-07-30T16:49:36Z</time></trkpt><trkpt lat="41.171797" lon="-7.555134"><ele>81.345</ele><time>2019-07-30T16:49:38Z</time></trkpt><trkpt lat="41.171859" lon="-7.554993"><ele>81.178</ele><time>2019-07-30T16:49:39Z</time></trkpt><trkpt lat="41.171923" lon="-7.554876"><ele>81.375</ele><time>2019-07-30T16:49:40Z</time></trkpt><trkpt lat="41.172066" lon="-7.554678"><ele>82.328</ele><time>2019-07-30T16:49:42Z</time></trkpt><trkpt lat="41.172248" lon="-7.554572"><ele>83.020</ele><time>2019-07-30T16:49:44Z</time></trkpt><trkpt lat="41.172440" lon="-7.554512"><ele>83.708</ele><time>2019-07-30T16:49:46Z</time></trkpt><trkpt lat="41.172604" lon="-7.554384"><ele>83.720</ele><time>2019-07-30T16:49:48Z</time></trkpt><trkpt lat="41.172684" lon="-7.554303"><ele>83.496</ele><time>2019-07-30T16:49:49Z</time></trkpt><trkpt lat="41.172773" lon="-7.554216"><ele>83.280</ele><time>2019-07-30T16:49:50Z</time></trkpt><trkpt lat="41.172956" lon="-7.554009"><ele>83.826</ele><time>2019-07-30T16:49:52Z</time></trkpt><trkpt lat="41.173043" lon="-7.553915"><ele>83.557</ele><time>2019-07-30T16:49:53Z</time></trkpt><trkpt lat="41.173131" lon="-7.553827"><ele>83.350</ele><time>2019-07-30T16:49:54Z</time></trkpt><trkpt lat="41.173281" lon="-7.553610"><ele>80.960</ele><time>2019-07-30T16:49:56Z</time></trkpt><trkpt lat="41.173339" lon="-7.553510"><ele>81.353</ele><time>2019-07-30T16:49:57Z</time></trkpt><trkpt lat="41.173418" lon="-7.553274"><ele>82.713</ele><time>2019-07-30T16:49:59Z</time></trkpt><trkpt lat="41.173458" lon="-7.553161"><ele>83.043</ele><time>2019-07-30T16:50:00Z</time></trkpt><trkpt lat="41.173564" lon="-7.552987"><ele>81.907</ele><time>2019-07-30T16:50:02Z</time></trkpt><trkpt lat="41.173628" lon="-7.552889"><ele>81.508</ele><time>2019-07-30T16:50:04Z</time></trkpt><trkpt lat="41.173691" lon="-7.552813"><ele>82.444</ele><time>2019-07-30T16:50:05Z</time></trkpt><trkpt lat="41.173774" lon="-7.552767"><ele>81.470</ele><time>2019-07-30T16:50:06Z</time></trkpt><trkpt lat="41.173853" lon="-7.552730"><ele>81.494</ele><time>2019-07-30T16:50:07Z</time></trkpt><trkpt lat="41.173948" lon="-7.552723"><ele>80.630</ele><time>2019-07-30T16:50:08Z</time></trkpt><trkpt lat="41.174040" lon="-7.552726"><ele>77.291</ele><time>2019-07-30T16:50:09Z</time></trkpt><trkpt lat="41.174124" lon="-7.552733"><ele>76.344</ele><time>2019-07-30T16:50:10Z</time></trkpt><trkpt lat="41.174210" lon="-7.552740"><ele>77.764</ele><time>2019-07-30T16:50:11Z</time></trkpt><trkpt lat="41.174371" lon="-7.552748"><ele>78.497</ele><time>2019-07-30T16:50:13Z</time></trkpt><trkpt lat="41.174440" lon="-7.552750"><ele>79.447</ele><time>2019-07-30T16:50:14Z</time></trkpt><trkpt lat="41.174498" lon="-7.552737"><ele>80.729</ele><time>2019-07-30T16:50:15Z</time></trkpt><trkpt lat="41.174545" lon="-7.552709"><ele>81.321</ele><time>2019-07-30T16:50:16Z</time></trkpt><trkpt lat="41.174587" lon="-7.552679"><ele>81.708</ele><time>2019-07-30T16:50:17Z</time></trkpt><trkpt lat="41.174653" lon="-7.552663"><ele>82.287</ele><time>2019-07-30T16:50:19Z</time></trkpt><trkpt lat="41.174697" lon="-7.552688"><ele>83.613</ele><time>2019-07-30T16:50:21Z</time></trkpt><trkpt lat="41.174654" lon="-7.552733"><ele>90.787</ele><time>2019-07-30T16:52:03Z</time></trkpt><trkpt lat="41.174582" lon="-7.552758"><ele>89.733</ele><time>2019-07-30T16:52:05Z</time></trkpt><trkpt lat="41.174519" lon="-7.552766"><ele>90.094</ele><time>2019-07-30T16:52:06Z</time></trkpt><trkpt lat="41.174390" lon="-7.552745"><ele>82.687</ele><time>2019-07-30T16:52:08Z</time></trkpt><trkpt lat="41.174314" lon="-7.552748"><ele>82.687</ele><time>2019-07-30T16:52:09Z</time></trkpt><trkpt lat="41.174235" lon="-7.552744"><ele>82.650</ele><time>2019-07-30T16:52:10Z</time></trkpt><trkpt lat="41.174057" lon="-7.552745"><ele>77.022</ele><time>2019-07-30T16:52:12Z</time></trkpt><trkpt lat="41.174004" lon="-7.552746"><ele>77.362</ele><time>2019-07-30T16:52:13Z</time></trkpt><trkpt lat="41.173917" lon="-7.552757"><ele>78.008</ele><time>2019-07-30T16:52:14Z</time></trkpt><trkpt lat="41.173795" lon="-7.552804"><ele>80.208</ele><time>2019-07-30T16:52:16Z</time></trkpt><trkpt lat="41.173722" lon="-7.552860"><ele>81.645</ele><time>2019-07-30T16:52:17Z</time></trkpt><trkpt lat="41.173654" lon="-7.552944"><ele>82.221</ele><time>2019-07-30T16:52:18Z</time></trkpt><trkpt lat="41.173530" lon="-7.553150"><ele>83.975</ele><time>2019-07-30T16:52:20Z</time></trkpt><trkpt lat="41.173488" lon="-7.553283"><ele>83.891</ele><time>2019-07-30T16:52:21Z</time></trkpt><trkpt lat="41.173437" lon="-7.553404"><ele>84.492</ele><time>2019-07-30T16:52:22Z</time></trkpt><trkpt lat="41.173336" lon="-7.553642"><ele>85.645</ele><time>2019-07-30T16:52:24Z</time></trkpt><trkpt lat="41.173262" lon="-7.553764"><ele>85.435</ele><time>2019-07-30T16:52:25Z</time></trkpt><trkpt lat="41.173084" lon="-7.553978"><ele>85.548</ele><time>2019-07-30T16:52:27Z</time></trkpt><trkpt lat="41.172997" lon="-7.554086"><ele>85.727</ele><time>2019-07-30T16:52:28Z</time></trkpt><trkpt lat="41.172818" lon="-7.554314"><ele>82.568</ele><time>2019-07-30T16:52:30Z</time></trkpt><trkpt lat="41.172759" lon="-7.554412"><ele>83.014</ele><time>2019-07-30T16:52:31Z</time></trkpt><trkpt lat="41.172595" lon="-7.554562"><ele>82.708</ele><time>2019-07-30T16:52:33Z</time></trkpt><trkpt lat="41.172497" lon="-7.554550"><ele>82.635</ele><time>2019-07-30T16:52:34Z</time></trkpt><trkpt lat="41.172297" lon="-7.554568"><ele>84.471</ele><time>2019-07-30T16:52:36Z</time></trkpt><trkpt lat="41.172202" lon="-7.554618"><ele>83.375</ele><time>2019-07-30T16:52:37Z</time></trkpt><trkpt lat="41.172114" lon="-7.554702"><ele>82.131</ele><time>2019-07-30T16:52:38Z</time></trkpt><trkpt lat="41.171952" lon="-7.554911"><ele>83.822</ele><time>2019-07-30T16:52:40Z</time></trkpt><trkpt lat="41.171808" lon="-7.555188"><ele>84.345</ele><time>2019-07-30T16:52:42Z</time></trkpt><trkpt lat="41.171640" lon="-7.555479"><ele>84.675</ele><time>2019-07-30T16:52:44Z</time></trkpt><trkpt lat="41.171551" lon="-7.555616"><ele>84.458</ele><time>2019-07-30T16:52:45Z</time></trkpt><trkpt lat="41.171457" lon="-7.555758"><ele>85.073</ele><time>2019-07-30T16:52:46Z</time></trkpt><trkpt lat="41.171308" lon="-7.556089"><ele>84.485</ele><time>2019-07-30T16:52:48Z</time></trkpt><trkpt lat="41.171139" lon="-7.556406"><ele>86.713</ele><time>2019-07-30T16:52:50Z</time></trkpt><trkpt lat="41.171073" lon="-7.556575"><ele>86.708</ele><time>2019-07-30T16:52:51Z</time></trkpt><trkpt lat="41.170999" lon="-7.556734"><ele>86.280</ele><time>2019-07-30T16:52:52Z</time></trkpt><trkpt lat="41.170917" lon="-7.556890"><ele>86.676</ele><time>2019-07-30T16:52:53Z</time></trkpt><trkpt lat="41.170730" lon="-7.557213"><ele>88.110</ele><time>2019-07-30T16:52:55Z</time></trkpt><trkpt lat="41.170636" lon="-7.557371"><ele>88.726</ele><time>2019-07-30T16:52:56Z</time></trkpt><trkpt lat="41.170458" lon="-7.557669"><ele>90.697</ele><time>2019-07-30T16:52:58Z</time></trkpt><trkpt lat="41.170379" lon="-7.557826"><ele>93.680</ele><time>2019-07-30T16:52:59Z</time></trkpt><trkpt lat="41.170200" lon="-7.558120"><ele>95.610</ele><time>2019-07-30T16:53:01Z</time></trkpt><trkpt lat="41.170115" lon="-7.558270"><ele>95.943</ele><time>2019-07-30T16:53:02Z</time></trkpt><trkpt lat="41.169942" lon="-7.558545"><ele>96.848</ele><time>2019-07-30T16:53:04Z</time></trkpt><trkpt lat="41.169876" lon="-7.558686"><ele>98.661</ele><time>2019-07-30T16:53:05Z</time></trkpt><trkpt lat="41.169736" lon="-7.558911"><ele>100.017</ele><time>2019-07-30T16:53:07Z</time></trkpt><trkpt lat="41.169603" lon="-7.559073"><ele>102.208</ele><time>2019-07-30T16:53:09Z</time></trkpt><trkpt lat="41.169440" lon="-7.559184"><ele>101.737</ele><time>2019-07-30T16:53:11Z</time></trkpt><trkpt lat="41.169344" lon="-7.559208"><ele>101.963</ele><time>2019-07-30T16:53:12Z</time></trkpt><trkpt lat="41.169148" lon="-7.559194"><ele>105.157</ele><time>2019-07-30T16:53:14Z</time></trkpt><trkpt lat="41.169043" lon="-7.559191"><ele>105.613</ele><time>2019-07-30T16:53:15Z</time></trkpt><trkpt lat="41.168936" lon="-7.559198"><ele>105.794</ele><time>2019-07-30T16:53:16Z</time></trkpt><trkpt lat="41.168735" lon="-7.559234"><ele>106.487</ele><time>2019-07-30T16:53:18Z</time></trkpt><trkpt lat="41.168610" lon="-7.559273"><ele>105.667</ele><time>2019-07-30T16:53:19Z</time></trkpt><trkpt lat="41.168530" lon="-7.559377"><ele>104.720</ele><time>2019-07-30T16:53:20Z</time></trkpt><trkpt lat="41.168356" lon="-7.559569"><ele>104.818</ele><time>2019-07-30T16:53:22Z</time></trkpt><trkpt lat="41.168265" lon="-7.559667"><ele>105.598</ele><time>2019-07-30T16:53:23Z</time></trkpt><trkpt lat="41.168084" lon="-7.559863"><ele>106.917</ele><time>2019-07-30T16:53:25Z</time></trkpt><trkpt lat="41.167894" lon="-7.560078"><ele>108.308</ele><time>2019-07-30T16:53:27Z</time></trkpt><trkpt lat="41.167802" lon="-7.560180"><ele>108.924</ele><time>2019-07-30T16:53:28Z</time></trkpt><trkpt lat="41.167716" lon="-7.560280"><ele>109.240</ele><time>2019-07-30T16:53:29Z</time></trkpt><trkpt lat="41.167558" lon="-7.560483"><ele>109.084</ele><time>2019-07-30T16:53:31Z</time></trkpt><trkpt lat="41.167492" lon="-7.560587"><ele>110.450</ele><time>2019-07-30T16:53:32Z</time></trkpt><trkpt lat="41.167442" lon="-7.560837"><ele>112.091</ele><time>2019-07-30T16:53:34Z</time></trkpt><trkpt lat="41.167450" lon="-7.560959"><ele>110.544</ele><time>2019-07-30T16:53:35Z</time></trkpt><trkpt lat="41.167486" lon="-7.561211"><ele>109.734</ele><time>2019-07-30T16:53:37Z</time></trkpt><trkpt lat="41.167481" lon="-7.561324"><ele>109.357</ele><time>2019-07-30T16:53:38Z</time></trkpt><trkpt lat="41.167412" lon="-7.561581"><ele>111.485</ele><time>2019-07-30T16:53:40Z</time></trkpt><trkpt lat="41.167359" lon="-7.561721"><ele>111.389</ele><time>2019-07-30T16:53:41Z</time></trkpt><trkpt lat="41.167213" lon="-7.561958"><ele>110.617</ele><time>2019-07-30T16:53:43Z</time></trkpt><trkpt lat="41.167138" lon="-7.562064"><ele>110.808</ele><time>2019-07-30T16:53:44Z</time></trkpt><trkpt lat="41.167015" lon="-7.562271"><ele>110.671</ele><time>2019-07-30T16:53:46Z</time></trkpt><trkpt lat="41.166963" lon="-7.562371"><ele>111.357</ele><time>2019-07-30T16:53:47Z</time></trkpt><trkpt lat="41.166922" lon="-7.562593"><ele>112.231</ele><time>2019-07-30T16:53:49Z</time></trkpt><trkpt lat="41.166917" lon="-7.562701"><ele>113.017</ele><time>2019-07-30T16:53:50Z</time></trkpt><trkpt lat="41.166891" lon="-7.562801"><ele>112.538</ele><time>2019-07-30T16:53:51Z</time></trkpt><trkpt lat="41.166856" lon="-7.562912"><ele>112.511</ele><time>2019-07-30T16:53:52Z</time></trkpt><trkpt lat="41.166741" lon="-7.563164"><ele>113.741</ele><time>2019-07-30T16:53:54Z</time></trkpt><trkpt lat="41.166625" lon="-7.563399"><ele>115.134</ele><time>2019-07-30T16:53:56Z</time></trkpt><trkpt lat="41.166577" lon="-7.563524"><ele>115.526</ele><time>2019-07-30T16:53:57Z</time></trkpt><trkpt lat="41.166491" lon="-7.563790"><ele>115.447</ele><time>2019-07-30T16:53:59Z</time></trkpt><trkpt lat="41.166387" lon="-7.564061"><ele>116.011</ele><time>2019-07-30T16:54:01Z</time></trkpt><trkpt lat="41.166290" lon="-7.564319"><ele>115.408</ele><time>2019-07-30T16:54:03Z</time></trkpt><trkpt lat="41.166210" lon="-7.564564"><ele>116.925</ele><time>2019-07-30T16:54:05Z</time></trkpt><trkpt lat="41.166110" lon="-7.564806"><ele>117.841</ele><time>2019-07-30T16:54:07Z</time></trkpt><trkpt lat="41.166021" lon="-7.565048"><ele>118.225</ele><time>2019-07-30T16:54:09Z</time></trkpt><trkpt lat="41.165911" lon="-7.565256"><ele>117.571</ele><time>2019-07-30T16:54:11Z</time></trkpt><trkpt lat="41.165780" lon="-7.565446"><ele>118.032</ele><time>2019-07-30T16:54:13Z</time></trkpt><trkpt lat="41.165694" lon="-7.565530"><ele>118.175</ele><time>2019-07-30T16:54:14Z</time></trkpt><trkpt lat="41.165612" lon="-7.565606"><ele>118.855</ele><time>2019-07-30T16:54:15Z</time></trkpt><trkpt lat="41.165450" lon="-7.565779"><ele>117.258</ele><time>2019-07-30T16:54:17Z</time></trkpt><trkpt lat="41.165330" lon="-7.565999"><ele>114.731</ele><time>2019-07-30T16:54:19Z</time></trkpt><trkpt lat="41.165268" lon="-7.566121"><ele>114.661</ele><time>2019-07-30T16:54:20Z</time></trkpt><trkpt lat="41.165149" lon="-7.566382"><ele>114.307</ele><time>2019-07-30T16:54:22Z</time></trkpt><trkpt lat="41.165019" lon="-7.566656"><ele>112.408</ele><time>2019-07-30T16:54:24Z</time></trkpt><trkpt lat="41.164960" lon="-7.566794"><ele>112.786</ele><time>2019-07-30T16:54:25Z</time></trkpt><trkpt lat="41.164841" lon="-7.567078"><ele>113.182</ele><time>2019-07-30T16:54:27Z</time></trkpt><trkpt lat="41.164728" lon="-7.567349"><ele>110.246</ele><time>2019-07-30T16:54:29Z</time></trkpt><trkpt lat="41.164663" lon="-7.567609"><ele>111.082</ele><time>2019-07-30T16:54:31Z</time></trkpt><trkpt lat="41.164635" lon="-7.567725"><ele>111.983</ele><time>2019-07-30T16:54:32Z</time></trkpt><trkpt lat="41.164572" lon="-7.567945"><ele>111.366</ele><time>2019-07-30T16:54:34Z</time></trkpt><trkpt lat="41.164459" lon="-7.568103"><ele>111.996</ele><time>2019-07-30T16:54:36Z</time></trkpt><trkpt lat="41.164368" lon="-7.568169"><ele>112.049</ele><time>2019-07-30T16:54:37Z</time></trkpt><trkpt lat="41.164280" lon="-7.568220"><ele>111.671</ele><time>2019-07-30T16:54:38Z</time></trkpt><trkpt lat="41.164103" lon="-7.568222"><ele>112.241</ele><time>2019-07-30T16:54:40Z</time></trkpt><trkpt lat="41.164002" lon="-7.568204"><ele>111.915</ele><time>2019-07-30T16:54:41Z</time></trkpt><trkpt lat="41.163815" lon="-7.568187"><ele>110.908</ele><time>2019-07-30T16:54:43Z</time></trkpt><trkpt lat="41.163722" lon="-7.568219"><ele>110.490</ele><time>2019-07-30T16:54:44Z</time></trkpt><trkpt lat="41.163588" lon="-7.568316"><ele>109.526</ele><time>2019-07-30T16:54:46Z</time></trkpt><trkpt lat="41.163508" lon="-7.568485"><ele>108.060</ele><time>2019-07-30T16:54:48Z</time></trkpt><trkpt lat="41.163513" lon="-7.568556"><ele>106.656</ele><time>2019-07-30T16:54:49Z</time></trkpt><trkpt lat="41.163586" lon="-7.568759"><ele>105.917</ele><time>2019-07-30T16:54:51Z</time></trkpt><trkpt lat="41.163711" lon="-7.568880"><ele>107.510</ele><time>2019-07-30T16:54:53Z</time></trkpt><trkpt lat="41.163821" lon="-7.569016"><ele>105.430</ele><time>2019-07-30T16:54:55Z</time></trkpt><trkpt lat="41.163857" lon="-7.569114"><ele>104.623</ele><time>2019-07-30T16:54:56Z</time></trkpt><trkpt lat="41.163922" lon="-7.569326"><ele>102.876</ele><time>2019-07-30T16:54:58Z</time></trkpt><trkpt lat="41.163942" lon="-7.569426"><ele>99.890</ele><time>2019-07-30T16:54:59Z</time></trkpt><trkpt lat="41.163962" lon="-7.569672"><ele>99.919</ele><time>2019-07-30T16:55:01Z</time></trkpt><trkpt lat="41.163946" lon="-7.569792"><ele>101.008</ele><time>2019-07-30T16:55:02Z</time></trkpt><trkpt lat="41.163893" lon="-7.570029"><ele>101.590</ele><time>2019-07-30T16:55:04Z</time></trkpt><trkpt lat="41.163788" lon="-7.570275"><ele>101.726</ele><time>2019-07-30T16:55:06Z</time></trkpt><trkpt lat="41.163712" lon="-7.570381"><ele>102.050</ele><time>2019-07-30T16:55:07Z</time></trkpt><trkpt lat="41.163579" lon="-7.570582"><ele>99.986</ele><time>2019-07-30T16:55:09Z</time></trkpt><trkpt lat="41.163514" lon="-7.570686"><ele>100.627</ele><time>2019-07-30T16:55:10Z</time></trkpt><trkpt lat="41.163353" lon="-7.570864"><ele>100.570</ele><time>2019-07-30T16:55:12Z</time></trkpt><trkpt lat="41.163269" lon="-7.570939"><ele>100.350</ele><time>2019-07-30T16:55:13Z</time></trkpt><trkpt lat="41.163071" lon="-7.571038"><ele>98.453</ele><time>2019-07-30T16:55:15Z</time></trkpt><trkpt lat="41.162976" lon="-7.571100"><ele>98.796</ele><time>2019-07-30T16:55:16Z</time></trkpt><trkpt lat="41.162875" lon="-7.571171"><ele>97.731</ele><time>2019-07-30T16:55:17Z</time></trkpt><trkpt lat="41.162722" lon="-7.571360"><ele>96.524</ele><time>2019-07-30T16:55:19Z</time></trkpt><trkpt lat="41.162587" lon="-7.571586"><ele>94.508</ele><time>2019-07-30T16:55:21Z</time></trkpt><trkpt lat="41.162435" lon="-7.571759"><ele>92.462</ele><time>2019-07-30T16:55:23Z</time></trkpt><trkpt lat="41.162369" lon="-7.571802"><ele>91.278</ele><time>2019-07-30T16:55:24Z</time></trkpt><trkpt lat="41.162201" lon="-7.571918"><ele>92.992</ele><time>2019-07-30T16:55:26Z</time></trkpt><trkpt lat="41.162045" lon="-7.571989"><ele>92.658</ele><time>2019-07-30T16:55:28Z</time></trkpt><trkpt lat="41.161979" lon="-7.572019"><ele>93.139</ele><time>2019-07-30T16:55:29Z</time></trkpt><trkpt lat="41.161883" lon="-7.572108"><ele>90.512</ele><time>2019-07-30T16:55:31Z</time></trkpt><trkpt lat="41.161807" lon="-7.572123"><ele>89.512</ele><time>2019-07-30T16:55:33Z</time></trkpt><trkpt lat="41.161753" lon="-7.572143"><ele>89.585</ele><time>2019-07-30T16:55:36Z</time></trkpt><trkpt lat="41.161708" lon="-7.572143"><ele>99.334</ele><time>2019-07-30T17:08:06Z</time></trkpt><trkpt lat="41.161646" lon="-7.572115"><ele>98.855</ele><time>2019-07-30T17:08:08Z</time></trkpt><trkpt lat="41.161532" lon="-7.572109"><ele>98.610</ele><time>2019-07-30T17:08:10Z</time></trkpt><trkpt lat="41.161439" lon="-7.572165"><ele>98.408</ele><time>2019-07-30T17:08:11Z</time></trkpt><trkpt lat="41.161267" lon="-7.572258"><ele>99.066</ele><time>2019-07-30T17:08:13Z</time></trkpt><trkpt lat="41.161094" lon="-7.572402"><ele>98.582</ele><time>2019-07-30T17:08:15Z</time></trkpt><trkpt lat="41.160922" lon="-7.572572"><ele>97.396</ele><time>2019-07-30T17:08:17Z</time></trkpt><trkpt lat="41.160844" lon="-7.572643"><ele>98.562</ele><time>2019-07-30T17:08:18Z</time></trkpt><trkpt lat="41.160664" lon="-7.572831"><ele>96.563</ele><time>2019-07-30T17:08:20Z</time></trkpt><trkpt lat="41.160569" lon="-7.572919"><ele>95.856</ele><time>2019-07-30T17:08:21Z</time></trkpt><trkpt lat="41.160476" lon="-7.573008"><ele>95.716</ele><time>2019-07-30T17:08:22Z</time></trkpt><trkpt lat="41.160302" lon="-7.573205"><ele>95.619</ele><time>2019-07-30T17:08:24Z</time></trkpt><trkpt lat="41.160129" lon="-7.573429"><ele>95.911</ele><time>2019-07-30T17:08:26Z</time></trkpt><trkpt lat="41.160036" lon="-7.573574"><ele>94.321</ele><time>2019-07-30T17:08:27Z</time></trkpt><trkpt lat="41.159869" lon="-7.573797"><ele>93.903</ele><time>2019-07-30T17:08:29Z</time></trkpt><trkpt lat="41.159787" lon="-7.573905"><ele>93.908</ele><time>2019-07-30T17:08:30Z</time></trkpt><trkpt lat="41.159709" lon="-7.574022"><ele>95.084</ele><time>2019-07-30T17:08:31Z</time></trkpt><trkpt lat="41.159556" lon="-7.574268"><ele>94.650</ele><time>2019-07-30T17:08:33Z</time></trkpt><trkpt lat="41.159473" lon="-7.574406"><ele>94.314</ele><time>2019-07-30T17:08:34Z</time></trkpt><trkpt lat="41.159318" lon="-7.574678"><ele>91.620</ele><time>2019-07-30T17:08:36Z</time></trkpt><trkpt lat="41.159241" lon="-7.574832"><ele>90.871</ele><time>2019-07-30T17:08:37Z</time></trkpt><trkpt lat="41.159125" lon="-7.575170"><ele>88.554</ele><time>2019-07-30T17:08:39Z</time></trkpt><trkpt lat="41.159011" lon="-7.575526"><ele>87.144</ele><time>2019-07-30T17:08:41Z</time></trkpt><trkpt lat="41.158909" lon="-7.575885"><ele>86.037</ele><time>2019-07-30T17:08:43Z</time></trkpt><trkpt lat="41.158818" lon="-7.576253"><ele>85.243</ele><time>2019-07-30T17:08:45Z</time></trkpt><trkpt lat="41.158729" lon="-7.576642"><ele>84.464</ele><time>2019-07-30T17:08:47Z</time></trkpt><trkpt lat="41.158633" lon="-7.577024"><ele>83.510</ele><time>2019-07-30T17:08:49Z</time></trkpt><trkpt lat="41.158546" lon="-7.577421"><ele>84.408</ele><time>2019-07-30T17:08:51Z</time></trkpt><trkpt lat="41.158507" lon="-7.577615"><ele>83.937</ele><time>2019-07-30T17:08:52Z</time></trkpt><trkpt lat="41.158447" lon="-7.578000"><ele>84.363</ele><time>2019-07-30T17:08:54Z</time></trkpt><trkpt lat="41.158404" lon="-7.578191"><ele>84.297</ele><time>2019-07-30T17:08:55Z</time></trkpt><trkpt lat="41.158321" lon="-7.578582"><ele>83.643</ele><time>2019-07-30T17:08:57Z</time></trkpt><trkpt lat="41.158240" lon="-7.578956"><ele>84.374</ele><time>2019-07-30T17:08:59Z</time></trkpt><trkpt lat="41.158164" lon="-7.579334"><ele>84.187</ele><time>2019-07-30T17:09:01Z</time></trkpt><trkpt lat="41.158120" lon="-7.579762"><ele>83.817</ele><time>2019-07-30T17:09:03Z</time></trkpt><trkpt lat="41.158067" lon="-7.580143"><ele>83.980</ele><time>2019-07-30T17:09:05Z</time></trkpt><trkpt lat="41.158032" lon="-7.580317"><ele>83.456</ele><time>2019-07-30T17:09:06Z</time></trkpt><trkpt lat="41.157960" lon="-7.580644"><ele>82.559</ele><time>2019-07-30T17:09:08Z</time></trkpt><trkpt lat="41.157857" lon="-7.580972"><ele>82.714</ele><time>2019-07-30T17:09:10Z</time></trkpt><trkpt lat="41.157795" lon="-7.581293"><ele>82.008</ele><time>2019-07-30T17:09:12Z</time></trkpt><trkpt lat="41.157759" lon="-7.581446"><ele>82.278</ele><time>2019-07-30T17:09:13Z</time></trkpt><trkpt lat="41.157673" lon="-7.581706"><ele>78.914</ele><time>2019-07-30T17:09:15Z</time></trkpt><trkpt lat="41.157640" lon="-7.581832"><ele>76.368</ele><time>2019-07-30T17:09:16Z</time></trkpt><trkpt lat="41.157612" lon="-7.581942"><ele>73.994</ele><time>2019-07-30T17:09:17Z</time></trkpt><trkpt lat="41.157564" lon="-7.582174"><ele>72.955</ele><time>2019-07-30T17:09:19Z</time></trkpt><trkpt lat="41.157514" lon="-7.582366"><ele>73.018</ele><time>2019-07-30T17:09:21Z</time></trkpt><trkpt lat="41.157464" lon="-7.582511"><ele>72.678</ele><time>2019-07-30T17:09:23Z</time></trkpt><trkpt lat="41.157440" lon="-7.582622"><ele>72.671</ele><time>2019-07-30T17:09:25Z</time></trkpt><trkpt lat="41.157419" lon="-7.582730"><ele>73.082</ele><time>2019-07-30T17:09:27Z</time></trkpt><trkpt lat="41.157370" lon="-7.582886"><ele>75.243</ele><time>2019-07-30T17:09:29Z</time></trkpt><trkpt lat="41.157353" lon="-7.582993"><ele>76.117</ele><time>2019-07-30T17:09:30Z</time></trkpt><trkpt lat="41.157333" lon="-7.583225"><ele>78.808</ele><time>2019-07-30T17:09:32Z</time></trkpt><trkpt lat="41.157307" lon="-7.583330"><ele>79.391</ele><time>2019-07-30T17:09:33Z</time></trkpt><trkpt lat="41.157242" lon="-7.583584"><ele>80.057</ele><time>2019-07-30T17:09:35Z</time></trkpt><trkpt lat="41.157199" lon="-7.583718"><ele>80.221</ele><time>2019-07-30T17:09:36Z</time></trkpt><trkpt lat="41.157154" lon="-7.583844"><ele>80.887</ele><time>2019-07-30T17:09:37Z</time></trkpt><trkpt lat="41.157118" lon="-7.583995"><ele>80.898</ele><time>2019-07-30T17:09:38Z</time></trkpt><trkpt lat="41.157006" lon="-7.584276"><ele>80.851</ele><time>2019-07-30T17:09:40Z</time></trkpt><trkpt lat="41.156877" lon="-7.584592"><ele>79.791</ele><time>2019-07-30T17:09:42Z</time></trkpt><trkpt lat="41.156804" lon="-7.584761"><ele>79.714</ele><time>2019-07-30T17:09:43Z</time></trkpt><trkpt lat="41.156674" lon="-7.585081"><ele>78.613</ele><time>2019-07-30T17:09:45Z</time></trkpt><trkpt lat="41.156608" lon="-7.585256"><ele>77.743</ele><time>2019-07-30T17:09:46Z</time></trkpt><trkpt lat="41.156524" lon="-7.585417"><ele>78.307</ele><time>2019-07-30T17:09:47Z</time></trkpt><trkpt lat="41.156460" lon="-7.585599"><ele>78.108</ele><time>2019-07-30T17:09:48Z</time></trkpt><trkpt lat="41.156312" lon="-7.585956"><ele>78.364</ele><time>2019-07-30T17:09:50Z</time></trkpt><trkpt lat="41.156240" lon="-7.586142"><ele>78.520</ele><time>2019-07-30T17:09:51Z</time></trkpt><trkpt lat="41.156098" lon="-7.586511"><ele>78.964</ele><time>2019-07-30T17:09:53Z</time></trkpt><trkpt lat="41.156024" lon="-7.586688"><ele>79.930</ele><time>2019-07-30T17:09:54Z</time></trkpt><trkpt lat="41.155883" lon="-7.587052"><ele>81.481</ele><time>2019-07-30T17:09:56Z</time></trkpt><trkpt lat="41.155812" lon="-7.587243"><ele>81.624</ele><time>2019-07-30T17:09:57Z</time></trkpt><trkpt lat="41.155666" lon="-7.587607"><ele>82.444</ele><time>2019-07-30T17:09:59Z</time></trkpt><trkpt lat="41.155597" lon="-7.587793"><ele>82.467</ele><time>2019-07-30T17:10:00Z</time></trkpt><trkpt lat="41.155447" lon="-7.588157"><ele>82.338</ele><time>2019-07-30T17:10:02Z</time></trkpt><trkpt lat="41.155385" lon="-7.588335"><ele>82.070</ele><time>2019-07-30T17:10:03Z</time></trkpt><trkpt lat="41.155252" lon="-7.588698"><ele>82.817</ele><time>2019-07-30T17:10:05Z</time></trkpt><trkpt lat="41.155188" lon="-7.588894"><ele>82.008</ele><time>2019-07-30T17:10:06Z</time></trkpt><trkpt lat="41.155085" lon="-7.589260"><ele>81.786</ele><time>2019-07-30T17:10:08Z</time></trkpt><trkpt lat="41.155034" lon="-7.589441"><ele>82.052</ele><time>2019-07-30T17:10:09Z</time></trkpt><trkpt lat="41.154984" lon="-7.589637"><ele>82.316</ele><time>2019-07-30T17:10:10Z</time></trkpt><trkpt lat="41.154912" lon="-7.590017"><ele>82.252</ele><time>2019-07-30T17:10:12Z</time></trkpt><trkpt lat="41.154846" lon="-7.590381"><ele>82.443</ele><time>2019-07-30T17:10:14Z</time></trkpt><trkpt lat="41.154787" lon="-7.590716"><ele>83.096</ele><time>2019-07-30T17:10:16Z</time></trkpt><trkpt lat="41.154718" lon="-7.591040"><ele>83.726</ele><time>2019-07-30T17:10:18Z</time></trkpt><trkpt lat="41.154667" lon="-7.591366"><ele>83.759</ele><time>2019-07-30T17:10:20Z</time></trkpt><trkpt lat="41.154637" lon="-7.591703"><ele>83.754</ele><time>2019-07-30T17:10:22Z</time></trkpt><trkpt lat="41.154627" lon="-7.591872"><ele>84.256</ele><time>2019-07-30T17:10:23Z</time></trkpt><trkpt lat="41.154625" lon="-7.592046"><ele>84.011</ele><time>2019-07-30T17:10:24Z</time></trkpt><trkpt lat="41.154638" lon="-7.592385"><ele>83.908</ele><time>2019-07-30T17:10:26Z</time></trkpt><trkpt lat="41.154637" lon="-7.592560"><ele>84.318</ele><time>2019-07-30T17:10:27Z</time></trkpt><trkpt lat="41.154656" lon="-7.592713"><ele>85.934</ele><time>2019-07-30T17:10:28Z</time></trkpt><trkpt lat="41.154672" lon="-7.592863"><ele>87.068</ele><time>2019-07-30T17:10:29Z</time></trkpt><trkpt lat="41.154680" lon="-7.593031"><ele>86.334</ele><time>2019-07-30T17:10:30Z</time></trkpt><trkpt lat="41.154718" lon="-7.593339"><ele>85.625</ele><time>2019-07-30T17:10:32Z</time></trkpt><trkpt lat="41.154726" lon="-7.593513"><ele>83.788</ele><time>2019-07-30T17:10:33Z</time></trkpt><trkpt lat="41.154763" lon="-7.593874"><ele>85.138</ele><time>2019-07-30T17:10:35Z</time></trkpt><trkpt lat="41.154781" lon="-7.594205"><ele>85.241</ele><time>2019-07-30T17:10:37Z</time></trkpt><trkpt lat="41.154830" lon="-7.594398"><ele>84.016</ele><time>2019-07-30T17:10:38Z</time></trkpt><trkpt lat="41.154854" lon="-7.594825"><ele>85.576</ele><time>2019-07-30T17:10:40Z</time></trkpt><trkpt lat="41.154892" lon="-7.595303"><ele>87.013</ele><time>2019-07-30T17:10:42Z</time></trkpt><trkpt lat="41.154909" lon="-7.595551"><ele>87.008</ele><time>2019-07-30T17:10:43Z</time></trkpt><trkpt lat="41.154960" lon="-7.595964"><ele>86.754</ele><time>2019-07-30T17:10:45Z</time></trkpt><trkpt lat="41.155030" lon="-7.596330"><ele>84.430</ele><time>2019-07-30T17:10:47Z</time></trkpt><trkpt lat="41.155151" lon="-7.596733"><ele>84.824</ele><time>2019-07-30T17:10:49Z</time></trkpt><trkpt lat="41.155220" lon="-7.596914"><ele>84.790</ele><time>2019-07-30T17:10:50Z</time></trkpt><trkpt lat="41.155376" lon="-7.597302"><ele>82.431</ele><time>2019-07-30T17:10:52Z</time></trkpt><trkpt lat="41.155528" lon="-7.597691"><ele>84.754</ele><time>2019-07-30T17:10:54Z</time></trkpt><trkpt lat="41.155603" lon="-7.597887"><ele>85.124</ele><time>2019-07-30T17:10:55Z</time></trkpt><trkpt lat="41.155685" lon="-7.598083"><ele>86.277</ele><time>2019-07-30T17:10:56Z</time></trkpt><trkpt lat="41.155825" lon="-7.598477"><ele>88.893</ele><time>2019-07-30T17:10:58Z</time></trkpt><trkpt lat="41.155884" lon="-7.598687"><ele>88.265</ele><time>2019-07-30T17:10:59Z</time></trkpt><trkpt lat="41.155975" lon="-7.599128"><ele>89.821</ele><time>2019-07-30T17:11:01Z</time></trkpt><trkpt lat="41.156055" lon="-7.599594"><ele>89.208</ele><time>2019-07-30T17:11:03Z</time></trkpt><trkpt lat="41.156084" lon="-7.599817"><ele>88.032</ele><time>2019-07-30T17:11:04Z</time></trkpt><trkpt lat="41.156110" lon="-7.600044"><ele>88.018</ele><time>2019-07-30T17:11:05Z</time></trkpt><trkpt lat="41.156180" lon="-7.600520"><ele>90.022</ele><time>2019-07-30T17:11:07Z</time></trkpt><trkpt lat="41.156243" lon="-7.600985"><ele>89.638</ele><time>2019-07-30T17:11:09Z</time></trkpt><trkpt lat="41.156274" lon="-7.601223"><ele>89.499</ele><time>2019-07-30T17:11:10Z</time></trkpt><trkpt lat="41.156319" lon="-7.601465"><ele>89.872</ele><time>2019-07-30T17:11:11Z</time></trkpt><trkpt lat="41.156420" lon="-7.601916"><ele>89.782</ele><time>2019-07-30T17:11:13Z</time></trkpt><trkpt lat="41.156519" lon="-7.602359"><ele>91.295</ele><time>2019-07-30T17:11:15Z</time></trkpt><trkpt lat="41.156578" lon="-7.602578"><ele>91.517</ele><time>2019-07-30T17:11:16Z</time></trkpt><trkpt lat="41.156634" lon="-7.602795"><ele>90.887</ele><time>2019-07-30T17:11:17Z</time></trkpt><trkpt lat="41.156760" lon="-7.603222"><ele>90.815</ele><time>2019-07-30T17:11:19Z</time></trkpt><trkpt lat="41.156864" lon="-7.603624"><ele>91.508</ele><time>2019-07-30T17:11:21Z</time></trkpt><trkpt lat="41.156962" lon="-7.604010"><ele>91.324</ele><time>2019-07-30T17:11:23Z</time></trkpt><trkpt lat="41.157059" lon="-7.604383"><ele>92.340</ele><time>2019-07-30T17:11:25Z</time></trkpt><trkpt lat="41.157176" lon="-7.604732"><ele>92.164</ele><time>2019-07-30T17:11:27Z</time></trkpt><trkpt lat="41.157250" lon="-7.605082"><ele>90.270</ele><time>2019-07-30T17:11:29Z</time></trkpt><trkpt lat="41.157337" lon="-7.605395"><ele>87.651</ele><time>2019-07-30T17:11:31Z</time></trkpt><trkpt lat="41.157389" lon="-7.605537"><ele>88.354</ele><time>2019-07-30T17:11:32Z</time></trkpt><trkpt lat="41.157441" lon="-7.605656"><ele>87.944</ele><time>2019-07-30T17:11:33Z</time></trkpt><trkpt lat="41.157498" lon="-7.605764"><ele>88.747</ele><time>2019-07-30T17:11:34Z</time></trkpt><trkpt lat="41.157515" lon="-7.605849"><ele>85.694</ele><time>2019-07-30T17:11:35Z</time></trkpt><trkpt lat="41.157573" lon="-7.606014"><ele>84.757</ele><time>2019-07-30T17:11:37Z</time></trkpt><trkpt lat="41.157600" lon="-7.606102"><ele>82.522</ele><time>2019-07-30T17:11:39Z</time></trkpt><trkpt lat="41.157610" lon="-7.606192"><ele>82.908</ele><time>2019-07-30T17:11:41Z</time></trkpt><trkpt lat="41.157611" lon="-7.606266"><ele>81.462</ele><time>2019-07-30T17:11:43Z</time></trkpt><trkpt lat="41.157635" lon="-7.606349"><ele>80.918</ele><time>2019-07-30T17:11:45Z</time></trkpt><trkpt lat="41.157656" lon="-7.606411"><ele>80.362</ele><time>2019-07-30T17:11:48Z</time></trkpt><trkpt lat="41.157662" lon="-7.606347"><ele>79.578</ele><time>2019-07-30T18:07:58Z</time></trkpt><trkpt lat="41.157699" lon="-7.606458"><ele>79.669</ele><time>2019-07-30T18:08:57Z</time></trkpt><trkpt lat="41.157727" lon="-7.606636"><ele>79.232</ele><time>2019-07-30T18:08:59Z</time></trkpt><trkpt lat="41.157785" lon="-7.606874"><ele>78.782</ele><time>2019-07-30T18:09:01Z</time></trkpt><trkpt lat="41.157865" lon="-7.607126"><ele>80.815</ele><time>2019-07-30T18:09:03Z</time></trkpt><trkpt lat="41.157910" lon="-7.607266"><ele>81.799</ele><time>2019-07-30T18:09:04Z</time></trkpt><trkpt lat="41.158011" lon="-7.607561"><ele>81.207</ele><time>2019-07-30T18:09:06Z</time></trkpt><trkpt lat="41.158069" lon="-7.607715"><ele>80.827</ele><time>2019-07-30T18:09:07Z</time></trkpt><trkpt lat="41.158151" lon="-7.608021"><ele>81.208</ele><time>2019-07-30T18:09:09Z</time></trkpt><trkpt lat="41.158199" lon="-7.608429"><ele>80.362</ele><time>2019-07-30T18:09:11Z</time></trkpt><trkpt lat="41.158252" lon="-7.608601"><ele>80.368</ele><time>2019-07-30T18:09:12Z</time></trkpt><trkpt lat="41.158387" lon="-7.608951"><ele>79.272</ele><time>2019-07-30T18:09:14Z</time></trkpt><trkpt lat="41.158510" lon="-7.609371"><ele>78.768</ele><time>2019-07-30T18:09:16Z</time></trkpt><trkpt lat="41.158639" lon="-7.609815"><ele>78.259</ele><time>2019-07-30T18:09:18Z</time></trkpt><trkpt lat="41.158712" lon="-7.610042"><ele>78.722</ele><time>2019-07-30T18:09:19Z</time></trkpt><trkpt lat="41.158782" lon="-7.610272"><ele>77.822</ele><time>2019-07-30T18:09:20Z</time></trkpt><trkpt lat="41.158897" lon="-7.610754"><ele>75.755</ele><time>2019-07-30T18:09:22Z</time></trkpt><trkpt lat="41.158942" lon="-7.610989"><ele>75.637</ele><time>2019-07-30T18:09:23Z</time></trkpt><trkpt lat="41.159052" lon="-7.611433"><ele>73.949</ele><time>2019-07-30T18:09:25Z</time></trkpt><trkpt lat="41.159100" lon="-7.611657"><ele>73.713</ele><time>2019-07-30T18:09:26Z</time></trkpt><trkpt lat="41.159151" lon="-7.611891"><ele>74.108</ele><time>2019-07-30T18:09:27Z</time></trkpt><trkpt lat="41.159234" lon="-7.612349"><ele>75.116</ele><time>2019-07-30T18:09:29Z</time></trkpt><trkpt lat="41.159279" lon="-7.612572"><ele>75.452</ele><time>2019-07-30T18:09:30Z</time></trkpt><trkpt lat="41.159336" lon="-7.613022"><ele>73.116</ele><time>2019-07-30T18:09:32Z</time></trkpt><trkpt lat="41.159380" lon="-7.613251"><ele>71.952</ele><time>2019-07-30T18:09:33Z</time></trkpt><trkpt lat="41.159421" lon="-7.613704"><ele>71.993</ele><time>2019-07-30T18:09:35Z</time></trkpt><trkpt lat="41.159411" lon="-7.614192"><ele>73.346</ele><time>2019-07-30T18:09:37Z</time></trkpt><trkpt lat="41.159406" lon="-7.614418"><ele>73.576</ele><time>2019-07-30T18:09:38Z</time></trkpt><trkpt lat="41.159405" lon="-7.614641"><ele>73.919</ele><time>2019-07-30T18:09:39Z</time></trkpt><trkpt lat="41.159401" lon="-7.615085"><ele>73.897</ele><time>2019-07-30T18:09:41Z</time></trkpt><trkpt lat="41.159391" lon="-7.615543"><ele>73.523</ele><time>2019-07-30T18:09:43Z</time></trkpt><trkpt lat="41.159380" lon="-7.615991"><ele>74.025</ele><time>2019-07-30T18:09:45Z</time></trkpt><trkpt lat="41.159375" lon="-7.616438"><ele>73.608</ele><time>2019-07-30T18:09:47Z</time></trkpt><trkpt lat="41.159350" lon="-7.616878"><ele>74.042</ele><time>2019-07-30T18:09:49Z</time></trkpt><trkpt lat="41.159334" lon="-7.617343"><ele>74.858</ele><time>2019-07-30T18:09:51Z</time></trkpt><trkpt lat="41.159322" lon="-7.617795"><ele>75.812</ele><time>2019-07-30T18:09:53Z</time></trkpt><trkpt lat="41.159295" lon="-7.618247"><ele>75.878</ele><time>2019-07-30T18:09:55Z</time></trkpt><trkpt lat="41.159273" lon="-7.618467"><ele>76.389</ele><time>2019-07-30T18:09:56Z</time></trkpt><trkpt lat="41.159244" lon="-7.618685"><ele>75.622</ele><time>2019-07-30T18:09:57Z</time></trkpt><trkpt lat="41.159200" lon="-7.619117"><ele>75.932</ele><time>2019-07-30T18:09:59Z</time></trkpt><trkpt lat="41.159147" lon="-7.619550"><ele>76.465</ele><time>2019-07-30T18:10:01Z</time></trkpt><trkpt lat="41.159093" lon="-7.619962"><ele>75.767</ele><time>2019-07-30T18:10:03Z</time></trkpt><trkpt lat="41.159085" lon="-7.620160"><ele>74.881</ele><time>2019-07-30T18:10:04Z</time></trkpt><trkpt lat="41.159043" lon="-7.620556"><ele>75.719</ele><time>2019-07-30T18:10:06Z</time></trkpt><trkpt lat="41.158999" lon="-7.620971"><ele>75.008</ele><time>2019-07-30T18:10:08Z</time></trkpt><trkpt lat="41.158987" lon="-7.621181"><ele>75.319</ele><time>2019-07-30T18:10:09Z</time></trkpt><trkpt lat="41.158959" lon="-7.621623"><ele>75.285</ele><time>2019-07-30T18:10:11Z</time></trkpt><trkpt lat="41.158896" lon="-7.622043"><ele>76.729</ele><time>2019-07-30T18:10:13Z</time></trkpt><trkpt lat="41.158789" lon="-7.622447"><ele>76.975</ele><time>2019-07-30T18:10:15Z</time></trkpt><trkpt lat="41.158725" lon="-7.622652"><ele>76.786</ele><time>2019-07-30T18:10:16Z</time></trkpt><trkpt lat="41.158659" lon="-7.622842"><ele>76.969</ele><time>2019-07-30T18:10:17Z</time></trkpt><trkpt lat="41.158597" lon="-7.623033"><ele>76.949</ele><time>2019-07-30T18:10:18Z</time></trkpt><trkpt lat="41.158459" lon="-7.623414"><ele>77.312</ele><time>2019-07-30T18:10:20Z</time></trkpt><trkpt lat="41.158399" lon="-7.623601"><ele>77.428</ele><time>2019-07-30T18:10:21Z</time></trkpt><trkpt lat="41.158276" lon="-7.623970"><ele>78.289</ele><time>2019-07-30T18:10:23Z</time></trkpt><trkpt lat="41.158207" lon="-7.624163"><ele>78.617</ele><time>2019-07-30T18:10:24Z</time></trkpt><trkpt lat="41.158149" lon="-7.624353"><ele>77.508</ele><time>2019-07-30T18:10:25Z</time></trkpt><trkpt lat="41.158037" lon="-7.624719"><ele>78.535</ele><time>2019-07-30T18:10:27Z</time></trkpt><trkpt lat="41.157937" lon="-7.625114"><ele>79.861</ele><time>2019-07-30T18:10:29Z</time></trkpt><trkpt lat="41.157800" lon="-7.625499"><ele>81.925</ele><time>2019-07-30T18:10:31Z</time></trkpt><trkpt lat="41.157705" lon="-7.625886"><ele>83.351</ele><time>2019-07-30T18:10:33Z</time></trkpt><trkpt lat="41.157707" lon="-7.626086"><ele>85.552</ele><time>2019-07-30T18:10:34Z</time></trkpt><trkpt lat="41.157676" lon="-7.626515"><ele>86.245</ele><time>2019-07-30T18:10:36Z</time></trkpt><trkpt lat="41.157645" lon="-7.626713"><ele>86.315</ele><time>2019-07-30T18:10:37Z</time></trkpt><trkpt lat="41.157623" lon="-7.626914"><ele>86.728</ele><time>2019-07-30T18:10:38Z</time></trkpt><trkpt lat="41.157591" lon="-7.627119"><ele>85.531</ele><time>2019-07-30T18:10:39Z</time></trkpt><trkpt lat="41.157545" lon="-7.627534"><ele>86.161</ele><time>2019-07-30T18:10:41Z</time></trkpt><trkpt lat="41.157494" lon="-7.627930"><ele>87.907</ele><time>2019-07-30T18:10:43Z</time></trkpt><trkpt lat="41.157465" lon="-7.628140"><ele>88.208</ele><time>2019-07-30T18:10:44Z</time></trkpt><trkpt lat="41.157440" lon="-7.628327"><ele>88.066</ele><time>2019-07-30T18:10:45Z</time></trkpt><trkpt lat="41.157393" lon="-7.628710"><ele>86.612</ele><time>2019-07-30T18:10:47Z</time></trkpt><trkpt lat="41.157344" lon="-7.629091"><ele>85.596</ele><time>2019-07-30T18:10:49Z</time></trkpt><trkpt lat="41.157319" lon="-7.629294"><ele>86.322</ele><time>2019-07-30T18:10:50Z</time></trkpt><trkpt lat="41.157271" lon="-7.629694"><ele>85.973</ele><time>2019-07-30T18:10:52Z</time></trkpt><trkpt lat="41.157249" lon="-7.630093"><ele>87.266</ele><time>2019-07-30T18:10:54Z</time></trkpt><trkpt lat="41.157244" lon="-7.630277"><ele>86.166</ele><time>2019-07-30T18:10:55Z</time></trkpt><trkpt lat="41.157239" lon="-7.630471"><ele>86.569</ele><time>2019-07-30T18:10:56Z</time></trkpt><trkpt lat="41.157225" lon="-7.630869"><ele>86.668</ele><time>2019-07-30T18:10:58Z</time></trkpt><trkpt lat="41.157226" lon="-7.631047"><ele>86.042</ele><time>2019-07-30T18:10:59Z</time></trkpt><trkpt lat="41.157222" lon="-7.631257"><ele>86.426</ele><time>2019-07-30T18:11:00Z</time></trkpt><trkpt lat="41.157212" lon="-7.631660"><ele>85.008</ele><time>2019-07-30T18:11:02Z</time></trkpt><trkpt lat="41.157188" lon="-7.632084"><ele>85.199</ele><time>2019-07-30T18:11:04Z</time></trkpt><trkpt lat="41.157169" lon="-7.632306"><ele>83.765</ele><time>2019-07-30T18:11:05Z</time></trkpt><trkpt lat="41.157152" lon="-7.632524"><ele>85.089</ele><time>2019-07-30T18:11:06Z</time></trkpt><trkpt lat="41.157132" lon="-7.632952"><ele>85.665</ele><time>2019-07-30T18:11:08Z</time></trkpt><trkpt lat="41.157122" lon="-7.633156"><ele>85.476</ele><time>2019-07-30T18:11:09Z</time></trkpt><trkpt lat="41.157116" lon="-7.633560"><ele>83.969</ele><time>2019-07-30T18:11:11Z</time></trkpt><trkpt lat="41.157111" lon="-7.633772"><ele>83.399</ele><time>2019-07-30T18:11:12Z</time></trkpt><trkpt lat="41.157102" lon="-7.633962"><ele>82.672</ele><time>2019-07-30T18:11:13Z</time></trkpt><trkpt lat="41.157110" lon="-7.634386"><ele>82.281</ele><time>2019-07-30T18:11:15Z</time></trkpt><trkpt lat="41.157122" lon="-7.634573"><ele>81.561</ele><time>2019-07-30T18:11:16Z</time></trkpt><trkpt lat="41.157097" lon="-7.634989"><ele>79.717</ele><time>2019-07-30T18:11:18Z</time></trkpt><trkpt lat="41.157123" lon="-7.635391"><ele>79.908</ele><time>2019-07-30T18:11:20Z</time></trkpt><trkpt lat="41.157152" lon="-7.635787"><ele>78.751</ele><time>2019-07-30T18:11:22Z</time></trkpt><trkpt lat="41.157169" lon="-7.635970"><ele>77.787</ele><time>2019-07-30T18:11:23Z</time></trkpt><trkpt lat="41.157172" lon="-7.636359"><ele>77.311</ele><time>2019-07-30T18:11:25Z</time></trkpt><trkpt lat="41.157206" lon="-7.636750"><ele>75.697</ele><time>2019-07-30T18:11:27Z</time></trkpt><trkpt lat="41.157217" lon="-7.636945"><ele>75.538</ele><time>2019-07-30T18:11:28Z</time></trkpt><trkpt lat="41.157243" lon="-7.637354"><ele>76.111</ele><time>2019-07-30T18:11:30Z</time></trkpt><trkpt lat="41.157234" lon="-7.637753"><ele>75.941</ele><time>2019-07-30T18:11:32Z</time></trkpt><trkpt lat="41.157240" lon="-7.637946"><ele>75.554</ele><time>2019-07-30T18:11:33Z</time></trkpt><trkpt lat="41.157232" lon="-7.638365"><ele>75.944</ele><time>2019-07-30T18:11:35Z</time></trkpt><trkpt lat="41.157208" lon="-7.638761"><ele>75.505</ele><time>2019-07-30T18:11:37Z</time></trkpt><trkpt lat="41.157165" lon="-7.639173"><ele>75.915</ele><time>2019-07-30T18:11:39Z</time></trkpt><trkpt lat="41.157169" lon="-7.639397"><ele>76.008</ele><time>2019-07-30T18:11:40Z</time></trkpt><trkpt lat="41.157182" lon="-7.639841"><ele>75.737</ele><time>2019-07-30T18:11:42Z</time></trkpt><trkpt lat="41.157208" lon="-7.640234"><ele>76.613</ele><time>2019-07-30T18:11:44Z</time></trkpt><trkpt lat="41.157245" lon="-7.640443"><ele>77.887</ele><time>2019-07-30T18:11:45Z</time></trkpt><trkpt lat="41.157307" lon="-7.640844"><ele>75.923</ele><time>2019-07-30T18:11:47Z</time></trkpt><trkpt lat="41.157403" lon="-7.641211"><ele>73.024</ele><time>2019-07-30T18:11:49Z</time></trkpt><trkpt lat="41.157435" lon="-7.641394"><ele>71.577</ele><time>2019-07-30T18:11:50Z</time></trkpt><trkpt lat="41.157508" lon="-7.641757"><ele>71.337</ele><time>2019-07-30T18:11:52Z</time></trkpt><trkpt lat="41.157578" lon="-7.642132"><ele>73.390</ele><time>2019-07-30T18:11:54Z</time></trkpt><trkpt lat="41.157618" lon="-7.642320"><ele>73.587</ele><time>2019-07-30T18:11:55Z</time></trkpt><trkpt lat="41.157688" lon="-7.642691"><ele>73.142</ele><time>2019-07-30T18:11:57Z</time></trkpt><trkpt lat="41.157770" lon="-7.643067"><ele>73.026</ele><time>2019-07-30T18:11:59Z</time></trkpt><trkpt lat="41.157814" lon="-7.643273"><ele>74.908</ele><time>2019-07-30T18:12:00Z</time></trkpt><trkpt lat="41.157870" lon="-7.643460"><ele>75.071</ele><time>2019-07-30T18:12:01Z</time></trkpt><trkpt lat="41.157921" lon="-7.643650"><ele>75.517</ele><time>2019-07-30T18:12:02Z</time></trkpt><trkpt lat="41.158028" lon="-7.644023"><ele>74.551</ele><time>2019-07-30T18:12:04Z</time></trkpt><trkpt lat="41.158069" lon="-7.644213"><ele>75.697</ele><time>2019-07-30T18:12:05Z</time></trkpt><trkpt lat="41.158193" lon="-7.644581"><ele>75.858</ele><time>2019-07-30T18:12:07Z</time></trkpt><trkpt lat="41.158321" lon="-7.644942"><ele>76.051</ele><time>2019-07-30T18:12:09Z</time></trkpt><trkpt lat="41.158376" lon="-7.645140"><ele>77.461</ele><time>2019-07-30T18:12:10Z</time></trkpt><trkpt lat="41.158524" lon="-7.645504"><ele>76.494</ele><time>2019-07-30T18:12:12Z</time></trkpt><trkpt lat="41.158644" lon="-7.645879"><ele>77.397</ele><time>2019-07-30T18:12:14Z</time></trkpt><trkpt lat="41.158797" lon="-7.646258"><ele>75.723</ele><time>2019-07-30T18:12:16Z</time></trkpt><trkpt lat="41.158925" lon="-7.646655"><ele>74.225</ele><time>2019-07-30T18:12:18Z</time></trkpt><trkpt lat="41.158990" lon="-7.646849"><ele>74.208</ele><time>2019-07-30T18:12:19Z</time></trkpt><trkpt lat="41.159061" lon="-7.647028"><ele>73.232</ele><time>2019-07-30T18:12:20Z</time></trkpt><trkpt lat="41.159101" lon="-7.647229"><ele>72.638</ele><time>2019-07-30T18:12:21Z</time></trkpt><trkpt lat="41.159206" lon="-7.647624"><ele>73.692</ele><time>2019-07-30T18:12:23Z</time></trkpt><trkpt lat="41.159338" lon="-7.648031"><ele>73.558</ele><time>2019-07-30T18:12:25Z</time></trkpt><trkpt lat="41.159396" lon="-7.648241"><ele>73.099</ele><time>2019-07-30T18:12:26Z</time></trkpt><trkpt lat="41.159445" lon="-7.648446"><ele>72.992</ele><time>2019-07-30T18:12:27Z</time></trkpt><trkpt lat="41.159571" lon="-7.648842"><ele>74.042</ele><time>2019-07-30T18:12:29Z</time></trkpt><trkpt lat="41.159711" lon="-7.649221"><ele>75.375</ele><time>2019-07-30T18:12:31Z</time></trkpt><trkpt lat="41.159767" lon="-7.649410"><ele>76.529</ele><time>2019-07-30T18:12:32Z</time></trkpt><trkpt lat="41.159881" lon="-7.649769"><ele>74.200</ele><time>2019-07-30T18:12:34Z</time></trkpt><trkpt lat="41.159986" lon="-7.650165"><ele>74.320</ele><time>2019-07-30T18:12:36Z</time></trkpt><trkpt lat="41.160034" lon="-7.650383"><ele>77.408</ele><time>2019-07-30T18:12:37Z</time></trkpt><trkpt lat="41.160189" lon="-7.650739"><ele>77.255</ele><time>2019-07-30T18:12:39Z</time></trkpt><trkpt lat="41.160254" lon="-7.650916"><ele>76.321</ele><time>2019-07-30T18:12:40Z</time></trkpt><trkpt lat="41.160357" lon="-7.651292"><ele>76.335</ele><time>2019-07-30T18:12:42Z</time></trkpt><trkpt lat="41.160468" lon="-7.651654"><ele>78.711</ele><time>2019-07-30T18:12:44Z</time></trkpt><trkpt lat="41.160523" lon="-7.651838"><ele>78.692</ele><time>2019-07-30T18:12:45Z</time></trkpt><trkpt lat="41.160573" lon="-7.652025"><ele>79.125</ele><time>2019-07-30T18:12:46Z</time></trkpt><trkpt lat="41.160670" lon="-7.652404"><ele>79.785</ele><time>2019-07-30T18:12:48Z</time></trkpt><trkpt lat="41.160720" lon="-7.652595"><ele>80.258</ele><time>2019-07-30T18:12:49Z</time></trkpt><trkpt lat="41.160776" lon="-7.652997"><ele>78.317</ele><time>2019-07-30T18:12:51Z</time></trkpt><trkpt lat="41.160838" lon="-7.653388"><ele>76.787</ele><time>2019-07-30T18:12:53Z</time></trkpt><trkpt lat="41.160875" lon="-7.653774"><ele>75.615</ele><time>2019-07-30T18:12:55Z</time></trkpt><trkpt lat="41.160912" lon="-7.654206"><ele>74.808</ele><time>2019-07-30T18:12:57Z</time></trkpt><trkpt lat="41.160934" lon="-7.654413"><ele>75.084</ele><time>2019-07-30T18:12:58Z</time></trkpt><trkpt lat="41.160988" lon="-7.654825"><ele>74.770</ele><time>2019-07-30T18:13:00Z</time></trkpt><trkpt lat="41.161036" lon="-7.655223"><ele>73.334</ele><time>2019-07-30T18:13:02Z</time></trkpt><trkpt lat="41.161068" lon="-7.655634"><ele>72.530</ele><time>2019-07-30T18:13:04Z</time></trkpt><trkpt lat="41.161089" lon="-7.655839"><ele>72.211</ele><time>2019-07-30T18:13:05Z</time></trkpt><trkpt lat="41.161124" lon="-7.656039"><ele>73.684</ele><time>2019-07-30T18:13:06Z</time></trkpt><trkpt lat="41.161180" lon="-7.656446"><ele>72.764</ele><time>2019-07-30T18:13:08Z</time></trkpt><trkpt lat="41.161236" lon="-7.656841"><ele>71.677</ele><time>2019-07-30T18:13:10Z</time></trkpt><trkpt lat="41.161282" lon="-7.657223"><ele>69.857</ele><time>2019-07-30T18:13:12Z</time></trkpt><trkpt lat="41.161303" lon="-7.657426"><ele>69.900</ele><time>2019-07-30T18:13:13Z</time></trkpt><trkpt lat="41.161318" lon="-7.657630"><ele>70.120</ele><time>2019-07-30T18:13:14Z</time></trkpt><trkpt lat="41.161343" lon="-7.658064"><ele>68.808</ele><time>2019-07-30T18:13:16Z</time></trkpt><trkpt lat="41.161340" lon="-7.658490"><ele>69.178</ele><time>2019-07-30T18:13:18Z</time></trkpt><trkpt lat="41.161346" lon="-7.658934"><ele>70.994</ele><time>2019-07-30T18:13:20Z</time></trkpt><trkpt lat="41.161360" lon="-7.659159"><ele>70.258</ele><time>2019-07-30T18:13:21Z</time></trkpt><trkpt lat="41.161357" lon="-7.659592"><ele>72.484</ele><time>2019-07-30T18:13:23Z</time></trkpt><trkpt lat="41.161363" lon="-7.659810"><ele>72.765</ele><time>2019-07-30T18:13:24Z</time></trkpt><trkpt lat="41.161362" lon="-7.660035"><ele>71.768</ele><time>2019-07-30T18:13:25Z</time></trkpt><trkpt lat="41.161372" lon="-7.660254"><ele>72.398</ele><time>2019-07-30T18:13:26Z</time></trkpt><trkpt lat="41.161402" lon="-7.660686"><ele>74.221</ele><time>2019-07-30T18:13:28Z</time></trkpt><trkpt lat="41.161401" lon="-7.660906"><ele>74.918</ele><time>2019-07-30T18:13:29Z</time></trkpt><trkpt lat="41.161372" lon="-7.661344"><ele>75.098</ele><time>2019-07-30T18:13:31Z</time></trkpt><trkpt lat="41.161355" lon="-7.661571"><ele>74.617</ele><time>2019-07-30T18:13:32Z</time></trkpt><trkpt lat="41.161333" lon="-7.661804"><ele>76.808</ele><time>2019-07-30T18:13:33Z</time></trkpt><trkpt lat="41.161302" lon="-7.662036"><ele>78.214</ele><time>2019-07-30T18:13:34Z</time></trkpt><trkpt lat="41.161240" lon="-7.662483"><ele>77.460</ele><time>2019-07-30T18:13:36Z</time></trkpt><trkpt lat="41.161211" lon="-7.662704"><ele>77.574</ele><time>2019-07-30T18:13:37Z</time></trkpt><trkpt lat="41.161154" lon="-7.663152"><ele>79.080</ele><time>2019-07-30T18:13:39Z</time></trkpt><trkpt lat="41.161119" lon="-7.663586"><ele>80.381</ele><time>2019-07-30T18:13:41Z</time></trkpt><trkpt lat="41.161093" lon="-7.663817"><ele>80.454</ele><time>2019-07-30T18:13:42Z</time></trkpt><trkpt lat="41.161038" lon="-7.664249"><ele>81.254</ele><time>2019-07-30T18:13:44Z</time></trkpt><trkpt lat="41.161004" lon="-7.664458"><ele>81.227</ele><time>2019-07-30T18:13:45Z</time></trkpt><trkpt lat="41.160944" lon="-7.664883"><ele>82.334</ele><time>2019-07-30T18:13:47Z</time></trkpt><trkpt lat="41.160909" lon="-7.665090"><ele>82.255</ele><time>2019-07-30T18:13:48Z</time></trkpt><trkpt lat="41.160791" lon="-7.665487"><ele>80.610</ele><time>2019-07-30T18:13:50Z</time></trkpt><trkpt lat="41.160664" lon="-7.665875"><ele>79.808</ele><time>2019-07-30T18:13:52Z</time></trkpt><trkpt lat="41.160484" lon="-7.666242"><ele>80.226</ele><time>2019-07-30T18:13:54Z</time></trkpt><trkpt lat="41.160389" lon="-7.666428"><ele>80.672</ele><time>2019-07-30T18:13:55Z</time></trkpt><trkpt lat="41.160293" lon="-7.666604"><ele>81.286</ele><time>2019-07-30T18:13:56Z</time></trkpt><trkpt lat="41.160097" lon="-7.666959"><ele>81.552</ele><time>2019-07-30T18:13:58Z</time></trkpt><trkpt lat="41.159991" lon="-7.667141"><ele>81.563</ele><time>2019-07-30T18:13:59Z</time></trkpt><trkpt lat="41.159792" lon="-7.667494"><ele>81.846</ele><time>2019-07-30T18:14:01Z</time></trkpt><trkpt lat="41.159683" lon="-7.667651"><ele>80.796</ele><time>2019-07-30T18:14:02Z</time></trkpt><trkpt lat="41.159477" lon="-7.668009"><ele>81.419</ele><time>2019-07-30T18:14:04Z</time></trkpt><trkpt lat="41.159384" lon="-7.668186"><ele>81.075</ele><time>2019-07-30T18:14:05Z</time></trkpt><trkpt lat="41.159202" lon="-7.668535"><ele>81.928</ele><time>2019-07-30T18:14:07Z</time></trkpt><trkpt lat="41.159107" lon="-7.668706"><ele>82.020</ele><time>2019-07-30T18:14:08Z</time></trkpt><trkpt lat="41.159010" lon="-7.668862"><ele>81.408</ele><time>2019-07-30T18:14:09Z</time></trkpt><trkpt lat="41.158827" lon="-7.669176"><ele>80.030</ele><time>2019-07-30T18:14:11Z</time></trkpt><trkpt lat="41.158745" lon="-7.669345"><ele>79.156</ele><time>2019-07-30T18:14:12Z</time></trkpt><trkpt lat="41.158555" lon="-7.669690"><ele>80.410</ele><time>2019-07-30T18:14:14Z</time></trkpt><trkpt lat="41.158339" lon="-7.670040"><ele>81.976</ele><time>2019-07-30T18:14:16Z</time></trkpt><trkpt lat="41.158246" lon="-7.670217"><ele>82.437</ele><time>2019-07-30T18:14:17Z</time></trkpt><trkpt lat="41.158156" lon="-7.670392"><ele>82.370</ele><time>2019-07-30T18:14:18Z</time></trkpt><trkpt lat="41.157980" lon="-7.670722"><ele>81.190</ele><time>2019-07-30T18:14:20Z</time></trkpt><trkpt lat="41.157778" lon="-7.671057"><ele>80.333</ele><time>2019-07-30T18:14:22Z</time></trkpt><trkpt lat="41.157606" lon="-7.671392"><ele>79.578</ele><time>2019-07-30T18:14:24Z</time></trkpt><trkpt lat="41.157423" lon="-7.671734"><ele>79.333</ele><time>2019-07-30T18:14:26Z</time></trkpt><trkpt lat="41.157330" lon="-7.671896"><ele>78.426</ele><time>2019-07-30T18:14:27Z</time></trkpt><trkpt lat="41.157233" lon="-7.672052"><ele>80.508</ele><time>2019-07-30T18:14:28Z</time></trkpt><trkpt lat="41.157149" lon="-7.672219"><ele>80.610</ele><time>2019-07-30T18:14:29Z</time></trkpt><trkpt lat="41.156973" lon="-7.672521"><ele>79.986</ele><time>2019-07-30T18:14:31Z</time></trkpt><trkpt lat="41.156875" lon="-7.672678"><ele>80.970</ele><time>2019-07-30T18:14:32Z</time></trkpt><trkpt lat="41.156685" lon="-7.672976"><ele>80.666</ele><time>2019-07-30T18:14:34Z</time></trkpt><trkpt lat="41.156473" lon="-7.673249"><ele>79.597</ele><time>2019-07-30T18:14:36Z</time></trkpt><trkpt lat="41.156243" lon="-7.673540"><ele>79.690</ele><time>2019-07-30T18:14:38Z</time></trkpt><trkpt lat="41.156142" lon="-7.673668"><ele>79.660</ele><time>2019-07-30T18:14:39Z</time></trkpt><trkpt lat="41.155939" lon="-7.673923"><ele>79.563</ele><time>2019-07-30T18:14:41Z</time></trkpt><trkpt lat="41.155740" lon="-7.674168"><ele>79.575</ele><time>2019-07-30T18:14:43Z</time></trkpt><trkpt lat="41.155552" lon="-7.674403"><ele>80.128</ele><time>2019-07-30T18:14:45Z</time></trkpt><trkpt lat="41.155467" lon="-7.674516"><ele>80.120</ele><time>2019-07-30T18:14:46Z</time></trkpt><trkpt lat="41.155378" lon="-7.674638"><ele>80.208</ele><time>2019-07-30T18:14:47Z</time></trkpt><trkpt lat="41.155219" lon="-7.674891"><ele>79.570</ele><time>2019-07-30T18:14:49Z</time></trkpt><trkpt lat="41.155150" lon="-7.675011"><ele>78.826</ele><time>2019-07-30T18:14:50Z</time></trkpt><trkpt lat="41.155018" lon="-7.675274"><ele>78.810</ele><time>2019-07-30T18:14:51Z</time></trkpt><trkpt lat="41.154943" lon="-7.675406"><ele>78.936</ele><time>2019-07-30T18:14:52Z</time></trkpt><trkpt lat="41.154870" lon="-7.675542"><ele>80.037</ele><time>2019-07-30T18:14:53Z</time></trkpt><trkpt lat="41.154797" lon="-7.675663"><ele>79.390</ele><time>2019-07-30T18:14:54Z</time></trkpt><trkpt lat="41.154729" lon="-7.675787"><ele>79.870</ele><time>2019-07-30T18:14:55Z</time></trkpt><trkpt lat="41.154658" lon="-7.675920"><ele>79.743</ele><time>2019-07-30T18:14:56Z</time></trkpt><trkpt lat="41.154511" lon="-7.676177"><ele>79.697</ele><time>2019-07-30T18:14:58Z</time></trkpt><trkpt lat="41.154363" lon="-7.676438"><ele>77.323</ele><time>2019-07-30T18:15:00Z</time></trkpt><trkpt lat="41.154289" lon="-7.676574"><ele>77.025</ele><time>2019-07-30T18:15:01Z</time></trkpt><trkpt lat="41.154140" lon="-7.676860"><ele>76.808</ele><time>2019-07-30T18:15:03Z</time></trkpt><trkpt lat="41.154058" lon="-7.676999"><ele>75.922</ele><time>2019-07-30T18:15:04Z</time></trkpt><trkpt lat="41.153885" lon="-7.677309"><ele>76.658</ele><time>2019-07-30T18:15:06Z</time></trkpt><trkpt lat="41.153801" lon="-7.677464"><ele>76.712</ele><time>2019-07-30T18:15:07Z</time></trkpt><trkpt lat="41.153720" lon="-7.677616"><ele>76.148</ele><time>2019-07-30T18:15:08Z</time></trkpt><trkpt lat="41.153571" lon="-7.677944"><ele>76.299</ele><time>2019-07-30T18:15:10Z</time></trkpt><trkpt lat="41.153425" lon="-7.678268"><ele>77.232</ele><time>2019-07-30T18:15:12Z</time></trkpt><trkpt lat="41.153353" lon="-7.678418"><ele>77.542</ele><time>2019-07-30T18:15:13Z</time></trkpt><trkpt lat="41.153289" lon="-7.678556"><ele>77.915</ele><time>2019-07-30T18:15:14Z</time></trkpt><trkpt lat="41.153167" lon="-7.678817"><ele>76.523</ele><time>2019-07-30T18:15:16Z</time></trkpt><trkpt lat="41.153115" lon="-7.678944"><ele>75.783</ele><time>2019-07-30T18:15:17Z</time></trkpt><trkpt lat="41.153064" lon="-7.679051"><ele>75.611</ele><time>2019-07-30T18:15:18Z</time></trkpt><trkpt lat="41.152964" lon="-7.679272"><ele>75.908</ele><time>2019-07-30T18:15:20Z</time></trkpt><trkpt lat="41.152882" lon="-7.679470"><ele>75.835</ele><time>2019-07-30T18:15:22Z</time></trkpt><trkpt lat="41.152787" lon="-7.679675"><ele>75.451</ele><time>2019-07-30T18:15:24Z</time></trkpt><trkpt lat="41.152694" lon="-7.679903"><ele>75.415</ele><time>2019-07-30T18:15:26Z</time></trkpt><trkpt lat="41.152647" lon="-7.679999"><ele>75.531</ele><time>2019-07-30T18:15:27Z</time></trkpt><trkpt lat="41.152553" lon="-7.680200"><ele>76.482</ele><time>2019-07-30T18:15:29Z</time></trkpt><trkpt lat="41.152500" lon="-7.680294"><ele>77.475</ele><time>2019-07-30T18:15:30Z</time></trkpt><trkpt lat="41.152422" lon="-7.680507"><ele>76.395</ele><time>2019-07-30T18:15:32Z</time></trkpt><trkpt lat="41.152302" lon="-7.680720"><ele>77.788</ele><time>2019-07-30T18:15:34Z</time></trkpt><trkpt lat="41.152195" lon="-7.680942"><ele>78.222</ele><time>2019-07-30T18:15:36Z</time></trkpt><trkpt lat="41.152144" lon="-7.681052"><ele>78.062</ele><time>2019-07-30T18:15:37Z</time></trkpt><trkpt lat="41.152093" lon="-7.681161"><ele>77.908</ele><time>2019-07-30T18:15:38Z</time></trkpt><trkpt lat="41.151967" lon="-7.681385"><ele>77.408</ele><time>2019-07-30T18:15:40Z</time></trkpt><trkpt lat="41.151831" lon="-7.681592"><ele>76.855</ele><time>2019-07-30T18:15:42Z</time></trkpt><trkpt lat="41.151734" lon="-7.681701"><ele>76.481</ele><time>2019-07-30T18:15:43Z</time></trkpt><trkpt lat="41.151654" lon="-7.681814"><ele>77.115</ele><time>2019-07-30T18:15:44Z</time></trkpt><trkpt lat="41.151571" lon="-7.681928"><ele>77.911</ele><time>2019-07-30T18:15:45Z</time></trkpt><trkpt lat="41.151412" lon="-7.682161"><ele>78.322</ele><time>2019-07-30T18:15:47Z</time></trkpt><trkpt lat="41.151255" lon="-7.682389"><ele>78.265</ele><time>2019-07-30T18:15:49Z</time></trkpt><trkpt lat="41.151167" lon="-7.682507"><ele>77.985</ele><time>2019-07-30T18:15:50Z</time></trkpt><trkpt lat="41.151080" lon="-7.682619"><ele>77.268</ele><time>2019-07-30T18:15:51Z</time></trkpt><trkpt lat="41.150903" lon="-7.682866"><ele>74.367</ele><time>2019-07-30T18:15:53Z</time></trkpt><trkpt lat="41.150749" lon="-7.683107"><ele>75.181</ele><time>2019-07-30T18:15:55Z</time></trkpt><trkpt lat="41.150663" lon="-7.683235"><ele>75.219</ele><time>2019-07-30T18:15:56Z</time></trkpt><trkpt lat="41.150577" lon="-7.683366"><ele>75.808</ele><time>2019-07-30T18:15:57Z</time></trkpt><trkpt lat="41.150484" lon="-7.683502"><ele>76.339</ele><time>2019-07-30T18:15:58Z</time></trkpt><trkpt lat="41.150393" lon="-7.683629"><ele>75.935</ele><time>2019-07-30T18:15:59Z</time></trkpt><trkpt lat="41.150197" lon="-7.683910"><ele>78.869</ele><time>2019-07-30T18:16:01Z</time></trkpt><trkpt lat="41.150099" lon="-7.684054"><ele>79.525</ele><time>2019-07-30T18:16:02Z</time></trkpt><trkpt lat="41.149996" lon="-7.684196"><ele>79.716</ele><time>2019-07-30T18:16:03Z</time></trkpt><trkpt lat="41.149891" lon="-7.684335"><ele>80.519</ele><time>2019-07-30T18:16:04Z</time></trkpt><trkpt lat="41.149697" lon="-7.684610"><ele>81.569</ele><time>2019-07-30T18:16:06Z</time></trkpt><trkpt lat="41.149465" lon="-7.684894"><ele>81.632</ele><time>2019-07-30T18:16:08Z</time></trkpt><trkpt lat="41.149229" lon="-7.685164"><ele>82.113</ele><time>2019-07-30T18:16:10Z</time></trkpt><trkpt lat="41.148931" lon="-7.685424"><ele>79.743</ele><time>2019-07-30T18:16:12Z</time></trkpt><trkpt lat="41.148621" lon="-7.685663"><ele>77.407</ele><time>2019-07-30T18:16:14Z</time></trkpt><trkpt lat="41.148462" lon="-7.685766"><ele>79.208</ele><time>2019-07-30T18:16:15Z</time></trkpt><trkpt lat="41.148305" lon="-7.685866"><ele>81.214</ele><time>2019-07-30T18:16:16Z</time></trkpt><trkpt lat="41.148004" lon="-7.686063"><ele>82.520</ele><time>2019-07-30T18:16:18Z</time></trkpt><trkpt lat="41.147850" lon="-7.686161"><ele>82.044</ele><time>2019-07-30T18:16:19Z</time></trkpt><trkpt lat="41.147539" lon="-7.686341"><ele>86.360</ele><time>2019-07-30T18:16:21Z</time></trkpt><trkpt lat="41.147262" lon="-7.686521"><ele>84.011</ele><time>2019-07-30T18:16:23Z</time></trkpt><trkpt lat="41.146968" lon="-7.686705"><ele>80.354</ele><time>2019-07-30T18:16:25Z</time></trkpt><trkpt lat="41.146840" lon="-7.686785"><ele>79.274</ele><time>2019-07-30T18:16:26Z</time></trkpt><trkpt lat="41.146570" lon="-7.686984"><ele>79.487</ele><time>2019-07-30T18:16:28Z</time></trkpt><trkpt lat="41.146286" lon="-7.687199"><ele>78.587</ele><time>2019-07-30T18:16:30Z</time></trkpt><trkpt lat="41.146027" lon="-7.687430"><ele>78.542</ele><time>2019-07-30T18:16:32Z</time></trkpt><trkpt lat="41.145772" lon="-7.687674"><ele>78.626</ele><time>2019-07-30T18:16:34Z</time></trkpt><trkpt lat="41.145649" lon="-7.687794"><ele>79.708</ele><time>2019-07-30T18:16:35Z</time></trkpt><trkpt lat="41.145405" lon="-7.688026"><ele>84.661</ele><time>2019-07-30T18:16:37Z</time></trkpt><trkpt lat="41.145171" lon="-7.688252"><ele>84.897</ele><time>2019-07-30T18:16:39Z</time></trkpt><trkpt lat="41.145047" lon="-7.688365"><ele>82.781</ele><time>2019-07-30T18:16:40Z</time></trkpt><trkpt lat="41.144802" lon="-7.688595"><ele>79.187</ele><time>2019-07-30T18:16:42Z</time></trkpt><trkpt lat="41.144549" lon="-7.688841"><ele>82.998</ele><time>2019-07-30T18:16:44Z</time></trkpt><trkpt lat="41.144413" lon="-7.688974"><ele>84.991</ele><time>2019-07-30T18:16:45Z</time></trkpt><trkpt lat="41.144167" lon="-7.689234"><ele>85.461</ele><time>2019-07-30T18:16:47Z</time></trkpt><trkpt lat="41.144041" lon="-7.689384"><ele>85.674</ele><time>2019-07-30T18:16:48Z</time></trkpt><trkpt lat="41.143928" lon="-7.689529"><ele>84.488</ele><time>2019-07-30T18:16:49Z</time></trkpt><trkpt lat="41.143701" lon="-7.689868"><ele>84.824</ele><time>2019-07-30T18:16:51Z</time></trkpt><trkpt lat="41.143486" lon="-7.690192"><ele>84.726</ele><time>2019-07-30T18:16:53Z</time></trkpt><trkpt lat="41.143387" lon="-7.690349"><ele>83.808</ele><time>2019-07-30T18:16:54Z</time></trkpt><trkpt lat="41.143280" lon="-7.690499"><ele>84.641</ele><time>2019-07-30T18:16:55Z</time></trkpt><trkpt lat="41.143086" lon="-7.690799"><ele>83.227</ele><time>2019-07-30T18:16:57Z</time></trkpt><trkpt lat="41.142981" lon="-7.690956"><ele>82.631</ele><time>2019-07-30T18:16:58Z</time></trkpt><trkpt lat="41.142803" lon="-7.691233"><ele>83.047</ele><time>2019-07-30T18:17:00Z</time></trkpt><trkpt lat="41.142613" lon="-7.691527"><ele>81.778</ele><time>2019-07-30T18:17:02Z</time></trkpt><trkpt lat="41.142514" lon="-7.691675"><ele>81.371</ele><time>2019-07-30T18:17:03Z</time></trkpt><trkpt lat="41.142317" lon="-7.691993"><ele>81.411</ele><time>2019-07-30T18:17:05Z</time></trkpt><trkpt lat="41.142128" lon="-7.692313"><ele>81.424</ele><time>2019-07-30T18:17:07Z</time></trkpt><trkpt lat="41.142042" lon="-7.692480"><ele>80.934</ele><time>2019-07-30T18:17:08Z</time></trkpt><trkpt lat="41.141959" lon="-7.692656"><ele>81.055</ele><time>2019-07-30T18:17:09Z</time></trkpt><trkpt lat="41.141799" lon="-7.693020"><ele>81.110</ele><time>2019-07-30T18:17:11Z</time></trkpt><trkpt lat="41.141722" lon="-7.693214"><ele>82.708</ele><time>2019-07-30T18:17:12Z</time></trkpt><trkpt lat="41.141587" lon="-7.693625"><ele>83.876</ele><time>2019-07-30T18:17:14Z</time></trkpt><trkpt lat="41.141452" lon="-7.694098"><ele>84.172</ele><time>2019-07-30T18:17:16Z</time></trkpt><trkpt lat="41.141336" lon="-7.694595"><ele>85.856</ele><time>2019-07-30T18:17:18Z</time></trkpt><trkpt lat="41.141250" lon="-7.695101"><ele>87.512</ele><time>2019-07-30T18:17:20Z</time></trkpt><trkpt lat="41.141210" lon="-7.695340"><ele>87.483</ele><time>2019-07-30T18:17:21Z</time></trkpt><trkpt lat="41.141120" lon="-7.695804"><ele>85.766</ele><time>2019-07-30T18:17:23Z</time></trkpt><trkpt lat="41.141059" lon="-7.696033"><ele>84.926</ele><time>2019-07-30T18:17:24Z</time></trkpt><trkpt lat="41.141006" lon="-7.696254"><ele>84.259</ele><time>2019-07-30T18:17:25Z</time></trkpt><trkpt lat="41.140938" lon="-7.696683"><ele>83.882</ele><time>2019-07-30T18:17:27Z</time></trkpt><trkpt lat="41.140853" lon="-7.697111"><ele>82.843</ele><time>2019-07-30T18:17:29Z</time></trkpt><trkpt lat="41.140785" lon="-7.697533"><ele>81.917</ele><time>2019-07-30T18:17:31Z</time></trkpt><trkpt lat="41.140760" lon="-7.697734"><ele>80.808</ele><time>2019-07-30T18:17:32Z</time></trkpt><trkpt lat="41.140676" lon="-7.698102"><ele>79.581</ele><time>2019-07-30T18:17:34Z</time></trkpt><trkpt lat="41.140584" lon="-7.698436"><ele>79.127</ele><time>2019-07-30T18:17:36Z</time></trkpt><trkpt lat="41.140521" lon="-7.698700"><ele>78.151</ele><time>2019-07-30T18:17:38Z</time></trkpt><trkpt lat="41.140503" lon="-7.698872"><ele>75.647</ele><time>2019-07-30T18:17:40Z</time></trkpt><trkpt lat="41.140506" lon="-7.699074"><ele>74.858</ele><time>2019-07-30T18:17:42Z</time></trkpt><trkpt lat="41.140519" lon="-7.699193"><ele>74.361</ele><time>2019-07-30T18:17:43Z</time></trkpt><trkpt lat="41.140539" lon="-7.699328"><ele>74.551</ele><time>2019-07-30T18:17:44Z</time></trkpt><trkpt lat="41.140562" lon="-7.699479"><ele>74.014</ele><time>2019-07-30T18:17:45Z</time></trkpt><trkpt lat="41.140605" lon="-7.699639"><ele>73.769</ele><time>2019-07-30T18:17:46Z</time></trkpt><trkpt lat="41.140644" lon="-7.699807"><ele>73.504</ele><time>2019-07-30T18:17:47Z</time></trkpt><trkpt lat="41.140717" lon="-7.700163"><ele>73.524</ele><time>2019-07-30T18:17:49Z</time></trkpt><trkpt lat="41.140786" lon="-7.700456"><ele>73.408</ele><time>2019-07-30T18:17:51Z</time></trkpt><trkpt lat="41.140807" lon="-7.700548"><ele>73.649</ele><time>2019-07-30T18:17:52Z</time></trkpt><trkpt lat="41.140813" lon="-7.700633"><ele>73.365</ele><time>2019-07-30T18:17:53Z</time></trkpt><trkpt lat="41.140833" lon="-7.700705"><ele>73.899</ele><time>2019-07-30T18:17:54Z</time></trkpt><trkpt lat="41.140876" lon="-7.700884"><ele>73.835</ele><time>2019-07-30T18:17:56Z</time></trkpt><trkpt lat="41.140924" lon="-7.701120"><ele>74.686</ele><time>2019-07-30T18:17:58Z</time></trkpt><trkpt lat="41.140954" lon="-7.701237"><ele>74.899</ele><time>2019-07-30T18:17:59Z</time></trkpt><trkpt lat="41.141026" lon="-7.701535"><ele>74.639</ele><time>2019-07-30T18:18:02Z</time></trkpt><trkpt lat="41.141100" lon="-7.701861"><ele>75.392</ele><time>2019-07-30T18:18:03Z</time></trkpt><trkpt lat="41.141145" lon="-7.702044"><ele>76.133</ele><time>2019-07-30T18:18:04Z</time></trkpt><trkpt lat="41.141194" lon="-7.702230"><ele>76.123</ele><time>2019-07-30T18:18:05Z</time></trkpt><trkpt lat="41.141294" lon="-7.702635"><ele>75.915</ele><time>2019-07-30T18:18:07Z</time></trkpt><trkpt lat="41.141405" lon="-7.703075"><ele>75.608</ele><time>2019-07-30T18:18:09Z</time></trkpt><trkpt lat="41.141490" lon="-7.703284"><ele>77.236</ele><time>2019-07-30T18:18:10Z</time></trkpt><trkpt lat="41.141682" lon="-7.703703"><ele>76.472</ele><time>2019-07-30T18:18:12Z</time></trkpt><trkpt lat="41.141843" lon="-7.704168"><ele>75.596</ele><time>2019-07-30T18:18:14Z</time></trkpt><trkpt lat="41.141915" lon="-7.704405"><ele>75.892</ele><time>2019-07-30T18:18:15Z</time></trkpt><trkpt lat="41.141987" lon="-7.704648"><ele>76.083</ele><time>2019-07-30T18:18:16Z</time></trkpt><trkpt lat="41.142129" lon="-7.705125"><ele>76.486</ele><time>2019-07-30T18:18:18Z</time></trkpt><trkpt lat="41.142286" lon="-7.705618"><ele>77.126</ele><time>2019-07-30T18:18:20Z</time></trkpt><trkpt lat="41.142358" lon="-7.705864"><ele>78.599</ele><time>2019-07-30T18:18:21Z</time></trkpt><trkpt lat="41.142415" lon="-7.706107"><ele>77.454</ele><time>2019-07-30T18:18:22Z</time></trkpt><trkpt lat="41.142475" lon="-7.706337"><ele>77.556</ele><time>2019-07-30T18:18:23Z</time></trkpt><trkpt lat="41.142523" lon="-7.706578"><ele>77.511</ele><time>2019-07-30T18:18:24Z</time></trkpt><trkpt lat="41.142606" lon="-7.707061"><ele>76.308</ele><time>2019-07-30T18:18:26Z</time></trkpt><trkpt lat="41.142633" lon="-7.707307"><ele>76.778</ele><time>2019-07-30T18:18:27Z</time></trkpt><trkpt lat="41.142665" lon="-7.707797"><ele>76.444</ele><time>2019-07-30T18:18:29Z</time></trkpt><trkpt lat="41.142696" lon="-7.708307"><ele>77.748</ele><time>2019-07-30T18:18:31Z</time></trkpt><trkpt lat="41.142729" lon="-7.708816"><ele>77.654</ele><time>2019-07-30T18:18:33Z</time></trkpt><trkpt lat="41.142755" lon="-7.709337"><ele>77.795</ele><time>2019-07-30T18:18:35Z</time></trkpt><trkpt lat="41.142759" lon="-7.709606"><ele>78.888</ele><time>2019-07-30T18:18:36Z</time></trkpt><trkpt lat="41.142795" lon="-7.710129"><ele>79.898</ele><time>2019-07-30T18:18:38Z</time></trkpt><trkpt lat="41.142836" lon="-7.710641"><ele>79.251</ele><time>2019-07-30T18:18:40Z</time></trkpt><trkpt lat="41.142860" lon="-7.710901"><ele>79.479</ele><time>2019-07-30T18:18:41Z</time></trkpt><trkpt lat="41.142922" lon="-7.711412"><ele>78.805</ele><time>2019-07-30T18:18:43Z</time></trkpt><trkpt lat="41.142967" lon="-7.711665"><ele>80.025</ele><time>2019-07-30T18:18:44Z</time></trkpt><trkpt lat="41.143071" lon="-7.712188"><ele>80.008</ele><time>2019-07-30T18:18:46Z</time></trkpt><trkpt lat="41.143159" lon="-7.712694"><ele>78.240</ele><time>2019-07-30T18:18:48Z</time></trkpt><trkpt lat="41.143241" lon="-7.713234"><ele>77.626</ele><time>2019-07-30T18:18:50Z</time></trkpt><trkpt lat="41.143328" lon="-7.713733"><ele>77.650</ele><time>2019-07-30T18:18:52Z</time></trkpt><trkpt lat="41.143429" lon="-7.714250"><ele>77.496</ele><time>2019-07-30T18:18:54Z</time></trkpt><trkpt lat="41.143480" lon="-7.714495"><ele>76.997</ele><time>2019-07-30T18:18:55Z</time></trkpt><trkpt lat="41.143526" lon="-7.714754"><ele>76.540</ele><time>2019-07-30T18:18:56Z</time></trkpt><trkpt lat="41.143612" lon="-7.715268"><ele>76.290</ele><time>2019-07-30T18:18:58Z</time></trkpt><trkpt lat="41.143622" lon="-7.715541"><ele>74.973</ele><time>2019-07-30T18:18:59Z</time></trkpt><trkpt lat="41.143659" lon="-7.716064"><ele>73.577</ele><time>2019-07-30T18:19:01Z</time></trkpt><trkpt lat="41.143671" lon="-7.716335"><ele>74.061</ele><time>2019-07-30T18:19:02Z</time></trkpt><trkpt lat="41.143708" lon="-7.716860"><ele>75.827</ele><time>2019-07-30T18:19:04Z</time></trkpt><trkpt lat="41.143731" lon="-7.717134"><ele>76.508</ele><time>2019-07-30T18:19:05Z</time></trkpt><trkpt lat="41.143781" lon="-7.717662"><ele>75.510</ele><time>2019-07-30T18:19:07Z</time></trkpt><trkpt lat="41.143818" lon="-7.718191"><ele>76.396</ele><time>2019-07-30T18:19:09Z</time></trkpt><trkpt lat="41.143841" lon="-7.718710"><ele>75.920</ele><time>2019-07-30T18:19:11Z</time></trkpt><trkpt lat="41.143861" lon="-7.719234"><ele>75.416</ele><time>2019-07-30T18:19:13Z</time></trkpt><trkpt lat="41.143860" lon="-7.719488"><ele>75.467</ele><time>2019-07-30T18:19:14Z</time></trkpt><trkpt lat="41.143881" lon="-7.720009"><ele>75.620</ele><time>2019-07-30T18:19:16Z</time></trkpt><trkpt lat="41.143896" lon="-7.720264"><ele>76.520</ele><time>2019-07-30T18:19:17Z</time></trkpt><trkpt lat="41.143921" lon="-7.720776"><ele>77.963</ele><time>2019-07-30T18:19:19Z</time></trkpt><trkpt lat="41.143943" lon="-7.721024"><ele>78.916</ele><time>2019-07-30T18:19:20Z</time></trkpt><trkpt lat="41.143966" lon="-7.721545"><ele>79.376</ele><time>2019-07-30T18:19:22Z</time></trkpt><trkpt lat="41.143975" lon="-7.721793"><ele>79.113</ele><time>2019-07-30T18:19:23Z</time></trkpt><trkpt lat="41.144000" lon="-7.722272"><ele>78.808</ele><time>2019-07-30T18:19:25Z</time></trkpt><trkpt lat="41.144022" lon="-7.722737"><ele>77.334</ele><time>2019-07-30T18:19:27Z</time></trkpt><trkpt lat="41.144038" lon="-7.723195"><ele>76.290</ele><time>2019-07-30T18:19:29Z</time></trkpt><trkpt lat="41.144041" lon="-7.723662"><ele>76.874</ele><time>2019-07-30T18:19:31Z</time></trkpt><trkpt lat="41.144053" lon="-7.723897"><ele>76.310</ele><time>2019-07-30T18:19:32Z</time></trkpt><trkpt lat="41.144072" lon="-7.724377"><ele>76.681</ele><time>2019-07-30T18:19:34Z</time></trkpt><trkpt lat="41.144073" lon="-7.724848"><ele>76.264</ele><time>2019-07-30T18:19:36Z</time></trkpt><trkpt lat="41.144080" lon="-7.725078"><ele>75.414</ele><time>2019-07-30T18:19:37Z</time></trkpt><trkpt lat="41.144080" lon="-7.725307"><ele>75.797</ele><time>2019-07-30T18:19:38Z</time></trkpt><trkpt lat="41.144091" lon="-7.725534"><ele>75.399</ele><time>2019-07-30T18:19:39Z</time></trkpt><trkpt lat="41.144099" lon="-7.726009"><ele>75.507</ele><time>2019-07-30T18:19:41Z</time></trkpt><trkpt lat="41.144122" lon="-7.726474"><ele>76.127</ele><time>2019-07-30T18:19:43Z</time></trkpt><trkpt lat="41.144160" lon="-7.726696"><ele>76.708</ele><time>2019-07-30T18:19:44Z</time></trkpt><trkpt lat="41.144187" lon="-7.726901"><ele>76.992</ele><time>2019-07-30T18:19:45Z</time></trkpt><trkpt lat="41.144240" lon="-7.727320"><ele>78.448</ele><time>2019-07-30T18:19:47Z</time></trkpt><trkpt lat="41.144260" lon="-7.727772"><ele>79.152</ele><time>2019-07-30T18:19:49Z</time></trkpt><trkpt lat="41.144250" lon="-7.727995"><ele>78.088</ele><time>2019-07-30T18:19:50Z</time></trkpt><trkpt lat="41.144257" lon="-7.728432"><ele>77.819</ele><time>2019-07-30T18:19:52Z</time></trkpt><trkpt lat="41.144257" lon="-7.728662"><ele>76.412</ele><time>2019-07-30T18:19:53Z</time></trkpt><trkpt lat="41.144279" lon="-7.729101"><ele>75.682</ele><time>2019-07-30T18:19:55Z</time></trkpt><trkpt lat="41.144278" lon="-7.729326"><ele>74.835</ele><time>2019-07-30T18:19:56Z</time></trkpt><trkpt lat="41.144292" lon="-7.729545"><ele>74.675</ele><time>2019-07-30T18:19:57Z</time></trkpt><trkpt lat="41.144307" lon="-7.729744"><ele>74.328</ele><time>2019-07-30T18:19:58Z</time></trkpt><trkpt lat="41.144334" lon="-7.730152"><ele>74.520</ele><time>2019-07-30T18:20:00Z</time></trkpt><trkpt lat="41.144347" lon="-7.730563"><ele>73.008</ele><time>2019-07-30T18:20:02Z</time></trkpt><trkpt lat="41.144353" lon="-7.730761"><ele>73.030</ele><time>2019-07-30T18:20:03Z</time></trkpt><trkpt lat="41.144284" lon="-7.731128"><ele>71.046</ele><time>2019-07-30T18:20:05Z</time></trkpt><trkpt lat="41.144266" lon="-7.731304"><ele>70.830</ele><time>2019-07-30T18:20:06Z</time></trkpt><trkpt lat="41.144241" lon="-7.731490"><ele>70.976</ele><time>2019-07-30T18:20:07Z</time></trkpt><trkpt lat="41.144170" lon="-7.731866"><ele>72.487</ele><time>2019-07-30T18:20:09Z</time></trkpt><trkpt lat="41.144118" lon="-7.732044"><ele>72.940</ele><time>2019-07-30T18:20:10Z</time></trkpt><trkpt lat="41.144080" lon="-7.732227"><ele>72.960</ele><time>2019-07-30T18:20:11Z</time></trkpt><trkpt lat="41.144016" lon="-7.732604"><ele>73.113</ele><time>2019-07-30T18:20:13Z</time></trkpt><trkpt lat="41.143992" lon="-7.733000"><ele>74.115</ele><time>2019-07-30T18:20:15Z</time></trkpt><trkpt lat="41.143997" lon="-7.733179"><ele>73.365</ele><time>2019-07-30T18:20:16Z</time></trkpt><trkpt lat="41.143978" lon="-7.733546"><ele>72.511</ele><time>2019-07-30T18:20:18Z</time></trkpt><trkpt lat="41.143980" lon="-7.733726"><ele>72.708</ele><time>2019-07-30T18:20:19Z</time></trkpt><trkpt lat="41.143977" lon="-7.733897"><ele>72.144</ele><time>2019-07-30T18:20:20Z</time></trkpt><trkpt lat="41.143960" lon="-7.734280"><ele>73.270</ele><time>2019-07-30T18:20:22Z</time></trkpt><trkpt lat="41.143945" lon="-7.734465"><ele>72.944</ele><time>2019-07-30T18:20:23Z</time></trkpt><trkpt lat="41.143930" lon="-7.734824"><ele>71.280</ele><time>2019-07-30T18:20:25Z</time></trkpt><trkpt lat="41.143893" lon="-7.735227"><ele>70.591</ele><time>2019-07-30T18:20:27Z</time></trkpt><trkpt lat="41.143903" lon="-7.735404"><ele>70.234</ele><time>2019-07-30T18:20:28Z</time></trkpt><trkpt lat="41.143898" lon="-7.735589"><ele>70.164</ele><time>2019-07-30T18:20:29Z</time></trkpt><trkpt lat="41.143905" lon="-7.735949"><ele>68.797</ele><time>2019-07-30T18:20:31Z</time></trkpt><trkpt lat="41.143930" lon="-7.736133"><ele>67.856</ele><time>2019-07-30T18:20:32Z</time></trkpt><trkpt lat="41.143988" lon="-7.736563"><ele>66.659</ele><time>2019-07-30T18:20:34Z</time></trkpt><trkpt lat="41.144083" lon="-7.737012"><ele>67.414</ele><time>2019-07-30T18:20:36Z</time></trkpt><trkpt lat="41.144131" lon="-7.737244"><ele>66.908</ele><time>2019-07-30T18:20:37Z</time></trkpt><trkpt lat="41.144212" lon="-7.737705"><ele>70.138</ele><time>2019-07-30T18:20:39Z</time></trkpt><trkpt lat="41.144254" lon="-7.737921"><ele>70.334</ele><time>2019-07-30T18:20:40Z</time></trkpt><trkpt lat="41.144316" lon="-7.738318"><ele>70.838</ele><time>2019-07-30T18:20:42Z</time></trkpt><trkpt lat="41.144346" lon="-7.738517"><ele>70.944</ele><time>2019-07-30T18:20:43Z</time></trkpt><trkpt lat="41.144407" lon="-7.738892"><ele>72.085</ele><time>2019-07-30T18:20:45Z</time></trkpt><trkpt lat="41.144439" lon="-7.739075"><ele>73.288</ele><time>2019-07-30T18:20:46Z</time></trkpt><trkpt lat="41.144466" lon="-7.739251"><ele>73.798</ele><time>2019-07-30T18:20:47Z</time></trkpt><trkpt lat="41.144512" lon="-7.739564"><ele>73.641</ele><time>2019-07-30T18:20:49Z</time></trkpt><trkpt lat="41.144569" lon="-7.739785"><ele>73.814</ele><time>2019-07-30T18:20:51Z</time></trkpt><trkpt lat="41.144598" lon="-7.740005"><ele>72.954</ele><time>2019-07-30T18:20:53Z</time></trkpt><trkpt lat="41.144636" lon="-7.740210"><ele>73.009</ele><time>2019-07-30T18:20:55Z</time></trkpt><trkpt lat="41.144645" lon="-7.740314"><ele>72.908</ele><time>2019-07-30T18:20:56Z</time></trkpt><trkpt lat="41.144652" lon="-7.740529"><ele>74.174</ele><time>2019-07-30T18:20:58Z</time></trkpt><trkpt lat="41.144665" lon="-7.740766"><ele>74.270</ele><time>2019-07-30T18:21:00Z</time></trkpt><trkpt lat="41.144689" lon="-7.741020"><ele>74.244</ele><time>2019-07-30T18:21:02Z</time></trkpt><trkpt lat="41.144704" lon="-7.741152"><ele>74.440</ele><time>2019-07-30T18:21:03Z</time></trkpt><trkpt lat="41.144739" lon="-7.741447"><ele>73.631</ele><time>2019-07-30T18:21:05Z</time></trkpt><trkpt lat="41.144751" lon="-7.741598"><ele>73.454</ele><time>2019-07-30T18:21:06Z</time></trkpt><trkpt lat="41.144771" lon="-7.741745"><ele>72.624</ele><time>2019-07-30T18:21:07Z</time></trkpt><trkpt lat="41.144832" lon="-7.742062"><ele>72.677</ele><time>2019-07-30T18:21:09Z</time></trkpt><trkpt lat="41.144871" lon="-7.742225"><ele>72.677</ele><time>2019-07-30T18:21:10Z</time></trkpt><trkpt lat="41.144999" lon="-7.742539"><ele>72.561</ele><time>2019-07-30T18:21:12Z</time></trkpt><trkpt lat="41.145053" lon="-7.742682"><ele>72.327</ele><time>2019-07-30T18:21:13Z</time></trkpt><trkpt lat="41.145159" lon="-7.742965"><ele>71.708</ele><time>2019-07-30T18:21:15Z</time></trkpt><trkpt lat="41.145254" lon="-7.743218"><ele>70.150</ele><time>2019-07-30T18:21:17Z</time></trkpt><trkpt lat="41.145330" lon="-7.743414"><ele>69.446</ele><time>2019-07-30T18:21:19Z</time></trkpt><trkpt lat="41.145401" lon="-7.743534"><ele>69.130</ele><time>2019-07-30T18:21:21Z</time></trkpt><trkpt lat="41.145453" lon="-7.743583"><ele>67.896</ele><time>2019-07-30T18:21:23Z</time></trkpt><trkpt lat="41.145514" lon="-7.743577"><ele>63.237</ele><time>2019-07-30T18:22:05Z</time></trkpt><trkpt lat="41.145506" lon="-7.743650"><ele>64.990</ele><time>2019-07-30T18:23:10Z</time></trkpt><trkpt lat="41.145484" lon="-7.743596"><ele>64.950</ele><time>2019-07-30T18:24:07Z</time></trkpt><trkpt lat="41.145493" lon="-7.743663"><ele>66.753</ele><time>2019-07-30T18:25:33Z</time></trkpt><trkpt lat="41.145533" lon="-7.743758"><ele>66.817</ele><time>2019-07-30T18:25:35Z</time></trkpt><trkpt lat="41.145558" lon="-7.743829"><ele>66.487</ele><time>2019-07-30T18:25:36Z</time></trkpt><trkpt lat="41.145586" lon="-7.743912"><ele>65.815</ele><time>2019-07-30T18:25:37Z</time></trkpt><trkpt lat="41.145667" lon="-7.744129"><ele>65.308</ele><time>2019-07-30T18:25:39Z</time></trkpt><trkpt lat="41.145711" lon="-7.744240"><ele>65.614</ele><time>2019-07-30T18:25:40Z</time></trkpt><trkpt lat="41.145772" lon="-7.744348"><ele>64.940</ele><time>2019-07-30T18:25:41Z</time></trkpt><trkpt lat="41.145886" lon="-7.744616"><ele>64.684</ele><time>2019-07-30T18:25:43Z</time></trkpt><trkpt lat="41.145996" lon="-7.744901"><ele>65.090</ele><time>2019-07-30T18:25:45Z</time></trkpt><trkpt lat="41.146123" lon="-7.745204"><ele>63.161</ele><time>2019-07-30T18:25:47Z</time></trkpt><trkpt lat="41.146185" lon="-7.745356"><ele>63.254</ele><time>2019-07-30T18:25:48Z</time></trkpt><trkpt lat="41.146285" lon="-7.745639"><ele>61.444</ele><time>2019-07-30T18:25:50Z</time></trkpt><trkpt lat="41.146339" lon="-7.745790"><ele>62.467</ele><time>2019-07-30T18:25:51Z</time></trkpt><trkpt lat="41.146411" lon="-7.745927"><ele>61.562</ele><time>2019-07-30T18:25:52Z</time></trkpt><trkpt lat="41.146484" lon="-7.746064"><ele>62.683</ele><time>2019-07-30T18:25:53Z</time></trkpt><trkpt lat="41.146645" lon="-7.746340"><ele>62.311</ele><time>2019-07-30T18:25:55Z</time></trkpt><trkpt lat="41.146729" lon="-7.746470"><ele>63.008</ele><time>2019-07-30T18:25:56Z</time></trkpt><trkpt lat="41.146820" lon="-7.746594"><ele>64.479</ele><time>2019-07-30T18:25:57Z</time></trkpt><trkpt lat="41.146895" lon="-7.746729"><ele>63.775</ele><time>2019-07-30T18:25:58Z</time></trkpt><trkpt lat="41.147050" lon="-7.747031"><ele>63.719</ele><time>2019-07-30T18:26:00Z</time></trkpt><trkpt lat="41.147188" lon="-7.747357"><ele>64.715</ele><time>2019-07-30T18:26:02Z</time></trkpt><trkpt lat="41.147261" lon="-7.747518"><ele>63.676</ele><time>2019-07-30T18:26:03Z</time></trkpt><trkpt lat="41.147402" lon="-7.747839"><ele>62.479</ele><time>2019-07-30T18:26:05Z</time></trkpt><trkpt lat="41.147467" lon="-7.748006"><ele>62.789</ele><time>2019-07-30T18:26:06Z</time></trkpt><trkpt lat="41.147605" lon="-7.748307"><ele>63.882</ele><time>2019-07-30T18:26:08Z</time></trkpt><trkpt lat="41.147665" lon="-7.748454"><ele>63.757</ele><time>2019-07-30T18:26:09Z</time></trkpt><trkpt lat="41.147750" lon="-7.748778"><ele>62.000</ele><time>2019-07-30T18:26:11Z</time></trkpt><trkpt lat="41.147844" lon="-7.749118"><ele>61.320</ele><time>2019-07-30T18:26:13Z</time></trkpt><trkpt lat="41.147941" lon="-7.749454"><ele>61.108</ele><time>2019-07-30T18:26:15Z</time></trkpt><trkpt lat="41.147994" lon="-7.749616"><ele>61.658</ele><time>2019-07-30T18:26:16Z</time></trkpt><trkpt lat="41.148103" lon="-7.749900"><ele>63.274</ele><time>2019-07-30T18:26:18Z</time></trkpt><trkpt lat="41.148142" lon="-7.750068"><ele>64.168</ele><time>2019-07-30T18:26:19Z</time></trkpt><trkpt lat="41.148171" lon="-7.750213"><ele>64.254</ele><time>2019-07-30T18:26:20Z</time></trkpt><trkpt lat="41.148237" lon="-7.750506"><ele>62.835</ele><time>2019-07-30T18:26:22Z</time></trkpt><trkpt lat="41.148282" lon="-7.750807"><ele>62.838</ele><time>2019-07-30T18:26:24Z</time></trkpt><trkpt lat="41.148306" lon="-7.750956"><ele>63.038</ele><time>2019-07-30T18:26:25Z</time></trkpt><trkpt lat="41.148346" lon="-7.751111"><ele>62.231</ele><time>2019-07-30T18:26:26Z</time></trkpt><trkpt lat="41.148461" lon="-7.751413"><ele>64.094</ele><time>2019-07-30T18:26:28Z</time></trkpt><trkpt lat="41.148518" lon="-7.751571"><ele>64.757</ele><time>2019-07-30T18:26:29Z</time></trkpt><trkpt lat="41.148598" lon="-7.751701"><ele>63.722</ele><time>2019-07-30T18:26:30Z</time></trkpt><trkpt lat="41.148684" lon="-7.752018"><ele>64.508</ele><time>2019-07-30T18:26:32Z</time></trkpt><trkpt lat="41.148750" lon="-7.752352"><ele>65.352</ele><time>2019-07-30T18:26:34Z</time></trkpt><trkpt lat="41.148821" lon="-7.752690"><ele>66.748</ele><time>2019-07-30T18:26:36Z</time></trkpt><trkpt lat="41.148875" lon="-7.752850"><ele>66.442</ele><time>2019-07-30T18:26:37Z</time></trkpt><trkpt lat="41.148970" lon="-7.753192"><ele>65.398</ele><time>2019-07-30T18:26:39Z</time></trkpt><trkpt lat="41.148997" lon="-7.753363"><ele>64.149</ele><time>2019-07-30T18:26:40Z</time></trkpt><trkpt lat="41.149030" lon="-7.753544"><ele>63.822</ele><time>2019-07-30T18:26:41Z</time></trkpt><trkpt lat="41.149068" lon="-7.753725"><ele>63.212</ele><time>2019-07-30T18:26:42Z</time></trkpt><trkpt lat="41.149144" lon="-7.754063"><ele>64.025</ele><time>2019-07-30T18:26:44Z</time></trkpt><trkpt lat="41.149197" lon="-7.754229"><ele>63.815</ele><time>2019-07-30T18:26:45Z</time></trkpt><trkpt lat="41.149323" lon="-7.754538"><ele>62.565</ele><time>2019-07-30T18:26:47Z</time></trkpt><trkpt lat="41.149425" lon="-7.754840"><ele>59.711</ele><time>2019-07-30T18:26:49Z</time></trkpt><trkpt lat="41.149472" lon="-7.755011"><ele>59.408</ele><time>2019-07-30T18:26:50Z</time></trkpt><trkpt lat="41.149573" lon="-7.755354"><ele>57.434</ele><time>2019-07-30T18:26:52Z</time></trkpt><trkpt lat="41.149621" lon="-7.755520"><ele>55.770</ele><time>2019-07-30T18:26:53Z</time></trkpt><trkpt lat="41.149669" lon="-7.755892"><ele>56.494</ele><time>2019-07-30T18:26:55Z</time></trkpt><trkpt lat="41.149719" lon="-7.756292"><ele>57.510</ele><time>2019-07-30T18:26:57Z</time></trkpt><trkpt lat="41.149766" lon="-7.756488"><ele>58.511</ele><time>2019-07-30T18:26:58Z</time></trkpt><trkpt lat="41.149862" lon="-7.756864"><ele>58.184</ele><time>2019-07-30T18:27:00Z</time></trkpt><trkpt lat="41.149921" lon="-7.757071"><ele>58.224</ele><time>2019-07-30T18:27:01Z</time></trkpt><trkpt lat="41.150008" lon="-7.757444"><ele>58.957</ele><time>2019-07-30T18:27:03Z</time></trkpt><trkpt lat="41.150107" lon="-7.757804"><ele>60.492</ele><time>2019-07-30T18:27:05Z</time></trkpt><trkpt lat="41.150183" lon="-7.758162"><ele>60.973</ele><time>2019-07-30T18:27:07Z</time></trkpt><trkpt lat="41.150230" lon="-7.758516"><ele>59.920</ele><time>2019-07-30T18:27:09Z</time></trkpt><trkpt lat="41.150270" lon="-7.758681"><ele>59.108</ele><time>2019-07-30T18:27:10Z</time></trkpt><trkpt lat="41.150333" lon="-7.759029"><ele>59.832</ele><time>2019-07-30T18:27:12Z</time></trkpt><trkpt lat="41.150443" lon="-7.759347"><ele>59.548</ele><time>2019-07-30T18:27:14Z</time></trkpt><trkpt lat="41.150495" lon="-7.759517"><ele>59.042</ele><time>2019-07-30T18:27:15Z</time></trkpt><trkpt lat="41.150603" lon="-7.759845"><ele>57.228</ele><time>2019-07-30T18:27:17Z</time></trkpt><trkpt lat="41.150650" lon="-7.760009"><ele>55.979</ele><time>2019-07-30T18:27:18Z</time></trkpt><trkpt lat="41.150731" lon="-7.760405"><ele>56.182</ele><time>2019-07-30T18:27:20Z</time></trkpt><trkpt lat="41.150779" lon="-7.760838"><ele>57.042</ele><time>2019-07-30T18:27:22Z</time></trkpt><trkpt lat="41.150844" lon="-7.761291"><ele>57.715</ele><time>2019-07-30T18:27:24Z</time></trkpt><trkpt lat="41.150863" lon="-7.761537"><ele>57.094</ele><time>2019-07-30T18:27:25Z</time></trkpt><trkpt lat="41.150922" lon="-7.762000"><ele>58.157</ele><time>2019-07-30T18:27:27Z</time></trkpt><trkpt lat="41.150950" lon="-7.762217"><ele>58.622</ele><time>2019-07-30T18:27:28Z</time></trkpt><trkpt lat="41.150978" lon="-7.762438"><ele>59.108</ele><time>2019-07-30T18:27:29Z</time></trkpt><trkpt lat="41.151002" lon="-7.762649"><ele>59.152</ele><time>2019-07-30T18:27:30Z</time></trkpt><trkpt lat="41.151056" lon="-7.763077"><ele>59.968</ele><time>2019-07-30T18:27:32Z</time></trkpt><trkpt lat="41.151080" lon="-7.763289"><ele>59.282</ele><time>2019-07-30T18:27:33Z</time></trkpt><trkpt lat="41.151113" lon="-7.763483"><ele>60.078</ele><time>2019-07-30T18:27:34Z</time></trkpt><trkpt lat="41.151160" lon="-7.763697"><ele>59.479</ele><time>2019-07-30T18:27:35Z</time></trkpt><trkpt lat="41.151230" lon="-7.764103"><ele>59.412</ele><time>2019-07-30T18:27:37Z</time></trkpt><trkpt lat="41.151292" lon="-7.764504"><ele>58.942</ele><time>2019-07-30T18:27:39Z</time></trkpt><trkpt lat="41.151326" lon="-7.764695"><ele>58.855</ele><time>2019-07-30T18:27:40Z</time></trkpt><trkpt lat="41.151335" lon="-7.764899"><ele>58.824</ele><time>2019-07-30T18:27:41Z</time></trkpt><trkpt lat="41.151361" lon="-7.765115"><ele>58.704</ele><time>2019-07-30T18:27:42Z</time></trkpt><trkpt lat="41.151376" lon="-7.765569"><ele>60.114</ele><time>2019-07-30T18:27:44Z</time></trkpt><trkpt lat="41.151407" lon="-7.765790"><ele>59.508</ele><time>2019-07-30T18:27:45Z</time></trkpt><trkpt lat="41.151419" lon="-7.766018"><ele>60.775</ele><time>2019-07-30T18:27:46Z</time></trkpt><trkpt lat="41.151419" lon="-7.766478"><ele>61.171</ele><time>2019-07-30T18:27:48Z</time></trkpt><trkpt lat="41.151439" lon="-7.766926"><ele>61.625</ele><time>2019-07-30T18:27:50Z</time></trkpt><trkpt lat="41.151440" lon="-7.767376"><ele>61.181</ele><time>2019-07-30T18:27:52Z</time></trkpt><trkpt lat="41.151433" lon="-7.767796"><ele>61.692</ele><time>2019-07-30T18:27:54Z</time></trkpt><trkpt lat="41.151427" lon="-7.768185"><ele>61.525</ele><time>2019-07-30T18:27:56Z</time></trkpt><trkpt lat="41.151472" lon="-7.768560"><ele>61.395</ele><time>2019-07-30T18:27:58Z</time></trkpt><trkpt lat="41.151488" lon="-7.768739"><ele>59.238</ele><time>2019-07-30T18:27:59Z</time></trkpt><trkpt lat="41.151527" lon="-7.769130"><ele>58.213</ele><time>2019-07-30T18:28:01Z</time></trkpt><trkpt lat="41.151538" lon="-7.769336"><ele>57.843</ele><time>2019-07-30T18:28:02Z</time></trkpt><trkpt lat="41.151571" lon="-7.769712"><ele>56.107</ele><time>2019-07-30T18:28:04Z</time></trkpt><trkpt lat="41.151562" lon="-7.769916"><ele>54.008</ele><time>2019-07-30T18:28:05Z</time></trkpt><trkpt lat="41.151581" lon="-7.770305"><ele>56.584</ele><time>2019-07-30T18:28:07Z</time></trkpt><trkpt lat="41.151604" lon="-7.770686"><ele>56.910</ele><time>2019-07-30T18:28:09Z</time></trkpt><trkpt lat="41.151604" lon="-7.771053"><ele>57.344</ele><time>2019-07-30T18:28:11Z</time></trkpt><trkpt lat="41.151609" lon="-7.771229"><ele>56.660</ele><time>2019-07-30T18:28:12Z</time></trkpt><trkpt lat="41.151617" lon="-7.771609"><ele>57.461</ele><time>2019-07-30T18:28:14Z</time></trkpt><trkpt lat="41.151631" lon="-7.771789"><ele>57.224</ele><time>2019-07-30T18:28:15Z</time></trkpt><trkpt lat="41.151656" lon="-7.772141"><ele>57.424</ele><time>2019-07-30T18:28:17Z</time></trkpt><trkpt lat="41.151679" lon="-7.772306"><ele>57.637</ele><time>2019-07-30T18:28:18Z</time></trkpt><trkpt lat="41.151694" lon="-7.772615"><ele>54.888</ele><time>2019-07-30T18:28:20Z</time></trkpt><trkpt lat="41.151664" lon="-7.772956"><ele>54.324</ele><time>2019-07-30T18:28:22Z</time></trkpt><trkpt lat="41.151632" lon="-7.773128"><ele>52.626</ele><time>2019-07-30T18:28:23Z</time></trkpt><trkpt lat="41.151575" lon="-7.773467"><ele>51.508</ele><time>2019-07-30T18:28:25Z</time></trkpt><trkpt lat="41.151536" lon="-7.773659"><ele>52.461</ele><time>2019-07-30T18:28:26Z</time></trkpt><trkpt lat="41.151507" lon="-7.773833"><ele>52.567</ele><time>2019-07-30T18:28:27Z</time></trkpt><trkpt lat="41.151477" lon="-7.774009"><ele>54.171</ele><time>2019-07-30T18:28:28Z</time></trkpt><trkpt lat="41.151428" lon="-7.774342"><ele>53.297</ele><time>2019-07-30T18:28:30Z</time></trkpt><trkpt lat="41.151363" lon="-7.774673"><ele>51.938</ele><time>2019-07-30T18:28:32Z</time></trkpt><trkpt lat="41.151330" lon="-7.774995"><ele>51.411</ele><time>2019-07-30T18:28:34Z</time></trkpt><trkpt lat="41.151336" lon="-7.775153"><ele>51.711</ele><time>2019-07-30T18:28:35Z</time></trkpt><trkpt lat="41.151364" lon="-7.775487"><ele>52.124</ele><time>2019-07-30T18:28:37Z</time></trkpt><trkpt lat="41.151398" lon="-7.775657"><ele>52.728</ele><time>2019-07-30T18:28:38Z</time></trkpt><trkpt lat="41.151489" lon="-7.776008"><ele>51.789</ele><time>2019-07-30T18:28:40Z</time></trkpt><trkpt lat="41.151571" lon="-7.776354"><ele>52.517</ele><time>2019-07-30T18:28:42Z</time></trkpt><trkpt lat="41.151615" lon="-7.776532"><ele>53.208</ele><time>2019-07-30T18:28:43Z</time></trkpt><trkpt lat="41.151709" lon="-7.776878"><ele>51.625</ele><time>2019-07-30T18:28:45Z</time></trkpt><trkpt lat="41.151755" lon="-7.777054"><ele>51.821</ele><time>2019-07-30T18:28:46Z</time></trkpt><trkpt lat="41.151797" lon="-7.777231"><ele>52.015</ele><time>2019-07-30T18:28:47Z</time></trkpt><trkpt lat="41.151884" lon="-7.777582"><ele>54.141</ele><time>2019-07-30T18:28:49Z</time></trkpt><trkpt lat="41.151953" lon="-7.777945"><ele>55.652</ele><time>2019-07-30T18:28:51Z</time></trkpt><trkpt lat="41.151997" lon="-7.778111"><ele>55.945</ele><time>2019-07-30T18:28:52Z</time></trkpt><trkpt lat="41.152083" lon="-7.778445"><ele>57.845</ele><time>2019-07-30T18:28:54Z</time></trkpt><trkpt lat="41.152186" lon="-7.778781"><ele>57.958</ele><time>2019-07-30T18:28:56Z</time></trkpt><trkpt lat="41.152245" lon="-7.778941"><ele>57.383</ele><time>2019-07-30T18:28:57Z</time></trkpt><trkpt lat="41.152296" lon="-7.779104"><ele>57.025</ele><time>2019-07-30T18:28:58Z</time></trkpt><trkpt lat="41.152400" lon="-7.779438"><ele>57.517</ele><time>2019-07-30T18:29:00Z</time></trkpt><trkpt lat="41.152508" lon="-7.779744"><ele>57.808</ele><time>2019-07-30T18:29:02Z</time></trkpt><trkpt lat="41.152605" lon="-7.780042"><ele>57.021</ele><time>2019-07-30T18:29:04Z</time></trkpt><trkpt lat="41.152656" lon="-7.780191"><ele>57.797</ele><time>2019-07-30T18:29:05Z</time></trkpt><trkpt lat="41.152775" lon="-7.780459"><ele>58.281</ele><time>2019-07-30T18:29:07Z</time></trkpt><trkpt lat="41.152833" lon="-7.780597"><ele>57.877</ele><time>2019-07-30T18:29:08Z</time></trkpt><trkpt lat="41.152941" lon="-7.780867"><ele>57.548</ele><time>2019-07-30T18:29:10Z</time></trkpt><trkpt lat="41.152991" lon="-7.780997"><ele>56.831</ele><time>2019-07-30T18:29:11Z</time></trkpt><trkpt lat="41.153037" lon="-7.781142"><ele>57.251</ele><time>2019-07-30T18:29:12Z</time></trkpt><trkpt lat="41.153073" lon="-7.781271"><ele>58.154</ele><time>2019-07-30T18:29:13Z</time></trkpt><trkpt lat="41.153159" lon="-7.781495"><ele>58.454</ele><time>2019-07-30T18:29:15Z</time></trkpt><trkpt lat="41.153201" lon="-7.781602"><ele>59.556</ele><time>2019-07-30T18:29:16Z</time></trkpt><trkpt lat="41.153240" lon="-7.781694"><ele>60.011</ele><time>2019-07-30T18:29:17Z</time></trkpt><trkpt lat="41.153273" lon="-7.781773"><ele>60.608</ele><time>2019-07-30T18:29:18Z</time></trkpt><trkpt lat="41.153312" lon="-7.781930"><ele>63.068</ele><time>2019-07-30T18:29:20Z</time></trkpt><trkpt lat="41.153304" lon="-7.782053"><ele>64.044</ele><time>2019-07-30T18:29:22Z</time></trkpt><trkpt lat="41.153247" lon="-7.782149"><ele>62.738</ele><time>2019-07-30T18:29:24Z</time></trkpt><trkpt lat="41.153188" lon="-7.782180"><ele>63.244</ele><time>2019-07-30T18:29:25Z</time></trkpt><trkpt lat="41.153082" lon="-7.782267"><ele>64.925</ele><time>2019-07-30T18:29:27Z</time></trkpt><trkpt lat="41.153023" lon="-7.782290"><ele>66.268</ele><time>2019-07-30T18:29:28Z</time></trkpt><trkpt lat="41.152896" lon="-7.782337"><ele>67.278</ele><time>2019-07-30T18:29:30Z</time></trkpt><trkpt lat="41.152833" lon="-7.782355"><ele>67.621</ele><time>2019-07-30T18:29:31Z</time></trkpt><trkpt lat="41.152757" lon="-7.782326"><ele>67.573</ele><time>2019-07-30T18:29:33Z</time></trkpt><trkpt lat="41.152711" lon="-7.782296"><ele>67.185</ele><time>2019-07-30T18:29:34Z</time></trkpt><trkpt lat="41.152616" lon="-7.782203"><ele>67.613</ele><time>2019-07-30T18:29:36Z</time></trkpt><trkpt lat="41.152520" lon="-7.782067"><ele>69.408</ele><time>2019-07-30T18:29:38Z</time></trkpt><trkpt lat="41.152399" lon="-7.781950"><ele>69.380</ele><time>2019-07-30T18:29:40Z</time></trkpt><trkpt lat="41.152331" lon="-7.781913"><ele>69.346</ele><time>2019-07-30T18:29:41Z</time></trkpt><trkpt lat="41.152204" lon="-7.781830"><ele>69.010</ele><time>2019-07-30T18:29:43Z</time></trkpt><trkpt lat="41.152126" lon="-7.781808"><ele>69.766</ele><time>2019-07-30T18:29:44Z</time></trkpt><trkpt lat="41.152012" lon="-7.781785"><ele>68.327</ele><time>2019-07-30T18:29:46Z</time></trkpt><trkpt lat="41.151957" lon="-7.781770"><ele>68.640</ele><time>2019-07-30T18:29:47Z</time></trkpt><trkpt lat="41.151864" lon="-7.781700"><ele>69.080</ele><time>2019-07-30T18:29:49Z</time></trkpt><trkpt lat="41.151861" lon="-7.781637"><ele>68.943</ele><time>2019-07-30T18:29:50Z</time></trkpt><trkpt lat="41.151864" lon="-7.781525"><ele>70.121</ele><time>2019-07-30T18:29:52Z</time></trkpt><trkpt lat="41.151959" lon="-7.781447"><ele>69.941</ele><time>2019-07-30T18:29:54Z</time></trkpt><trkpt lat="41.152085" lon="-7.781368"><ele>70.605</ele><time>2019-07-30T18:29:56Z</time></trkpt><trkpt lat="41.152241" lon="-7.781272"><ele>72.408</ele><time>2019-07-30T18:29:58Z</time></trkpt><trkpt lat="41.152432" lon="-7.781195"><ele>75.285</ele><time>2019-07-30T18:30:00Z</time></trkpt><trkpt lat="41.152515" lon="-7.781176"><ele>73.841</ele><time>2019-07-30T18:30:01Z</time></trkpt><trkpt lat="41.152689" lon="-7.781087"><ele>72.915</ele><time>2019-07-30T18:30:03Z</time></trkpt><trkpt lat="41.152776" lon="-7.781046"><ele>73.141</ele><time>2019-07-30T18:30:04Z</time></trkpt><trkpt lat="41.152967" lon="-7.780961"><ele>72.722</ele><time>2019-07-30T18:30:06Z</time></trkpt><trkpt lat="41.153049" lon="-7.780904"><ele>72.375</ele><time>2019-07-30T18:30:07Z</time></trkpt><trkpt lat="41.153198" lon="-7.780800"><ele>71.585</ele><time>2019-07-30T18:30:09Z</time></trkpt><trkpt lat="41.153362" lon="-7.780724"><ele>71.788</ele><time>2019-07-30T18:30:11Z</time></trkpt><trkpt lat="41.153442" lon="-7.780675"><ele>71.313</ele><time>2019-07-30T18:30:12Z</time></trkpt><trkpt lat="41.153608" lon="-7.780586"><ele>72.243</ele><time>2019-07-30T18:30:14Z</time></trkpt><trkpt lat="41.153688" lon="-7.780538"><ele>71.507</ele><time>2019-07-30T18:30:15Z</time></trkpt><trkpt lat="41.153845" lon="-7.780476"><ele>71.708</ele><time>2019-07-30T18:30:17Z</time></trkpt><trkpt lat="41.153898" lon="-7.780436"><ele>71.414</ele><time>2019-07-30T18:30:18Z</time></trkpt><trkpt lat="41.154048" lon="-7.780364"><ele>74.290</ele><time>2019-07-30T18:30:20Z</time></trkpt><trkpt lat="41.154115" lon="-7.780325"><ele>74.264</ele><time>2019-07-30T18:30:21Z</time></trkpt><trkpt lat="41.154266" lon="-7.780245"><ele>76.690</ele><time>2019-07-30T18:30:23Z</time></trkpt><trkpt lat="41.154337" lon="-7.780219"><ele>77.221</ele><time>2019-07-30T18:30:24Z</time></trkpt><trkpt lat="41.154483" lon="-7.780148"><ele>80.244</ele><time>2019-07-30T18:30:26Z</time></trkpt><trkpt lat="41.154633" lon="-7.780068"><ele>78.164</ele><time>2019-07-30T18:30:28Z</time></trkpt><trkpt lat="41.154784" lon="-7.779990"><ele>75.617</ele><time>2019-07-30T18:30:30Z</time></trkpt><trkpt lat="41.154858" lon="-7.779957"><ele>76.687</ele><time>2019-07-30T18:30:31Z</time></trkpt><trkpt lat="41.155003" lon="-7.779877"><ele>76.642</ele><time>2019-07-30T18:30:33Z</time></trkpt><trkpt lat="41.155154" lon="-7.779800"><ele>76.426</ele><time>2019-07-30T18:30:35Z</time></trkpt><trkpt lat="41.155229" lon="-7.779760"><ele>76.108</ele><time>2019-07-30T18:30:36Z</time></trkpt><trkpt lat="41.155379" lon="-7.779677"><ele>74.941</ele><time>2019-07-30T18:30:38Z</time></trkpt><trkpt lat="41.155528" lon="-7.779611"><ele>74.477</ele><time>2019-07-30T18:30:40Z</time></trkpt><trkpt lat="41.155582" lon="-7.779586"><ele>74.811</ele><time>2019-07-30T18:30:41Z</time></trkpt><trkpt lat="41.155701" lon="-7.779517"><ele>68.167</ele><time>2019-07-30T18:30:43Z</time></trkpt><trkpt lat="41.155754" lon="-7.779481"><ele>69.618</ele><time>2019-07-30T18:30:44Z</time></trkpt><trkpt lat="41.155841" lon="-7.779369"><ele>70.091</ele><time>2019-07-30T18:30:46Z</time></trkpt><trkpt lat="41.155862" lon="-7.779282"><ele>70.191</ele><time>2019-07-30T18:30:47Z</time></trkpt><trkpt lat="41.155888" lon="-7.779192"><ele>70.294</ele><time>2019-07-30T18:30:48Z</time></trkpt><trkpt lat="41.155908" lon="-7.779053"><ele>69.917</ele><time>2019-07-30T18:30:49Z</time></trkpt><trkpt lat="41.155910" lon="-7.778946"><ele>70.287</ele><time>2019-07-30T18:30:50Z</time></trkpt><trkpt lat="41.155851" lon="-7.778723"><ele>71.315</ele><time>2019-07-30T18:30:52Z</time></trkpt><trkpt lat="41.155813" lon="-7.778610"><ele>71.908</ele><time>2019-07-30T18:30:53Z</time></trkpt><trkpt lat="41.155744" lon="-7.778371"><ele>73.754</ele><time>2019-07-30T18:30:55Z</time></trkpt><trkpt lat="41.155726" lon="-7.778244"><ele>74.170</ele><time>2019-07-30T18:30:56Z</time></trkpt><trkpt lat="41.155718" lon="-7.777988"><ele>74.474</ele><time>2019-07-30T18:30:58Z</time></trkpt><trkpt lat="41.155729" lon="-7.777881"><ele>75.850</ele><time>2019-07-30T18:30:59Z</time></trkpt><trkpt lat="41.155766" lon="-7.777685"><ele>76.121</ele><time>2019-07-30T18:31:01Z</time></trkpt><trkpt lat="41.155784" lon="-7.777588"><ele>77.044</ele><time>2019-07-30T18:31:02Z</time></trkpt><trkpt lat="41.155807" lon="-7.777416"><ele>77.654</ele><time>2019-07-30T18:31:04Z</time></trkpt><trkpt lat="41.155826" lon="-7.777284"><ele>78.137</ele><time>2019-07-30T18:31:06Z</time></trkpt><trkpt lat="41.155888" lon="-7.777165"><ele>78.775</ele><time>2019-07-30T18:31:08Z</time></trkpt><trkpt lat="41.155931" lon="-7.777111"><ele>78.728</ele><time>2019-07-30T18:31:09Z</time></trkpt><trkpt lat="41.156115" lon="-7.777085"><ele>79.520</ele><time>2019-07-30T18:31:11Z</time></trkpt><trkpt lat="41.156200" lon="-7.777066"><ele>80.208</ele><time>2019-07-30T18:31:12Z</time></trkpt><trkpt lat="41.156410" lon="-7.777054"><ele>85.060</ele><time>2019-07-30T18:31:14Z</time></trkpt><trkpt lat="41.156616" lon="-7.777078"><ele>87.316</ele><time>2019-07-30T18:31:16Z</time></trkpt><trkpt lat="41.156845" lon="-7.777148"><ele>89.790</ele><time>2019-07-30T18:31:18Z</time></trkpt><trkpt lat="41.157080" lon="-7.777239"><ele>91.886</ele><time>2019-07-30T18:31:20Z</time></trkpt><trkpt lat="41.157187" lon="-7.777285"><ele>93.367</ele><time>2019-07-30T18:31:21Z</time></trkpt><trkpt lat="41.157383" lon="-7.777398"><ele>93.770</ele><time>2019-07-30T18:31:23Z</time></trkpt><trkpt lat="41.157481" lon="-7.777462"><ele>94.180</ele><time>2019-07-30T18:31:24Z</time></trkpt><trkpt lat="41.157584" lon="-7.777512"><ele>94.833</ele><time>2019-07-30T18:31:25Z</time></trkpt><trkpt lat="41.157793" lon="-7.777628"><ele>96.832</ele><time>2019-07-30T18:31:27Z</time></trkpt><trkpt lat="41.157999" lon="-7.777744"><ele>100.492</ele><time>2019-07-30T18:31:29Z</time></trkpt><trkpt lat="41.158207" lon="-7.777871"><ele>103.011</ele><time>2019-07-30T18:31:31Z</time></trkpt><trkpt lat="41.158380" lon="-7.778012"><ele>103.108</ele><time>2019-07-30T18:31:33Z</time></trkpt><trkpt lat="41.158463" lon="-7.778089"><ele>104.316</ele><time>2019-07-30T18:31:34Z</time></trkpt><trkpt lat="41.158602" lon="-7.778301"><ele>106.052</ele><time>2019-07-30T18:31:36Z</time></trkpt><trkpt lat="41.158694" lon="-7.778561"><ele>105.026</ele><time>2019-07-30T18:31:38Z</time></trkpt><trkpt lat="41.158751" lon="-7.778862"><ele>105.642</ele><time>2019-07-30T18:31:40Z</time></trkpt><trkpt lat="41.158761" lon="-7.779020"><ele>105.993</ele><time>2019-07-30T18:31:41Z</time></trkpt><trkpt lat="41.158707" lon="-7.779335"><ele>108.676</ele><time>2019-07-30T18:31:43Z</time></trkpt><trkpt lat="41.158690" lon="-7.779484"><ele>110.566</ele><time>2019-07-30T18:31:44Z</time></trkpt><trkpt lat="41.158698" lon="-7.779774"><ele>113.869</ele><time>2019-07-30T18:31:46Z</time></trkpt><trkpt lat="41.158773" lon="-7.780060"><ele>117.195</ele><time>2019-07-30T18:31:48Z</time></trkpt><trkpt lat="41.158901" lon="-7.780296"><ele>118.949</ele><time>2019-07-30T18:31:50Z</time></trkpt><trkpt lat="41.158986" lon="-7.780378"><ele>119.823</ele><time>2019-07-30T18:31:51Z</time></trkpt><trkpt lat="41.159216" lon="-7.780504"><ele>123.208</ele><time>2019-07-30T18:31:53Z</time></trkpt><trkpt lat="41.159445" lon="-7.780525"><ele>125.612</ele><time>2019-07-30T18:31:55Z</time></trkpt><trkpt lat="41.159705" lon="-7.780454"><ele>127.248</ele><time>2019-07-30T18:31:57Z</time></trkpt><trkpt lat="41.159967" lon="-7.780378"><ele>129.782</ele><time>2019-07-30T18:31:59Z</time></trkpt><trkpt lat="41.160253" lon="-7.780280"><ele>131.228</ele><time>2019-07-30T18:32:01Z</time></trkpt><trkpt lat="41.160408" lon="-7.780242"><ele>133.219</ele><time>2019-07-30T18:32:02Z</time></trkpt><trkpt lat="41.160559" lon="-7.780193"><ele>134.272</ele><time>2019-07-30T18:32:03Z</time></trkpt><trkpt lat="41.160851" lon="-7.780111"><ele>136.582</ele><time>2019-07-30T18:32:05Z</time></trkpt><trkpt lat="41.161019" lon="-7.780079"><ele>137.765</ele><time>2019-07-30T18:32:06Z</time></trkpt><trkpt lat="41.161330" lon="-7.780078"><ele>140.199</ele><time>2019-07-30T18:32:08Z</time></trkpt><trkpt lat="41.161477" lon="-7.780104"><ele>140.807</ele><time>2019-07-30T18:32:09Z</time></trkpt><trkpt lat="41.161790" lon="-7.780181"><ele>142.127</ele><time>2019-07-30T18:32:11Z</time></trkpt><trkpt lat="41.161944" lon="-7.780232"><ele>141.908</ele><time>2019-07-30T18:32:12Z</time></trkpt><trkpt lat="41.162216" lon="-7.780369"><ele>144.512</ele><time>2019-07-30T18:32:14Z</time></trkpt><trkpt lat="41.162358" lon="-7.780453"><ele>145.788</ele><time>2019-07-30T18:32:15Z</time></trkpt><trkpt lat="41.162495" lon="-7.780521"><ele>147.262</ele><time>2019-07-30T18:32:16Z</time></trkpt><trkpt lat="41.162767" lon="-7.780640"><ele>151.158</ele><time>2019-07-30T18:32:18Z</time></trkpt><trkpt lat="41.163025" lon="-7.780722"><ele>155.139</ele><time>2019-07-30T18:32:20Z</time></trkpt><trkpt lat="41.163277" lon="-7.780802"><ele>155.912</ele><time>2019-07-30T18:32:22Z</time></trkpt><trkpt lat="41.163400" lon="-7.780831"><ele>156.542</ele><time>2019-07-30T18:32:23Z</time></trkpt><trkpt lat="41.163644" lon="-7.780840"><ele>158.585</ele><time>2019-07-30T18:32:25Z</time></trkpt><trkpt lat="41.163763" lon="-7.780825"><ele>159.668</ele><time>2019-07-30T18:32:26Z</time></trkpt><trkpt lat="41.164021" lon="-7.780742"><ele>161.842</ele><time>2019-07-30T18:32:28Z</time></trkpt><trkpt lat="41.164231" lon="-7.780639"><ele>165.726</ele><time>2019-07-30T18:32:30Z</time></trkpt><trkpt lat="41.164420" lon="-7.780465"><ele>167.108</ele><time>2019-07-30T18:32:32Z</time></trkpt><trkpt lat="41.164504" lon="-7.780354"><ele>167.749</ele><time>2019-07-30T18:32:33Z</time></trkpt><trkpt lat="41.164573" lon="-7.780244"><ele>168.375</ele><time>2019-07-30T18:32:34Z</time></trkpt><trkpt lat="41.164699" lon="-7.780041"><ele>169.129</ele><time>2019-07-30T18:32:36Z</time></trkpt><trkpt lat="41.164751" lon="-7.779934"><ele>168.885</ele><time>2019-07-30T18:32:37Z</time></trkpt><trkpt lat="41.164852" lon="-7.779738"><ele>169.596</ele><time>2019-07-30T18:32:39Z</time></trkpt><trkpt lat="41.164927" lon="-7.779553"><ele>170.239</ele><time>2019-07-30T18:32:41Z</time></trkpt><trkpt lat="41.164956" lon="-7.779472"><ele>170.469</ele><time>2019-07-30T18:32:42Z</time></trkpt><trkpt lat="41.164976" lon="-7.779310"><ele>171.312</ele><time>2019-07-30T18:32:44Z</time></trkpt><trkpt lat="41.164979" lon="-7.779250"><ele>170.389</ele><time>2019-07-30T18:32:45Z</time></trkpt><trkpt lat="41.165016" lon="-7.779173"><ele>170.306</ele><time>2019-07-30T18:32:46Z</time></trkpt><trkpt lat="41.165127" lon="-7.779033"><ele>170.726</ele><time>2019-07-30T18:32:48Z</time></trkpt><trkpt lat="41.165227" lon="-7.778872"><ele>170.708</ele><time>2019-07-30T18:32:50Z</time></trkpt><trkpt lat="41.165292" lon="-7.778774"><ele>170.851</ele><time>2019-07-30T18:32:51Z</time></trkpt><trkpt lat="41.165423" lon="-7.778594"><ele>170.617</ele><time>2019-07-30T18:32:53Z</time></trkpt><trkpt lat="41.165502" lon="-7.778526"><ele>170.881</ele><time>2019-07-30T18:32:54Z</time></trkpt><trkpt lat="41.165650" lon="-7.778431"><ele>172.377</ele><time>2019-07-30T18:32:56Z</time></trkpt><trkpt lat="41.165740" lon="-7.778404"><ele>173.918</ele><time>2019-07-30T18:32:57Z</time></trkpt><trkpt lat="41.165926" lon="-7.778407"><ele>174.991</ele><time>2019-07-30T18:32:59Z</time></trkpt><trkpt lat="41.166020" lon="-7.778425"><ele>175.021</ele><time>2019-07-30T18:33:00Z</time></trkpt><trkpt lat="41.166216" lon="-7.778467"><ele>175.734</ele><time>2019-07-30T18:33:02Z</time></trkpt><trkpt lat="41.166310" lon="-7.778497"><ele>175.442</ele><time>2019-07-30T18:33:03Z</time></trkpt><trkpt lat="41.166477" lon="-7.778653"><ele>175.322</ele><time>2019-07-30T18:33:05Z</time></trkpt><trkpt lat="41.166557" lon="-7.778743"><ele>174.914</ele><time>2019-07-30T18:33:06Z</time></trkpt><trkpt lat="41.166697" lon="-7.778967"><ele>175.908</ele><time>2019-07-30T18:33:08Z</time></trkpt><trkpt lat="41.166769" lon="-7.779087"><ele>177.557</ele><time>2019-07-30T18:33:09Z</time></trkpt><trkpt lat="41.166852" lon="-7.779196"><ele>178.543</ele><time>2019-07-30T18:33:10Z</time></trkpt><trkpt lat="41.166928" lon="-7.779287"><ele>178.947</ele><time>2019-07-30T18:33:11Z</time></trkpt><trkpt lat="41.167015" lon="-7.779362"><ele>178.793</ele><time>2019-07-30T18:33:12Z</time></trkpt><trkpt lat="41.167223" lon="-7.779464"><ele>179.074</ele><time>2019-07-30T18:33:14Z</time></trkpt><trkpt lat="41.167433" lon="-7.779437"><ele>180.037</ele><time>2019-07-30T18:33:16Z</time></trkpt><trkpt lat="41.167547" lon="-7.779417"><ele>180.357</ele><time>2019-07-30T18:33:17Z</time></trkpt><trkpt lat="41.167786" lon="-7.779314"><ele>182.630</ele><time>2019-07-30T18:33:19Z</time></trkpt><trkpt lat="41.167903" lon="-7.779258"><ele>183.443</ele><time>2019-07-30T18:33:20Z</time></trkpt><trkpt lat="41.168027" lon="-7.779187"><ele>183.164</ele><time>2019-07-30T18:33:21Z</time></trkpt><trkpt lat="41.168234" lon="-7.779066"><ele>185.110</ele><time>2019-07-30T18:33:23Z</time></trkpt><trkpt lat="41.168336" lon="-7.779013"><ele>186.508</ele><time>2019-07-30T18:33:24Z</time></trkpt><trkpt lat="41.168508" lon="-7.778902"><ele>186.637</ele><time>2019-07-30T18:33:26Z</time></trkpt><trkpt lat="41.168680" lon="-7.778748"><ele>186.613</ele><time>2019-07-30T18:33:28Z</time></trkpt><trkpt lat="41.168729" lon="-7.778656"><ele>186.317</ele><time>2019-07-30T18:33:29Z</time></trkpt><trkpt lat="41.168768" lon="-7.778558"><ele>186.543</ele><time>2019-07-30T18:33:30Z</time></trkpt><trkpt lat="41.168828" lon="-7.778319"><ele>187.634</ele><time>2019-07-30T18:33:32Z</time></trkpt><trkpt lat="41.168858" lon="-7.778188"><ele>188.767</ele><time>2019-07-30T18:33:33Z</time></trkpt><trkpt lat="41.168967" lon="-7.777915"><ele>188.187</ele><time>2019-07-30T18:33:35Z</time></trkpt><trkpt lat="41.169026" lon="-7.777799"><ele>189.620</ele><time>2019-07-30T18:33:36Z</time></trkpt><trkpt lat="41.169082" lon="-7.777689"><ele>189.828</ele><time>2019-07-30T18:33:37Z</time></trkpt><trkpt lat="41.169141" lon="-7.777568"><ele>191.789</ele><time>2019-07-30T18:33:38Z</time></trkpt><trkpt lat="41.169255" lon="-7.777326"><ele>193.517</ele><time>2019-07-30T18:33:40Z</time></trkpt><trkpt lat="41.169323" lon="-7.777217"><ele>193.508</ele><time>2019-07-30T18:33:41Z</time></trkpt><trkpt lat="41.169445" lon="-7.776965"><ele>194.315</ele><time>2019-07-30T18:33:43Z</time></trkpt><trkpt lat="41.169570" lon="-7.776722"><ele>194.971</ele><time>2019-07-30T18:33:45Z</time></trkpt><trkpt lat="41.169684" lon="-7.776529"><ele>195.215</ele><time>2019-07-30T18:33:47Z</time></trkpt><trkpt lat="41.169735" lon="-7.776432"><ele>195.911</ele><time>2019-07-30T18:33:48Z</time></trkpt><trkpt lat="41.169882" lon="-7.776300"><ele>195.512</ele><time>2019-07-30T18:33:50Z</time></trkpt><trkpt lat="41.169969" lon="-7.776264"><ele>195.115</ele><time>2019-07-30T18:33:51Z</time></trkpt><trkpt lat="41.170159" lon="-7.776272"><ele>194.495</ele><time>2019-07-30T18:33:53Z</time></trkpt><trkpt lat="41.170340" lon="-7.776352"><ele>195.078</ele><time>2019-07-30T18:33:55Z</time></trkpt><trkpt lat="41.170431" lon="-7.776413"><ele>195.785</ele><time>2019-07-30T18:33:56Z</time></trkpt><trkpt lat="41.170521" lon="-7.776489"><ele>195.589</ele><time>2019-07-30T18:33:57Z</time></trkpt><trkpt lat="41.170694" lon="-7.776629"><ele>195.717</ele><time>2019-07-30T18:33:59Z</time></trkpt><trkpt lat="41.170776" lon="-7.776719"><ele>197.208</ele><time>2019-07-30T18:34:00Z</time></trkpt><trkpt lat="41.170924" lon="-7.776915"><ele>199.011</ele><time>2019-07-30T18:34:02Z</time></trkpt><trkpt lat="41.170995" lon="-7.777011"><ele>198.427</ele><time>2019-07-30T18:34:03Z</time></trkpt><trkpt lat="41.171162" lon="-7.777121"><ele>201.081</ele><time>2019-07-30T18:34:05Z</time></trkpt><trkpt lat="41.171277" lon="-7.777132"><ele>201.637</ele><time>2019-07-30T18:34:06Z</time></trkpt><trkpt lat="41.171381" lon="-7.777150"><ele>202.648</ele><time>2019-07-30T18:34:07Z</time></trkpt><trkpt lat="41.171617" lon="-7.777138"><ele>205.281</ele><time>2019-07-30T18:34:09Z</time></trkpt><trkpt lat="41.171714" lon="-7.777120"><ele>203.811</ele><time>2019-07-30T18:34:10Z</time></trkpt><trkpt lat="41.171870" lon="-7.777037"><ele>205.334</ele><time>2019-07-30T18:34:12Z</time></trkpt><trkpt lat="41.172014" lon="-7.776893"><ele>208.395</ele><time>2019-07-30T18:34:14Z</time></trkpt><trkpt lat="41.172210" lon="-7.776701"><ele>207.649</ele><time>2019-07-30T18:34:16Z</time></trkpt><trkpt lat="41.172394" lon="-7.776506"><ele>208.423</ele><time>2019-07-30T18:34:18Z</time></trkpt><trkpt lat="41.172562" lon="-7.776314"><ele>209.208</ele><time>2019-07-30T18:34:20Z</time></trkpt><trkpt lat="41.172647" lon="-7.776223"><ele>210.922</ele><time>2019-07-30T18:34:21Z</time></trkpt><trkpt lat="41.172728" lon="-7.776139"><ele>211.688</ele><time>2019-07-30T18:34:22Z</time></trkpt><trkpt lat="41.172885" lon="-7.775972"><ele>213.582</ele><time>2019-07-30T18:34:24Z</time></trkpt><trkpt lat="41.172963" lon="-7.775888"><ele>213.988</ele><time>2019-07-30T18:34:25Z</time></trkpt><trkpt lat="41.173044" lon="-7.775806"><ele>214.729</ele><time>2019-07-30T18:34:26Z</time></trkpt><trkpt lat="41.173226" lon="-7.775717"><ele>215.082</ele><time>2019-07-30T18:34:28Z</time></trkpt><trkpt lat="41.173429" lon="-7.775741"><ele>216.032</ele><time>2019-07-30T18:34:30Z</time></trkpt><trkpt lat="41.173639" lon="-7.775778"><ele>218.285</ele><time>2019-07-30T18:34:32Z</time></trkpt><trkpt lat="41.173739" lon="-7.775779"><ele>219.017</ele><time>2019-07-30T18:34:33Z</time></trkpt><trkpt lat="41.173924" lon="-7.775728"><ele>220.387</ele><time>2019-07-30T18:34:35Z</time></trkpt><trkpt lat="41.174021" lon="-7.775685"><ele>221.315</ele><time>2019-07-30T18:34:36Z</time></trkpt><trkpt lat="41.174122" lon="-7.775648"><ele>222.008</ele><time>2019-07-30T18:34:37Z</time></trkpt><trkpt lat="41.174289" lon="-7.775557"><ele>222.154</ele><time>2019-07-30T18:34:39Z</time></trkpt><trkpt lat="41.174362" lon="-7.775532"><ele>223.410</ele><time>2019-07-30T18:34:40Z</time></trkpt><trkpt lat="41.174436" lon="-7.775499"><ele>224.864</ele><time>2019-07-30T18:34:41Z</time></trkpt><trkpt lat="41.174509" lon="-7.775480"><ele>225.090</ele><time>2019-07-30T18:34:42Z</time></trkpt><trkpt lat="41.174658" lon="-7.775510"><ele>225.421</ele><time>2019-07-30T18:34:44Z</time></trkpt><trkpt lat="41.174788" lon="-7.775652"><ele>227.684</ele><time>2019-07-30T18:34:46Z</time></trkpt><trkpt lat="41.174814" lon="-7.775762"><ele>228.794</ele><time>2019-07-30T18:34:47Z</time></trkpt><trkpt lat="41.174846" lon="-7.775998"><ele>228.267</ele><time>2019-07-30T18:34:49Z</time></trkpt><trkpt lat="41.174844" lon="-7.776130"><ele>228.518</ele><time>2019-07-30T18:34:50Z</time></trkpt><trkpt lat="41.174815" lon="-7.776414"><ele>230.398</ele><time>2019-07-30T18:34:52Z</time></trkpt><trkpt lat="41.174758" lon="-7.776669"><ele>231.617</ele><time>2019-07-30T18:34:54Z</time></trkpt><trkpt lat="41.174734" lon="-7.776776"><ele>230.708</ele><time>2019-07-30T18:34:55Z</time></trkpt><trkpt lat="41.174721" lon="-7.776892"><ele>230.154</ele><time>2019-07-30T18:34:56Z</time></trkpt><trkpt lat="41.174728" lon="-7.777110"><ele>231.620</ele><time>2019-07-30T18:34:58Z</time></trkpt><trkpt lat="41.174753" lon="-7.777213"><ele>232.944</ele><time>2019-07-30T18:34:59Z</time></trkpt><trkpt lat="41.174905" lon="-7.777347"><ele>234.850</ele><time>2019-07-30T18:35:01Z</time></trkpt><trkpt lat="41.174990" lon="-7.777363"><ele>234.691</ele><time>2019-07-30T18:35:02Z</time></trkpt><trkpt lat="41.175191" lon="-7.777288"><ele>234.514</ele><time>2019-07-30T18:35:04Z</time></trkpt><trkpt lat="41.175310" lon="-7.777267"><ele>234.694</ele><time>2019-07-30T18:35:05Z</time></trkpt><trkpt lat="41.175539" lon="-7.777194"><ele>235.567</ele><time>2019-07-30T18:35:07Z</time></trkpt><trkpt lat="41.175809" lon="-7.777116"><ele>236.246</ele><time>2019-07-30T18:35:09Z</time></trkpt><trkpt lat="41.175941" lon="-7.777069"><ele>234.988</ele><time>2019-07-30T18:35:10Z</time></trkpt><trkpt lat="41.176182" lon="-7.776995"><ele>235.916</ele><time>2019-07-30T18:35:12Z</time></trkpt><trkpt lat="41.176413" lon="-7.776846"><ele>237.108</ele><time>2019-07-30T18:35:14Z</time></trkpt><trkpt lat="41.176626" lon="-7.776655"><ele>239.127</ele><time>2019-07-30T18:35:16Z</time></trkpt><trkpt lat="41.176730" lon="-7.776560"><ele>239.993</ele><time>2019-07-30T18:35:17Z</time></trkpt><trkpt lat="41.176821" lon="-7.776470"><ele>241.187</ele><time>2019-07-30T18:35:18Z</time></trkpt><trkpt lat="41.176917" lon="-7.776383"><ele>241.433</ele><time>2019-07-30T18:35:19Z</time></trkpt><trkpt lat="41.177086" lon="-7.776253"><ele>242.544</ele><time>2019-07-30T18:35:21Z</time></trkpt><trkpt lat="41.177169" lon="-7.776212"><ele>242.467</ele><time>2019-07-30T18:35:22Z</time></trkpt><trkpt lat="41.177270" lon="-7.776215"><ele>242.827</ele><time>2019-07-30T18:35:23Z</time></trkpt><trkpt lat="41.177358" lon="-7.776232"><ele>242.480</ele><time>2019-07-30T18:35:24Z</time></trkpt><trkpt lat="41.177447" lon="-7.776281"><ele>242.562</ele><time>2019-07-30T18:35:25Z</time></trkpt><trkpt lat="41.177652" lon="-7.776410"><ele>241.783</ele><time>2019-07-30T18:35:27Z</time></trkpt><trkpt lat="41.177767" lon="-7.776455"><ele>242.511</ele><time>2019-07-30T18:35:28Z</time></trkpt><trkpt lat="41.177883" lon="-7.776469"><ele>243.208</ele><time>2019-07-30T18:35:29Z</time></trkpt><trkpt lat="41.178126" lon="-7.776477"><ele>246.869</ele><time>2019-07-30T18:35:31Z</time></trkpt><trkpt lat="41.178276" lon="-7.776466"><ele>245.835</ele><time>2019-07-30T18:35:32Z</time></trkpt><trkpt lat="41.178558" lon="-7.776439"><ele>247.269</ele><time>2019-07-30T18:35:34Z</time></trkpt><trkpt lat="41.178828" lon="-7.776387"><ele>248.695</ele><time>2019-07-30T18:35:36Z</time></trkpt><trkpt lat="41.178964" lon="-7.776331"><ele>248.576</ele><time>2019-07-30T18:35:37Z</time></trkpt><trkpt lat="41.179243" lon="-7.776213"><ele>248.899</ele><time>2019-07-30T18:35:39Z</time></trkpt><trkpt lat="41.179493" lon="-7.776129"><ele>251.879</ele><time>2019-07-30T18:35:41Z</time></trkpt><trkpt lat="41.179756" lon="-7.776005"><ele>253.632</ele><time>2019-07-30T18:35:43Z</time></trkpt><trkpt lat="41.180019" lon="-7.775900"><ele>257.189</ele><time>2019-07-30T18:35:45Z</time></trkpt><trkpt lat="41.180159" lon="-7.775849"><ele>257.906</ele><time>2019-07-30T18:35:46Z</time></trkpt><trkpt lat="41.180298" lon="-7.775796"><ele>260.126</ele><time>2019-07-30T18:35:47Z</time></trkpt><trkpt lat="41.180543" lon="-7.775674"><ele>260.908</ele><time>2019-07-30T18:35:49Z</time></trkpt><trkpt lat="41.180779" lon="-7.775572"><ele>260.861</ele><time>2019-07-30T18:35:51Z</time></trkpt><trkpt lat="41.180892" lon="-7.775515"><ele>261.747</ele><time>2019-07-30T18:35:52Z</time></trkpt><trkpt lat="41.181067" lon="-7.775331"><ele>261.991</ele><time>2019-07-30T18:35:54Z</time></trkpt><trkpt lat="41.181241" lon="-7.775131"><ele>263.887</ele><time>2019-07-30T18:35:56Z</time></trkpt><trkpt lat="41.181403" lon="-7.774925"><ele>264.598</ele><time>2019-07-30T18:35:58Z</time></trkpt><trkpt lat="41.181549" lon="-7.774789"><ele>266.231</ele><time>2019-07-30T18:36:00Z</time></trkpt><trkpt lat="41.181760" lon="-7.774724"><ele>267.981</ele><time>2019-07-30T18:36:02Z</time></trkpt><trkpt lat="41.181973" lon="-7.774788"><ele>269.554</ele><time>2019-07-30T18:36:04Z</time></trkpt><trkpt lat="41.182075" lon="-7.774840"><ele>270.455</ele><time>2019-07-30T18:36:05Z</time></trkpt><trkpt lat="41.182276" lon="-7.774902"><ele>272.707</ele><time>2019-07-30T18:36:07Z</time></trkpt><trkpt lat="41.182472" lon="-7.774876"><ele>274.817</ele><time>2019-07-30T18:36:09Z</time></trkpt><trkpt lat="41.182555" lon="-7.774816"><ele>275.108</ele><time>2019-07-30T18:36:10Z</time></trkpt><trkpt lat="41.182716" lon="-7.774690"><ele>275.148</ele><time>2019-07-30T18:36:12Z</time></trkpt><trkpt lat="41.182808" lon="-7.774667"><ele>275.574</ele><time>2019-07-30T18:36:13Z</time></trkpt><trkpt lat="41.183004" lon="-7.774719"><ele>277.488</ele><time>2019-07-30T18:36:15Z</time></trkpt><trkpt lat="41.183166" lon="-7.774866"><ele>277.974</ele><time>2019-07-30T18:36:17Z</time></trkpt><trkpt lat="41.183250" lon="-7.774950"><ele>278.785</ele><time>2019-07-30T18:36:18Z</time></trkpt><trkpt lat="41.183452" lon="-7.775024"><ele>280.518</ele><time>2019-07-30T18:36:20Z</time></trkpt><trkpt lat="41.183564" lon="-7.775035"><ele>280.318</ele><time>2019-07-30T18:36:21Z</time></trkpt><trkpt lat="41.183802" lon="-7.775083"><ele>281.341</ele><time>2019-07-30T18:36:23Z</time></trkpt><trkpt lat="41.184033" lon="-7.775191"><ele>282.246</ele><time>2019-07-30T18:36:25Z</time></trkpt><trkpt lat="41.184143" lon="-7.775253"><ele>282.488</ele><time>2019-07-30T18:36:26Z</time></trkpt><trkpt lat="41.184364" lon="-7.775385"><ele>283.216</ele><time>2019-07-30T18:36:28Z</time></trkpt><trkpt lat="41.184461" lon="-7.775450"><ele>284.908</ele><time>2019-07-30T18:36:29Z</time></trkpt><trkpt lat="41.184683" lon="-7.775499"><ele>285.837</ele><time>2019-07-30T18:36:31Z</time></trkpt><trkpt lat="41.184786" lon="-7.775518"><ele>286.383</ele><time>2019-07-30T18:36:32Z</time></trkpt><trkpt lat="41.185014" lon="-7.775474"><ele>288.197</ele><time>2019-07-30T18:36:34Z</time></trkpt><trkpt lat="41.185241" lon="-7.775505"><ele>288.613</ele><time>2019-07-30T18:36:36Z</time></trkpt><trkpt lat="41.185472" lon="-7.775654"><ele>291.654</ele><time>2019-07-30T18:36:38Z</time></trkpt><trkpt lat="41.185693" lon="-7.775815"><ele>291.697</ele><time>2019-07-30T18:36:40Z</time></trkpt><trkpt lat="41.185816" lon="-7.775884"><ele>291.987</ele><time>2019-07-30T18:36:41Z</time></trkpt><trkpt lat="41.186057" lon="-7.776041"><ele>292.360</ele><time>2019-07-30T18:36:43Z</time></trkpt><trkpt lat="41.186260" lon="-7.776202"><ele>292.881</ele><time>2019-07-30T18:36:45Z</time></trkpt><trkpt lat="41.186361" lon="-7.776269"><ele>293.361</ele><time>2019-07-30T18:36:46Z</time></trkpt><trkpt lat="41.186562" lon="-7.776325"><ele>295.217</ele><time>2019-07-30T18:36:48Z</time></trkpt><trkpt lat="41.186792" lon="-7.776294"><ele>296.708</ele><time>2019-07-30T18:36:50Z</time></trkpt><trkpt lat="41.186911" lon="-7.776278"><ele>299.741</ele><time>2019-07-30T18:36:51Z</time></trkpt><trkpt lat="41.187030" lon="-7.776259"><ele>302.777</ele><time>2019-07-30T18:36:52Z</time></trkpt><trkpt lat="41.187260" lon="-7.776221"><ele>306.061</ele><time>2019-07-30T18:36:54Z</time></trkpt><trkpt lat="41.187489" lon="-7.776216"><ele>306.267</ele><time>2019-07-30T18:36:56Z</time></trkpt><trkpt lat="41.187698" lon="-7.776253"><ele>305.398</ele><time>2019-07-30T18:36:58Z</time></trkpt><trkpt lat="41.187813" lon="-7.776276"><ele>303.451</ele><time>2019-07-30T18:36:59Z</time></trkpt><trkpt lat="41.188019" lon="-7.776337"><ele>302.291</ele><time>2019-07-30T18:37:01Z</time></trkpt><trkpt lat="41.188221" lon="-7.776374"><ele>302.064</ele><time>2019-07-30T18:37:03Z</time></trkpt><trkpt lat="41.188321" lon="-7.776390"><ele>301.097</ele><time>2019-07-30T18:37:04Z</time></trkpt><trkpt lat="41.188506" lon="-7.776457"><ele>301.123</ele><time>2019-07-30T18:37:06Z</time></trkpt><trkpt lat="41.188583" lon="-7.776494"><ele>300.625</ele><time>2019-07-30T18:37:07Z</time></trkpt><trkpt lat="41.188678" lon="-7.776528"><ele>300.408</ele><time>2019-07-30T18:37:08Z</time></trkpt><trkpt lat="41.188871" lon="-7.776629"><ele>299.982</ele><time>2019-07-30T18:37:10Z</time></trkpt><trkpt lat="41.188961" lon="-7.776697"><ele>299.858</ele><time>2019-07-30T18:37:11Z</time></trkpt><trkpt lat="41.189035" lon="-7.776759"><ele>300.072</ele><time>2019-07-30T18:37:12Z</time></trkpt><trkpt lat="41.189106" lon="-7.776823"><ele>300.368</ele><time>2019-07-30T18:37:13Z</time></trkpt><trkpt lat="41.189299" lon="-7.776943"><ele>300.049</ele><time>2019-07-30T18:37:15Z</time></trkpt><trkpt lat="41.189469" lon="-7.777040"><ele>300.242</ele><time>2019-07-30T18:37:17Z</time></trkpt><trkpt lat="41.189560" lon="-7.777064"><ele>299.642</ele><time>2019-07-30T18:37:18Z</time></trkpt><trkpt lat="41.189724" lon="-7.777113"><ele>299.155</ele><time>2019-07-30T18:37:20Z</time></trkpt><trkpt lat="41.189887" lon="-7.777252"><ele>298.812</ele><time>2019-07-30T18:37:22Z</time></trkpt><trkpt lat="41.190017" lon="-7.777419"><ele>299.132</ele><time>2019-07-30T18:37:24Z</time></trkpt><trkpt lat="41.190101" lon="-7.777607"><ele>302.505</ele><time>2019-07-30T18:37:26Z</time></trkpt><trkpt lat="41.190153" lon="-7.777687"><ele>302.908</ele><time>2019-07-30T18:37:27Z</time></trkpt><trkpt lat="41.190321" lon="-7.777797"><ele>302.034</ele><time>2019-07-30T18:37:29Z</time></trkpt><trkpt lat="41.190493" lon="-7.777905"><ele>301.630</ele><time>2019-07-30T18:37:31Z</time></trkpt><trkpt lat="41.190573" lon="-7.777954"><ele>300.564</ele><time>2019-07-30T18:37:32Z</time></trkpt><trkpt lat="41.190668" lon="-7.777981"><ele>301.110</ele><time>2019-07-30T18:37:33Z</time></trkpt><trkpt lat="41.190854" lon="-7.777997"><ele>299.661</ele><time>2019-07-30T18:37:35Z</time></trkpt><trkpt lat="41.191042" lon="-7.777993"><ele>298.524</ele><time>2019-07-30T18:37:37Z</time></trkpt><trkpt lat="41.191133" lon="-7.777985"><ele>298.114</ele><time>2019-07-30T18:37:38Z</time></trkpt><trkpt lat="41.191232" lon="-7.777967"><ele>298.677</ele><time>2019-07-30T18:37:39Z</time></trkpt><trkpt lat="41.191325" lon="-7.777965"><ele>298.277</ele><time>2019-07-30T18:37:40Z</time></trkpt><trkpt lat="41.191493" lon="-7.778002"><ele>297.161</ele><time>2019-07-30T18:37:42Z</time></trkpt><trkpt lat="41.191585" lon="-7.778032"><ele>296.527</ele><time>2019-07-30T18:37:43Z</time></trkpt><trkpt lat="41.191751" lon="-7.778027"><ele>296.208</ele><time>2019-07-30T18:37:45Z</time></trkpt><trkpt lat="41.191925" lon="-7.777939"><ele>294.690</ele><time>2019-07-30T18:37:47Z</time></trkpt><trkpt lat="41.192106" lon="-7.777794"><ele>293.096</ele><time>2019-07-30T18:37:49Z</time></trkpt><trkpt lat="41.192186" lon="-7.777726"><ele>290.950</ele><time>2019-07-30T18:37:50Z</time></trkpt><trkpt lat="41.192365" lon="-7.777597"><ele>290.666</ele><time>2019-07-30T18:37:52Z</time></trkpt><trkpt lat="41.192531" lon="-7.777490"><ele>288.677</ele><time>2019-07-30T18:37:54Z</time></trkpt><trkpt lat="41.192630" lon="-7.777481"><ele>287.640</ele><time>2019-07-30T18:37:55Z</time></trkpt><trkpt lat="41.192848" lon="-7.777423"><ele>285.560</ele><time>2019-07-30T18:37:57Z</time></trkpt><trkpt lat="41.193031" lon="-7.777426"><ele>284.643</ele><time>2019-07-30T18:37:59Z</time></trkpt><trkpt lat="41.193112" lon="-7.777438"><ele>283.512</ele><time>2019-07-30T18:38:00Z</time></trkpt><trkpt lat="41.193204" lon="-7.777438"><ele>283.232</ele><time>2019-07-30T18:38:01Z</time></trkpt><trkpt lat="41.193387" lon="-7.777422"><ele>281.205</ele><time>2019-07-30T18:38:03Z</time></trkpt><trkpt lat="41.193563" lon="-7.777453"><ele>279.708</ele><time>2019-07-30T18:38:05Z</time></trkpt><trkpt lat="41.193643" lon="-7.777498"><ele>280.094</ele><time>2019-07-30T18:38:06Z</time></trkpt><trkpt lat="41.193777" lon="-7.777627"><ele>279.610</ele><time>2019-07-30T18:38:08Z</time></trkpt><trkpt lat="41.193830" lon="-7.777862"><ele>280.284</ele><time>2019-07-30T18:38:10Z</time></trkpt><trkpt lat="41.193852" lon="-7.777966"><ele>280.060</ele><time>2019-07-30T18:38:11Z</time></trkpt><trkpt lat="41.193867" lon="-7.778165"><ele>279.761</ele><time>2019-07-30T18:38:13Z</time></trkpt><trkpt lat="41.193917" lon="-7.778354"><ele>278.564</ele><time>2019-07-30T18:38:15Z</time></trkpt><trkpt lat="41.193977" lon="-7.778435"><ele>277.874</ele><time>2019-07-30T18:38:16Z</time></trkpt><trkpt lat="41.194042" lon="-7.778506"><ele>277.997</ele><time>2019-07-30T18:38:17Z</time></trkpt><trkpt lat="41.194228" lon="-7.778571"><ele>277.384</ele><time>2019-07-30T18:38:19Z</time></trkpt><trkpt lat="41.194443" lon="-7.778602"><ele>277.007</ele><time>2019-07-30T18:38:21Z</time></trkpt><trkpt lat="41.194553" lon="-7.778608"><ele>275.917</ele><time>2019-07-30T18:38:22Z</time></trkpt><trkpt lat="41.194792" lon="-7.778610"><ele>273.508</ele><time>2019-07-30T18:38:24Z</time></trkpt><trkpt lat="41.194907" lon="-7.778619"><ele>273.061</ele><time>2019-07-30T18:38:25Z</time></trkpt><trkpt lat="41.195029" lon="-7.778625"><ele>270.397</ele><time>2019-07-30T18:38:26Z</time></trkpt><trkpt lat="41.195129" lon="-7.778632"><ele>269.631</ele><time>2019-07-30T18:38:27Z</time></trkpt><trkpt lat="41.195332" lon="-7.778633"><ele>268.377</ele><time>2019-07-30T18:38:29Z</time></trkpt><trkpt lat="41.195435" lon="-7.778639"><ele>268.218</ele><time>2019-07-30T18:38:30Z</time></trkpt><trkpt lat="41.195615" lon="-7.778593"><ele>268.751</ele><time>2019-07-30T18:38:32Z</time></trkpt><trkpt lat="41.195697" lon="-7.778526"><ele>267.941</ele><time>2019-07-30T18:38:33Z</time></trkpt><trkpt lat="41.195835" lon="-7.778339"><ele>267.924</ele><time>2019-07-30T18:38:35Z</time></trkpt><trkpt lat="41.195969" lon="-7.778110"><ele>266.997</ele><time>2019-07-30T18:38:37Z</time></trkpt><trkpt lat="41.196076" lon="-7.777841"><ele>267.123</ele><time>2019-07-30T18:38:39Z</time></trkpt><trkpt lat="41.196172" lon="-7.777582"><ele>267.425</ele><time>2019-07-30T18:38:41Z</time></trkpt><trkpt lat="41.196228" lon="-7.777468"><ele>266.508</ele><time>2019-07-30T18:38:42Z</time></trkpt><trkpt lat="41.196368" lon="-7.777266"><ele>264.222</ele><time>2019-07-30T18:38:44Z</time></trkpt><trkpt lat="41.196450" lon="-7.777193"><ele>263.368</ele><time>2019-07-30T18:38:45Z</time></trkpt><trkpt lat="41.196632" lon="-7.777122"><ele>263.142</ele><time>2019-07-30T18:38:47Z</time></trkpt><trkpt lat="41.196730" lon="-7.777127"><ele>262.718</ele><time>2019-07-30T18:38:48Z</time></trkpt><trkpt lat="41.196923" lon="-7.777187"><ele>261.899</ele><time>2019-07-30T18:38:50Z</time></trkpt><trkpt lat="41.197122" lon="-7.777306"><ele>261.572</ele><time>2019-07-30T18:38:52Z</time></trkpt><trkpt lat="41.197236" lon="-7.777364"><ele>260.912</ele><time>2019-07-30T18:38:53Z</time></trkpt><trkpt lat="41.197445" lon="-7.777500"><ele>260.575</ele><time>2019-07-30T18:38:55Z</time></trkpt><trkpt lat="41.197643" lon="-7.777636"><ele>259.477</ele><time>2019-07-30T18:38:57Z</time></trkpt><trkpt lat="41.197750" lon="-7.777688"><ele>259.561</ele><time>2019-07-30T18:38:58Z</time></trkpt><trkpt lat="41.197957" lon="-7.777810"><ele>257.827</ele><time>2019-07-30T18:39:00Z</time></trkpt><trkpt lat="41.198053" lon="-7.777860"><ele>257.308</ele><time>2019-07-30T18:39:01Z</time></trkpt><trkpt lat="41.198252" lon="-7.777903"><ele>258.120</ele><time>2019-07-30T18:39:03Z</time></trkpt><trkpt lat="41.198346" lon="-7.777888"><ele>257.616</ele><time>2019-07-30T18:39:04Z</time></trkpt><trkpt lat="41.198522" lon="-7.777723"><ele>256.360</ele><time>2019-07-30T18:39:06Z</time></trkpt><trkpt lat="41.198621" lon="-7.777636"><ele>256.556</ele><time>2019-07-30T18:39:07Z</time></trkpt><trkpt lat="41.198713" lon="-7.777544"><ele>257.137</ele><time>2019-07-30T18:39:08Z</time></trkpt><trkpt lat="41.198916" lon="-7.777387"><ele>256.310</ele><time>2019-07-30T18:39:10Z</time></trkpt><trkpt lat="41.199153" lon="-7.777297"><ele>256.730</ele><time>2019-07-30T18:39:12Z</time></trkpt><trkpt lat="41.199415" lon="-7.777273"><ele>258.293</ele><time>2019-07-30T18:39:14Z</time></trkpt><trkpt lat="41.199678" lon="-7.777252"><ele>259.136</ele><time>2019-07-30T18:39:16Z</time></trkpt><trkpt lat="41.199899" lon="-7.777180"><ele>260.017</ele><time>2019-07-30T18:39:18Z</time></trkpt><trkpt lat="41.200095" lon="-7.777025"><ele>260.918</ele><time>2019-07-30T18:39:20Z</time></trkpt><trkpt lat="41.200167" lon="-7.776904"><ele>262.208</ele><time>2019-07-30T18:39:21Z</time></trkpt><trkpt lat="41.200234" lon="-7.776782"><ele>262.916</ele><time>2019-07-30T18:39:22Z</time></trkpt><trkpt lat="41.200371" lon="-7.776530"><ele>264.162</ele><time>2019-07-30T18:39:24Z</time></trkpt><trkpt lat="41.200566" lon="-7.776348"><ele>263.786</ele><time>2019-07-30T18:39:26Z</time></trkpt><trkpt lat="41.200793" lon="-7.776250"><ele>264.312</ele><time>2019-07-30T18:39:28Z</time></trkpt><trkpt lat="41.200905" lon="-7.776229"><ele>263.933</ele><time>2019-07-30T18:39:29Z</time></trkpt><trkpt lat="41.201021" lon="-7.776199"><ele>264.516</ele><time>2019-07-30T18:39:30Z</time></trkpt><trkpt lat="41.201224" lon="-7.776180"><ele>266.866</ele><time>2019-07-30T18:39:32Z</time></trkpt><trkpt lat="41.201331" lon="-7.776176"><ele>267.549</ele><time>2019-07-30T18:39:33Z</time></trkpt><trkpt lat="41.201511" lon="-7.776228"><ele>267.427</ele><time>2019-07-30T18:39:35Z</time></trkpt><trkpt lat="41.201599" lon="-7.776278"><ele>267.768</ele><time>2019-07-30T18:39:36Z</time></trkpt><trkpt lat="41.201763" lon="-7.776449"><ele>268.814</ele><time>2019-07-30T18:39:38Z</time></trkpt><trkpt lat="41.201832" lon="-7.776563"><ele>268.608</ele><time>2019-07-30T18:39:39Z</time></trkpt><trkpt lat="41.201923" lon="-7.776665"><ele>268.065</ele><time>2019-07-30T18:39:40Z</time></trkpt><trkpt lat="41.202095" lon="-7.776893"><ele>267.161</ele><time>2019-07-30T18:39:42Z</time></trkpt><trkpt lat="41.202220" lon="-7.777184"><ele>266.255</ele><time>2019-07-30T18:39:44Z</time></trkpt><trkpt lat="41.202364" lon="-7.777438"><ele>265.781</ele><time>2019-07-30T18:39:46Z</time></trkpt><trkpt lat="41.202568" lon="-7.777615"><ele>263.292</ele><time>2019-07-30T18:39:48Z</time></trkpt><trkpt lat="41.202666" lon="-7.777700"><ele>262.755</ele><time>2019-07-30T18:39:49Z</time></trkpt><trkpt lat="41.202861" lon="-7.777796"><ele>261.085</ele><time>2019-07-30T18:39:51Z</time></trkpt><trkpt lat="41.202964" lon="-7.777855"><ele>261.098</ele><time>2019-07-30T18:39:52Z</time></trkpt><trkpt lat="41.203127" lon="-7.777976"><ele>260.644</ele><time>2019-07-30T18:39:54Z</time></trkpt><trkpt lat="41.203214" lon="-7.778011"><ele>259.805</ele><time>2019-07-30T18:39:55Z</time></trkpt><trkpt lat="41.203384" lon="-7.778145"><ele>258.915</ele><time>2019-07-30T18:39:57Z</time></trkpt><trkpt lat="41.203462" lon="-7.778225"><ele>259.108</ele><time>2019-07-30T18:39:58Z</time></trkpt><trkpt lat="41.203541" lon="-7.778289"><ele>259.417</ele><time>2019-07-30T18:39:59Z</time></trkpt><trkpt lat="41.203703" lon="-7.778419"><ele>259.123</ele><time>2019-07-30T18:40:01Z</time></trkpt><trkpt lat="41.203887" lon="-7.778525"><ele>259.337</ele><time>2019-07-30T18:40:03Z</time></trkpt><trkpt lat="41.204079" lon="-7.778600"><ele>259.613</ele><time>2019-07-30T18:40:05Z</time></trkpt><trkpt lat="41.204176" lon="-7.778583"><ele>260.174</ele><time>2019-07-30T18:40:06Z</time></trkpt><trkpt lat="41.204395" lon="-7.778594"><ele>260.487</ele><time>2019-07-30T18:40:08Z</time></trkpt><trkpt lat="41.204490" lon="-7.778591"><ele>259.557</ele><time>2019-07-30T18:40:09Z</time></trkpt><trkpt lat="41.204714" lon="-7.778623"><ele>259.060</ele><time>2019-07-30T18:40:11Z</time></trkpt><trkpt lat="41.204902" lon="-7.778748"><ele>257.561</ele><time>2019-07-30T18:40:13Z</time></trkpt><trkpt lat="41.205072" lon="-7.778891"><ele>257.321</ele><time>2019-07-30T18:40:15Z</time></trkpt><trkpt lat="41.205239" lon="-7.779029"><ele>258.313</ele><time>2019-07-30T18:40:17Z</time></trkpt><trkpt lat="41.205385" lon="-7.779098"><ele>259.008</ele><time>2019-07-30T18:40:19Z</time></trkpt><trkpt lat="41.205539" lon="-7.779141"><ele>258.199</ele><time>2019-07-30T18:40:21Z</time></trkpt><trkpt lat="41.205698" lon="-7.779204"><ele>258.445</ele><time>2019-07-30T18:40:23Z</time></trkpt><trkpt lat="41.205774" lon="-7.779237"><ele>258.069</ele><time>2019-07-30T18:40:24Z</time></trkpt><trkpt lat="41.205926" lon="-7.779255"><ele>256.145</ele><time>2019-07-30T18:40:26Z</time></trkpt><trkpt lat="41.206081" lon="-7.779173"><ele>255.136</ele><time>2019-07-30T18:40:28Z</time></trkpt><trkpt lat="41.206200" lon="-7.779003"><ele>255.219</ele><time>2019-07-30T18:40:30Z</time></trkpt><trkpt lat="41.206259" lon="-7.778900"><ele>255.439</ele><time>2019-07-30T18:40:31Z</time></trkpt><trkpt lat="41.206363" lon="-7.778753"><ele>256.222</ele><time>2019-07-30T18:40:33Z</time></trkpt><trkpt lat="41.206427" lon="-7.778689"><ele>256.188</ele><time>2019-07-30T18:40:34Z</time></trkpt><trkpt lat="41.206598" lon="-7.778684"><ele>255.624</ele><time>2019-07-30T18:40:36Z</time></trkpt><trkpt lat="41.206683" lon="-7.778698"><ele>255.926</ele><time>2019-07-30T18:40:37Z</time></trkpt><trkpt lat="41.206772" lon="-7.778725"><ele>255.608</ele><time>2019-07-30T18:40:38Z</time></trkpt><trkpt lat="41.206852" lon="-7.778791"><ele>255.321</ele><time>2019-07-30T18:40:39Z</time></trkpt><trkpt lat="41.206952" lon="-7.778832"><ele>256.187</ele><time>2019-07-30T18:40:40Z</time></trkpt><trkpt lat="41.207139" lon="-7.778936"><ele>255.111</ele><time>2019-07-30T18:40:42Z</time></trkpt><trkpt lat="41.207322" lon="-7.779054"><ele>256.187</ele><time>2019-07-30T18:40:44Z</time></trkpt><trkpt lat="41.207404" lon="-7.779112"><ele>256.188</ele><time>2019-07-30T18:40:45Z</time></trkpt><trkpt lat="41.207553" lon="-7.779302"><ele>257.031</ele><time>2019-07-30T18:40:47Z</time></trkpt><trkpt lat="41.207702" lon="-7.779498"><ele>257.371</ele><time>2019-07-30T18:40:49Z</time></trkpt><trkpt lat="41.207768" lon="-7.779597"><ele>255.954</ele><time>2019-07-30T18:40:50Z</time></trkpt><trkpt lat="41.207896" lon="-7.779756"><ele>255.168</ele><time>2019-07-30T18:40:52Z</time></trkpt><trkpt lat="41.207956" lon="-7.779818"><ele>256.442</ele><time>2019-07-30T18:40:53Z</time></trkpt><trkpt lat="41.208028" lon="-7.779852"><ele>255.426</ele><time>2019-07-30T18:40:54Z</time></trkpt><trkpt lat="41.208085" lon="-7.779865"><ele>255.308</ele><time>2019-07-30T18:40:55Z</time></trkpt><trkpt lat="41.208201" lon="-7.779835"><ele>255.999</ele><time>2019-07-30T18:40:57Z</time></trkpt><trkpt lat="41.208251" lon="-7.779801"><ele>255.175</ele><time>2019-07-30T18:40:58Z</time></trkpt><trkpt lat="41.208364" lon="-7.779737"><ele>253.059</ele><time>2019-07-30T18:41:00Z</time></trkpt><trkpt lat="41.208486" lon="-7.779641"><ele>250.295</ele><time>2019-07-30T18:41:02Z</time></trkpt><trkpt lat="41.208604" lon="-7.779533"><ele>247.186</ele><time>2019-07-30T18:41:04Z</time></trkpt><trkpt lat="41.208663" lon="-7.779479"><ele>246.349</ele><time>2019-07-30T18:41:05Z</time></trkpt><trkpt lat="41.208748" lon="-7.779396"><ele>243.719</ele><time>2019-07-30T18:41:07Z</time></trkpt><trkpt lat="41.208806" lon="-7.779363"><ele>242.432</ele><time>2019-07-30T18:41:08Z</time></trkpt><trkpt lat="41.208901" lon="-7.779372"><ele>241.329</ele><time>2019-07-30T18:41:10Z</time></trkpt><trkpt lat="41.208986" lon="-7.779466"><ele>240.800</ele><time>2019-07-30T18:41:12Z</time></trkpt><trkpt lat="41.209035" lon="-7.779629"><ele>238.020</ele><time>2019-07-30T18:41:14Z</time></trkpt><trkpt lat="41.209077" lon="-7.779831"><ele>237.108</ele><time>2019-07-30T18:41:16Z</time></trkpt><trkpt lat="41.209111" lon="-7.779928"><ele>236.265</ele><time>2019-07-30T18:41:17Z</time></trkpt><trkpt lat="41.209185" lon="-7.780101"><ele>235.691</ele><time>2019-07-30T18:41:19Z</time></trkpt><trkpt lat="41.209241" lon="-7.780159"><ele>234.165</ele><time>2019-07-30T18:41:20Z</time></trkpt><trkpt lat="41.209337" lon="-7.780287"><ele>232.051</ele><time>2019-07-30T18:41:22Z</time></trkpt><trkpt lat="41.209387" lon="-7.780350"><ele>232.012</ele><time>2019-07-30T18:41:23Z</time></trkpt><trkpt lat="41.209441" lon="-7.780406"><ele>230.465</ele><time>2019-07-30T18:41:24Z</time></trkpt><trkpt lat="41.209526" lon="-7.780490"><ele>225.835</ele><time>2019-07-30T18:41:26Z</time></trkpt><trkpt lat="41.209551" lon="-7.780548"><ele>223.978</ele><time>2019-07-30T18:41:27Z</time></trkpt><trkpt lat="41.209574" lon="-7.780675"><ele>222.527</ele><time>2019-07-30T18:41:29Z</time></trkpt><trkpt lat="41.209569" lon="-7.780737"><ele>221.768</ele><time>2019-07-30T18:41:30Z</time></trkpt><trkpt lat="41.209570" lon="-7.780813"><ele>220.814</ele><time>2019-07-30T18:41:32Z</time></trkpt><trkpt lat="41.209580" lon="-7.780903"><ele>218.908</ele><time>2019-07-30T18:41:34Z</time></trkpt><trkpt lat="41.209599" lon="-7.780965"><ele>218.215</ele><time>2019-07-30T18:41:36Z</time></trkpt><trkpt lat="41.209648" lon="-7.780991"><ele>216.821</ele><time>2019-07-30T18:41:38Z</time></trkpt><trkpt lat="41.209685" lon="-7.780954"><ele>216.195</ele><time>2019-07-30T18:41:40Z</time></trkpt><trkpt lat="41.209738" lon="-7.780836"><ele>214.541</ele><time>2019-07-30T18:41:41Z</time></trkpt><trkpt lat="41.209772" lon="-7.780759"><ele>214.932</ele><time>2019-07-30T18:41:42Z</time></trkpt><trkpt lat="41.209774" lon="-7.780667"><ele>214.585</ele><time>2019-07-30T18:41:43Z</time></trkpt><trkpt lat="41.209794" lon="-7.780559"><ele>213.615</ele><time>2019-07-30T18:41:44Z</time></trkpt><trkpt lat="41.209796" lon="-7.780464"><ele>213.738</ele><time>2019-07-30T18:41:45Z</time></trkpt><trkpt lat="41.209804" lon="-7.780349"><ele>213.825</ele><time>2019-07-30T18:41:46Z</time></trkpt><trkpt lat="41.209799" lon="-7.780235"><ele>213.226</ele><time>2019-07-30T18:41:47Z</time></trkpt><trkpt lat="41.209795" lon="-7.779984"><ele>211.508</ele><time>2019-07-30T18:41:49Z</time></trkpt><trkpt lat="41.209790" lon="-7.779846"><ele>209.908</ele><time>2019-07-30T18:41:50Z</time></trkpt><trkpt lat="41.209779" lon="-7.779564"><ele>207.315</ele><time>2019-07-30T18:41:52Z</time></trkpt><trkpt lat="41.209776" lon="-7.779428"><ele>206.281</ele><time>2019-07-30T18:41:53Z</time></trkpt><trkpt lat="41.209769" lon="-7.779283"><ele>204.755</ele><time>2019-07-30T18:41:54Z</time></trkpt><trkpt lat="41.209759" lon="-7.778989"><ele>202.541</ele><time>2019-07-30T18:41:56Z</time></trkpt><trkpt lat="41.209748" lon="-7.778704"><ele>201.892</ele><time>2019-07-30T18:41:58Z</time></trkpt><trkpt lat="41.209758" lon="-7.778442"><ele>200.785</ele><time>2019-07-30T18:42:00Z</time></trkpt><trkpt lat="41.209816" lon="-7.778202"><ele>200.655</ele><time>2019-07-30T18:42:02Z</time></trkpt><trkpt lat="41.209947" lon="-7.778000"><ele>201.528</ele><time>2019-07-30T18:42:04Z</time></trkpt><trkpt lat="41.210021" lon="-7.777927"><ele>204.326</ele><time>2019-07-30T18:42:05Z</time></trkpt><trkpt lat="41.210179" lon="-7.777736"><ele>206.247</ele><time>2019-07-30T18:42:07Z</time></trkpt><trkpt lat="41.210275" lon="-7.777531"><ele>209.211</ele><time>2019-07-30T18:42:09Z</time></trkpt><trkpt lat="41.210320" lon="-7.777399"><ele>209.808</ele><time>2019-07-30T18:42:10Z</time></trkpt><trkpt lat="41.210337" lon="-7.777277"><ele>210.655</ele><time>2019-07-30T18:42:11Z</time></trkpt><trkpt lat="41.210283" lon="-7.777023"><ele>213.961</ele><time>2019-07-30T18:42:13Z</time></trkpt><trkpt lat="41.210240" lon="-7.776908"><ele>215.155</ele><time>2019-07-30T18:42:14Z</time></trkpt><trkpt lat="41.210188" lon="-7.776783"><ele>216.181</ele><time>2019-07-30T18:42:15Z</time></trkpt><trkpt lat="41.210055" lon="-7.776559"><ele>217.622</ele><time>2019-07-30T18:42:17Z</time></trkpt><trkpt lat="41.209915" lon="-7.776376"><ele>219.935</ele><time>2019-07-30T18:42:19Z</time></trkpt><trkpt lat="41.209758" lon="-7.776216"><ele>220.315</ele><time>2019-07-30T18:42:21Z</time></trkpt><trkpt lat="41.209670" lon="-7.776149"><ele>219.778</ele><time>2019-07-30T18:42:22Z</time></trkpt><trkpt lat="41.209528" lon="-7.776044"><ele>220.998</ele><time>2019-07-30T18:42:24Z</time></trkpt><trkpt lat="41.209424" lon="-7.775912"><ele>221.915</ele><time>2019-07-30T18:42:26Z</time></trkpt><trkpt lat="41.209411" lon="-7.775810"><ele>221.326</ele><time>2019-07-30T18:42:27Z</time></trkpt><trkpt lat="41.209414" lon="-7.775621"><ele>223.008</ele><time>2019-07-30T18:42:29Z</time></trkpt><trkpt lat="41.209443" lon="-7.775533"><ele>224.262</ele><time>2019-07-30T18:42:30Z</time></trkpt><trkpt lat="41.209492" lon="-7.775394"><ele>226.038</ele><time>2019-07-30T18:42:32Z</time></trkpt><trkpt lat="41.209529" lon="-7.775291"><ele>227.682</ele><time>2019-07-30T18:42:34Z</time></trkpt><trkpt lat="41.209598" lon="-7.775265"><ele>229.068</ele><time>2019-07-30T18:42:36Z</time></trkpt><trkpt lat="41.209659" lon="-7.775327"><ele>229.879</ele><time>2019-07-30T18:42:38Z</time></trkpt><trkpt lat="41.209719" lon="-7.775435"><ele>230.792</ele><time>2019-07-30T18:42:40Z</time></trkpt><trkpt lat="41.209807" lon="-7.775542"><ele>231.492</ele><time>2019-07-30T18:42:42Z</time></trkpt><trkpt lat="41.209899" lon="-7.775645"><ele>232.315</ele><time>2019-07-30T18:42:44Z</time></trkpt><trkpt lat="41.209930" lon="-7.775712"><ele>231.923</ele><time>2019-07-30T18:42:45Z</time></trkpt><trkpt lat="41.210011" lon="-7.775832"><ele>231.983</ele><time>2019-07-30T18:42:47Z</time></trkpt><trkpt lat="41.210060" lon="-7.775874"><ele>232.511</ele><time>2019-07-30T18:42:48Z</time></trkpt><trkpt lat="41.210096" lon="-7.775920"><ele>233.708</ele><time>2019-07-30T18:42:49Z</time></trkpt><trkpt lat="41.210161" lon="-7.776012"><ele>235.055</ele><time>2019-07-30T18:42:51Z</time></trkpt><trkpt lat="41.210231" lon="-7.776062"><ele>235.171</ele><time>2019-07-30T18:42:53Z</time></trkpt><trkpt lat="41.210282" lon="-7.776120"><ele>234.985</ele><time>2019-07-30T18:42:55Z</time></trkpt><trkpt lat="41.210319" lon="-7.776165"><ele>234.621</ele><time>2019-07-30T18:42:58Z</time></trkpt></trkseg></trk></gpx>