<?xml version="1.0" encoding="UTF-8"?><gpx creator="Wikiloc - https://www.wikiloc.com" version="1.1" xmlns="http://www.topografix.com/GPX/1/1" xmlns:xsi="http://www.w3.org/2001/XMLSchema-instance" xsi:schemaLocation="http://www.topografix.com/GPX/1/1 http://www.topografix.com/GPX/1/1/gpx.xsd"><metadata><name>Wikiloc - Passeio Off Road - '31/07/2022'</name><author><name>Milton Komnicki</name><link href="https://www.wikiloc.com/wikiloc/user.do?id=7820323"><text>Milton Komnicki on Wikiloc</text></link></author><link href="https://www.wikiloc.com/motorcycling-trails/passeio-off-road-31-07-2022-109365630"><text>Passeio Off Road - '31/07/2022' on Wikiloc</text></link><time>2022-07-31T21:26:47Z</time></metadata><wpt lat="-24.114163" lon="-49.337185"><ele>749.6</ele><time>2022-07-31T15:55:31Z</time><name>Foto</name><cmt></cmt><desc></desc></wpt><wpt lat="-24.118334" lon="-49.362817"><ele>622.5</ele><time>2022-07-31T16:04:34Z</time><name>Ponte</name><cmt></cmt><desc></desc></wpt><wpt lat="-24.121505" lon="-49.365037"><ele>643.8</ele><time>2022-07-31T16:08:16Z</time><name>Panorama</name><cmt></cmt><desc></desc></wpt><wpt lat="-24.137276" lon="-49.384576"><ele>673.8</ele><time>2022-07-31T16:26:58Z</time><name>'Passeio Off Road' - '31/07/2022'</name><cmt></cmt><desc></desc></wpt><wpt lat="-24.124018" lon="-49.390908"><ele>628.3</ele><time>2022-07-31T17:07:46Z</time><name>Rio</name><cmt></cmt><desc></desc></wpt><wpt lat="-24.121132" lon="-49.390041"><ele>627.0</ele><time>2022-07-31T17:12:52Z</time><name>Interseção</name><cmt></cmt><desc></desc></wpt><wpt lat="-24.121202" lon="-49.391324"><ele>610.1</ele><time>2022-07-31T17:15:44Z</time><name>Rio Funil - Sengés-PR - '31/07/2022'</name><cmt></cmt><desc></desc></wpt><wpt lat="-24.129049" lon="-49.387795"><ele>640.0</ele><time>2022-07-31T17:27:03Z</time><name>Rio</name><cmt></cmt><desc></desc></wpt><wpt lat="-24.206661" lon="-49.358187"><ele>929.7</ele><time>2022-07-31T17:58:59Z</time><name>Cachoeira do Corisco - '31/07/2022'</name><cmt></cmt><desc></desc></wpt><wpt lat="-24.247653" lon="-49.341987"><ele>954.9</ele><time>2022-07-31T18:30:37Z</time><name>Panorama</name><cmt></cmt><desc></desc></wpt><wpt lat="-24.251493" lon="-49.342667"><ele>889.9</ele><time>2022-07-31T18:34:11Z</time><name>Panorama</name><cmt></cmt><desc></desc></wpt><wpt lat="-24.249192" lon="-49.330025"><ele>812.1</ele><time>2022-07-31T18:40:30Z</time><name>Interseção</name><cmt></cmt><desc></desc></wpt><wpt lat="-24.246668" lon="-49.327020"><ele>854.7</ele><time>2022-07-31T18:44:36Z</time><name>Interseção</name><cmt></cmt><desc></desc></wpt><wpt lat="-24.239121" lon="-49.318732"><ele>762.2</ele><time>2022-07-31T19:02:58Z</time><name>Ponte</name><cmt></cmt><desc></desc></wpt><wpt lat="-24.234064" lon="-49.312436"><ele>899.2</ele><time>2022-07-31T19:12:29Z</time><name>Panorama</name><cmt></cmt><desc></desc></wpt><wpt lat="-24.231915" lon="-49.312575"><ele>932.4</ele><time>2022-07-31T19:15:39Z</time><name>Panorama</name><cmt></cmt><desc></desc></wpt><wpt lat="-24.232040" lon="-49.312614"><ele>936.5</ele><time>2022-07-31T19:17:26Z</time><name>Panorama</name><cmt></cmt><desc></desc></wpt><wpt lat="-24.227302" lon="-49.314077"><ele>1019.5</ele><time>2022-07-31T19:29:02Z</time><name>Árvore</name><cmt></cmt><desc></desc></wpt><wpt lat="-24.152989" lon="-49.312743"><ele>766.1</ele><time>2022-07-31T20:02:16Z</time><name>Interseção</name><cmt></cmt><desc></desc></wpt><wpt lat="-24.122781" lon="-49.289217"><ele>792.0</ele><time>2022-07-31T20:50:31Z</time><name>Foto</name><cmt></cmt><desc></desc></wpt><wpt lat="-24.114112" lon="-49.337252"><ele>747.0</ele><time>2022-07-31T21:20:41Z</time><name>Foto</name><cmt></cmt><desc></desc></wpt><trk><name>Passeio Off Road - '31/07/2022' - Wikiloc</name><cmt></cmt><desc></desc><trkseg><trkpt lat="-24.114153" lon="-49.337086"><ele>754.416</ele><time>2022-07-31T17:55:11Z</time></trkpt><trkpt lat="-24.114091" lon="-49.337239"><ele>754.476</ele><time>2022-07-31T17:55:16Z</time></trkpt><trkpt lat="-24.114163" lon="-49.337185"><ele>754.413</ele><time>2022-07-31T17:55:19Z</time></trkpt><trkpt lat="-24.114132" lon="-49.337230"><ele>754.409</ele><time>2022-07-31T17:55:46Z</time></trkpt><trkpt lat="-24.114183" lon="-49.337257"><ele>754.452</ele><time>2022-07-31T17:57:03Z</time></trkpt><trkpt lat="-24.114201" lon="-49.337313"><ele>754.421</ele><time>2022-07-31T17:57:05Z</time></trkpt><trkpt lat="-24.114220" lon="-49.337412"><ele>754.420</ele><time>2022-07-31T17:57:07Z</time></trkpt><trkpt lat="-24.114231" lon="-49.337470"><ele>754.474</ele><time>2022-07-31T17:57:08Z</time></trkpt><trkpt lat="-24.114247" lon="-49.337533"><ele>754.487</ele><time>2022-07-31T17:57:09Z</time></trkpt><trkpt lat="-24.114254" lon="-49.337584"><ele>754.436</ele><time>2022-07-31T17:57:10Z</time></trkpt><trkpt lat="-24.114264" lon="-49.337633"><ele>754.497</ele><time>2022-07-31T17:57:11Z</time></trkpt><trkpt lat="-24.114272" lon="-49.337691"><ele>754.474</ele><time>2022-07-31T17:57:12Z</time></trkpt><trkpt lat="-24.114280" lon="-49.337751"><ele>754.411</ele><time>2022-07-31T17:57:13Z</time></trkpt><trkpt lat="-24.114294" lon="-49.337813"><ele>754.485</ele><time>2022-07-31T17:57:14Z</time></trkpt><trkpt lat="-24.114310" lon="-49.337880"><ele>754.489</ele><time>2022-07-31T17:57:15Z</time></trkpt><trkpt lat="-24.114327" lon="-49.337954"><ele>754.417</ele><time>2022-07-31T17:57:16Z</time></trkpt><trkpt lat="-24.114353" lon="-49.338027"><ele>754.409</ele><time>2022-07-31T17:57:17Z</time></trkpt><trkpt lat="-24.114372" lon="-49.338108"><ele>754.429</ele><time>2022-07-31T17:57:18Z</time></trkpt><trkpt lat="-24.114387" lon="-49.338190"><ele>754.488</ele><time>2022-07-31T17:57:19Z</time></trkpt><trkpt lat="-24.114405" lon="-49.338274"><ele>754.417</ele><time>2022-07-31T17:57:20Z</time></trkpt><trkpt lat="-24.114417" lon="-49.338359"><ele>735.631</ele><time>2022-07-31T17:57:21Z</time></trkpt><trkpt lat="-24.114449" lon="-49.338453"><ele>735.414</ele><time>2022-07-31T17:57:22Z</time></trkpt><trkpt lat="-24.114471" lon="-49.338545"><ele>735.213</ele><time>2022-07-31T17:57:23Z</time></trkpt><trkpt lat="-24.114490" lon="-49.338633"><ele>735.484</ele><time>2022-07-31T17:57:24Z</time></trkpt><trkpt lat="-24.114510" lon="-49.338721"><ele>735.451</ele><time>2022-07-31T17:57:25Z</time></trkpt><trkpt lat="-24.114531" lon="-49.338816"><ele>734.798</ele><time>2022-07-31T17:57:26Z</time></trkpt><trkpt lat="-24.114550" lon="-49.338909"><ele>733.776</ele><time>2022-07-31T17:57:27Z</time></trkpt><trkpt lat="-24.114562" lon="-49.338994"><ele>734.190</ele><time>2022-07-31T17:57:28Z</time></trkpt><trkpt lat="-24.114583" lon="-49.339090"><ele>733.519</ele><time>2022-07-31T17:57:29Z</time></trkpt><trkpt lat="-24.114595" lon="-49.339174"><ele>733.309</ele><time>2022-07-31T17:57:30Z</time></trkpt><trkpt lat="-24.114614" lon="-49.339262"><ele>733.678</ele><time>2022-07-31T17:57:31Z</time></trkpt><trkpt lat="-24.114633" lon="-49.339345"><ele>733.767</ele><time>2022-07-31T17:57:32Z</time></trkpt><trkpt lat="-24.114646" lon="-49.339433"><ele>733.156</ele><time>2022-07-31T17:57:33Z</time></trkpt><trkpt lat="-24.114663" lon="-49.339520"><ele>732.280</ele><time>2022-07-31T17:57:34Z</time></trkpt><trkpt lat="-24.114683" lon="-49.339606"><ele>733.733</ele><time>2022-07-31T17:57:35Z</time></trkpt><trkpt lat="-24.114699" lon="-49.339694"><ele>732.812</ele><time>2022-07-31T17:57:36Z</time></trkpt><trkpt lat="-24.114717" lon="-49.339782"><ele>732.643</ele><time>2022-07-31T17:57:37Z</time></trkpt><trkpt lat="-24.114734" lon="-49.339871"><ele>732.460</ele><time>2022-07-31T17:57:38Z</time></trkpt><trkpt lat="-24.114747" lon="-49.339956"><ele>732.867</ele><time>2022-07-31T17:57:39Z</time></trkpt><trkpt lat="-24.114764" lon="-49.340043"><ele>733.137</ele><time>2022-07-31T17:57:40Z</time></trkpt><trkpt lat="-24.114782" lon="-49.340132"><ele>733.049</ele><time>2022-07-31T17:57:41Z</time></trkpt><trkpt lat="-24.114800" lon="-49.340225"><ele>732.213</ele><time>2022-07-31T17:57:42Z</time></trkpt><trkpt lat="-24.114819" lon="-49.340312"><ele>731.309</ele><time>2022-07-31T17:57:43Z</time></trkpt><trkpt lat="-24.114839" lon="-49.340400"><ele>731.394</ele><time>2022-07-31T17:57:44Z</time></trkpt><trkpt lat="-24.114858" lon="-49.340487"><ele>731.623</ele><time>2022-07-31T17:57:45Z</time></trkpt><trkpt lat="-24.114876" lon="-49.340577"><ele>731.842</ele><time>2022-07-31T17:57:46Z</time></trkpt><trkpt lat="-24.114896" lon="-49.340662"><ele>732.346</ele><time>2022-07-31T17:57:47Z</time></trkpt><trkpt lat="-24.114923" lon="-49.340750"><ele>731.399</ele><time>2022-07-31T17:57:48Z</time></trkpt><trkpt lat="-24.114943" lon="-49.340842"><ele>731.748</ele><time>2022-07-31T17:57:49Z</time></trkpt><trkpt lat="-24.114964" lon="-49.340929"><ele>732.039</ele><time>2022-07-31T17:57:50Z</time></trkpt><trkpt lat="-24.114976" lon="-49.341017"><ele>732.956</ele><time>2022-07-31T17:57:51Z</time></trkpt><trkpt lat="-24.114999" lon="-49.341110"><ele>733.393</ele><time>2022-07-31T17:57:52Z</time></trkpt><trkpt lat="-24.115022" lon="-49.341212"><ele>731.888</ele><time>2022-07-31T17:57:53Z</time></trkpt><trkpt lat="-24.115041" lon="-49.341312"><ele>731.024</ele><time>2022-07-31T17:57:54Z</time></trkpt><trkpt lat="-24.115062" lon="-49.341403"><ele>731.126</ele><time>2022-07-31T17:57:55Z</time></trkpt><trkpt lat="-24.115086" lon="-49.341488"><ele>730.909</ele><time>2022-07-31T17:57:56Z</time></trkpt><trkpt lat="-24.115110" lon="-49.341575"><ele>731.589</ele><time>2022-07-31T17:57:57Z</time></trkpt><trkpt lat="-24.115128" lon="-49.341662"><ele>731.928</ele><time>2022-07-31T17:57:58Z</time></trkpt><trkpt lat="-24.115147" lon="-49.341744"><ele>731.167</ele><time>2022-07-31T17:57:59Z</time></trkpt><trkpt lat="-24.115157" lon="-49.341840"><ele>730.211</ele><time>2022-07-31T17:58:00Z</time></trkpt><trkpt lat="-24.115164" lon="-49.341927"><ele>729.744</ele><time>2022-07-31T17:58:01Z</time></trkpt><trkpt lat="-24.115180" lon="-49.342024"><ele>729.863</ele><time>2022-07-31T17:58:02Z</time></trkpt><trkpt lat="-24.115197" lon="-49.342107"><ele>729.854</ele><time>2022-07-31T17:58:03Z</time></trkpt><trkpt lat="-24.115215" lon="-49.342195"><ele>730.451</ele><time>2022-07-31T17:58:04Z</time></trkpt><trkpt lat="-24.115231" lon="-49.342285"><ele>730.568</ele><time>2022-07-31T17:58:05Z</time></trkpt><trkpt lat="-24.115253" lon="-49.342378"><ele>730.486</ele><time>2022-07-31T17:58:06Z</time></trkpt><trkpt lat="-24.115257" lon="-49.342462"><ele>730.860</ele><time>2022-07-31T17:58:07Z</time></trkpt><trkpt lat="-24.115278" lon="-49.342551"><ele>731.126</ele><time>2022-07-31T17:58:08Z</time></trkpt><trkpt lat="-24.115294" lon="-49.342639"><ele>733.309</ele><time>2022-07-31T17:58:09Z</time></trkpt><trkpt lat="-24.115309" lon="-49.342730"><ele>732.689</ele><time>2022-07-31T17:58:10Z</time></trkpt><trkpt lat="-24.115321" lon="-49.342819"><ele>732.658</ele><time>2022-07-31T17:58:11Z</time></trkpt><trkpt lat="-24.115343" lon="-49.342906"><ele>732.697</ele><time>2022-07-31T17:58:12Z</time></trkpt><trkpt lat="-24.115358" lon="-49.342993"><ele>732.661</ele><time>2022-07-31T17:58:13Z</time></trkpt><trkpt lat="-24.115385" lon="-49.343086"><ele>733.124</ele><time>2022-07-31T17:58:14Z</time></trkpt><trkpt lat="-24.115391" lon="-49.343183"><ele>731.563</ele><time>2022-07-31T17:58:15Z</time></trkpt><trkpt lat="-24.115416" lon="-49.343276"><ele>731.874</ele><time>2022-07-31T17:58:16Z</time></trkpt><trkpt lat="-24.115439" lon="-49.343375"><ele>731.661</ele><time>2022-07-31T17:58:17Z</time></trkpt><trkpt lat="-24.115458" lon="-49.343466"><ele>732.618</ele><time>2022-07-31T17:58:18Z</time></trkpt><trkpt lat="-24.115489" lon="-49.343557"><ele>733.389</ele><time>2022-07-31T17:58:19Z</time></trkpt><trkpt lat="-24.115515" lon="-49.343648"><ele>732.606</ele><time>2022-07-31T17:58:20Z</time></trkpt><trkpt lat="-24.115535" lon="-49.343742"><ele>733.326</ele><time>2022-07-31T17:58:21Z</time></trkpt><trkpt lat="-24.115554" lon="-49.343835"><ele>733.509</ele><time>2022-07-31T17:58:22Z</time></trkpt><trkpt lat="-24.115573" lon="-49.343927"><ele>733.919</ele><time>2022-07-31T17:58:23Z</time></trkpt><trkpt lat="-24.115581" lon="-49.344018"><ele>733.148</ele><time>2022-07-31T17:58:24Z</time></trkpt><trkpt lat="-24.115596" lon="-49.344113"><ele>733.617</ele><time>2022-07-31T17:58:25Z</time></trkpt><trkpt lat="-24.115626" lon="-49.344210"><ele>733.011</ele><time>2022-07-31T17:58:26Z</time></trkpt><trkpt lat="-24.115647" lon="-49.344303"><ele>732.824</ele><time>2022-07-31T17:58:27Z</time></trkpt><trkpt lat="-24.115653" lon="-49.344390"><ele>733.613</ele><time>2022-07-31T17:58:28Z</time></trkpt><trkpt lat="-24.115671" lon="-49.344488"><ele>737.544</ele><time>2022-07-31T17:58:29Z</time></trkpt><trkpt lat="-24.115681" lon="-49.344589"><ele>735.051</ele><time>2022-07-31T17:58:30Z</time></trkpt><trkpt lat="-24.115705" lon="-49.344675"><ele>734.528</ele><time>2022-07-31T17:58:31Z</time></trkpt><trkpt lat="-24.115740" lon="-49.344774"><ele>734.936</ele><time>2022-07-31T17:58:32Z</time></trkpt><trkpt lat="-24.115743" lon="-49.344862"><ele>732.217</ele><time>2022-07-31T17:58:33Z</time></trkpt><trkpt lat="-24.115759" lon="-49.344948"><ele>734.418</ele><time>2022-07-31T17:58:34Z</time></trkpt><trkpt lat="-24.115762" lon="-49.345016"><ele>735.709</ele><time>2022-07-31T17:58:35Z</time></trkpt><trkpt lat="-24.115830" lon="-49.345106"><ele>736.084</ele><time>2022-07-31T17:58:36Z</time></trkpt><trkpt lat="-24.115841" lon="-49.345187"><ele>736.873</ele><time>2022-07-31T17:58:37Z</time></trkpt><trkpt lat="-24.115862" lon="-49.345279"><ele>736.172</ele><time>2022-07-31T17:58:38Z</time></trkpt><trkpt lat="-24.115877" lon="-49.345358"><ele>736.736</ele><time>2022-07-31T17:58:39Z</time></trkpt><trkpt lat="-24.115896" lon="-49.345443"><ele>736.969</ele><time>2022-07-31T17:58:40Z</time></trkpt><trkpt lat="-24.115908" lon="-49.345518"><ele>737.488</ele><time>2022-07-31T17:58:41Z</time></trkpt><trkpt lat="-24.115923" lon="-49.345599"><ele>737.469</ele><time>2022-07-31T17:58:42Z</time></trkpt><trkpt lat="-24.115944" lon="-49.345680"><ele>737.556</ele><time>2022-07-31T17:58:43Z</time></trkpt><trkpt lat="-24.115963" lon="-49.345754"><ele>737.873</ele><time>2022-07-31T17:58:44Z</time></trkpt><trkpt lat="-24.115944" lon="-49.345822"><ele>736.553</ele><time>2022-07-31T17:58:45Z</time></trkpt><trkpt lat="-24.115948" lon="-49.345888"><ele>736.504</ele><time>2022-07-31T17:58:46Z</time></trkpt><trkpt lat="-24.115951" lon="-49.345953"><ele>736.314</ele><time>2022-07-31T17:58:47Z</time></trkpt><trkpt lat="-24.115960" lon="-49.346016"><ele>736.309</ele><time>2022-07-31T17:58:48Z</time></trkpt><trkpt lat="-24.115964" lon="-49.346078"><ele>736.656</ele><time>2022-07-31T17:58:49Z</time></trkpt><trkpt lat="-24.115952" lon="-49.346148"><ele>737.115</ele><time>2022-07-31T17:58:50Z</time></trkpt><trkpt lat="-24.115937" lon="-49.346221"><ele>737.024</ele><time>2022-07-31T17:58:51Z</time></trkpt><trkpt lat="-24.115911" lon="-49.346287"><ele>736.878</ele><time>2022-07-31T17:58:52Z</time></trkpt><trkpt lat="-24.115883" lon="-49.346365"><ele>736.991</ele><time>2022-07-31T17:58:53Z</time></trkpt><trkpt lat="-24.115860" lon="-49.346456"><ele>736.670</ele><time>2022-07-31T17:58:54Z</time></trkpt><trkpt lat="-24.115828" lon="-49.346545"><ele>736.821</ele><time>2022-07-31T17:58:55Z</time></trkpt><trkpt lat="-24.115799" lon="-49.346659"><ele>735.668</ele><time>2022-07-31T17:58:56Z</time></trkpt><trkpt lat="-24.115768" lon="-49.346768"><ele>735.665</ele><time>2022-07-31T17:58:57Z</time></trkpt><trkpt lat="-24.115738" lon="-49.346879"><ele>734.721</ele><time>2022-07-31T17:58:58Z</time></trkpt><trkpt lat="-24.115699" lon="-49.347002"><ele>734.041</ele><time>2022-07-31T17:58:59Z</time></trkpt><trkpt lat="-24.115662" lon="-49.347130"><ele>733.705</ele><time>2022-07-31T17:59:00Z</time></trkpt><trkpt lat="-24.115617" lon="-49.347251"><ele>732.909</ele><time>2022-07-31T17:59:01Z</time></trkpt><trkpt lat="-24.115580" lon="-49.347378"><ele>732.253</ele><time>2022-07-31T17:59:02Z</time></trkpt><trkpt lat="-24.115549" lon="-49.347505"><ele>732.222</ele><time>2022-07-31T17:59:03Z</time></trkpt><trkpt lat="-24.115525" lon="-49.347641"><ele>730.811</ele><time>2022-07-31T17:59:04Z</time></trkpt><trkpt lat="-24.115507" lon="-49.347783"><ele>730.165</ele><time>2022-07-31T17:59:05Z</time></trkpt><trkpt lat="-24.115495" lon="-49.347929"><ele>730.318</ele><time>2022-07-31T17:59:06Z</time></trkpt><trkpt lat="-24.115496" lon="-49.348074"><ele>729.177</ele><time>2022-07-31T17:59:07Z</time></trkpt><trkpt lat="-24.115491" lon="-49.348228"><ele>728.058</ele><time>2022-07-31T17:59:08Z</time></trkpt><trkpt lat="-24.115488" lon="-49.348391"><ele>726.945</ele><time>2022-07-31T17:59:09Z</time></trkpt><trkpt lat="-24.115480" lon="-49.348550"><ele>726.222</ele><time>2022-07-31T17:59:10Z</time></trkpt><trkpt lat="-24.115465" lon="-49.348707"><ele>724.672</ele><time>2022-07-31T17:59:11Z</time></trkpt><trkpt lat="-24.115443" lon="-49.348876"><ele>723.813</ele><time>2022-07-31T17:59:12Z</time></trkpt><trkpt lat="-24.115415" lon="-49.349059"><ele>722.914</ele><time>2022-07-31T17:59:13Z</time></trkpt><trkpt lat="-24.115385" lon="-49.349254"><ele>721.509</ele><time>2022-07-31T17:59:14Z</time></trkpt><trkpt lat="-24.115348" lon="-49.349454"><ele>719.838</ele><time>2022-07-31T17:59:15Z</time></trkpt><trkpt lat="-24.115307" lon="-49.349662"><ele>718.787</ele><time>2022-07-31T17:59:16Z</time></trkpt><trkpt lat="-24.115273" lon="-49.349883"><ele>716.986</ele><time>2022-07-31T17:59:17Z</time></trkpt><trkpt lat="-24.115214" lon="-49.350097"><ele>715.810</ele><time>2022-07-31T17:59:18Z</time></trkpt><trkpt lat="-24.115174" lon="-49.350311"><ele>714.033</ele><time>2022-07-31T17:59:19Z</time></trkpt><trkpt lat="-24.115133" lon="-49.350519"><ele>722.252</ele><time>2022-07-31T17:59:20Z</time></trkpt><trkpt lat="-24.115088" lon="-49.350721"><ele>717.113</ele><time>2022-07-31T17:59:21Z</time></trkpt><trkpt lat="-24.115051" lon="-49.350926"><ele>713.210</ele><time>2022-07-31T17:59:22Z</time></trkpt><trkpt lat="-24.115009" lon="-49.351123"><ele>710.837</ele><time>2022-07-31T17:59:23Z</time></trkpt><trkpt lat="-24.114972" lon="-49.351297"><ele>712.765</ele><time>2022-07-31T17:59:24Z</time></trkpt><trkpt lat="-24.114929" lon="-49.351483"><ele>708.168</ele><time>2022-07-31T17:59:25Z</time></trkpt><trkpt lat="-24.114891" lon="-49.351656"><ele>705.114</ele><time>2022-07-31T17:59:26Z</time></trkpt><trkpt lat="-24.114857" lon="-49.351810"><ele>703.109</ele><time>2022-07-31T17:59:27Z</time></trkpt><trkpt lat="-24.114822" lon="-49.351955"><ele>700.597</ele><time>2022-07-31T17:59:28Z</time></trkpt><trkpt lat="-24.114793" lon="-49.352093"><ele>699.186</ele><time>2022-07-31T17:59:29Z</time></trkpt><trkpt lat="-24.114758" lon="-49.352226"><ele>697.165</ele><time>2022-07-31T17:59:30Z</time></trkpt><trkpt lat="-24.114717" lon="-49.352351"><ele>695.879</ele><time>2022-07-31T17:59:31Z</time></trkpt><trkpt lat="-24.114682" lon="-49.352469"><ele>694.832</ele><time>2022-07-31T17:59:32Z</time></trkpt><trkpt lat="-24.114649" lon="-49.352576"><ele>693.751</ele><time>2022-07-31T17:59:33Z</time></trkpt><trkpt lat="-24.114616" lon="-49.352679"><ele>692.752</ele><time>2022-07-31T17:59:34Z</time></trkpt><trkpt lat="-24.114582" lon="-49.352761"><ele>692.449</ele><time>2022-07-31T17:59:35Z</time></trkpt><trkpt lat="-24.114555" lon="-49.352849"><ele>691.686</ele><time>2022-07-31T17:59:36Z</time></trkpt><trkpt lat="-24.114532" lon="-49.352916"><ele>691.173</ele><time>2022-07-31T17:59:37Z</time></trkpt><trkpt lat="-24.114512" lon="-49.352990"><ele>689.985</ele><time>2022-07-31T17:59:38Z</time></trkpt><trkpt lat="-24.114497" lon="-49.353046"><ele>690.013</ele><time>2022-07-31T17:59:39Z</time></trkpt><trkpt lat="-24.114479" lon="-49.353097"><ele>690.009</ele><time>2022-07-31T17:59:40Z</time></trkpt><trkpt lat="-24.114462" lon="-49.353152"><ele>689.028</ele><time>2022-07-31T17:59:41Z</time></trkpt><trkpt lat="-24.114447" lon="-49.353200"><ele>688.977</ele><time>2022-07-31T17:59:42Z</time></trkpt><trkpt lat="-24.114430" lon="-49.353253"><ele>688.776</ele><time>2022-07-31T17:59:43Z</time></trkpt><trkpt lat="-24.114420" lon="-49.353315"><ele>688.070</ele><time>2022-07-31T17:59:44Z</time></trkpt><trkpt lat="-24.114405" lon="-49.353384"><ele>687.673</ele><time>2022-07-31T17:59:45Z</time></trkpt><trkpt lat="-24.114394" lon="-49.353465"><ele>687.412</ele><time>2022-07-31T17:59:46Z</time></trkpt><trkpt lat="-24.114376" lon="-49.353545"><ele>687.483</ele><time>2022-07-31T17:59:47Z</time></trkpt><trkpt lat="-24.114365" lon="-49.353629"><ele>702.220</ele><time>2022-07-31T17:59:48Z</time></trkpt><trkpt lat="-24.114356" lon="-49.353714"><ele>696.787</ele><time>2022-07-31T17:59:49Z</time></trkpt><trkpt lat="-24.114338" lon="-49.353792"><ele>693.661</ele><time>2022-07-31T17:59:50Z</time></trkpt><trkpt lat="-24.114330" lon="-49.353879"><ele>691.221</ele><time>2022-07-31T17:59:51Z</time></trkpt><trkpt lat="-24.114319" lon="-49.353962"><ele>689.713</ele><time>2022-07-31T17:59:52Z</time></trkpt><trkpt lat="-24.114310" lon="-49.354037"><ele>687.709</ele><time>2022-07-31T17:59:53Z</time></trkpt><trkpt lat="-24.114297" lon="-49.354113"><ele>686.537</ele><time>2022-07-31T17:59:54Z</time></trkpt><trkpt lat="-24.114294" lon="-49.354192"><ele>686.046</ele><time>2022-07-31T17:59:55Z</time></trkpt><trkpt lat="-24.114293" lon="-49.354262"><ele>685.775</ele><time>2022-07-31T17:59:56Z</time></trkpt><trkpt lat="-24.114286" lon="-49.354330"><ele>685.419</ele><time>2022-07-31T17:59:57Z</time></trkpt><trkpt lat="-24.114282" lon="-49.354390"><ele>685.262</ele><time>2022-07-31T17:59:58Z</time></trkpt><trkpt lat="-24.114277" lon="-49.354449"><ele>685.471</ele><time>2022-07-31T17:59:59Z</time></trkpt><trkpt lat="-24.114270" lon="-49.354517"><ele>685.012</ele><time>2022-07-31T18:00:00Z</time></trkpt><trkpt lat="-24.114262" lon="-49.354596"><ele>684.719</ele><time>2022-07-31T18:00:01Z</time></trkpt><trkpt lat="-24.114253" lon="-49.354696"><ele>684.826</ele><time>2022-07-31T18:00:02Z</time></trkpt><trkpt lat="-24.114248" lon="-49.354810"><ele>684.635</ele><time>2022-07-31T18:00:03Z</time></trkpt><trkpt lat="-24.114232" lon="-49.354943"><ele>684.086</ele><time>2022-07-31T18:00:04Z</time></trkpt><trkpt lat="-24.114213" lon="-49.355082"><ele>684.414</ele><time>2022-07-31T18:00:05Z</time></trkpt><trkpt lat="-24.114201" lon="-49.355237"><ele>684.209</ele><time>2022-07-31T18:00:06Z</time></trkpt><trkpt lat="-24.114211" lon="-49.355398"><ele>683.494</ele><time>2022-07-31T18:00:07Z</time></trkpt><trkpt lat="-24.114206" lon="-49.355565"><ele>683.043</ele><time>2022-07-31T18:00:08Z</time></trkpt><trkpt lat="-24.114209" lon="-49.355747"><ele>682.382</ele><time>2022-07-31T18:00:09Z</time></trkpt><trkpt lat="-24.114202" lon="-49.355915"><ele>682.396</ele><time>2022-07-31T18:00:10Z</time></trkpt><trkpt lat="-24.114194" lon="-49.356062"><ele>681.349</ele><time>2022-07-31T18:00:11Z</time></trkpt><trkpt lat="-24.114187" lon="-49.356195"><ele>681.148</ele><time>2022-07-31T18:00:12Z</time></trkpt><trkpt lat="-24.114196" lon="-49.356304"><ele>680.549</ele><time>2022-07-31T18:00:13Z</time></trkpt><trkpt lat="-24.114200" lon="-49.356392"><ele>679.916</ele><time>2022-07-31T18:00:14Z</time></trkpt><trkpt lat="-24.114207" lon="-49.356456"><ele>679.373</ele><time>2022-07-31T18:00:15Z</time></trkpt><trkpt lat="-24.114213" lon="-49.356543"><ele>678.855</ele><time>2022-07-31T18:00:17Z</time></trkpt><trkpt lat="-24.114217" lon="-49.356597"><ele>677.807</ele><time>2022-07-31T18:00:20Z</time></trkpt><trkpt lat="-24.114272" lon="-49.356618"><ele>678.017</ele><time>2022-07-31T18:00:25Z</time></trkpt><trkpt lat="-24.114341" lon="-49.356651"><ele>678.209</ele><time>2022-07-31T18:00:27Z</time></trkpt><trkpt lat="-24.114409" lon="-49.356669"><ele>677.746</ele><time>2022-07-31T18:00:29Z</time></trkpt><trkpt lat="-24.114474" lon="-49.356681"><ele>677.665</ele><time>2022-07-31T18:00:31Z</time></trkpt><trkpt lat="-24.114526" lon="-49.356734"><ele>677.884</ele><time>2022-07-31T18:00:33Z</time></trkpt><trkpt lat="-24.114534" lon="-49.356831"><ele>677.428</ele><time>2022-07-31T18:00:35Z</time></trkpt><trkpt lat="-24.114536" lon="-49.356893"><ele>677.031</ele><time>2022-07-31T18:00:36Z</time></trkpt><trkpt lat="-24.114543" lon="-49.356959"><ele>676.610</ele><time>2022-07-31T18:00:37Z</time></trkpt><trkpt lat="-24.114548" lon="-49.357036"><ele>675.861</ele><time>2022-07-31T18:00:38Z</time></trkpt><trkpt lat="-24.114553" lon="-49.357108"><ele>675.158</ele><time>2022-07-31T18:00:39Z</time></trkpt><trkpt lat="-24.114560" lon="-49.357179"><ele>675.245</ele><time>2022-07-31T18:00:40Z</time></trkpt><trkpt lat="-24.114565" lon="-49.357251"><ele>675.015</ele><time>2022-07-31T18:00:41Z</time></trkpt><trkpt lat="-24.114577" lon="-49.357324"><ele>675.065</ele><time>2022-07-31T18:00:42Z</time></trkpt><trkpt lat="-24.114596" lon="-49.357397"><ele>674.911</ele><time>2022-07-31T18:00:43Z</time></trkpt><trkpt lat="-24.114626" lon="-49.357464"><ele>674.809</ele><time>2022-07-31T18:00:44Z</time></trkpt><trkpt lat="-24.114650" lon="-49.357538"><ele>675.352</ele><time>2022-07-31T18:00:45Z</time></trkpt><trkpt lat="-24.114661" lon="-49.357610"><ele>674.431</ele><time>2022-07-31T18:00:46Z</time></trkpt><trkpt lat="-24.114674" lon="-49.357689"><ele>674.020</ele><time>2022-07-31T18:00:47Z</time></trkpt><trkpt lat="-24.114683" lon="-49.357781"><ele>672.914</ele><time>2022-07-31T18:00:48Z</time></trkpt><trkpt lat="-24.114676" lon="-49.357858"><ele>672.787</ele><time>2022-07-31T18:00:49Z</time></trkpt><trkpt lat="-24.114674" lon="-49.357928"><ele>672.386</ele><time>2022-07-31T18:00:50Z</time></trkpt><trkpt lat="-24.114666" lon="-49.357987"><ele>672.357</ele><time>2022-07-31T18:00:51Z</time></trkpt><trkpt lat="-24.114658" lon="-49.358052"><ele>672.844</ele><time>2022-07-31T18:00:52Z</time></trkpt><trkpt lat="-24.114652" lon="-49.358116"><ele>673.451</ele><time>2022-07-31T18:00:53Z</time></trkpt><trkpt lat="-24.114651" lon="-49.358199"><ele>673.091</ele><time>2022-07-31T18:00:54Z</time></trkpt><trkpt lat="-24.114654" lon="-49.358286"><ele>672.181</ele><time>2022-07-31T18:00:55Z</time></trkpt><trkpt lat="-24.114662" lon="-49.358375"><ele>671.819</ele><time>2022-07-31T18:00:56Z</time></trkpt><trkpt lat="-24.114657" lon="-49.358458"><ele>671.209</ele><time>2022-07-31T18:00:57Z</time></trkpt><trkpt lat="-24.114663" lon="-49.358547"><ele>670.640</ele><time>2022-07-31T18:00:58Z</time></trkpt><trkpt lat="-24.114669" lon="-49.358637"><ele>670.579</ele><time>2022-07-31T18:00:59Z</time></trkpt><trkpt lat="-24.114666" lon="-49.358724"><ele>669.818</ele><time>2022-07-31T18:01:00Z</time></trkpt><trkpt lat="-24.114666" lon="-49.358814"><ele>670.682</ele><time>2022-07-31T18:01:01Z</time></trkpt><trkpt lat="-24.114672" lon="-49.358896"><ele>669.845</ele><time>2022-07-31T18:01:02Z</time></trkpt><trkpt lat="-24.114672" lon="-49.358981"><ele>670.064</ele><time>2022-07-31T18:01:03Z</time></trkpt><trkpt lat="-24.114671" lon="-49.359057"><ele>669.785</ele><time>2022-07-31T18:01:04Z</time></trkpt><trkpt lat="-24.114669" lon="-49.359137"><ele>668.712</ele><time>2022-07-31T18:01:05Z</time></trkpt><trkpt lat="-24.114670" lon="-49.359207"><ele>668.719</ele><time>2022-07-31T18:01:06Z</time></trkpt><trkpt lat="-24.114669" lon="-49.359291"><ele>668.229</ele><time>2022-07-31T18:01:07Z</time></trkpt><trkpt lat="-24.114674" lon="-49.359369"><ele>668.200</ele><time>2022-07-31T18:01:08Z</time></trkpt><trkpt lat="-24.114685" lon="-49.359451"><ele>668.720</ele><time>2022-07-31T18:01:09Z</time></trkpt><trkpt lat="-24.114698" lon="-49.359531"><ele>668.709</ele><time>2022-07-31T18:01:10Z</time></trkpt><trkpt lat="-24.114720" lon="-49.359612"><ele>669.063</ele><time>2022-07-31T18:01:11Z</time></trkpt><trkpt lat="-24.114747" lon="-49.359684"><ele>668.532</ele><time>2022-07-31T18:01:12Z</time></trkpt><trkpt lat="-24.114778" lon="-49.359757"><ele>668.581</ele><time>2022-07-31T18:01:13Z</time></trkpt><trkpt lat="-24.114806" lon="-49.359829"><ele>669.655</ele><time>2022-07-31T18:01:14Z</time></trkpt><trkpt lat="-24.114818" lon="-49.359896"><ele>669.898</ele><time>2022-07-31T18:01:15Z</time></trkpt><trkpt lat="-24.114829" lon="-49.359965"><ele>670.477</ele><time>2022-07-31T18:01:16Z</time></trkpt><trkpt lat="-24.114838" lon="-49.360031"><ele>670.888</ele><time>2022-07-31T18:01:17Z</time></trkpt><trkpt lat="-24.114842" lon="-49.360104"><ele>670.795</ele><time>2022-07-31T18:01:18Z</time></trkpt><trkpt lat="-24.114852" lon="-49.360178"><ele>687.752</ele><time>2022-07-31T18:01:19Z</time></trkpt><trkpt lat="-24.114858" lon="-49.360256"><ele>680.689</ele><time>2022-07-31T18:01:20Z</time></trkpt><trkpt lat="-24.114865" lon="-49.360334"><ele>676.906</ele><time>2022-07-31T18:01:21Z</time></trkpt><trkpt lat="-24.114877" lon="-49.360410"><ele>675.026</ele><time>2022-07-31T18:01:22Z</time></trkpt><trkpt lat="-24.114882" lon="-49.360481"><ele>672.509</ele><time>2022-07-31T18:01:23Z</time></trkpt><trkpt lat="-24.114885" lon="-49.360554"><ele>671.349</ele><time>2022-07-31T18:01:24Z</time></trkpt><trkpt lat="-24.114877" lon="-49.360620"><ele>671.328</ele><time>2022-07-31T18:01:25Z</time></trkpt><trkpt lat="-24.114867" lon="-49.360694"><ele>670.477</ele><time>2022-07-31T18:01:26Z</time></trkpt><trkpt lat="-24.114858" lon="-49.360758"><ele>670.471</ele><time>2022-07-31T18:01:27Z</time></trkpt><trkpt lat="-24.114848" lon="-49.360821"><ele>671.564</ele><time>2022-07-31T18:01:28Z</time></trkpt><trkpt lat="-24.114845" lon="-49.360891"><ele>670.983</ele><time>2022-07-31T18:01:29Z</time></trkpt><trkpt lat="-24.114848" lon="-49.360965"><ele>670.044</ele><time>2022-07-31T18:01:30Z</time></trkpt><trkpt lat="-24.114858" lon="-49.361033"><ele>669.531</ele><time>2022-07-31T18:01:31Z</time></trkpt><trkpt lat="-24.114877" lon="-49.361106"><ele>669.378</ele><time>2022-07-31T18:01:32Z</time></trkpt><trkpt lat="-24.114889" lon="-49.361173"><ele>669.341</ele><time>2022-07-31T18:01:33Z</time></trkpt><trkpt lat="-24.114913" lon="-49.361246"><ele>669.681</ele><time>2022-07-31T18:01:34Z</time></trkpt><trkpt lat="-24.114938" lon="-49.361296"><ele>669.209</ele><time>2022-07-31T18:01:35Z</time></trkpt><trkpt lat="-24.114968" lon="-49.361367"><ele>669.109</ele><time>2022-07-31T18:01:36Z</time></trkpt><trkpt lat="-24.114990" lon="-49.361433"><ele>669.255</ele><time>2022-07-31T18:01:37Z</time></trkpt><trkpt lat="-24.115018" lon="-49.361499"><ele>669.594</ele><time>2022-07-31T18:01:38Z</time></trkpt><trkpt lat="-24.115039" lon="-49.361560"><ele>669.773</ele><time>2022-07-31T18:01:39Z</time></trkpt><trkpt lat="-24.115069" lon="-49.361621"><ele>668.057</ele><time>2022-07-31T18:01:40Z</time></trkpt><trkpt lat="-24.115102" lon="-49.361691"><ele>669.080</ele><time>2022-07-31T18:01:41Z</time></trkpt><trkpt lat="-24.115132" lon="-49.361747"><ele>668.989</ele><time>2022-07-31T18:01:42Z</time></trkpt><trkpt lat="-24.115168" lon="-49.361806"><ele>668.760</ele><time>2022-07-31T18:01:43Z</time></trkpt><trkpt lat="-24.115202" lon="-49.361863"><ele>668.357</ele><time>2022-07-31T18:01:44Z</time></trkpt><trkpt lat="-24.115240" lon="-49.361918"><ele>668.214</ele><time>2022-07-31T18:01:45Z</time></trkpt><trkpt lat="-24.115283" lon="-49.361969"><ele>668.619</ele><time>2022-07-31T18:01:46Z</time></trkpt><trkpt lat="-24.115325" lon="-49.362018"><ele>668.709</ele><time>2022-07-31T18:01:47Z</time></trkpt><trkpt lat="-24.115379" lon="-49.362065"><ele>668.119</ele><time>2022-07-31T18:01:48Z</time></trkpt><trkpt lat="-24.115431" lon="-49.362108"><ele>667.909</ele><time>2022-07-31T18:01:49Z</time></trkpt><trkpt lat="-24.115488" lon="-49.362149"><ele>668.442</ele><time>2022-07-31T18:01:50Z</time></trkpt><trkpt lat="-24.115552" lon="-49.362181"><ele>668.641</ele><time>2022-07-31T18:01:51Z</time></trkpt><trkpt lat="-24.115618" lon="-49.362212"><ele>668.740</ele><time>2022-07-31T18:01:52Z</time></trkpt><trkpt lat="-24.115686" lon="-49.362239"><ele>668.744</ele><time>2022-07-31T18:01:53Z</time></trkpt><trkpt lat="-24.115753" lon="-49.362262"><ele>668.777</ele><time>2022-07-31T18:01:54Z</time></trkpt><trkpt lat="-24.115817" lon="-49.362278"><ele>668.746</ele><time>2022-07-31T18:01:55Z</time></trkpt><trkpt lat="-24.115873" lon="-49.362291"><ele>668.787</ele><time>2022-07-31T18:01:56Z</time></trkpt><trkpt lat="-24.115930" lon="-49.362310"><ele>668.614</ele><time>2022-07-31T18:01:57Z</time></trkpt><trkpt lat="-24.115985" lon="-49.362325"><ele>668.331</ele><time>2022-07-31T18:01:58Z</time></trkpt><trkpt lat="-24.116043" lon="-49.362343"><ele>668.121</ele><time>2022-07-31T18:01:59Z</time></trkpt><trkpt lat="-24.116100" lon="-49.362354"><ele>667.841</ele><time>2022-07-31T18:02:00Z</time></trkpt><trkpt lat="-24.116171" lon="-49.362358"><ele>668.205</ele><time>2022-07-31T18:02:01Z</time></trkpt><trkpt lat="-24.116241" lon="-49.362356"><ele>668.109</ele><time>2022-07-31T18:02:02Z</time></trkpt><trkpt lat="-24.116307" lon="-49.362347"><ele>667.753</ele><time>2022-07-31T18:02:03Z</time></trkpt><trkpt lat="-24.116376" lon="-49.362331"><ele>667.592</ele><time>2022-07-31T18:02:04Z</time></trkpt><trkpt lat="-24.116447" lon="-49.362314"><ele>667.831</ele><time>2022-07-31T18:02:05Z</time></trkpt><trkpt lat="-24.116515" lon="-49.362295"><ele>666.855</ele><time>2022-07-31T18:02:06Z</time></trkpt><trkpt lat="-24.116572" lon="-49.362278"><ele>665.988</ele><time>2022-07-31T18:02:07Z</time></trkpt><trkpt lat="-24.116630" lon="-49.362257"><ele>665.627</ele><time>2022-07-31T18:02:08Z</time></trkpt><trkpt lat="-24.116689" lon="-49.362230"><ele>666.268</ele><time>2022-07-31T18:02:09Z</time></trkpt><trkpt lat="-24.116753" lon="-49.362204"><ele>665.675</ele><time>2022-07-31T18:02:10Z</time></trkpt><trkpt lat="-24.116803" lon="-49.362182"><ele>665.052</ele><time>2022-07-31T18:02:11Z</time></trkpt><trkpt lat="-24.116850" lon="-49.362155"><ele>664.871</ele><time>2022-07-31T18:02:12Z</time></trkpt><trkpt lat="-24.116899" lon="-49.362134"><ele>664.341</ele><time>2022-07-31T18:02:13Z</time></trkpt><trkpt lat="-24.116982" lon="-49.362116"><ele>664.615</ele><time>2022-07-31T18:02:15Z</time></trkpt><trkpt lat="-24.117028" lon="-49.362164"><ele>663.809</ele><time>2022-07-31T18:02:17Z</time></trkpt><trkpt lat="-24.117056" lon="-49.362253"><ele>669.698</ele><time>2022-07-31T18:02:19Z</time></trkpt><trkpt lat="-24.117069" lon="-49.362319"><ele>666.277</ele><time>2022-07-31T18:02:21Z</time></trkpt><trkpt lat="-24.117143" lon="-49.362303"><ele>663.366</ele><time>2022-07-31T18:02:24Z</time></trkpt><trkpt lat="-24.117222" lon="-49.362235"><ele>662.710</ele><time>2022-07-31T18:02:26Z</time></trkpt><trkpt lat="-24.117286" lon="-49.362197"><ele>663.583</ele><time>2022-07-31T18:02:27Z</time></trkpt><trkpt lat="-24.117345" lon="-49.362151"><ele>663.522</ele><time>2022-07-31T18:02:28Z</time></trkpt><trkpt lat="-24.117397" lon="-49.362127"><ele>663.963</ele><time>2022-07-31T18:02:29Z</time></trkpt><trkpt lat="-24.117443" lon="-49.362099"><ele>663.380</ele><time>2022-07-31T18:02:31Z</time></trkpt><trkpt lat="-24.117402" lon="-49.362138"><ele>659.717</ele><time>2022-07-31T18:02:42Z</time></trkpt><trkpt lat="-24.117358" lon="-49.362174"><ele>660.398</ele><time>2022-07-31T18:02:43Z</time></trkpt><trkpt lat="-24.117294" lon="-49.362189"><ele>659.715</ele><time>2022-07-31T18:02:44Z</time></trkpt><trkpt lat="-24.117225" lon="-49.362214"><ele>665.626</ele><time>2022-07-31T18:02:45Z</time></trkpt><trkpt lat="-24.117181" lon="-49.362254"><ele>662.509</ele><time>2022-07-31T18:02:46Z</time></trkpt><trkpt lat="-24.117142" lon="-49.362302"><ele>660.340</ele><time>2022-07-31T18:02:47Z</time></trkpt><trkpt lat="-24.117071" lon="-49.362357"><ele>657.989</ele><time>2022-07-31T18:02:49Z</time></trkpt><trkpt lat="-24.117048" lon="-49.362408"><ele>657.498</ele><time>2022-07-31T18:02:50Z</time></trkpt><trkpt lat="-24.117037" lon="-49.362478"><ele>656.632</ele><time>2022-07-31T18:02:51Z</time></trkpt><trkpt lat="-24.117031" lon="-49.362559"><ele>656.565</ele><time>2022-07-31T18:02:52Z</time></trkpt><trkpt lat="-24.117035" lon="-49.362630"><ele>655.894</ele><time>2022-07-31T18:02:53Z</time></trkpt><trkpt lat="-24.117051" lon="-49.362711"><ele>655.295</ele><time>2022-07-31T18:02:54Z</time></trkpt><trkpt lat="-24.117058" lon="-49.362785"><ele>654.192</ele><time>2022-07-31T18:02:55Z</time></trkpt><trkpt lat="-24.117069" lon="-49.362851"><ele>653.329</ele><time>2022-07-31T18:02:56Z</time></trkpt><trkpt lat="-24.117080" lon="-49.362907"><ele>652.632</ele><time>2022-07-31T18:02:57Z</time></trkpt><trkpt lat="-24.117085" lon="-49.362992"><ele>652.392</ele><time>2022-07-31T18:02:59Z</time></trkpt><trkpt lat="-24.117100" lon="-49.363043"><ele>652.111</ele><time>2022-07-31T18:03:01Z</time></trkpt><trkpt lat="-24.117153" lon="-49.363060"><ele>651.009</ele><time>2022-07-31T18:03:04Z</time></trkpt><trkpt lat="-24.117174" lon="-49.363007"><ele>651.384</ele><time>2022-07-31T18:03:10Z</time></trkpt><trkpt lat="-24.117235" lon="-49.362989"><ele>651.253</ele><time>2022-07-31T18:03:18Z</time></trkpt><trkpt lat="-24.117305" lon="-49.362947"><ele>650.072</ele><time>2022-07-31T18:03:20Z</time></trkpt><trkpt lat="-24.117355" lon="-49.362896"><ele>650.136</ele><time>2022-07-31T18:03:21Z</time></trkpt><trkpt lat="-24.117408" lon="-49.362835"><ele>649.699</ele><time>2022-07-31T18:03:22Z</time></trkpt><trkpt lat="-24.117471" lon="-49.362766"><ele>649.698</ele><time>2022-07-31T18:03:23Z</time></trkpt><trkpt lat="-24.117536" lon="-49.362699"><ele>649.159</ele><time>2022-07-31T18:03:24Z</time></trkpt><trkpt lat="-24.117610" lon="-49.362639"><ele>648.926</ele><time>2022-07-31T18:03:25Z</time></trkpt><trkpt lat="-24.117675" lon="-49.362577"><ele>648.513</ele><time>2022-07-31T18:03:26Z</time></trkpt><trkpt lat="-24.117734" lon="-49.362522"><ele>647.157</ele><time>2022-07-31T18:03:27Z</time></trkpt><trkpt lat="-24.117799" lon="-49.362461"><ele>646.600</ele><time>2022-07-31T18:03:28Z</time></trkpt><trkpt lat="-24.117861" lon="-49.362408"><ele>646.320</ele><time>2022-07-31T18:03:29Z</time></trkpt><trkpt lat="-24.117923" lon="-49.362343"><ele>645.609</ele><time>2022-07-31T18:03:30Z</time></trkpt><trkpt lat="-24.117980" lon="-49.362282"><ele>645.326</ele><time>2022-07-31T18:03:31Z</time></trkpt><trkpt lat="-24.118030" lon="-49.362212"><ele>645.225</ele><time>2022-07-31T18:03:32Z</time></trkpt><trkpt lat="-24.118076" lon="-49.362148"><ele>645.174</ele><time>2022-07-31T18:03:33Z</time></trkpt><trkpt lat="-24.118130" lon="-49.362080"><ele>644.498</ele><time>2022-07-31T18:03:34Z</time></trkpt><trkpt lat="-24.118194" lon="-49.362032"><ele>644.251</ele><time>2022-07-31T18:03:35Z</time></trkpt><trkpt lat="-24.118260" lon="-49.362001"><ele>643.470</ele><time>2022-07-31T18:03:36Z</time></trkpt><trkpt lat="-24.118327" lon="-49.361988"><ele>643.341</ele><time>2022-07-31T18:03:37Z</time></trkpt><trkpt lat="-24.118397" lon="-49.361985"><ele>642.838</ele><time>2022-07-31T18:03:38Z</time></trkpt><trkpt lat="-24.118473" lon="-49.361977"><ele>643.055</ele><time>2022-07-31T18:03:39Z</time></trkpt><trkpt lat="-24.118541" lon="-49.361970"><ele>643.796</ele><time>2022-07-31T18:03:40Z</time></trkpt><trkpt lat="-24.118595" lon="-49.361984"><ele>640.731</ele><time>2022-07-31T18:03:41Z</time></trkpt><trkpt lat="-24.118663" lon="-49.361980"><ele>638.724</ele><time>2022-07-31T18:03:42Z</time></trkpt><trkpt lat="-24.118744" lon="-49.361956"><ele>638.109</ele><time>2022-07-31T18:03:43Z</time></trkpt><trkpt lat="-24.118813" lon="-49.361932"><ele>637.370</ele><time>2022-07-31T18:03:44Z</time></trkpt><trkpt lat="-24.118880" lon="-49.361906"><ele>637.199</ele><time>2022-07-31T18:03:45Z</time></trkpt><trkpt lat="-24.118934" lon="-49.361892"><ele>636.658</ele><time>2022-07-31T18:03:46Z</time></trkpt><trkpt lat="-24.118986" lon="-49.361909"><ele>653.582</ele><time>2022-07-31T18:03:47Z</time></trkpt><trkpt lat="-24.119015" lon="-49.361953"><ele>647.965</ele><time>2022-07-31T18:03:48Z</time></trkpt><trkpt lat="-24.119001" lon="-49.362001"><ele>644.994</ele><time>2022-07-31T18:03:49Z</time></trkpt><trkpt lat="-24.118954" lon="-49.362053"><ele>640.635</ele><time>2022-07-31T18:03:50Z</time></trkpt><trkpt lat="-24.118698" lon="-49.362256"><ele>634.112</ele><time>2022-07-31T18:03:54Z</time></trkpt><trkpt lat="-24.118646" lon="-49.362311"><ele>631.689</ele><time>2022-07-31T18:03:55Z</time></trkpt><trkpt lat="-24.118587" lon="-49.362385"><ele>630.139</ele><time>2022-07-31T18:03:56Z</time></trkpt><trkpt lat="-24.118517" lon="-49.362440"><ele>628.901</ele><time>2022-07-31T18:03:57Z</time></trkpt><trkpt lat="-24.118454" lon="-49.362489"><ele>627.821</ele><time>2022-07-31T18:03:58Z</time></trkpt><trkpt lat="-24.118398" lon="-49.362527"><ele>626.109</ele><time>2022-07-31T18:03:59Z</time></trkpt><trkpt lat="-24.118337" lon="-49.362559"><ele>625.844</ele><time>2022-07-31T18:04:00Z</time></trkpt><trkpt lat="-24.118302" lon="-49.362602"><ele>624.013</ele><time>2022-07-31T18:04:01Z</time></trkpt><trkpt lat="-24.118290" lon="-49.362687"><ele>623.492</ele><time>2022-07-31T18:04:03Z</time></trkpt><trkpt lat="-24.118313" lon="-49.362774"><ele>621.896</ele><time>2022-07-31T18:04:05Z</time></trkpt><trkpt lat="-24.118330" lon="-49.362821"><ele>622.319</ele><time>2022-07-31T18:04:32Z</time></trkpt><trkpt lat="-24.118367" lon="-49.362885"><ele>623.278</ele><time>2022-07-31T18:05:32Z</time></trkpt><trkpt lat="-24.118385" lon="-49.362985"><ele>623.739</ele><time>2022-07-31T18:05:34Z</time></trkpt><trkpt lat="-24.118383" lon="-49.363035"><ele>623.836</ele><time>2022-07-31T18:05:35Z</time></trkpt><trkpt lat="-24.118372" lon="-49.363111"><ele>624.233</ele><time>2022-07-31T18:05:37Z</time></trkpt><trkpt lat="-24.118371" lon="-49.363207"><ele>624.947</ele><time>2022-07-31T18:05:39Z</time></trkpt><trkpt lat="-24.118355" lon="-49.363255"><ele>624.929</ele><time>2022-07-31T18:05:40Z</time></trkpt><trkpt lat="-24.118353" lon="-49.363304"><ele>625.821</ele><time>2022-07-31T18:05:41Z</time></trkpt><trkpt lat="-24.118367" lon="-49.363358"><ele>626.309</ele><time>2022-07-31T18:05:42Z</time></trkpt><trkpt lat="-24.118383" lon="-49.363412"><ele>627.155</ele><time>2022-07-31T18:05:43Z</time></trkpt><trkpt lat="-24.118383" lon="-49.363505"><ele>626.174</ele><time>2022-07-31T18:05:45Z</time></trkpt><trkpt lat="-24.118376" lon="-49.363599"><ele>625.123</ele><time>2022-07-31T18:05:47Z</time></trkpt><trkpt lat="-24.118384" lon="-49.363697"><ele>626.687</ele><time>2022-07-31T18:05:49Z</time></trkpt><trkpt lat="-24.118379" lon="-49.363782"><ele>627.440</ele><time>2022-07-31T18:05:51Z</time></trkpt><trkpt lat="-24.118378" lon="-49.363872"><ele>627.829</ele><time>2022-07-31T18:05:53Z</time></trkpt><trkpt lat="-24.118383" lon="-49.363922"><ele>628.050</ele><time>2022-07-31T18:05:54Z</time></trkpt><trkpt lat="-24.118391" lon="-49.363972"><ele>628.377</ele><time>2022-07-31T18:05:55Z</time></trkpt><trkpt lat="-24.118411" lon="-49.364067"><ele>628.224</ele><time>2022-07-31T18:05:57Z</time></trkpt><trkpt lat="-24.118426" lon="-49.364122"><ele>628.228</ele><time>2022-07-31T18:05:58Z</time></trkpt><trkpt lat="-24.118438" lon="-49.364179"><ele>628.089</ele><time>2022-07-31T18:05:59Z</time></trkpt><trkpt lat="-24.118453" lon="-49.364236"><ele>628.717</ele><time>2022-07-31T18:06:00Z</time></trkpt><trkpt lat="-24.118475" lon="-49.364305"><ele>628.109</ele><time>2022-07-31T18:06:01Z</time></trkpt><trkpt lat="-24.118487" lon="-49.364362"><ele>628.743</ele><time>2022-07-31T18:06:02Z</time></trkpt><trkpt lat="-24.118499" lon="-49.364417"><ele>627.882</ele><time>2022-07-31T18:06:03Z</time></trkpt><trkpt lat="-24.118521" lon="-49.364474"><ele>628.071</ele><time>2022-07-31T18:06:04Z</time></trkpt><trkpt lat="-24.118545" lon="-49.364527"><ele>628.435</ele><time>2022-07-31T18:06:05Z</time></trkpt><trkpt lat="-24.118568" lon="-49.364570"><ele>628.758</ele><time>2022-07-31T18:06:06Z</time></trkpt><trkpt lat="-24.118610" lon="-49.364634"><ele>629.317</ele><time>2022-07-31T18:06:08Z</time></trkpt><trkpt lat="-24.118641" lon="-49.364670"><ele>630.438</ele><time>2022-07-31T18:06:10Z</time></trkpt><trkpt lat="-24.118686" lon="-49.364733"><ele>630.635</ele><time>2022-07-31T18:06:12Z</time></trkpt><trkpt lat="-24.118722" lon="-49.364766"><ele>630.712</ele><time>2022-07-31T18:06:13Z</time></trkpt><trkpt lat="-24.118759" lon="-49.364799"><ele>630.578</ele><time>2022-07-31T18:06:14Z</time></trkpt><trkpt lat="-24.118848" lon="-49.364837"><ele>631.233</ele><time>2022-07-31T18:06:16Z</time></trkpt><trkpt lat="-24.118910" lon="-49.364890"><ele>630.926</ele><time>2022-07-31T18:06:18Z</time></trkpt><trkpt lat="-24.118983" lon="-49.364909"><ele>632.009</ele><time>2022-07-31T18:06:20Z</time></trkpt><trkpt lat="-24.119051" lon="-49.364940"><ele>632.698</ele><time>2022-07-31T18:06:22Z</time></trkpt><trkpt lat="-24.119127" lon="-49.364978"><ele>634.197</ele><time>2022-07-31T18:06:24Z</time></trkpt><trkpt lat="-24.119167" lon="-49.365006"><ele>634.226</ele><time>2022-07-31T18:06:25Z</time></trkpt><trkpt lat="-24.119246" lon="-49.365057"><ele>634.670</ele><time>2022-07-31T18:06:27Z</time></trkpt><trkpt lat="-24.119314" lon="-49.365104"><ele>635.553</ele><time>2022-07-31T18:06:29Z</time></trkpt><trkpt lat="-24.119355" lon="-49.365128"><ele>636.082</ele><time>2022-07-31T18:06:30Z</time></trkpt><trkpt lat="-24.119397" lon="-49.365152"><ele>636.793</ele><time>2022-07-31T18:06:31Z</time></trkpt><trkpt lat="-24.119442" lon="-49.365171"><ele>637.320</ele><time>2022-07-31T18:06:32Z</time></trkpt><trkpt lat="-24.119485" lon="-49.365189"><ele>633.897</ele><time>2022-07-31T18:06:33Z</time></trkpt><trkpt lat="-24.119549" lon="-49.365215"><ele>635.986</ele><time>2022-07-31T18:06:35Z</time></trkpt><trkpt lat="-24.119614" lon="-49.365204"><ele>658.060</ele><time>2022-07-31T18:07:00Z</time></trkpt><trkpt lat="-24.119655" lon="-49.365176"><ele>659.026</ele><time>2022-07-31T18:07:01Z</time></trkpt><trkpt lat="-24.119696" lon="-49.365143"><ele>653.809</ele><time>2022-07-31T18:07:02Z</time></trkpt><trkpt lat="-24.119741" lon="-49.365096"><ele>652.639</ele><time>2022-07-31T18:07:03Z</time></trkpt><trkpt lat="-24.119786" lon="-49.365048"><ele>652.768</ele><time>2022-07-31T18:07:04Z</time></trkpt><trkpt lat="-24.119829" lon="-49.365009"><ele>652.877</ele><time>2022-07-31T18:07:05Z</time></trkpt><trkpt lat="-24.119881" lon="-49.364966"><ele>653.181</ele><time>2022-07-31T18:07:06Z</time></trkpt><trkpt lat="-24.119925" lon="-49.364944"><ele>651.424</ele><time>2022-07-31T18:07:07Z</time></trkpt><trkpt lat="-24.119994" lon="-49.364919"><ele>650.993</ele><time>2022-07-31T18:07:08Z</time></trkpt><trkpt lat="-24.120057" lon="-49.364882"><ele>650.694</ele><time>2022-07-31T18:07:09Z</time></trkpt><trkpt lat="-24.120121" lon="-49.364860"><ele>650.871</ele><time>2022-07-31T18:07:10Z</time></trkpt><trkpt lat="-24.120178" lon="-49.364843"><ele>648.048</ele><time>2022-07-31T18:07:11Z</time></trkpt><trkpt lat="-24.120239" lon="-49.364831"><ele>647.986</ele><time>2022-07-31T18:07:12Z</time></trkpt><trkpt lat="-24.120303" lon="-49.364824"><ele>646.560</ele><time>2022-07-31T18:07:13Z</time></trkpt><trkpt lat="-24.120367" lon="-49.364819"><ele>646.326</ele><time>2022-07-31T18:07:14Z</time></trkpt><trkpt lat="-24.120435" lon="-49.364819"><ele>645.709</ele><time>2022-07-31T18:07:15Z</time></trkpt><trkpt lat="-24.120498" lon="-49.364827"><ele>645.959</ele><time>2022-07-31T18:07:16Z</time></trkpt><trkpt lat="-24.120567" lon="-49.364830"><ele>645.698</ele><time>2022-07-31T18:07:17Z</time></trkpt><trkpt lat="-24.120637" lon="-49.364849"><ele>643.647</ele><time>2022-07-31T18:07:18Z</time></trkpt><trkpt lat="-24.120698" lon="-49.364859"><ele>643.391</ele><time>2022-07-31T18:07:19Z</time></trkpt><trkpt lat="-24.120761" lon="-49.364878"><ele>644.264</ele><time>2022-07-31T18:07:20Z</time></trkpt><trkpt lat="-24.120825" lon="-49.364900"><ele>643.973</ele><time>2022-07-31T18:07:21Z</time></trkpt><trkpt lat="-24.120886" lon="-49.364925"><ele>642.494</ele><time>2022-07-31T18:07:22Z</time></trkpt><trkpt lat="-24.120949" lon="-49.364946"><ele>642.171</ele><time>2022-07-31T18:07:23Z</time></trkpt><trkpt lat="-24.121012" lon="-49.364971"><ele>642.398</ele><time>2022-07-31T18:07:24Z</time></trkpt><trkpt lat="-24.121070" lon="-49.364991"><ele>642.838</ele><time>2022-07-31T18:07:25Z</time></trkpt><trkpt lat="-24.121126" lon="-49.365005"><ele>642.570</ele><time>2022-07-31T18:07:26Z</time></trkpt><trkpt lat="-24.121185" lon="-49.365021"><ele>642.717</ele><time>2022-07-31T18:07:27Z</time></trkpt><trkpt lat="-24.121235" lon="-49.365032"><ele>642.609</ele><time>2022-07-31T18:07:28Z</time></trkpt><trkpt lat="-24.121287" lon="-49.365042"><ele>643.674</ele><time>2022-07-31T18:07:29Z</time></trkpt><trkpt lat="-24.121335" lon="-49.365050"><ele>643.433</ele><time>2022-07-31T18:07:30Z</time></trkpt><trkpt lat="-24.121389" lon="-49.365064"><ele>642.842</ele><time>2022-07-31T18:07:31Z</time></trkpt><trkpt lat="-24.121464" lon="-49.365071"><ele>642.586</ele><time>2022-07-31T18:07:33Z</time></trkpt><trkpt lat="-24.121502" lon="-49.365044"><ele>643.669</ele><time>2022-07-31T18:07:35Z</time></trkpt><trkpt lat="-24.121453" lon="-49.365047"><ele>649.418</ele><time>2022-07-31T18:11:28Z</time></trkpt><trkpt lat="-24.121408" lon="-49.365059"><ele>649.279</ele><time>2022-07-31T18:11:38Z</time></trkpt><trkpt lat="-24.121341" lon="-49.365055"><ele>649.136</ele><time>2022-07-31T18:11:40Z</time></trkpt><trkpt lat="-24.121278" lon="-49.365041"><ele>648.473</ele><time>2022-07-31T18:11:42Z</time></trkpt><trkpt lat="-24.121216" lon="-49.365024"><ele>646.034</ele><time>2022-07-31T18:11:44Z</time></trkpt><trkpt lat="-24.121146" lon="-49.365001"><ele>645.855</ele><time>2022-07-31T18:11:46Z</time></trkpt><trkpt lat="-24.121070" lon="-49.364976"><ele>646.210</ele><time>2022-07-31T18:11:48Z</time></trkpt><trkpt lat="-24.120992" lon="-49.364950"><ele>646.209</ele><time>2022-07-31T18:11:50Z</time></trkpt><trkpt lat="-24.120911" lon="-49.364922"><ele>646.384</ele><time>2022-07-31T18:11:52Z</time></trkpt><trkpt lat="-24.120827" lon="-49.364894"><ele>646.293</ele><time>2022-07-31T18:11:54Z</time></trkpt><trkpt lat="-24.120780" lon="-49.364879"><ele>645.882</ele><time>2022-07-31T18:11:55Z</time></trkpt><trkpt lat="-24.120701" lon="-49.364859"><ele>646.636</ele><time>2022-07-31T18:11:57Z</time></trkpt><trkpt lat="-24.120620" lon="-49.364834"><ele>646.399</ele><time>2022-07-31T18:11:59Z</time></trkpt><trkpt lat="-24.120532" lon="-49.364828"><ele>646.518</ele><time>2022-07-31T18:12:01Z</time></trkpt><trkpt lat="-24.120447" lon="-49.364820"><ele>646.029</ele><time>2022-07-31T18:12:03Z</time></trkpt><trkpt lat="-24.120362" lon="-49.364821"><ele>645.146</ele><time>2022-07-31T18:12:05Z</time></trkpt><trkpt lat="-24.120281" lon="-49.364828"><ele>645.553</ele><time>2022-07-31T18:12:07Z</time></trkpt><trkpt lat="-24.120198" lon="-49.364838"><ele>646.662</ele><time>2022-07-31T18:12:09Z</time></trkpt><trkpt lat="-24.120120" lon="-49.364850"><ele>646.583</ele><time>2022-07-31T18:12:11Z</time></trkpt><trkpt lat="-24.120076" lon="-49.364863"><ele>647.511</ele><time>2022-07-31T18:12:12Z</time></trkpt><trkpt lat="-24.120030" lon="-49.364883"><ele>648.009</ele><time>2022-07-31T18:12:13Z</time></trkpt><trkpt lat="-24.119984" lon="-49.364903"><ele>647.817</ele><time>2022-07-31T18:12:14Z</time></trkpt><trkpt lat="-24.119950" lon="-49.364937"><ele>647.426</ele><time>2022-07-31T18:12:15Z</time></trkpt><trkpt lat="-24.119883" lon="-49.364977"><ele>645.915</ele><time>2022-07-31T18:12:17Z</time></trkpt><trkpt lat="-24.119814" lon="-49.365032"><ele>645.289</ele><time>2022-07-31T18:12:19Z</time></trkpt><trkpt lat="-24.119748" lon="-49.365076"><ele>642.532</ele><time>2022-07-31T18:12:21Z</time></trkpt><trkpt lat="-24.119683" lon="-49.365138"><ele>642.611</ele><time>2022-07-31T18:12:23Z</time></trkpt><trkpt lat="-24.119619" lon="-49.365183"><ele>642.922</ele><time>2022-07-31T18:12:25Z</time></trkpt><trkpt lat="-24.119585" lon="-49.365225"><ele>641.899</ele><time>2022-07-31T18:12:28Z</time></trkpt><trkpt lat="-24.119612" lon="-49.365274"><ele>641.816</ele><time>2022-07-31T18:12:31Z</time></trkpt><trkpt lat="-24.119667" lon="-49.365322"><ele>652.461</ele><time>2022-07-31T18:12:34Z</time></trkpt><trkpt lat="-24.119724" lon="-49.365340"><ele>647.721</ele><time>2022-07-31T18:12:36Z</time></trkpt><trkpt lat="-24.119770" lon="-49.365377"><ele>647.513</ele><time>2022-07-31T18:12:38Z</time></trkpt><trkpt lat="-24.119820" lon="-49.365409"><ele>647.209</ele><time>2022-07-31T18:12:40Z</time></trkpt><trkpt lat="-24.119866" lon="-49.365446"><ele>647.847</ele><time>2022-07-31T18:12:42Z</time></trkpt><trkpt lat="-24.119904" lon="-49.365478"><ele>646.396</ele><time>2022-07-31T18:12:44Z</time></trkpt><trkpt lat="-24.119962" lon="-49.365503"><ele>646.525</ele><time>2022-07-31T18:12:46Z</time></trkpt><trkpt lat="-24.120009" lon="-49.365542"><ele>647.129</ele><time>2022-07-31T18:12:48Z</time></trkpt><trkpt lat="-24.120038" lon="-49.365615"><ele>647.012</ele><time>2022-07-31T18:12:51Z</time></trkpt><trkpt lat="-24.120066" lon="-49.365668"><ele>644.751</ele><time>2022-07-31T18:12:53Z</time></trkpt><trkpt lat="-24.120077" lon="-49.365733"><ele>644.012</ele><time>2022-07-31T18:12:55Z</time></trkpt><trkpt lat="-24.120071" lon="-49.365784"><ele>644.159</ele><time>2022-07-31T18:12:57Z</time></trkpt><trkpt lat="-24.120082" lon="-49.365841"><ele>644.676</ele><time>2022-07-31T18:12:59Z</time></trkpt><trkpt lat="-24.120118" lon="-49.365908"><ele>668.345</ele><time>2022-07-31T18:13:01Z</time></trkpt><trkpt lat="-24.120151" lon="-49.365980"><ele>671.647</ele><time>2022-07-31T18:13:03Z</time></trkpt><trkpt lat="-24.120180" lon="-49.366040"><ele>663.511</ele><time>2022-07-31T18:13:05Z</time></trkpt><trkpt lat="-24.120212" lon="-49.366097"><ele>654.409</ele><time>2022-07-31T18:13:07Z</time></trkpt><trkpt lat="-24.120239" lon="-49.366151"><ele>651.165</ele><time>2022-07-31T18:13:09Z</time></trkpt><trkpt lat="-24.120247" lon="-49.366218"><ele>649.634</ele><time>2022-07-31T18:13:11Z</time></trkpt><trkpt lat="-24.120261" lon="-49.366290"><ele>651.013</ele><time>2022-07-31T18:13:13Z</time></trkpt><trkpt lat="-24.120281" lon="-49.366355"><ele>650.237</ele><time>2022-07-31T18:13:15Z</time></trkpt><trkpt lat="-24.120283" lon="-49.366416"><ele>650.820</ele><time>2022-07-31T18:13:17Z</time></trkpt><trkpt lat="-24.120279" lon="-49.366465"><ele>665.859</ele><time>2022-07-31T18:13:19Z</time></trkpt><trkpt lat="-24.120310" lon="-49.366517"><ele>660.850</ele><time>2022-07-31T18:13:21Z</time></trkpt><trkpt lat="-24.120344" lon="-49.366575"><ele>655.827</ele><time>2022-07-31T18:13:23Z</time></trkpt><trkpt lat="-24.120382" lon="-49.366629"><ele>653.714</ele><time>2022-07-31T18:13:25Z</time></trkpt><trkpt lat="-24.120407" lon="-49.366680"><ele>651.865</ele><time>2022-07-31T18:13:27Z</time></trkpt><trkpt lat="-24.120400" lon="-49.366734"><ele>655.468</ele><time>2022-07-31T18:13:29Z</time></trkpt><trkpt lat="-24.120389" lon="-49.366794"><ele>653.614</ele><time>2022-07-31T18:13:31Z</time></trkpt><trkpt lat="-24.120386" lon="-49.366863"><ele>653.609</ele><time>2022-07-31T18:13:33Z</time></trkpt><trkpt lat="-24.120393" lon="-49.366934"><ele>653.787</ele><time>2022-07-31T18:13:35Z</time></trkpt><trkpt lat="-24.120424" lon="-49.366995"><ele>654.666</ele><time>2022-07-31T18:13:37Z</time></trkpt><trkpt lat="-24.120439" lon="-49.367045"><ele>655.865</ele><time>2022-07-31T18:13:40Z</time></trkpt><trkpt lat="-24.120426" lon="-49.367104"><ele>661.669</ele><time>2022-07-31T18:13:52Z</time></trkpt><trkpt lat="-24.120401" lon="-49.367170"><ele>663.022</ele><time>2022-07-31T18:13:54Z</time></trkpt><trkpt lat="-24.120374" lon="-49.367250"><ele>663.441</ele><time>2022-07-31T18:13:56Z</time></trkpt><trkpt lat="-24.120338" lon="-49.367327"><ele>664.162</ele><time>2022-07-31T18:13:58Z</time></trkpt><trkpt lat="-24.120309" lon="-49.367398"><ele>664.239</ele><time>2022-07-31T18:14:00Z</time></trkpt><trkpt lat="-24.120280" lon="-49.367468"><ele>665.946</ele><time>2022-07-31T18:14:02Z</time></trkpt><trkpt lat="-24.120242" lon="-49.367527"><ele>664.165</ele><time>2022-07-31T18:14:04Z</time></trkpt><trkpt lat="-24.120210" lon="-49.367598"><ele>663.468</ele><time>2022-07-31T18:14:06Z</time></trkpt><trkpt lat="-24.120186" lon="-49.367662"><ele>664.314</ele><time>2022-07-31T18:14:08Z</time></trkpt><trkpt lat="-24.120165" lon="-49.367739"><ele>664.009</ele><time>2022-07-31T18:14:10Z</time></trkpt><trkpt lat="-24.120150" lon="-49.367799"><ele>663.467</ele><time>2022-07-31T18:14:12Z</time></trkpt><trkpt lat="-24.120145" lon="-49.367857"><ele>663.666</ele><time>2022-07-31T18:14:14Z</time></trkpt><trkpt lat="-24.120161" lon="-49.367926"><ele>664.155</ele><time>2022-07-31T18:14:16Z</time></trkpt><trkpt lat="-24.120186" lon="-49.367994"><ele>665.259</ele><time>2022-07-31T18:14:18Z</time></trkpt><trkpt lat="-24.120212" lon="-49.368059"><ele>667.342</ele><time>2022-07-31T18:14:20Z</time></trkpt><trkpt lat="-24.120236" lon="-49.368128"><ele>669.241</ele><time>2022-07-31T18:14:22Z</time></trkpt><trkpt lat="-24.120254" lon="-49.368215"><ele>693.432</ele><time>2022-07-31T18:14:24Z</time></trkpt><trkpt lat="-24.120267" lon="-49.368290"><ele>684.689</ele><time>2022-07-31T18:14:26Z</time></trkpt><trkpt lat="-24.120281" lon="-49.368360"><ele>681.726</ele><time>2022-07-31T18:14:28Z</time></trkpt><trkpt lat="-24.120297" lon="-49.368441"><ele>680.016</ele><time>2022-07-31T18:14:30Z</time></trkpt><trkpt lat="-24.120312" lon="-49.368517"><ele>679.576</ele><time>2022-07-31T18:14:32Z</time></trkpt><trkpt lat="-24.120324" lon="-49.368604"><ele>678.813</ele><time>2022-07-31T18:14:34Z</time></trkpt><trkpt lat="-24.120342" lon="-49.368682"><ele>681.109</ele><time>2022-07-31T18:14:36Z</time></trkpt><trkpt lat="-24.120359" lon="-49.368760"><ele>682.182</ele><time>2022-07-31T18:14:38Z</time></trkpt><trkpt lat="-24.120377" lon="-49.368838"><ele>696.231</ele><time>2022-07-31T18:14:40Z</time></trkpt><trkpt lat="-24.120395" lon="-49.368903"><ele>692.150</ele><time>2022-07-31T18:14:42Z</time></trkpt><trkpt lat="-24.120421" lon="-49.368962"><ele>690.554</ele><time>2022-07-31T18:14:44Z</time></trkpt><trkpt lat="-24.120461" lon="-49.369012"><ele>689.557</ele><time>2022-07-31T18:14:46Z</time></trkpt><trkpt lat="-24.120523" lon="-49.369050"><ele>689.366</ele><time>2022-07-31T18:14:48Z</time></trkpt><trkpt lat="-24.120582" lon="-49.369076"><ele>690.077</ele><time>2022-07-31T18:14:50Z</time></trkpt><trkpt lat="-24.120636" lon="-49.369111"><ele>689.544</ele><time>2022-07-31T18:14:51Z</time></trkpt><trkpt lat="-24.120708" lon="-49.369167"><ele>688.531</ele><time>2022-07-31T18:14:53Z</time></trkpt><trkpt lat="-24.120743" lon="-49.369205"><ele>688.733</ele><time>2022-07-31T18:14:54Z</time></trkpt><trkpt lat="-24.120775" lon="-49.369244"><ele>687.923</ele><time>2022-07-31T18:14:55Z</time></trkpt><trkpt lat="-24.120831" lon="-49.369317"><ele>687.115</ele><time>2022-07-31T18:14:57Z</time></trkpt><trkpt lat="-24.120869" lon="-49.369351"><ele>687.409</ele><time>2022-07-31T18:14:58Z</time></trkpt><trkpt lat="-24.120932" lon="-49.369418"><ele>687.394</ele><time>2022-07-31T18:15:00Z</time></trkpt><trkpt lat="-24.120970" lon="-49.369461"><ele>687.623</ele><time>2022-07-31T18:15:01Z</time></trkpt><trkpt lat="-24.121046" lon="-49.369523"><ele>688.442</ele><time>2022-07-31T18:15:03Z</time></trkpt><trkpt lat="-24.121088" lon="-49.369551"><ele>687.776</ele><time>2022-07-31T18:15:04Z</time></trkpt><trkpt lat="-24.121159" lon="-49.369614"><ele>687.479</ele><time>2022-07-31T18:15:06Z</time></trkpt><trkpt lat="-24.121227" lon="-49.369680"><ele>717.738</ele><time>2022-07-31T18:15:08Z</time></trkpt><trkpt lat="-24.121258" lon="-49.369723"><ele>714.119</ele><time>2022-07-31T18:15:09Z</time></trkpt><trkpt lat="-24.121301" lon="-49.369767"><ele>707.526</ele><time>2022-07-31T18:15:10Z</time></trkpt><trkpt lat="-24.121338" lon="-49.369798"><ele>702.223</ele><time>2022-07-31T18:15:11Z</time></trkpt><trkpt lat="-24.121369" lon="-49.369840"><ele>696.883</ele><time>2022-07-31T18:15:12Z</time></trkpt><trkpt lat="-24.121448" lon="-49.369898"><ele>692.525</ele><time>2022-07-31T18:15:14Z</time></trkpt><trkpt lat="-24.121487" lon="-49.369930"><ele>692.617</ele><time>2022-07-31T18:15:15Z</time></trkpt><trkpt lat="-24.121552" lon="-49.369985"><ele>694.409</ele><time>2022-07-31T18:15:17Z</time></trkpt><trkpt lat="-24.121605" lon="-49.370054"><ele>695.689</ele><time>2022-07-31T18:15:19Z</time></trkpt><trkpt lat="-24.121613" lon="-49.370139"><ele>695.858</ele><time>2022-07-31T18:15:21Z</time></trkpt><trkpt lat="-24.121607" lon="-49.370232"><ele>697.367</ele><time>2022-07-31T18:15:23Z</time></trkpt><trkpt lat="-24.121612" lon="-49.370317"><ele>696.881</ele><time>2022-07-31T18:15:25Z</time></trkpt><trkpt lat="-24.121616" lon="-49.370409"><ele>696.454</ele><time>2022-07-31T18:15:27Z</time></trkpt><trkpt lat="-24.121628" lon="-49.370505"><ele>696.483</ele><time>2022-07-31T18:15:29Z</time></trkpt><trkpt lat="-24.121650" lon="-49.370599"><ele>683.964</ele><time>2022-07-31T18:15:31Z</time></trkpt><trkpt lat="-24.121687" lon="-49.370686"><ele>691.351</ele><time>2022-07-31T18:15:33Z</time></trkpt><trkpt lat="-24.121709" lon="-49.370776"><ele>695.238</ele><time>2022-07-31T18:15:35Z</time></trkpt><trkpt lat="-24.121718" lon="-49.370826"><ele>696.599</ele><time>2022-07-31T18:15:36Z</time></trkpt><trkpt lat="-24.121717" lon="-49.370882"><ele>698.007</ele><time>2022-07-31T18:15:37Z</time></trkpt><trkpt lat="-24.121729" lon="-49.370945"><ele>698.627</ele><time>2022-07-31T18:15:38Z</time></trkpt><trkpt lat="-24.121720" lon="-49.370997"><ele>698.709</ele><time>2022-07-31T18:15:39Z</time></trkpt><trkpt lat="-24.121717" lon="-49.371048"><ele>699.530</ele><time>2022-07-31T18:15:40Z</time></trkpt><trkpt lat="-24.121710" lon="-49.371102"><ele>716.229</ele><time>2022-07-31T18:15:41Z</time></trkpt><trkpt lat="-24.121697" lon="-49.371157"><ele>718.958</ele><time>2022-07-31T18:15:42Z</time></trkpt><trkpt lat="-24.121686" lon="-49.371209"><ele>717.362</ele><time>2022-07-31T18:15:43Z</time></trkpt><trkpt lat="-24.121666" lon="-49.371270"><ele>716.195</ele><time>2022-07-31T18:15:44Z</time></trkpt><trkpt lat="-24.121649" lon="-49.371322"><ele>714.754</ele><time>2022-07-31T18:15:45Z</time></trkpt><trkpt lat="-24.121627" lon="-49.371377"><ele>715.975</ele><time>2022-07-31T18:15:46Z</time></trkpt><trkpt lat="-24.121610" lon="-49.371436"><ele>713.052</ele><time>2022-07-31T18:15:47Z</time></trkpt><trkpt lat="-24.121582" lon="-49.371479"><ele>710.299</ele><time>2022-07-31T18:15:48Z</time></trkpt><trkpt lat="-24.121559" lon="-49.371536"><ele>707.645</ele><time>2022-07-31T18:15:49Z</time></trkpt><trkpt lat="-24.121532" lon="-49.371595"><ele>705.147</ele><time>2022-07-31T18:15:50Z</time></trkpt><trkpt lat="-24.121509" lon="-49.371652"><ele>704.411</ele><time>2022-07-31T18:15:51Z</time></trkpt><trkpt lat="-24.121493" lon="-49.371712"><ele>702.809</ele><time>2022-07-31T18:15:52Z</time></trkpt><trkpt lat="-24.121483" lon="-49.371766"><ele>702.915</ele><time>2022-07-31T18:15:53Z</time></trkpt><trkpt lat="-24.121470" lon="-49.371824"><ele>702.414</ele><time>2022-07-31T18:15:54Z</time></trkpt><trkpt lat="-24.121469" lon="-49.371889"><ele>701.323</ele><time>2022-07-31T18:15:55Z</time></trkpt><trkpt lat="-24.121474" lon="-49.371960"><ele>701.337</ele><time>2022-07-31T18:15:56Z</time></trkpt><trkpt lat="-24.121475" lon="-49.372021"><ele>701.080</ele><time>2022-07-31T18:15:57Z</time></trkpt><trkpt lat="-24.121479" lon="-49.372083"><ele>701.969</ele><time>2022-07-31T18:15:58Z</time></trkpt><trkpt lat="-24.121482" lon="-49.372150"><ele>700.660</ele><time>2022-07-31T18:15:59Z</time></trkpt><trkpt lat="-24.121491" lon="-49.372212"><ele>700.527</ele><time>2022-07-31T18:16:00Z</time></trkpt><trkpt lat="-24.121519" lon="-49.372262"><ele>701.344</ele><time>2022-07-31T18:16:01Z</time></trkpt><trkpt lat="-24.121528" lon="-49.372317"><ele>701.289</ele><time>2022-07-31T18:16:02Z</time></trkpt><trkpt lat="-24.121551" lon="-49.372375"><ele>700.906</ele><time>2022-07-31T18:16:03Z</time></trkpt><trkpt lat="-24.121559" lon="-49.372433"><ele>700.526</ele><time>2022-07-31T18:16:04Z</time></trkpt><trkpt lat="-24.121583" lon="-49.372488"><ele>700.809</ele><time>2022-07-31T18:16:05Z</time></trkpt><trkpt lat="-24.121610" lon="-49.372536"><ele>699.959</ele><time>2022-07-31T18:16:06Z</time></trkpt><trkpt lat="-24.121634" lon="-49.372586"><ele>699.828</ele><time>2022-07-31T18:16:07Z</time></trkpt><trkpt lat="-24.121658" lon="-49.372647"><ele>700.787</ele><time>2022-07-31T18:16:08Z</time></trkpt><trkpt lat="-24.121693" lon="-49.372701"><ele>699.891</ele><time>2022-07-31T18:16:09Z</time></trkpt><trkpt lat="-24.121672" lon="-49.372761"><ele>693.284</ele><time>2022-07-31T18:16:10Z</time></trkpt><trkpt lat="-24.121706" lon="-49.372822"><ele>693.673</ele><time>2022-07-31T18:16:11Z</time></trkpt><trkpt lat="-24.121736" lon="-49.372879"><ele>693.164</ele><time>2022-07-31T18:16:12Z</time></trkpt><trkpt lat="-24.121766" lon="-49.372937"><ele>694.121</ele><time>2022-07-31T18:16:13Z</time></trkpt><trkpt lat="-24.121798" lon="-49.372995"><ele>692.278</ele><time>2022-07-31T18:16:14Z</time></trkpt><trkpt lat="-24.121846" lon="-49.373096"><ele>692.729</ele><time>2022-07-31T18:16:16Z</time></trkpt><trkpt lat="-24.121870" lon="-49.373160"><ele>694.600</ele><time>2022-07-31T18:16:17Z</time></trkpt><trkpt lat="-24.121898" lon="-49.373214"><ele>694.820</ele><time>2022-07-31T18:16:18Z</time></trkpt><trkpt lat="-24.121915" lon="-49.373288"><ele>695.209</ele><time>2022-07-31T18:16:19Z</time></trkpt><trkpt lat="-24.121920" lon="-49.373340"><ele>692.813</ele><time>2022-07-31T18:16:20Z</time></trkpt><trkpt lat="-24.121937" lon="-49.373389"><ele>692.252</ele><time>2022-07-31T18:16:21Z</time></trkpt><trkpt lat="-24.121964" lon="-49.373441"><ele>691.791</ele><time>2022-07-31T18:16:22Z</time></trkpt><trkpt lat="-24.121989" lon="-49.373498"><ele>691.565</ele><time>2022-07-31T18:16:23Z</time></trkpt><trkpt lat="-24.122011" lon="-49.373555"><ele>691.248</ele><time>2022-07-31T18:16:24Z</time></trkpt><trkpt lat="-24.122031" lon="-49.373615"><ele>691.147</ele><time>2022-07-31T18:16:25Z</time></trkpt><trkpt lat="-24.122057" lon="-49.373672"><ele>691.068</ele><time>2022-07-31T18:16:26Z</time></trkpt><trkpt lat="-24.122082" lon="-49.373720"><ele>690.495</ele><time>2022-07-31T18:16:27Z</time></trkpt><trkpt lat="-24.122115" lon="-49.373776"><ele>691.672</ele><time>2022-07-31T18:16:28Z</time></trkpt><trkpt lat="-24.122144" lon="-49.373831"><ele>691.873</ele><time>2022-07-31T18:16:29Z</time></trkpt><trkpt lat="-24.122177" lon="-49.373879"><ele>692.585</ele><time>2022-07-31T18:16:30Z</time></trkpt><trkpt lat="-24.122234" lon="-49.373969"><ele>694.713</ele><time>2022-07-31T18:16:32Z</time></trkpt><trkpt lat="-24.122279" lon="-49.374007"><ele>694.209</ele><time>2022-07-31T18:16:33Z</time></trkpt><trkpt lat="-24.122310" lon="-49.374075"><ele>696.638</ele><time>2022-07-31T18:16:34Z</time></trkpt><trkpt lat="-24.122331" lon="-49.374142"><ele>697.697</ele><time>2022-07-31T18:16:35Z</time></trkpt><trkpt lat="-24.122358" lon="-49.374187"><ele>698.626</ele><time>2022-07-31T18:16:36Z</time></trkpt><trkpt lat="-24.122382" lon="-49.374246"><ele>699.540</ele><time>2022-07-31T18:16:37Z</time></trkpt><trkpt lat="-24.122405" lon="-49.374301"><ele>699.693</ele><time>2022-07-31T18:16:38Z</time></trkpt><trkpt lat="-24.122427" lon="-49.374349"><ele>700.222</ele><time>2022-07-31T18:16:39Z</time></trkpt><trkpt lat="-24.122451" lon="-49.374408"><ele>700.943</ele><time>2022-07-31T18:16:40Z</time></trkpt><trkpt lat="-24.122467" lon="-49.374461"><ele>699.870</ele><time>2022-07-31T18:16:41Z</time></trkpt><trkpt lat="-24.122490" lon="-49.374528"><ele>700.557</ele><time>2022-07-31T18:16:42Z</time></trkpt><trkpt lat="-24.122521" lon="-49.374592"><ele>701.275</ele><time>2022-07-31T18:16:43Z</time></trkpt><trkpt lat="-24.122541" lon="-49.374645"><ele>703.328</ele><time>2022-07-31T18:16:44Z</time></trkpt><trkpt lat="-24.122563" lon="-49.374717"><ele>702.920</ele><time>2022-07-31T18:16:45Z</time></trkpt><trkpt lat="-24.122584" lon="-49.374781"><ele>702.809</ele><time>2022-07-31T18:16:46Z</time></trkpt><trkpt lat="-24.122613" lon="-49.374836"><ele>702.518</ele><time>2022-07-31T18:16:47Z</time></trkpt><trkpt lat="-24.122655" lon="-49.374886"><ele>702.537</ele><time>2022-07-31T18:16:48Z</time></trkpt><trkpt lat="-24.122681" lon="-49.374944"><ele>702.956</ele><time>2022-07-31T18:16:49Z</time></trkpt><trkpt lat="-24.122708" lon="-49.375002"><ele>702.330</ele><time>2022-07-31T18:16:50Z</time></trkpt><trkpt lat="-24.122727" lon="-49.375053"><ele>701.813</ele><time>2022-07-31T18:16:51Z</time></trkpt><trkpt lat="-24.122774" lon="-49.375092"><ele>703.472</ele><time>2022-07-31T18:16:52Z</time></trkpt><trkpt lat="-24.122812" lon="-49.375129"><ele>702.873</ele><time>2022-07-31T18:16:53Z</time></trkpt><trkpt lat="-24.122861" lon="-49.375199"><ele>700.510</ele><time>2022-07-31T18:16:55Z</time></trkpt><trkpt lat="-24.122906" lon="-49.375236"><ele>701.737</ele><time>2022-07-31T18:16:56Z</time></trkpt><trkpt lat="-24.122972" lon="-49.375288"><ele>696.971</ele><time>2022-07-31T18:16:58Z</time></trkpt><trkpt lat="-24.123025" lon="-49.375327"><ele>698.041</ele><time>2022-07-31T18:16:59Z</time></trkpt><trkpt lat="-24.123074" lon="-49.375363"><ele>697.815</ele><time>2022-07-31T18:17:00Z</time></trkpt><trkpt lat="-24.123164" lon="-49.375421"><ele>695.309</ele><time>2022-07-31T18:17:02Z</time></trkpt><trkpt lat="-24.123217" lon="-49.375449"><ele>695.998</ele><time>2022-07-31T18:17:03Z</time></trkpt><trkpt lat="-24.123271" lon="-49.375470"><ele>695.437</ele><time>2022-07-31T18:17:04Z</time></trkpt><trkpt lat="-24.123325" lon="-49.375492"><ele>696.066</ele><time>2022-07-31T18:17:05Z</time></trkpt><trkpt lat="-24.123387" lon="-49.375518"><ele>697.640</ele><time>2022-07-31T18:17:06Z</time></trkpt><trkpt lat="-24.123447" lon="-49.375528"><ele>698.423</ele><time>2022-07-31T18:17:07Z</time></trkpt><trkpt lat="-24.123503" lon="-49.375554"><ele>699.472</ele><time>2022-07-31T18:17:08Z</time></trkpt><trkpt lat="-24.123553" lon="-49.375571"><ele>698.873</ele><time>2022-07-31T18:17:09Z</time></trkpt><trkpt lat="-24.123619" lon="-49.375604"><ele>699.360</ele><time>2022-07-31T18:17:10Z</time></trkpt><trkpt lat="-24.123684" lon="-49.375629"><ele>699.677</ele><time>2022-07-31T18:17:11Z</time></trkpt><trkpt lat="-24.123746" lon="-49.375660"><ele>699.548</ele><time>2022-07-31T18:17:12Z</time></trkpt><trkpt lat="-24.123796" lon="-49.375691"><ele>699.761</ele><time>2022-07-31T18:17:13Z</time></trkpt><trkpt lat="-24.123845" lon="-49.375732"><ele>698.617</ele><time>2022-07-31T18:17:14Z</time></trkpt><trkpt lat="-24.123905" lon="-49.375775"><ele>698.409</ele><time>2022-07-31T18:17:15Z</time></trkpt><trkpt lat="-24.123955" lon="-49.375818"><ele>698.575</ele><time>2022-07-31T18:17:16Z</time></trkpt><trkpt lat="-24.124002" lon="-49.375861"><ele>697.364</ele><time>2022-07-31T18:17:17Z</time></trkpt><trkpt lat="-24.124037" lon="-49.375913"><ele>697.283</ele><time>2022-07-31T18:17:18Z</time></trkpt><trkpt lat="-24.124075" lon="-49.375968"><ele>697.787</ele><time>2022-07-31T18:17:19Z</time></trkpt><trkpt lat="-24.124108" lon="-49.376023"><ele>697.980</ele><time>2022-07-31T18:17:20Z</time></trkpt><trkpt lat="-24.124133" lon="-49.376091"><ele>697.899</ele><time>2022-07-31T18:17:21Z</time></trkpt><trkpt lat="-24.124169" lon="-49.376153"><ele>676.890</ele><time>2022-07-31T18:17:22Z</time></trkpt><trkpt lat="-24.124189" lon="-49.376207"><ele>679.517</ele><time>2022-07-31T18:17:23Z</time></trkpt><trkpt lat="-24.124216" lon="-49.376263"><ele>682.224</ele><time>2022-07-31T18:17:24Z</time></trkpt><trkpt lat="-24.124229" lon="-49.376330"><ele>684.929</ele><time>2022-07-31T18:17:25Z</time></trkpt><trkpt lat="-24.124246" lon="-49.376392"><ele>686.500</ele><time>2022-07-31T18:17:26Z</time></trkpt><trkpt lat="-24.124272" lon="-49.376454"><ele>687.720</ele><time>2022-07-31T18:17:27Z</time></trkpt><trkpt lat="-24.124282" lon="-49.376516"><ele>689.209</ele><time>2022-07-31T18:17:28Z</time></trkpt><trkpt lat="-24.124296" lon="-49.376566"><ele>690.113</ele><time>2022-07-31T18:17:29Z</time></trkpt><trkpt lat="-24.124285" lon="-49.376628"><ele>689.192</ele><time>2022-07-31T18:17:30Z</time></trkpt><trkpt lat="-24.124297" lon="-49.376732"><ele>691.541</ele><time>2022-07-31T18:17:32Z</time></trkpt><trkpt lat="-24.124331" lon="-49.376916"><ele>656.655</ele><time>2022-07-31T18:17:35Z</time></trkpt><trkpt lat="-24.124343" lon="-49.376984"><ele>663.538</ele><time>2022-07-31T18:17:36Z</time></trkpt><trkpt lat="-24.124342" lon="-49.377057"><ele>668.127</ele><time>2022-07-31T18:17:37Z</time></trkpt><trkpt lat="-24.124344" lon="-49.377127"><ele>674.458</ele><time>2022-07-31T18:17:38Z</time></trkpt><trkpt lat="-24.124350" lon="-49.377203"><ele>677.785</ele><time>2022-07-31T18:17:39Z</time></trkpt><trkpt lat="-24.124347" lon="-49.377267"><ele>678.832</ele><time>2022-07-31T18:17:40Z</time></trkpt><trkpt lat="-24.124368" lon="-49.377341"><ele>684.187</ele><time>2022-07-31T18:17:41Z</time></trkpt><trkpt lat="-24.124353" lon="-49.377388"><ele>686.642</ele><time>2022-07-31T18:17:42Z</time></trkpt><trkpt lat="-24.124359" lon="-49.377452"><ele>687.626</ele><time>2022-07-31T18:17:43Z</time></trkpt><trkpt lat="-24.124356" lon="-49.377520"><ele>689.209</ele><time>2022-07-31T18:17:44Z</time></trkpt><trkpt lat="-24.124358" lon="-49.377578"><ele>690.759</ele><time>2022-07-31T18:17:45Z</time></trkpt><trkpt lat="-24.124397" lon="-49.377654"><ele>689.848</ele><time>2022-07-31T18:17:46Z</time></trkpt><trkpt lat="-24.124418" lon="-49.377732"><ele>691.267</ele><time>2022-07-31T18:17:47Z</time></trkpt><trkpt lat="-24.124435" lon="-49.377805"><ele>691.571</ele><time>2022-07-31T18:17:48Z</time></trkpt><trkpt lat="-24.124485" lon="-49.377902"><ele>694.994</ele><time>2022-07-31T18:17:49Z</time></trkpt><trkpt lat="-24.124504" lon="-49.377974"><ele>695.833</ele><time>2022-07-31T18:17:50Z</time></trkpt><trkpt lat="-24.124519" lon="-49.378092"><ele>698.694</ele><time>2022-07-31T18:17:52Z</time></trkpt><trkpt lat="-24.124536" lon="-49.378162"><ele>698.311</ele><time>2022-07-31T18:17:53Z</time></trkpt><trkpt lat="-24.124540" lon="-49.378214"><ele>700.268</ele><time>2022-07-31T18:17:54Z</time></trkpt><trkpt lat="-24.124566" lon="-49.378302"><ele>701.531</ele><time>2022-07-31T18:17:56Z</time></trkpt><trkpt lat="-24.124572" lon="-49.378352"><ele>700.861</ele><time>2022-07-31T18:17:57Z</time></trkpt><trkpt lat="-24.124604" lon="-49.378438"><ele>702.507</ele><time>2022-07-31T18:17:59Z</time></trkpt><trkpt lat="-24.124637" lon="-49.378486"><ele>702.809</ele><time>2022-07-31T18:18:00Z</time></trkpt><trkpt lat="-24.124675" lon="-49.378536"><ele>704.364</ele><time>2022-07-31T18:18:01Z</time></trkpt><trkpt lat="-24.124725" lon="-49.378594"><ele>705.823</ele><time>2022-07-31T18:18:02Z</time></trkpt><trkpt lat="-24.124757" lon="-49.378636"><ele>707.332</ele><time>2022-07-31T18:18:03Z</time></trkpt><trkpt lat="-24.124826" lon="-49.378712"><ele>705.456</ele><time>2022-07-31T18:18:05Z</time></trkpt><trkpt lat="-24.124858" lon="-49.378750"><ele>706.369</ele><time>2022-07-31T18:18:06Z</time></trkpt><trkpt lat="-24.124894" lon="-49.378790"><ele>705.638</ele><time>2022-07-31T18:18:07Z</time></trkpt><trkpt lat="-24.124932" lon="-49.378840"><ele>705.349</ele><time>2022-07-31T18:18:08Z</time></trkpt><trkpt lat="-24.124993" lon="-49.378922"><ele>703.836</ele><time>2022-07-31T18:18:10Z</time></trkpt><trkpt lat="-24.125029" lon="-49.378973"><ele>705.123</ele><time>2022-07-31T18:18:11Z</time></trkpt><trkpt lat="-24.125063" lon="-49.379023"><ele>706.558</ele><time>2022-07-31T18:18:12Z</time></trkpt><trkpt lat="-24.125113" lon="-49.379072"><ele>707.852</ele><time>2022-07-31T18:18:13Z</time></trkpt><trkpt lat="-24.125123" lon="-49.379126"><ele>708.217</ele><time>2022-07-31T18:18:14Z</time></trkpt><trkpt lat="-24.125146" lon="-49.379178"><ele>709.409</ele><time>2022-07-31T18:18:15Z</time></trkpt><trkpt lat="-24.125179" lon="-49.379238"><ele>710.916</ele><time>2022-07-31T18:18:16Z</time></trkpt><trkpt lat="-24.125210" lon="-49.379298"><ele>712.185</ele><time>2022-07-31T18:18:17Z</time></trkpt><trkpt lat="-24.125238" lon="-49.379354"><ele>713.014</ele><time>2022-07-31T18:18:18Z</time></trkpt><trkpt lat="-24.125258" lon="-49.379420"><ele>714.358</ele><time>2022-07-31T18:18:19Z</time></trkpt><trkpt lat="-24.125279" lon="-49.379492"><ele>715.441</ele><time>2022-07-31T18:18:20Z</time></trkpt><trkpt lat="-24.125300" lon="-49.379560"><ele>715.670</ele><time>2022-07-31T18:18:21Z</time></trkpt><trkpt lat="-24.125315" lon="-49.379625"><ele>715.821</ele><time>2022-07-31T18:18:22Z</time></trkpt><trkpt lat="-24.125328" lon="-49.379686"><ele>716.378</ele><time>2022-07-31T18:18:23Z</time></trkpt><trkpt lat="-24.125351" lon="-49.379748"><ele>717.155</ele><time>2022-07-31T18:18:24Z</time></trkpt><trkpt lat="-24.125380" lon="-49.379810"><ele>717.167</ele><time>2022-07-31T18:18:25Z</time></trkpt><trkpt lat="-24.125410" lon="-49.379880"><ele>717.181</ele><time>2022-07-31T18:18:26Z</time></trkpt><trkpt lat="-24.125444" lon="-49.379945"><ele>716.519</ele><time>2022-07-31T18:18:27Z</time></trkpt><trkpt lat="-24.125464" lon="-49.380016"><ele>717.109</ele><time>2022-07-31T18:18:28Z</time></trkpt><trkpt lat="-24.125487" lon="-49.380080"><ele>717.617</ele><time>2022-07-31T18:18:29Z</time></trkpt><trkpt lat="-24.125510" lon="-49.380152"><ele>716.836</ele><time>2022-07-31T18:18:30Z</time></trkpt><trkpt lat="-24.125522" lon="-49.380207"><ele>718.425</ele><time>2022-07-31T18:18:31Z</time></trkpt><trkpt lat="-24.125543" lon="-49.380275"><ele>718.869</ele><time>2022-07-31T18:18:32Z</time></trkpt><trkpt lat="-24.125552" lon="-49.380332"><ele>718.422</ele><time>2022-07-31T18:18:33Z</time></trkpt><trkpt lat="-24.125590" lon="-49.380401"><ele>717.721</ele><time>2022-07-31T18:18:34Z</time></trkpt><trkpt lat="-24.125636" lon="-49.380468"><ele>715.512</ele><time>2022-07-31T18:18:35Z</time></trkpt><trkpt lat="-24.125655" lon="-49.380542"><ele>715.449</ele><time>2022-07-31T18:18:36Z</time></trkpt><trkpt lat="-24.125683" lon="-49.380615"><ele>715.686</ele><time>2022-07-31T18:18:37Z</time></trkpt><trkpt lat="-24.125720" lon="-49.380696"><ele>717.089</ele><time>2022-07-31T18:18:38Z</time></trkpt><trkpt lat="-24.125747" lon="-49.380770"><ele>716.506</ele><time>2022-07-31T18:18:39Z</time></trkpt><trkpt lat="-24.125766" lon="-49.380845"><ele>716.926</ele><time>2022-07-31T18:18:40Z</time></trkpt><trkpt lat="-24.125795" lon="-49.380914"><ele>717.109</ele><time>2022-07-31T18:18:41Z</time></trkpt><trkpt lat="-24.125829" lon="-49.380983"><ele>716.389</ele><time>2022-07-31T18:18:42Z</time></trkpt><trkpt lat="-24.125862" lon="-49.381055"><ele>716.688</ele><time>2022-07-31T18:18:43Z</time></trkpt><trkpt lat="-24.125888" lon="-49.381126"><ele>718.157</ele><time>2022-07-31T18:18:44Z</time></trkpt><trkpt lat="-24.125916" lon="-49.381200"><ele>719.411</ele><time>2022-07-31T18:18:45Z</time></trkpt><trkpt lat="-24.125937" lon="-49.381266"><ele>720.194</ele><time>2022-07-31T18:18:46Z</time></trkpt><trkpt lat="-24.125956" lon="-49.381324"><ele>719.773</ele><time>2022-07-31T18:18:47Z</time></trkpt><trkpt lat="-24.125982" lon="-49.381382"><ele>720.814</ele><time>2022-07-31T18:18:48Z</time></trkpt><trkpt lat="-24.126001" lon="-49.381437"><ele>721.551</ele><time>2022-07-31T18:18:49Z</time></trkpt><trkpt lat="-24.126004" lon="-49.381499"><ele>721.118</ele><time>2022-07-31T18:18:50Z</time></trkpt><trkpt lat="-24.126032" lon="-49.381558"><ele>721.774</ele><time>2022-07-31T18:18:51Z</time></trkpt><trkpt lat="-24.126059" lon="-49.381620"><ele>722.356</ele><time>2022-07-31T18:18:52Z</time></trkpt><trkpt lat="-24.126066" lon="-49.381673"><ele>722.621</ele><time>2022-07-31T18:18:53Z</time></trkpt><trkpt lat="-24.126083" lon="-49.381727"><ele>722.209</ele><time>2022-07-31T18:18:54Z</time></trkpt><trkpt lat="-24.126164" lon="-49.381782"><ele>720.198</ele><time>2022-07-31T18:18:55Z</time></trkpt><trkpt lat="-24.126174" lon="-49.381836"><ele>720.447</ele><time>2022-07-31T18:18:56Z</time></trkpt><trkpt lat="-24.126195" lon="-49.381894"><ele>720.236</ele><time>2022-07-31T18:18:57Z</time></trkpt><trkpt lat="-24.126220" lon="-49.381954"><ele>723.330</ele><time>2022-07-31T18:18:58Z</time></trkpt><trkpt lat="-24.126237" lon="-49.382016"><ele>724.033</ele><time>2022-07-31T18:18:59Z</time></trkpt><trkpt lat="-24.126253" lon="-49.382079"><ele>723.582</ele><time>2022-07-31T18:19:00Z</time></trkpt><trkpt lat="-24.126279" lon="-49.382148"><ele>724.843</ele><time>2022-07-31T18:19:01Z</time></trkpt><trkpt lat="-24.126297" lon="-49.382202"><ele>725.480</ele><time>2022-07-31T18:19:02Z</time></trkpt><trkpt lat="-24.126304" lon="-49.382276"><ele>725.317</ele><time>2022-07-31T18:19:04Z</time></trkpt><trkpt lat="-24.126336" lon="-49.382339"><ele>721.047</ele><time>2022-07-31T18:19:05Z</time></trkpt><trkpt lat="-24.126368" lon="-49.382379"><ele>721.929</ele><time>2022-07-31T18:19:06Z</time></trkpt><trkpt lat="-24.126404" lon="-49.382422"><ele>723.021</ele><time>2022-07-31T18:19:07Z</time></trkpt><trkpt lat="-24.126467" lon="-49.382470"><ele>724.609</ele><time>2022-07-31T18:19:08Z</time></trkpt><trkpt lat="-24.126522" lon="-49.382501"><ele>724.055</ele><time>2022-07-31T18:19:09Z</time></trkpt><trkpt lat="-24.126582" lon="-49.382527"><ele>723.974</ele><time>2022-07-31T18:19:10Z</time></trkpt><trkpt lat="-24.126636" lon="-49.382546"><ele>724.093</ele><time>2022-07-31T18:19:11Z</time></trkpt><trkpt lat="-24.126681" lon="-49.382540"><ele>723.737</ele><time>2022-07-31T18:19:12Z</time></trkpt><trkpt lat="-24.126748" lon="-49.382536"><ele>723.890</ele><time>2022-07-31T18:19:13Z</time></trkpt><trkpt lat="-24.126828" lon="-49.382532"><ele>724.699</ele><time>2022-07-31T18:19:14Z</time></trkpt><trkpt lat="-24.126875" lon="-49.382520"><ele>716.570</ele><time>2022-07-31T18:19:15Z</time></trkpt><trkpt lat="-24.126933" lon="-49.382490"><ele>717.937</ele><time>2022-07-31T18:19:16Z</time></trkpt><trkpt lat="-24.126982" lon="-49.382468"><ele>718.164</ele><time>2022-07-31T18:19:17Z</time></trkpt><trkpt lat="-24.127040" lon="-49.382452"><ele>717.223</ele><time>2022-07-31T18:19:18Z</time></trkpt><trkpt lat="-24.127090" lon="-49.382428"><ele>716.483</ele><time>2022-07-31T18:19:19Z</time></trkpt><trkpt lat="-24.127147" lon="-49.382395"><ele>716.411</ele><time>2022-07-31T18:19:20Z</time></trkpt><trkpt lat="-24.127206" lon="-49.382379"><ele>717.109</ele><time>2022-07-31T18:19:21Z</time></trkpt><trkpt lat="-24.127260" lon="-49.382349"><ele>717.843</ele><time>2022-07-31T18:19:22Z</time></trkpt><trkpt lat="-24.127317" lon="-49.382334"><ele>718.582</ele><time>2022-07-31T18:19:23Z</time></trkpt><trkpt lat="-24.127386" lon="-49.382311"><ele>717.741</ele><time>2022-07-31T18:19:24Z</time></trkpt><trkpt lat="-24.127454" lon="-49.382293"><ele>717.385</ele><time>2022-07-31T18:19:25Z</time></trkpt><trkpt lat="-24.127516" lon="-49.382252"><ele>716.918</ele><time>2022-07-31T18:19:26Z</time></trkpt><trkpt lat="-24.127569" lon="-49.382260"><ele>713.857</ele><time>2022-07-31T18:19:27Z</time></trkpt><trkpt lat="-24.127625" lon="-49.382254"><ele>712.548</ele><time>2022-07-31T18:19:28Z</time></trkpt><trkpt lat="-24.127688" lon="-49.382238"><ele>711.485</ele><time>2022-07-31T18:19:29Z</time></trkpt><trkpt lat="-24.127749" lon="-49.382221"><ele>712.392</ele><time>2022-07-31T18:19:30Z</time></trkpt><trkpt lat="-24.127804" lon="-49.382188"><ele>712.039</ele><time>2022-07-31T18:19:31Z</time></trkpt><trkpt lat="-24.127866" lon="-49.382172"><ele>711.401</ele><time>2022-07-31T18:19:32Z</time></trkpt><trkpt lat="-24.127915" lon="-49.382148"><ele>712.721</ele><time>2022-07-31T18:19:33Z</time></trkpt><trkpt lat="-24.127974" lon="-49.382136"><ele>712.109</ele><time>2022-07-31T18:19:34Z</time></trkpt><trkpt lat="-24.128030" lon="-49.382151"><ele>709.984</ele><time>2022-07-31T18:19:35Z</time></trkpt><trkpt lat="-24.128083" lon="-49.382148"><ele>705.253</ele><time>2022-07-31T18:19:36Z</time></trkpt><trkpt lat="-24.128154" lon="-49.382123"><ele>708.042</ele><time>2022-07-31T18:19:37Z</time></trkpt><trkpt lat="-24.128217" lon="-49.382100"><ele>708.176</ele><time>2022-07-31T18:19:38Z</time></trkpt><trkpt lat="-24.128271" lon="-49.382094"><ele>709.439</ele><time>2022-07-31T18:19:39Z</time></trkpt><trkpt lat="-24.128346" lon="-49.382079"><ele>710.098</ele><time>2022-07-31T18:19:40Z</time></trkpt><trkpt lat="-24.128415" lon="-49.382060"><ele>711.179</ele><time>2022-07-31T18:19:41Z</time></trkpt><trkpt lat="-24.128493" lon="-49.382039"><ele>684.266</ele><time>2022-07-31T18:19:42Z</time></trkpt><trkpt lat="-24.128576" lon="-49.382011"><ele>684.683</ele><time>2022-07-31T18:19:43Z</time></trkpt><trkpt lat="-24.128647" lon="-49.382004"><ele>688.857</ele><time>2022-07-31T18:19:44Z</time></trkpt><trkpt lat="-24.128716" lon="-49.381997"><ele>692.300</ele><time>2022-07-31T18:19:45Z</time></trkpt><trkpt lat="-24.128781" lon="-49.381990"><ele>694.820</ele><time>2022-07-31T18:19:46Z</time></trkpt><trkpt lat="-24.128855" lon="-49.381987"><ele>697.309</ele><time>2022-07-31T18:19:47Z</time></trkpt><trkpt lat="-24.128926" lon="-49.381983"><ele>699.596</ele><time>2022-07-31T18:19:48Z</time></trkpt><trkpt lat="-24.128990" lon="-49.381971"><ele>702.635</ele><time>2022-07-31T18:19:49Z</time></trkpt><trkpt lat="-24.129063" lon="-49.381963"><ele>706.054</ele><time>2022-07-31T18:19:50Z</time></trkpt><trkpt lat="-24.129147" lon="-49.381954"><ele>706.228</ele><time>2022-07-31T18:19:51Z</time></trkpt><trkpt lat="-24.129212" lon="-49.381946"><ele>706.591</ele><time>2022-07-31T18:19:52Z</time></trkpt><trkpt lat="-24.129287" lon="-49.381943"><ele>706.890</ele><time>2022-07-31T18:19:53Z</time></trkpt><trkpt lat="-24.129360" lon="-49.381939"><ele>707.591</ele><time>2022-07-31T18:19:54Z</time></trkpt><trkpt lat="-24.129439" lon="-49.381933"><ele>707.578</ele><time>2022-07-31T18:19:55Z</time></trkpt><trkpt lat="-24.129517" lon="-49.381930"><ele>708.795</ele><time>2022-07-31T18:19:56Z</time></trkpt><trkpt lat="-24.129605" lon="-49.381921"><ele>706.311</ele><time>2022-07-31T18:19:57Z</time></trkpt><trkpt lat="-24.129685" lon="-49.381912"><ele>708.421</ele><time>2022-07-31T18:19:58Z</time></trkpt><trkpt lat="-24.129765" lon="-49.381908"><ele>708.603</ele><time>2022-07-31T18:19:59Z</time></trkpt><trkpt lat="-24.129836" lon="-49.381900"><ele>708.509</ele><time>2022-07-31T18:20:00Z</time></trkpt><trkpt lat="-24.129910" lon="-49.381894"><ele>708.592</ele><time>2022-07-31T18:20:01Z</time></trkpt><trkpt lat="-24.129986" lon="-49.381894"><ele>708.081</ele><time>2022-07-31T18:20:02Z</time></trkpt><trkpt lat="-24.130069" lon="-49.381879"><ele>708.260</ele><time>2022-07-31T18:20:03Z</time></trkpt><trkpt lat="-24.130143" lon="-49.381882"><ele>706.634</ele><time>2022-07-31T18:20:04Z</time></trkpt><trkpt lat="-24.130219" lon="-49.381873"><ele>706.167</ele><time>2022-07-31T18:20:05Z</time></trkpt><trkpt lat="-24.130295" lon="-49.381881"><ele>705.486</ele><time>2022-07-31T18:20:06Z</time></trkpt><trkpt lat="-24.130374" lon="-49.381877"><ele>704.597</ele><time>2022-07-31T18:20:07Z</time></trkpt><trkpt lat="-24.130451" lon="-49.381874"><ele>703.984</ele><time>2022-07-31T18:20:08Z</time></trkpt><trkpt lat="-24.130528" lon="-49.381870"><ele>703.541</ele><time>2022-07-31T18:20:09Z</time></trkpt><trkpt lat="-24.130599" lon="-49.381869"><ele>703.256</ele><time>2022-07-31T18:20:10Z</time></trkpt><trkpt lat="-24.130680" lon="-49.381855"><ele>703.059</ele><time>2022-07-31T18:20:11Z</time></trkpt><trkpt lat="-24.130755" lon="-49.381844"><ele>701.614</ele><time>2022-07-31T18:20:12Z</time></trkpt><trkpt lat="-24.130825" lon="-49.381824"><ele>701.709</ele><time>2022-07-31T18:20:13Z</time></trkpt><trkpt lat="-24.130878" lon="-49.381803"><ele>700.386</ele><time>2022-07-31T18:20:14Z</time></trkpt><trkpt lat="-24.130938" lon="-49.381773"><ele>699.435</ele><time>2022-07-31T18:20:15Z</time></trkpt><trkpt lat="-24.131001" lon="-49.381738"><ele>699.174</ele><time>2022-07-31T18:20:16Z</time></trkpt><trkpt lat="-24.131063" lon="-49.381698"><ele>698.998</ele><time>2022-07-31T18:20:17Z</time></trkpt><trkpt lat="-24.131130" lon="-49.381654"><ele>699.491</ele><time>2022-07-31T18:20:18Z</time></trkpt><trkpt lat="-24.131189" lon="-49.381613"><ele>699.570</ele><time>2022-07-31T18:20:19Z</time></trkpt><trkpt lat="-24.131247" lon="-49.381567"><ele>700.271</ele><time>2022-07-31T18:20:20Z</time></trkpt><trkpt lat="-24.131296" lon="-49.381530"><ele>699.828</ele><time>2022-07-31T18:20:21Z</time></trkpt><trkpt lat="-24.131350" lon="-49.381494"><ele>700.535</ele><time>2022-07-31T18:20:22Z</time></trkpt><trkpt lat="-24.131409" lon="-49.381459"><ele>701.284</ele><time>2022-07-31T18:20:23Z</time></trkpt><trkpt lat="-24.131471" lon="-49.381425"><ele>699.707</ele><time>2022-07-31T18:20:24Z</time></trkpt><trkpt lat="-24.131528" lon="-49.381386"><ele>699.517</ele><time>2022-07-31T18:20:25Z</time></trkpt><trkpt lat="-24.131586" lon="-49.381344"><ele>699.209</ele><time>2022-07-31T18:20:26Z</time></trkpt><trkpt lat="-24.131644" lon="-49.381300"><ele>698.869</ele><time>2022-07-31T18:20:27Z</time></trkpt><trkpt lat="-24.131699" lon="-49.381253"><ele>698.698</ele><time>2022-07-31T18:20:28Z</time></trkpt><trkpt lat="-24.131756" lon="-49.381202"><ele>698.027</ele><time>2022-07-31T18:20:29Z</time></trkpt><trkpt lat="-24.131810" lon="-49.381145"><ele>697.511</ele><time>2022-07-31T18:20:30Z</time></trkpt><trkpt lat="-24.131862" lon="-49.381088"><ele>696.784</ele><time>2022-07-31T18:20:31Z</time></trkpt><trkpt lat="-24.131915" lon="-49.381028"><ele>696.483</ele><time>2022-07-31T18:20:32Z</time></trkpt><trkpt lat="-24.131952" lon="-49.380968"><ele>694.474</ele><time>2022-07-31T18:20:33Z</time></trkpt><trkpt lat="-24.131997" lon="-49.380902"><ele>693.971</ele><time>2022-07-31T18:20:34Z</time></trkpt><trkpt lat="-24.132044" lon="-49.380846"><ele>692.278</ele><time>2022-07-31T18:20:35Z</time></trkpt><trkpt lat="-24.132103" lon="-49.380796"><ele>691.391</ele><time>2022-07-31T18:20:36Z</time></trkpt><trkpt lat="-24.132167" lon="-49.380758"><ele>690.581</ele><time>2022-07-31T18:20:37Z</time></trkpt><trkpt lat="-24.132231" lon="-49.380734"><ele>689.319</ele><time>2022-07-31T18:20:38Z</time></trkpt><trkpt lat="-24.132308" lon="-49.380725"><ele>688.909</ele><time>2022-07-31T18:20:39Z</time></trkpt><trkpt lat="-24.132376" lon="-49.380739"><ele>687.490</ele><time>2022-07-31T18:20:40Z</time></trkpt><trkpt lat="-24.132444" lon="-49.380751"><ele>688.379</ele><time>2022-07-31T18:20:41Z</time></trkpt><trkpt lat="-24.132497" lon="-49.380772"><ele>687.948</ele><time>2022-07-31T18:20:42Z</time></trkpt><trkpt lat="-24.132549" lon="-49.380799"><ele>688.152</ele><time>2022-07-31T18:20:43Z</time></trkpt><trkpt lat="-24.132589" lon="-49.380827"><ele>687.675</ele><time>2022-07-31T18:20:44Z</time></trkpt><trkpt lat="-24.132639" lon="-49.380852"><ele>689.184</ele><time>2022-07-31T18:20:46Z</time></trkpt><trkpt lat="-24.132692" lon="-49.380873"><ele>690.175</ele><time>2022-07-31T18:20:48Z</time></trkpt><trkpt lat="-24.132758" lon="-49.380911"><ele>689.722</ele><time>2022-07-31T18:20:50Z</time></trkpt><trkpt lat="-24.132832" lon="-49.380939"><ele>690.599</ele><time>2022-07-31T18:20:52Z</time></trkpt><trkpt lat="-24.132890" lon="-49.380958"><ele>690.254</ele><time>2022-07-31T18:20:54Z</time></trkpt><trkpt lat="-24.132943" lon="-49.380973"><ele>691.356</ele><time>2022-07-31T18:20:56Z</time></trkpt><trkpt lat="-24.133019" lon="-49.381001"><ele>691.811</ele><time>2022-07-31T18:20:58Z</time></trkpt><trkpt lat="-24.133070" lon="-49.381013"><ele>692.909</ele><time>2022-07-31T18:20:59Z</time></trkpt><trkpt lat="-24.133122" lon="-49.381027"><ele>693.536</ele><time>2022-07-31T18:21:00Z</time></trkpt><trkpt lat="-24.133171" lon="-49.381041"><ele>694.495</ele><time>2022-07-31T18:21:01Z</time></trkpt><trkpt lat="-24.133221" lon="-49.381057"><ele>695.064</ele><time>2022-07-31T18:21:02Z</time></trkpt><trkpt lat="-24.133272" lon="-49.381076"><ele>694.978</ele><time>2022-07-31T18:21:03Z</time></trkpt><trkpt lat="-24.133324" lon="-49.381091"><ele>695.461</ele><time>2022-07-31T18:21:04Z</time></trkpt><trkpt lat="-24.133379" lon="-49.381103"><ele>696.110</ele><time>2022-07-31T18:21:05Z</time></trkpt><trkpt lat="-24.133430" lon="-49.381117"><ele>697.161</ele><time>2022-07-31T18:21:06Z</time></trkpt><trkpt lat="-24.133479" lon="-49.381134"><ele>698.098</ele><time>2022-07-31T18:21:07Z</time></trkpt><trkpt lat="-24.133530" lon="-49.381153"><ele>698.485</ele><time>2022-07-31T18:21:08Z</time></trkpt><trkpt lat="-24.133581" lon="-49.381165"><ele>699.474</ele><time>2022-07-31T18:21:09Z</time></trkpt><trkpt lat="-24.133636" lon="-49.381188"><ele>699.156</ele><time>2022-07-31T18:21:10Z</time></trkpt><trkpt lat="-24.133688" lon="-49.381208"><ele>699.621</ele><time>2022-07-31T18:21:11Z</time></trkpt><trkpt lat="-24.133741" lon="-49.381225"><ele>699.709</ele><time>2022-07-31T18:21:12Z</time></trkpt><trkpt lat="-24.133788" lon="-49.381244"><ele>700.388</ele><time>2022-07-31T18:21:13Z</time></trkpt><trkpt lat="-24.133843" lon="-49.381263"><ele>701.427</ele><time>2022-07-31T18:21:14Z</time></trkpt><trkpt lat="-24.133889" lon="-49.381284"><ele>702.336</ele><time>2022-07-31T18:21:15Z</time></trkpt><trkpt lat="-24.133945" lon="-49.381302"><ele>703.820</ele><time>2022-07-31T18:21:16Z</time></trkpt><trkpt lat="-24.133995" lon="-49.381325"><ele>704.323</ele><time>2022-07-31T18:21:17Z</time></trkpt><trkpt lat="-24.134038" lon="-49.381346"><ele>705.672</ele><time>2022-07-31T18:21:18Z</time></trkpt><trkpt lat="-24.134082" lon="-49.381375"><ele>706.733</ele><time>2022-07-31T18:21:19Z</time></trkpt><trkpt lat="-24.134122" lon="-49.381414"><ele>707.610</ele><time>2022-07-31T18:21:20Z</time></trkpt><trkpt lat="-24.134161" lon="-49.381470"><ele>707.237</ele><time>2022-07-31T18:21:21Z</time></trkpt><trkpt lat="-24.134195" lon="-49.381510"><ele>708.554</ele><time>2022-07-31T18:21:22Z</time></trkpt><trkpt lat="-24.134224" lon="-49.381559"><ele>709.556</ele><time>2022-07-31T18:21:23Z</time></trkpt><trkpt lat="-24.134252" lon="-49.381606"><ele>710.311</ele><time>2022-07-31T18:21:24Z</time></trkpt><trkpt lat="-24.134271" lon="-49.381666"><ele>711.409</ele><time>2022-07-31T18:21:25Z</time></trkpt><trkpt lat="-24.134288" lon="-49.381722"><ele>711.886</ele><time>2022-07-31T18:21:26Z</time></trkpt><trkpt lat="-24.134296" lon="-49.381786"><ele>712.065</ele><time>2022-07-31T18:21:27Z</time></trkpt><trkpt lat="-24.134308" lon="-49.381843"><ele>712.984</ele><time>2022-07-31T18:21:28Z</time></trkpt><trkpt lat="-24.134319" lon="-49.381912"><ele>712.428</ele><time>2022-07-31T18:21:29Z</time></trkpt><trkpt lat="-24.134326" lon="-49.381976"><ele>712.871</ele><time>2022-07-31T18:21:30Z</time></trkpt><trkpt lat="-24.134336" lon="-49.382043"><ele>713.810</ele><time>2022-07-31T18:21:31Z</time></trkpt><trkpt lat="-24.134344" lon="-49.382115"><ele>714.441</ele><time>2022-07-31T18:21:32Z</time></trkpt><trkpt lat="-24.134336" lon="-49.382182"><ele>714.528</ele><time>2022-07-31T18:21:33Z</time></trkpt><trkpt lat="-24.134346" lon="-49.382253"><ele>715.195</ele><time>2022-07-31T18:21:34Z</time></trkpt><trkpt lat="-24.134356" lon="-49.382319"><ele>716.023</ele><time>2022-07-31T18:21:35Z</time></trkpt><trkpt lat="-24.134372" lon="-49.382388"><ele>716.883</ele><time>2022-07-31T18:21:36Z</time></trkpt><trkpt lat="-24.134390" lon="-49.382456"><ele>716.911</ele><time>2022-07-31T18:21:37Z</time></trkpt><trkpt lat="-24.134410" lon="-49.382523"><ele>717.809</ele><time>2022-07-31T18:21:38Z</time></trkpt><trkpt lat="-24.134427" lon="-49.382584"><ele>717.933</ele><time>2022-07-31T18:21:39Z</time></trkpt><trkpt lat="-24.134452" lon="-49.382637"><ele>718.422</ele><time>2022-07-31T18:21:40Z</time></trkpt><trkpt lat="-24.134477" lon="-49.382685"><ele>718.361</ele><time>2022-07-31T18:21:41Z</time></trkpt><trkpt lat="-24.134517" lon="-49.382739"><ele>719.035</ele><time>2022-07-31T18:21:42Z</time></trkpt><trkpt lat="-24.134551" lon="-49.382786"><ele>720.118</ele><time>2022-07-31T18:21:43Z</time></trkpt><trkpt lat="-24.134599" lon="-49.382833"><ele>719.957</ele><time>2022-07-31T18:21:44Z</time></trkpt><trkpt lat="-24.134644" lon="-49.382876"><ele>719.568</ele><time>2022-07-31T18:21:45Z</time></trkpt><trkpt lat="-24.134686" lon="-49.382914"><ele>719.165</ele><time>2022-07-31T18:21:46Z</time></trkpt><trkpt lat="-24.134733" lon="-49.382942"><ele>719.532</ele><time>2022-07-31T18:21:47Z</time></trkpt><trkpt lat="-24.134784" lon="-49.382971"><ele>719.363</ele><time>2022-07-31T18:21:48Z</time></trkpt><trkpt lat="-24.134839" lon="-49.382986"><ele>718.644</ele><time>2022-07-31T18:21:49Z</time></trkpt><trkpt lat="-24.134895" lon="-49.383000"><ele>718.918</ele><time>2022-07-31T18:21:50Z</time></trkpt><trkpt lat="-24.134950" lon="-49.383015"><ele>719.409</ele><time>2022-07-31T18:21:51Z</time></trkpt><trkpt lat="-24.135007" lon="-49.383026"><ele>719.987</ele><time>2022-07-31T18:21:52Z</time></trkpt><trkpt lat="-24.135063" lon="-49.383036"><ele>720.446</ele><time>2022-07-31T18:21:53Z</time></trkpt><trkpt lat="-24.135124" lon="-49.383039"><ele>719.865</ele><time>2022-07-31T18:21:54Z</time></trkpt><trkpt lat="-24.135180" lon="-49.383044"><ele>719.419</ele><time>2022-07-31T18:21:55Z</time></trkpt><trkpt lat="-24.135270" lon="-49.383050"><ele>719.732</ele><time>2022-07-31T18:21:57Z</time></trkpt><trkpt lat="-24.135314" lon="-49.383060"><ele>719.131</ele><time>2022-07-31T18:21:58Z</time></trkpt><trkpt lat="-24.135380" lon="-49.383076"><ele>717.642</ele><time>2022-07-31T18:22:00Z</time></trkpt><trkpt lat="-24.135418" lon="-49.383106"><ele>717.349</ele><time>2022-07-31T18:22:02Z</time></trkpt><trkpt lat="-24.135443" lon="-49.383157"><ele>717.356</ele><time>2022-07-31T18:22:04Z</time></trkpt><trkpt lat="-24.135453" lon="-49.383213"><ele>703.694</ele><time>2022-07-31T18:22:06Z</time></trkpt><trkpt lat="-24.135461" lon="-49.383271"><ele>710.157</ele><time>2022-07-31T18:22:08Z</time></trkpt><trkpt lat="-24.135466" lon="-49.383333"><ele>711.722</ele><time>2022-07-31T18:22:10Z</time></trkpt><trkpt lat="-24.135461" lon="-49.383400"><ele>712.209</ele><time>2022-07-31T18:22:12Z</time></trkpt><trkpt lat="-24.135444" lon="-49.383469"><ele>711.580</ele><time>2022-07-31T18:22:14Z</time></trkpt><trkpt lat="-24.135409" lon="-49.383554"><ele>711.249</ele><time>2022-07-31T18:22:16Z</time></trkpt><trkpt lat="-24.135388" lon="-49.383602"><ele>711.068</ele><time>2022-07-31T18:22:17Z</time></trkpt><trkpt lat="-24.135353" lon="-49.383646"><ele>711.542</ele><time>2022-07-31T18:22:18Z</time></trkpt><trkpt lat="-24.135314" lon="-49.383719"><ele>710.415</ele><time>2022-07-31T18:22:20Z</time></trkpt><trkpt lat="-24.135248" lon="-49.383786"><ele>708.144</ele><time>2022-07-31T18:22:22Z</time></trkpt><trkpt lat="-24.135211" lon="-49.383820"><ele>705.185</ele><time>2022-07-31T18:22:23Z</time></trkpt><trkpt lat="-24.135160" lon="-49.383887"><ele>704.052</ele><time>2022-07-31T18:22:25Z</time></trkpt><trkpt lat="-24.135112" lon="-49.383957"><ele>702.389</ele><time>2022-07-31T18:22:27Z</time></trkpt><trkpt lat="-24.135071" lon="-49.383986"><ele>700.759</ele><time>2022-07-31T18:22:28Z</time></trkpt><trkpt lat="-24.135040" lon="-49.384032"><ele>699.803</ele><time>2022-07-31T18:22:29Z</time></trkpt><trkpt lat="-24.134979" lon="-49.384105"><ele>699.923</ele><time>2022-07-31T18:22:31Z</time></trkpt><trkpt lat="-24.134942" lon="-49.384140"><ele>700.409</ele><time>2022-07-31T18:22:32Z</time></trkpt><trkpt lat="-24.134887" lon="-49.384197"><ele>699.066</ele><time>2022-07-31T18:22:34Z</time></trkpt><trkpt lat="-24.134818" lon="-49.384263"><ele>696.735</ele><time>2022-07-31T18:22:36Z</time></trkpt><trkpt lat="-24.134763" lon="-49.384324"><ele>692.974</ele><time>2022-07-31T18:22:38Z</time></trkpt><trkpt lat="-24.134730" lon="-49.384363"><ele>692.818</ele><time>2022-07-31T18:22:39Z</time></trkpt><trkpt lat="-24.134672" lon="-49.384432"><ele>690.571</ele><time>2022-07-31T18:22:41Z</time></trkpt><trkpt lat="-24.134625" lon="-49.384506"><ele>689.540</ele><time>2022-07-31T18:22:43Z</time></trkpt><trkpt lat="-24.134566" lon="-49.384554"><ele>687.541</ele><time>2022-07-31T18:22:45Z</time></trkpt><trkpt lat="-24.134541" lon="-49.384598"><ele>686.668</ele><time>2022-07-31T18:22:46Z</time></trkpt><trkpt lat="-24.134514" lon="-49.384643"><ele>686.075</ele><time>2022-07-31T18:22:47Z</time></trkpt><trkpt lat="-24.134462" lon="-49.384724"><ele>684.465</ele><time>2022-07-31T18:22:49Z</time></trkpt><trkpt lat="-24.134431" lon="-49.384772"><ele>684.068</ele><time>2022-07-31T18:22:50Z</time></trkpt><trkpt lat="-24.134400" lon="-49.384815"><ele>684.014</ele><time>2022-07-31T18:22:51Z</time></trkpt><trkpt lat="-24.134362" lon="-49.384853"><ele>682.809</ele><time>2022-07-31T18:22:52Z</time></trkpt><trkpt lat="-24.134336" lon="-49.384897"><ele>682.537</ele><time>2022-07-31T18:22:53Z</time></trkpt><trkpt lat="-24.134302" lon="-49.384936"><ele>681.436</ele><time>2022-07-31T18:22:54Z</time></trkpt><trkpt lat="-24.134273" lon="-49.384979"><ele>680.745</ele><time>2022-07-31T18:22:55Z</time></trkpt><trkpt lat="-24.134244" lon="-49.385025"><ele>679.689</ele><time>2022-07-31T18:22:56Z</time></trkpt><trkpt lat="-24.134176" lon="-49.385094"><ele>676.912</ele><time>2022-07-31T18:22:58Z</time></trkpt><trkpt lat="-24.134146" lon="-49.385132"><ele>676.661</ele><time>2022-07-31T18:22:59Z</time></trkpt><trkpt lat="-24.134092" lon="-49.385200"><ele>675.172</ele><time>2022-07-31T18:23:01Z</time></trkpt><trkpt lat="-24.134034" lon="-49.385263"><ele>674.529</ele><time>2022-07-31T18:23:03Z</time></trkpt><trkpt lat="-24.133973" lon="-49.385327"><ele>673.836</ele><time>2022-07-31T18:23:05Z</time></trkpt><trkpt lat="-24.133913" lon="-49.385378"><ele>671.123</ele><time>2022-07-31T18:23:07Z</time></trkpt><trkpt lat="-24.133847" lon="-49.385442"><ele>670.783</ele><time>2022-07-31T18:23:09Z</time></trkpt><trkpt lat="-24.133781" lon="-49.385504"><ele>670.011</ele><time>2022-07-31T18:23:11Z</time></trkpt><trkpt lat="-24.133724" lon="-49.385527"><ele>667.009</ele><time>2022-07-31T18:23:12Z</time></trkpt><trkpt lat="-24.133663" lon="-49.385587"><ele>665.173</ele><time>2022-07-31T18:23:14Z</time></trkpt><trkpt lat="-24.133617" lon="-49.385624"><ele>663.632</ele><time>2022-07-31T18:23:16Z</time></trkpt><trkpt lat="-24.133579" lon="-49.385654"><ele>665.211</ele><time>2022-07-31T18:23:19Z</time></trkpt><trkpt lat="-24.133583" lon="-49.385703"><ele>665.695</ele><time>2022-07-31T18:23:23Z</time></trkpt><trkpt lat="-24.133645" lon="-49.385709"><ele>666.518</ele><time>2022-07-31T18:23:26Z</time></trkpt><trkpt lat="-24.133717" lon="-49.385688"><ele>666.937</ele><time>2022-07-31T18:23:28Z</time></trkpt><trkpt lat="-24.133793" lon="-49.385668"><ele>667.698</ele><time>2022-07-31T18:23:30Z</time></trkpt><trkpt lat="-24.133891" lon="-49.385644"><ele>668.515</ele><time>2022-07-31T18:23:32Z</time></trkpt><trkpt lat="-24.133973" lon="-49.385617"><ele>669.732</ele><time>2022-07-31T18:23:34Z</time></trkpt><trkpt lat="-24.134055" lon="-49.385598"><ele>670.478</ele><time>2022-07-31T18:23:36Z</time></trkpt><trkpt lat="-24.134137" lon="-49.385578"><ele>671.533</ele><time>2022-07-31T18:23:38Z</time></trkpt><trkpt lat="-24.134217" lon="-49.385553"><ele>672.726</ele><time>2022-07-31T18:23:40Z</time></trkpt><trkpt lat="-24.134299" lon="-49.385522"><ele>673.509</ele><time>2022-07-31T18:23:42Z</time></trkpt><trkpt lat="-24.134346" lon="-49.385508"><ele>673.698</ele><time>2022-07-31T18:23:43Z</time></trkpt><trkpt lat="-24.134392" lon="-49.385494"><ele>674.177</ele><time>2022-07-31T18:23:44Z</time></trkpt><trkpt lat="-24.134438" lon="-49.385479"><ele>674.136</ele><time>2022-07-31T18:23:45Z</time></trkpt><trkpt lat="-24.134481" lon="-49.385464"><ele>675.260</ele><time>2022-07-31T18:23:46Z</time></trkpt><trkpt lat="-24.134532" lon="-49.385452"><ele>675.153</ele><time>2022-07-31T18:23:47Z</time></trkpt><trkpt lat="-24.134583" lon="-49.385434"><ele>674.222</ele><time>2022-07-31T18:23:48Z</time></trkpt><trkpt lat="-24.134631" lon="-49.385426"><ele>674.253</ele><time>2022-07-31T18:23:49Z</time></trkpt><trkpt lat="-24.134675" lon="-49.385415"><ele>674.830</ele><time>2022-07-31T18:23:50Z</time></trkpt><trkpt lat="-24.134721" lon="-49.385404"><ele>675.037</ele><time>2022-07-31T18:23:51Z</time></trkpt><trkpt lat="-24.134805" lon="-49.385383"><ele>674.658</ele><time>2022-07-31T18:23:53Z</time></trkpt><trkpt lat="-24.134850" lon="-49.385375"><ele>674.652</ele><time>2022-07-31T18:23:54Z</time></trkpt><trkpt lat="-24.134895" lon="-49.385363"><ele>675.317</ele><time>2022-07-31T18:23:55Z</time></trkpt><trkpt lat="-24.134939" lon="-49.385350"><ele>675.309</ele><time>2022-07-31T18:23:56Z</time></trkpt><trkpt lat="-24.134987" lon="-49.385340"><ele>675.836</ele><time>2022-07-31T18:23:57Z</time></trkpt><trkpt lat="-24.135039" lon="-49.385327"><ele>675.665</ele><time>2022-07-31T18:23:58Z</time></trkpt><trkpt lat="-24.135089" lon="-49.385317"><ele>675.594</ele><time>2022-07-31T18:23:59Z</time></trkpt><trkpt lat="-24.135146" lon="-49.385302"><ele>675.948</ele><time>2022-07-31T18:24:00Z</time></trkpt><trkpt lat="-24.135192" lon="-49.385289"><ele>675.031</ele><time>2022-07-31T18:24:01Z</time></trkpt><trkpt lat="-24.135239" lon="-49.385274"><ele>675.360</ele><time>2022-07-31T18:24:02Z</time></trkpt><trkpt lat="-24.135285" lon="-49.385254"><ele>675.721</ele><time>2022-07-31T18:24:03Z</time></trkpt><trkpt lat="-24.135330" lon="-49.385241"><ele>675.688</ele><time>2022-07-31T18:24:04Z</time></trkpt><trkpt lat="-24.135413" lon="-49.385235"><ele>675.475</ele><time>2022-07-31T18:24:06Z</time></trkpt><trkpt lat="-24.135465" lon="-49.385221"><ele>675.588</ele><time>2022-07-31T18:24:07Z</time></trkpt><trkpt lat="-24.135519" lon="-49.385204"><ele>674.924</ele><time>2022-07-31T18:24:08Z</time></trkpt><trkpt lat="-24.135579" lon="-49.385178"><ele>674.026</ele><time>2022-07-31T18:24:09Z</time></trkpt><trkpt lat="-24.135631" lon="-49.385158"><ele>674.109</ele><time>2022-07-31T18:24:10Z</time></trkpt><trkpt lat="-24.135683" lon="-49.385135"><ele>673.749</ele><time>2022-07-31T18:24:11Z</time></trkpt><trkpt lat="-24.135735" lon="-49.385117"><ele>673.128</ele><time>2022-07-31T18:24:12Z</time></trkpt><trkpt lat="-24.135777" lon="-49.385093"><ele>673.627</ele><time>2022-07-31T18:24:13Z</time></trkpt><trkpt lat="-24.135822" lon="-49.385079"><ele>673.621</ele><time>2022-07-31T18:24:14Z</time></trkpt><trkpt lat="-24.135901" lon="-49.385052"><ele>672.194</ele><time>2022-07-31T18:24:16Z</time></trkpt><trkpt lat="-24.135962" lon="-49.385040"><ele>672.253</ele><time>2022-07-31T18:24:18Z</time></trkpt><trkpt lat="-24.136032" lon="-49.385023"><ele>672.364</ele><time>2022-07-31T18:24:20Z</time></trkpt><trkpt lat="-24.136113" lon="-49.384990"><ele>673.151</ele><time>2022-07-31T18:24:22Z</time></trkpt><trkpt lat="-24.136179" lon="-49.384965"><ele>673.488</ele><time>2022-07-31T18:24:24Z</time></trkpt><trkpt lat="-24.136218" lon="-49.384935"><ele>674.213</ele><time>2022-07-31T18:24:41Z</time></trkpt><trkpt lat="-24.136272" lon="-49.384923"><ele>674.843</ele><time>2022-07-31T18:24:43Z</time></trkpt><trkpt lat="-24.136326" lon="-49.384905"><ele>673.107</ele><time>2022-07-31T18:24:45Z</time></trkpt><trkpt lat="-24.136378" lon="-49.384872"><ele>672.909</ele><time>2022-07-31T18:24:48Z</time></trkpt><trkpt lat="-24.136426" lon="-49.384838"><ele>670.222</ele><time>2022-07-31T18:25:01Z</time></trkpt><trkpt lat="-24.136483" lon="-49.384816"><ele>672.811</ele><time>2022-07-31T18:25:07Z</time></trkpt><trkpt lat="-24.136527" lon="-49.384801"><ele>674.870</ele><time>2022-07-31T18:25:10Z</time></trkpt><trkpt lat="-24.136581" lon="-49.384803"><ele>676.614</ele><time>2022-07-31T18:25:14Z</time></trkpt><trkpt lat="-24.136641" lon="-49.384813"><ele>673.247</ele><time>2022-07-31T18:25:17Z</time></trkpt><trkpt lat="-24.136709" lon="-49.384807"><ele>675.556</ele><time>2022-07-31T18:25:19Z</time></trkpt><trkpt lat="-24.136761" lon="-49.384799"><ele>673.757</ele><time>2022-07-31T18:25:21Z</time></trkpt><trkpt lat="-24.136806" lon="-49.384794"><ele>675.334</ele><time>2022-07-31T18:25:23Z</time></trkpt><trkpt lat="-24.136869" lon="-49.384799"><ele>675.741</ele><time>2022-07-31T18:25:26Z</time></trkpt><trkpt lat="-24.136927" lon="-49.384794"><ele>672.771</ele><time>2022-07-31T18:25:28Z</time></trkpt><trkpt lat="-24.136973" lon="-49.384786"><ele>671.041</ele><time>2022-07-31T18:25:30Z</time></trkpt><trkpt lat="-24.137018" lon="-49.384781"><ele>669.915</ele><time>2022-07-31T18:25:32Z</time></trkpt><trkpt lat="-24.137080" lon="-49.384754"><ele>670.009</ele><time>2022-07-31T18:25:35Z</time></trkpt><trkpt lat="-24.137129" lon="-49.384716"><ele>670.098</ele><time>2022-07-31T18:25:37Z</time></trkpt><trkpt lat="-24.137164" lon="-49.384684"><ele>669.117</ele><time>2022-07-31T18:25:39Z</time></trkpt><trkpt lat="-24.137199" lon="-49.384644"><ele>667.966</ele><time>2022-07-31T18:25:47Z</time></trkpt><trkpt lat="-24.137230" lon="-49.384597"><ele>668.270</ele><time>2022-07-31T18:25:50Z</time></trkpt><trkpt lat="-24.137278" lon="-49.384585"><ele>673.413</ele><time>2022-07-31T18:26:47Z</time></trkpt><trkpt lat="-24.137335" lon="-49.384617"><ele>685.192</ele><time>2022-07-31T18:27:30Z</time></trkpt><trkpt lat="-24.137396" lon="-49.384577"><ele>686.123</ele><time>2022-07-31T18:29:43Z</time></trkpt><trkpt lat="-24.137420" lon="-49.384649"><ele>697.520</ele><time>2022-07-31T18:30:36Z</time></trkpt><trkpt lat="-24.137364" lon="-49.384677"><ele>693.267</ele><time>2022-07-31T18:32:04Z</time></trkpt><trkpt lat="-24.137349" lon="-49.384624"><ele>688.726</ele><time>2022-07-31T18:32:31Z</time></trkpt><trkpt lat="-24.137348" lon="-49.384682"><ele>693.047</ele><time>2022-07-31T18:34:32Z</time></trkpt><trkpt lat="-24.137303" lon="-49.384696"><ele>685.111</ele><time>2022-07-31T18:38:18Z</time></trkpt><trkpt lat="-24.137257" lon="-49.384700"><ele>682.809</ele><time>2022-07-31T18:38:22Z</time></trkpt><trkpt lat="-24.137211" lon="-49.384681"><ele>682.853</ele><time>2022-07-31T18:38:27Z</time></trkpt><trkpt lat="-24.137237" lon="-49.384630"><ele>680.452</ele><time>2022-07-31T18:38:44Z</time></trkpt><trkpt lat="-24.137280" lon="-49.384597"><ele>684.551</ele><time>2022-07-31T18:38:49Z</time></trkpt><trkpt lat="-24.137324" lon="-49.384612"><ele>689.585</ele><time>2022-07-31T18:39:47Z</time></trkpt><trkpt lat="-24.137360" lon="-49.384576"><ele>688.748</ele><time>2022-07-31T18:42:18Z</time></trkpt><trkpt lat="-24.137408" lon="-49.384597"><ele>688.197</ele><time>2022-07-31T18:42:22Z</time></trkpt><trkpt lat="-24.137377" lon="-49.384668"><ele>686.318</ele><time>2022-07-31T18:42:30Z</time></trkpt><trkpt lat="-24.137348" lon="-49.384628"><ele>687.865</ele><time>2022-07-31T18:42:40Z</time></trkpt><trkpt lat="-24.137311" lon="-49.384598"><ele>683.292</ele><time>2022-07-31T18:43:26Z</time></trkpt><trkpt lat="-24.137328" lon="-49.384649"><ele>676.486</ele><time>2022-07-31T18:44:01Z</time></trkpt><trkpt lat="-24.137371" lon="-49.384633"><ele>677.860</ele><time>2022-07-31T18:44:14Z</time></trkpt><trkpt lat="-24.137397" lon="-49.384677"><ele>693.226</ele><time>2022-07-31T18:45:38Z</time></trkpt><trkpt lat="-24.137335" lon="-49.384666"><ele>681.809</ele><time>2022-07-31T18:45:46Z</time></trkpt><trkpt lat="-24.137290" lon="-49.384675"><ele>682.839</ele><time>2022-07-31T18:45:54Z</time></trkpt><trkpt lat="-24.137247" lon="-49.384660"><ele>683.158</ele><time>2022-07-31T18:45:57Z</time></trkpt><trkpt lat="-24.137213" lon="-49.384704"><ele>683.377</ele><time>2022-07-31T18:46:00Z</time></trkpt><trkpt lat="-24.137211" lon="-49.384650"><ele>676.881</ele><time>2022-07-31T18:46:25Z</time></trkpt><trkpt lat="-24.137245" lon="-49.384617"><ele>680.794</ele><time>2022-07-31T18:46:32Z</time></trkpt><trkpt lat="-24.137288" lon="-49.384596"><ele>685.593</ele><time>2022-07-31T18:46:37Z</time></trkpt><trkpt lat="-24.137343" lon="-49.384591"><ele>687.964</ele><time>2022-07-31T18:48:02Z</time></trkpt><trkpt lat="-24.137368" lon="-49.384637"><ele>696.161</ele><time>2022-07-31T18:50:00Z</time></trkpt><trkpt lat="-24.137336" lon="-49.384677"><ele>700.238</ele><time>2022-07-31T18:58:11Z</time></trkpt><trkpt lat="-24.137310" lon="-49.384729"><ele>700.892</ele><time>2022-07-31T19:00:21Z</time></trkpt><trkpt lat="-24.137267" lon="-49.384755"><ele>694.673</ele><time>2022-07-31T19:00:26Z</time></trkpt><trkpt lat="-24.137242" lon="-49.384701"><ele>693.920</ele><time>2022-07-31T19:00:36Z</time></trkpt><trkpt lat="-24.137252" lon="-49.384646"><ele>693.209</ele><time>2022-07-31T19:00:44Z</time></trkpt><trkpt lat="-24.137230" lon="-49.384695"><ele>692.260</ele><time>2022-07-31T19:01:50Z</time></trkpt><trkpt lat="-24.137199" lon="-49.384736"><ele>693.129</ele><time>2022-07-31T19:01:52Z</time></trkpt><trkpt lat="-24.137162" lon="-49.384769"><ele>693.268</ele><time>2022-07-31T19:01:54Z</time></trkpt><trkpt lat="-24.137112" lon="-49.384786"><ele>692.252</ele><time>2022-07-31T19:01:56Z</time></trkpt><trkpt lat="-24.137051" lon="-49.384786"><ele>690.285</ele><time>2022-07-31T19:01:58Z</time></trkpt><trkpt lat="-24.136987" lon="-49.384775"><ele>685.444</ele><time>2022-07-31T19:02:00Z</time></trkpt><trkpt lat="-24.136942" lon="-49.384773"><ele>685.325</ele><time>2022-07-31T19:02:02Z</time></trkpt><trkpt lat="-24.136883" lon="-49.384762"><ele>683.522</ele><time>2022-07-31T19:02:05Z</time></trkpt><trkpt lat="-24.136832" lon="-49.384772"><ele>683.779</ele><time>2022-07-31T19:02:07Z</time></trkpt><trkpt lat="-24.136773" lon="-49.384777"><ele>681.952</ele><time>2022-07-31T19:02:09Z</time></trkpt><trkpt lat="-24.136705" lon="-49.384785"><ele>681.553</ele><time>2022-07-31T19:02:11Z</time></trkpt><trkpt lat="-24.136658" lon="-49.384789"><ele>681.708</ele><time>2022-07-31T19:02:13Z</time></trkpt><trkpt lat="-24.136612" lon="-49.384789"><ele>679.209</ele><time>2022-07-31T19:02:15Z</time></trkpt><trkpt lat="-24.136565" lon="-49.384795"><ele>679.646</ele><time>2022-07-31T19:02:17Z</time></trkpt><trkpt lat="-24.136506" lon="-49.384825"><ele>680.035</ele><time>2022-07-31T19:02:20Z</time></trkpt><trkpt lat="-24.136462" lon="-49.384856"><ele>676.964</ele><time>2022-07-31T19:02:24Z</time></trkpt><trkpt lat="-24.136399" lon="-49.384884"><ele>674.868</ele><time>2022-07-31T19:02:29Z</time></trkpt><trkpt lat="-24.136342" lon="-49.384908"><ele>673.311</ele><time>2022-07-31T19:02:32Z</time></trkpt><trkpt lat="-24.136273" lon="-49.384930"><ele>672.780</ele><time>2022-07-31T19:02:35Z</time></trkpt><trkpt lat="-24.136216" lon="-49.384950"><ele>675.621</ele><time>2022-07-31T19:02:38Z</time></trkpt><trkpt lat="-24.136169" lon="-49.384961"><ele>677.898</ele><time>2022-07-31T19:02:40Z</time></trkpt><trkpt lat="-24.136117" lon="-49.384972"><ele>677.265</ele><time>2022-07-31T19:02:42Z</time></trkpt><trkpt lat="-24.136058" lon="-49.384996"><ele>676.882</ele><time>2022-07-31T19:02:44Z</time></trkpt><trkpt lat="-24.136010" lon="-49.385020"><ele>677.543</ele><time>2022-07-31T19:02:50Z</time></trkpt><trkpt lat="-24.135962" lon="-49.385023"><ele>679.917</ele><time>2022-07-31T19:02:52Z</time></trkpt><trkpt lat="-24.135908" lon="-49.385037"><ele>679.009</ele><time>2022-07-31T19:02:54Z</time></trkpt><trkpt lat="-24.135839" lon="-49.385068"><ele>680.669</ele><time>2022-07-31T19:02:56Z</time></trkpt><trkpt lat="-24.135763" lon="-49.385097"><ele>682.058</ele><time>2022-07-31T19:02:58Z</time></trkpt><trkpt lat="-24.135683" lon="-49.385129"><ele>680.927</ele><time>2022-07-31T19:03:00Z</time></trkpt><trkpt lat="-24.135604" lon="-49.385161"><ele>679.761</ele><time>2022-07-31T19:03:02Z</time></trkpt><trkpt lat="-24.135556" lon="-49.385168"><ele>680.094</ele><time>2022-07-31T19:03:03Z</time></trkpt><trkpt lat="-24.135511" lon="-49.385182"><ele>679.493</ele><time>2022-07-31T19:03:04Z</time></trkpt><trkpt lat="-24.135464" lon="-49.385193"><ele>679.864</ele><time>2022-07-31T19:03:05Z</time></trkpt><trkpt lat="-24.135393" lon="-49.385219"><ele>682.441</ele><time>2022-07-31T19:03:07Z</time></trkpt><trkpt lat="-24.135304" lon="-49.385247"><ele>682.448</ele><time>2022-07-31T19:03:09Z</time></trkpt><trkpt lat="-24.135250" lon="-49.385263"><ele>682.561</ele><time>2022-07-31T19:03:10Z</time></trkpt><trkpt lat="-24.135196" lon="-49.385278"><ele>682.721</ele><time>2022-07-31T19:03:11Z</time></trkpt><trkpt lat="-24.135127" lon="-49.385301"><ele>683.913</ele><time>2022-07-31T19:03:12Z</time></trkpt><trkpt lat="-24.135052" lon="-49.385314"><ele>683.709</ele><time>2022-07-31T19:03:13Z</time></trkpt><trkpt lat="-24.134973" lon="-49.385327"><ele>683.357</ele><time>2022-07-31T19:03:14Z</time></trkpt><trkpt lat="-24.134906" lon="-49.385346"><ele>682.596</ele><time>2022-07-31T19:03:15Z</time></trkpt><trkpt lat="-24.134833" lon="-49.385366"><ele>681.775</ele><time>2022-07-31T19:03:16Z</time></trkpt><trkpt lat="-24.134771" lon="-49.385382"><ele>681.449</ele><time>2022-07-31T19:03:17Z</time></trkpt><trkpt lat="-24.134708" lon="-49.385399"><ele>681.942</ele><time>2022-07-31T19:03:18Z</time></trkpt><trkpt lat="-24.134647" lon="-49.385409"><ele>682.181</ele><time>2022-07-31T19:03:19Z</time></trkpt><trkpt lat="-24.134586" lon="-49.385427"><ele>681.882</ele><time>2022-07-31T19:03:20Z</time></trkpt><trkpt lat="-24.134524" lon="-49.385443"><ele>682.089</ele><time>2022-07-31T19:03:21Z</time></trkpt><trkpt lat="-24.134454" lon="-49.385465"><ele>681.766</ele><time>2022-07-31T19:03:22Z</time></trkpt><trkpt lat="-24.134386" lon="-49.385491"><ele>681.555</ele><time>2022-07-31T19:03:23Z</time></trkpt><trkpt lat="-24.134316" lon="-49.385517"><ele>681.407</ele><time>2022-07-31T19:03:24Z</time></trkpt><trkpt lat="-24.134239" lon="-49.385551"><ele>681.817</ele><time>2022-07-31T19:03:25Z</time></trkpt><trkpt lat="-24.134182" lon="-49.385568"><ele>681.309</ele><time>2022-07-31T19:03:26Z</time></trkpt><trkpt lat="-24.134130" lon="-49.385566"><ele>680.136</ele><time>2022-07-31T19:03:27Z</time></trkpt><trkpt lat="-24.134070" lon="-49.385586"><ele>680.285</ele><time>2022-07-31T19:03:28Z</time></trkpt><trkpt lat="-24.134003" lon="-49.385605"><ele>680.374</ele><time>2022-07-31T19:03:29Z</time></trkpt><trkpt lat="-24.133930" lon="-49.385632"><ele>679.768</ele><time>2022-07-31T19:03:30Z</time></trkpt><trkpt lat="-24.133865" lon="-49.385658"><ele>679.871</ele><time>2022-07-31T19:03:31Z</time></trkpt><trkpt lat="-24.133808" lon="-49.385677"><ele>679.070</ele><time>2022-07-31T19:03:32Z</time></trkpt><trkpt lat="-24.133755" lon="-49.385671"><ele>678.361</ele><time>2022-07-31T19:03:33Z</time></trkpt><trkpt lat="-24.133688" lon="-49.385686"><ele>677.248</ele><time>2022-07-31T19:03:35Z</time></trkpt><trkpt lat="-24.133644" lon="-49.385705"><ele>680.995</ele><time>2022-07-31T19:03:49Z</time></trkpt><trkpt lat="-24.133581" lon="-49.385712"><ele>681.519</ele><time>2022-07-31T19:04:00Z</time></trkpt><trkpt lat="-24.133520" lon="-49.385720"><ele>680.909</ele><time>2022-07-31T19:04:02Z</time></trkpt><trkpt lat="-24.133451" lon="-49.385747"><ele>680.919</ele><time>2022-07-31T19:04:04Z</time></trkpt><trkpt lat="-24.133408" lon="-49.385772"><ele>680.809</ele><time>2022-07-31T19:04:05Z</time></trkpt><trkpt lat="-24.133357" lon="-49.385795"><ele>680.022</ele><time>2022-07-31T19:04:06Z</time></trkpt><trkpt lat="-24.133307" lon="-49.385818"><ele>680.151</ele><time>2022-07-31T19:04:07Z</time></trkpt><trkpt lat="-24.133255" lon="-49.385843"><ele>680.030</ele><time>2022-07-31T19:04:08Z</time></trkpt><trkpt lat="-24.133201" lon="-49.385875"><ele>679.934</ele><time>2022-07-31T19:04:09Z</time></trkpt><trkpt lat="-24.133148" lon="-49.385907"><ele>679.157</ele><time>2022-07-31T19:04:10Z</time></trkpt><trkpt lat="-24.133093" lon="-49.385940"><ele>678.196</ele><time>2022-07-31T19:04:11Z</time></trkpt><trkpt lat="-24.133036" lon="-49.385974"><ele>677.517</ele><time>2022-07-31T19:04:12Z</time></trkpt><trkpt lat="-24.132985" lon="-49.385989"><ele>675.724</ele><time>2022-07-31T19:04:13Z</time></trkpt><trkpt lat="-24.132919" lon="-49.386028"><ele>675.841</ele><time>2022-07-31T19:04:14Z</time></trkpt><trkpt lat="-24.132856" lon="-49.386074"><ele>675.116</ele><time>2022-07-31T19:04:15Z</time></trkpt><trkpt lat="-24.132789" lon="-49.386119"><ele>674.776</ele><time>2022-07-31T19:04:16Z</time></trkpt><trkpt lat="-24.132732" lon="-49.386164"><ele>674.713</ele><time>2022-07-31T19:04:17Z</time></trkpt><trkpt lat="-24.132663" lon="-49.386209"><ele>674.809</ele><time>2022-07-31T19:04:18Z</time></trkpt><trkpt lat="-24.132602" lon="-49.386248"><ele>674.682</ele><time>2022-07-31T19:04:19Z</time></trkpt><trkpt lat="-24.132529" lon="-49.386276"><ele>674.461</ele><time>2022-07-31T19:04:20Z</time></trkpt><trkpt lat="-24.132462" lon="-49.386300"><ele>674.440</ele><time>2022-07-31T19:04:21Z</time></trkpt><trkpt lat="-24.132393" lon="-49.386326"><ele>674.764</ele><time>2022-07-31T19:04:22Z</time></trkpt><trkpt lat="-24.132319" lon="-49.386353"><ele>674.447</ele><time>2022-07-31T19:04:23Z</time></trkpt><trkpt lat="-24.132250" lon="-49.386381"><ele>674.436</ele><time>2022-07-31T19:04:24Z</time></trkpt><trkpt lat="-24.132180" lon="-49.386408"><ele>674.777</ele><time>2022-07-31T19:04:25Z</time></trkpt><trkpt lat="-24.132101" lon="-49.386453"><ele>675.234</ele><time>2022-07-31T19:04:26Z</time></trkpt><trkpt lat="-24.132026" lon="-49.386483"><ele>675.841</ele><time>2022-07-31T19:04:27Z</time></trkpt><trkpt lat="-24.131957" lon="-49.386498"><ele>675.455</ele><time>2022-07-31T19:04:28Z</time></trkpt><trkpt lat="-24.131887" lon="-49.386525"><ele>675.207</ele><time>2022-07-31T19:04:29Z</time></trkpt><trkpt lat="-24.131820" lon="-49.386551"><ele>674.817</ele><time>2022-07-31T19:04:30Z</time></trkpt><trkpt lat="-24.131739" lon="-49.386568"><ele>674.009</ele><time>2022-07-31T19:04:31Z</time></trkpt><trkpt lat="-24.131668" lon="-49.386585"><ele>674.166</ele><time>2022-07-31T19:04:32Z</time></trkpt><trkpt lat="-24.131595" lon="-49.386620"><ele>673.225</ele><time>2022-07-31T19:04:33Z</time></trkpt><trkpt lat="-24.131516" lon="-49.386638"><ele>672.844</ele><time>2022-07-31T19:04:34Z</time></trkpt><trkpt lat="-24.131474" lon="-49.386585"><ele>669.328</ele><time>2022-07-31T19:04:35Z</time></trkpt><trkpt lat="-24.131397" lon="-49.386618"><ele>669.741</ele><time>2022-07-31T19:04:36Z</time></trkpt><trkpt lat="-24.131320" lon="-49.386645"><ele>669.850</ele><time>2022-07-31T19:04:37Z</time></trkpt><trkpt lat="-24.131248" lon="-49.386673"><ele>670.311</ele><time>2022-07-31T19:04:38Z</time></trkpt><trkpt lat="-24.131172" lon="-49.386708"><ele>671.588</ele><time>2022-07-31T19:04:39Z</time></trkpt><trkpt lat="-24.131102" lon="-49.386724"><ele>671.575</ele><time>2022-07-31T19:04:40Z</time></trkpt><trkpt lat="-24.131031" lon="-49.386736"><ele>670.768</ele><time>2022-07-31T19:04:41Z</time></trkpt><trkpt lat="-24.130958" lon="-49.386746"><ele>670.842</ele><time>2022-07-31T19:04:42Z</time></trkpt><trkpt lat="-24.130878" lon="-49.386750"><ele>670.426</ele><time>2022-07-31T19:04:43Z</time></trkpt><trkpt lat="-24.130807" lon="-49.386736"><ele>669.709</ele><time>2022-07-31T19:04:44Z</time></trkpt><trkpt lat="-24.130751" lon="-49.386724"><ele>668.387</ele><time>2022-07-31T19:04:45Z</time></trkpt><trkpt lat="-24.130670" lon="-49.386715"><ele>668.526</ele><time>2022-07-31T19:04:46Z</time></trkpt><trkpt lat="-24.130602" lon="-49.386704"><ele>667.055</ele><time>2022-07-31T19:04:47Z</time></trkpt><trkpt lat="-24.130530" lon="-49.386704"><ele>665.869</ele><time>2022-07-31T19:04:48Z</time></trkpt><trkpt lat="-24.130457" lon="-49.386701"><ele>665.052</ele><time>2022-07-31T19:04:49Z</time></trkpt><trkpt lat="-24.130380" lon="-49.386708"><ele>663.391</ele><time>2022-07-31T19:04:50Z</time></trkpt><trkpt lat="-24.130305" lon="-49.386721"><ele>662.312</ele><time>2022-07-31T19:04:51Z</time></trkpt><trkpt lat="-24.130230" lon="-49.386738"><ele>661.039</ele><time>2022-07-31T19:04:52Z</time></trkpt><trkpt lat="-24.130160" lon="-49.386773"><ele>660.776</ele><time>2022-07-31T19:04:53Z</time></trkpt><trkpt lat="-24.130093" lon="-49.386804"><ele>659.979</ele><time>2022-07-31T19:04:54Z</time></trkpt><trkpt lat="-24.130028" lon="-49.386828"><ele>658.705</ele><time>2022-07-31T19:04:55Z</time></trkpt><trkpt lat="-24.129958" lon="-49.386851"><ele>658.125</ele><time>2022-07-31T19:04:56Z</time></trkpt><trkpt lat="-24.129890" lon="-49.386878"><ele>657.509</ele><time>2022-07-31T19:04:57Z</time></trkpt><trkpt lat="-24.129820" lon="-49.386910"><ele>657.218</ele><time>2022-07-31T19:04:58Z</time></trkpt><trkpt lat="-24.129755" lon="-49.386931"><ele>655.477</ele><time>2022-07-31T19:04:59Z</time></trkpt><trkpt lat="-24.129690" lon="-49.386953"><ele>654.886</ele><time>2022-07-31T19:05:00Z</time></trkpt><trkpt lat="-24.129629" lon="-49.386984"><ele>654.110</ele><time>2022-07-31T19:05:01Z</time></trkpt><trkpt lat="-24.129582" lon="-49.387004"><ele>653.813</ele><time>2022-07-31T19:05:02Z</time></trkpt><trkpt lat="-24.129546" lon="-49.387037"><ele>653.552</ele><time>2022-07-31T19:05:03Z</time></trkpt><trkpt lat="-24.129481" lon="-49.387105"><ele>652.323</ele><time>2022-07-31T19:05:05Z</time></trkpt><trkpt lat="-24.129451" lon="-49.387156"><ele>650.780</ele><time>2022-07-31T19:05:06Z</time></trkpt><trkpt lat="-24.129423" lon="-49.387212"><ele>649.887</ele><time>2022-07-31T19:05:07Z</time></trkpt><trkpt lat="-24.129392" lon="-49.387270"><ele>649.026</ele><time>2022-07-31T19:05:08Z</time></trkpt><trkpt lat="-24.129364" lon="-49.387323"><ele>647.647</ele><time>2022-07-31T19:05:09Z</time></trkpt><trkpt lat="-24.129339" lon="-49.387377"><ele>647.011</ele><time>2022-07-31T19:05:10Z</time></trkpt><trkpt lat="-24.129308" lon="-49.387436"><ele>647.209</ele><time>2022-07-31T19:05:11Z</time></trkpt><trkpt lat="-24.129276" lon="-49.387488"><ele>647.323</ele><time>2022-07-31T19:05:12Z</time></trkpt><trkpt lat="-24.129250" lon="-49.387534"><ele>647.032</ele><time>2022-07-31T19:05:13Z</time></trkpt><trkpt lat="-24.129200" lon="-49.387614"><ele>646.371</ele><time>2022-07-31T19:05:15Z</time></trkpt><trkpt lat="-24.129160" lon="-49.387677"><ele>645.025</ele><time>2022-07-31T19:05:17Z</time></trkpt><trkpt lat="-24.129118" lon="-49.387735"><ele>645.248</ele><time>2022-07-31T19:05:19Z</time></trkpt><trkpt lat="-24.129073" lon="-49.387775"><ele>644.787</ele><time>2022-07-31T19:05:21Z</time></trkpt><trkpt lat="-24.129028" lon="-49.387813"><ele>644.728</ele><time>2022-07-31T19:05:24Z</time></trkpt><trkpt lat="-24.128988" lon="-49.387839"><ele>644.725</ele><time>2022-07-31T19:05:26Z</time></trkpt><trkpt lat="-24.128931" lon="-49.387868"><ele>644.532</ele><time>2022-07-31T19:05:28Z</time></trkpt><trkpt lat="-24.128871" lon="-49.387903"><ele>644.738</ele><time>2022-07-31T19:05:30Z</time></trkpt><trkpt lat="-24.128800" lon="-49.387947"><ele>644.670</ele><time>2022-07-31T19:05:32Z</time></trkpt><trkpt lat="-24.128732" lon="-49.387986"><ele>646.517</ele><time>2022-07-31T19:05:34Z</time></trkpt><trkpt lat="-24.128654" lon="-49.388025"><ele>646.809</ele><time>2022-07-31T19:05:36Z</time></trkpt><trkpt lat="-24.128577" lon="-49.388064"><ele>647.774</ele><time>2022-07-31T19:05:38Z</time></trkpt><trkpt lat="-24.128520" lon="-49.388072"><ele>648.143</ele><time>2022-07-31T19:05:39Z</time></trkpt><trkpt lat="-24.128455" lon="-49.388090"><ele>648.752</ele><time>2022-07-31T19:05:40Z</time></trkpt><trkpt lat="-24.128393" lon="-49.388104"><ele>649.236</ele><time>2022-07-31T19:05:41Z</time></trkpt><trkpt lat="-24.128334" lon="-49.388123"><ele>649.549</ele><time>2022-07-31T19:05:42Z</time></trkpt><trkpt lat="-24.128280" lon="-49.388140"><ele>650.018</ele><time>2022-07-31T19:05:43Z</time></trkpt><trkpt lat="-24.128214" lon="-49.388166"><ele>647.969</ele><time>2022-07-31T19:05:44Z</time></trkpt><trkpt lat="-24.128164" lon="-49.388189"><ele>648.426</ele><time>2022-07-31T19:05:45Z</time></trkpt><trkpt lat="-24.128110" lon="-49.388210"><ele>647.773</ele><time>2022-07-31T19:05:46Z</time></trkpt><trkpt lat="-24.128052" lon="-49.388244"><ele>648.734</ele><time>2022-07-31T19:05:47Z</time></trkpt><trkpt lat="-24.128018" lon="-49.388279"><ele>647.755</ele><time>2022-07-31T19:05:48Z</time></trkpt><trkpt lat="-24.127960" lon="-49.388315"><ele>646.310</ele><time>2022-07-31T19:05:49Z</time></trkpt><trkpt lat="-24.127916" lon="-49.388357"><ele>647.009</ele><time>2022-07-31T19:05:50Z</time></trkpt><trkpt lat="-24.127889" lon="-49.388401"><ele>645.764</ele><time>2022-07-31T19:05:51Z</time></trkpt><trkpt lat="-24.127833" lon="-49.388437"><ele>646.973</ele><time>2022-07-31T19:05:52Z</time></trkpt><trkpt lat="-24.127767" lon="-49.388473"><ele>645.222</ele><time>2022-07-31T19:05:53Z</time></trkpt><trkpt lat="-24.127718" lon="-49.388505"><ele>647.146</ele><time>2022-07-31T19:05:54Z</time></trkpt><trkpt lat="-24.127675" lon="-49.388538"><ele>647.189</ele><time>2022-07-31T19:05:55Z</time></trkpt><trkpt lat="-24.127624" lon="-49.388566"><ele>649.988</ele><time>2022-07-31T19:05:56Z</time></trkpt><trkpt lat="-24.127588" lon="-49.388660"><ele>640.279</ele><time>2022-07-31T19:05:58Z</time></trkpt><trkpt lat="-24.127489" lon="-49.388710"><ele>640.296</ele><time>2022-07-31T19:06:00Z</time></trkpt><trkpt lat="-24.127435" lon="-49.388744"><ele>640.453</ele><time>2022-07-31T19:06:01Z</time></trkpt><trkpt lat="-24.127381" lon="-49.388782"><ele>640.867</ele><time>2022-07-31T19:06:02Z</time></trkpt><trkpt lat="-24.127334" lon="-49.388814"><ele>641.681</ele><time>2022-07-31T19:06:03Z</time></trkpt><trkpt lat="-24.127279" lon="-49.388869"><ele>641.019</ele><time>2022-07-31T19:06:04Z</time></trkpt><trkpt lat="-24.127229" lon="-49.388909"><ele>642.409</ele><time>2022-07-31T19:06:05Z</time></trkpt><trkpt lat="-24.127186" lon="-49.388958"><ele>641.217</ele><time>2022-07-31T19:06:06Z</time></trkpt><trkpt lat="-24.127146" lon="-49.389000"><ele>640.326</ele><time>2022-07-31T19:06:07Z</time></trkpt><trkpt lat="-24.127095" lon="-49.389038"><ele>640.455</ele><time>2022-07-31T19:06:08Z</time></trkpt><trkpt lat="-24.127038" lon="-49.389064"><ele>640.229</ele><time>2022-07-31T19:06:09Z</time></trkpt><trkpt lat="-24.126982" lon="-49.389099"><ele>640.012</ele><time>2022-07-31T19:06:10Z</time></trkpt><trkpt lat="-24.126930" lon="-49.389127"><ele>641.241</ele><time>2022-07-31T19:06:11Z</time></trkpt><trkpt lat="-24.126895" lon="-49.389164"><ele>642.192</ele><time>2022-07-31T19:06:12Z</time></trkpt><trkpt lat="-24.126811" lon="-49.389190"><ele>641.929</ele><time>2022-07-31T19:06:13Z</time></trkpt><trkpt lat="-24.126754" lon="-49.389219"><ele>641.926</ele><time>2022-07-31T19:06:14Z</time></trkpt><trkpt lat="-24.126642" lon="-49.389225"><ele>643.118</ele><time>2022-07-31T19:06:15Z</time></trkpt><trkpt lat="-24.126576" lon="-49.389245"><ele>643.898</ele><time>2022-07-31T19:06:16Z</time></trkpt><trkpt lat="-24.126536" lon="-49.389273"><ele>643.317</ele><time>2022-07-31T19:06:17Z</time></trkpt><trkpt lat="-24.126483" lon="-49.389286"><ele>644.909</ele><time>2022-07-31T19:06:18Z</time></trkpt><trkpt lat="-24.126387" lon="-49.389336"><ele>643.192</ele><time>2022-07-31T19:06:20Z</time></trkpt><trkpt lat="-24.126311" lon="-49.389380"><ele>642.551</ele><time>2022-07-31T19:06:22Z</time></trkpt><trkpt lat="-24.126221" lon="-49.389429"><ele>641.630</ele><time>2022-07-31T19:06:24Z</time></trkpt><trkpt lat="-24.126148" lon="-49.389500"><ele>641.764</ele><time>2022-07-31T19:06:25Z</time></trkpt><trkpt lat="-24.126078" lon="-49.389589"><ele>644.477</ele><time>2022-07-31T19:06:27Z</time></trkpt><trkpt lat="-24.126036" lon="-49.389635"><ele>644.566</ele><time>2022-07-31T19:06:28Z</time></trkpt><trkpt lat="-24.126004" lon="-49.389683"><ele>644.557</ele><time>2022-07-31T19:06:29Z</time></trkpt><trkpt lat="-24.125952" lon="-49.389721"><ele>644.824</ele><time>2022-07-31T19:06:30Z</time></trkpt><trkpt lat="-24.125906" lon="-49.389761"><ele>644.951</ele><time>2022-07-31T19:06:31Z</time></trkpt><trkpt lat="-24.125850" lon="-49.389807"><ele>644.633</ele><time>2022-07-31T19:06:32Z</time></trkpt><trkpt lat="-24.125795" lon="-49.389848"><ele>645.123</ele><time>2022-07-31T19:06:33Z</time></trkpt><trkpt lat="-24.125713" lon="-49.389900"><ele>645.015</ele><time>2022-07-31T19:06:34Z</time></trkpt><trkpt lat="-24.125667" lon="-49.389945"><ele>645.809</ele><time>2022-07-31T19:06:35Z</time></trkpt><trkpt lat="-24.125621" lon="-49.389998"><ele>644.534</ele><time>2022-07-31T19:06:36Z</time></trkpt><trkpt lat="-24.125564" lon="-49.390054"><ele>645.473</ele><time>2022-07-31T19:06:37Z</time></trkpt><trkpt lat="-24.125524" lon="-49.390102"><ele>645.972</ele><time>2022-07-31T19:06:38Z</time></trkpt><trkpt lat="-24.125482" lon="-49.390147"><ele>646.486</ele><time>2022-07-31T19:06:39Z</time></trkpt><trkpt lat="-24.125438" lon="-49.390186"><ele>646.479</ele><time>2022-07-31T19:06:40Z</time></trkpt><trkpt lat="-24.125388" lon="-49.390228"><ele>646.768</ele><time>2022-07-31T19:06:41Z</time></trkpt><trkpt lat="-24.125341" lon="-49.390270"><ele>646.469</ele><time>2022-07-31T19:06:42Z</time></trkpt><trkpt lat="-24.125254" lon="-49.390312"><ele>643.536</ele><time>2022-07-31T19:06:43Z</time></trkpt><trkpt lat="-24.125196" lon="-49.390341"><ele>643.443</ele><time>2022-07-31T19:06:44Z</time></trkpt><trkpt lat="-24.125153" lon="-49.390401"><ele>642.089</ele><time>2022-07-31T19:06:45Z</time></trkpt><trkpt lat="-24.125068" lon="-49.390466"><ele>640.406</ele><time>2022-07-31T19:06:47Z</time></trkpt><trkpt lat="-24.125011" lon="-49.390488"><ele>639.026</ele><time>2022-07-31T19:06:48Z</time></trkpt><trkpt lat="-24.124975" lon="-49.390528"><ele>639.009</ele><time>2022-07-31T19:06:49Z</time></trkpt><trkpt lat="-24.124917" lon="-49.390574"><ele>638.229</ele><time>2022-07-31T19:06:50Z</time></trkpt><trkpt lat="-24.124867" lon="-49.390602"><ele>637.138</ele><time>2022-07-31T19:06:51Z</time></trkpt><trkpt lat="-24.124808" lon="-49.390645"><ele>637.097</ele><time>2022-07-31T19:06:52Z</time></trkpt><trkpt lat="-24.124749" lon="-49.390685"><ele>637.281</ele><time>2022-07-31T19:06:53Z</time></trkpt><trkpt lat="-24.124683" lon="-49.390727"><ele>637.814</ele><time>2022-07-31T19:06:54Z</time></trkpt><trkpt lat="-24.124632" lon="-49.390773"><ele>637.313</ele><time>2022-07-31T19:06:55Z</time></trkpt><trkpt lat="-24.124581" lon="-49.390815"><ele>637.484</ele><time>2022-07-31T19:06:56Z</time></trkpt><trkpt lat="-24.124549" lon="-49.390866"><ele>636.311</ele><time>2022-07-31T19:06:57Z</time></trkpt><trkpt lat="-24.124510" lon="-49.390915"><ele>635.568</ele><time>2022-07-31T19:06:58Z</time></trkpt><trkpt lat="-24.124469" lon="-49.390965"><ele>635.417</ele><time>2022-07-31T19:06:59Z</time></trkpt><trkpt lat="-24.124427" lon="-49.391010"><ele>635.187</ele><time>2022-07-31T19:07:00Z</time></trkpt><trkpt lat="-24.124382" lon="-49.391046"><ele>634.115</ele><time>2022-07-31T19:07:01Z</time></trkpt><trkpt lat="-24.124342" lon="-49.391079"><ele>633.709</ele><time>2022-07-31T19:07:02Z</time></trkpt><trkpt lat="-24.124267" lon="-49.391118"><ele>632.822</ele><time>2022-07-31T19:07:04Z</time></trkpt><trkpt lat="-24.124194" lon="-49.391134"><ele>631.781</ele><time>2022-07-31T19:07:06Z</time></trkpt><trkpt lat="-24.124141" lon="-49.391117"><ele>630.110</ele><time>2022-07-31T19:07:08Z</time></trkpt><trkpt lat="-24.124101" lon="-49.391074"><ele>629.164</ele><time>2022-07-31T19:07:10Z</time></trkpt><trkpt lat="-24.124061" lon="-49.391023"><ele>628.747</ele><time>2022-07-31T19:07:13Z</time></trkpt><trkpt lat="-24.124038" lon="-49.390979"><ele>627.756</ele><time>2022-07-31T19:07:16Z</time></trkpt><trkpt lat="-24.124020" lon="-49.390919"><ele>627.947</ele><time>2022-07-31T19:07:19Z</time></trkpt><trkpt lat="-24.123995" lon="-49.390861"><ele>626.794</ele><time>2022-07-31T19:09:41Z</time></trkpt><trkpt lat="-24.123939" lon="-49.390844"><ele>627.991</ele><time>2022-07-31T19:09:43Z</time></trkpt><trkpt lat="-24.123878" lon="-49.390825"><ele>628.428</ele><time>2022-07-31T19:09:45Z</time></trkpt><trkpt lat="-24.123832" lon="-49.390816"><ele>627.789</ele><time>2022-07-31T19:09:47Z</time></trkpt><trkpt lat="-24.123770" lon="-49.390817"><ele>627.417</ele><time>2022-07-31T19:09:49Z</time></trkpt><trkpt lat="-24.123687" lon="-49.390804"><ele>628.009</ele><time>2022-07-31T19:09:51Z</time></trkpt><trkpt lat="-24.123638" lon="-49.390782"><ele>628.223</ele><time>2022-07-31T19:09:52Z</time></trkpt><trkpt lat="-24.123592" lon="-49.390766"><ele>628.652</ele><time>2022-07-31T19:09:53Z</time></trkpt><trkpt lat="-24.123540" lon="-49.390752"><ele>629.091</ele><time>2022-07-31T19:09:54Z</time></trkpt><trkpt lat="-24.123488" lon="-49.390742"><ele>629.295</ele><time>2022-07-31T19:09:55Z</time></trkpt><trkpt lat="-24.123438" lon="-49.390740"><ele>628.678</ele><time>2022-07-31T19:09:56Z</time></trkpt><trkpt lat="-24.123391" lon="-49.390734"><ele>628.817</ele><time>2022-07-31T19:09:57Z</time></trkpt><trkpt lat="-24.123341" lon="-49.390718"><ele>629.058</ele><time>2022-07-31T19:09:58Z</time></trkpt><trkpt lat="-24.123294" lon="-49.390710"><ele>628.495</ele><time>2022-07-31T19:09:59Z</time></trkpt><trkpt lat="-24.123208" lon="-49.390696"><ele>627.782</ele><time>2022-07-31T19:10:01Z</time></trkpt><trkpt lat="-24.123163" lon="-49.390683"><ele>627.412</ele><time>2022-07-31T19:10:02Z</time></trkpt><trkpt lat="-24.123097" lon="-49.390693"><ele>628.832</ele><time>2022-07-31T19:10:04Z</time></trkpt><trkpt lat="-24.123051" lon="-49.390718"><ele>627.905</ele><time>2022-07-31T19:10:06Z</time></trkpt><trkpt lat="-24.123006" lon="-49.390763"><ele>626.209</ele><time>2022-07-31T19:10:08Z</time></trkpt><trkpt lat="-24.122965" lon="-49.390815"><ele>625.112</ele><time>2022-07-31T19:10:10Z</time></trkpt><trkpt lat="-24.122914" lon="-49.390857"><ele>625.831</ele><time>2022-07-31T19:10:12Z</time></trkpt><trkpt lat="-24.122841" lon="-49.390870"><ele>624.630</ele><time>2022-07-31T19:10:14Z</time></trkpt><trkpt lat="-24.122756" lon="-49.390875"><ele>623.264</ele><time>2022-07-31T19:10:16Z</time></trkpt><trkpt lat="-24.122684" lon="-49.390896"><ele>621.967</ele><time>2022-07-31T19:10:18Z</time></trkpt><trkpt lat="-24.122633" lon="-49.390921"><ele>622.276</ele><time>2022-07-31T19:10:20Z</time></trkpt><trkpt lat="-24.122562" lon="-49.390934"><ele>620.347</ele><time>2022-07-31T19:10:23Z</time></trkpt><trkpt lat="-24.122515" lon="-49.390944"><ele>619.344</ele><time>2022-07-31T19:10:25Z</time></trkpt><trkpt lat="-24.122462" lon="-49.390969"><ele>619.251</ele><time>2022-07-31T19:10:28Z</time></trkpt><trkpt lat="-24.122413" lon="-49.390986"><ele>619.037</ele><time>2022-07-31T19:10:30Z</time></trkpt><trkpt lat="-24.122361" lon="-49.391001"><ele>619.649</ele><time>2022-07-31T19:10:32Z</time></trkpt><trkpt lat="-24.122310" lon="-49.391009"><ele>617.613</ele><time>2022-07-31T19:10:34Z</time></trkpt><trkpt lat="-24.122254" lon="-49.391019"><ele>617.709</ele><time>2022-07-31T19:10:36Z</time></trkpt><trkpt lat="-24.122188" lon="-49.391021"><ele>618.944</ele><time>2022-07-31T19:10:38Z</time></trkpt><trkpt lat="-24.122129" lon="-49.391011"><ele>618.363</ele><time>2022-07-31T19:10:40Z</time></trkpt><trkpt lat="-24.122064" lon="-49.391014"><ele>617.462</ele><time>2022-07-31T19:10:42Z</time></trkpt><trkpt lat="-24.121994" lon="-49.391017"><ele>617.436</ele><time>2022-07-31T19:10:44Z</time></trkpt><trkpt lat="-24.121917" lon="-49.391005"><ele>617.449</ele><time>2022-07-31T19:10:46Z</time></trkpt><trkpt lat="-24.121853" lon="-49.390999"><ele>617.448</ele><time>2022-07-31T19:10:48Z</time></trkpt><trkpt lat="-24.121786" lon="-49.390988"><ele>616.589</ele><time>2022-07-31T19:10:50Z</time></trkpt><trkpt lat="-24.121701" lon="-49.390979"><ele>616.116</ele><time>2022-07-31T19:10:52Z</time></trkpt><trkpt lat="-24.121628" lon="-49.390967"><ele>616.023</ele><time>2022-07-31T19:10:54Z</time></trkpt><trkpt lat="-24.121556" lon="-49.390939"><ele>615.516</ele><time>2022-07-31T19:10:56Z</time></trkpt><trkpt lat="-24.121494" lon="-49.390905"><ele>614.776</ele><time>2022-07-31T19:10:58Z</time></trkpt><trkpt lat="-24.121435" lon="-49.390868"><ele>613.913</ele><time>2022-07-31T19:11:00Z</time></trkpt><trkpt lat="-24.121363" lon="-49.390830"><ele>613.809</ele><time>2022-07-31T19:11:02Z</time></trkpt><trkpt lat="-24.121285" lon="-49.390783"><ele>614.242</ele><time>2022-07-31T19:11:04Z</time></trkpt><trkpt lat="-24.121213" lon="-49.390727"><ele>614.571</ele><time>2022-07-31T19:11:06Z</time></trkpt><trkpt lat="-24.121156" lon="-49.390664"><ele>614.480</ele><time>2022-07-31T19:11:08Z</time></trkpt><trkpt lat="-24.121109" lon="-49.390594"><ele>614.914</ele><time>2022-07-31T19:11:10Z</time></trkpt><trkpt lat="-24.121073" lon="-49.390520"><ele>615.877</ele><time>2022-07-31T19:11:12Z</time></trkpt><trkpt lat="-24.121060" lon="-49.390454"><ele>617.236</ele><time>2022-07-31T19:11:14Z</time></trkpt><trkpt lat="-24.121067" lon="-49.390382"><ele>618.567</ele><time>2022-07-31T19:11:16Z</time></trkpt><trkpt lat="-24.121093" lon="-49.390317"><ele>619.954</ele><time>2022-07-31T19:11:18Z</time></trkpt><trkpt lat="-24.121126" lon="-49.390264"><ele>621.481</ele><time>2022-07-31T19:11:20Z</time></trkpt><trkpt lat="-24.121157" lon="-49.390209"><ele>623.287</ele><time>2022-07-31T19:11:22Z</time></trkpt><trkpt lat="-24.121195" lon="-49.390169"><ele>625.542</ele><time>2022-07-31T19:11:24Z</time></trkpt><trkpt lat="-24.121243" lon="-49.390132"><ele>626.826</ele><time>2022-07-31T19:11:26Z</time></trkpt><trkpt lat="-24.121284" lon="-49.390110"><ele>628.509</ele><time>2022-07-31T19:11:28Z</time></trkpt><trkpt lat="-24.121227" lon="-49.390087"><ele>625.939</ele><time>2022-07-31T19:12:16Z</time></trkpt><trkpt lat="-24.121177" lon="-49.390055"><ele>626.618</ele><time>2022-07-31T19:12:19Z</time></trkpt><trkpt lat="-24.121234" lon="-49.390061"><ele>625.447</ele><time>2022-07-31T19:12:32Z</time></trkpt><trkpt lat="-24.121184" lon="-49.390058"><ele>626.241</ele><time>2022-07-31T19:12:41Z</time></trkpt><trkpt lat="-24.121133" lon="-49.390053"><ele>626.574</ele><time>2022-07-31T19:12:52Z</time></trkpt><trkpt lat="-24.121174" lon="-49.390078"><ele>623.483</ele><time>2022-07-31T19:13:15Z</time></trkpt><trkpt lat="-24.121127" lon="-49.390064"><ele>622.314</ele><time>2022-07-31T19:13:17Z</time></trkpt><trkpt lat="-24.121046" lon="-49.390042"><ele>623.191</ele><time>2022-07-31T19:13:19Z</time></trkpt><trkpt lat="-24.120967" lon="-49.390031"><ele>623.448</ele><time>2022-07-31T19:13:21Z</time></trkpt><trkpt lat="-24.120913" lon="-49.390027"><ele>622.668</ele><time>2022-07-31T19:13:23Z</time></trkpt><trkpt lat="-24.120824" lon="-49.390049"><ele>621.642</ele><time>2022-07-31T19:13:25Z</time></trkpt><trkpt lat="-24.120764" lon="-49.390092"><ele>621.326</ele><time>2022-07-31T19:13:26Z</time></trkpt><trkpt lat="-24.120694" lon="-49.390167"><ele>621.109</ele><time>2022-07-31T19:13:27Z</time></trkpt><trkpt lat="-24.120626" lon="-49.390246"><ele>620.947</ele><time>2022-07-31T19:13:28Z</time></trkpt><trkpt lat="-24.120552" lon="-49.390358"><ele>621.366</ele><time>2022-07-31T19:13:29Z</time></trkpt><trkpt lat="-24.120475" lon="-49.390479"><ele>621.275</ele><time>2022-07-31T19:13:30Z</time></trkpt><trkpt lat="-24.120391" lon="-49.390598"><ele>621.139</ele><time>2022-07-31T19:13:31Z</time></trkpt><trkpt lat="-24.120309" lon="-49.390716"><ele>621.062</ele><time>2022-07-31T19:13:32Z</time></trkpt><trkpt lat="-24.120242" lon="-49.390827"><ele>620.761</ele><time>2022-07-31T19:13:33Z</time></trkpt><trkpt lat="-24.120182" lon="-49.390939"><ele>620.472</ele><time>2022-07-31T19:13:34Z</time></trkpt><trkpt lat="-24.120125" lon="-49.391045"><ele>620.249</ele><time>2022-07-31T19:13:35Z</time></trkpt><trkpt lat="-24.120072" lon="-49.391136"><ele>619.966</ele><time>2022-07-31T19:13:36Z</time></trkpt><trkpt lat="-24.120020" lon="-49.391212"><ele>620.175</ele><time>2022-07-31T19:13:37Z</time></trkpt><trkpt lat="-24.119975" lon="-49.391274"><ele>620.128</ele><time>2022-07-31T19:13:38Z</time></trkpt><trkpt lat="-24.119948" lon="-49.391324"><ele>620.220</ele><time>2022-07-31T19:13:39Z</time></trkpt><trkpt lat="-24.119951" lon="-49.391380"><ele>619.709</ele><time>2022-07-31T19:13:41Z</time></trkpt><trkpt lat="-24.120016" lon="-49.391384"><ele>618.938</ele><time>2022-07-31T19:13:44Z</time></trkpt><trkpt lat="-24.120052" lon="-49.391341"><ele>618.937</ele><time>2022-07-31T19:13:47Z</time></trkpt><trkpt lat="-24.120080" lon="-49.391291"><ele>618.866</ele><time>2022-07-31T19:13:50Z</time></trkpt><trkpt lat="-24.120125" lon="-49.391247"><ele>619.360</ele><time>2022-07-31T19:13:54Z</time></trkpt><trkpt lat="-24.120173" lon="-49.391237"><ele>616.893</ele><time>2022-07-31T19:13:57Z</time></trkpt><trkpt lat="-24.120217" lon="-49.391202"><ele>616.542</ele><time>2022-07-31T19:14:00Z</time></trkpt><trkpt lat="-24.120251" lon="-49.391146"><ele>617.283</ele><time>2022-07-31T19:14:03Z</time></trkpt><trkpt lat="-24.120287" lon="-49.391114"><ele>618.460</ele><time>2022-07-31T19:14:07Z</time></trkpt><trkpt lat="-24.120333" lon="-49.391131"><ele>616.437</ele><time>2022-07-31T19:14:10Z</time></trkpt><trkpt lat="-24.120383" lon="-49.391115"><ele>616.398</ele><time>2022-07-31T19:14:13Z</time></trkpt><trkpt lat="-24.120425" lon="-49.391085"><ele>615.215</ele><time>2022-07-31T19:14:16Z</time></trkpt><trkpt lat="-24.120474" lon="-49.391091"><ele>615.226</ele><time>2022-07-31T19:14:18Z</time></trkpt><trkpt lat="-24.120523" lon="-49.391108"><ele>615.209</ele><time>2022-07-31T19:14:20Z</time></trkpt><trkpt lat="-24.120588" lon="-49.391137"><ele>615.880</ele><time>2022-07-31T19:14:22Z</time></trkpt><trkpt lat="-24.120670" lon="-49.391157"><ele>615.839</ele><time>2022-07-31T19:14:24Z</time></trkpt><trkpt lat="-24.120740" lon="-49.391177"><ele>615.268</ele><time>2022-07-31T19:14:26Z</time></trkpt><trkpt lat="-24.120810" lon="-49.391209"><ele>612.032</ele><time>2022-07-31T19:14:28Z</time></trkpt><trkpt lat="-24.120878" lon="-49.391252"><ele>611.755</ele><time>2022-07-31T19:14:30Z</time></trkpt><trkpt lat="-24.120941" lon="-49.391288"><ele>610.294</ele><time>2022-07-31T19:14:32Z</time></trkpt><trkpt lat="-24.120979" lon="-49.391316"><ele>609.845</ele><time>2022-07-31T19:14:34Z</time></trkpt><trkpt lat="-24.121020" lon="-49.391356"><ele>608.692</ele><time>2022-07-31T19:14:41Z</time></trkpt><trkpt lat="-24.121062" lon="-49.391377"><ele>608.719</ele><time>2022-07-31T19:14:43Z</time></trkpt><trkpt lat="-24.121121" lon="-49.391387"><ele>608.149</ele><time>2022-07-31T19:14:46Z</time></trkpt><trkpt lat="-24.121167" lon="-49.391383"><ele>609.102</ele><time>2022-07-31T19:14:49Z</time></trkpt><trkpt lat="-24.121200" lon="-49.391334"><ele>609.422</ele><time>2022-07-31T19:14:52Z</time></trkpt><trkpt lat="-24.121246" lon="-49.391342"><ele>613.209</ele><time>2022-07-31T19:15:58Z</time></trkpt><trkpt lat="-24.121225" lon="-49.391387"><ele>610.815</ele><time>2022-07-31T19:16:17Z</time></trkpt><trkpt lat="-24.121179" lon="-49.391365"><ele>613.054</ele><time>2022-07-31T19:16:41Z</time></trkpt><trkpt lat="-24.121160" lon="-49.391319"><ele>612.323</ele><time>2022-07-31T19:16:45Z</time></trkpt><trkpt lat="-24.121182" lon="-49.391371"><ele>608.097</ele><time>2022-07-31T19:19:29Z</time></trkpt><trkpt lat="-24.121237" lon="-49.391363"><ele>605.630</ele><time>2022-07-31T19:19:58Z</time></trkpt><trkpt lat="-24.121289" lon="-49.391345"><ele>605.379</ele><time>2022-07-31T19:20:02Z</time></trkpt><trkpt lat="-24.121336" lon="-49.391332"><ele>604.830</ele><time>2022-07-31T19:20:06Z</time></trkpt><trkpt lat="-24.121383" lon="-49.391281"><ele>605.917</ele><time>2022-07-31T19:20:09Z</time></trkpt><trkpt lat="-24.121450" lon="-49.391263"><ele>605.414</ele><time>2022-07-31T19:20:12Z</time></trkpt><trkpt lat="-24.121503" lon="-49.391282"><ele>604.531</ele><time>2022-07-31T19:20:14Z</time></trkpt><trkpt lat="-24.121553" lon="-49.391301"><ele>606.561</ele><time>2022-07-31T19:20:16Z</time></trkpt><trkpt lat="-24.121605" lon="-49.391299"><ele>607.107</ele><time>2022-07-31T19:20:18Z</time></trkpt><trkpt lat="-24.121662" lon="-49.391300"><ele>606.309</ele><time>2022-07-31T19:20:20Z</time></trkpt><trkpt lat="-24.121717" lon="-49.391324"><ele>605.324</ele><time>2022-07-31T19:20:22Z</time></trkpt><trkpt lat="-24.121766" lon="-49.391344"><ele>605.383</ele><time>2022-07-31T19:20:24Z</time></trkpt><trkpt lat="-24.121815" lon="-49.391341"><ele>606.072</ele><time>2022-07-31T19:20:26Z</time></trkpt><trkpt lat="-24.121863" lon="-49.391323"><ele>606.916</ele><time>2022-07-31T19:20:28Z</time></trkpt><trkpt lat="-24.121913" lon="-49.391299"><ele>607.499</ele><time>2022-07-31T19:20:30Z</time></trkpt><trkpt lat="-24.121955" lon="-49.391281"><ele>607.198</ele><time>2022-07-31T19:20:32Z</time></trkpt><trkpt lat="-24.122004" lon="-49.391293"><ele>606.249</ele><time>2022-07-31T19:20:36Z</time></trkpt><trkpt lat="-24.121957" lon="-49.391298"><ele>608.916</ele><time>2022-07-31T19:21:12Z</time></trkpt><trkpt lat="-24.121890" lon="-49.391318"><ele>608.673</ele><time>2022-07-31T19:21:14Z</time></trkpt><trkpt lat="-24.121828" lon="-49.391339"><ele>609.687</ele><time>2022-07-31T19:21:16Z</time></trkpt><trkpt lat="-24.121761" lon="-49.391350"><ele>609.042</ele><time>2022-07-31T19:21:19Z</time></trkpt><trkpt lat="-24.121705" lon="-49.391343"><ele>608.226</ele><time>2022-07-31T19:21:21Z</time></trkpt><trkpt lat="-24.121660" lon="-49.391321"><ele>607.609</ele><time>2022-07-31T19:21:23Z</time></trkpt><trkpt lat="-24.121609" lon="-49.391297"><ele>608.839</ele><time>2022-07-31T19:21:26Z</time></trkpt><trkpt lat="-24.121547" lon="-49.391296"><ele>605.558</ele><time>2022-07-31T19:21:32Z</time></trkpt><trkpt lat="-24.121489" lon="-49.391281"><ele>604.917</ele><time>2022-07-31T19:21:34Z</time></trkpt><trkpt lat="-24.121439" lon="-49.391267"><ele>603.261</ele><time>2022-07-31T19:21:36Z</time></trkpt><trkpt lat="-24.121388" lon="-49.391283"><ele>604.274</ele><time>2022-07-31T19:21:39Z</time></trkpt><trkpt lat="-24.121363" lon="-49.391237"><ele>605.093</ele><time>2022-07-31T19:21:48Z</time></trkpt><trkpt lat="-24.121384" lon="-49.391189"><ele>606.664</ele><time>2022-07-31T19:22:00Z</time></trkpt><trkpt lat="-24.121435" lon="-49.391185"><ele>606.941</ele><time>2022-07-31T19:22:09Z</time></trkpt><trkpt lat="-24.121477" lon="-49.391213"><ele>606.768</ele><time>2022-07-31T19:22:13Z</time></trkpt><trkpt lat="-24.121501" lon="-49.391169"><ele>607.571</ele><time>2022-07-31T19:22:16Z</time></trkpt><trkpt lat="-24.121514" lon="-49.391101"><ele>609.241</ele><time>2022-07-31T19:22:19Z</time></trkpt><trkpt lat="-24.121526" lon="-49.391046"><ele>610.415</ele><time>2022-07-31T19:23:08Z</time></trkpt><trkpt lat="-24.121546" lon="-49.390981"><ele>608.609</ele><time>2022-07-31T19:23:12Z</time></trkpt><trkpt lat="-24.121591" lon="-49.390989"><ele>609.118</ele><time>2022-07-31T19:23:31Z</time></trkpt><trkpt lat="-24.121636" lon="-49.391016"><ele>609.487</ele><time>2022-07-31T19:23:33Z</time></trkpt><trkpt lat="-24.121701" lon="-49.391029"><ele>610.296</ele><time>2022-07-31T19:23:35Z</time></trkpt><trkpt lat="-24.121776" lon="-49.391039"><ele>610.340</ele><time>2022-07-31T19:23:37Z</time></trkpt><trkpt lat="-24.121853" lon="-49.391051"><ele>612.573</ele><time>2022-07-31T19:23:39Z</time></trkpt><trkpt lat="-24.121923" lon="-49.391059"><ele>612.832</ele><time>2022-07-31T19:23:41Z</time></trkpt><trkpt lat="-24.121997" lon="-49.391063"><ele>613.733</ele><time>2022-07-31T19:23:43Z</time></trkpt><trkpt lat="-24.122075" lon="-49.391062"><ele>613.860</ele><time>2022-07-31T19:23:45Z</time></trkpt><trkpt lat="-24.122152" lon="-49.391056"><ele>615.777</ele><time>2022-07-31T19:23:47Z</time></trkpt><trkpt lat="-24.122198" lon="-49.391053"><ele>616.122</ele><time>2022-07-31T19:23:48Z</time></trkpt><trkpt lat="-24.122281" lon="-49.391040"><ele>616.862</ele><time>2022-07-31T19:23:50Z</time></trkpt><trkpt lat="-24.122352" lon="-49.391011"><ele>618.708</ele><time>2022-07-31T19:23:52Z</time></trkpt><trkpt lat="-24.122412" lon="-49.390988"><ele>619.909</ele><time>2022-07-31T19:23:54Z</time></trkpt><trkpt lat="-24.122465" lon="-49.390984"><ele>620.693</ele><time>2022-07-31T19:23:56Z</time></trkpt><trkpt lat="-24.122517" lon="-49.390972"><ele>622.252</ele><time>2022-07-31T19:23:58Z</time></trkpt><trkpt lat="-24.122585" lon="-49.390940"><ele>624.081</ele><time>2022-07-31T19:24:00Z</time></trkpt><trkpt lat="-24.122647" lon="-49.390923"><ele>622.835</ele><time>2022-07-31T19:24:02Z</time></trkpt><trkpt lat="-24.122721" lon="-49.390907"><ele>624.048</ele><time>2022-07-31T19:24:04Z</time></trkpt><trkpt lat="-24.122807" lon="-49.390879"><ele>624.837</ele><time>2022-07-31T19:24:06Z</time></trkpt><trkpt lat="-24.122854" lon="-49.390867"><ele>624.688</ele><time>2022-07-31T19:24:07Z</time></trkpt><trkpt lat="-24.122935" lon="-49.390844"><ele>624.035</ele><time>2022-07-31T19:24:09Z</time></trkpt><trkpt lat="-24.122999" lon="-49.390795"><ele>623.552</ele><time>2022-07-31T19:24:11Z</time></trkpt><trkpt lat="-24.123061" lon="-49.390757"><ele>623.837</ele><time>2022-07-31T19:24:13Z</time></trkpt><trkpt lat="-24.123112" lon="-49.390727"><ele>624.249</ele><time>2022-07-31T19:24:15Z</time></trkpt><trkpt lat="-24.123188" lon="-49.390702"><ele>626.713</ele><time>2022-07-31T19:24:17Z</time></trkpt><trkpt lat="-24.123233" lon="-49.390708"><ele>626.409</ele><time>2022-07-31T19:24:18Z</time></trkpt><trkpt lat="-24.123279" lon="-49.390713"><ele>626.244</ele><time>2022-07-31T19:24:19Z</time></trkpt><trkpt lat="-24.123329" lon="-49.390728"><ele>624.953</ele><time>2022-07-31T19:24:20Z</time></trkpt><trkpt lat="-24.123377" lon="-49.390740"><ele>625.672</ele><time>2022-07-31T19:24:21Z</time></trkpt><trkpt lat="-24.123446" lon="-49.390743"><ele>624.016</ele><time>2022-07-31T19:24:22Z</time></trkpt><trkpt lat="-24.123498" lon="-49.390756"><ele>624.129</ele><time>2022-07-31T19:24:23Z</time></trkpt><trkpt lat="-24.123547" lon="-49.390762"><ele>623.898</ele><time>2022-07-31T19:24:24Z</time></trkpt><trkpt lat="-24.123598" lon="-49.390764"><ele>625.639</ele><time>2022-07-31T19:24:25Z</time></trkpt><trkpt lat="-24.123646" lon="-49.390773"><ele>625.526</ele><time>2022-07-31T19:24:26Z</time></trkpt><trkpt lat="-24.123692" lon="-49.390795"><ele>625.463</ele><time>2022-07-31T19:24:27Z</time></trkpt><trkpt lat="-24.123738" lon="-49.390817"><ele>624.879</ele><time>2022-07-31T19:24:28Z</time></trkpt><trkpt lat="-24.123825" lon="-49.390832"><ele>622.905</ele><time>2022-07-31T19:24:30Z</time></trkpt><trkpt lat="-24.123874" lon="-49.390835"><ele>622.025</ele><time>2022-07-31T19:24:31Z</time></trkpt><trkpt lat="-24.123945" lon="-49.390847"><ele>621.409</ele><time>2022-07-31T19:24:33Z</time></trkpt><trkpt lat="-24.123995" lon="-49.390887"><ele>620.228</ele><time>2022-07-31T19:24:35Z</time></trkpt><trkpt lat="-24.124021" lon="-49.390938"><ele>620.187</ele><time>2022-07-31T19:24:38Z</time></trkpt><trkpt lat="-24.124055" lon="-49.390999"><ele>619.876</ele><time>2022-07-31T19:24:41Z</time></trkpt><trkpt lat="-24.124084" lon="-49.391055"><ele>620.220</ele><time>2022-07-31T19:24:43Z</time></trkpt><trkpt lat="-24.124118" lon="-49.391109"><ele>621.333</ele><time>2022-07-31T19:24:45Z</time></trkpt><trkpt lat="-24.124163" lon="-49.391144"><ele>624.262</ele><time>2022-07-31T19:24:47Z</time></trkpt><trkpt lat="-24.124228" lon="-49.391146"><ele>627.333</ele><time>2022-07-31T19:24:49Z</time></trkpt><trkpt lat="-24.124300" lon="-49.391103"><ele>626.120</ele><time>2022-07-31T19:24:51Z</time></trkpt><trkpt lat="-24.124342" lon="-49.391042"><ele>627.867</ele><time>2022-07-31T19:24:52Z</time></trkpt><trkpt lat="-24.124419" lon="-49.390972"><ele>629.096</ele><time>2022-07-31T19:24:54Z</time></trkpt><trkpt lat="-24.124455" lon="-49.390927"><ele>629.631</ele><time>2022-07-31T19:24:55Z</time></trkpt><trkpt lat="-24.124495" lon="-49.390878"><ele>628.424</ele><time>2022-07-31T19:24:56Z</time></trkpt><trkpt lat="-24.124542" lon="-49.390835"><ele>628.309</ele><time>2022-07-31T19:24:57Z</time></trkpt><trkpt lat="-24.124580" lon="-49.390792"><ele>628.480</ele><time>2022-07-31T19:24:58Z</time></trkpt><trkpt lat="-24.124623" lon="-49.390755"><ele>628.129</ele><time>2022-07-31T19:24:59Z</time></trkpt><trkpt lat="-24.124661" lon="-49.390715"><ele>628.148</ele><time>2022-07-31T19:25:00Z</time></trkpt><trkpt lat="-24.124704" lon="-49.390685"><ele>628.112</ele><time>2022-07-31T19:25:01Z</time></trkpt><trkpt lat="-24.124747" lon="-49.390652"><ele>628.275</ele><time>2022-07-31T19:25:02Z</time></trkpt><trkpt lat="-24.124793" lon="-49.390614"><ele>628.374</ele><time>2022-07-31T19:25:03Z</time></trkpt><trkpt lat="-24.124829" lon="-49.390575"><ele>629.275</ele><time>2022-07-31T19:25:04Z</time></trkpt><trkpt lat="-24.124866" lon="-49.390542"><ele>629.152</ele><time>2022-07-31T19:25:05Z</time></trkpt><trkpt lat="-24.124940" lon="-49.390480"><ele>630.639</ele><time>2022-07-31T19:25:07Z</time></trkpt><trkpt lat="-24.125017" lon="-49.390423"><ele>631.267</ele><time>2022-07-31T19:25:09Z</time></trkpt><trkpt lat="-24.125051" lon="-49.390390"><ele>632.881</ele><time>2022-07-31T19:25:10Z</time></trkpt><trkpt lat="-24.125085" lon="-49.390355"><ele>634.419</ele><time>2022-07-31T19:25:11Z</time></trkpt><trkpt lat="-24.125167" lon="-49.390309"><ele>635.209</ele><time>2022-07-31T19:25:13Z</time></trkpt><trkpt lat="-24.125207" lon="-49.390267"><ele>634.987</ele><time>2022-07-31T19:25:14Z</time></trkpt><trkpt lat="-24.125244" lon="-49.390231"><ele>634.026</ele><time>2022-07-31T19:25:15Z</time></trkpt><trkpt lat="-24.125288" lon="-49.390192"><ele>634.725</ele><time>2022-07-31T19:25:16Z</time></trkpt><trkpt lat="-24.125321" lon="-49.390139"><ele>635.969</ele><time>2022-07-31T19:25:17Z</time></trkpt><trkpt lat="-24.125351" lon="-49.390091"><ele>636.732</ele><time>2022-07-31T19:25:18Z</time></trkpt><trkpt lat="-24.125402" lon="-49.390045"><ele>635.191</ele><time>2022-07-31T19:25:19Z</time></trkpt><trkpt lat="-24.125458" lon="-49.389993"><ele>635.272</ele><time>2022-07-31T19:25:21Z</time></trkpt><trkpt lat="-24.125494" lon="-49.389956"><ele>637.089</ele><time>2022-07-31T19:25:22Z</time></trkpt><trkpt lat="-24.125536" lon="-49.389889"><ele>638.036</ele><time>2022-07-31T19:25:23Z</time></trkpt><trkpt lat="-24.125578" lon="-49.389859"><ele>638.024</ele><time>2022-07-31T19:25:24Z</time></trkpt><trkpt lat="-24.125628" lon="-49.389831"><ele>636.604</ele><time>2022-07-31T19:25:25Z</time></trkpt><trkpt lat="-24.125665" lon="-49.389782"><ele>636.614</ele><time>2022-07-31T19:25:26Z</time></trkpt><trkpt lat="-24.125711" lon="-49.389737"><ele>636.709</ele><time>2022-07-31T19:25:27Z</time></trkpt><trkpt lat="-24.125751" lon="-49.389696"><ele>636.433</ele><time>2022-07-31T19:25:28Z</time></trkpt><trkpt lat="-24.125782" lon="-49.389653"><ele>637.722</ele><time>2022-07-31T19:25:29Z</time></trkpt><trkpt lat="-24.125822" lon="-49.389613"><ele>636.831</ele><time>2022-07-31T19:25:30Z</time></trkpt><trkpt lat="-24.125857" lon="-49.389572"><ele>637.245</ele><time>2022-07-31T19:25:31Z</time></trkpt><trkpt lat="-24.125889" lon="-49.389525"><ele>637.878</ele><time>2022-07-31T19:25:32Z</time></trkpt><trkpt lat="-24.125943" lon="-49.389516"><ele>637.757</ele><time>2022-07-31T19:25:33Z</time></trkpt><trkpt lat="-24.125983" lon="-49.389475"><ele>638.138</ele><time>2022-07-31T19:25:34Z</time></trkpt><trkpt lat="-24.126045" lon="-49.389442"><ele>637.975</ele><time>2022-07-31T19:25:35Z</time></trkpt><trkpt lat="-24.126087" lon="-49.389395"><ele>637.962</ele><time>2022-07-31T19:25:36Z</time></trkpt><trkpt lat="-24.126141" lon="-49.389376"><ele>636.629</ele><time>2022-07-31T19:25:37Z</time></trkpt><trkpt lat="-24.126199" lon="-49.389367"><ele>636.000</ele><time>2022-07-31T19:25:38Z</time></trkpt><trkpt lat="-24.126276" lon="-49.389342"><ele>636.420</ele><time>2022-07-31T19:25:39Z</time></trkpt><trkpt lat="-24.126332" lon="-49.389325"><ele>637.109</ele><time>2022-07-31T19:25:40Z</time></trkpt><trkpt lat="-24.126388" lon="-49.389307"><ele>637.143</ele><time>2022-07-31T19:25:41Z</time></trkpt><trkpt lat="-24.126503" lon="-49.389271"><ele>635.372</ele><time>2022-07-31T19:25:43Z</time></trkpt><trkpt lat="-24.126559" lon="-49.389238"><ele>636.031</ele><time>2022-07-31T19:25:44Z</time></trkpt><trkpt lat="-24.126637" lon="-49.389190"><ele>635.975</ele><time>2022-07-31T19:25:45Z</time></trkpt><trkpt lat="-24.126694" lon="-49.389169"><ele>637.428</ele><time>2022-07-31T19:25:46Z</time></trkpt><trkpt lat="-24.126749" lon="-49.389147"><ele>637.317</ele><time>2022-07-31T19:25:47Z</time></trkpt><trkpt lat="-24.126789" lon="-49.389114"><ele>637.258</ele><time>2022-07-31T19:25:48Z</time></trkpt><trkpt lat="-24.126842" lon="-49.389079"><ele>637.675</ele><time>2022-07-31T19:25:49Z</time></trkpt><trkpt lat="-24.126887" lon="-49.389039"><ele>638.282</ele><time>2022-07-31T19:25:50Z</time></trkpt><trkpt lat="-24.126954" lon="-49.389001"><ele>639.363</ele><time>2022-07-31T19:25:51Z</time></trkpt><trkpt lat="-24.127003" lon="-49.388962"><ele>641.144</ele><time>2022-07-31T19:25:52Z</time></trkpt><trkpt lat="-24.127053" lon="-49.388913"><ele>641.618</ele><time>2022-07-31T19:25:53Z</time></trkpt><trkpt lat="-24.127106" lon="-49.388853"><ele>642.809</ele><time>2022-07-31T19:25:54Z</time></trkpt><trkpt lat="-24.127150" lon="-49.388814"><ele>642.987</ele><time>2022-07-31T19:25:55Z</time></trkpt><trkpt lat="-24.127215" lon="-49.388802"><ele>642.466</ele><time>2022-07-31T19:25:56Z</time></trkpt><trkpt lat="-24.127278" lon="-49.388763"><ele>643.515</ele><time>2022-07-31T19:25:57Z</time></trkpt><trkpt lat="-24.127331" lon="-49.388737"><ele>642.229</ele><time>2022-07-31T19:25:58Z</time></trkpt><trkpt lat="-24.127394" lon="-49.388708"><ele>643.222</ele><time>2022-07-31T19:25:59Z</time></trkpt><trkpt lat="-24.127450" lon="-49.388672"><ele>643.961</ele><time>2022-07-31T19:26:00Z</time></trkpt><trkpt lat="-24.127498" lon="-49.388636"><ele>644.372</ele><time>2022-07-31T19:26:01Z</time></trkpt><trkpt lat="-24.127547" lon="-49.388574"><ele>644.899</ele><time>2022-07-31T19:26:02Z</time></trkpt><trkpt lat="-24.127595" lon="-49.388544"><ele>645.276</ele><time>2022-07-31T19:26:03Z</time></trkpt><trkpt lat="-24.127647" lon="-49.388516"><ele>644.697</ele><time>2022-07-31T19:26:04Z</time></trkpt><trkpt lat="-24.127702" lon="-49.388487"><ele>644.623</ele><time>2022-07-31T19:26:05Z</time></trkpt><trkpt lat="-24.127755" lon="-49.388455"><ele>643.825</ele><time>2022-07-31T19:26:06Z</time></trkpt><trkpt lat="-24.127815" lon="-49.388409"><ele>645.309</ele><time>2022-07-31T19:26:07Z</time></trkpt><trkpt lat="-24.127868" lon="-49.388366"><ele>645.460</ele><time>2022-07-31T19:26:08Z</time></trkpt><trkpt lat="-24.127918" lon="-49.388346"><ele>643.759</ele><time>2022-07-31T19:26:09Z</time></trkpt><trkpt lat="-24.127971" lon="-49.388317"><ele>642.968</ele><time>2022-07-31T19:26:10Z</time></trkpt><trkpt lat="-24.128011" lon="-49.388289"><ele>640.342</ele><time>2022-07-31T19:26:11Z</time></trkpt><trkpt lat="-24.128056" lon="-49.388259"><ele>640.595</ele><time>2022-07-31T19:26:12Z</time></trkpt><trkpt lat="-24.128118" lon="-49.388222"><ele>642.124</ele><time>2022-07-31T19:26:13Z</time></trkpt><trkpt lat="-24.128175" lon="-49.388192"><ele>642.665</ele><time>2022-07-31T19:26:14Z</time></trkpt><trkpt lat="-24.128229" lon="-49.388168"><ele>643.072</ele><time>2022-07-31T19:26:15Z</time></trkpt><trkpt lat="-24.128278" lon="-49.388130"><ele>642.199</ele><time>2022-07-31T19:26:16Z</time></trkpt><trkpt lat="-24.128330" lon="-49.388116"><ele>641.682</ele><time>2022-07-31T19:26:17Z</time></trkpt><trkpt lat="-24.128379" lon="-49.388100"><ele>640.943</ele><time>2022-07-31T19:26:18Z</time></trkpt><trkpt lat="-24.128434" lon="-49.388082"><ele>641.917</ele><time>2022-07-31T19:26:19Z</time></trkpt><trkpt lat="-24.128511" lon="-49.388055"><ele>641.109</ele><time>2022-07-31T19:26:21Z</time></trkpt><trkpt lat="-24.128596" lon="-49.388022"><ele>640.779</ele><time>2022-07-31T19:26:23Z</time></trkpt><trkpt lat="-24.128648" lon="-49.387996"><ele>640.718</ele><time>2022-07-31T19:26:24Z</time></trkpt><trkpt lat="-24.128711" lon="-49.387977"><ele>639.967</ele><time>2022-07-31T19:26:26Z</time></trkpt><trkpt lat="-24.128750" lon="-49.387948"><ele>639.161</ele><time>2022-07-31T19:26:28Z</time></trkpt><trkpt lat="-24.128814" lon="-49.387918"><ele>637.594</ele><time>2022-07-31T19:26:32Z</time></trkpt><trkpt lat="-24.128857" lon="-49.387897"><ele>638.923</ele><time>2022-07-31T19:26:36Z</time></trkpt><trkpt lat="-24.128900" lon="-49.387861"><ele>639.464</ele><time>2022-07-31T19:26:39Z</time></trkpt><trkpt lat="-24.128952" lon="-49.387819"><ele>639.291</ele><time>2022-07-31T19:26:42Z</time></trkpt><trkpt lat="-24.128992" lon="-49.387793"><ele>638.728</ele><time>2022-07-31T19:26:44Z</time></trkpt><trkpt lat="-24.129038" lon="-49.387807"><ele>639.075</ele><time>2022-07-31T19:26:55Z</time></trkpt><trkpt lat="-24.129059" lon="-49.387741"><ele>637.828</ele><time>2022-07-31T19:28:00Z</time></trkpt><trkpt lat="-24.129102" lon="-49.387693"><ele>638.720</ele><time>2022-07-31T19:28:02Z</time></trkpt><trkpt lat="-24.129148" lon="-49.387641"><ele>639.009</ele><time>2022-07-31T19:28:04Z</time></trkpt><trkpt lat="-24.129185" lon="-49.387587"><ele>641.618</ele><time>2022-07-31T19:28:06Z</time></trkpt><trkpt lat="-24.129223" lon="-49.387530"><ele>639.957</ele><time>2022-07-31T19:28:08Z</time></trkpt><trkpt lat="-24.129266" lon="-49.387462"><ele>640.826</ele><time>2022-07-31T19:28:10Z</time></trkpt><trkpt lat="-24.129314" lon="-49.387383"><ele>641.750</ele><time>2022-07-31T19:28:12Z</time></trkpt><trkpt lat="-24.129349" lon="-49.387332"><ele>642.663</ele><time>2022-07-31T19:28:13Z</time></trkpt><trkpt lat="-24.129372" lon="-49.387285"><ele>643.552</ele><time>2022-07-31T19:28:14Z</time></trkpt><trkpt lat="-24.129399" lon="-49.387242"><ele>644.853</ele><time>2022-07-31T19:28:15Z</time></trkpt><trkpt lat="-24.129420" lon="-49.387198"><ele>645.990</ele><time>2022-07-31T19:28:16Z</time></trkpt><trkpt lat="-24.129445" lon="-49.387155"><ele>647.117</ele><time>2022-07-31T19:28:17Z</time></trkpt><trkpt lat="-24.129503" lon="-49.387089"><ele>648.521</ele><time>2022-07-31T19:28:19Z</time></trkpt><trkpt lat="-24.129580" lon="-49.387038"><ele>650.241</ele><time>2022-07-31T19:28:21Z</time></trkpt><trkpt lat="-24.129662" lon="-49.386995"><ele>650.705</ele><time>2022-07-31T19:28:23Z</time></trkpt><trkpt lat="-24.129708" lon="-49.386977"><ele>651.009</ele><time>2022-07-31T19:28:24Z</time></trkpt><trkpt lat="-24.129756" lon="-49.386958"><ele>651.553</ele><time>2022-07-31T19:28:25Z</time></trkpt><trkpt lat="-24.129798" lon="-49.386937"><ele>651.942</ele><time>2022-07-31T19:28:26Z</time></trkpt><trkpt lat="-24.129877" lon="-49.386894"><ele>653.811</ele><time>2022-07-31T19:28:28Z</time></trkpt><trkpt lat="-24.129926" lon="-49.386870"><ele>655.375</ele><time>2022-07-31T19:28:29Z</time></trkpt><trkpt lat="-24.129977" lon="-49.386854"><ele>656.778</ele><time>2022-07-31T19:28:30Z</time></trkpt><trkpt lat="-24.130057" lon="-49.386813"><ele>657.887</ele><time>2022-07-31T19:28:32Z</time></trkpt><trkpt lat="-24.130104" lon="-49.386790"><ele>659.238</ele><time>2022-07-31T19:28:33Z</time></trkpt><trkpt lat="-24.130153" lon="-49.386774"><ele>659.435</ele><time>2022-07-31T19:28:34Z</time></trkpt><trkpt lat="-24.130195" lon="-49.386753"><ele>659.842</ele><time>2022-07-31T19:28:35Z</time></trkpt><trkpt lat="-24.130281" lon="-49.386719"><ele>661.477</ele><time>2022-07-31T19:28:37Z</time></trkpt><trkpt lat="-24.130334" lon="-49.386702"><ele>661.361</ele><time>2022-07-31T19:28:38Z</time></trkpt><trkpt lat="-24.130420" lon="-49.386702"><ele>662.827</ele><time>2022-07-31T19:28:40Z</time></trkpt><trkpt lat="-24.130470" lon="-49.386699"><ele>664.709</ele><time>2022-07-31T19:28:41Z</time></trkpt><trkpt lat="-24.130528" lon="-49.386712"><ele>663.428</ele><time>2022-07-31T19:28:42Z</time></trkpt><trkpt lat="-24.130592" lon="-49.386712"><ele>660.897</ele><time>2022-07-31T19:28:43Z</time></trkpt><trkpt lat="-24.130639" lon="-49.386721"><ele>661.126</ele><time>2022-07-31T19:28:44Z</time></trkpt><trkpt lat="-24.130690" lon="-49.386730"><ele>661.110</ele><time>2022-07-31T19:28:45Z</time></trkpt><trkpt lat="-24.130743" lon="-49.386736"><ele>661.263</ele><time>2022-07-31T19:28:46Z</time></trkpt><trkpt lat="-24.130793" lon="-49.386740"><ele>662.462</ele><time>2022-07-31T19:28:47Z</time></trkpt><trkpt lat="-24.130846" lon="-49.386741"><ele>662.773</ele><time>2022-07-31T19:28:48Z</time></trkpt><trkpt lat="-24.130895" lon="-49.386741"><ele>663.190</ele><time>2022-07-31T19:28:49Z</time></trkpt><trkpt lat="-24.130942" lon="-49.386741"><ele>663.497</ele><time>2022-07-31T19:28:50Z</time></trkpt><trkpt lat="-24.130995" lon="-49.386738"><ele>664.054</ele><time>2022-07-31T19:28:51Z</time></trkpt><trkpt lat="-24.131043" lon="-49.386735"><ele>664.556</ele><time>2022-07-31T19:28:52Z</time></trkpt><trkpt lat="-24.131095" lon="-49.386740"><ele>665.911</ele><time>2022-07-31T19:28:53Z</time></trkpt><trkpt lat="-24.131149" lon="-49.386726"><ele>665.809</ele><time>2022-07-31T19:28:54Z</time></trkpt><trkpt lat="-24.131203" lon="-49.386711"><ele>666.476</ele><time>2022-07-31T19:28:55Z</time></trkpt><trkpt lat="-24.131254" lon="-49.386696"><ele>666.965</ele><time>2022-07-31T19:28:56Z</time></trkpt><trkpt lat="-24.131309" lon="-49.386674"><ele>667.344</ele><time>2022-07-31T19:28:57Z</time></trkpt><trkpt lat="-24.131363" lon="-49.386658"><ele>667.858</ele><time>2022-07-31T19:28:58Z</time></trkpt><trkpt lat="-24.131420" lon="-49.386638"><ele>670.551</ele><time>2022-07-31T19:28:59Z</time></trkpt><trkpt lat="-24.131490" lon="-49.386615"><ele>670.540</ele><time>2022-07-31T19:29:00Z</time></trkpt><trkpt lat="-24.131552" lon="-49.386596"><ele>671.591</ele><time>2022-07-31T19:29:01Z</time></trkpt><trkpt lat="-24.131617" lon="-49.386592"><ele>673.148</ele><time>2022-07-31T19:29:02Z</time></trkpt><trkpt lat="-24.131677" lon="-49.386567"><ele>674.425</ele><time>2022-07-31T19:29:03Z</time></trkpt><trkpt lat="-24.131735" lon="-49.386544"><ele>674.474</ele><time>2022-07-31T19:29:04Z</time></trkpt><trkpt lat="-24.131797" lon="-49.386523"><ele>673.456</ele><time>2022-07-31T19:29:05Z</time></trkpt><trkpt lat="-24.131839" lon="-49.386497"><ele>672.821</ele><time>2022-07-31T19:29:06Z</time></trkpt><trkpt lat="-24.131893" lon="-49.386477"><ele>674.109</ele><time>2022-07-31T19:29:07Z</time></trkpt><trkpt lat="-24.131956" lon="-49.386449"><ele>674.518</ele><time>2022-07-31T19:29:08Z</time></trkpt><trkpt lat="-24.132009" lon="-49.386430"><ele>674.757</ele><time>2022-07-31T19:29:09Z</time></trkpt><trkpt lat="-24.132063" lon="-49.386407"><ele>676.146</ele><time>2022-07-31T19:29:10Z</time></trkpt><trkpt lat="-24.132122" lon="-49.386378"><ele>675.670</ele><time>2022-07-31T19:29:11Z</time></trkpt><trkpt lat="-24.132181" lon="-49.386356"><ele>676.023</ele><time>2022-07-31T19:29:12Z</time></trkpt><trkpt lat="-24.132239" lon="-49.386336"><ele>676.282</ele><time>2022-07-31T19:29:13Z</time></trkpt><trkpt lat="-24.132299" lon="-49.386316"><ele>675.733</ele><time>2022-07-31T19:29:14Z</time></trkpt><trkpt lat="-24.132365" lon="-49.386293"><ele>676.050</ele><time>2022-07-31T19:29:15Z</time></trkpt><trkpt lat="-24.132427" lon="-49.386270"><ele>676.297</ele><time>2022-07-31T19:29:16Z</time></trkpt><trkpt lat="-24.132491" lon="-49.386242"><ele>676.124</ele><time>2022-07-31T19:29:17Z</time></trkpt><trkpt lat="-24.132549" lon="-49.386210"><ele>675.704</ele><time>2022-07-31T19:29:18Z</time></trkpt><trkpt lat="-24.132614" lon="-49.386177"><ele>675.914</ele><time>2022-07-31T19:29:19Z</time></trkpt><trkpt lat="-24.132669" lon="-49.386146"><ele>675.709</ele><time>2022-07-31T19:29:20Z</time></trkpt><trkpt lat="-24.132727" lon="-49.386111"><ele>676.883</ele><time>2022-07-31T19:29:21Z</time></trkpt><trkpt lat="-24.132785" lon="-49.386072"><ele>676.972</ele><time>2022-07-31T19:29:22Z</time></trkpt><trkpt lat="-24.132839" lon="-49.386028"><ele>677.491</ele><time>2022-07-31T19:29:23Z</time></trkpt><trkpt lat="-24.132892" lon="-49.386001"><ele>678.025</ele><time>2022-07-31T19:29:24Z</time></trkpt><trkpt lat="-24.132961" lon="-49.385948"><ele>677.218</ele><time>2022-07-31T19:29:25Z</time></trkpt><trkpt lat="-24.133012" lon="-49.385910"><ele>678.167</ele><time>2022-07-31T19:29:26Z</time></trkpt><trkpt lat="-24.133075" lon="-49.385875"><ele>678.328</ele><time>2022-07-31T19:29:27Z</time></trkpt><trkpt lat="-24.133122" lon="-49.385851"><ele>679.245</ele><time>2022-07-31T19:29:28Z</time></trkpt><trkpt lat="-24.133175" lon="-49.385827"><ele>680.092</ele><time>2022-07-31T19:29:29Z</time></trkpt><trkpt lat="-24.133238" lon="-49.385800"><ele>679.561</ele><time>2022-07-31T19:29:30Z</time></trkpt><trkpt lat="-24.133293" lon="-49.385773"><ele>680.021</ele><time>2022-07-31T19:29:31Z</time></trkpt><trkpt lat="-24.133353" lon="-49.385745"><ele>679.813</ele><time>2022-07-31T19:29:32Z</time></trkpt><trkpt lat="-24.133417" lon="-49.385713"><ele>678.809</ele><time>2022-07-31T19:29:33Z</time></trkpt><trkpt lat="-24.133459" lon="-49.385684"><ele>679.197</ele><time>2022-07-31T19:29:34Z</time></trkpt><trkpt lat="-24.133499" lon="-49.385658"><ele>680.096</ele><time>2022-07-31T19:29:35Z</time></trkpt><trkpt lat="-24.133543" lon="-49.385627"><ele>680.945</ele><time>2022-07-31T19:29:36Z</time></trkpt><trkpt lat="-24.133617" lon="-49.385570"><ele>682.599</ele><time>2022-07-31T19:29:38Z</time></trkpt><trkpt lat="-24.133685" lon="-49.385502"><ele>683.332</ele><time>2022-07-31T19:29:40Z</time></trkpt><trkpt lat="-24.133722" lon="-49.385470"><ele>683.631</ele><time>2022-07-31T19:29:41Z</time></trkpt><trkpt lat="-24.133764" lon="-49.385438"><ele>685.792</ele><time>2022-07-31T19:29:42Z</time></trkpt><trkpt lat="-24.133813" lon="-49.385407"><ele>685.989</ele><time>2022-07-31T19:29:43Z</time></trkpt><trkpt lat="-24.133864" lon="-49.385397"><ele>684.456</ele><time>2022-07-31T19:29:44Z</time></trkpt><trkpt lat="-24.133897" lon="-49.385363"><ele>684.882</ele><time>2022-07-31T19:29:45Z</time></trkpt><trkpt lat="-24.133967" lon="-49.385303"><ele>685.043</ele><time>2022-07-31T19:29:47Z</time></trkpt><trkpt lat="-24.134018" lon="-49.385229"><ele>686.317</ele><time>2022-07-31T19:29:49Z</time></trkpt><trkpt lat="-24.134061" lon="-49.385182"><ele>686.209</ele><time>2022-07-31T19:29:50Z</time></trkpt><trkpt lat="-24.134095" lon="-49.385134"><ele>687.239</ele><time>2022-07-31T19:29:51Z</time></trkpt><trkpt lat="-24.134152" lon="-49.385055"><ele>691.358</ele><time>2022-07-31T19:29:53Z</time></trkpt><trkpt lat="-24.134183" lon="-49.385003"><ele>693.387</ele><time>2022-07-31T19:29:54Z</time></trkpt><trkpt lat="-24.134212" lon="-49.384962"><ele>694.581</ele><time>2022-07-31T19:29:55Z</time></trkpt><trkpt lat="-24.134246" lon="-49.384920"><ele>694.894</ele><time>2022-07-31T19:29:56Z</time></trkpt><trkpt lat="-24.134278" lon="-49.384879"><ele>695.323</ele><time>2022-07-31T19:29:57Z</time></trkpt><trkpt lat="-24.134307" lon="-49.384828"><ele>696.914</ele><time>2022-07-31T19:29:58Z</time></trkpt><trkpt lat="-24.134337" lon="-49.384772"><ele>697.841</ele><time>2022-07-31T19:29:59Z</time></trkpt><trkpt lat="-24.134405" lon="-49.384697"><ele>700.968</ele><time>2022-07-31T19:30:01Z</time></trkpt><trkpt lat="-24.134440" lon="-49.384643"><ele>701.115</ele><time>2022-07-31T19:30:02Z</time></trkpt><trkpt lat="-24.134471" lon="-49.384595"><ele>702.365</ele><time>2022-07-31T19:30:03Z</time></trkpt><trkpt lat="-24.134509" lon="-49.384540"><ele>702.911</ele><time>2022-07-31T19:30:04Z</time></trkpt><trkpt lat="-24.134575" lon="-49.384472"><ele>705.409</ele><time>2022-07-31T19:30:06Z</time></trkpt><trkpt lat="-24.134604" lon="-49.384425"><ele>707.642</ele><time>2022-07-31T19:30:07Z</time></trkpt><trkpt lat="-24.134669" lon="-49.384366"><ele>708.871</ele><time>2022-07-31T19:30:09Z</time></trkpt><trkpt lat="-24.134738" lon="-49.384304"><ele>709.930</ele><time>2022-07-31T19:30:11Z</time></trkpt><trkpt lat="-24.134763" lon="-49.384262"><ele>711.384</ele><time>2022-07-31T19:30:12Z</time></trkpt><trkpt lat="-24.134824" lon="-49.384197"><ele>712.457</ele><time>2022-07-31T19:30:14Z</time></trkpt><trkpt lat="-24.134890" lon="-49.384127"><ele>713.036</ele><time>2022-07-31T19:30:16Z</time></trkpt><trkpt lat="-24.134937" lon="-49.384103"><ele>713.557</ele><time>2022-07-31T19:30:17Z</time></trkpt><trkpt lat="-24.134977" lon="-49.384057"><ele>713.814</ele><time>2022-07-31T19:30:18Z</time></trkpt><trkpt lat="-24.135012" lon="-49.384012"><ele>714.961</ele><time>2022-07-31T19:30:19Z</time></trkpt><trkpt lat="-24.135042" lon="-49.383968"><ele>715.533</ele><time>2022-07-31T19:30:20Z</time></trkpt><trkpt lat="-24.135065" lon="-49.383901"><ele>716.223</ele><time>2022-07-31T19:30:21Z</time></trkpt><trkpt lat="-24.135099" lon="-49.383860"><ele>716.115</ele><time>2022-07-31T19:30:22Z</time></trkpt><trkpt lat="-24.135127" lon="-49.383809"><ele>716.809</ele><time>2022-07-31T19:30:23Z</time></trkpt><trkpt lat="-24.135156" lon="-49.383756"><ele>718.554</ele><time>2022-07-31T19:30:24Z</time></trkpt><trkpt lat="-24.135189" lon="-49.383717"><ele>718.753</ele><time>2022-07-31T19:30:25Z</time></trkpt><trkpt lat="-24.135218" lon="-49.383666"><ele>720.432</ele><time>2022-07-31T19:30:26Z</time></trkpt><trkpt lat="-24.135249" lon="-49.383624"><ele>721.036</ele><time>2022-07-31T19:30:27Z</time></trkpt><trkpt lat="-24.135278" lon="-49.383582"><ele>721.649</ele><time>2022-07-31T19:30:28Z</time></trkpt><trkpt lat="-24.135308" lon="-49.383539"><ele>722.068</ele><time>2022-07-31T19:30:29Z</time></trkpt><trkpt lat="-24.135332" lon="-49.383497"><ele>722.619</ele><time>2022-07-31T19:30:30Z</time></trkpt><trkpt lat="-24.135375" lon="-49.383401"><ele>724.416</ele><time>2022-07-31T19:30:32Z</time></trkpt><trkpt lat="-24.135397" lon="-49.383357"><ele>724.923</ele><time>2022-07-31T19:30:33Z</time></trkpt><trkpt lat="-24.135426" lon="-49.383255"><ele>726.743</ele><time>2022-07-31T19:30:35Z</time></trkpt><trkpt lat="-24.135437" lon="-49.383159"><ele>725.064</ele><time>2022-07-31T19:30:38Z</time></trkpt><trkpt lat="-24.135414" lon="-49.383081"><ele>725.610</ele><time>2022-07-31T19:30:40Z</time></trkpt><trkpt lat="-24.135361" lon="-49.383023"><ele>727.509</ele><time>2022-07-31T19:30:42Z</time></trkpt><trkpt lat="-24.135322" lon="-49.382996"><ele>728.125</ele><time>2022-07-31T19:30:43Z</time></trkpt><trkpt lat="-24.135237" lon="-49.382977"><ele>726.764</ele><time>2022-07-31T19:30:45Z</time></trkpt><trkpt lat="-24.135189" lon="-49.382958"><ele>727.123</ele><time>2022-07-31T19:30:46Z</time></trkpt><trkpt lat="-24.135137" lon="-49.382954"><ele>727.047</ele><time>2022-07-31T19:30:47Z</time></trkpt><trkpt lat="-24.135083" lon="-49.382949"><ele>727.120</ele><time>2022-07-31T19:30:48Z</time></trkpt><trkpt lat="-24.135030" lon="-49.382937"><ele>727.099</ele><time>2022-07-31T19:30:49Z</time></trkpt><trkpt lat="-24.134966" lon="-49.382930"><ele>727.180</ele><time>2022-07-31T19:30:50Z</time></trkpt><trkpt lat="-24.134921" lon="-49.382912"><ele>727.397</ele><time>2022-07-31T19:30:51Z</time></trkpt><trkpt lat="-24.134866" lon="-49.382892"><ele>726.844</ele><time>2022-07-31T19:30:52Z</time></trkpt><trkpt lat="-24.134803" lon="-49.382859"><ele>727.795</ele><time>2022-07-31T19:30:53Z</time></trkpt><trkpt lat="-24.134738" lon="-49.382829"><ele>727.849</ele><time>2022-07-31T19:30:54Z</time></trkpt><trkpt lat="-24.134680" lon="-49.382793"><ele>728.823</ele><time>2022-07-31T19:30:55Z</time></trkpt><trkpt lat="-24.134638" lon="-49.382748"><ele>729.409</ele><time>2022-07-31T19:30:56Z</time></trkpt><trkpt lat="-24.134597" lon="-49.382691"><ele>730.080</ele><time>2022-07-31T19:30:57Z</time></trkpt><trkpt lat="-24.134573" lon="-49.382641"><ele>729.129</ele><time>2022-07-31T19:30:58Z</time></trkpt><trkpt lat="-24.134542" lon="-49.382590"><ele>728.858</ele><time>2022-07-31T19:30:59Z</time></trkpt><trkpt lat="-24.134506" lon="-49.382536"><ele>729.872</ele><time>2022-07-31T19:31:00Z</time></trkpt><trkpt lat="-24.134478" lon="-49.382470"><ele>729.775</ele><time>2022-07-31T19:31:01Z</time></trkpt><trkpt lat="-24.134436" lon="-49.382406"><ele>731.254</ele><time>2022-07-31T19:31:02Z</time></trkpt><trkpt lat="-24.134430" lon="-49.382336"><ele>729.355</ele><time>2022-07-31T19:31:03Z</time></trkpt><trkpt lat="-24.134415" lon="-49.382279"><ele>728.862</ele><time>2022-07-31T19:31:04Z</time></trkpt><trkpt lat="-24.134401" lon="-49.382224"><ele>728.199</ele><time>2022-07-31T19:31:05Z</time></trkpt><trkpt lat="-24.134393" lon="-49.382154"><ele>727.615</ele><time>2022-07-31T19:31:06Z</time></trkpt><trkpt lat="-24.134387" lon="-49.382087"><ele>726.365</ele><time>2022-07-31T19:31:07Z</time></trkpt><trkpt lat="-24.134378" lon="-49.382018"><ele>726.911</ele><time>2022-07-31T19:31:08Z</time></trkpt><trkpt lat="-24.134370" lon="-49.381942"><ele>726.909</ele><time>2022-07-31T19:31:09Z</time></trkpt><trkpt lat="-24.134364" lon="-49.381883"><ele>726.482</ele><time>2022-07-31T19:31:10Z</time></trkpt><trkpt lat="-24.134356" lon="-49.381827"><ele>726.371</ele><time>2022-07-31T19:31:11Z</time></trkpt><trkpt lat="-24.134340" lon="-49.381769"><ele>725.980</ele><time>2022-07-31T19:31:12Z</time></trkpt><trkpt lat="-24.134329" lon="-49.381712"><ele>726.214</ele><time>2022-07-31T19:31:13Z</time></trkpt><trkpt lat="-24.134313" lon="-49.381656"><ele>726.067</ele><time>2022-07-31T19:31:14Z</time></trkpt><trkpt lat="-24.134279" lon="-49.381569"><ele>726.446</ele><time>2022-07-31T19:31:16Z</time></trkpt><trkpt lat="-24.134256" lon="-49.381518"><ele>727.397</ele><time>2022-07-31T19:31:17Z</time></trkpt><trkpt lat="-24.134226" lon="-49.381472"><ele>727.544</ele><time>2022-07-31T19:31:18Z</time></trkpt><trkpt lat="-24.134173" lon="-49.381409"><ele>726.241</ele><time>2022-07-31T19:31:20Z</time></trkpt><trkpt lat="-24.134120" lon="-49.381339"><ele>725.819</ele><time>2022-07-31T19:31:22Z</time></trkpt><trkpt lat="-24.134077" lon="-49.381310"><ele>724.609</ele><time>2022-07-31T19:31:23Z</time></trkpt><trkpt lat="-24.134023" lon="-49.381265"><ele>723.119</ele><time>2022-07-31T19:31:25Z</time></trkpt><trkpt lat="-24.133977" lon="-49.381235"><ele>722.809</ele><time>2022-07-31T19:31:26Z</time></trkpt><trkpt lat="-24.133904" lon="-49.381215"><ele>724.862</ele><time>2022-07-31T19:31:28Z</time></trkpt><trkpt lat="-24.133858" lon="-49.381193"><ele>725.091</ele><time>2022-07-31T19:31:29Z</time></trkpt><trkpt lat="-24.133802" lon="-49.381178"><ele>725.180</ele><time>2022-07-31T19:31:30Z</time></trkpt><trkpt lat="-24.133758" lon="-49.381160"><ele>723.984</ele><time>2022-07-31T19:31:31Z</time></trkpt><trkpt lat="-24.133713" lon="-49.381149"><ele>723.687</ele><time>2022-07-31T19:31:32Z</time></trkpt><trkpt lat="-24.133635" lon="-49.381121"><ele>721.746</ele><time>2022-07-31T19:31:34Z</time></trkpt><trkpt lat="-24.133583" lon="-49.381100"><ele>720.837</ele><time>2022-07-31T19:31:35Z</time></trkpt><trkpt lat="-24.133536" lon="-49.381090"><ele>719.874</ele><time>2022-07-31T19:31:36Z</time></trkpt><trkpt lat="-24.133491" lon="-49.381079"><ele>718.251</ele><time>2022-07-31T19:31:37Z</time></trkpt><trkpt lat="-24.133397" lon="-49.381056"><ele>714.413</ele><time>2022-07-31T19:31:39Z</time></trkpt><trkpt lat="-24.133346" lon="-49.381044"><ele>713.343</ele><time>2022-07-31T19:31:40Z</time></trkpt><trkpt lat="-24.133298" lon="-49.381033"><ele>712.107</ele><time>2022-07-31T19:31:41Z</time></trkpt><trkpt lat="-24.133241" lon="-49.381013"><ele>711.509</ele><time>2022-07-31T19:31:42Z</time></trkpt><trkpt lat="-24.133188" lon="-49.380995"><ele>710.492</ele><time>2022-07-31T19:31:43Z</time></trkpt><trkpt lat="-24.133138" lon="-49.380981"><ele>708.751</ele><time>2022-07-31T19:31:44Z</time></trkpt><trkpt lat="-24.133079" lon="-49.380984"><ele>706.750</ele><time>2022-07-31T19:31:45Z</time></trkpt><trkpt lat="-24.133016" lon="-49.380967"><ele>722.824</ele><time>2022-07-31T19:31:46Z</time></trkpt><trkpt lat="-24.132957" lon="-49.380945"><ele>719.977</ele><time>2022-07-31T19:31:47Z</time></trkpt><trkpt lat="-24.132910" lon="-49.380954"><ele>716.996</ele><time>2022-07-31T19:31:48Z</time></trkpt><trkpt lat="-24.132851" lon="-49.380932"><ele>714.597</ele><time>2022-07-31T19:31:49Z</time></trkpt><trkpt lat="-24.132802" lon="-49.380898"><ele>711.974</ele><time>2022-07-31T19:31:50Z</time></trkpt><trkpt lat="-24.132758" lon="-49.380867"><ele>710.541</ele><time>2022-07-31T19:31:51Z</time></trkpt><trkpt lat="-24.132701" lon="-49.380833"><ele>709.431</ele><time>2022-07-31T19:31:52Z</time></trkpt><trkpt lat="-24.132637" lon="-49.380796"><ele>708.561</ele><time>2022-07-31T19:31:53Z</time></trkpt><trkpt lat="-24.132586" lon="-49.380772"><ele>707.807</ele><time>2022-07-31T19:31:54Z</time></trkpt><trkpt lat="-24.132529" lon="-49.380742"><ele>707.409</ele><time>2022-07-31T19:31:55Z</time></trkpt><trkpt lat="-24.132460" lon="-49.380715"><ele>706.674</ele><time>2022-07-31T19:31:56Z</time></trkpt><trkpt lat="-24.132395" lon="-49.380703"><ele>707.913</ele><time>2022-07-31T19:31:57Z</time></trkpt><trkpt lat="-24.132326" lon="-49.380702"><ele>707.292</ele><time>2022-07-31T19:31:58Z</time></trkpt><trkpt lat="-24.132264" lon="-49.380710"><ele>707.316</ele><time>2022-07-31T19:31:59Z</time></trkpt><trkpt lat="-24.132206" lon="-49.380727"><ele>707.439</ele><time>2022-07-31T19:32:00Z</time></trkpt><trkpt lat="-24.132163" lon="-49.380774"><ele>706.698</ele><time>2022-07-31T19:32:01Z</time></trkpt><trkpt lat="-24.132114" lon="-49.380819"><ele>705.619</ele><time>2022-07-31T19:32:02Z</time></trkpt><trkpt lat="-24.132064" lon="-49.380868"><ele>707.316</ele><time>2022-07-31T19:32:03Z</time></trkpt><trkpt lat="-24.132013" lon="-49.380904"><ele>709.063</ele><time>2022-07-31T19:32:04Z</time></trkpt><trkpt lat="-24.131968" lon="-49.380950"><ele>710.028</ele><time>2022-07-31T19:32:05Z</time></trkpt><trkpt lat="-24.131919" lon="-49.381006"><ele>710.189</ele><time>2022-07-31T19:32:06Z</time></trkpt><trkpt lat="-24.131843" lon="-49.381080"><ele>709.017</ele><time>2022-07-31T19:32:08Z</time></trkpt><trkpt lat="-24.131807" lon="-49.381126"><ele>707.809</ele><time>2022-07-31T19:32:09Z</time></trkpt><trkpt lat="-24.131749" lon="-49.381160"><ele>707.263</ele><time>2022-07-31T19:32:10Z</time></trkpt><trkpt lat="-24.131699" lon="-49.381203"><ele>706.992</ele><time>2022-07-31T19:32:11Z</time></trkpt><trkpt lat="-24.131652" lon="-49.381251"><ele>707.671</ele><time>2022-07-31T19:32:12Z</time></trkpt><trkpt lat="-24.131603" lon="-49.381290"><ele>707.575</ele><time>2022-07-31T19:32:13Z</time></trkpt><trkpt lat="-24.131551" lon="-49.381329"><ele>707.798</ele><time>2022-07-31T19:32:14Z</time></trkpt><trkpt lat="-24.131500" lon="-49.381367"><ele>708.157</ele><time>2022-07-31T19:32:15Z</time></trkpt><trkpt lat="-24.131437" lon="-49.381405"><ele>709.068</ele><time>2022-07-31T19:32:16Z</time></trkpt><trkpt lat="-24.131384" lon="-49.381442"><ele>708.535</ele><time>2022-07-31T19:32:17Z</time></trkpt><trkpt lat="-24.131328" lon="-49.381475"><ele>708.342</ele><time>2022-07-31T19:32:18Z</time></trkpt><trkpt lat="-24.131280" lon="-49.381511"><ele>708.835</ele><time>2022-07-31T19:32:19Z</time></trkpt><trkpt lat="-24.131226" lon="-49.381545"><ele>708.986</ele><time>2022-07-31T19:32:20Z</time></trkpt><trkpt lat="-24.131165" lon="-49.381571"><ele>708.814</ele><time>2022-07-31T19:32:21Z</time></trkpt><trkpt lat="-24.131106" lon="-49.381599"><ele>707.709</ele><time>2022-07-31T19:32:22Z</time></trkpt><trkpt lat="-24.131052" lon="-49.381635"><ele>707.174</ele><time>2022-07-31T19:32:23Z</time></trkpt><trkpt lat="-24.130998" lon="-49.381682"><ele>706.933</ele><time>2022-07-31T19:32:24Z</time></trkpt><trkpt lat="-24.130948" lon="-49.381724"><ele>705.712</ele><time>2022-07-31T19:32:25Z</time></trkpt><trkpt lat="-24.130887" lon="-49.381752"><ele>703.816</ele><time>2022-07-31T19:32:26Z</time></trkpt><trkpt lat="-24.130827" lon="-49.381781"><ele>703.769</ele><time>2022-07-31T19:32:27Z</time></trkpt><trkpt lat="-24.130769" lon="-49.381806"><ele>703.888</ele><time>2022-07-31T19:32:28Z</time></trkpt><trkpt lat="-24.130702" lon="-49.381819"><ele>703.679</ele><time>2022-07-31T19:32:29Z</time></trkpt><trkpt lat="-24.130642" lon="-49.381818"><ele>702.056</ele><time>2022-07-31T19:32:30Z</time></trkpt><trkpt lat="-24.130579" lon="-49.381832"><ele>702.943</ele><time>2022-07-31T19:32:31Z</time></trkpt><trkpt lat="-24.130522" lon="-49.381836"><ele>703.157</ele><time>2022-07-31T19:32:32Z</time></trkpt><trkpt lat="-24.130474" lon="-49.381827"><ele>704.800</ele><time>2022-07-31T19:32:33Z</time></trkpt><trkpt lat="-24.130423" lon="-49.381828"><ele>705.420</ele><time>2022-07-31T19:32:34Z</time></trkpt><trkpt lat="-24.130372" lon="-49.381836"><ele>707.009</ele><time>2022-07-31T19:32:35Z</time></trkpt><trkpt lat="-24.130326" lon="-49.381820"><ele>707.936</ele><time>2022-07-31T19:32:36Z</time></trkpt><trkpt lat="-24.130280" lon="-49.381827"><ele>707.725</ele><time>2022-07-31T19:32:37Z</time></trkpt><trkpt lat="-24.130227" lon="-49.381836"><ele>707.844</ele><time>2022-07-31T19:32:38Z</time></trkpt><trkpt lat="-24.130163" lon="-49.381835"><ele>708.168</ele><time>2022-07-31T19:32:39Z</time></trkpt><trkpt lat="-24.130097" lon="-49.381843"><ele>709.591</ele><time>2022-07-31T19:32:40Z</time></trkpt><trkpt lat="-24.130030" lon="-49.381847"><ele>710.510</ele><time>2022-07-31T19:32:41Z</time></trkpt><trkpt lat="-24.129969" lon="-49.381854"><ele>711.931</ele><time>2022-07-31T19:32:42Z</time></trkpt><trkpt lat="-24.129902" lon="-49.381861"><ele>713.288</ele><time>2022-07-31T19:32:43Z</time></trkpt><trkpt lat="-24.129837" lon="-49.381861"><ele>713.145</ele><time>2022-07-31T19:32:44Z</time></trkpt><trkpt lat="-24.129776" lon="-49.381856"><ele>713.541</ele><time>2022-07-31T19:32:45Z</time></trkpt><trkpt lat="-24.129720" lon="-49.381863"><ele>712.381</ele><time>2022-07-31T19:32:46Z</time></trkpt><trkpt lat="-24.129668" lon="-49.381835"><ele>711.609</ele><time>2022-07-31T19:32:47Z</time></trkpt><trkpt lat="-24.129603" lon="-49.381840"><ele>711.609</ele><time>2022-07-31T19:32:48Z</time></trkpt><trkpt lat="-24.129534" lon="-49.381845"><ele>711.365</ele><time>2022-07-31T19:32:49Z</time></trkpt><trkpt lat="-24.129460" lon="-49.381846"><ele>709.434</ele><time>2022-07-31T19:32:50Z</time></trkpt><trkpt lat="-24.129390" lon="-49.381854"><ele>708.763</ele><time>2022-07-31T19:32:51Z</time></trkpt><trkpt lat="-24.129322" lon="-49.381863"><ele>709.077</ele><time>2022-07-31T19:32:52Z</time></trkpt><trkpt lat="-24.129253" lon="-49.381871"><ele>708.830</ele><time>2022-07-31T19:32:53Z</time></trkpt><trkpt lat="-24.129183" lon="-49.381885"><ele>708.049</ele><time>2022-07-31T19:32:54Z</time></trkpt><trkpt lat="-24.129111" lon="-49.381914"><ele>707.910</ele><time>2022-07-31T19:32:55Z</time></trkpt><trkpt lat="-24.129045" lon="-49.381926"><ele>708.167</ele><time>2022-07-31T19:32:56Z</time></trkpt><trkpt lat="-24.128985" lon="-49.381932"><ele>708.154</ele><time>2022-07-31T19:32:57Z</time></trkpt><trkpt lat="-24.128924" lon="-49.381932"><ele>708.798</ele><time>2022-07-31T19:32:58Z</time></trkpt><trkpt lat="-24.128867" lon="-49.381945"><ele>709.715</ele><time>2022-07-31T19:32:59Z</time></trkpt><trkpt lat="-24.128809" lon="-49.381950"><ele>710.226</ele><time>2022-07-31T19:33:00Z</time></trkpt><trkpt lat="-24.128752" lon="-49.381953"><ele>710.609</ele><time>2022-07-31T19:33:01Z</time></trkpt><trkpt lat="-24.128695" lon="-49.381960"><ele>710.130</ele><time>2022-07-31T19:33:02Z</time></trkpt><trkpt lat="-24.128635" lon="-49.381965"><ele>709.689</ele><time>2022-07-31T19:33:03Z</time></trkpt><trkpt lat="-24.128579" lon="-49.381964"><ele>709.298</ele><time>2022-07-31T19:33:04Z</time></trkpt><trkpt lat="-24.128532" lon="-49.381961"><ele>708.382</ele><time>2022-07-31T19:33:05Z</time></trkpt><trkpt lat="-24.128483" lon="-49.381979"><ele>709.525</ele><time>2022-07-31T19:33:06Z</time></trkpt><trkpt lat="-24.128432" lon="-49.381995"><ele>709.844</ele><time>2022-07-31T19:33:07Z</time></trkpt><trkpt lat="-24.128340" lon="-49.382002"><ele>709.785</ele><time>2022-07-31T19:33:09Z</time></trkpt><trkpt lat="-24.128275" lon="-49.382006"><ele>708.732</ele><time>2022-07-31T19:33:11Z</time></trkpt><trkpt lat="-24.128229" lon="-49.382001"><ele>707.519</ele><time>2022-07-31T19:33:12Z</time></trkpt><trkpt lat="-24.128140" lon="-49.382028"><ele>711.589</ele><time>2022-07-31T19:33:14Z</time></trkpt><trkpt lat="-24.128087" lon="-49.382057"><ele>712.506</ele><time>2022-07-31T19:33:15Z</time></trkpt><trkpt lat="-24.128032" lon="-49.382079"><ele>712.526</ele><time>2022-07-31T19:33:16Z</time></trkpt><trkpt lat="-24.127964" lon="-49.382112"><ele>713.809</ele><time>2022-07-31T19:33:17Z</time></trkpt><trkpt lat="-24.127901" lon="-49.382117"><ele>714.689</ele><time>2022-07-31T19:33:18Z</time></trkpt><trkpt lat="-24.127851" lon="-49.382123"><ele>713.518</ele><time>2022-07-31T19:33:19Z</time></trkpt><trkpt lat="-24.127806" lon="-49.382131"><ele>713.357</ele><time>2022-07-31T19:33:20Z</time></trkpt><trkpt lat="-24.127745" lon="-49.382134"><ele>713.641</ele><time>2022-07-31T19:33:21Z</time></trkpt><trkpt lat="-24.127652" lon="-49.382176"><ele>723.094</ele><time>2022-07-31T19:33:23Z</time></trkpt><trkpt lat="-24.127586" lon="-49.382193"><ele>721.793</ele><time>2022-07-31T19:33:24Z</time></trkpt><trkpt lat="-24.127489" lon="-49.382218"><ele>722.224</ele><time>2022-07-31T19:33:26Z</time></trkpt><trkpt lat="-24.127444" lon="-49.382236"><ele>723.361</ele><time>2022-07-31T19:33:27Z</time></trkpt><trkpt lat="-24.127403" lon="-49.382258"><ele>724.548</ele><time>2022-07-31T19:33:28Z</time></trkpt><trkpt lat="-24.127346" lon="-49.382277"><ele>723.733</ele><time>2022-07-31T19:33:29Z</time></trkpt><trkpt lat="-24.127294" lon="-49.382302"><ele>724.123</ele><time>2022-07-31T19:33:30Z</time></trkpt><trkpt lat="-24.127244" lon="-49.382327"><ele>724.215</ele><time>2022-07-31T19:33:31Z</time></trkpt><trkpt lat="-24.127187" lon="-49.382356"><ele>725.509</ele><time>2022-07-31T19:33:32Z</time></trkpt><trkpt lat="-24.127138" lon="-49.382385"><ele>728.074</ele><time>2022-07-31T19:33:33Z</time></trkpt><trkpt lat="-24.127038" lon="-49.382428"><ele>731.893</ele><time>2022-07-31T19:33:35Z</time></trkpt><trkpt lat="-24.126979" lon="-49.382462"><ele>731.712</ele><time>2022-07-31T19:33:36Z</time></trkpt><trkpt lat="-24.126922" lon="-49.382491"><ele>731.936</ele><time>2022-07-31T19:33:37Z</time></trkpt><trkpt lat="-24.126839" lon="-49.382509"><ele>734.569</ele><time>2022-07-31T19:33:39Z</time></trkpt><trkpt lat="-24.126737" lon="-49.382523"><ele>732.938</ele><time>2022-07-31T19:33:41Z</time></trkpt><trkpt lat="-24.126673" lon="-49.382520"><ele>732.219</ele><time>2022-07-31T19:33:42Z</time></trkpt><trkpt lat="-24.126610" lon="-49.382492"><ele>732.656</ele><time>2022-07-31T19:33:43Z</time></trkpt><trkpt lat="-24.126580" lon="-49.382441"><ele>732.473</ele><time>2022-07-31T19:33:44Z</time></trkpt><trkpt lat="-24.126531" lon="-49.382410"><ele>732.574</ele><time>2022-07-31T19:33:45Z</time></trkpt><trkpt lat="-24.126480" lon="-49.382361"><ele>731.656</ele><time>2022-07-31T19:33:46Z</time></trkpt><trkpt lat="-24.126436" lon="-49.382308"><ele>732.421</ele><time>2022-07-31T19:33:47Z</time></trkpt><trkpt lat="-24.126400" lon="-49.382246"><ele>734.809</ele><time>2022-07-31T19:33:48Z</time></trkpt><trkpt lat="-24.126373" lon="-49.382204"><ele>733.268</ele><time>2022-07-31T19:33:49Z</time></trkpt><trkpt lat="-24.126346" lon="-49.382148"><ele>735.627</ele><time>2022-07-31T19:33:50Z</time></trkpt><trkpt lat="-24.126316" lon="-49.382088"><ele>734.996</ele><time>2022-07-31T19:33:51Z</time></trkpt><trkpt lat="-24.126285" lon="-49.382021"><ele>735.230</ele><time>2022-07-31T19:33:52Z</time></trkpt><trkpt lat="-24.126269" lon="-49.381960"><ele>736.093</ele><time>2022-07-31T19:33:53Z</time></trkpt><trkpt lat="-24.126240" lon="-49.381909"><ele>735.912</ele><time>2022-07-31T19:33:54Z</time></trkpt><trkpt lat="-24.126208" lon="-49.381841"><ele>735.553</ele><time>2022-07-31T19:33:55Z</time></trkpt><trkpt lat="-24.126186" lon="-49.381774"><ele>713.910</ele><time>2022-07-31T19:33:56Z</time></trkpt><trkpt lat="-24.126166" lon="-49.381715"><ele>694.897</ele><time>2022-07-31T19:33:57Z</time></trkpt><trkpt lat="-24.126145" lon="-49.381648"><ele>685.568</ele><time>2022-07-31T19:33:58Z</time></trkpt><trkpt lat="-24.126122" lon="-49.381568"><ele>694.042</ele><time>2022-07-31T19:33:59Z</time></trkpt><trkpt lat="-24.126087" lon="-49.381496"><ele>699.226</ele><time>2022-07-31T19:34:00Z</time></trkpt><trkpt lat="-24.126059" lon="-49.381433"><ele>707.209</ele><time>2022-07-31T19:34:01Z</time></trkpt><trkpt lat="-24.126034" lon="-49.381375"><ele>714.517</ele><time>2022-07-31T19:34:02Z</time></trkpt><trkpt lat="-24.125983" lon="-49.381285"><ele>719.826</ele><time>2022-07-31T19:34:04Z</time></trkpt><trkpt lat="-24.125978" lon="-49.381213"><ele>721.975</ele><time>2022-07-31T19:34:05Z</time></trkpt><trkpt lat="-24.125941" lon="-49.381137"><ele>725.389</ele><time>2022-07-31T19:34:06Z</time></trkpt><trkpt lat="-24.125918" lon="-49.381085"><ele>707.682</ele><time>2022-07-31T19:34:07Z</time></trkpt><trkpt lat="-24.125888" lon="-49.381009"><ele>704.851</ele><time>2022-07-31T19:34:08Z</time></trkpt><trkpt lat="-24.125861" lon="-49.380937"><ele>712.612</ele><time>2022-07-31T19:34:09Z</time></trkpt><trkpt lat="-24.125837" lon="-49.380874"><ele>727.189</ele><time>2022-07-31T19:34:10Z</time></trkpt><trkpt lat="-24.125811" lon="-49.380810"><ele>727.656</ele><time>2022-07-31T19:34:11Z</time></trkpt><trkpt lat="-24.125782" lon="-49.380742"><ele>728.283</ele><time>2022-07-31T19:34:12Z</time></trkpt><trkpt lat="-24.125756" lon="-49.380675"><ele>730.025</ele><time>2022-07-31T19:34:13Z</time></trkpt><trkpt lat="-24.125732" lon="-49.380631"><ele>729.917</ele><time>2022-07-31T19:34:14Z</time></trkpt><trkpt lat="-24.125704" lon="-49.380557"><ele>730.409</ele><time>2022-07-31T19:34:15Z</time></trkpt><trkpt lat="-24.125670" lon="-49.380437"><ele>700.359</ele><time>2022-07-31T19:34:17Z</time></trkpt><trkpt lat="-24.125645" lon="-49.380339"><ele>713.068</ele><time>2022-07-31T19:34:19Z</time></trkpt><trkpt lat="-24.125620" lon="-49.380250"><ele>721.757</ele><time>2022-07-31T19:34:21Z</time></trkpt><trkpt lat="-24.125596" lon="-49.380195"><ele>724.451</ele><time>2022-07-31T19:34:22Z</time></trkpt><trkpt lat="-24.125574" lon="-49.380136"><ele>725.784</ele><time>2022-07-31T19:34:23Z</time></trkpt><trkpt lat="-24.125556" lon="-49.380055"><ele>700.483</ele><time>2022-07-31T19:34:24Z</time></trkpt><trkpt lat="-24.125528" lon="-49.379980"><ele>706.594</ele><time>2022-07-31T19:34:25Z</time></trkpt><trkpt lat="-24.125498" lon="-49.379918"><ele>711.281</ele><time>2022-07-31T19:34:26Z</time></trkpt><trkpt lat="-24.125447" lon="-49.379789"><ele>720.098</ele><time>2022-07-31T19:34:28Z</time></trkpt><trkpt lat="-24.125419" lon="-49.379725"><ele>722.587</ele><time>2022-07-31T19:34:29Z</time></trkpt><trkpt lat="-24.125391" lon="-49.379655"><ele>723.442</ele><time>2022-07-31T19:34:30Z</time></trkpt><trkpt lat="-24.125374" lon="-49.379595"><ele>724.226</ele><time>2022-07-31T19:34:31Z</time></trkpt><trkpt lat="-24.125357" lon="-49.379529"><ele>725.509</ele><time>2022-07-31T19:34:32Z</time></trkpt><trkpt lat="-24.125324" lon="-49.379459"><ele>728.049</ele><time>2022-07-31T19:34:33Z</time></trkpt><trkpt lat="-24.125293" lon="-49.379381"><ele>730.578</ele><time>2022-07-31T19:34:34Z</time></trkpt><trkpt lat="-24.125262" lon="-49.379313"><ele>731.217</ele><time>2022-07-31T19:34:35Z</time></trkpt><trkpt lat="-24.125231" lon="-49.379252"><ele>732.011</ele><time>2022-07-31T19:34:36Z</time></trkpt><trkpt lat="-24.125192" lon="-49.379186"><ele>729.254</ele><time>2022-07-31T19:34:37Z</time></trkpt><trkpt lat="-24.125154" lon="-49.379132"><ele>729.743</ele><time>2022-07-31T19:34:38Z</time></trkpt><trkpt lat="-24.125119" lon="-49.379071"><ele>729.034</ele><time>2022-07-31T19:34:39Z</time></trkpt><trkpt lat="-24.125078" lon="-49.379016"><ele>727.481</ele><time>2022-07-31T19:34:40Z</time></trkpt><trkpt lat="-24.125037" lon="-49.378961"><ele>725.918</ele><time>2022-07-31T19:34:41Z</time></trkpt><trkpt lat="-24.124995" lon="-49.378911"><ele>725.991</ele><time>2022-07-31T19:34:42Z</time></trkpt><trkpt lat="-24.124940" lon="-49.378852"><ele>726.381</ele><time>2022-07-31T19:34:43Z</time></trkpt><trkpt lat="-24.124888" lon="-49.378794"><ele>724.719</ele><time>2022-07-31T19:34:44Z</time></trkpt><trkpt lat="-24.124856" lon="-49.378732"><ele>722.809</ele><time>2022-07-31T19:34:45Z</time></trkpt><trkpt lat="-24.124807" lon="-49.378668"><ele>722.220</ele><time>2022-07-31T19:34:46Z</time></trkpt><trkpt lat="-24.124748" lon="-49.378612"><ele>722.019</ele><time>2022-07-31T19:34:47Z</time></trkpt><trkpt lat="-24.124705" lon="-49.378551"><ele>721.318</ele><time>2022-07-31T19:34:48Z</time></trkpt><trkpt lat="-24.124671" lon="-49.378488"><ele>719.252</ele><time>2022-07-31T19:34:49Z</time></trkpt><trkpt lat="-24.124632" lon="-49.378437"><ele>718.695</ele><time>2022-07-31T19:34:50Z</time></trkpt><trkpt lat="-24.124612" lon="-49.378383"><ele>717.384</ele><time>2022-07-31T19:34:51Z</time></trkpt><trkpt lat="-24.124573" lon="-49.378318"><ele>716.375</ele><time>2022-07-31T19:34:52Z</time></trkpt><trkpt lat="-24.124536" lon="-49.378252"><ele>715.972</ele><time>2022-07-31T19:34:53Z</time></trkpt><trkpt lat="-24.124503" lon="-49.378177"><ele>715.539</ele><time>2022-07-31T19:34:54Z</time></trkpt><trkpt lat="-24.124487" lon="-49.378107"><ele>715.573</ele><time>2022-07-31T19:34:55Z</time></trkpt><trkpt lat="-24.124475" lon="-49.378049"><ele>712.885</ele><time>2022-07-31T19:34:56Z</time></trkpt><trkpt lat="-24.124447" lon="-49.377962"><ele>711.013</ele><time>2022-07-31T19:34:57Z</time></trkpt><trkpt lat="-24.124433" lon="-49.377882"><ele>710.109</ele><time>2022-07-31T19:34:58Z</time></trkpt><trkpt lat="-24.124447" lon="-49.377823"><ele>705.858</ele><time>2022-07-31T19:34:59Z</time></trkpt><trkpt lat="-24.124433" lon="-49.377754"><ele>706.897</ele><time>2022-07-31T19:35:00Z</time></trkpt><trkpt lat="-24.124417" lon="-49.377646"><ele>705.796</ele><time>2022-07-31T19:35:01Z</time></trkpt><trkpt lat="-24.124407" lon="-49.377539"><ele>703.840</ele><time>2022-07-31T19:35:02Z</time></trkpt><trkpt lat="-24.124401" lon="-49.377442"><ele>703.693</ele><time>2022-07-31T19:35:03Z</time></trkpt><trkpt lat="-24.124381" lon="-49.377353"><ele>703.272</ele><time>2022-07-31T19:35:04Z</time></trkpt><trkpt lat="-24.124375" lon="-49.377264"><ele>702.983</ele><time>2022-07-31T19:35:05Z</time></trkpt><trkpt lat="-24.124372" lon="-49.377173"><ele>699.630</ele><time>2022-07-31T19:35:06Z</time></trkpt><trkpt lat="-24.124365" lon="-49.377079"><ele>693.277</ele><time>2022-07-31T19:35:07Z</time></trkpt><trkpt lat="-24.124340" lon="-49.377002"><ele>695.371</ele><time>2022-07-31T19:35:08Z</time></trkpt><trkpt lat="-24.124340" lon="-49.376928"><ele>694.541</ele><time>2022-07-31T19:35:09Z</time></trkpt><trkpt lat="-24.124332" lon="-49.376852"><ele>692.915</ele><time>2022-07-31T19:35:10Z</time></trkpt><trkpt lat="-24.124320" lon="-49.376767"><ele>693.009</ele><time>2022-07-31T19:35:11Z</time></trkpt><trkpt lat="-24.124295" lon="-49.376682"><ele>692.378</ele><time>2022-07-31T19:35:12Z</time></trkpt><trkpt lat="-24.124289" lon="-49.376602"><ele>692.347</ele><time>2022-07-31T19:35:13Z</time></trkpt><trkpt lat="-24.124282" lon="-49.376510"><ele>691.566</ele><time>2022-07-31T19:35:14Z</time></trkpt><trkpt lat="-24.124276" lon="-49.376431"><ele>693.260</ele><time>2022-07-31T19:35:15Z</time></trkpt><trkpt lat="-24.124258" lon="-49.376363"><ele>691.563</ele><time>2022-07-31T19:35:16Z</time></trkpt><trkpt lat="-24.124239" lon="-49.376294"><ele>691.542</ele><time>2022-07-31T19:35:17Z</time></trkpt><trkpt lat="-24.124226" lon="-49.376218"><ele>693.233</ele><time>2022-07-31T19:35:18Z</time></trkpt><trkpt lat="-24.124201" lon="-49.376147"><ele>693.980</ele><time>2022-07-31T19:35:19Z</time></trkpt><trkpt lat="-24.124185" lon="-49.376086"><ele>693.977</ele><time>2022-07-31T19:35:20Z</time></trkpt><trkpt lat="-24.124162" lon="-49.376031"><ele>693.925</ele><time>2022-07-31T19:35:21Z</time></trkpt><trkpt lat="-24.124135" lon="-49.375967"><ele>693.326</ele><time>2022-07-31T19:35:22Z</time></trkpt><trkpt lat="-24.124097" lon="-49.375905"><ele>693.608</ele><time>2022-07-31T19:35:23Z</time></trkpt><trkpt lat="-24.124058" lon="-49.375853"><ele>693.909</ele><time>2022-07-31T19:35:24Z</time></trkpt><trkpt lat="-24.124014" lon="-49.375803"><ele>694.453</ele><time>2022-07-31T19:35:25Z</time></trkpt><trkpt lat="-24.123974" lon="-49.375754"><ele>695.132</ele><time>2022-07-31T19:35:26Z</time></trkpt><trkpt lat="-24.123921" lon="-49.375704"><ele>696.821</ele><time>2022-07-31T19:35:27Z</time></trkpt><trkpt lat="-24.123871" lon="-49.375675"><ele>697.635</ele><time>2022-07-31T19:35:28Z</time></trkpt><trkpt lat="-24.123828" lon="-49.375637"><ele>698.018</ele><time>2022-07-31T19:35:29Z</time></trkpt><trkpt lat="-24.123770" lon="-49.375602"><ele>699.067</ele><time>2022-07-31T19:35:30Z</time></trkpt><trkpt lat="-24.123706" lon="-49.375582"><ele>699.588</ele><time>2022-07-31T19:35:31Z</time></trkpt><trkpt lat="-24.123637" lon="-49.375564"><ele>699.625</ele><time>2022-07-31T19:35:32Z</time></trkpt><trkpt lat="-24.123569" lon="-49.375544"><ele>700.882</ele><time>2022-07-31T19:35:33Z</time></trkpt><trkpt lat="-24.123509" lon="-49.375527"><ele>700.092</ele><time>2022-07-31T19:35:34Z</time></trkpt><trkpt lat="-24.123443" lon="-49.375502"><ele>700.173</ele><time>2022-07-31T19:35:35Z</time></trkpt><trkpt lat="-24.123385" lon="-49.375479"><ele>699.420</ele><time>2022-07-31T19:35:36Z</time></trkpt><trkpt lat="-24.123320" lon="-49.375459"><ele>699.209</ele><time>2022-07-31T19:35:37Z</time></trkpt><trkpt lat="-24.123267" lon="-49.375430"><ele>699.040</ele><time>2022-07-31T19:35:38Z</time></trkpt><trkpt lat="-24.123208" lon="-49.375404"><ele>698.259</ele><time>2022-07-31T19:35:39Z</time></trkpt><trkpt lat="-24.123149" lon="-49.375373"><ele>698.558</ele><time>2022-07-31T19:35:40Z</time></trkpt><trkpt lat="-24.123091" lon="-49.375340"><ele>683.432</ele><time>2022-07-31T19:35:41Z</time></trkpt><trkpt lat="-24.123032" lon="-49.375304"><ele>689.215</ele><time>2022-07-31T19:35:42Z</time></trkpt><trkpt lat="-24.122983" lon="-49.375257"><ele>692.584</ele><time>2022-07-31T19:35:43Z</time></trkpt><trkpt lat="-24.122940" lon="-49.375215"><ele>694.395</ele><time>2022-07-31T19:35:44Z</time></trkpt><trkpt lat="-24.122894" lon="-49.375174"><ele>695.432</ele><time>2022-07-31T19:35:45Z</time></trkpt><trkpt lat="-24.122844" lon="-49.375128"><ele>695.189</ele><time>2022-07-31T19:35:46Z</time></trkpt><trkpt lat="-24.122802" lon="-49.375082"><ele>695.486</ele><time>2022-07-31T19:35:47Z</time></trkpt><trkpt lat="-24.122769" lon="-49.375029"><ele>696.760</ele><time>2022-07-31T19:35:48Z</time></trkpt><trkpt lat="-24.122735" lon="-49.374979"><ele>715.926</ele><time>2022-07-31T19:35:49Z</time></trkpt><trkpt lat="-24.122709" lon="-49.374928"><ele>712.009</ele><time>2022-07-31T19:35:50Z</time></trkpt><trkpt lat="-24.122677" lon="-49.374876"><ele>707.259</ele><time>2022-07-31T19:35:51Z</time></trkpt><trkpt lat="-24.122646" lon="-49.374818"><ele>704.248</ele><time>2022-07-31T19:35:52Z</time></trkpt><trkpt lat="-24.122620" lon="-49.374756"><ele>703.397</ele><time>2022-07-31T19:35:53Z</time></trkpt><trkpt lat="-24.122598" lon="-49.374697"><ele>702.421</ele><time>2022-07-31T19:35:54Z</time></trkpt><trkpt lat="-24.122585" lon="-49.374626"><ele>701.334</ele><time>2022-07-31T19:35:55Z</time></trkpt><trkpt lat="-24.122577" lon="-49.374543"><ele>700.723</ele><time>2022-07-31T19:35:56Z</time></trkpt><trkpt lat="-24.122556" lon="-49.374473"><ele>702.174</ele><time>2022-07-31T19:35:57Z</time></trkpt><trkpt lat="-24.122533" lon="-49.374401"><ele>700.621</ele><time>2022-07-31T19:35:58Z</time></trkpt><trkpt lat="-24.122520" lon="-49.374318"><ele>699.448</ele><time>2022-07-31T19:35:59Z</time></trkpt><trkpt lat="-24.122501" lon="-49.374255"><ele>700.185</ele><time>2022-07-31T19:36:00Z</time></trkpt><trkpt lat="-24.122483" lon="-49.374186"><ele>700.389</ele><time>2022-07-31T19:36:01Z</time></trkpt><trkpt lat="-24.122454" lon="-49.374129"><ele>700.117</ele><time>2022-07-31T19:36:02Z</time></trkpt><trkpt lat="-24.122442" lon="-49.374071"><ele>697.209</ele><time>2022-07-31T19:36:03Z</time></trkpt><trkpt lat="-24.122412" lon="-49.374004"><ele>697.159</ele><time>2022-07-31T19:36:04Z</time></trkpt><trkpt lat="-24.122362" lon="-49.373945"><ele>696.888</ele><time>2022-07-31T19:36:05Z</time></trkpt><trkpt lat="-24.122318" lon="-49.373878"><ele>698.067</ele><time>2022-07-31T19:36:06Z</time></trkpt><trkpt lat="-24.122267" lon="-49.373803"><ele>697.161</ele><time>2022-07-31T19:36:07Z</time></trkpt><trkpt lat="-24.122221" lon="-49.373742"><ele>696.584</ele><time>2022-07-31T19:36:08Z</time></trkpt><trkpt lat="-24.122177" lon="-49.373673"><ele>697.393</ele><time>2022-07-31T19:36:09Z</time></trkpt><trkpt lat="-24.122138" lon="-49.373602"><ele>697.664</ele><time>2022-07-31T19:36:10Z</time></trkpt><trkpt lat="-24.122103" lon="-49.373523"><ele>698.351</ele><time>2022-07-31T19:36:11Z</time></trkpt><trkpt lat="-24.122066" lon="-49.373449"><ele>697.698</ele><time>2022-07-31T19:36:12Z</time></trkpt><trkpt lat="-24.122040" lon="-49.373367"><ele>698.371</ele><time>2022-07-31T19:36:13Z</time></trkpt><trkpt lat="-24.121991" lon="-49.373283"><ele>697.541</ele><time>2022-07-31T19:36:14Z</time></trkpt><trkpt lat="-24.121960" lon="-49.373209"><ele>696.615</ele><time>2022-07-31T19:36:15Z</time></trkpt><trkpt lat="-24.121924" lon="-49.373131"><ele>696.709</ele><time>2022-07-31T19:36:16Z</time></trkpt><trkpt lat="-24.121878" lon="-49.373050"><ele>696.138</ele><time>2022-07-31T19:36:17Z</time></trkpt><trkpt lat="-24.121839" lon="-49.372975"><ele>696.067</ele><time>2022-07-31T19:36:18Z</time></trkpt><trkpt lat="-24.121794" lon="-49.372885"><ele>696.096</ele><time>2022-07-31T19:36:19Z</time></trkpt><trkpt lat="-24.121776" lon="-49.372789"><ele>694.090</ele><time>2022-07-31T19:36:20Z</time></trkpt><trkpt lat="-24.121725" lon="-49.372707"><ele>693.893</ele><time>2022-07-31T19:36:21Z</time></trkpt><trkpt lat="-24.121685" lon="-49.372634"><ele>693.262</ele><time>2022-07-31T19:36:22Z</time></trkpt><trkpt lat="-24.121649" lon="-49.372558"><ele>692.513</ele><time>2022-07-31T19:36:23Z</time></trkpt><trkpt lat="-24.121611" lon="-49.372486"><ele>691.820</ele><time>2022-07-31T19:36:24Z</time></trkpt><trkpt lat="-24.121570" lon="-49.372401"><ele>691.787</ele><time>2022-07-31T19:36:25Z</time></trkpt><trkpt lat="-24.121588" lon="-49.372290"><ele>685.631</ele><time>2022-07-31T19:36:26Z</time></trkpt><trkpt lat="-24.121560" lon="-49.372217"><ele>686.161</ele><time>2022-07-31T19:36:27Z</time></trkpt><trkpt lat="-24.121545" lon="-49.372147"><ele>686.907</ele><time>2022-07-31T19:36:28Z</time></trkpt><trkpt lat="-24.121526" lon="-49.372069"><ele>685.809</ele><time>2022-07-31T19:36:29Z</time></trkpt><trkpt lat="-24.121519" lon="-49.371988"><ele>686.254</ele><time>2022-07-31T19:36:30Z</time></trkpt><trkpt lat="-24.121524" lon="-49.371913"><ele>686.343</ele><time>2022-07-31T19:36:31Z</time></trkpt><trkpt lat="-24.121530" lon="-49.371842"><ele>687.312</ele><time>2022-07-31T19:36:32Z</time></trkpt><trkpt lat="-24.121539" lon="-49.371766"><ele>688.326</ele><time>2022-07-31T19:36:33Z</time></trkpt><trkpt lat="-24.121559" lon="-49.371694"><ele>689.459</ele><time>2022-07-31T19:36:34Z</time></trkpt><trkpt lat="-24.121576" lon="-49.371618"><ele>690.498</ele><time>2022-07-31T19:36:35Z</time></trkpt><trkpt lat="-24.121603" lon="-49.371538"><ele>691.119</ele><time>2022-07-31T19:36:36Z</time></trkpt><trkpt lat="-24.121629" lon="-49.371456"><ele>691.826</ele><time>2022-07-31T19:36:37Z</time></trkpt><trkpt lat="-24.121656" lon="-49.371375"><ele>692.263</ele><time>2022-07-31T19:36:38Z</time></trkpt><trkpt lat="-24.121679" lon="-49.371297"><ele>693.835</ele><time>2022-07-31T19:36:39Z</time></trkpt><trkpt lat="-24.121700" lon="-49.371203"><ele>694.686</ele><time>2022-07-31T19:36:40Z</time></trkpt><trkpt lat="-24.121716" lon="-49.371124"><ele>693.414</ele><time>2022-07-31T19:36:41Z</time></trkpt><trkpt lat="-24.121745" lon="-49.371028"><ele>692.909</ele><time>2022-07-31T19:36:42Z</time></trkpt><trkpt lat="-24.121742" lon="-49.370935"><ele>693.294</ele><time>2022-07-31T19:36:43Z</time></trkpt><trkpt lat="-24.121739" lon="-49.370848"><ele>693.263</ele><time>2022-07-31T19:36:44Z</time></trkpt><trkpt lat="-24.121730" lon="-49.370769"><ele>692.612</ele><time>2022-07-31T19:36:45Z</time></trkpt><trkpt lat="-24.121707" lon="-49.370686"><ele>692.886</ele><time>2022-07-31T19:36:46Z</time></trkpt><trkpt lat="-24.121682" lon="-49.370615"><ele>692.339</ele><time>2022-07-31T19:36:47Z</time></trkpt><trkpt lat="-24.121647" lon="-49.370537"><ele>694.658</ele><time>2022-07-31T19:36:48Z</time></trkpt><trkpt lat="-24.121636" lon="-49.370475"><ele>693.389</ele><time>2022-07-31T19:36:49Z</time></trkpt><trkpt lat="-24.121623" lon="-49.370414"><ele>692.526</ele><time>2022-07-31T19:36:50Z</time></trkpt><trkpt lat="-24.121617" lon="-49.370349"><ele>692.373</ele><time>2022-07-31T19:36:51Z</time></trkpt><trkpt lat="-24.121610" lon="-49.370288"><ele>692.199</ele><time>2022-07-31T19:36:52Z</time></trkpt><trkpt lat="-24.121621" lon="-49.370181"><ele>690.507</ele><time>2022-07-31T19:36:54Z</time></trkpt><trkpt lat="-24.121634" lon="-49.370128"><ele>691.527</ele><time>2022-07-31T19:36:55Z</time></trkpt><trkpt lat="-24.121652" lon="-49.370076"><ele>691.209</ele><time>2022-07-31T19:36:56Z</time></trkpt><trkpt lat="-24.121698" lon="-49.370003"><ele>692.670</ele><time>2022-07-31T19:36:58Z</time></trkpt><trkpt lat="-24.121789" lon="-49.369966"><ele>692.539</ele><time>2022-07-31T19:37:00Z</time></trkpt><trkpt lat="-24.121840" lon="-49.369959"><ele>692.378</ele><time>2022-07-31T19:37:01Z</time></trkpt><trkpt lat="-24.121897" lon="-49.369954"><ele>692.222</ele><time>2022-07-31T19:37:02Z</time></trkpt><trkpt lat="-24.121951" lon="-49.369950"><ele>692.825</ele><time>2022-07-31T19:37:03Z</time></trkpt><trkpt lat="-24.122006" lon="-49.369945"><ele>693.834</ele><time>2022-07-31T19:37:04Z</time></trkpt><trkpt lat="-24.122057" lon="-49.369950"><ele>693.825</ele><time>2022-07-31T19:37:05Z</time></trkpt><trkpt lat="-24.122113" lon="-49.369941"><ele>694.492</ele><time>2022-07-31T19:37:06Z</time></trkpt><trkpt lat="-24.122163" lon="-49.369935"><ele>695.079</ele><time>2022-07-31T19:37:07Z</time></trkpt><trkpt lat="-24.122223" lon="-49.369920"><ele>695.347</ele><time>2022-07-31T19:37:08Z</time></trkpt><trkpt lat="-24.122275" lon="-49.369916"><ele>696.129</ele><time>2022-07-31T19:37:09Z</time></trkpt><trkpt lat="-24.122330" lon="-49.369907"><ele>696.821</ele><time>2022-07-31T19:37:10Z</time></trkpt><trkpt lat="-24.122387" lon="-49.369896"><ele>698.409</ele><time>2022-07-31T19:37:11Z</time></trkpt><trkpt lat="-24.122441" lon="-49.369880"><ele>698.925</ele><time>2022-07-31T19:37:12Z</time></trkpt><trkpt lat="-24.122501" lon="-49.369866"><ele>699.614</ele><time>2022-07-31T19:37:13Z</time></trkpt><trkpt lat="-24.122560" lon="-49.369848"><ele>700.273</ele><time>2022-07-31T19:37:14Z</time></trkpt><trkpt lat="-24.122617" lon="-49.369837"><ele>701.087</ele><time>2022-07-31T19:37:15Z</time></trkpt><trkpt lat="-24.122679" lon="-49.369826"><ele>701.010</ele><time>2022-07-31T19:37:16Z</time></trkpt><trkpt lat="-24.122739" lon="-49.369808"><ele>701.029</ele><time>2022-07-31T19:37:17Z</time></trkpt><trkpt lat="-24.122802" lon="-49.369794"><ele>702.280</ele><time>2022-07-31T19:37:18Z</time></trkpt><trkpt lat="-24.122869" lon="-49.369785"><ele>703.397</ele><time>2022-07-31T19:37:19Z</time></trkpt><trkpt lat="-24.122927" lon="-49.369779"><ele>704.124</ele><time>2022-07-31T19:37:20Z</time></trkpt><trkpt lat="-24.122991" lon="-49.369770"><ele>705.154</ele><time>2022-07-31T19:37:21Z</time></trkpt><trkpt lat="-24.123053" lon="-49.369769"><ele>706.256</ele><time>2022-07-31T19:37:22Z</time></trkpt><trkpt lat="-24.123121" lon="-49.369764"><ele>706.211</ele><time>2022-07-31T19:37:23Z</time></trkpt><trkpt lat="-24.123182" lon="-49.369768"><ele>706.709</ele><time>2022-07-31T19:37:24Z</time></trkpt><trkpt lat="-24.123253" lon="-49.369779"><ele>707.146</ele><time>2022-07-31T19:37:25Z</time></trkpt><trkpt lat="-24.123310" lon="-49.369788"><ele>707.775</ele><time>2022-07-31T19:37:26Z</time></trkpt><trkpt lat="-24.123371" lon="-49.369805"><ele>708.584</ele><time>2022-07-31T19:37:27Z</time></trkpt><trkpt lat="-24.123432" lon="-49.369819"><ele>709.588</ele><time>2022-07-31T19:37:28Z</time></trkpt><trkpt lat="-24.123492" lon="-49.369828"><ele>709.661</ele><time>2022-07-31T19:37:29Z</time></trkpt><trkpt lat="-24.123550" lon="-49.369846"><ele>709.960</ele><time>2022-07-31T19:37:30Z</time></trkpt><trkpt lat="-24.123607" lon="-49.369863"><ele>710.291</ele><time>2022-07-31T19:37:31Z</time></trkpt><trkpt lat="-24.123672" lon="-49.369889"><ele>709.718</ele><time>2022-07-31T19:37:32Z</time></trkpt><trkpt lat="-24.123735" lon="-49.369908"><ele>710.625</ele><time>2022-07-31T19:37:33Z</time></trkpt><trkpt lat="-24.123794" lon="-49.369930"><ele>711.168</ele><time>2022-07-31T19:37:34Z</time></trkpt><trkpt lat="-24.123851" lon="-49.369958"><ele>711.142</ele><time>2022-07-31T19:37:35Z</time></trkpt><trkpt lat="-24.123909" lon="-49.369976"><ele>712.826</ele><time>2022-07-31T19:37:36Z</time></trkpt><trkpt lat="-24.123971" lon="-49.370000"><ele>713.509</ele><time>2022-07-31T19:37:37Z</time></trkpt><trkpt lat="-24.124027" lon="-49.370033"><ele>713.587</ele><time>2022-07-31T19:37:38Z</time></trkpt><trkpt lat="-24.124087" lon="-49.370058"><ele>714.486</ele><time>2022-07-31T19:37:39Z</time></trkpt><trkpt lat="-24.124143" lon="-49.370087"><ele>713.525</ele><time>2022-07-31T19:37:40Z</time></trkpt><trkpt lat="-24.124207" lon="-49.370100"><ele>713.649</ele><time>2022-07-31T19:37:41Z</time></trkpt><trkpt lat="-24.124263" lon="-49.370105"><ele>714.052</ele><time>2022-07-31T19:37:42Z</time></trkpt><trkpt lat="-24.124329" lon="-49.370079"><ele>714.991</ele><time>2022-07-31T19:37:43Z</time></trkpt><trkpt lat="-24.124389" lon="-49.370056"><ele>715.512</ele><time>2022-07-31T19:37:44Z</time></trkpt><trkpt lat="-24.124450" lon="-49.370039"><ele>716.589</ele><time>2022-07-31T19:37:45Z</time></trkpt><trkpt lat="-24.124512" lon="-49.370028"><ele>717.636</ele><time>2022-07-31T19:37:46Z</time></trkpt><trkpt lat="-24.124575" lon="-49.370027"><ele>718.415</ele><time>2022-07-31T19:37:47Z</time></trkpt><trkpt lat="-24.124637" lon="-49.370028"><ele>718.565</ele><time>2022-07-31T19:37:48Z</time></trkpt><trkpt lat="-24.124702" lon="-49.370036"><ele>718.811</ele><time>2022-07-31T19:37:49Z</time></trkpt><trkpt lat="-24.124765" lon="-49.370045"><ele>719.109</ele><time>2022-07-31T19:37:50Z</time></trkpt><trkpt lat="-24.124834" lon="-49.370082"><ele>719.342</ele><time>2022-07-31T19:37:51Z</time></trkpt><trkpt lat="-24.124897" lon="-49.370088"><ele>719.841</ele><time>2022-07-31T19:37:52Z</time></trkpt><trkpt lat="-24.124971" lon="-49.370120"><ele>719.010</ele><time>2022-07-31T19:37:53Z</time></trkpt><trkpt lat="-24.125051" lon="-49.370159"><ele>715.974</ele><time>2022-07-31T19:37:54Z</time></trkpt><trkpt lat="-24.125116" lon="-49.370161"><ele>717.127</ele><time>2022-07-31T19:37:55Z</time></trkpt><trkpt lat="-24.125179" lon="-49.370170"><ele>718.486</ele><time>2022-07-31T19:37:56Z</time></trkpt><trkpt lat="-24.125240" lon="-49.370179"><ele>720.397</ele><time>2022-07-31T19:37:57Z</time></trkpt><trkpt lat="-24.125304" lon="-49.370190"><ele>721.164</ele><time>2022-07-31T19:37:58Z</time></trkpt><trkpt lat="-24.125370" lon="-49.370211"><ele>721.341</ele><time>2022-07-31T19:37:59Z</time></trkpt><trkpt lat="-24.125457" lon="-49.370220"><ele>719.872</ele><time>2022-07-31T19:38:00Z</time></trkpt><trkpt lat="-24.125539" lon="-49.370238"><ele>721.013</ele><time>2022-07-31T19:38:01Z</time></trkpt><trkpt lat="-24.125625" lon="-49.370254"><ele>721.814</ele><time>2022-07-31T19:38:02Z</time></trkpt><trkpt lat="-24.125724" lon="-49.370269"><ele>721.109</ele><time>2022-07-31T19:38:03Z</time></trkpt><trkpt lat="-24.125795" lon="-49.370287"><ele>721.868</ele><time>2022-07-31T19:38:04Z</time></trkpt><trkpt lat="-24.125874" lon="-49.370310"><ele>722.137</ele><time>2022-07-31T19:38:05Z</time></trkpt><trkpt lat="-24.125958" lon="-49.370331"><ele>722.656</ele><time>2022-07-31T19:38:06Z</time></trkpt><trkpt lat="-24.126039" lon="-49.370343"><ele>723.290</ele><time>2022-07-31T19:38:07Z</time></trkpt><trkpt lat="-24.126123" lon="-49.370349"><ele>723.743</ele><time>2022-07-31T19:38:08Z</time></trkpt><trkpt lat="-24.126199" lon="-49.370361"><ele>724.042</ele><time>2022-07-31T19:38:09Z</time></trkpt><trkpt lat="-24.126282" lon="-49.370374"><ele>724.383</ele><time>2022-07-31T19:38:10Z</time></trkpt><trkpt lat="-24.126363" lon="-49.370383"><ele>724.810</ele><time>2022-07-31T19:38:11Z</time></trkpt><trkpt lat="-24.126440" lon="-49.370411"><ele>724.737</ele><time>2022-07-31T19:38:12Z</time></trkpt><trkpt lat="-24.126521" lon="-49.370425"><ele>725.542</ele><time>2022-07-31T19:38:13Z</time></trkpt><trkpt lat="-24.126604" lon="-49.370443"><ele>725.422</ele><time>2022-07-31T19:38:14Z</time></trkpt><trkpt lat="-24.126686" lon="-49.370458"><ele>726.614</ele><time>2022-07-31T19:38:15Z</time></trkpt><trkpt lat="-24.126782" lon="-49.370475"><ele>725.109</ele><time>2022-07-31T19:38:16Z</time></trkpt><trkpt lat="-24.126861" lon="-49.370502"><ele>726.045</ele><time>2022-07-31T19:38:17Z</time></trkpt><trkpt lat="-24.126946" lon="-49.370519"><ele>727.154</ele><time>2022-07-31T19:38:18Z</time></trkpt><trkpt lat="-24.127040" lon="-49.370529"><ele>726.983</ele><time>2022-07-31T19:38:19Z</time></trkpt><trkpt lat="-24.127118" lon="-49.370550"><ele>728.297</ele><time>2022-07-31T19:38:20Z</time></trkpt><trkpt lat="-24.127206" lon="-49.370571"><ele>727.520</ele><time>2022-07-31T19:38:21Z</time></trkpt><trkpt lat="-24.127290" lon="-49.370590"><ele>728.829</ele><time>2022-07-31T19:38:22Z</time></trkpt><trkpt lat="-24.127373" lon="-49.370610"><ele>729.180</ele><time>2022-07-31T19:38:23Z</time></trkpt><trkpt lat="-24.127459" lon="-49.370628"><ele>729.917</ele><time>2022-07-31T19:38:24Z</time></trkpt><trkpt lat="-24.127536" lon="-49.370645"><ele>730.684</ele><time>2022-07-31T19:38:25Z</time></trkpt><trkpt lat="-24.127616" lon="-49.370668"><ele>730.716</ele><time>2022-07-31T19:38:26Z</time></trkpt><trkpt lat="-24.127701" lon="-49.370686"><ele>731.076</ele><time>2022-07-31T19:38:27Z</time></trkpt><trkpt lat="-24.127791" lon="-49.370701"><ele>730.613</ele><time>2022-07-31T19:38:28Z</time></trkpt><trkpt lat="-24.127879" lon="-49.370707"><ele>731.209</ele><time>2022-07-31T19:38:29Z</time></trkpt><trkpt lat="-24.127970" lon="-49.370713"><ele>732.172</ele><time>2022-07-31T19:38:30Z</time></trkpt><trkpt lat="-24.128060" lon="-49.370718"><ele>733.641</ele><time>2022-07-31T19:38:31Z</time></trkpt><trkpt lat="-24.128146" lon="-49.370728"><ele>734.770</ele><time>2022-07-31T19:38:32Z</time></trkpt><trkpt lat="-24.128238" lon="-49.370738"><ele>735.194</ele><time>2022-07-31T19:38:33Z</time></trkpt><trkpt lat="-24.128326" lon="-49.370726"><ele>735.827</ele><time>2022-07-31T19:38:34Z</time></trkpt><trkpt lat="-24.128414" lon="-49.370711"><ele>737.116</ele><time>2022-07-31T19:38:35Z</time></trkpt><trkpt lat="-24.128496" lon="-49.370708"><ele>738.327</ele><time>2022-07-31T19:38:36Z</time></trkpt><trkpt lat="-24.128577" lon="-49.370694"><ele>738.914</ele><time>2022-07-31T19:38:37Z</time></trkpt><trkpt lat="-24.128651" lon="-49.370681"><ele>739.771</ele><time>2022-07-31T19:38:38Z</time></trkpt><trkpt lat="-24.128716" lon="-49.370666"><ele>740.529</ele><time>2022-07-31T19:38:39Z</time></trkpt><trkpt lat="-24.128781" lon="-49.370650"><ele>741.400</ele><time>2022-07-31T19:38:40Z</time></trkpt><trkpt lat="-24.128852" lon="-49.370634"><ele>742.020</ele><time>2022-07-31T19:38:41Z</time></trkpt><trkpt lat="-24.128917" lon="-49.370617"><ele>743.509</ele><time>2022-07-31T19:38:42Z</time></trkpt><trkpt lat="-24.128984" lon="-49.370596"><ele>744.873</ele><time>2022-07-31T19:38:43Z</time></trkpt><trkpt lat="-24.129052" lon="-49.370577"><ele>745.582</ele><time>2022-07-31T19:38:44Z</time></trkpt><trkpt lat="-24.129117" lon="-49.370542"><ele>746.651</ele><time>2022-07-31T19:38:45Z</time></trkpt><trkpt lat="-24.129186" lon="-49.370514"><ele>748.135</ele><time>2022-07-31T19:38:46Z</time></trkpt><trkpt lat="-24.129259" lon="-49.370493"><ele>748.738</ele><time>2022-07-31T19:38:47Z</time></trkpt><trkpt lat="-24.129320" lon="-49.370476"><ele>751.377</ele><time>2022-07-31T19:38:48Z</time></trkpt><trkpt lat="-24.129389" lon="-49.370456"><ele>752.588</ele><time>2022-07-31T19:38:49Z</time></trkpt><trkpt lat="-24.129460" lon="-49.370441"><ele>753.025</ele><time>2022-07-31T19:38:50Z</time></trkpt><trkpt lat="-24.129528" lon="-49.370414"><ele>753.722</ele><time>2022-07-31T19:38:51Z</time></trkpt><trkpt lat="-24.129596" lon="-49.370392"><ele>755.463</ele><time>2022-07-31T19:38:52Z</time></trkpt><trkpt lat="-24.129670" lon="-49.370376"><ele>755.344</ele><time>2022-07-31T19:38:53Z</time></trkpt><trkpt lat="-24.129743" lon="-49.370357"><ele>755.718</ele><time>2022-07-31T19:38:54Z</time></trkpt><trkpt lat="-24.129802" lon="-49.370348"><ele>757.809</ele><time>2022-07-31T19:38:55Z</time></trkpt><trkpt lat="-24.129864" lon="-49.370346"><ele>757.437</ele><time>2022-07-31T19:38:56Z</time></trkpt><trkpt lat="-24.129928" lon="-49.370314"><ele>758.736</ele><time>2022-07-31T19:38:57Z</time></trkpt><trkpt lat="-24.130004" lon="-49.370279"><ele>755.595</ele><time>2022-07-31T19:38:58Z</time></trkpt><trkpt lat="-24.130076" lon="-49.370238"><ele>754.939</ele><time>2022-07-31T19:38:59Z</time></trkpt><trkpt lat="-24.130146" lon="-49.370225"><ele>755.512</ele><time>2022-07-31T19:39:00Z</time></trkpt><trkpt lat="-24.130221" lon="-49.370205"><ele>756.291</ele><time>2022-07-31T19:39:01Z</time></trkpt><trkpt lat="-24.130300" lon="-49.370194"><ele>756.592</ele><time>2022-07-31T19:39:02Z</time></trkpt><trkpt lat="-24.130383" lon="-49.370175"><ele>756.199</ele><time>2022-07-31T19:39:03Z</time></trkpt><trkpt lat="-24.130470" lon="-49.370153"><ele>757.196</ele><time>2022-07-31T19:39:04Z</time></trkpt><trkpt lat="-24.130551" lon="-49.370136"><ele>758.759</ele><time>2022-07-31T19:39:05Z</time></trkpt><trkpt lat="-24.130634" lon="-49.370130"><ele>758.703</ele><time>2022-07-31T19:39:06Z</time></trkpt><trkpt lat="-24.130720" lon="-49.370108"><ele>759.123</ele><time>2022-07-31T19:39:07Z</time></trkpt><trkpt lat="-24.130804" lon="-49.370088"><ele>759.009</ele><time>2022-07-31T19:39:08Z</time></trkpt><trkpt lat="-24.130888" lon="-49.370071"><ele>759.116</ele><time>2022-07-31T19:39:09Z</time></trkpt><trkpt lat="-24.130979" lon="-49.370044"><ele>758.685</ele><time>2022-07-31T19:39:10Z</time></trkpt><trkpt lat="-24.131068" lon="-49.370032"><ele>758.934</ele><time>2022-07-31T19:39:11Z</time></trkpt><trkpt lat="-24.131151" lon="-49.370030"><ele>760.028</ele><time>2022-07-31T19:39:12Z</time></trkpt><trkpt lat="-24.131238" lon="-49.370012"><ele>759.451</ele><time>2022-07-31T19:39:13Z</time></trkpt><trkpt lat="-24.131331" lon="-49.369985"><ele>758.920</ele><time>2022-07-31T19:39:14Z</time></trkpt><trkpt lat="-24.131419" lon="-49.369960"><ele>758.061</ele><time>2022-07-31T19:39:15Z</time></trkpt><trkpt lat="-24.131504" lon="-49.369966"><ele>757.618</ele><time>2022-07-31T19:39:16Z</time></trkpt><trkpt lat="-24.131594" lon="-49.369955"><ele>758.815</ele><time>2022-07-31T19:39:17Z</time></trkpt><trkpt lat="-24.131701" lon="-49.369895"><ele>718.716</ele><time>2022-07-31T19:39:18Z</time></trkpt><trkpt lat="-24.131791" lon="-49.369918"><ele>712.876</ele><time>2022-07-31T19:39:19Z</time></trkpt><trkpt lat="-24.131885" lon="-49.369896"><ele>721.113</ele><time>2022-07-31T19:39:20Z</time></trkpt><trkpt lat="-24.131976" lon="-49.369879"><ele>725.509</ele><time>2022-07-31T19:39:21Z</time></trkpt><trkpt lat="-24.132069" lon="-49.369861"><ele>728.882</ele><time>2022-07-31T19:39:22Z</time></trkpt><trkpt lat="-24.132167" lon="-49.369837"><ele>731.451</ele><time>2022-07-31T19:39:23Z</time></trkpt><trkpt lat="-24.132257" lon="-49.369802"><ele>732.540</ele><time>2022-07-31T19:39:24Z</time></trkpt><trkpt lat="-24.132361" lon="-49.369787"><ele>735.954</ele><time>2022-07-31T19:39:25Z</time></trkpt><trkpt lat="-24.132456" lon="-49.369776"><ele>736.837</ele><time>2022-07-31T19:39:26Z</time></trkpt><trkpt lat="-24.132553" lon="-49.369718"><ele>741.296</ele><time>2022-07-31T19:39:27Z</time></trkpt><trkpt lat="-24.132643" lon="-49.369681"><ele>745.177</ele><time>2022-07-31T19:39:28Z</time></trkpt><trkpt lat="-24.132729" lon="-49.369663"><ele>746.834</ele><time>2022-07-31T19:39:29Z</time></trkpt><trkpt lat="-24.132825" lon="-49.369642"><ele>748.451</ele><time>2022-07-31T19:39:30Z</time></trkpt><trkpt lat="-24.132926" lon="-49.369620"><ele>749.033</ele><time>2022-07-31T19:39:31Z</time></trkpt><trkpt lat="-24.133026" lon="-49.369598"><ele>750.023</ele><time>2022-07-31T19:39:32Z</time></trkpt><trkpt lat="-24.133118" lon="-49.369581"><ele>752.715</ele><time>2022-07-31T19:39:33Z</time></trkpt><trkpt lat="-24.133213" lon="-49.369547"><ele>755.909</ele><time>2022-07-31T19:39:34Z</time></trkpt><trkpt lat="-24.133316" lon="-49.369516"><ele>756.174</ele><time>2022-07-31T19:39:35Z</time></trkpt><trkpt lat="-24.133416" lon="-49.369492"><ele>756.863</ele><time>2022-07-31T19:39:36Z</time></trkpt><trkpt lat="-24.133524" lon="-49.369476"><ele>753.312</ele><time>2022-07-31T19:39:37Z</time></trkpt><trkpt lat="-24.133630" lon="-49.369446"><ele>753.866</ele><time>2022-07-31T19:39:38Z</time></trkpt><trkpt lat="-24.133732" lon="-49.369425"><ele>754.449</ele><time>2022-07-31T19:39:39Z</time></trkpt><trkpt lat="-24.133830" lon="-49.369410"><ele>755.318</ele><time>2022-07-31T19:39:40Z</time></trkpt><trkpt lat="-24.133932" lon="-49.369387"><ele>755.559</ele><time>2022-07-31T19:39:41Z</time></trkpt><trkpt lat="-24.134035" lon="-49.369366"><ele>755.866</ele><time>2022-07-31T19:39:42Z</time></trkpt><trkpt lat="-24.134133" lon="-49.369352"><ele>755.613</ele><time>2022-07-31T19:39:43Z</time></trkpt><trkpt lat="-24.134227" lon="-49.369334"><ele>756.763</ele><time>2022-07-31T19:39:44Z</time></trkpt><trkpt lat="-24.134333" lon="-49.369307"><ele>755.144</ele><time>2022-07-31T19:39:45Z</time></trkpt><trkpt lat="-24.134430" lon="-49.369301"><ele>755.818</ele><time>2022-07-31T19:39:46Z</time></trkpt><trkpt lat="-24.134532" lon="-49.369279"><ele>756.309</ele><time>2022-07-31T19:39:47Z</time></trkpt><trkpt lat="-24.134632" lon="-49.369258"><ele>749.967</ele><time>2022-07-31T19:39:48Z</time></trkpt><trkpt lat="-24.134730" lon="-49.369236"><ele>751.826</ele><time>2022-07-31T19:39:49Z</time></trkpt><trkpt lat="-24.134831" lon="-49.369220"><ele>753.365</ele><time>2022-07-31T19:39:50Z</time></trkpt><trkpt lat="-24.134941" lon="-49.369221"><ele>752.799</ele><time>2022-07-31T19:39:51Z</time></trkpt><trkpt lat="-24.135040" lon="-49.369212"><ele>753.022</ele><time>2022-07-31T19:39:52Z</time></trkpt><trkpt lat="-24.135146" lon="-49.369209"><ele>753.381</ele><time>2022-07-31T19:39:53Z</time></trkpt><trkpt lat="-24.135246" lon="-49.369198"><ele>754.572</ele><time>2022-07-31T19:39:54Z</time></trkpt><trkpt lat="-24.135364" lon="-49.369188"><ele>753.379</ele><time>2022-07-31T19:39:55Z</time></trkpt><trkpt lat="-24.135474" lon="-49.369175"><ele>753.546</ele><time>2022-07-31T19:39:56Z</time></trkpt><trkpt lat="-24.135585" lon="-49.369144"><ele>753.486</ele><time>2022-07-31T19:39:57Z</time></trkpt><trkpt lat="-24.135693" lon="-49.369115"><ele>754.360</ele><time>2022-07-31T19:39:58Z</time></trkpt><trkpt lat="-24.135806" lon="-49.369092"><ele>754.326</ele><time>2022-07-31T19:39:59Z</time></trkpt><trkpt lat="-24.135908" lon="-49.369075"><ele>754.209</ele><time>2022-07-31T19:40:00Z</time></trkpt><trkpt lat="-24.136030" lon="-49.369016"><ele>751.649</ele><time>2022-07-31T19:40:01Z</time></trkpt><trkpt lat="-24.136140" lon="-49.368988"><ele>751.148</ele><time>2022-07-31T19:40:02Z</time></trkpt><trkpt lat="-24.136246" lon="-49.368969"><ele>750.377</ele><time>2022-07-31T19:40:03Z</time></trkpt><trkpt lat="-24.136357" lon="-49.368935"><ele>751.351</ele><time>2022-07-31T19:40:04Z</time></trkpt><trkpt lat="-24.136464" lon="-49.368906"><ele>751.974</ele><time>2022-07-31T19:40:05Z</time></trkpt><trkpt lat="-24.136575" lon="-49.368875"><ele>752.373</ele><time>2022-07-31T19:40:06Z</time></trkpt><trkpt lat="-24.136684" lon="-49.368850"><ele>752.554</ele><time>2022-07-31T19:40:07Z</time></trkpt><trkpt lat="-24.136789" lon="-49.368832"><ele>752.651</ele><time>2022-07-31T19:40:08Z</time></trkpt><trkpt lat="-24.136891" lon="-49.368814"><ele>751.068</ele><time>2022-07-31T19:40:09Z</time></trkpt><trkpt lat="-24.136994" lon="-49.368803"><ele>752.085</ele><time>2022-07-31T19:40:10Z</time></trkpt><trkpt lat="-24.137096" lon="-49.368780"><ele>751.689</ele><time>2022-07-31T19:40:11Z</time></trkpt><trkpt lat="-24.137201" lon="-49.368741"><ele>751.217</ele><time>2022-07-31T19:40:12Z</time></trkpt><trkpt lat="-24.137301" lon="-49.368709"><ele>752.009</ele><time>2022-07-31T19:40:13Z</time></trkpt><trkpt lat="-24.137398" lon="-49.368680"><ele>754.199</ele><time>2022-07-31T19:40:14Z</time></trkpt><trkpt lat="-24.137498" lon="-49.368651"><ele>754.588</ele><time>2022-07-31T19:40:15Z</time></trkpt><trkpt lat="-24.137603" lon="-49.368621"><ele>754.237</ele><time>2022-07-31T19:40:16Z</time></trkpt><trkpt lat="-24.137709" lon="-49.368587"><ele>753.851</ele><time>2022-07-31T19:40:17Z</time></trkpt><trkpt lat="-24.137801" lon="-49.368551"><ele>756.954</ele><time>2022-07-31T19:40:18Z</time></trkpt><trkpt lat="-24.137902" lon="-49.368526"><ele>757.033</ele><time>2022-07-31T19:40:19Z</time></trkpt><trkpt lat="-24.137992" lon="-49.368500"><ele>757.454</ele><time>2022-07-31T19:40:20Z</time></trkpt><trkpt lat="-24.138087" lon="-49.368470"><ele>757.211</ele><time>2022-07-31T19:40:21Z</time></trkpt><trkpt lat="-24.138179" lon="-49.368455"><ele>757.068</ele><time>2022-07-31T19:40:22Z</time></trkpt><trkpt lat="-24.138273" lon="-49.368432"><ele>756.622</ele><time>2022-07-31T19:40:23Z</time></trkpt><trkpt lat="-24.138371" lon="-49.368397"><ele>757.362</ele><time>2022-07-31T19:40:24Z</time></trkpt><trkpt lat="-24.138469" lon="-49.368368"><ele>756.708</ele><time>2022-07-31T19:40:25Z</time></trkpt><trkpt lat="-24.138560" lon="-49.368340"><ele>757.009</ele><time>2022-07-31T19:40:26Z</time></trkpt><trkpt lat="-24.138656" lon="-49.368310"><ele>757.393</ele><time>2022-07-31T19:40:27Z</time></trkpt><trkpt lat="-24.138757" lon="-49.368304"><ele>758.332</ele><time>2022-07-31T19:40:28Z</time></trkpt><trkpt lat="-24.138854" lon="-49.368289"><ele>759.031</ele><time>2022-07-31T19:40:29Z</time></trkpt><trkpt lat="-24.138952" lon="-49.368258"><ele>759.835</ele><time>2022-07-31T19:40:30Z</time></trkpt><trkpt lat="-24.139063" lon="-49.368179"><ele>757.458</ele><time>2022-07-31T19:40:31Z</time></trkpt><trkpt lat="-24.139161" lon="-49.368143"><ele>757.967</ele><time>2022-07-31T19:40:32Z</time></trkpt><trkpt lat="-24.139260" lon="-49.368115"><ele>758.198</ele><time>2022-07-31T19:40:33Z</time></trkpt><trkpt lat="-24.139354" lon="-49.368082"><ele>758.475</ele><time>2022-07-31T19:40:34Z</time></trkpt><trkpt lat="-24.139444" lon="-49.368059"><ele>758.112</ele><time>2022-07-31T19:40:35Z</time></trkpt><trkpt lat="-24.139547" lon="-49.368026"><ele>757.921</ele><time>2022-07-31T19:40:36Z</time></trkpt><trkpt lat="-24.139645" lon="-49.367968"><ele>760.241</ele><time>2022-07-31T19:40:37Z</time></trkpt><trkpt lat="-24.139738" lon="-49.367934"><ele>761.505</ele><time>2022-07-31T19:40:38Z</time></trkpt><trkpt lat="-24.139838" lon="-49.367902"><ele>761.009</ele><time>2022-07-31T19:40:39Z</time></trkpt><trkpt lat="-24.139936" lon="-49.367860"><ele>761.113</ele><time>2022-07-31T19:40:40Z</time></trkpt><trkpt lat="-24.140030" lon="-49.367830"><ele>761.592</ele><time>2022-07-31T19:40:41Z</time></trkpt><trkpt lat="-24.140127" lon="-49.367794"><ele>762.481</ele><time>2022-07-31T19:40:42Z</time></trkpt><trkpt lat="-24.140226" lon="-49.367761"><ele>763.365</ele><time>2022-07-31T19:40:43Z</time></trkpt><trkpt lat="-24.140324" lon="-49.367733"><ele>763.778</ele><time>2022-07-31T19:40:44Z</time></trkpt><trkpt lat="-24.140419" lon="-49.367725"><ele>764.087</ele><time>2022-07-31T19:40:45Z</time></trkpt><trkpt lat="-24.140506" lon="-49.367707"><ele>764.758</ele><time>2022-07-31T19:40:46Z</time></trkpt><trkpt lat="-24.140597" lon="-49.367703"><ele>764.525</ele><time>2022-07-31T19:40:47Z</time></trkpt><trkpt lat="-24.140696" lon="-49.367670"><ele>764.542</ele><time>2022-07-31T19:40:48Z</time></trkpt><trkpt lat="-24.140789" lon="-49.367607"><ele>766.696</ele><time>2022-07-31T19:40:49Z</time></trkpt><trkpt lat="-24.140886" lon="-49.367601"><ele>766.931</ele><time>2022-07-31T19:40:50Z</time></trkpt><trkpt lat="-24.140983" lon="-49.367628"><ele>766.424</ele><time>2022-07-31T19:40:51Z</time></trkpt><trkpt lat="-24.141075" lon="-49.367610"><ele>766.109</ele><time>2022-07-31T19:40:52Z</time></trkpt><trkpt lat="-24.141173" lon="-49.367589"><ele>765.670</ele><time>2022-07-31T19:40:53Z</time></trkpt><trkpt lat="-24.141270" lon="-49.367555"><ele>766.429</ele><time>2022-07-31T19:40:54Z</time></trkpt><trkpt lat="-24.141363" lon="-49.367525"><ele>766.258</ele><time>2022-07-31T19:40:55Z</time></trkpt><trkpt lat="-24.141462" lon="-49.367487"><ele>765.682</ele><time>2022-07-31T19:40:56Z</time></trkpt><trkpt lat="-24.141565" lon="-49.367475"><ele>763.635</ele><time>2022-07-31T19:40:57Z</time></trkpt><trkpt lat="-24.141660" lon="-49.367443"><ele>763.544</ele><time>2022-07-31T19:40:58Z</time></trkpt><trkpt lat="-24.141761" lon="-49.367386"><ele>763.025</ele><time>2022-07-31T19:40:59Z</time></trkpt><trkpt lat="-24.141850" lon="-49.367351"><ele>764.572</ele><time>2022-07-31T19:41:00Z</time></trkpt><trkpt lat="-24.141944" lon="-49.367311"><ele>765.299</ele><time>2022-07-31T19:41:01Z</time></trkpt><trkpt lat="-24.142034" lon="-49.367282"><ele>765.366</ele><time>2022-07-31T19:41:02Z</time></trkpt><trkpt lat="-24.142133" lon="-49.367243"><ele>730.329</ele><time>2022-07-31T19:41:03Z</time></trkpt><trkpt lat="-24.142228" lon="-49.367230"><ele>729.021</ele><time>2022-07-31T19:41:04Z</time></trkpt><trkpt lat="-24.142330" lon="-49.367196"><ele>739.409</ele><time>2022-07-31T19:41:05Z</time></trkpt><trkpt lat="-24.142431" lon="-49.367171"><ele>750.047</ele><time>2022-07-31T19:41:06Z</time></trkpt><trkpt lat="-24.142534" lon="-49.367144"><ele>755.726</ele><time>2022-07-31T19:41:07Z</time></trkpt><trkpt lat="-24.142631" lon="-49.367114"><ele>759.785</ele><time>2022-07-31T19:41:08Z</time></trkpt><trkpt lat="-24.142730" lon="-49.367086"><ele>760.539</ele><time>2022-07-31T19:41:09Z</time></trkpt><trkpt lat="-24.142825" lon="-49.367070"><ele>763.322</ele><time>2022-07-31T19:41:10Z</time></trkpt><trkpt lat="-24.142924" lon="-49.367035"><ele>765.141</ele><time>2022-07-31T19:41:11Z</time></trkpt><trkpt lat="-24.143023" lon="-49.366995"><ele>765.752</ele><time>2022-07-31T19:41:12Z</time></trkpt><trkpt lat="-24.143130" lon="-49.366965"><ele>765.659</ele><time>2022-07-31T19:41:13Z</time></trkpt><trkpt lat="-24.143231" lon="-49.366948"><ele>766.636</ele><time>2022-07-31T19:41:14Z</time></trkpt><trkpt lat="-24.143327" lon="-49.366924"><ele>767.421</ele><time>2022-07-31T19:41:15Z</time></trkpt><trkpt lat="-24.143432" lon="-49.366880"><ele>768.141</ele><time>2022-07-31T19:41:16Z</time></trkpt><trkpt lat="-24.143528" lon="-49.366854"><ele>768.505</ele><time>2022-07-31T19:41:17Z</time></trkpt><trkpt lat="-24.143632" lon="-49.366829"><ele>769.209</ele><time>2022-07-31T19:41:18Z</time></trkpt><trkpt lat="-24.143739" lon="-49.366778"><ele>769.753</ele><time>2022-07-31T19:41:19Z</time></trkpt><trkpt lat="-24.143853" lon="-49.366745"><ele>769.972</ele><time>2022-07-31T19:41:20Z</time></trkpt><trkpt lat="-24.143953" lon="-49.366721"><ele>771.751</ele><time>2022-07-31T19:41:21Z</time></trkpt><trkpt lat="-24.144043" lon="-49.366702"><ele>772.955</ele><time>2022-07-31T19:41:22Z</time></trkpt><trkpt lat="-24.144141" lon="-49.366658"><ele>774.228</ele><time>2022-07-31T19:41:23Z</time></trkpt><trkpt lat="-24.144244" lon="-49.366612"><ele>773.127</ele><time>2022-07-31T19:41:24Z</time></trkpt><trkpt lat="-24.144331" lon="-49.366584"><ele>773.588</ele><time>2022-07-31T19:41:25Z</time></trkpt><trkpt lat="-24.144421" lon="-49.366558"><ele>773.345</ele><time>2022-07-31T19:41:26Z</time></trkpt><trkpt lat="-24.144520" lon="-49.366491"><ele>775.012</ele><time>2022-07-31T19:41:27Z</time></trkpt><trkpt lat="-24.144613" lon="-49.366444"><ele>776.723</ele><time>2022-07-31T19:41:28Z</time></trkpt><trkpt lat="-24.144702" lon="-49.366394"><ele>775.583</ele><time>2022-07-31T19:41:29Z</time></trkpt><trkpt lat="-24.144784" lon="-49.366396"><ele>775.311</ele><time>2022-07-31T19:41:30Z</time></trkpt><trkpt lat="-24.144870" lon="-49.366363"><ele>775.209</ele><time>2022-07-31T19:41:31Z</time></trkpt><trkpt lat="-24.144967" lon="-49.366295"><ele>773.623</ele><time>2022-07-31T19:41:32Z</time></trkpt><trkpt lat="-24.145029" lon="-49.366161"><ele>781.662</ele><time>2022-07-31T19:41:33Z</time></trkpt><trkpt lat="-24.145119" lon="-49.366112"><ele>781.921</ele><time>2022-07-31T19:41:34Z</time></trkpt><trkpt lat="-24.145211" lon="-49.366047"><ele>783.345</ele><time>2022-07-31T19:41:35Z</time></trkpt><trkpt lat="-24.145298" lon="-49.366017"><ele>784.528</ele><time>2022-07-31T19:41:36Z</time></trkpt><trkpt lat="-24.145390" lon="-49.365978"><ele>784.387</ele><time>2022-07-31T19:41:37Z</time></trkpt><trkpt lat="-24.145476" lon="-49.365942"><ele>785.598</ele><time>2022-07-31T19:41:38Z</time></trkpt><trkpt lat="-24.145562" lon="-49.365905"><ele>787.275</ele><time>2022-07-31T19:41:39Z</time></trkpt><trkpt lat="-24.145641" lon="-49.365852"><ele>787.112</ele><time>2022-07-31T19:41:40Z</time></trkpt><trkpt lat="-24.145724" lon="-49.365831"><ele>787.189</ele><time>2022-07-31T19:41:41Z</time></trkpt><trkpt lat="-24.145794" lon="-49.365810"><ele>788.406</ele><time>2022-07-31T19:41:42Z</time></trkpt><trkpt lat="-24.145868" lon="-49.365807"><ele>788.026</ele><time>2022-07-31T19:41:43Z</time></trkpt><trkpt lat="-24.145939" lon="-49.365809"><ele>787.909</ele><time>2022-07-31T19:41:44Z</time></trkpt><trkpt lat="-24.146014" lon="-49.365796"><ele>788.079</ele><time>2022-07-31T19:41:45Z</time></trkpt><trkpt lat="-24.146087" lon="-49.365791"><ele>789.178</ele><time>2022-07-31T19:41:46Z</time></trkpt><trkpt lat="-24.146158" lon="-49.365773"><ele>790.227</ele><time>2022-07-31T19:41:47Z</time></trkpt><trkpt lat="-24.146231" lon="-49.365748"><ele>792.361</ele><time>2022-07-31T19:41:48Z</time></trkpt><trkpt lat="-24.146307" lon="-49.365745"><ele>792.734</ele><time>2022-07-31T19:41:49Z</time></trkpt><trkpt lat="-24.146379" lon="-49.365731"><ele>793.373</ele><time>2022-07-31T19:41:50Z</time></trkpt><trkpt lat="-24.146457" lon="-49.365714"><ele>793.344</ele><time>2022-07-31T19:41:51Z</time></trkpt><trkpt lat="-24.146528" lon="-49.365735"><ele>768.951</ele><time>2022-07-31T19:41:52Z</time></trkpt><trkpt lat="-24.146606" lon="-49.365725"><ele>760.348</ele><time>2022-07-31T19:41:53Z</time></trkpt><trkpt lat="-24.146683" lon="-49.365707"><ele>774.396</ele><time>2022-07-31T19:41:54Z</time></trkpt><trkpt lat="-24.146766" lon="-49.365690"><ele>781.331</ele><time>2022-07-31T19:41:55Z</time></trkpt><trkpt lat="-24.146851" lon="-49.365690"><ele>784.724</ele><time>2022-07-31T19:41:56Z</time></trkpt><trkpt lat="-24.146930" lon="-49.365654"><ele>787.209</ele><time>2022-07-31T19:41:57Z</time></trkpt><trkpt lat="-24.147013" lon="-49.365626"><ele>790.170</ele><time>2022-07-31T19:41:58Z</time></trkpt><trkpt lat="-24.147097" lon="-49.365601"><ele>790.559</ele><time>2022-07-31T19:41:59Z</time></trkpt><trkpt lat="-24.147178" lon="-49.365576"><ele>794.858</ele><time>2022-07-31T19:42:00Z</time></trkpt><trkpt lat="-24.147262" lon="-49.365553"><ele>795.492</ele><time>2022-07-31T19:42:01Z</time></trkpt><trkpt lat="-24.147344" lon="-49.365533"><ele>795.525</ele><time>2022-07-31T19:42:02Z</time></trkpt><trkpt lat="-24.147420" lon="-49.365514"><ele>796.124</ele><time>2022-07-31T19:42:03Z</time></trkpt><trkpt lat="-24.147497" lon="-49.365492"><ele>796.345</ele><time>2022-07-31T19:42:04Z</time></trkpt><trkpt lat="-24.147568" lon="-49.365478"><ele>796.252</ele><time>2022-07-31T19:42:05Z</time></trkpt><trkpt lat="-24.147630" lon="-49.365453"><ele>799.699</ele><time>2022-07-31T19:42:06Z</time></trkpt><trkpt lat="-24.147692" lon="-49.365443"><ele>800.948</ele><time>2022-07-31T19:42:07Z</time></trkpt><trkpt lat="-24.147756" lon="-49.365427"><ele>802.961</ele><time>2022-07-31T19:42:08Z</time></trkpt><trkpt lat="-24.147820" lon="-49.365416"><ele>803.717</ele><time>2022-07-31T19:42:09Z</time></trkpt><trkpt lat="-24.147880" lon="-49.365393"><ele>805.009</ele><time>2022-07-31T19:42:10Z</time></trkpt><trkpt lat="-24.147943" lon="-49.365380"><ele>805.355</ele><time>2022-07-31T19:42:11Z</time></trkpt><trkpt lat="-24.148007" lon="-49.365360"><ele>805.984</ele><time>2022-07-31T19:42:12Z</time></trkpt><trkpt lat="-24.148082" lon="-49.365359"><ele>804.863</ele><time>2022-07-31T19:42:13Z</time></trkpt><trkpt lat="-24.148155" lon="-49.365349"><ele>804.987</ele><time>2022-07-31T19:42:14Z</time></trkpt><trkpt lat="-24.148215" lon="-49.365345"><ele>805.110</ele><time>2022-07-31T19:42:15Z</time></trkpt><trkpt lat="-24.148282" lon="-49.365333"><ele>806.559</ele><time>2022-07-31T19:42:16Z</time></trkpt><trkpt lat="-24.148349" lon="-49.365326"><ele>806.730</ele><time>2022-07-31T19:42:17Z</time></trkpt><trkpt lat="-24.148424" lon="-49.365298"><ele>808.167</ele><time>2022-07-31T19:42:18Z</time></trkpt><trkpt lat="-24.148495" lon="-49.365281"><ele>809.074</ele><time>2022-07-31T19:42:19Z</time></trkpt><trkpt lat="-24.148568" lon="-49.365263"><ele>809.778</ele><time>2022-07-31T19:42:20Z</time></trkpt><trkpt lat="-24.148639" lon="-49.365246"><ele>810.433</ele><time>2022-07-31T19:42:21Z</time></trkpt><trkpt lat="-24.148708" lon="-49.365229"><ele>811.726</ele><time>2022-07-31T19:42:22Z</time></trkpt><trkpt lat="-24.148771" lon="-49.365213"><ele>812.509</ele><time>2022-07-31T19:42:23Z</time></trkpt><trkpt lat="-24.148838" lon="-49.365190"><ele>813.148</ele><time>2022-07-31T19:42:24Z</time></trkpt><trkpt lat="-24.148900" lon="-49.365179"><ele>814.977</ele><time>2022-07-31T19:42:25Z</time></trkpt><trkpt lat="-24.148965" lon="-49.365161"><ele>815.196</ele><time>2022-07-31T19:42:26Z</time></trkpt><trkpt lat="-24.149025" lon="-49.365148"><ele>814.570</ele><time>2022-07-31T19:42:27Z</time></trkpt><trkpt lat="-24.149091" lon="-49.365129"><ele>814.853</ele><time>2022-07-31T19:42:28Z</time></trkpt><trkpt lat="-24.149162" lon="-49.365121"><ele>814.012</ele><time>2022-07-31T19:42:29Z</time></trkpt><trkpt lat="-24.149229" lon="-49.365097"><ele>814.193</ele><time>2022-07-31T19:42:30Z</time></trkpt><trkpt lat="-24.149295" lon="-49.365075"><ele>814.150</ele><time>2022-07-31T19:42:31Z</time></trkpt><trkpt lat="-24.149367" lon="-49.365030"><ele>812.747</ele><time>2022-07-31T19:42:32Z</time></trkpt><trkpt lat="-24.149431" lon="-49.365008"><ele>813.148</ele><time>2022-07-31T19:42:33Z</time></trkpt><trkpt lat="-24.149498" lon="-49.365013"><ele>812.661</ele><time>2022-07-31T19:42:34Z</time></trkpt><trkpt lat="-24.149560" lon="-49.364996"><ele>813.017</ele><time>2022-07-31T19:42:35Z</time></trkpt><trkpt lat="-24.149616" lon="-49.364990"><ele>813.309</ele><time>2022-07-31T19:42:36Z</time></trkpt><trkpt lat="-24.149677" lon="-49.364976"><ele>814.215</ele><time>2022-07-31T19:42:37Z</time></trkpt><trkpt lat="-24.149735" lon="-49.364956"><ele>814.674</ele><time>2022-07-31T19:42:38Z</time></trkpt><trkpt lat="-24.149798" lon="-49.364900"><ele>816.183</ele><time>2022-07-31T19:42:39Z</time></trkpt><trkpt lat="-24.149859" lon="-49.364864"><ele>816.277</ele><time>2022-07-31T19:42:40Z</time></trkpt><trkpt lat="-24.149916" lon="-49.364796"><ele>817.540</ele><time>2022-07-31T19:42:41Z</time></trkpt><trkpt lat="-24.149973" lon="-49.364757"><ele>818.169</ele><time>2022-07-31T19:42:42Z</time></trkpt><trkpt lat="-24.150030" lon="-49.364697"><ele>819.520</ele><time>2022-07-31T19:42:43Z</time></trkpt><trkpt lat="-24.150131" lon="-49.364650"><ele>823.387</ele><time>2022-07-31T19:42:45Z</time></trkpt><trkpt lat="-24.150191" lon="-49.364612"><ele>824.534</ele><time>2022-07-31T19:42:46Z</time></trkpt><trkpt lat="-24.150250" lon="-49.364567"><ele>825.272</ele><time>2022-07-31T19:42:47Z</time></trkpt><trkpt lat="-24.150323" lon="-49.364529"><ele>825.413</ele><time>2022-07-31T19:42:48Z</time></trkpt><trkpt lat="-24.150387" lon="-49.364488"><ele>827.114</ele><time>2022-07-31T19:42:49Z</time></trkpt><trkpt lat="-24.150458" lon="-49.364449"><ele>827.109</ele><time>2022-07-31T19:42:50Z</time></trkpt><trkpt lat="-24.150526" lon="-49.364408"><ele>827.448</ele><time>2022-07-31T19:42:51Z</time></trkpt><trkpt lat="-24.150600" lon="-49.364360"><ele>827.087</ele><time>2022-07-31T19:42:52Z</time></trkpt><trkpt lat="-24.150670" lon="-49.364321"><ele>828.156</ele><time>2022-07-31T19:42:53Z</time></trkpt><trkpt lat="-24.150737" lon="-49.364285"><ele>828.410</ele><time>2022-07-31T19:42:54Z</time></trkpt><trkpt lat="-24.150794" lon="-49.364249"><ele>827.983</ele><time>2022-07-31T19:42:55Z</time></trkpt><trkpt lat="-24.150880" lon="-49.364212"><ele>827.772</ele><time>2022-07-31T19:42:56Z</time></trkpt><trkpt lat="-24.150941" lon="-49.364184"><ele>828.343</ele><time>2022-07-31T19:42:57Z</time></trkpt><trkpt lat="-24.151012" lon="-49.364141"><ele>827.720</ele><time>2022-07-31T19:42:58Z</time></trkpt><trkpt lat="-24.151075" lon="-49.364109"><ele>827.357</ele><time>2022-07-31T19:42:59Z</time></trkpt><trkpt lat="-24.151145" lon="-49.364094"><ele>826.894</ele><time>2022-07-31T19:43:00Z</time></trkpt><trkpt lat="-24.151221" lon="-49.364067"><ele>826.757</ele><time>2022-07-31T19:43:01Z</time></trkpt><trkpt lat="-24.151288" lon="-49.364046"><ele>827.622</ele><time>2022-07-31T19:43:02Z</time></trkpt><trkpt lat="-24.151374" lon="-49.364032"><ele>827.709</ele><time>2022-07-31T19:43:03Z</time></trkpt><trkpt lat="-24.151448" lon="-49.363991"><ele>828.090</ele><time>2022-07-31T19:43:04Z</time></trkpt><trkpt lat="-24.151523" lon="-49.363964"><ele>827.649</ele><time>2022-07-31T19:43:05Z</time></trkpt><trkpt lat="-24.151592" lon="-49.363951"><ele>828.078</ele><time>2022-07-31T19:43:06Z</time></trkpt><trkpt lat="-24.151663" lon="-49.363928"><ele>828.592</ele><time>2022-07-31T19:43:07Z</time></trkpt><trkpt lat="-24.151733" lon="-49.363909"><ele>829.665</ele><time>2022-07-31T19:43:08Z</time></trkpt><trkpt lat="-24.151798" lon="-49.363860"><ele>830.614</ele><time>2022-07-31T19:43:09Z</time></trkpt><trkpt lat="-24.151873" lon="-49.363848"><ele>830.025</ele><time>2022-07-31T19:43:10Z</time></trkpt><trkpt lat="-24.151952" lon="-49.363827"><ele>829.482</ele><time>2022-07-31T19:43:11Z</time></trkpt><trkpt lat="-24.152032" lon="-49.363762"><ele>830.099</ele><time>2022-07-31T19:43:12Z</time></trkpt><trkpt lat="-24.152104" lon="-49.363734"><ele>831.879</ele><time>2022-07-31T19:43:13Z</time></trkpt><trkpt lat="-24.152180" lon="-49.363711"><ele>833.805</ele><time>2022-07-31T19:43:14Z</time></trkpt><trkpt lat="-24.152260" lon="-49.363691"><ele>834.025</ele><time>2022-07-31T19:43:15Z</time></trkpt><trkpt lat="-24.152346" lon="-49.363687"><ele>832.509</ele><time>2022-07-31T19:43:16Z</time></trkpt><trkpt lat="-24.152426" lon="-49.363659"><ele>833.528</ele><time>2022-07-31T19:43:17Z</time></trkpt><trkpt lat="-24.152505" lon="-49.363640"><ele>832.427</ele><time>2022-07-31T19:43:18Z</time></trkpt><trkpt lat="-24.152591" lon="-49.363622"><ele>833.266</ele><time>2022-07-31T19:43:19Z</time></trkpt><trkpt lat="-24.152674" lon="-49.363608"><ele>833.660</ele><time>2022-07-31T19:43:20Z</time></trkpt><trkpt lat="-24.152750" lon="-49.363597"><ele>833.813</ele><time>2022-07-31T19:43:21Z</time></trkpt><trkpt lat="-24.152847" lon="-49.363618"><ele>831.262</ele><time>2022-07-31T19:43:22Z</time></trkpt><trkpt lat="-24.152935" lon="-49.363577"><ele>832.763</ele><time>2022-07-31T19:43:23Z</time></trkpt><trkpt lat="-24.153019" lon="-49.363554"><ele>833.890</ele><time>2022-07-31T19:43:24Z</time></trkpt><trkpt lat="-24.153098" lon="-49.363558"><ele>835.967</ele><time>2022-07-31T19:43:25Z</time></trkpt><trkpt lat="-24.153183" lon="-49.363531"><ele>836.336</ele><time>2022-07-31T19:43:26Z</time></trkpt><trkpt lat="-24.153271" lon="-49.363514"><ele>838.817</ele><time>2022-07-31T19:43:27Z</time></trkpt><trkpt lat="-24.153361" lon="-49.363471"><ele>837.518</ele><time>2022-07-31T19:43:28Z</time></trkpt><trkpt lat="-24.153446" lon="-49.363443"><ele>838.309</ele><time>2022-07-31T19:43:29Z</time></trkpt><trkpt lat="-24.153525" lon="-49.363428"><ele>838.884</ele><time>2022-07-31T19:43:30Z</time></trkpt><trkpt lat="-24.153596" lon="-49.363375"><ele>839.643</ele><time>2022-07-31T19:43:31Z</time></trkpt><trkpt lat="-24.153671" lon="-49.363352"><ele>840.062</ele><time>2022-07-31T19:43:32Z</time></trkpt><trkpt lat="-24.153744" lon="-49.363322"><ele>843.346</ele><time>2022-07-31T19:43:33Z</time></trkpt><trkpt lat="-24.153848" lon="-49.363303"><ele>844.959</ele><time>2022-07-31T19:43:34Z</time></trkpt><trkpt lat="-24.153936" lon="-49.363265"><ele>843.668</ele><time>2022-07-31T19:43:35Z</time></trkpt><trkpt lat="-24.154019" lon="-49.363246"><ele>842.819</ele><time>2022-07-31T19:43:36Z</time></trkpt><trkpt lat="-24.154103" lon="-49.363216"><ele>842.616</ele><time>2022-07-31T19:43:37Z</time></trkpt><trkpt lat="-24.154184" lon="-49.363192"><ele>842.323</ele><time>2022-07-31T19:43:38Z</time></trkpt><trkpt lat="-24.154264" lon="-49.363171"><ele>843.254</ele><time>2022-07-31T19:43:39Z</time></trkpt><trkpt lat="-24.154345" lon="-49.363145"><ele>815.056</ele><time>2022-07-31T19:43:40Z</time></trkpt><trkpt lat="-24.154436" lon="-49.363155"><ele>795.911</ele><time>2022-07-31T19:43:41Z</time></trkpt><trkpt lat="-24.154511" lon="-49.363140"><ele>808.309</ele><time>2022-07-31T19:43:42Z</time></trkpt><trkpt lat="-24.154597" lon="-49.363120"><ele>817.996</ele><time>2022-07-31T19:43:43Z</time></trkpt><trkpt lat="-24.154687" lon="-49.363092"><ele>824.845</ele><time>2022-07-31T19:43:44Z</time></trkpt><trkpt lat="-24.154775" lon="-49.363064"><ele>831.474</ele><time>2022-07-31T19:43:45Z</time></trkpt><trkpt lat="-24.154869" lon="-49.363024"><ele>835.818</ele><time>2022-07-31T19:43:46Z</time></trkpt><trkpt lat="-24.154962" lon="-49.362979"><ele>838.891</ele><time>2022-07-31T19:43:47Z</time></trkpt><trkpt lat="-24.155046" lon="-49.362933"><ele>841.950</ele><time>2022-07-31T19:43:48Z</time></trkpt><trkpt lat="-24.155130" lon="-49.362893"><ele>844.681</ele><time>2022-07-31T19:43:49Z</time></trkpt><trkpt lat="-24.155217" lon="-49.362835"><ele>846.178</ele><time>2022-07-31T19:43:50Z</time></trkpt><trkpt lat="-24.155307" lon="-49.362788"><ele>847.925</ele><time>2022-07-31T19:43:51Z</time></trkpt><trkpt lat="-24.155396" lon="-49.362737"><ele>848.533</ele><time>2022-07-31T19:43:52Z</time></trkpt><trkpt lat="-24.155476" lon="-49.362688"><ele>851.323</ele><time>2022-07-31T19:43:53Z</time></trkpt><trkpt lat="-24.155557" lon="-49.362636"><ele>852.115</ele><time>2022-07-31T19:43:54Z</time></trkpt><trkpt lat="-24.155642" lon="-49.362592"><ele>852.509</ele><time>2022-07-31T19:43:55Z</time></trkpt><trkpt lat="-24.155722" lon="-49.362546"><ele>854.034</ele><time>2022-07-31T19:43:56Z</time></trkpt><trkpt lat="-24.155797" lon="-49.362499"><ele>855.693</ele><time>2022-07-31T19:43:57Z</time></trkpt><trkpt lat="-24.155876" lon="-49.362455"><ele>856.122</ele><time>2022-07-31T19:43:58Z</time></trkpt><trkpt lat="-24.155953" lon="-49.362410"><ele>857.326</ele><time>2022-07-31T19:43:59Z</time></trkpt><trkpt lat="-24.156029" lon="-49.362366"><ele>858.489</ele><time>2022-07-31T19:44:00Z</time></trkpt><trkpt lat="-24.156103" lon="-49.362329"><ele>859.658</ele><time>2022-07-31T19:44:01Z</time></trkpt><trkpt lat="-24.156188" lon="-49.362281"><ele>859.069</ele><time>2022-07-31T19:44:02Z</time></trkpt><trkpt lat="-24.156261" lon="-49.362233"><ele>859.326</ele><time>2022-07-31T19:44:03Z</time></trkpt><trkpt lat="-24.156339" lon="-49.362187"><ele>859.323</ele><time>2022-07-31T19:44:04Z</time></trkpt><trkpt lat="-24.156406" lon="-49.362140"><ele>861.057</ele><time>2022-07-31T19:44:05Z</time></trkpt><trkpt lat="-24.156475" lon="-49.362099"><ele>862.000</ele><time>2022-07-31T19:44:06Z</time></trkpt><trkpt lat="-24.156552" lon="-49.362052"><ele>862.920</ele><time>2022-07-31T19:44:07Z</time></trkpt><trkpt lat="-24.156628" lon="-49.362006"><ele>862.809</ele><time>2022-07-31T19:44:08Z</time></trkpt><trkpt lat="-24.156703" lon="-49.361969"><ele>863.366</ele><time>2022-07-31T19:44:09Z</time></trkpt><trkpt lat="-24.156778" lon="-49.361929"><ele>864.325</ele><time>2022-07-31T19:44:10Z</time></trkpt><trkpt lat="-24.156849" lon="-49.361890"><ele>865.464</ele><time>2022-07-31T19:44:11Z</time></trkpt><trkpt lat="-24.156927" lon="-49.361843"><ele>865.838</ele><time>2022-07-31T19:44:12Z</time></trkpt><trkpt lat="-24.157004" lon="-49.361801"><ele>866.561</ele><time>2022-07-31T19:44:13Z</time></trkpt><trkpt lat="-24.157083" lon="-49.361752"><ele>865.940</ele><time>2022-07-31T19:44:14Z</time></trkpt><trkpt lat="-24.157161" lon="-49.361714"><ele>867.211</ele><time>2022-07-31T19:44:15Z</time></trkpt><trkpt lat="-24.157238" lon="-49.361674"><ele>867.448</ele><time>2022-07-31T19:44:16Z</time></trkpt><trkpt lat="-24.157312" lon="-49.361631"><ele>868.175</ele><time>2022-07-31T19:44:17Z</time></trkpt><trkpt lat="-24.157388" lon="-49.361579"><ele>868.884</ele><time>2022-07-31T19:44:18Z</time></trkpt><trkpt lat="-24.157466" lon="-49.361536"><ele>869.607</ele><time>2022-07-31T19:44:19Z</time></trkpt><trkpt lat="-24.157547" lon="-49.361490"><ele>869.817</ele><time>2022-07-31T19:44:20Z</time></trkpt><trkpt lat="-24.157625" lon="-49.361447"><ele>870.509</ele><time>2022-07-31T19:44:21Z</time></trkpt><trkpt lat="-24.157710" lon="-49.361396"><ele>870.579</ele><time>2022-07-31T19:44:22Z</time></trkpt><trkpt lat="-24.157783" lon="-49.361366"><ele>871.678</ele><time>2022-07-31T19:44:23Z</time></trkpt><trkpt lat="-24.157869" lon="-49.361319"><ele>871.237</ele><time>2022-07-31T19:44:24Z</time></trkpt><trkpt lat="-24.157941" lon="-49.361278"><ele>872.771</ele><time>2022-07-31T19:44:25Z</time></trkpt><trkpt lat="-24.158025" lon="-49.361236"><ele>872.554</ele><time>2022-07-31T19:44:26Z</time></trkpt><trkpt lat="-24.158104" lon="-49.361206"><ele>874.263</ele><time>2022-07-31T19:44:27Z</time></trkpt><trkpt lat="-24.158179" lon="-49.361167"><ele>875.794</ele><time>2022-07-31T19:44:28Z</time></trkpt><trkpt lat="-24.158255" lon="-49.361123"><ele>877.831</ele><time>2022-07-31T19:44:29Z</time></trkpt><trkpt lat="-24.158337" lon="-49.361077"><ele>878.498</ele><time>2022-07-31T19:44:30Z</time></trkpt><trkpt lat="-24.158421" lon="-49.361032"><ele>880.024</ele><time>2022-07-31T19:44:31Z</time></trkpt><trkpt lat="-24.158501" lon="-49.360989"><ele>881.004</ele><time>2022-07-31T19:44:32Z</time></trkpt><trkpt lat="-24.158584" lon="-49.360943"><ele>881.714</ele><time>2022-07-31T19:44:33Z</time></trkpt><trkpt lat="-24.158665" lon="-49.360899"><ele>882.309</ele><time>2022-07-31T19:44:34Z</time></trkpt><trkpt lat="-24.158743" lon="-49.360862"><ele>883.093</ele><time>2022-07-31T19:44:35Z</time></trkpt><trkpt lat="-24.158840" lon="-49.360809"><ele>881.552</ele><time>2022-07-31T19:44:36Z</time></trkpt><trkpt lat="-24.158921" lon="-49.360761"><ele>882.311</ele><time>2022-07-31T19:44:37Z</time></trkpt><trkpt lat="-24.159002" lon="-49.360722"><ele>883.365</ele><time>2022-07-31T19:44:38Z</time></trkpt><trkpt lat="-24.159081" lon="-49.360674"><ele>884.368</ele><time>2022-07-31T19:44:39Z</time></trkpt><trkpt lat="-24.159158" lon="-49.360633"><ele>885.057</ele><time>2022-07-31T19:44:40Z</time></trkpt><trkpt lat="-24.159239" lon="-49.360581"><ele>885.978</ele><time>2022-07-31T19:44:41Z</time></trkpt><trkpt lat="-24.159323" lon="-49.360532"><ele>886.455</ele><time>2022-07-31T19:44:42Z</time></trkpt><trkpt lat="-24.159404" lon="-49.360481"><ele>886.462</ele><time>2022-07-31T19:44:43Z</time></trkpt><trkpt lat="-24.159487" lon="-49.360427"><ele>886.779</ele><time>2022-07-31T19:44:44Z</time></trkpt><trkpt lat="-24.159564" lon="-49.360382"><ele>887.605</ele><time>2022-07-31T19:44:45Z</time></trkpt><trkpt lat="-24.159640" lon="-49.360335"><ele>888.325</ele><time>2022-07-31T19:44:46Z</time></trkpt><trkpt lat="-24.159729" lon="-49.360286"><ele>888.009</ele><time>2022-07-31T19:44:47Z</time></trkpt><trkpt lat="-24.159810" lon="-49.360245"><ele>888.478</ele><time>2022-07-31T19:44:48Z</time></trkpt><trkpt lat="-24.159884" lon="-49.360207"><ele>888.517</ele><time>2022-07-31T19:44:49Z</time></trkpt><trkpt lat="-24.159957" lon="-49.360162"><ele>890.026</ele><time>2022-07-31T19:44:50Z</time></trkpt><trkpt lat="-24.160027" lon="-49.360115"><ele>890.370</ele><time>2022-07-31T19:44:51Z</time></trkpt><trkpt lat="-24.160100" lon="-49.360083"><ele>891.553</ele><time>2022-07-31T19:44:52Z</time></trkpt><trkpt lat="-24.160194" lon="-49.360053"><ele>890.352</ele><time>2022-07-31T19:44:53Z</time></trkpt><trkpt lat="-24.160281" lon="-49.360037"><ele>890.323</ele><time>2022-07-31T19:44:54Z</time></trkpt><trkpt lat="-24.160364" lon="-49.360022"><ele>891.480</ele><time>2022-07-31T19:44:55Z</time></trkpt><trkpt lat="-24.160453" lon="-49.360012"><ele>892.547</ele><time>2022-07-31T19:44:56Z</time></trkpt><trkpt lat="-24.160550" lon="-49.360015"><ele>892.455</ele><time>2022-07-31T19:44:57Z</time></trkpt><trkpt lat="-24.160643" lon="-49.360015"><ele>861.407</ele><time>2022-07-31T19:44:58Z</time></trkpt><trkpt lat="-24.160738" lon="-49.360018"><ele>867.917</ele><time>2022-07-31T19:44:59Z</time></trkpt><trkpt lat="-24.160834" lon="-49.360031"><ele>873.309</ele><time>2022-07-31T19:45:00Z</time></trkpt><trkpt lat="-24.160929" lon="-49.360036"><ele>879.296</ele><time>2022-07-31T19:45:01Z</time></trkpt><trkpt lat="-24.161021" lon="-49.360034"><ele>882.915</ele><time>2022-07-31T19:45:02Z</time></trkpt><trkpt lat="-24.161114" lon="-49.360043"><ele>885.264</ele><time>2022-07-31T19:45:03Z</time></trkpt><trkpt lat="-24.161206" lon="-49.360066"><ele>885.638</ele><time>2022-07-31T19:45:04Z</time></trkpt><trkpt lat="-24.161308" lon="-49.360077"><ele>886.371</ele><time>2022-07-31T19:45:05Z</time></trkpt><trkpt lat="-24.161411" lon="-49.360087"><ele>886.030</ele><time>2022-07-31T19:45:06Z</time></trkpt><trkpt lat="-24.161511" lon="-49.360108"><ele>885.351</ele><time>2022-07-31T19:45:07Z</time></trkpt><trkpt lat="-24.161609" lon="-49.360119"><ele>886.288</ele><time>2022-07-31T19:45:08Z</time></trkpt><trkpt lat="-24.161707" lon="-49.360118"><ele>886.755</ele><time>2022-07-31T19:45:09Z</time></trkpt><trkpt lat="-24.161805" lon="-49.360133"><ele>887.134</ele><time>2022-07-31T19:45:10Z</time></trkpt><trkpt lat="-24.161907" lon="-49.360140"><ele>887.055</ele><time>2022-07-31T19:45:11Z</time></trkpt><trkpt lat="-24.162004" lon="-49.360141"><ele>888.310</ele><time>2022-07-31T19:45:12Z</time></trkpt><trkpt lat="-24.162099" lon="-49.360151"><ele>887.609</ele><time>2022-07-31T19:45:13Z</time></trkpt><trkpt lat="-24.162200" lon="-49.360154"><ele>887.884</ele><time>2022-07-31T19:45:14Z</time></trkpt><trkpt lat="-24.162296" lon="-49.360158"><ele>888.293</ele><time>2022-07-31T19:45:15Z</time></trkpt><trkpt lat="-24.162391" lon="-49.360166"><ele>888.842</ele><time>2022-07-31T19:45:16Z</time></trkpt><trkpt lat="-24.162487" lon="-49.360174"><ele>890.156</ele><time>2022-07-31T19:45:17Z</time></trkpt><trkpt lat="-24.162586" lon="-49.360183"><ele>890.679</ele><time>2022-07-31T19:45:18Z</time></trkpt><trkpt lat="-24.162682" lon="-49.360188"><ele>890.958</ele><time>2022-07-31T19:45:19Z</time></trkpt><trkpt lat="-24.162772" lon="-49.360201"><ele>891.989</ele><time>2022-07-31T19:45:20Z</time></trkpt><trkpt lat="-24.162865" lon="-49.360208"><ele>892.256</ele><time>2022-07-31T19:45:21Z</time></trkpt><trkpt lat="-24.162957" lon="-49.360214"><ele>892.763</ele><time>2022-07-31T19:45:22Z</time></trkpt><trkpt lat="-24.163054" lon="-49.360212"><ele>892.945</ele><time>2022-07-31T19:45:23Z</time></trkpt><trkpt lat="-24.163147" lon="-49.360207"><ele>893.947</ele><time>2022-07-31T19:45:24Z</time></trkpt><trkpt lat="-24.163238" lon="-49.360207"><ele>894.211</ele><time>2022-07-31T19:45:25Z</time></trkpt><trkpt lat="-24.163332" lon="-49.360208"><ele>893.909</ele><time>2022-07-31T19:45:26Z</time></trkpt><trkpt lat="-24.163424" lon="-49.360211"><ele>894.055</ele><time>2022-07-31T19:45:27Z</time></trkpt><trkpt lat="-24.163519" lon="-49.360216"><ele>893.874</ele><time>2022-07-31T19:45:28Z</time></trkpt><trkpt lat="-24.163610" lon="-49.360221"><ele>893.653</ele><time>2022-07-31T19:45:29Z</time></trkpt><trkpt lat="-24.163701" lon="-49.360233"><ele>894.027</ele><time>2022-07-31T19:45:30Z</time></trkpt><trkpt lat="-24.163795" lon="-49.360240"><ele>894.110</ele><time>2022-07-31T19:45:31Z</time></trkpt><trkpt lat="-24.163886" lon="-49.360261"><ele>895.139</ele><time>2022-07-31T19:45:32Z</time></trkpt><trkpt lat="-24.163971" lon="-49.360291"><ele>895.450</ele><time>2022-07-31T19:45:33Z</time></trkpt><trkpt lat="-24.164066" lon="-49.360312"><ele>895.777</ele><time>2022-07-31T19:45:34Z</time></trkpt><trkpt lat="-24.164151" lon="-49.360335"><ele>895.354</ele><time>2022-07-31T19:45:35Z</time></trkpt><trkpt lat="-24.164239" lon="-49.360349"><ele>895.586</ele><time>2022-07-31T19:45:36Z</time></trkpt><trkpt lat="-24.164321" lon="-49.360364"><ele>896.160</ele><time>2022-07-31T19:45:37Z</time></trkpt><trkpt lat="-24.164408" lon="-49.360376"><ele>895.826</ele><time>2022-07-31T19:45:38Z</time></trkpt><trkpt lat="-24.164497" lon="-49.360380"><ele>895.609</ele><time>2022-07-31T19:45:39Z</time></trkpt><trkpt lat="-24.164580" lon="-49.360386"><ele>896.049</ele><time>2022-07-31T19:45:40Z</time></trkpt><trkpt lat="-24.164668" lon="-49.360387"><ele>896.258</ele><time>2022-07-31T19:45:41Z</time></trkpt><trkpt lat="-24.164757" lon="-49.360385"><ele>897.017</ele><time>2022-07-31T19:45:42Z</time></trkpt><trkpt lat="-24.164845" lon="-49.360375"><ele>897.141</ele><time>2022-07-31T19:45:43Z</time></trkpt><trkpt lat="-24.164925" lon="-49.360373"><ele>897.984</ele><time>2022-07-31T19:45:44Z</time></trkpt><trkpt lat="-24.165007" lon="-49.360355"><ele>898.963</ele><time>2022-07-31T19:45:45Z</time></trkpt><trkpt lat="-24.165094" lon="-49.360346"><ele>899.364</ele><time>2022-07-31T19:45:46Z</time></trkpt><trkpt lat="-24.165180" lon="-49.360333"><ele>899.411</ele><time>2022-07-31T19:45:47Z</time></trkpt><trkpt lat="-24.165263" lon="-49.360322"><ele>899.548</ele><time>2022-07-31T19:45:48Z</time></trkpt><trkpt lat="-24.165349" lon="-49.360309"><ele>899.716</ele><time>2022-07-31T19:45:49Z</time></trkpt><trkpt lat="-24.165438" lon="-49.360296"><ele>900.176</ele><time>2022-07-31T19:45:50Z</time></trkpt><trkpt lat="-24.165524" lon="-49.360284"><ele>900.213</ele><time>2022-07-31T19:45:51Z</time></trkpt><trkpt lat="-24.165608" lon="-49.360275"><ele>900.909</ele><time>2022-07-31T19:45:52Z</time></trkpt><trkpt lat="-24.165700" lon="-49.360257"><ele>901.462</ele><time>2022-07-31T19:45:53Z</time></trkpt><trkpt lat="-24.165798" lon="-49.360261"><ele>901.851</ele><time>2022-07-31T19:45:54Z</time></trkpt><trkpt lat="-24.165885" lon="-49.360242"><ele>901.660</ele><time>2022-07-31T19:45:55Z</time></trkpt><trkpt lat="-24.165979" lon="-49.360229"><ele>902.444</ele><time>2022-07-31T19:45:56Z</time></trkpt><trkpt lat="-24.166073" lon="-49.360215"><ele>903.087</ele><time>2022-07-31T19:45:57Z</time></trkpt><trkpt lat="-24.166167" lon="-49.360199"><ele>903.386</ele><time>2022-07-31T19:45:58Z</time></trkpt><trkpt lat="-24.166255" lon="-49.360183"><ele>903.437</ele><time>2022-07-31T19:45:59Z</time></trkpt><trkpt lat="-24.166351" lon="-49.360167"><ele>903.534</ele><time>2022-07-31T19:46:00Z</time></trkpt><trkpt lat="-24.166444" lon="-49.360153"><ele>904.031</ele><time>2022-07-31T19:46:01Z</time></trkpt><trkpt lat="-24.166536" lon="-49.360139"><ele>904.451</ele><time>2022-07-31T19:46:02Z</time></trkpt><trkpt lat="-24.166630" lon="-49.360125"><ele>904.401</ele><time>2022-07-31T19:46:03Z</time></trkpt><trkpt lat="-24.166727" lon="-49.360114"><ele>905.311</ele><time>2022-07-31T19:46:04Z</time></trkpt><trkpt lat="-24.166818" lon="-49.360100"><ele>905.609</ele><time>2022-07-31T19:46:05Z</time></trkpt><trkpt lat="-24.166913" lon="-49.360083"><ele>905.936</ele><time>2022-07-31T19:46:06Z</time></trkpt><trkpt lat="-24.167006" lon="-49.360064"><ele>906.255</ele><time>2022-07-31T19:46:07Z</time></trkpt><trkpt lat="-24.167100" lon="-49.360050"><ele>907.324</ele><time>2022-07-31T19:46:08Z</time></trkpt><trkpt lat="-24.167192" lon="-49.360024"><ele>907.848</ele><time>2022-07-31T19:46:09Z</time></trkpt><trkpt lat="-24.167286" lon="-49.360010"><ele>908.381</ele><time>2022-07-31T19:46:10Z</time></trkpt><trkpt lat="-24.167379" lon="-49.359997"><ele>909.320</ele><time>2022-07-31T19:46:11Z</time></trkpt><trkpt lat="-24.167477" lon="-49.359968"><ele>911.461</ele><time>2022-07-31T19:46:12Z</time></trkpt><trkpt lat="-24.167571" lon="-49.359948"><ele>912.028</ele><time>2022-07-31T19:46:13Z</time></trkpt><trkpt lat="-24.167672" lon="-49.359927"><ele>912.485</ele><time>2022-07-31T19:46:14Z</time></trkpt><trkpt lat="-24.167760" lon="-49.359898"><ele>912.824</ele><time>2022-07-31T19:46:15Z</time></trkpt><trkpt lat="-24.167846" lon="-49.359877"><ele>913.104</ele><time>2022-07-31T19:46:16Z</time></trkpt><trkpt lat="-24.167940" lon="-49.359848"><ele>913.414</ele><time>2022-07-31T19:46:17Z</time></trkpt><trkpt lat="-24.168033" lon="-49.359828"><ele>913.409</ele><time>2022-07-31T19:46:18Z</time></trkpt><trkpt lat="-24.168119" lon="-49.359807"><ele>913.333</ele><time>2022-07-31T19:46:19Z</time></trkpt><trkpt lat="-24.168205" lon="-49.359787"><ele>913.482</ele><time>2022-07-31T19:46:20Z</time></trkpt><trkpt lat="-24.168287" lon="-49.359776"><ele>914.361</ele><time>2022-07-31T19:46:21Z</time></trkpt><trkpt lat="-24.168377" lon="-49.359760"><ele>914.045</ele><time>2022-07-31T19:46:22Z</time></trkpt><trkpt lat="-24.168457" lon="-49.359749"><ele>914.598</ele><time>2022-07-31T19:46:23Z</time></trkpt><trkpt lat="-24.168539" lon="-49.359738"><ele>914.537</ele><time>2022-07-31T19:46:24Z</time></trkpt><trkpt lat="-24.168624" lon="-49.359721"><ele>914.918</ele><time>2022-07-31T19:46:25Z</time></trkpt><trkpt lat="-24.168706" lon="-49.359709"><ele>915.555</ele><time>2022-07-31T19:46:26Z</time></trkpt><trkpt lat="-24.168795" lon="-49.359688"><ele>915.752</ele><time>2022-07-31T19:46:27Z</time></trkpt><trkpt lat="-24.168884" lon="-49.359670"><ele>916.541</ele><time>2022-07-31T19:46:28Z</time></trkpt><trkpt lat="-24.168971" lon="-49.359651"><ele>916.481</ele><time>2022-07-31T19:46:29Z</time></trkpt><trkpt lat="-24.169065" lon="-49.359633"><ele>916.509</ele><time>2022-07-31T19:46:30Z</time></trkpt><trkpt lat="-24.169158" lon="-49.359615"><ele>916.009</ele><time>2022-07-31T19:46:31Z</time></trkpt><trkpt lat="-24.169243" lon="-49.359603"><ele>916.315</ele><time>2022-07-31T19:46:32Z</time></trkpt><trkpt lat="-24.169330" lon="-49.359585"><ele>916.554</ele><time>2022-07-31T19:46:33Z</time></trkpt><trkpt lat="-24.169428" lon="-49.359571"><ele>883.483</ele><time>2022-07-31T19:46:34Z</time></trkpt><trkpt lat="-24.169519" lon="-49.359558"><ele>864.257</ele><time>2022-07-31T19:46:35Z</time></trkpt><trkpt lat="-24.169618" lon="-49.359546"><ele>880.670</ele><time>2022-07-31T19:46:36Z</time></trkpt><trkpt lat="-24.169710" lon="-49.359535"><ele>889.669</ele><time>2022-07-31T19:46:37Z</time></trkpt><trkpt lat="-24.169802" lon="-49.359519"><ele>898.670</ele><time>2022-07-31T19:46:38Z</time></trkpt><trkpt lat="-24.169890" lon="-49.359505"><ele>902.127</ele><time>2022-07-31T19:46:39Z</time></trkpt><trkpt lat="-24.169987" lon="-49.359488"><ele>905.194</ele><time>2022-07-31T19:46:40Z</time></trkpt><trkpt lat="-24.170081" lon="-49.359468"><ele>908.029</ele><time>2022-07-31T19:46:41Z</time></trkpt><trkpt lat="-24.170173" lon="-49.359445"><ele>909.900</ele><time>2022-07-31T19:46:42Z</time></trkpt><trkpt lat="-24.170272" lon="-49.359431"><ele>910.720</ele><time>2022-07-31T19:46:43Z</time></trkpt><trkpt lat="-24.170372" lon="-49.359415"><ele>911.309</ele><time>2022-07-31T19:46:44Z</time></trkpt><trkpt lat="-24.170469" lon="-49.359412"><ele>911.843</ele><time>2022-07-31T19:46:45Z</time></trkpt><trkpt lat="-24.170560" lon="-49.359403"><ele>914.062</ele><time>2022-07-31T19:46:46Z</time></trkpt><trkpt lat="-24.170649" lon="-49.359393"><ele>914.661</ele><time>2022-07-31T19:46:47Z</time></trkpt><trkpt lat="-24.170739" lon="-49.359387"><ele>915.615</ele><time>2022-07-31T19:46:48Z</time></trkpt><trkpt lat="-24.170828" lon="-49.359372"><ele>915.848</ele><time>2022-07-31T19:46:49Z</time></trkpt><trkpt lat="-24.170914" lon="-49.359369"><ele>915.867</ele><time>2022-07-31T19:46:50Z</time></trkpt><trkpt lat="-24.171001" lon="-49.359364"><ele>916.178</ele><time>2022-07-31T19:46:51Z</time></trkpt><trkpt lat="-24.171090" lon="-49.359368"><ele>916.175</ele><time>2022-07-31T19:46:52Z</time></trkpt><trkpt lat="-24.171181" lon="-49.359370"><ele>916.622</ele><time>2022-07-31T19:46:53Z</time></trkpt><trkpt lat="-24.171274" lon="-49.359369"><ele>915.875</ele><time>2022-07-31T19:46:54Z</time></trkpt><trkpt lat="-24.171360" lon="-49.359372"><ele>916.428</ele><time>2022-07-31T19:46:55Z</time></trkpt><trkpt lat="-24.171454" lon="-49.359382"><ele>916.420</ele><time>2022-07-31T19:46:56Z</time></trkpt><trkpt lat="-24.171545" lon="-49.359398"><ele>916.609</ele><time>2022-07-31T19:46:57Z</time></trkpt><trkpt lat="-24.171638" lon="-49.359405"><ele>916.248</ele><time>2022-07-31T19:46:58Z</time></trkpt><trkpt lat="-24.171724" lon="-49.359421"><ele>916.777</ele><time>2022-07-31T19:46:59Z</time></trkpt><trkpt lat="-24.171812" lon="-49.359441"><ele>915.776</ele><time>2022-07-31T19:47:00Z</time></trkpt><trkpt lat="-24.171898" lon="-49.359464"><ele>915.660</ele><time>2022-07-31T19:47:01Z</time></trkpt><trkpt lat="-24.171981" lon="-49.359481"><ele>915.643</ele><time>2022-07-31T19:47:02Z</time></trkpt><trkpt lat="-24.172055" lon="-49.359522"><ele>913.812</ele><time>2022-07-31T19:47:03Z</time></trkpt><trkpt lat="-24.172129" lon="-49.359538"><ele>912.823</ele><time>2022-07-31T19:47:04Z</time></trkpt><trkpt lat="-24.172210" lon="-49.359564"><ele>912.240</ele><time>2022-07-31T19:47:05Z</time></trkpt><trkpt lat="-24.172286" lon="-49.359609"><ele>911.867</ele><time>2022-07-31T19:47:06Z</time></trkpt><trkpt lat="-24.172372" lon="-49.359630"><ele>911.943</ele><time>2022-07-31T19:47:07Z</time></trkpt><trkpt lat="-24.172457" lon="-49.359656"><ele>912.364</ele><time>2022-07-31T19:47:08Z</time></trkpt><trkpt lat="-24.172553" lon="-49.359684"><ele>910.610</ele><time>2022-07-31T19:47:09Z</time></trkpt><trkpt lat="-24.172628" lon="-49.359736"><ele>914.709</ele><time>2022-07-31T19:47:10Z</time></trkpt><trkpt lat="-24.172718" lon="-49.359750"><ele>914.065</ele><time>2022-07-31T19:47:11Z</time></trkpt><trkpt lat="-24.172806" lon="-49.359779"><ele>913.584</ele><time>2022-07-31T19:47:12Z</time></trkpt><trkpt lat="-24.172893" lon="-49.359814"><ele>912.843</ele><time>2022-07-31T19:47:13Z</time></trkpt><trkpt lat="-24.172982" lon="-49.359844"><ele>912.347</ele><time>2022-07-31T19:47:14Z</time></trkpt><trkpt lat="-24.173079" lon="-49.359867"><ele>910.860</ele><time>2022-07-31T19:47:15Z</time></trkpt><trkpt lat="-24.173176" lon="-49.359898"><ele>910.569</ele><time>2022-07-31T19:47:16Z</time></trkpt><trkpt lat="-24.173266" lon="-49.359917"><ele>910.590</ele><time>2022-07-31T19:47:17Z</time></trkpt><trkpt lat="-24.173352" lon="-49.359945"><ele>910.567</ele><time>2022-07-31T19:47:18Z</time></trkpt><trkpt lat="-24.173430" lon="-49.359977"><ele>910.324</ele><time>2022-07-31T19:47:19Z</time></trkpt><trkpt lat="-24.173525" lon="-49.360003"><ele>910.088</ele><time>2022-07-31T19:47:20Z</time></trkpt><trkpt lat="-24.173604" lon="-49.360055"><ele>909.424</ele><time>2022-07-31T19:47:21Z</time></trkpt><trkpt lat="-24.173688" lon="-49.360079"><ele>908.226</ele><time>2022-07-31T19:47:22Z</time></trkpt><trkpt lat="-24.173788" lon="-49.360114"><ele>905.809</ele><time>2022-07-31T19:47:23Z</time></trkpt><trkpt lat="-24.173873" lon="-49.360142"><ele>903.759</ele><time>2022-07-31T19:47:24Z</time></trkpt><trkpt lat="-24.173942" lon="-49.360180"><ele>905.748</ele><time>2022-07-31T19:47:25Z</time></trkpt><trkpt lat="-24.174030" lon="-49.360215"><ele>906.017</ele><time>2022-07-31T19:47:26Z</time></trkpt><trkpt lat="-24.174122" lon="-49.360244"><ele>905.691</ele><time>2022-07-31T19:47:27Z</time></trkpt><trkpt lat="-24.174206" lon="-49.360275"><ele>905.894</ele><time>2022-07-31T19:47:28Z</time></trkpt><trkpt lat="-24.174287" lon="-49.360301"><ele>906.273</ele><time>2022-07-31T19:47:29Z</time></trkpt><trkpt lat="-24.174366" lon="-49.360330"><ele>906.524</ele><time>2022-07-31T19:47:30Z</time></trkpt><trkpt lat="-24.174442" lon="-49.360366"><ele>907.591</ele><time>2022-07-31T19:47:31Z</time></trkpt><trkpt lat="-24.174532" lon="-49.360385"><ele>905.878</ele><time>2022-07-31T19:47:32Z</time></trkpt><trkpt lat="-24.174621" lon="-49.360412"><ele>905.436</ele><time>2022-07-31T19:47:33Z</time></trkpt><trkpt lat="-24.174707" lon="-49.360430"><ele>905.917</ele><time>2022-07-31T19:47:34Z</time></trkpt><trkpt lat="-24.174791" lon="-49.360452"><ele>905.318</ele><time>2022-07-31T19:47:35Z</time></trkpt><trkpt lat="-24.174862" lon="-49.360481"><ele>906.109</ele><time>2022-07-31T19:47:36Z</time></trkpt><trkpt lat="-24.174959" lon="-49.360496"><ele>904.674</ele><time>2022-07-31T19:47:37Z</time></trkpt><trkpt lat="-24.175044" lon="-49.360523"><ele>904.443</ele><time>2022-07-31T19:47:38Z</time></trkpt><trkpt lat="-24.175121" lon="-49.360551"><ele>904.942</ele><time>2022-07-31T19:47:39Z</time></trkpt><trkpt lat="-24.175201" lon="-49.360586"><ele>906.036</ele><time>2022-07-31T19:47:40Z</time></trkpt><trkpt lat="-24.175268" lon="-49.360638"><ele>906.569</ele><time>2022-07-31T19:47:41Z</time></trkpt><trkpt lat="-24.175356" lon="-49.360661"><ele>906.388</ele><time>2022-07-31T19:47:42Z</time></trkpt><trkpt lat="-24.175450" lon="-49.360688"><ele>906.959</ele><time>2022-07-31T19:47:43Z</time></trkpt><trkpt lat="-24.175537" lon="-49.360711"><ele>907.746</ele><time>2022-07-31T19:47:44Z</time></trkpt><trkpt lat="-24.175632" lon="-49.360735"><ele>908.573</ele><time>2022-07-31T19:47:45Z</time></trkpt><trkpt lat="-24.175709" lon="-49.360764"><ele>910.516</ele><time>2022-07-31T19:47:46Z</time></trkpt><trkpt lat="-24.175803" lon="-49.360796"><ele>910.776</ele><time>2022-07-31T19:47:47Z</time></trkpt><trkpt lat="-24.175894" lon="-49.360836"><ele>910.713</ele><time>2022-07-31T19:47:48Z</time></trkpt><trkpt lat="-24.175961" lon="-49.360875"><ele>909.209</ele><time>2022-07-31T19:47:49Z</time></trkpt><trkpt lat="-24.176054" lon="-49.360913"><ele>908.352</ele><time>2022-07-31T19:47:50Z</time></trkpt><trkpt lat="-24.176138" lon="-49.360954"><ele>910.111</ele><time>2022-07-31T19:47:51Z</time></trkpt><trkpt lat="-24.176226" lon="-49.360988"><ele>911.670</ele><time>2022-07-31T19:47:52Z</time></trkpt><trkpt lat="-24.176317" lon="-49.361024"><ele>912.534</ele><time>2022-07-31T19:47:53Z</time></trkpt><trkpt lat="-24.176416" lon="-49.361053"><ele>913.537</ele><time>2022-07-31T19:47:54Z</time></trkpt><trkpt lat="-24.176509" lon="-49.361080"><ele>914.356</ele><time>2022-07-31T19:47:55Z</time></trkpt><trkpt lat="-24.176580" lon="-49.361125"><ele>915.597</ele><time>2022-07-31T19:47:56Z</time></trkpt><trkpt lat="-24.176674" lon="-49.361150"><ele>913.674</ele><time>2022-07-31T19:47:57Z</time></trkpt><trkpt lat="-24.176750" lon="-49.361200"><ele>914.561</ele><time>2022-07-31T19:47:58Z</time></trkpt><trkpt lat="-24.176828" lon="-49.361237"><ele>916.362</ele><time>2022-07-31T19:47:59Z</time></trkpt><trkpt lat="-24.176905" lon="-49.361276"><ele>918.183</ele><time>2022-07-31T19:48:00Z</time></trkpt><trkpt lat="-24.176993" lon="-49.361311"><ele>919.011</ele><time>2022-07-31T19:48:01Z</time></trkpt><trkpt lat="-24.177067" lon="-49.361351"><ele>920.409</ele><time>2022-07-31T19:48:02Z</time></trkpt><trkpt lat="-24.177140" lon="-49.361390"><ele>920.767</ele><time>2022-07-31T19:48:03Z</time></trkpt><trkpt lat="-24.177208" lon="-49.361433"><ele>920.816</ele><time>2022-07-31T19:48:04Z</time></trkpt><trkpt lat="-24.177297" lon="-49.361461"><ele>920.655</ele><time>2022-07-31T19:48:05Z</time></trkpt><trkpt lat="-24.177377" lon="-49.361505"><ele>920.379</ele><time>2022-07-31T19:48:06Z</time></trkpt><trkpt lat="-24.177470" lon="-49.361526"><ele>913.892</ele><time>2022-07-31T19:48:07Z</time></trkpt><trkpt lat="-24.177548" lon="-49.361564"><ele>914.541</ele><time>2022-07-31T19:48:08Z</time></trkpt><trkpt lat="-24.177631" lon="-49.361597"><ele>913.642</ele><time>2022-07-31T19:48:09Z</time></trkpt><trkpt lat="-24.177711" lon="-49.361632"><ele>914.669</ele><time>2022-07-31T19:48:10Z</time></trkpt><trkpt lat="-24.177787" lon="-49.361684"><ele>912.916</ele><time>2022-07-31T19:48:11Z</time></trkpt><trkpt lat="-24.177862" lon="-49.361737"><ele>912.842</ele><time>2022-07-31T19:48:12Z</time></trkpt><trkpt lat="-24.177937" lon="-49.361771"><ele>913.122</ele><time>2022-07-31T19:48:13Z</time></trkpt><trkpt lat="-24.178008" lon="-49.361808"><ele>914.314</ele><time>2022-07-31T19:48:14Z</time></trkpt><trkpt lat="-24.178082" lon="-49.361846"><ele>914.109</ele><time>2022-07-31T19:48:15Z</time></trkpt><trkpt lat="-24.178151" lon="-49.361896"><ele>914.075</ele><time>2022-07-31T19:48:16Z</time></trkpt><trkpt lat="-24.178224" lon="-49.361937"><ele>915.964</ele><time>2022-07-31T19:48:17Z</time></trkpt><trkpt lat="-24.178294" lon="-49.361982"><ele>916.193</ele><time>2022-07-31T19:48:18Z</time></trkpt><trkpt lat="-24.178375" lon="-49.362028"><ele>916.777</ele><time>2022-07-31T19:48:19Z</time></trkpt><trkpt lat="-24.178452" lon="-49.362069"><ele>916.870</ele><time>2022-07-31T19:48:20Z</time></trkpt><trkpt lat="-24.178526" lon="-49.362119"><ele>917.969</ele><time>2022-07-31T19:48:21Z</time></trkpt><trkpt lat="-24.178602" lon="-49.362165"><ele>918.870</ele><time>2022-07-31T19:48:22Z</time></trkpt><trkpt lat="-24.178685" lon="-49.362183"><ele>920.157</ele><time>2022-07-31T19:48:23Z</time></trkpt><trkpt lat="-24.178776" lon="-49.362213"><ele>919.994</ele><time>2022-07-31T19:48:24Z</time></trkpt><trkpt lat="-24.178846" lon="-49.362272"><ele>890.444</ele><time>2022-07-31T19:48:25Z</time></trkpt><trkpt lat="-24.178924" lon="-49.362316"><ele>861.105</ele><time>2022-07-31T19:48:26Z</time></trkpt><trkpt lat="-24.178999" lon="-49.362366"><ele>835.515</ele><time>2022-07-31T19:48:27Z</time></trkpt><trkpt lat="-24.179080" lon="-49.362405"><ele>855.709</ele><time>2022-07-31T19:48:28Z</time></trkpt><trkpt lat="-24.179165" lon="-49.362429"><ele>867.235</ele><time>2022-07-31T19:48:29Z</time></trkpt><trkpt lat="-24.179233" lon="-49.362465"><ele>874.984</ele><time>2022-07-31T19:48:30Z</time></trkpt><trkpt lat="-24.179310" lon="-49.362513"><ele>882.993</ele><time>2022-07-31T19:48:31Z</time></trkpt><trkpt lat="-24.179390" lon="-49.362564"><ele>891.887</ele><time>2022-07-31T19:48:32Z</time></trkpt><trkpt lat="-24.179475" lon="-49.362613"><ele>895.180</ele><time>2022-07-31T19:48:33Z</time></trkpt><trkpt lat="-24.179560" lon="-49.362655"><ele>898.769</ele><time>2022-07-31T19:48:34Z</time></trkpt><trkpt lat="-24.179640" lon="-49.362710"><ele>905.240</ele><time>2022-07-31T19:48:35Z</time></trkpt><trkpt lat="-24.179718" lon="-49.362758"><ele>908.437</ele><time>2022-07-31T19:48:36Z</time></trkpt><trkpt lat="-24.179785" lon="-49.362798"><ele>911.434</ele><time>2022-07-31T19:48:37Z</time></trkpt><trkpt lat="-24.179869" lon="-49.362844"><ele>913.892</ele><time>2022-07-31T19:48:38Z</time></trkpt><trkpt lat="-24.179950" lon="-49.362892"><ele>916.373</ele><time>2022-07-31T19:48:39Z</time></trkpt><trkpt lat="-24.180026" lon="-49.362937"><ele>918.420</ele><time>2022-07-31T19:48:40Z</time></trkpt><trkpt lat="-24.180104" lon="-49.362979"><ele>919.609</ele><time>2022-07-31T19:48:41Z</time></trkpt><trkpt lat="-24.180182" lon="-49.363033"><ele>921.020</ele><time>2022-07-31T19:48:42Z</time></trkpt><trkpt lat="-24.180261" lon="-49.363087"><ele>922.519</ele><time>2022-07-31T19:48:43Z</time></trkpt><trkpt lat="-24.180345" lon="-49.363118"><ele>923.818</ele><time>2022-07-31T19:48:44Z</time></trkpt><trkpt lat="-24.180421" lon="-49.363172"><ele>926.132</ele><time>2022-07-31T19:48:45Z</time></trkpt><trkpt lat="-24.180492" lon="-49.363231"><ele>933.525</ele><time>2022-07-31T19:48:46Z</time></trkpt><trkpt lat="-24.180560" lon="-49.363274"><ele>935.464</ele><time>2022-07-31T19:48:47Z</time></trkpt><trkpt lat="-24.180649" lon="-49.363319"><ele>936.355</ele><time>2022-07-31T19:48:48Z</time></trkpt><trkpt lat="-24.180733" lon="-49.363375"><ele>937.042</ele><time>2022-07-31T19:48:49Z</time></trkpt><trkpt lat="-24.180814" lon="-49.363417"><ele>938.429</ele><time>2022-07-31T19:48:50Z</time></trkpt><trkpt lat="-24.180903" lon="-49.363467"><ele>939.551</ele><time>2022-07-31T19:48:51Z</time></trkpt><trkpt lat="-24.180993" lon="-49.363513"><ele>940.001</ele><time>2022-07-31T19:48:52Z</time></trkpt><trkpt lat="-24.181077" lon="-49.363551"><ele>940.111</ele><time>2022-07-31T19:48:53Z</time></trkpt><trkpt lat="-24.181167" lon="-49.363595"><ele>940.109</ele><time>2022-07-31T19:48:54Z</time></trkpt><trkpt lat="-24.181256" lon="-49.363644"><ele>940.946</ele><time>2022-07-31T19:48:55Z</time></trkpt><trkpt lat="-24.181344" lon="-49.363699"><ele>941.125</ele><time>2022-07-31T19:48:56Z</time></trkpt><trkpt lat="-24.181423" lon="-49.363751"><ele>943.914</ele><time>2022-07-31T19:48:57Z</time></trkpt><trkpt lat="-24.181508" lon="-49.363796"><ele>944.668</ele><time>2022-07-31T19:48:58Z</time></trkpt><trkpt lat="-24.181585" lon="-49.363841"><ele>944.991</ele><time>2022-07-31T19:48:59Z</time></trkpt><trkpt lat="-24.181666" lon="-49.363898"><ele>945.410</ele><time>2022-07-31T19:49:00Z</time></trkpt><trkpt lat="-24.181746" lon="-49.363945"><ele>946.471</ele><time>2022-07-31T19:49:01Z</time></trkpt><trkpt lat="-24.181838" lon="-49.363997"><ele>945.788</ele><time>2022-07-31T19:49:02Z</time></trkpt><trkpt lat="-24.181923" lon="-49.364047"><ele>946.895</ele><time>2022-07-31T19:49:03Z</time></trkpt><trkpt lat="-24.182007" lon="-49.364092"><ele>947.859</ele><time>2022-07-31T19:49:04Z</time></trkpt><trkpt lat="-24.182088" lon="-49.364140"><ele>948.403</ele><time>2022-07-31T19:49:05Z</time></trkpt><trkpt lat="-24.182173" lon="-49.364187"><ele>948.523</ele><time>2022-07-31T19:49:06Z</time></trkpt><trkpt lat="-24.182256" lon="-49.364234"><ele>948.009</ele><time>2022-07-31T19:49:07Z</time></trkpt><trkpt lat="-24.182340" lon="-49.364281"><ele>949.026</ele><time>2022-07-31T19:49:08Z</time></trkpt><trkpt lat="-24.182425" lon="-49.364326"><ele>949.215</ele><time>2022-07-31T19:49:09Z</time></trkpt><trkpt lat="-24.182509" lon="-49.364371"><ele>950.434</ele><time>2022-07-31T19:49:10Z</time></trkpt><trkpt lat="-24.182590" lon="-49.364421"><ele>950.868</ele><time>2022-07-31T19:49:11Z</time></trkpt><trkpt lat="-24.182674" lon="-49.364465"><ele>951.671</ele><time>2022-07-31T19:49:12Z</time></trkpt><trkpt lat="-24.182753" lon="-49.364506"><ele>951.330</ele><time>2022-07-31T19:49:13Z</time></trkpt><trkpt lat="-24.182836" lon="-49.364545"><ele>952.261</ele><time>2022-07-31T19:49:14Z</time></trkpt><trkpt lat="-24.182920" lon="-49.364584"><ele>952.818</ele><time>2022-07-31T19:49:15Z</time></trkpt><trkpt lat="-24.183004" lon="-49.364617"><ele>953.525</ele><time>2022-07-31T19:49:16Z</time></trkpt><trkpt lat="-24.183090" lon="-49.364645"><ele>953.415</ele><time>2022-07-31T19:49:17Z</time></trkpt><trkpt lat="-24.183181" lon="-49.364670"><ele>953.865</ele><time>2022-07-31T19:49:18Z</time></trkpt><trkpt lat="-24.183265" lon="-49.364688"><ele>954.411</ele><time>2022-07-31T19:49:19Z</time></trkpt><trkpt lat="-24.183349" lon="-49.364708"><ele>954.309</ele><time>2022-07-31T19:49:20Z</time></trkpt><trkpt lat="-24.183440" lon="-49.364715"><ele>953.642</ele><time>2022-07-31T19:49:21Z</time></trkpt><trkpt lat="-24.183528" lon="-49.364726"><ele>953.571</ele><time>2022-07-31T19:49:22Z</time></trkpt><trkpt lat="-24.183616" lon="-49.364724"><ele>955.090</ele><time>2022-07-31T19:49:23Z</time></trkpt><trkpt lat="-24.183704" lon="-49.364726"><ele>955.394</ele><time>2022-07-31T19:49:24Z</time></trkpt><trkpt lat="-24.183791" lon="-49.364736"><ele>955.297</ele><time>2022-07-31T19:49:25Z</time></trkpt><trkpt lat="-24.183879" lon="-49.364733"><ele>955.496</ele><time>2022-07-31T19:49:26Z</time></trkpt><trkpt lat="-24.183965" lon="-49.364739"><ele>955.627</ele><time>2022-07-31T19:49:27Z</time></trkpt><trkpt lat="-24.184051" lon="-49.364749"><ele>955.394</ele><time>2022-07-31T19:49:28Z</time></trkpt><trkpt lat="-24.184141" lon="-49.364759"><ele>955.291</ele><time>2022-07-31T19:49:29Z</time></trkpt><trkpt lat="-24.184222" lon="-49.364777"><ele>954.985</ele><time>2022-07-31T19:49:30Z</time></trkpt><trkpt lat="-24.184305" lon="-49.364786"><ele>955.889</ele><time>2022-07-31T19:49:31Z</time></trkpt><trkpt lat="-24.184388" lon="-49.364801"><ele>956.517</ele><time>2022-07-31T19:49:32Z</time></trkpt><trkpt lat="-24.184472" lon="-49.364821"><ele>956.709</ele><time>2022-07-31T19:49:33Z</time></trkpt><trkpt lat="-24.184557" lon="-49.364832"><ele>957.239</ele><time>2022-07-31T19:49:34Z</time></trkpt><trkpt lat="-24.184638" lon="-49.364854"><ele>956.518</ele><time>2022-07-31T19:49:35Z</time></trkpt><trkpt lat="-24.184722" lon="-49.364870"><ele>956.617</ele><time>2022-07-31T19:49:36Z</time></trkpt><trkpt lat="-24.184806" lon="-49.364889"><ele>956.641</ele><time>2022-07-31T19:49:37Z</time></trkpt><trkpt lat="-24.184893" lon="-49.364912"><ele>956.214</ele><time>2022-07-31T19:49:38Z</time></trkpt><trkpt lat="-24.184975" lon="-49.364938"><ele>956.653</ele><time>2022-07-31T19:49:39Z</time></trkpt><trkpt lat="-24.185058" lon="-49.364960"><ele>956.734</ele><time>2022-07-31T19:49:40Z</time></trkpt><trkpt lat="-24.185144" lon="-49.364969"><ele>956.421</ele><time>2022-07-31T19:49:41Z</time></trkpt><trkpt lat="-24.185229" lon="-49.364982"><ele>958.648</ele><time>2022-07-31T19:49:42Z</time></trkpt><trkpt lat="-24.185310" lon="-49.365011"><ele>957.645</ele><time>2022-07-31T19:49:43Z</time></trkpt><trkpt lat="-24.185397" lon="-49.365021"><ele>957.947</ele><time>2022-07-31T19:49:44Z</time></trkpt><trkpt lat="-24.185483" lon="-49.365039"><ele>957.811</ele><time>2022-07-31T19:49:45Z</time></trkpt><trkpt lat="-24.185572" lon="-49.365056"><ele>958.209</ele><time>2022-07-31T19:49:46Z</time></trkpt><trkpt lat="-24.185664" lon="-49.365060"><ele>958.845</ele><time>2022-07-31T19:49:47Z</time></trkpt><trkpt lat="-24.185752" lon="-49.365070"><ele>959.024</ele><time>2022-07-31T19:49:48Z</time></trkpt><trkpt lat="-24.185837" lon="-49.365071"><ele>958.993</ele><time>2022-07-31T19:49:49Z</time></trkpt><trkpt lat="-24.185922" lon="-49.365073"><ele>958.887</ele><time>2022-07-31T19:49:50Z</time></trkpt><trkpt lat="-24.186012" lon="-49.365068"><ele>958.970</ele><time>2022-07-31T19:49:51Z</time></trkpt><trkpt lat="-24.186098" lon="-49.365063"><ele>958.889</ele><time>2022-07-31T19:49:52Z</time></trkpt><trkpt lat="-24.186186" lon="-49.365045"><ele>960.290</ele><time>2022-07-31T19:49:53Z</time></trkpt><trkpt lat="-24.186275" lon="-49.365036"><ele>961.087</ele><time>2022-07-31T19:49:54Z</time></trkpt><trkpt lat="-24.186361" lon="-49.365021"><ele>961.474</ele><time>2022-07-31T19:49:55Z</time></trkpt><trkpt lat="-24.186445" lon="-49.365008"><ele>962.057</ele><time>2022-07-31T19:49:56Z</time></trkpt><trkpt lat="-24.186528" lon="-49.365000"><ele>962.800</ele><time>2022-07-31T19:49:57Z</time></trkpt><trkpt lat="-24.186611" lon="-49.364980"><ele>963.920</ele><time>2022-07-31T19:49:58Z</time></trkpt><trkpt lat="-24.186695" lon="-49.364976"><ele>961.909</ele><time>2022-07-31T19:49:59Z</time></trkpt><trkpt lat="-24.186779" lon="-49.364964"><ele>962.066</ele><time>2022-07-31T19:50:00Z</time></trkpt><trkpt lat="-24.186863" lon="-49.364947"><ele>962.715</ele><time>2022-07-31T19:50:01Z</time></trkpt><trkpt lat="-24.186944" lon="-49.364931"><ele>962.894</ele><time>2022-07-31T19:50:02Z</time></trkpt><trkpt lat="-24.187025" lon="-49.364921"><ele>963.338</ele><time>2022-07-31T19:50:03Z</time></trkpt><trkpt lat="-24.187108" lon="-49.364911"><ele>964.081</ele><time>2022-07-31T19:50:04Z</time></trkpt><trkpt lat="-24.187196" lon="-49.364897"><ele>964.280</ele><time>2022-07-31T19:50:05Z</time></trkpt><trkpt lat="-24.187287" lon="-49.364876"><ele>964.531</ele><time>2022-07-31T19:50:06Z</time></trkpt><trkpt lat="-24.187373" lon="-49.364856"><ele>964.028</ele><time>2022-07-31T19:50:07Z</time></trkpt><trkpt lat="-24.187456" lon="-49.364840"><ele>964.665</ele><time>2022-07-31T19:50:08Z</time></trkpt><trkpt lat="-24.187543" lon="-49.364820"><ele>965.381</ele><time>2022-07-31T19:50:09Z</time></trkpt><trkpt lat="-24.187628" lon="-49.364802"><ele>965.461</ele><time>2022-07-31T19:50:10Z</time></trkpt><trkpt lat="-24.187715" lon="-49.364776"><ele>965.917</ele><time>2022-07-31T19:50:11Z</time></trkpt><trkpt lat="-24.187796" lon="-49.364763"><ele>965.909</ele><time>2022-07-31T19:50:12Z</time></trkpt><trkpt lat="-24.187887" lon="-49.364744"><ele>966.379</ele><time>2022-07-31T19:50:13Z</time></trkpt><trkpt lat="-24.187978" lon="-49.364736"><ele>966.348</ele><time>2022-07-31T19:50:14Z</time></trkpt><trkpt lat="-24.188064" lon="-49.364731"><ele>966.257</ele><time>2022-07-31T19:50:15Z</time></trkpt><trkpt lat="-24.188155" lon="-49.364725"><ele>966.911</ele><time>2022-07-31T19:50:16Z</time></trkpt><trkpt lat="-24.188244" lon="-49.364727"><ele>967.124</ele><time>2022-07-31T19:50:17Z</time></trkpt><trkpt lat="-24.188335" lon="-49.364737"><ele>967.673</ele><time>2022-07-31T19:50:18Z</time></trkpt><trkpt lat="-24.188425" lon="-49.364743"><ele>967.384</ele><time>2022-07-31T19:50:19Z</time></trkpt><trkpt lat="-24.188514" lon="-49.364746"><ele>967.551</ele><time>2022-07-31T19:50:20Z</time></trkpt><trkpt lat="-24.188608" lon="-49.364750"><ele>968.338</ele><time>2022-07-31T19:50:21Z</time></trkpt><trkpt lat="-24.188701" lon="-49.364758"><ele>968.835</ele><time>2022-07-31T19:50:22Z</time></trkpt><trkpt lat="-24.188799" lon="-49.364764"><ele>967.986</ele><time>2022-07-31T19:50:23Z</time></trkpt><trkpt lat="-24.188888" lon="-49.364776"><ele>967.914</ele><time>2022-07-31T19:50:24Z</time></trkpt><trkpt lat="-24.188983" lon="-49.364787"><ele>968.009</ele><time>2022-07-31T19:50:25Z</time></trkpt><trkpt lat="-24.189080" lon="-49.364793"><ele>968.444</ele><time>2022-07-31T19:50:26Z</time></trkpt><trkpt lat="-24.189177" lon="-49.364803"><ele>968.643</ele><time>2022-07-31T19:50:27Z</time></trkpt><trkpt lat="-24.189272" lon="-49.364799"><ele>969.462</ele><time>2022-07-31T19:50:28Z</time></trkpt><trkpt lat="-24.189368" lon="-49.364804"><ele>969.426</ele><time>2022-07-31T19:50:29Z</time></trkpt><trkpt lat="-24.189464" lon="-49.364804"><ele>969.859</ele><time>2022-07-31T19:50:30Z</time></trkpt><trkpt lat="-24.189562" lon="-49.364801"><ele>969.768</ele><time>2022-07-31T19:50:31Z</time></trkpt><trkpt lat="-24.189655" lon="-49.364807"><ele>969.899</ele><time>2022-07-31T19:50:32Z</time></trkpt><trkpt lat="-24.189748" lon="-49.364820"><ele>969.526</ele><time>2022-07-31T19:50:33Z</time></trkpt><trkpt lat="-24.189837" lon="-49.364832"><ele>969.343</ele><time>2022-07-31T19:50:34Z</time></trkpt><trkpt lat="-24.189920" lon="-49.364835"><ele>966.643</ele><time>2022-07-31T19:50:35Z</time></trkpt><trkpt lat="-24.190005" lon="-49.364872"><ele>966.764</ele><time>2022-07-31T19:50:36Z</time></trkpt><trkpt lat="-24.190088" lon="-49.364885"><ele>966.710</ele><time>2022-07-31T19:50:37Z</time></trkpt><trkpt lat="-24.190171" lon="-49.364896"><ele>967.709</ele><time>2022-07-31T19:50:38Z</time></trkpt><trkpt lat="-24.190256" lon="-49.364907"><ele>967.185</ele><time>2022-07-31T19:50:39Z</time></trkpt><trkpt lat="-24.190345" lon="-49.364917"><ele>967.354</ele><time>2022-07-31T19:50:40Z</time></trkpt><trkpt lat="-24.190429" lon="-49.364918"><ele>968.153</ele><time>2022-07-31T19:50:41Z</time></trkpt><trkpt lat="-24.190519" lon="-49.364929"><ele>967.647</ele><time>2022-07-31T19:50:42Z</time></trkpt><trkpt lat="-24.190606" lon="-49.364945"><ele>967.770</ele><time>2022-07-31T19:50:43Z</time></trkpt><trkpt lat="-24.190693" lon="-49.364964"><ele>967.979</ele><time>2022-07-31T19:50:44Z</time></trkpt><trkpt lat="-24.190776" lon="-49.364987"><ele>967.540</ele><time>2022-07-31T19:50:45Z</time></trkpt><trkpt lat="-24.190864" lon="-49.364999"><ele>968.087</ele><time>2022-07-31T19:50:46Z</time></trkpt><trkpt lat="-24.190949" lon="-49.365016"><ele>968.364</ele><time>2022-07-31T19:50:47Z</time></trkpt><trkpt lat="-24.191036" lon="-49.365034"><ele>967.975</ele><time>2022-07-31T19:50:48Z</time></trkpt><trkpt lat="-24.191126" lon="-49.365065"><ele>967.328</ele><time>2022-07-31T19:50:49Z</time></trkpt><trkpt lat="-24.191214" lon="-49.365088"><ele>967.220</ele><time>2022-07-31T19:50:50Z</time></trkpt><trkpt lat="-24.191302" lon="-49.365108"><ele>967.909</ele><time>2022-07-31T19:50:51Z</time></trkpt><trkpt lat="-24.191392" lon="-49.365135"><ele>967.338</ele><time>2022-07-31T19:50:52Z</time></trkpt><trkpt lat="-24.191475" lon="-49.365170"><ele>966.467</ele><time>2022-07-31T19:50:53Z</time></trkpt><trkpt lat="-24.191564" lon="-49.365202"><ele>966.216</ele><time>2022-07-31T19:50:54Z</time></trkpt><trkpt lat="-24.191650" lon="-49.365237"><ele>965.840</ele><time>2022-07-31T19:50:55Z</time></trkpt><trkpt lat="-24.191739" lon="-49.365264"><ele>965.343</ele><time>2022-07-31T19:50:56Z</time></trkpt><trkpt lat="-24.191829" lon="-49.365297"><ele>965.292</ele><time>2022-07-31T19:50:57Z</time></trkpt><trkpt lat="-24.191918" lon="-49.365323"><ele>965.473</ele><time>2022-07-31T19:50:58Z</time></trkpt><trkpt lat="-24.192004" lon="-49.365358"><ele>964.340</ele><time>2022-07-31T19:50:59Z</time></trkpt><trkpt lat="-24.192093" lon="-49.365387"><ele>964.017</ele><time>2022-07-31T19:51:00Z</time></trkpt><trkpt lat="-24.192181" lon="-49.365409"><ele>964.347</ele><time>2022-07-31T19:51:01Z</time></trkpt><trkpt lat="-24.192272" lon="-49.365423"><ele>964.429</ele><time>2022-07-31T19:51:02Z</time></trkpt><trkpt lat="-24.192358" lon="-49.365445"><ele>964.221</ele><time>2022-07-31T19:51:03Z</time></trkpt><trkpt lat="-24.192446" lon="-49.365457"><ele>964.409</ele><time>2022-07-31T19:51:04Z</time></trkpt><trkpt lat="-24.192536" lon="-49.365471"><ele>964.265</ele><time>2022-07-31T19:51:05Z</time></trkpt><trkpt lat="-24.192622" lon="-49.365486"><ele>964.614</ele><time>2022-07-31T19:51:06Z</time></trkpt><trkpt lat="-24.192708" lon="-49.365499"><ele>965.063</ele><time>2022-07-31T19:51:07Z</time></trkpt><trkpt lat="-24.192795" lon="-49.365508"><ele>965.357</ele><time>2022-07-31T19:51:08Z</time></trkpt><trkpt lat="-24.192880" lon="-49.365514"><ele>965.060</ele><time>2022-07-31T19:51:09Z</time></trkpt><trkpt lat="-24.192962" lon="-49.365522"><ele>965.299</ele><time>2022-07-31T19:51:10Z</time></trkpt><trkpt lat="-24.193045" lon="-49.365529"><ele>965.420</ele><time>2022-07-31T19:51:11Z</time></trkpt><trkpt lat="-24.193128" lon="-49.365536"><ele>965.637</ele><time>2022-07-31T19:51:12Z</time></trkpt><trkpt lat="-24.193211" lon="-49.365544"><ele>966.354</ele><time>2022-07-31T19:51:13Z</time></trkpt><trkpt lat="-24.193292" lon="-49.365554"><ele>966.417</ele><time>2022-07-31T19:51:14Z</time></trkpt><trkpt lat="-24.193377" lon="-49.365559"><ele>966.187</ele><time>2022-07-31T19:51:15Z</time></trkpt><trkpt lat="-24.193456" lon="-49.365570"><ele>967.015</ele><time>2022-07-31T19:51:16Z</time></trkpt><trkpt lat="-24.193536" lon="-49.365579"><ele>967.109</ele><time>2022-07-31T19:51:17Z</time></trkpt><trkpt lat="-24.193623" lon="-49.365581"><ele>966.492</ele><time>2022-07-31T19:51:18Z</time></trkpt><trkpt lat="-24.193706" lon="-49.365589"><ele>966.121</ele><time>2022-07-31T19:51:19Z</time></trkpt><trkpt lat="-24.193791" lon="-49.365592"><ele>966.110</ele><time>2022-07-31T19:51:20Z</time></trkpt><trkpt lat="-24.193865" lon="-49.365604"><ele>965.784</ele><time>2022-07-31T19:51:21Z</time></trkpt><trkpt lat="-24.193943" lon="-49.365615"><ele>966.067</ele><time>2022-07-31T19:51:22Z</time></trkpt><trkpt lat="-24.194025" lon="-49.365623"><ele>965.296</ele><time>2022-07-31T19:51:23Z</time></trkpt><trkpt lat="-24.194105" lon="-49.365622"><ele>965.847</ele><time>2022-07-31T19:51:24Z</time></trkpt><trkpt lat="-24.194188" lon="-49.365630"><ele>966.914</ele><time>2022-07-31T19:51:25Z</time></trkpt><trkpt lat="-24.194275" lon="-49.365637"><ele>966.941</ele><time>2022-07-31T19:51:26Z</time></trkpt><trkpt lat="-24.194352" lon="-49.365649"><ele>967.017</ele><time>2022-07-31T19:51:27Z</time></trkpt><trkpt lat="-24.194440" lon="-49.365649"><ele>967.287</ele><time>2022-07-31T19:51:28Z</time></trkpt><trkpt lat="-24.194526" lon="-49.365649"><ele>967.815</ele><time>2022-07-31T19:51:29Z</time></trkpt><trkpt lat="-24.194620" lon="-49.365645"><ele>969.009</ele><time>2022-07-31T19:51:30Z</time></trkpt><trkpt lat="-24.194714" lon="-49.365641"><ele>969.722</ele><time>2022-07-31T19:51:31Z</time></trkpt><trkpt lat="-24.194801" lon="-49.365638"><ele>970.431</ele><time>2022-07-31T19:51:32Z</time></trkpt><trkpt lat="-24.194890" lon="-49.365635"><ele>971.010</ele><time>2022-07-31T19:51:33Z</time></trkpt><trkpt lat="-24.194974" lon="-49.365635"><ele>971.214</ele><time>2022-07-31T19:51:34Z</time></trkpt><trkpt lat="-24.195062" lon="-49.365637"><ele>971.187</ele><time>2022-07-31T19:51:35Z</time></trkpt><trkpt lat="-24.195147" lon="-49.365639"><ele>971.696</ele><time>2022-07-31T19:51:36Z</time></trkpt><trkpt lat="-24.195229" lon="-49.365636"><ele>972.177</ele><time>2022-07-31T19:51:37Z</time></trkpt><trkpt lat="-24.195311" lon="-49.365637"><ele>972.364</ele><time>2022-07-31T19:51:38Z</time></trkpt><trkpt lat="-24.195397" lon="-49.365632"><ele>973.671</ele><time>2022-07-31T19:51:39Z</time></trkpt><trkpt lat="-24.195481" lon="-49.365621"><ele>974.555</ele><time>2022-07-31T19:51:40Z</time></trkpt><trkpt lat="-24.195563" lon="-49.365617"><ele>974.607</ele><time>2022-07-31T19:51:41Z</time></trkpt><trkpt lat="-24.195646" lon="-49.365609"><ele>975.617</ele><time>2022-07-31T19:51:42Z</time></trkpt><trkpt lat="-24.195730" lon="-49.365607"><ele>976.209</ele><time>2022-07-31T19:51:43Z</time></trkpt><trkpt lat="-24.195811" lon="-49.365603"><ele>976.556</ele><time>2022-07-31T19:51:44Z</time></trkpt><trkpt lat="-24.195896" lon="-49.365599"><ele>976.915</ele><time>2022-07-31T19:51:45Z</time></trkpt><trkpt lat="-24.195974" lon="-49.365607"><ele>977.684</ele><time>2022-07-31T19:51:46Z</time></trkpt><trkpt lat="-24.196056" lon="-49.365607"><ele>977.438</ele><time>2022-07-31T19:51:47Z</time></trkpt><trkpt lat="-24.196140" lon="-49.365597"><ele>977.881</ele><time>2022-07-31T19:51:48Z</time></trkpt><trkpt lat="-24.196223" lon="-49.365594"><ele>978.470</ele><time>2022-07-31T19:51:49Z</time></trkpt><trkpt lat="-24.196306" lon="-49.365599"><ele>978.431</ele><time>2022-07-31T19:51:50Z</time></trkpt><trkpt lat="-24.196381" lon="-49.365638"><ele>978.088</ele><time>2022-07-31T19:51:51Z</time></trkpt><trkpt lat="-24.196459" lon="-49.365634"><ele>979.065</ele><time>2022-07-31T19:51:52Z</time></trkpt><trkpt lat="-24.196531" lon="-49.365632"><ele>979.983</ele><time>2022-07-31T19:51:53Z</time></trkpt><trkpt lat="-24.196599" lon="-49.365626"><ele>980.425</ele><time>2022-07-31T19:51:54Z</time></trkpt><trkpt lat="-24.196664" lon="-49.365622"><ele>980.917</ele><time>2022-07-31T19:51:55Z</time></trkpt><trkpt lat="-24.196726" lon="-49.365616"><ele>982.009</ele><time>2022-07-31T19:51:56Z</time></trkpt><trkpt lat="-24.196791" lon="-49.365602"><ele>982.169</ele><time>2022-07-31T19:51:57Z</time></trkpt><trkpt lat="-24.196856" lon="-49.365585"><ele>982.338</ele><time>2022-07-31T19:51:58Z</time></trkpt><trkpt lat="-24.196916" lon="-49.365565"><ele>983.477</ele><time>2022-07-31T19:51:59Z</time></trkpt><trkpt lat="-24.196977" lon="-49.365531"><ele>985.331</ele><time>2022-07-31T19:52:00Z</time></trkpt><trkpt lat="-24.197043" lon="-49.365494"><ele>985.554</ele><time>2022-07-31T19:52:01Z</time></trkpt><trkpt lat="-24.197102" lon="-49.365456"><ele>987.263</ele><time>2022-07-31T19:52:02Z</time></trkpt><trkpt lat="-24.197162" lon="-49.365417"><ele>988.054</ele><time>2022-07-31T19:52:03Z</time></trkpt><trkpt lat="-24.197216" lon="-49.365364"><ele>987.771</ele><time>2022-07-31T19:52:04Z</time></trkpt><trkpt lat="-24.197271" lon="-49.365321"><ele>988.248</ele><time>2022-07-31T19:52:05Z</time></trkpt><trkpt lat="-24.197318" lon="-49.365268"><ele>989.223</ele><time>2022-07-31T19:52:06Z</time></trkpt><trkpt lat="-24.197362" lon="-49.365203"><ele>990.283</ele><time>2022-07-31T19:52:07Z</time></trkpt><trkpt lat="-24.197406" lon="-49.365145"><ele>991.711</ele><time>2022-07-31T19:52:08Z</time></trkpt><trkpt lat="-24.197450" lon="-49.365089"><ele>992.609</ele><time>2022-07-31T19:52:09Z</time></trkpt><trkpt lat="-24.197497" lon="-49.365020"><ele>993.073</ele><time>2022-07-31T19:52:10Z</time></trkpt><trkpt lat="-24.197537" lon="-49.364958"><ele>993.822</ele><time>2022-07-31T19:52:11Z</time></trkpt><trkpt lat="-24.197578" lon="-49.364892"><ele>994.491</ele><time>2022-07-31T19:52:12Z</time></trkpt><trkpt lat="-24.197620" lon="-49.364823"><ele>994.645</ele><time>2022-07-31T19:52:13Z</time></trkpt><trkpt lat="-24.197661" lon="-49.364761"><ele>995.168</ele><time>2022-07-31T19:52:14Z</time></trkpt><trkpt lat="-24.197705" lon="-49.364696"><ele>995.897</ele><time>2022-07-31T19:52:15Z</time></trkpt><trkpt lat="-24.197753" lon="-49.364615"><ele>996.418</ele><time>2022-07-31T19:52:16Z</time></trkpt><trkpt lat="-24.197800" lon="-49.364551"><ele>996.965</ele><time>2022-07-31T19:52:17Z</time></trkpt><trkpt lat="-24.197848" lon="-49.364493"><ele>997.842</ele><time>2022-07-31T19:52:18Z</time></trkpt><trkpt lat="-24.197899" lon="-49.364432"><ele>997.436</ele><time>2022-07-31T19:52:19Z</time></trkpt><trkpt lat="-24.197952" lon="-49.364374"><ele>998.317</ele><time>2022-07-31T19:52:20Z</time></trkpt><trkpt lat="-24.198018" lon="-49.364312"><ele>998.618</ele><time>2022-07-31T19:52:21Z</time></trkpt><trkpt lat="-24.198073" lon="-49.364256"><ele>999.509</ele><time>2022-07-31T19:52:22Z</time></trkpt><trkpt lat="-24.198132" lon="-49.364197"><ele>999.624</ele><time>2022-07-31T19:52:23Z</time></trkpt><trkpt lat="-24.198203" lon="-49.364131"><ele>999.233</ele><time>2022-07-31T19:52:24Z</time></trkpt><trkpt lat="-24.198272" lon="-49.364066"><ele>998.782</ele><time>2022-07-31T19:52:25Z</time></trkpt><trkpt lat="-24.198336" lon="-49.364009"><ele>999.226</ele><time>2022-07-31T19:52:26Z</time></trkpt><trkpt lat="-24.198405" lon="-49.363955"><ele>999.299</ele><time>2022-07-31T19:52:27Z</time></trkpt><trkpt lat="-24.198484" lon="-49.363894"><ele>998.628</ele><time>2022-07-31T19:52:28Z</time></trkpt><trkpt lat="-24.198562" lon="-49.363842"><ele>998.969</ele><time>2022-07-31T19:52:29Z</time></trkpt><trkpt lat="-24.198638" lon="-49.363791"><ele>999.236</ele><time>2022-07-31T19:52:30Z</time></trkpt><trkpt lat="-24.198709" lon="-49.363742"><ele>999.993</ele><time>2022-07-31T19:52:31Z</time></trkpt><trkpt lat="-24.198785" lon="-49.363693"><ele>1000.658</ele><time>2022-07-31T19:52:32Z</time></trkpt><trkpt lat="-24.198858" lon="-49.363651"><ele>1000.652</ele><time>2022-07-31T19:52:33Z</time></trkpt><trkpt lat="-24.198929" lon="-49.363613"><ele>1000.317</ele><time>2022-07-31T19:52:34Z</time></trkpt><trkpt lat="-24.198995" lon="-49.363570"><ele>1000.209</ele><time>2022-07-31T19:52:35Z</time></trkpt><trkpt lat="-24.199060" lon="-49.363540"><ele>1000.776</ele><time>2022-07-31T19:52:36Z</time></trkpt><trkpt lat="-24.199123" lon="-49.363515"><ele>1001.315</ele><time>2022-07-31T19:52:37Z</time></trkpt><trkpt lat="-24.199180" lon="-49.363488"><ele>1002.174</ele><time>2022-07-31T19:52:38Z</time></trkpt><trkpt lat="-24.199233" lon="-49.363472"><ele>1002.918</ele><time>2022-07-31T19:52:39Z</time></trkpt><trkpt lat="-24.199294" lon="-49.363444"><ele>1004.351</ele><time>2022-07-31T19:52:41Z</time></trkpt><trkpt lat="-24.199355" lon="-49.363456"><ele>1003.520</ele><time>2022-07-31T19:52:51Z</time></trkpt><trkpt lat="-24.199417" lon="-49.363459"><ele>1002.471</ele><time>2022-07-31T19:52:53Z</time></trkpt><trkpt lat="-24.199491" lon="-49.363442"><ele>1003.588</ele><time>2022-07-31T19:52:55Z</time></trkpt><trkpt lat="-24.199578" lon="-49.363430"><ele>1002.955</ele><time>2022-07-31T19:52:57Z</time></trkpt><trkpt lat="-24.199674" lon="-49.363437"><ele>1003.213</ele><time>2022-07-31T19:52:59Z</time></trkpt><trkpt lat="-24.199729" lon="-49.363447"><ele>1003.143</ele><time>2022-07-31T19:53:00Z</time></trkpt><trkpt lat="-24.199781" lon="-49.363456"><ele>1003.307</ele><time>2022-07-31T19:53:01Z</time></trkpt><trkpt lat="-24.199836" lon="-49.363468"><ele>1002.809</ele><time>2022-07-31T19:53:02Z</time></trkpt><trkpt lat="-24.199892" lon="-49.363481"><ele>1002.362</ele><time>2022-07-31T19:53:03Z</time></trkpt><trkpt lat="-24.199955" lon="-49.363502"><ele>1001.821</ele><time>2022-07-31T19:53:04Z</time></trkpt><trkpt lat="-24.200014" lon="-49.363516"><ele>1001.120</ele><time>2022-07-31T19:53:05Z</time></trkpt><trkpt lat="-24.200074" lon="-49.363528"><ele>1000.364</ele><time>2022-07-31T19:53:06Z</time></trkpt><trkpt lat="-24.200135" lon="-49.363560"><ele>999.527</ele><time>2022-07-31T19:53:07Z</time></trkpt><trkpt lat="-24.200195" lon="-49.363580"><ele>998.776</ele><time>2022-07-31T19:53:08Z</time></trkpt><trkpt lat="-24.200253" lon="-49.363596"><ele>998.367</ele><time>2022-07-31T19:53:09Z</time></trkpt><trkpt lat="-24.200310" lon="-49.363615"><ele>997.794</ele><time>2022-07-31T19:53:10Z</time></trkpt><trkpt lat="-24.200361" lon="-49.363627"><ele>997.261</ele><time>2022-07-31T19:53:11Z</time></trkpt><trkpt lat="-24.200421" lon="-49.363640"><ele>976.669</ele><time>2022-07-31T19:53:12Z</time></trkpt><trkpt lat="-24.200483" lon="-49.363650"><ele>955.804</ele><time>2022-07-31T19:53:13Z</time></trkpt><trkpt lat="-24.200543" lon="-49.363664"><ele>948.124</ele><time>2022-07-31T19:53:14Z</time></trkpt><trkpt lat="-24.200616" lon="-49.363674"><ele>962.909</ele><time>2022-07-31T19:53:15Z</time></trkpt><trkpt lat="-24.200688" lon="-49.363676"><ele>967.797</ele><time>2022-07-31T19:53:16Z</time></trkpt><trkpt lat="-24.200755" lon="-49.363677"><ele>972.376</ele><time>2022-07-31T19:53:17Z</time></trkpt><trkpt lat="-24.200825" lon="-49.363676"><ele>975.045</ele><time>2022-07-31T19:53:18Z</time></trkpt><trkpt lat="-24.200898" lon="-49.363655"><ele>977.329</ele><time>2022-07-31T19:53:19Z</time></trkpt><trkpt lat="-24.200972" lon="-49.363623"><ele>978.532</ele><time>2022-07-31T19:53:20Z</time></trkpt><trkpt lat="-24.201041" lon="-49.363595"><ele>978.711</ele><time>2022-07-31T19:53:21Z</time></trkpt><trkpt lat="-24.201109" lon="-49.363562"><ele>978.922</ele><time>2022-07-31T19:53:22Z</time></trkpt><trkpt lat="-24.201180" lon="-49.363517"><ele>979.149</ele><time>2022-07-31T19:53:23Z</time></trkpt><trkpt lat="-24.201243" lon="-49.363468"><ele>980.886</ele><time>2022-07-31T19:53:24Z</time></trkpt><trkpt lat="-24.201320" lon="-49.363403"><ele>982.753</ele><time>2022-07-31T19:53:25Z</time></trkpt><trkpt lat="-24.201387" lon="-49.363357"><ele>983.904</ele><time>2022-07-31T19:53:26Z</time></trkpt><trkpt lat="-24.201469" lon="-49.363302"><ele>985.814</ele><time>2022-07-31T19:53:27Z</time></trkpt><trkpt lat="-24.201546" lon="-49.363244"><ele>988.309</ele><time>2022-07-31T19:53:28Z</time></trkpt><trkpt lat="-24.201627" lon="-49.363160"><ele>990.376</ele><time>2022-07-31T19:53:29Z</time></trkpt><trkpt lat="-24.201704" lon="-49.363097"><ele>992.785</ele><time>2022-07-31T19:53:30Z</time></trkpt><trkpt lat="-24.201785" lon="-49.363044"><ele>993.244</ele><time>2022-07-31T19:53:31Z</time></trkpt><trkpt lat="-24.201861" lon="-49.362941"><ele>994.068</ele><time>2022-07-31T19:53:32Z</time></trkpt><trkpt lat="-24.201926" lon="-49.362853"><ele>995.021</ele><time>2022-07-31T19:53:33Z</time></trkpt><trkpt lat="-24.201993" lon="-49.362743"><ele>995.420</ele><time>2022-07-31T19:53:34Z</time></trkpt><trkpt lat="-24.202050" lon="-49.362664"><ele>995.511</ele><time>2022-07-31T19:53:35Z</time></trkpt><trkpt lat="-24.202119" lon="-49.362580"><ele>996.188</ele><time>2022-07-31T19:53:36Z</time></trkpt><trkpt lat="-24.202201" lon="-49.362514"><ele>995.975</ele><time>2022-07-31T19:53:37Z</time></trkpt><trkpt lat="-24.202274" lon="-49.362438"><ele>996.669</ele><time>2022-07-31T19:53:38Z</time></trkpt><trkpt lat="-24.202340" lon="-49.362301"><ele>996.704</ele><time>2022-07-31T19:53:39Z</time></trkpt><trkpt lat="-24.202424" lon="-49.362239"><ele>962.724</ele><time>2022-07-31T19:53:40Z</time></trkpt><trkpt lat="-24.202493" lon="-49.362168"><ele>943.209</ele><time>2022-07-31T19:53:41Z</time></trkpt><trkpt lat="-24.202555" lon="-49.362098"><ele>962.177</ele><time>2022-07-31T19:53:42Z</time></trkpt><trkpt lat="-24.202610" lon="-49.362033"><ele>976.266</ele><time>2022-07-31T19:53:43Z</time></trkpt><trkpt lat="-24.202669" lon="-49.361970"><ele>983.625</ele><time>2022-07-31T19:53:44Z</time></trkpt><trkpt lat="-24.202720" lon="-49.361916"><ele>988.249</ele><time>2022-07-31T19:53:45Z</time></trkpt><trkpt lat="-24.202771" lon="-49.361857"><ele>991.722</ele><time>2022-07-31T19:53:46Z</time></trkpt><trkpt lat="-24.202816" lon="-49.361788"><ele>994.031</ele><time>2022-07-31T19:53:47Z</time></trkpt><trkpt lat="-24.202860" lon="-49.361739"><ele>995.612</ele><time>2022-07-31T19:53:48Z</time></trkpt><trkpt lat="-24.202899" lon="-49.361698"><ele>995.889</ele><time>2022-07-31T19:53:49Z</time></trkpt><trkpt lat="-24.202944" lon="-49.361643"><ele>995.346</ele><time>2022-07-31T19:53:51Z</time></trkpt><trkpt lat="-24.202985" lon="-49.361579"><ele>998.551</ele><time>2022-07-31T19:54:14Z</time></trkpt><trkpt lat="-24.202991" lon="-49.361526"><ele>1000.001</ele><time>2022-07-31T19:54:17Z</time></trkpt><trkpt lat="-24.202987" lon="-49.361457"><ele>1000.811</ele><time>2022-07-31T19:54:32Z</time></trkpt><trkpt lat="-24.202973" lon="-49.361387"><ele>1000.809</ele><time>2022-07-31T19:54:34Z</time></trkpt><trkpt lat="-24.202949" lon="-49.361310"><ele>1000.446</ele><time>2022-07-31T19:54:36Z</time></trkpt><trkpt lat="-24.202918" lon="-49.361221"><ele>999.355</ele><time>2022-07-31T19:54:38Z</time></trkpt><trkpt lat="-24.202890" lon="-49.361131"><ele>999.154</ele><time>2022-07-31T19:54:40Z</time></trkpt><trkpt lat="-24.202854" lon="-49.361036"><ele>975.438</ele><time>2022-07-31T19:54:42Z</time></trkpt><trkpt lat="-24.202825" lon="-49.360940"><ele>986.661</ele><time>2022-07-31T19:54:44Z</time></trkpt><trkpt lat="-24.202804" lon="-49.360843"><ele>990.590</ele><time>2022-07-31T19:54:46Z</time></trkpt><trkpt lat="-24.202789" lon="-49.360794"><ele>991.541</ele><time>2022-07-31T19:54:47Z</time></trkpt><trkpt lat="-24.202776" lon="-49.360744"><ele>991.958</ele><time>2022-07-31T19:54:48Z</time></trkpt><trkpt lat="-24.202769" lon="-49.360691"><ele>992.155</ele><time>2022-07-31T19:54:49Z</time></trkpt><trkpt lat="-24.202754" lon="-49.360641"><ele>992.258</ele><time>2022-07-31T19:54:50Z</time></trkpt><trkpt lat="-24.202744" lon="-49.360590"><ele>992.152</ele><time>2022-07-31T19:54:51Z</time></trkpt><trkpt lat="-24.202735" lon="-49.360538"><ele>992.117</ele><time>2022-07-31T19:54:52Z</time></trkpt><trkpt lat="-24.202733" lon="-49.360486"><ele>992.109</ele><time>2022-07-31T19:54:53Z</time></trkpt><trkpt lat="-24.202731" lon="-49.360437"><ele>991.856</ele><time>2022-07-31T19:54:54Z</time></trkpt><trkpt lat="-24.202725" lon="-49.360381"><ele>991.715</ele><time>2022-07-31T19:54:55Z</time></trkpt><trkpt lat="-24.202728" lon="-49.360316"><ele>991.654</ele><time>2022-07-31T19:54:56Z</time></trkpt><trkpt lat="-24.202737" lon="-49.360253"><ele>991.188</ele><time>2022-07-31T19:54:57Z</time></trkpt><trkpt lat="-24.202744" lon="-49.360193"><ele>991.221</ele><time>2022-07-31T19:54:58Z</time></trkpt><trkpt lat="-24.202751" lon="-49.360139"><ele>990.780</ele><time>2022-07-31T19:54:59Z</time></trkpt><trkpt lat="-24.202754" lon="-49.360078"><ele>990.791</ele><time>2022-07-31T19:55:00Z</time></trkpt><trkpt lat="-24.202756" lon="-49.360017"><ele>990.758</ele><time>2022-07-31T19:55:01Z</time></trkpt><trkpt lat="-24.202748" lon="-49.359951"><ele>990.575</ele><time>2022-07-31T19:55:02Z</time></trkpt><trkpt lat="-24.202741" lon="-49.359887"><ele>990.329</ele><time>2022-07-31T19:55:03Z</time></trkpt><trkpt lat="-24.202727" lon="-49.359831"><ele>990.300</ele><time>2022-07-31T19:55:04Z</time></trkpt><trkpt lat="-24.202707" lon="-49.359773"><ele>990.520</ele><time>2022-07-31T19:55:05Z</time></trkpt><trkpt lat="-24.202689" lon="-49.359724"><ele>990.109</ele><time>2022-07-31T19:55:06Z</time></trkpt><trkpt lat="-24.202674" lon="-49.359673"><ele>990.193</ele><time>2022-07-31T19:55:07Z</time></trkpt><trkpt lat="-24.202647" lon="-49.359616"><ele>989.782</ele><time>2022-07-31T19:55:08Z</time></trkpt><trkpt lat="-24.202625" lon="-49.359556"><ele>989.331</ele><time>2022-07-31T19:55:09Z</time></trkpt><trkpt lat="-24.202601" lon="-49.359501"><ele>989.395</ele><time>2022-07-31T19:55:10Z</time></trkpt><trkpt lat="-24.202576" lon="-49.359441"><ele>979.738</ele><time>2022-07-31T19:55:11Z</time></trkpt><trkpt lat="-24.202554" lon="-49.359386"><ele>981.957</ele><time>2022-07-31T19:55:12Z</time></trkpt><trkpt lat="-24.202532" lon="-49.359321"><ele>983.448</ele><time>2022-07-31T19:55:13Z</time></trkpt><trkpt lat="-24.202515" lon="-49.359266"><ele>984.415</ele><time>2022-07-31T19:55:14Z</time></trkpt><trkpt lat="-24.202498" lon="-49.359211"><ele>985.222</ele><time>2022-07-31T19:55:15Z</time></trkpt><trkpt lat="-24.202480" lon="-49.359153"><ele>986.186</ele><time>2022-07-31T19:55:16Z</time></trkpt><trkpt lat="-24.202462" lon="-49.359091"><ele>986.860</ele><time>2022-07-31T19:55:17Z</time></trkpt><trkpt lat="-24.202439" lon="-49.359042"><ele>986.026</ele><time>2022-07-31T19:55:18Z</time></trkpt><trkpt lat="-24.202411" lon="-49.358989"><ele>985.509</ele><time>2022-07-31T19:55:19Z</time></trkpt><trkpt lat="-24.202383" lon="-49.358934"><ele>985.899</ele><time>2022-07-31T19:55:20Z</time></trkpt><trkpt lat="-24.202355" lon="-49.358887"><ele>985.898</ele><time>2022-07-31T19:55:21Z</time></trkpt><trkpt lat="-24.202328" lon="-49.358835"><ele>984.777</ele><time>2022-07-31T19:55:22Z</time></trkpt><trkpt lat="-24.202303" lon="-49.358779"><ele>984.481</ele><time>2022-07-31T19:55:23Z</time></trkpt><trkpt lat="-24.202278" lon="-49.358720"><ele>983.314</ele><time>2022-07-31T19:55:24Z</time></trkpt><trkpt lat="-24.202254" lon="-49.358666"><ele>982.663</ele><time>2022-07-31T19:55:25Z</time></trkpt><trkpt lat="-24.202229" lon="-49.358613"><ele>982.994</ele><time>2022-07-31T19:55:26Z</time></trkpt><trkpt lat="-24.202202" lon="-49.358569"><ele>982.131</ele><time>2022-07-31T19:55:27Z</time></trkpt><trkpt lat="-24.202182" lon="-49.358519"><ele>981.388</ele><time>2022-07-31T19:55:28Z</time></trkpt><trkpt lat="-24.202156" lon="-49.358467"><ele>980.285</ele><time>2022-07-31T19:55:29Z</time></trkpt><trkpt lat="-24.202132" lon="-49.358417"><ele>979.889</ele><time>2022-07-31T19:55:30Z</time></trkpt><trkpt lat="-24.202105" lon="-49.358361"><ele>980.117</ele><time>2022-07-31T19:55:31Z</time></trkpt><trkpt lat="-24.202081" lon="-49.358310"><ele>979.609</ele><time>2022-07-31T19:55:32Z</time></trkpt><trkpt lat="-24.202059" lon="-49.358260"><ele>979.139</ele><time>2022-07-31T19:55:33Z</time></trkpt><trkpt lat="-24.202032" lon="-49.358211"><ele>978.668</ele><time>2022-07-31T19:55:34Z</time></trkpt><trkpt lat="-24.202007" lon="-49.358162"><ele>978.577</ele><time>2022-07-31T19:55:35Z</time></trkpt><trkpt lat="-24.201985" lon="-49.358110"><ele>977.721</ele><time>2022-07-31T19:55:36Z</time></trkpt><trkpt lat="-24.201964" lon="-49.358057"><ele>976.984</ele><time>2022-07-31T19:55:37Z</time></trkpt><trkpt lat="-24.201938" lon="-49.358000"><ele>976.423</ele><time>2022-07-31T19:55:38Z</time></trkpt><trkpt lat="-24.201910" lon="-49.357946"><ele>975.984</ele><time>2022-07-31T19:55:39Z</time></trkpt><trkpt lat="-24.201888" lon="-49.357890"><ele>976.111</ele><time>2022-07-31T19:55:40Z</time></trkpt><trkpt lat="-24.201860" lon="-49.357841"><ele>975.868</ele><time>2022-07-31T19:55:41Z</time></trkpt><trkpt lat="-24.201835" lon="-49.357781"><ele>974.891</ele><time>2022-07-31T19:55:42Z</time></trkpt><trkpt lat="-24.201807" lon="-49.357727"><ele>974.781</ele><time>2022-07-31T19:55:43Z</time></trkpt><trkpt lat="-24.201779" lon="-49.357670"><ele>974.319</ele><time>2022-07-31T19:55:44Z</time></trkpt><trkpt lat="-24.201751" lon="-49.357627"><ele>973.709</ele><time>2022-07-31T19:55:45Z</time></trkpt><trkpt lat="-24.201724" lon="-49.357576"><ele>973.130</ele><time>2022-07-31T19:55:46Z</time></trkpt><trkpt lat="-24.201707" lon="-49.357530"><ele>971.979</ele><time>2022-07-31T19:55:47Z</time></trkpt><trkpt lat="-24.201697" lon="-49.357446"><ele>971.078</ele><time>2022-07-31T19:55:49Z</time></trkpt><trkpt lat="-24.201721" lon="-49.357347"><ele>971.112</ele><time>2022-07-31T19:55:51Z</time></trkpt><trkpt lat="-24.201750" lon="-49.357295"><ele>971.355</ele><time>2022-07-31T19:55:52Z</time></trkpt><trkpt lat="-24.201783" lon="-49.357241"><ele>971.384</ele><time>2022-07-31T19:55:53Z</time></trkpt><trkpt lat="-24.201823" lon="-49.357196"><ele>971.355</ele><time>2022-07-31T19:55:54Z</time></trkpt><trkpt lat="-24.201868" lon="-49.357150"><ele>971.192</ele><time>2022-07-31T19:55:55Z</time></trkpt><trkpt lat="-24.201914" lon="-49.357109"><ele>970.969</ele><time>2022-07-31T19:55:56Z</time></trkpt><trkpt lat="-24.201965" lon="-49.357076"><ele>970.891</ele><time>2022-07-31T19:55:57Z</time></trkpt><trkpt lat="-24.202018" lon="-49.357047"><ele>970.681</ele><time>2022-07-31T19:55:58Z</time></trkpt><trkpt lat="-24.202078" lon="-49.357030"><ele>970.319</ele><time>2022-07-31T19:55:59Z</time></trkpt><trkpt lat="-24.202137" lon="-49.357018"><ele>970.009</ele><time>2022-07-31T19:56:00Z</time></trkpt><trkpt lat="-24.202199" lon="-49.357013"><ele>970.460</ele><time>2022-07-31T19:56:01Z</time></trkpt><trkpt lat="-24.202261" lon="-49.357012"><ele>971.019</ele><time>2022-07-31T19:56:02Z</time></trkpt><trkpt lat="-24.202320" lon="-49.357014"><ele>971.068</ele><time>2022-07-31T19:56:03Z</time></trkpt><trkpt lat="-24.202383" lon="-49.357027"><ele>971.342</ele><time>2022-07-31T19:56:04Z</time></trkpt><trkpt lat="-24.202442" lon="-49.357053"><ele>971.415</ele><time>2022-07-31T19:56:05Z</time></trkpt><trkpt lat="-24.202497" lon="-49.357077"><ele>971.634</ele><time>2022-07-31T19:56:06Z</time></trkpt><trkpt lat="-24.202550" lon="-49.357110"><ele>969.225</ele><time>2022-07-31T19:56:07Z</time></trkpt><trkpt lat="-24.202600" lon="-49.357140"><ele>970.152</ele><time>2022-07-31T19:56:08Z</time></trkpt><trkpt lat="-24.202649" lon="-49.357164"><ele>970.399</ele><time>2022-07-31T19:56:09Z</time></trkpt><trkpt lat="-24.202709" lon="-49.357197"><ele>970.648</ele><time>2022-07-31T19:56:11Z</time></trkpt><trkpt lat="-24.202761" lon="-49.357225"><ele>970.861</ele><time>2022-07-31T19:56:13Z</time></trkpt><trkpt lat="-24.202819" lon="-49.357253"><ele>970.217</ele><time>2022-07-31T19:56:15Z</time></trkpt><trkpt lat="-24.202881" lon="-49.357290"><ele>969.309</ele><time>2022-07-31T19:56:17Z</time></trkpt><trkpt lat="-24.202954" lon="-49.357344"><ele>968.585</ele><time>2022-07-31T19:56:19Z</time></trkpt><trkpt lat="-24.203028" lon="-49.357399"><ele>967.974</ele><time>2022-07-31T19:56:21Z</time></trkpt><trkpt lat="-24.203070" lon="-49.357429"><ele>968.643</ele><time>2022-07-31T19:56:22Z</time></trkpt><trkpt lat="-24.203111" lon="-49.357456"><ele>968.957</ele><time>2022-07-31T19:56:23Z</time></trkpt><trkpt lat="-24.203155" lon="-49.357498"><ele>967.960</ele><time>2022-07-31T19:56:24Z</time></trkpt><trkpt lat="-24.203230" lon="-49.357551"><ele>967.879</ele><time>2022-07-31T19:56:26Z</time></trkpt><trkpt lat="-24.203311" lon="-49.357594"><ele>966.640</ele><time>2022-07-31T19:56:28Z</time></trkpt><trkpt lat="-24.203347" lon="-49.357623"><ele>966.127</ele><time>2022-07-31T19:56:29Z</time></trkpt><trkpt lat="-24.203394" lon="-49.357643"><ele>967.164</ele><time>2022-07-31T19:56:30Z</time></trkpt><trkpt lat="-24.203447" lon="-49.357671"><ele>966.471</ele><time>2022-07-31T19:56:31Z</time></trkpt><trkpt lat="-24.203490" lon="-49.357701"><ele>965.041</ele><time>2022-07-31T19:56:32Z</time></trkpt><trkpt lat="-24.203524" lon="-49.357737"><ele>964.915</ele><time>2022-07-31T19:56:33Z</time></trkpt><trkpt lat="-24.203569" lon="-49.357773"><ele>963.709</ele><time>2022-07-31T19:56:34Z</time></trkpt><trkpt lat="-24.203615" lon="-49.357801"><ele>963.498</ele><time>2022-07-31T19:56:35Z</time></trkpt><trkpt lat="-24.203698" lon="-49.357844"><ele>963.887</ele><time>2022-07-31T19:56:37Z</time></trkpt><trkpt lat="-24.203739" lon="-49.357872"><ele>963.226</ele><time>2022-07-31T19:56:38Z</time></trkpt><trkpt lat="-24.203790" lon="-49.357896"><ele>962.950</ele><time>2022-07-31T19:56:39Z</time></trkpt><trkpt lat="-24.203832" lon="-49.357919"><ele>962.623</ele><time>2022-07-31T19:56:40Z</time></trkpt><trkpt lat="-24.203884" lon="-49.357951"><ele>962.422</ele><time>2022-07-31T19:56:41Z</time></trkpt><trkpt lat="-24.203931" lon="-49.357974"><ele>962.893</ele><time>2022-07-31T19:56:42Z</time></trkpt><trkpt lat="-24.203977" lon="-49.357999"><ele>962.470</ele><time>2022-07-31T19:56:43Z</time></trkpt><trkpt lat="-24.204027" lon="-49.358026"><ele>961.837</ele><time>2022-07-31T19:56:44Z</time></trkpt><trkpt lat="-24.204083" lon="-49.358046"><ele>962.676</ele><time>2022-07-31T19:56:45Z</time></trkpt><trkpt lat="-24.204134" lon="-49.358073"><ele>962.290</ele><time>2022-07-31T19:56:46Z</time></trkpt><trkpt lat="-24.204189" lon="-49.358093"><ele>962.119</ele><time>2022-07-31T19:56:47Z</time></trkpt><trkpt lat="-24.204237" lon="-49.358114"><ele>962.409</ele><time>2022-07-31T19:56:48Z</time></trkpt><trkpt lat="-24.204276" lon="-49.358146"><ele>962.258</ele><time>2022-07-31T19:56:49Z</time></trkpt><trkpt lat="-24.204323" lon="-49.358166"><ele>961.837</ele><time>2022-07-31T19:56:50Z</time></trkpt><trkpt lat="-24.204373" lon="-49.358190"><ele>962.316</ele><time>2022-07-31T19:56:51Z</time></trkpt><trkpt lat="-24.204418" lon="-49.358207"><ele>961.170</ele><time>2022-07-31T19:56:52Z</time></trkpt><trkpt lat="-24.204469" lon="-49.358238"><ele>960.593</ele><time>2022-07-31T19:56:53Z</time></trkpt><trkpt lat="-24.204517" lon="-49.358260"><ele>961.412</ele><time>2022-07-31T19:56:54Z</time></trkpt><trkpt lat="-24.204570" lon="-49.358286"><ele>960.933</ele><time>2022-07-31T19:56:55Z</time></trkpt><trkpt lat="-24.204622" lon="-49.358308"><ele>962.090</ele><time>2022-07-31T19:56:56Z</time></trkpt><trkpt lat="-24.204668" lon="-49.358334"><ele>961.387</ele><time>2022-07-31T19:56:57Z</time></trkpt><trkpt lat="-24.204727" lon="-49.358369"><ele>959.446</ele><time>2022-07-31T19:56:58Z</time></trkpt><trkpt lat="-24.204778" lon="-49.358402"><ele>957.888</ele><time>2022-07-31T19:56:59Z</time></trkpt><trkpt lat="-24.204832" lon="-49.358428"><ele>957.616</ele><time>2022-07-31T19:57:00Z</time></trkpt><trkpt lat="-24.204883" lon="-49.358453"><ele>956.709</ele><time>2022-07-31T19:57:01Z</time></trkpt><trkpt lat="-24.204928" lon="-49.358465"><ele>955.965</ele><time>2022-07-31T19:57:02Z</time></trkpt><trkpt lat="-24.204974" lon="-49.358481"><ele>955.684</ele><time>2022-07-31T19:57:03Z</time></trkpt><trkpt lat="-24.205027" lon="-49.358491"><ele>954.723</ele><time>2022-07-31T19:57:04Z</time></trkpt><trkpt lat="-24.205077" lon="-49.358465"><ele>953.187</ele><time>2022-07-31T19:57:05Z</time></trkpt><trkpt lat="-24.205128" lon="-49.358465"><ele>953.380</ele><time>2022-07-31T19:57:06Z</time></trkpt><trkpt lat="-24.205178" lon="-49.358452"><ele>952.559</ele><time>2022-07-31T19:57:07Z</time></trkpt><trkpt lat="-24.205233" lon="-49.358446"><ele>951.230</ele><time>2022-07-31T19:57:08Z</time></trkpt><trkpt lat="-24.205281" lon="-49.358429"><ele>950.377</ele><time>2022-07-31T19:57:09Z</time></trkpt><trkpt lat="-24.205329" lon="-49.358408"><ele>949.754</ele><time>2022-07-31T19:57:10Z</time></trkpt><trkpt lat="-24.205406" lon="-49.358372"><ele>949.092</ele><time>2022-07-31T19:57:12Z</time></trkpt><trkpt lat="-24.205490" lon="-49.358340"><ele>947.373</ele><time>2022-07-31T19:57:14Z</time></trkpt><trkpt lat="-24.205547" lon="-49.358328"><ele>946.920</ele><time>2022-07-31T19:57:16Z</time></trkpt><trkpt lat="-24.205602" lon="-49.358347"><ele>946.109</ele><time>2022-07-31T19:57:18Z</time></trkpt><trkpt lat="-24.205652" lon="-49.358355"><ele>944.170</ele><time>2022-07-31T19:57:20Z</time></trkpt><trkpt lat="-24.205706" lon="-49.358360"><ele>943.219</ele><time>2022-07-31T19:57:22Z</time></trkpt><trkpt lat="-24.205766" lon="-49.358324"><ele>942.588</ele><time>2022-07-31T19:57:24Z</time></trkpt><trkpt lat="-24.205804" lon="-49.358243"><ele>941.422</ele><time>2022-07-31T19:57:26Z</time></trkpt><trkpt lat="-24.205828" lon="-49.358152"><ele>940.365</ele><time>2022-07-31T19:57:28Z</time></trkpt><trkpt lat="-24.205827" lon="-49.358088"><ele>940.314</ele><time>2022-07-31T19:57:29Z</time></trkpt><trkpt lat="-24.205836" lon="-49.358040"><ele>939.975</ele><time>2022-07-31T19:57:30Z</time></trkpt><trkpt lat="-24.205854" lon="-49.357950"><ele>940.322</ele><time>2022-07-31T19:57:32Z</time></trkpt><trkpt lat="-24.205903" lon="-49.357935"><ele>940.029</ele><time>2022-07-31T19:57:34Z</time></trkpt><trkpt lat="-24.205959" lon="-49.357991"><ele>937.413</ele><time>2022-07-31T19:57:36Z</time></trkpt><trkpt lat="-24.205955" lon="-49.358057"><ele>935.143</ele><time>2022-07-31T19:57:38Z</time></trkpt><trkpt lat="-24.205943" lon="-49.358123"><ele>934.407</ele><time>2022-07-31T19:57:40Z</time></trkpt><trkpt lat="-24.205926" lon="-49.358199"><ele>934.909</ele><time>2022-07-31T19:57:42Z</time></trkpt><trkpt lat="-24.205913" lon="-49.358265"><ele>932.722</ele><time>2022-07-31T19:57:44Z</time></trkpt><trkpt lat="-24.205937" lon="-49.358312"><ele>934.511</ele><time>2022-07-31T19:57:46Z</time></trkpt><trkpt lat="-24.205991" lon="-49.358313"><ele>935.780</ele><time>2022-07-31T19:57:48Z</time></trkpt><trkpt lat="-24.206028" lon="-49.358211"><ele>936.854</ele><time>2022-07-31T19:57:50Z</time></trkpt><trkpt lat="-24.206046" lon="-49.358154"><ele>936.117</ele><time>2022-07-31T19:57:51Z</time></trkpt><trkpt lat="-24.206052" lon="-49.358096"><ele>935.596</ele><time>2022-07-31T19:57:52Z</time></trkpt><trkpt lat="-24.206083" lon="-49.358029"><ele>934.287</ele><time>2022-07-31T19:57:54Z</time></trkpt><trkpt lat="-24.206131" lon="-49.358049"><ele>932.724</ele><time>2022-07-31T19:57:56Z</time></trkpt><trkpt lat="-24.206169" lon="-49.358121"><ele>931.361</ele><time>2022-07-31T19:57:58Z</time></trkpt><trkpt lat="-24.206228" lon="-49.358150"><ele>930.418</ele><time>2022-07-31T19:58:00Z</time></trkpt><trkpt lat="-24.206293" lon="-49.358156"><ele>930.398</ele><time>2022-07-31T19:58:02Z</time></trkpt><trkpt lat="-24.206348" lon="-49.358181"><ele>928.817</ele><time>2022-07-31T19:58:04Z</time></trkpt><trkpt lat="-24.206390" lon="-49.358223"><ele>928.109</ele><time>2022-07-31T19:58:06Z</time></trkpt><trkpt lat="-24.206436" lon="-49.358257"><ele>927.122</ele><time>2022-07-31T19:58:08Z</time></trkpt><trkpt lat="-24.206495" lon="-49.358270"><ele>925.881</ele><time>2022-07-31T19:58:10Z</time></trkpt><trkpt lat="-24.206549" lon="-49.358251"><ele>925.260</ele><time>2022-07-31T19:58:12Z</time></trkpt><trkpt lat="-24.206568" lon="-49.358204"><ele>926.444</ele><time>2022-07-31T19:58:15Z</time></trkpt><trkpt lat="-24.206611" lon="-49.358180"><ele>928.427</ele><time>2022-07-31T19:58:43Z</time></trkpt><trkpt lat="-24.206660" lon="-49.358187"><ele>928.256</ele><time>2022-07-31T19:58:47Z</time></trkpt><trkpt lat="-24.206613" lon="-49.358171"><ele>933.947</ele><time>2022-07-31T20:05:45Z</time></trkpt><trkpt lat="-24.206562" lon="-49.358158"><ele>934.654</ele><time>2022-07-31T20:06:11Z</time></trkpt><trkpt lat="-24.206517" lon="-49.358171"><ele>935.341</ele><time>2022-07-31T20:06:13Z</time></trkpt><trkpt lat="-24.206466" lon="-49.358190"><ele>934.941</ele><time>2022-07-31T20:06:15Z</time></trkpt><trkpt lat="-24.206416" lon="-49.358194"><ele>936.181</ele><time>2022-07-31T20:06:17Z</time></trkpt><trkpt lat="-24.206361" lon="-49.358166"><ele>937.009</ele><time>2022-07-31T20:06:20Z</time></trkpt><trkpt lat="-24.206324" lon="-49.358129"><ele>936.809</ele><time>2022-07-31T20:06:22Z</time></trkpt><trkpt lat="-24.206276" lon="-49.358112"><ele>936.615</ele><time>2022-07-31T20:06:24Z</time></trkpt><trkpt lat="-24.206228" lon="-49.358104"><ele>938.194</ele><time>2022-07-31T20:06:26Z</time></trkpt><trkpt lat="-24.206184" lon="-49.358077"><ele>939.183</ele><time>2022-07-31T20:06:28Z</time></trkpt><trkpt lat="-24.206151" lon="-49.358032"><ele>937.267</ele><time>2022-07-31T20:06:31Z</time></trkpt><trkpt lat="-24.206118" lon="-49.358104"><ele>935.820</ele><time>2022-07-31T20:06:34Z</time></trkpt><trkpt lat="-24.206094" lon="-49.358181"><ele>938.779</ele><time>2022-07-31T20:06:36Z</time></trkpt><trkpt lat="-24.206076" lon="-49.358239"><ele>937.670</ele><time>2022-07-31T20:06:37Z</time></trkpt><trkpt lat="-24.206050" lon="-49.358301"><ele>937.537</ele><time>2022-07-31T20:06:39Z</time></trkpt><trkpt lat="-24.205998" lon="-49.358310"><ele>937.984</ele><time>2022-07-31T20:06:41Z</time></trkpt><trkpt lat="-24.205962" lon="-49.358253"><ele>932.542</ele><time>2022-07-31T20:06:44Z</time></trkpt><trkpt lat="-24.205976" lon="-49.358152"><ele>932.422</ele><time>2022-07-31T20:06:46Z</time></trkpt><trkpt lat="-24.205976" lon="-49.358097"><ele>932.614</ele><time>2022-07-31T20:06:47Z</time></trkpt><trkpt lat="-24.205967" lon="-49.358044"><ele>936.409</ele><time>2022-07-31T20:06:48Z</time></trkpt><trkpt lat="-24.205930" lon="-49.357966"><ele>934.215</ele><time>2022-07-31T20:06:50Z</time></trkpt><trkpt lat="-24.205870" lon="-49.357954"><ele>933.984</ele><time>2022-07-31T20:06:53Z</time></trkpt><trkpt lat="-24.205847" lon="-49.358013"><ele>932.813</ele><time>2022-07-31T20:06:55Z</time></trkpt><trkpt lat="-24.205839" lon="-49.358083"><ele>931.327</ele><time>2022-07-31T20:06:57Z</time></trkpt><trkpt lat="-24.205821" lon="-49.358165"><ele>929.660</ele><time>2022-07-31T20:06:59Z</time></trkpt><trkpt lat="-24.205805" lon="-49.358247"><ele>931.499</ele><time>2022-07-31T20:07:01Z</time></trkpt><trkpt lat="-24.205779" lon="-49.358320"><ele>932.740</ele><time>2022-07-31T20:07:03Z</time></trkpt><trkpt lat="-24.205733" lon="-49.358378"><ele>932.397</ele><time>2022-07-31T20:07:05Z</time></trkpt><trkpt lat="-24.205675" lon="-49.358392"><ele>935.584</ele><time>2022-07-31T20:07:07Z</time></trkpt><trkpt lat="-24.205622" lon="-49.358373"><ele>937.095</ele><time>2022-07-31T20:07:09Z</time></trkpt><trkpt lat="-24.205572" lon="-49.358316"><ele>939.249</ele><time>2022-07-31T20:07:11Z</time></trkpt><trkpt lat="-24.205537" lon="-49.358275"><ele>939.723</ele><time>2022-07-31T20:07:13Z</time></trkpt><trkpt lat="-24.205508" lon="-49.358319"><ele>939.809</ele><time>2022-07-31T20:07:38Z</time></trkpt><trkpt lat="-24.205473" lon="-49.358398"><ele>941.240</ele><time>2022-07-31T20:07:41Z</time></trkpt><trkpt lat="-24.205394" lon="-49.358441"><ele>942.529</ele><time>2022-07-31T20:07:43Z</time></trkpt><trkpt lat="-24.205335" lon="-49.358434"><ele>942.658</ele><time>2022-07-31T20:07:44Z</time></trkpt><trkpt lat="-24.205280" lon="-49.358448"><ele>942.982</ele><time>2022-07-31T20:07:45Z</time></trkpt><trkpt lat="-24.205234" lon="-49.358459"><ele>943.695</ele><time>2022-07-31T20:07:46Z</time></trkpt><trkpt lat="-24.205175" lon="-49.358478"><ele>944.964</ele><time>2022-07-31T20:07:47Z</time></trkpt><trkpt lat="-24.205122" lon="-49.358486"><ele>946.235</ele><time>2022-07-31T20:07:48Z</time></trkpt><trkpt lat="-24.205070" lon="-49.358494"><ele>946.522</ele><time>2022-07-31T20:07:49Z</time></trkpt><trkpt lat="-24.205014" lon="-49.358497"><ele>947.699</ele><time>2022-07-31T20:07:50Z</time></trkpt><trkpt lat="-24.204966" lon="-49.358479"><ele>947.229</ele><time>2022-07-31T20:07:51Z</time></trkpt><trkpt lat="-24.204907" lon="-49.358454"><ele>948.500</ele><time>2022-07-31T20:07:52Z</time></trkpt><trkpt lat="-24.204845" lon="-49.358431"><ele>949.120</ele><time>2022-07-31T20:07:53Z</time></trkpt><trkpt lat="-24.204778" lon="-49.358401"><ele>949.509</ele><time>2022-07-31T20:07:54Z</time></trkpt><trkpt lat="-24.204716" lon="-49.358373"><ele>949.573</ele><time>2022-07-31T20:07:55Z</time></trkpt><trkpt lat="-24.204651" lon="-49.358340"><ele>950.592</ele><time>2022-07-31T20:07:56Z</time></trkpt><trkpt lat="-24.204575" lon="-49.358302"><ele>951.551</ele><time>2022-07-31T20:07:57Z</time></trkpt><trkpt lat="-24.204500" lon="-49.358263"><ele>951.825</ele><time>2022-07-31T20:07:58Z</time></trkpt><trkpt lat="-24.204430" lon="-49.358221"><ele>952.318</ele><time>2022-07-31T20:07:59Z</time></trkpt><trkpt lat="-24.204358" lon="-49.358187"><ele>954.117</ele><time>2022-07-31T20:08:00Z</time></trkpt><trkpt lat="-24.204279" lon="-49.358141"><ele>954.778</ele><time>2022-07-31T20:08:01Z</time></trkpt><trkpt lat="-24.204200" lon="-49.358107"><ele>955.535</ele><time>2022-07-31T20:08:02Z</time></trkpt><trkpt lat="-24.204124" lon="-49.358069"><ele>956.592</ele><time>2022-07-31T20:08:03Z</time></trkpt><trkpt lat="-24.204057" lon="-49.358028"><ele>955.348</ele><time>2022-07-31T20:08:04Z</time></trkpt><trkpt lat="-24.203979" lon="-49.357988"><ele>956.461</ele><time>2022-07-31T20:08:05Z</time></trkpt><trkpt lat="-24.203906" lon="-49.357949"><ele>956.617</ele><time>2022-07-31T20:08:06Z</time></trkpt><trkpt lat="-24.203832" lon="-49.357901"><ele>956.609</ele><time>2022-07-31T20:08:07Z</time></trkpt><trkpt lat="-24.203761" lon="-49.357856"><ele>956.675</ele><time>2022-07-31T20:08:08Z</time></trkpt><trkpt lat="-24.203694" lon="-49.357817"><ele>957.044</ele><time>2022-07-31T20:08:09Z</time></trkpt><trkpt lat="-24.203617" lon="-49.357762"><ele>956.523</ele><time>2022-07-31T20:08:10Z</time></trkpt><trkpt lat="-24.203542" lon="-49.357714"><ele>957.617</ele><time>2022-07-31T20:08:11Z</time></trkpt><trkpt lat="-24.203467" lon="-49.357667"><ele>957.670</ele><time>2022-07-31T20:08:12Z</time></trkpt><trkpt lat="-24.203390" lon="-49.357620"><ele>957.799</ele><time>2022-07-31T20:08:13Z</time></trkpt><trkpt lat="-24.203324" lon="-49.357573"><ele>957.990</ele><time>2022-07-31T20:08:14Z</time></trkpt><trkpt lat="-24.203245" lon="-49.357529"><ele>957.137</ele><time>2022-07-31T20:08:15Z</time></trkpt><trkpt lat="-24.203183" lon="-49.357472"><ele>957.914</ele><time>2022-07-31T20:08:16Z</time></trkpt><trkpt lat="-24.203111" lon="-49.357426"><ele>958.797</ele><time>2022-07-31T20:08:17Z</time></trkpt><trkpt lat="-24.203049" lon="-49.357361"><ele>956.423</ele><time>2022-07-31T20:08:18Z</time></trkpt><trkpt lat="-24.202986" lon="-49.357315"><ele>954.625</ele><time>2022-07-31T20:08:19Z</time></trkpt><trkpt lat="-24.202922" lon="-49.357271"><ele>955.209</ele><time>2022-07-31T20:08:20Z</time></trkpt><trkpt lat="-24.202858" lon="-49.357222"><ele>955.930</ele><time>2022-07-31T20:08:21Z</time></trkpt><trkpt lat="-24.202785" lon="-49.357178"><ele>955.229</ele><time>2022-07-31T20:08:22Z</time></trkpt><trkpt lat="-24.202718" lon="-49.357137"><ele>955.798</ele><time>2022-07-31T20:08:23Z</time></trkpt><trkpt lat="-24.202650" lon="-49.357093"><ele>956.032</ele><time>2022-07-31T20:08:24Z</time></trkpt><trkpt lat="-24.202579" lon="-49.357058"><ele>955.855</ele><time>2022-07-31T20:08:25Z</time></trkpt><trkpt lat="-24.202508" lon="-49.357017"><ele>956.484</ele><time>2022-07-31T20:08:26Z</time></trkpt><trkpt lat="-24.202446" lon="-49.356988"><ele>958.175</ele><time>2022-07-31T20:08:27Z</time></trkpt><trkpt lat="-24.202386" lon="-49.356969"><ele>957.912</ele><time>2022-07-31T20:08:28Z</time></trkpt><trkpt lat="-24.202323" lon="-49.356956"><ele>954.229</ele><time>2022-07-31T20:08:29Z</time></trkpt><trkpt lat="-24.202252" lon="-49.356961"><ele>955.429</ele><time>2022-07-31T20:08:31Z</time></trkpt><trkpt lat="-24.202196" lon="-49.356988"><ele>962.500</ele><time>2022-07-31T20:08:48Z</time></trkpt><trkpt lat="-24.202122" lon="-49.357013"><ele>962.920</ele><time>2022-07-31T20:08:50Z</time></trkpt><trkpt lat="-24.202074" lon="-49.357032"><ele>963.409</ele><time>2022-07-31T20:08:51Z</time></trkpt><trkpt lat="-24.201998" lon="-49.357078"><ele>961.253</ele><time>2022-07-31T20:08:53Z</time></trkpt><trkpt lat="-24.201953" lon="-49.357109"><ele>962.062</ele><time>2022-07-31T20:08:54Z</time></trkpt><trkpt lat="-24.201909" lon="-49.357147"><ele>961.641</ele><time>2022-07-31T20:08:55Z</time></trkpt><trkpt lat="-24.201871" lon="-49.357190"><ele>961.225</ele><time>2022-07-31T20:08:56Z</time></trkpt><trkpt lat="-24.201830" lon="-49.357239"><ele>961.128</ele><time>2022-07-31T20:08:57Z</time></trkpt><trkpt lat="-24.201792" lon="-49.357286"><ele>961.537</ele><time>2022-07-31T20:08:58Z</time></trkpt><trkpt lat="-24.201763" lon="-49.357338"><ele>961.428</ele><time>2022-07-31T20:08:59Z</time></trkpt><trkpt lat="-24.201743" lon="-49.357395"><ele>961.775</ele><time>2022-07-31T20:09:00Z</time></trkpt><trkpt lat="-24.201724" lon="-49.357452"><ele>961.742</ele><time>2022-07-31T20:09:01Z</time></trkpt><trkpt lat="-24.201722" lon="-49.357517"><ele>963.477</ele><time>2022-07-31T20:09:02Z</time></trkpt><trkpt lat="-24.201736" lon="-49.357576"><ele>963.061</ele><time>2022-07-31T20:09:03Z</time></trkpt><trkpt lat="-24.201754" lon="-49.357632"><ele>962.327</ele><time>2022-07-31T20:09:04Z</time></trkpt><trkpt lat="-24.201782" lon="-49.357696"><ele>963.109</ele><time>2022-07-31T20:09:05Z</time></trkpt><trkpt lat="-24.201810" lon="-49.357751"><ele>963.588</ele><time>2022-07-31T20:09:06Z</time></trkpt><trkpt lat="-24.201850" lon="-49.357822"><ele>963.637</ele><time>2022-07-31T20:09:07Z</time></trkpt><trkpt lat="-24.201885" lon="-49.357896"><ele>963.936</ele><time>2022-07-31T20:09:08Z</time></trkpt><trkpt lat="-24.201926" lon="-49.357978"><ele>965.240</ele><time>2022-07-31T20:09:09Z</time></trkpt><trkpt lat="-24.201968" lon="-49.358058"><ele>966.253</ele><time>2022-07-31T20:09:10Z</time></trkpt><trkpt lat="-24.201988" lon="-49.358135"><ele>966.862</ele><time>2022-07-31T20:09:11Z</time></trkpt><trkpt lat="-24.202029" lon="-49.358216"><ele>968.493</ele><time>2022-07-31T20:09:12Z</time></trkpt><trkpt lat="-24.202048" lon="-49.358292"><ele>970.260</ele><time>2022-07-31T20:09:13Z</time></trkpt><trkpt lat="-24.202096" lon="-49.358372"><ele>971.547</ele><time>2022-07-31T20:09:14Z</time></trkpt><trkpt lat="-24.202133" lon="-49.358454"><ele>972.879</ele><time>2022-07-31T20:09:15Z</time></trkpt><trkpt lat="-24.202175" lon="-49.358535"><ele>974.805</ele><time>2022-07-31T20:09:16Z</time></trkpt><trkpt lat="-24.202212" lon="-49.358613"><ele>975.325</ele><time>2022-07-31T20:09:17Z</time></trkpt><trkpt lat="-24.202249" lon="-49.358698"><ele>975.209</ele><time>2022-07-31T20:09:18Z</time></trkpt><trkpt lat="-24.202290" lon="-49.358784"><ele>976.478</ele><time>2022-07-31T20:09:19Z</time></trkpt><trkpt lat="-24.202333" lon="-49.358870"><ele>977.187</ele><time>2022-07-31T20:09:20Z</time></trkpt><trkpt lat="-24.202377" lon="-49.358958"><ele>977.796</ele><time>2022-07-31T20:09:21Z</time></trkpt><trkpt lat="-24.202421" lon="-49.359045"><ele>978.540</ele><time>2022-07-31T20:09:22Z</time></trkpt><trkpt lat="-24.202463" lon="-49.359142"><ele>978.543</ele><time>2022-07-31T20:09:23Z</time></trkpt><trkpt lat="-24.202513" lon="-49.359241"><ele>978.642</ele><time>2022-07-31T20:09:24Z</time></trkpt><trkpt lat="-24.202541" lon="-49.359329"><ele>979.253</ele><time>2022-07-31T20:09:25Z</time></trkpt><trkpt lat="-24.202575" lon="-49.359417"><ele>979.490</ele><time>2022-07-31T20:09:26Z</time></trkpt><trkpt lat="-24.202609" lon="-49.359502"><ele>982.397</ele><time>2022-07-31T20:09:27Z</time></trkpt><trkpt lat="-24.202640" lon="-49.359597"><ele>983.361</ele><time>2022-07-31T20:09:28Z</time></trkpt><trkpt lat="-24.202662" lon="-49.359692"><ele>984.221</ele><time>2022-07-31T20:09:29Z</time></trkpt><trkpt lat="-24.202694" lon="-49.359783"><ele>984.513</ele><time>2022-07-31T20:09:30Z</time></trkpt><trkpt lat="-24.202721" lon="-49.359884"><ele>984.509</ele><time>2022-07-31T20:09:31Z</time></trkpt><trkpt lat="-24.202745" lon="-49.359978"><ele>984.867</ele><time>2022-07-31T20:09:32Z</time></trkpt><trkpt lat="-24.202748" lon="-49.360068"><ele>984.286</ele><time>2022-07-31T20:09:33Z</time></trkpt><trkpt lat="-24.202742" lon="-49.360163"><ele>985.165</ele><time>2022-07-31T20:09:34Z</time></trkpt><trkpt lat="-24.202739" lon="-49.360258"><ele>984.779</ele><time>2022-07-31T20:09:35Z</time></trkpt><trkpt lat="-24.202727" lon="-49.360354"><ele>985.992</ele><time>2022-07-31T20:09:36Z</time></trkpt><trkpt lat="-24.202727" lon="-49.360450"><ele>986.641</ele><time>2022-07-31T20:09:37Z</time></trkpt><trkpt lat="-24.202734" lon="-49.360553"><ele>987.562</ele><time>2022-07-31T20:09:38Z</time></trkpt><trkpt lat="-24.202753" lon="-49.360644"><ele>987.829</ele><time>2022-07-31T20:09:39Z</time></trkpt><trkpt lat="-24.202766" lon="-49.360727"><ele>988.626</ele><time>2022-07-31T20:09:40Z</time></trkpt><trkpt lat="-24.202792" lon="-49.360814"><ele>988.957</ele><time>2022-07-31T20:09:41Z</time></trkpt><trkpt lat="-24.202827" lon="-49.360917"><ele>988.900</ele><time>2022-07-31T20:09:42Z</time></trkpt><trkpt lat="-24.202851" lon="-49.361013"><ele>989.420</ele><time>2022-07-31T20:09:43Z</time></trkpt><trkpt lat="-24.202871" lon="-49.361104"><ele>989.709</ele><time>2022-07-31T20:09:44Z</time></trkpt><trkpt lat="-24.202899" lon="-49.361192"><ele>989.516</ele><time>2022-07-31T20:09:45Z</time></trkpt><trkpt lat="-24.202930" lon="-49.361286"><ele>990.575</ele><time>2022-07-31T20:09:46Z</time></trkpt><trkpt lat="-24.202957" lon="-49.361373"><ele>990.784</ele><time>2022-07-31T20:09:47Z</time></trkpt><trkpt lat="-24.202980" lon="-49.361452"><ele>992.088</ele><time>2022-07-31T20:09:48Z</time></trkpt><trkpt lat="-24.202997" lon="-49.361520"><ele>978.641</ele><time>2022-07-31T20:09:49Z</time></trkpt><trkpt lat="-24.203008" lon="-49.361580"><ele>982.280</ele><time>2022-07-31T20:09:50Z</time></trkpt><trkpt lat="-24.203072" lon="-49.361650"><ele>988.091</ele><time>2022-07-31T20:09:52Z</time></trkpt><trkpt lat="-24.203129" lon="-49.361680"><ele>989.068</ele><time>2022-07-31T20:09:53Z</time></trkpt><trkpt lat="-24.203197" lon="-49.361703"><ele>990.435</ele><time>2022-07-31T20:09:54Z</time></trkpt><trkpt lat="-24.203276" lon="-49.361720"><ele>992.045</ele><time>2022-07-31T20:09:55Z</time></trkpt><trkpt lat="-24.203357" lon="-49.361736"><ele>992.247</ele><time>2022-07-31T20:09:56Z</time></trkpt><trkpt lat="-24.203443" lon="-49.361752"><ele>992.211</ele><time>2022-07-31T20:09:57Z</time></trkpt><trkpt lat="-24.203527" lon="-49.361775"><ele>992.309</ele><time>2022-07-31T20:09:58Z</time></trkpt><trkpt lat="-24.203608" lon="-49.361795"><ele>992.915</ele><time>2022-07-31T20:09:59Z</time></trkpt><trkpt lat="-24.203692" lon="-49.361821"><ele>993.354</ele><time>2022-07-31T20:10:00Z</time></trkpt><trkpt lat="-24.203776" lon="-49.361863"><ele>993.253</ele><time>2022-07-31T20:10:01Z</time></trkpt><trkpt lat="-24.203856" lon="-49.361897"><ele>993.277</ele><time>2022-07-31T20:10:02Z</time></trkpt><trkpt lat="-24.203932" lon="-49.361944"><ele>992.780</ele><time>2022-07-31T20:10:03Z</time></trkpt><trkpt lat="-24.204003" lon="-49.362007"><ele>992.279</ele><time>2022-07-31T20:10:04Z</time></trkpt><trkpt lat="-24.204075" lon="-49.362082"><ele>991.440</ele><time>2022-07-31T20:10:05Z</time></trkpt><trkpt lat="-24.204135" lon="-49.362152"><ele>991.687</ele><time>2022-07-31T20:10:06Z</time></trkpt><trkpt lat="-24.204187" lon="-49.362233"><ele>990.964</ele><time>2022-07-31T20:10:07Z</time></trkpt><trkpt lat="-24.204227" lon="-49.362312"><ele>990.262</ele><time>2022-07-31T20:10:08Z</time></trkpt><trkpt lat="-24.204267" lon="-49.362401"><ele>990.183</ele><time>2022-07-31T20:10:09Z</time></trkpt><trkpt lat="-24.204294" lon="-49.362486"><ele>990.411</ele><time>2022-07-31T20:10:10Z</time></trkpt><trkpt lat="-24.204311" lon="-49.362594"><ele>989.509</ele><time>2022-07-31T20:10:11Z</time></trkpt><trkpt lat="-24.204340" lon="-49.362710"><ele>988.747</ele><time>2022-07-31T20:10:12Z</time></trkpt><trkpt lat="-24.204356" lon="-49.362814"><ele>990.216</ele><time>2022-07-31T20:10:13Z</time></trkpt><trkpt lat="-24.204374" lon="-49.362918"><ele>991.155</ele><time>2022-07-31T20:10:14Z</time></trkpt><trkpt lat="-24.204397" lon="-49.363013"><ele>990.689</ele><time>2022-07-31T20:10:15Z</time></trkpt><trkpt lat="-24.204435" lon="-49.363114"><ele>991.672</ele><time>2022-07-31T20:10:16Z</time></trkpt><trkpt lat="-24.204474" lon="-49.363204"><ele>990.971</ele><time>2022-07-31T20:10:17Z</time></trkpt><trkpt lat="-24.204517" lon="-49.363289"><ele>990.652</ele><time>2022-07-31T20:10:18Z</time></trkpt><trkpt lat="-24.204568" lon="-49.363361"><ele>990.459</ele><time>2022-07-31T20:10:19Z</time></trkpt><trkpt lat="-24.204622" lon="-49.363433"><ele>991.026</ele><time>2022-07-31T20:10:20Z</time></trkpt><trkpt lat="-24.204688" lon="-49.363510"><ele>991.581</ele><time>2022-07-31T20:10:21Z</time></trkpt><trkpt lat="-24.204745" lon="-49.363585"><ele>992.861</ele><time>2022-07-31T20:10:22Z</time></trkpt><trkpt lat="-24.204802" lon="-49.363664"><ele>993.317</ele><time>2022-07-31T20:10:23Z</time></trkpt><trkpt lat="-24.204848" lon="-49.363739"><ele>993.709</ele><time>2022-07-31T20:10:24Z</time></trkpt><trkpt lat="-24.204895" lon="-49.363818"><ele>994.669</ele><time>2022-07-31T20:10:25Z</time></trkpt><trkpt lat="-24.204941" lon="-49.363900"><ele>994.468</ele><time>2022-07-31T20:10:26Z</time></trkpt><trkpt lat="-24.204981" lon="-49.363984"><ele>994.597</ele><time>2022-07-31T20:10:27Z</time></trkpt><trkpt lat="-24.205026" lon="-49.364063"><ele>994.481</ele><time>2022-07-31T20:10:28Z</time></trkpt><trkpt lat="-24.205074" lon="-49.364148"><ele>993.974</ele><time>2022-07-31T20:10:29Z</time></trkpt><trkpt lat="-24.205118" lon="-49.364230"><ele>993.423</ele><time>2022-07-31T20:10:30Z</time></trkpt><trkpt lat="-24.205159" lon="-49.364311"><ele>993.684</ele><time>2022-07-31T20:10:31Z</time></trkpt><trkpt lat="-24.205200" lon="-49.364396"><ele>983.131</ele><time>2022-07-31T20:10:32Z</time></trkpt><trkpt lat="-24.205249" lon="-49.364485"><ele>985.638</ele><time>2022-07-31T20:10:33Z</time></trkpt><trkpt lat="-24.205279" lon="-49.364560"><ele>987.115</ele><time>2022-07-31T20:10:34Z</time></trkpt><trkpt lat="-24.205300" lon="-49.364648"><ele>988.265</ele><time>2022-07-31T20:10:35Z</time></trkpt><trkpt lat="-24.205325" lon="-49.364750"><ele>988.411</ele><time>2022-07-31T20:10:36Z</time></trkpt><trkpt lat="-24.205347" lon="-49.364839"><ele>989.009</ele><time>2022-07-31T20:10:37Z</time></trkpt><trkpt lat="-24.205362" lon="-49.364920"><ele>988.942</ele><time>2022-07-31T20:10:38Z</time></trkpt><trkpt lat="-24.205370" lon="-49.365019"><ele>989.311</ele><time>2022-07-31T20:10:39Z</time></trkpt><trkpt lat="-24.205362" lon="-49.365101"><ele>989.180</ele><time>2022-07-31T20:10:40Z</time></trkpt><trkpt lat="-24.205348" lon="-49.365194"><ele>989.474</ele><time>2022-07-31T20:10:41Z</time></trkpt><trkpt lat="-24.205332" lon="-49.365291"><ele>989.137</ele><time>2022-07-31T20:10:42Z</time></trkpt><trkpt lat="-24.205308" lon="-49.365386"><ele>988.456</ele><time>2022-07-31T20:10:43Z</time></trkpt><trkpt lat="-24.205269" lon="-49.365482"><ele>987.237</ele><time>2022-07-31T20:10:44Z</time></trkpt><trkpt lat="-24.205232" lon="-49.365577"><ele>986.694</ele><time>2022-07-31T20:10:45Z</time></trkpt><trkpt lat="-24.205187" lon="-49.365666"><ele>987.011</ele><time>2022-07-31T20:10:46Z</time></trkpt><trkpt lat="-24.205146" lon="-49.365756"><ele>987.513</ele><time>2022-07-31T20:10:47Z</time></trkpt><trkpt lat="-24.205108" lon="-49.365846"><ele>987.843</ele><time>2022-07-31T20:10:48Z</time></trkpt><trkpt lat="-24.205056" lon="-49.365933"><ele>987.807</ele><time>2022-07-31T20:10:49Z</time></trkpt><trkpt lat="-24.205014" lon="-49.366033"><ele>987.309</ele><time>2022-07-31T20:10:50Z</time></trkpt><trkpt lat="-24.204975" lon="-49.366130"><ele>986.652</ele><time>2022-07-31T20:10:51Z</time></trkpt><trkpt lat="-24.204932" lon="-49.366232"><ele>986.581</ele><time>2022-07-31T20:10:52Z</time></trkpt><trkpt lat="-24.204888" lon="-49.366331"><ele>986.270</ele><time>2022-07-31T20:10:53Z</time></trkpt><trkpt lat="-24.204843" lon="-49.366435"><ele>986.464</ele><time>2022-07-31T20:10:54Z</time></trkpt><trkpt lat="-24.204806" lon="-49.366539"><ele>986.997</ele><time>2022-07-31T20:10:55Z</time></trkpt><trkpt lat="-24.204770" lon="-49.366638"><ele>986.566</ele><time>2022-07-31T20:10:56Z</time></trkpt><trkpt lat="-24.204732" lon="-49.366742"><ele>986.567</ele><time>2022-07-31T20:10:57Z</time></trkpt><trkpt lat="-24.204707" lon="-49.366836"><ele>984.734</ele><time>2022-07-31T20:10:58Z</time></trkpt><trkpt lat="-24.204691" lon="-49.366936"><ele>983.641</ele><time>2022-07-31T20:10:59Z</time></trkpt><trkpt lat="-24.204670" lon="-49.367037"><ele>983.773</ele><time>2022-07-31T20:11:00Z</time></trkpt><trkpt lat="-24.204659" lon="-49.367127"><ele>982.285</ele><time>2022-07-31T20:11:01Z</time></trkpt><trkpt lat="-24.204665" lon="-49.367225"><ele>981.313</ele><time>2022-07-31T20:11:02Z</time></trkpt><trkpt lat="-24.204669" lon="-49.367336"><ele>981.209</ele><time>2022-07-31T20:11:03Z</time></trkpt><trkpt lat="-24.204696" lon="-49.367420"><ele>980.838</ele><time>2022-07-31T20:11:04Z</time></trkpt><trkpt lat="-24.204740" lon="-49.367510"><ele>982.097</ele><time>2022-07-31T20:11:05Z</time></trkpt><trkpt lat="-24.204800" lon="-49.367608"><ele>980.256</ele><time>2022-07-31T20:11:06Z</time></trkpt><trkpt lat="-24.204860" lon="-49.367694"><ele>981.070</ele><time>2022-07-31T20:11:07Z</time></trkpt><trkpt lat="-24.204918" lon="-49.367777"><ele>981.133</ele><time>2022-07-31T20:11:08Z</time></trkpt><trkpt lat="-24.204974" lon="-49.367844"><ele>981.112</ele><time>2022-07-31T20:11:09Z</time></trkpt><trkpt lat="-24.205027" lon="-49.367922"><ele>981.953</ele><time>2022-07-31T20:11:10Z</time></trkpt><trkpt lat="-24.205076" lon="-49.368014"><ele>981.610</ele><time>2022-07-31T20:11:11Z</time></trkpt><trkpt lat="-24.205122" lon="-49.368101"><ele>981.487</ele><time>2022-07-31T20:11:12Z</time></trkpt><trkpt lat="-24.205159" lon="-49.368187"><ele>981.526</ele><time>2022-07-31T20:11:13Z</time></trkpt><trkpt lat="-24.205176" lon="-49.368276"><ele>983.947</ele><time>2022-07-31T20:11:14Z</time></trkpt><trkpt lat="-24.205187" lon="-49.368375"><ele>984.611</ele><time>2022-07-31T20:11:15Z</time></trkpt><trkpt lat="-24.205188" lon="-49.368469"><ele>985.109</ele><time>2022-07-31T20:11:16Z</time></trkpt><trkpt lat="-24.205180" lon="-49.368570"><ele>985.063</ele><time>2022-07-31T20:11:17Z</time></trkpt><trkpt lat="-24.205172" lon="-49.368674"><ele>983.322</ele><time>2022-07-31T20:11:18Z</time></trkpt><trkpt lat="-24.205158" lon="-49.368774"><ele>983.441</ele><time>2022-07-31T20:11:19Z</time></trkpt><trkpt lat="-24.205142" lon="-49.368872"><ele>983.515</ele><time>2022-07-31T20:11:20Z</time></trkpt><trkpt lat="-24.205126" lon="-49.368974"><ele>983.518</ele><time>2022-07-31T20:11:21Z</time></trkpt><trkpt lat="-24.205122" lon="-49.369082"><ele>983.457</ele><time>2022-07-31T20:11:22Z</time></trkpt><trkpt lat="-24.205105" lon="-49.369181"><ele>982.558</ele><time>2022-07-31T20:11:23Z</time></trkpt><trkpt lat="-24.205133" lon="-49.369297"><ele>981.865</ele><time>2022-07-31T20:11:24Z</time></trkpt><trkpt lat="-24.205160" lon="-49.369406"><ele>982.082</ele><time>2022-07-31T20:11:25Z</time></trkpt><trkpt lat="-24.205208" lon="-49.369498"><ele>981.873</ele><time>2022-07-31T20:11:26Z</time></trkpt><trkpt lat="-24.205247" lon="-49.369596"><ele>981.985</ele><time>2022-07-31T20:11:27Z</time></trkpt><trkpt lat="-24.205283" lon="-49.369689"><ele>984.013</ele><time>2022-07-31T20:11:28Z</time></trkpt><trkpt lat="-24.205319" lon="-49.369792"><ele>984.309</ele><time>2022-07-31T20:11:29Z</time></trkpt><trkpt lat="-24.205356" lon="-49.369892"><ele>984.078</ele><time>2022-07-31T20:11:30Z</time></trkpt><trkpt lat="-24.205363" lon="-49.369999"><ele>985.337</ele><time>2022-07-31T20:11:31Z</time></trkpt><trkpt lat="-24.205381" lon="-49.370103"><ele>985.066</ele><time>2022-07-31T20:11:32Z</time></trkpt><trkpt lat="-24.205383" lon="-49.370205"><ele>984.410</ele><time>2022-07-31T20:11:33Z</time></trkpt><trkpt lat="-24.205372" lon="-49.370320"><ele>984.483</ele><time>2022-07-31T20:11:34Z</time></trkpt><trkpt lat="-24.205371" lon="-49.370429"><ele>984.572</ele><time>2022-07-31T20:11:35Z</time></trkpt><trkpt lat="-24.205369" lon="-49.370542"><ele>984.223</ele><time>2022-07-31T20:11:36Z</time></trkpt><trkpt lat="-24.205372" lon="-49.370656"><ele>983.890</ele><time>2022-07-31T20:11:37Z</time></trkpt><trkpt lat="-24.205374" lon="-49.370770"><ele>983.737</ele><time>2022-07-31T20:11:38Z</time></trkpt><trkpt lat="-24.205372" lon="-49.370889"><ele>983.625</ele><time>2022-07-31T20:11:39Z</time></trkpt><trkpt lat="-24.205376" lon="-49.371002"><ele>982.726</ele><time>2022-07-31T20:11:40Z</time></trkpt><trkpt lat="-24.205381" lon="-49.371111"><ele>982.208</ele><time>2022-07-31T20:11:41Z</time></trkpt><trkpt lat="-24.205389" lon="-49.371213"><ele>982.209</ele><time>2022-07-31T20:11:42Z</time></trkpt><trkpt lat="-24.205401" lon="-49.371319"><ele>983.353</ele><time>2022-07-31T20:11:43Z</time></trkpt><trkpt lat="-24.205413" lon="-49.371404"><ele>983.342</ele><time>2022-07-31T20:11:44Z</time></trkpt><trkpt lat="-24.205432" lon="-49.371489"><ele>984.031</ele><time>2022-07-31T20:11:45Z</time></trkpt><trkpt lat="-24.205458" lon="-49.371571"><ele>983.495</ele><time>2022-07-31T20:11:46Z</time></trkpt><trkpt lat="-24.205487" lon="-49.371654"><ele>983.058</ele><time>2022-07-31T20:11:47Z</time></trkpt><trkpt lat="-24.205526" lon="-49.371728"><ele>983.017</ele><time>2022-07-31T20:11:48Z</time></trkpt><trkpt lat="-24.205567" lon="-49.371798"><ele>983.038</ele><time>2022-07-31T20:11:49Z</time></trkpt><trkpt lat="-24.205615" lon="-49.371870"><ele>983.565</ele><time>2022-07-31T20:11:50Z</time></trkpt><trkpt lat="-24.205661" lon="-49.371939"><ele>984.082</ele><time>2022-07-31T20:11:51Z</time></trkpt><trkpt lat="-24.205720" lon="-49.372011"><ele>984.127</ele><time>2022-07-31T20:11:52Z</time></trkpt><trkpt lat="-24.205770" lon="-49.372068"><ele>985.568</ele><time>2022-07-31T20:11:53Z</time></trkpt><trkpt lat="-24.205832" lon="-49.372130"><ele>985.914</ele><time>2022-07-31T20:11:54Z</time></trkpt><trkpt lat="-24.205899" lon="-49.372190"><ele>985.309</ele><time>2022-07-31T20:11:55Z</time></trkpt><trkpt lat="-24.205966" lon="-49.372252"><ele>986.833</ele><time>2022-07-31T20:11:56Z</time></trkpt><trkpt lat="-24.206032" lon="-49.372313"><ele>988.162</ele><time>2022-07-31T20:11:57Z</time></trkpt><trkpt lat="-24.206090" lon="-49.372378"><ele>989.131</ele><time>2022-07-31T20:11:58Z</time></trkpt><trkpt lat="-24.206142" lon="-49.372435"><ele>991.115</ele><time>2022-07-31T20:11:59Z</time></trkpt><trkpt lat="-24.206195" lon="-49.372494"><ele>992.078</ele><time>2022-07-31T20:12:00Z</time></trkpt><trkpt lat="-24.206255" lon="-49.372562"><ele>993.277</ele><time>2022-07-31T20:12:01Z</time></trkpt><trkpt lat="-24.206304" lon="-49.372622"><ele>992.828</ele><time>2022-07-31T20:12:02Z</time></trkpt><trkpt lat="-24.206353" lon="-49.372686"><ele>992.995</ele><time>2022-07-31T20:12:03Z</time></trkpt><trkpt lat="-24.206402" lon="-49.372763"><ele>992.752</ele><time>2022-07-31T20:12:04Z</time></trkpt><trkpt lat="-24.206446" lon="-49.372827"><ele>992.528</ele><time>2022-07-31T20:12:05Z</time></trkpt><trkpt lat="-24.206499" lon="-49.372901"><ele>992.789</ele><time>2022-07-31T20:12:06Z</time></trkpt><trkpt lat="-24.206550" lon="-49.372966"><ele>992.717</ele><time>2022-07-31T20:12:07Z</time></trkpt><trkpt lat="-24.206586" lon="-49.373034"><ele>992.909</ele><time>2022-07-31T20:12:08Z</time></trkpt><trkpt lat="-24.206631" lon="-49.373107"><ele>994.543</ele><time>2022-07-31T20:12:09Z</time></trkpt><trkpt lat="-24.206681" lon="-49.373180"><ele>994.442</ele><time>2022-07-31T20:12:10Z</time></trkpt><trkpt lat="-24.206726" lon="-49.373253"><ele>994.671</ele><time>2022-07-31T20:12:11Z</time></trkpt><trkpt lat="-24.206768" lon="-49.373326"><ele>995.585</ele><time>2022-07-31T20:12:12Z</time></trkpt><trkpt lat="-24.206823" lon="-49.373382"><ele>997.468</ele><time>2022-07-31T20:12:13Z</time></trkpt><trkpt lat="-24.206868" lon="-49.373451"><ele>997.537</ele><time>2022-07-31T20:12:14Z</time></trkpt><trkpt lat="-24.206908" lon="-49.373512"><ele>997.638</ele><time>2022-07-31T20:12:15Z</time></trkpt><trkpt lat="-24.206948" lon="-49.373574"><ele>998.415</ele><time>2022-07-31T20:12:16Z</time></trkpt><trkpt lat="-24.206984" lon="-49.373627"><ele>998.562</ele><time>2022-07-31T20:12:17Z</time></trkpt><trkpt lat="-24.207028" lon="-49.373687"><ele>999.069</ele><time>2022-07-31T20:12:18Z</time></trkpt><trkpt lat="-24.207072" lon="-49.373740"><ele>998.904</ele><time>2022-07-31T20:12:19Z</time></trkpt><trkpt lat="-24.207118" lon="-49.373804"><ele>1000.124</ele><time>2022-07-31T20:12:20Z</time></trkpt><trkpt lat="-24.207164" lon="-49.373857"><ele>1002.109</ele><time>2022-07-31T20:12:21Z</time></trkpt><trkpt lat="-24.207210" lon="-49.373916"><ele>1002.617</ele><time>2022-07-31T20:12:22Z</time></trkpt><trkpt lat="-24.207248" lon="-49.373975"><ele>1002.396</ele><time>2022-07-31T20:12:23Z</time></trkpt><trkpt lat="-24.207303" lon="-49.374034"><ele>1004.095</ele><time>2022-07-31T20:12:24Z</time></trkpt><trkpt lat="-24.207360" lon="-49.374097"><ele>1003.229</ele><time>2022-07-31T20:12:25Z</time></trkpt><trkpt lat="-24.207404" lon="-49.374148"><ele>1001.972</ele><time>2022-07-31T20:12:26Z</time></trkpt><trkpt lat="-24.207453" lon="-49.374211"><ele>1002.211</ele><time>2022-07-31T20:12:27Z</time></trkpt><trkpt lat="-24.207493" lon="-49.374263"><ele>1003.722</ele><time>2022-07-31T20:12:28Z</time></trkpt><trkpt lat="-24.207529" lon="-49.374324"><ele>1004.339</ele><time>2022-07-31T20:12:29Z</time></trkpt><trkpt lat="-24.207577" lon="-49.374382"><ele>1005.126</ele><time>2022-07-31T20:12:30Z</time></trkpt><trkpt lat="-24.207626" lon="-49.374440"><ele>1005.419</ele><time>2022-07-31T20:12:31Z</time></trkpt><trkpt lat="-24.207669" lon="-49.374490"><ele>1007.409</ele><time>2022-07-31T20:12:32Z</time></trkpt><trkpt lat="-24.207722" lon="-49.374550"><ele>1009.519</ele><time>2022-07-31T20:12:33Z</time></trkpt><trkpt lat="-24.207786" lon="-49.374625"><ele>1009.409</ele><time>2022-07-31T20:12:34Z</time></trkpt><trkpt lat="-24.207831" lon="-49.374674"><ele>1010.692</ele><time>2022-07-31T20:12:35Z</time></trkpt><trkpt lat="-24.207876" lon="-49.374739"><ele>1009.521</ele><time>2022-07-31T20:12:36Z</time></trkpt><trkpt lat="-24.207915" lon="-49.374800"><ele>1010.640</ele><time>2022-07-31T20:12:37Z</time></trkpt><trkpt lat="-24.207965" lon="-49.374862"><ele>1009.124</ele><time>2022-07-31T20:12:38Z</time></trkpt><trkpt lat="-24.208029" lon="-49.374929"><ele>1009.057</ele><time>2022-07-31T20:12:39Z</time></trkpt><trkpt lat="-24.208095" lon="-49.374994"><ele>1009.646</ele><time>2022-07-31T20:12:40Z</time></trkpt><trkpt lat="-24.208153" lon="-49.375087"><ele>1010.457</ele><time>2022-07-31T20:12:41Z</time></trkpt><trkpt lat="-24.208233" lon="-49.375153"><ele>1011.764</ele><time>2022-07-31T20:12:42Z</time></trkpt><trkpt lat="-24.208302" lon="-49.375233"><ele>1009.841</ele><time>2022-07-31T20:12:43Z</time></trkpt><trkpt lat="-24.208366" lon="-49.375307"><ele>1009.564</ele><time>2022-07-31T20:12:44Z</time></trkpt><trkpt lat="-24.208432" lon="-49.375404"><ele>1006.706</ele><time>2022-07-31T20:12:45Z</time></trkpt><trkpt lat="-24.208477" lon="-49.375498"><ele>1005.716</ele><time>2022-07-31T20:12:46Z</time></trkpt><trkpt lat="-24.208508" lon="-49.375600"><ele>1005.709</ele><time>2022-07-31T20:12:47Z</time></trkpt><trkpt lat="-24.208533" lon="-49.375688"><ele>1005.587</ele><time>2022-07-31T20:12:48Z</time></trkpt><trkpt lat="-24.208534" lon="-49.375769"><ele>1003.726</ele><time>2022-07-31T20:12:49Z</time></trkpt><trkpt lat="-24.208524" lon="-49.375862"><ele>1001.335</ele><time>2022-07-31T20:12:50Z</time></trkpt><trkpt lat="-24.208487" lon="-49.375964"><ele>1002.059</ele><time>2022-07-31T20:12:51Z</time></trkpt><trkpt lat="-24.208467" lon="-49.376062"><ele>1001.042</ele><time>2022-07-31T20:12:52Z</time></trkpt><trkpt lat="-24.208458" lon="-49.376158"><ele>1000.581</ele><time>2022-07-31T20:12:53Z</time></trkpt><trkpt lat="-24.208453" lon="-49.376256"><ele>1001.162</ele><time>2022-07-31T20:12:54Z</time></trkpt><trkpt lat="-24.208455" lon="-49.376350"><ele>1001.539</ele><time>2022-07-31T20:12:55Z</time></trkpt><trkpt lat="-24.208467" lon="-49.376447"><ele>1002.326</ele><time>2022-07-31T20:12:56Z</time></trkpt><trkpt lat="-24.208499" lon="-49.376542"><ele>998.379</ele><time>2022-07-31T20:12:57Z</time></trkpt><trkpt lat="-24.208529" lon="-49.376628"><ele>998.505</ele><time>2022-07-31T20:12:58Z</time></trkpt><trkpt lat="-24.208567" lon="-49.376716"><ele>999.625</ele><time>2022-07-31T20:12:59Z</time></trkpt><trkpt lat="-24.208616" lon="-49.376790"><ele>996.709</ele><time>2022-07-31T20:13:00Z</time></trkpt><trkpt lat="-24.208677" lon="-49.376871"><ele>997.318</ele><time>2022-07-31T20:13:01Z</time></trkpt><trkpt lat="-24.208750" lon="-49.376920"><ele>997.137</ele><time>2022-07-31T20:13:02Z</time></trkpt><trkpt lat="-24.208832" lon="-49.376970"><ele>995.556</ele><time>2022-07-31T20:13:03Z</time></trkpt><trkpt lat="-24.208914" lon="-49.376998"><ele>996.330</ele><time>2022-07-31T20:13:04Z</time></trkpt><trkpt lat="-24.208992" lon="-49.377012"><ele>995.613</ele><time>2022-07-31T20:13:05Z</time></trkpt><trkpt lat="-24.209089" lon="-49.377025"><ele>997.642</ele><time>2022-07-31T20:13:06Z</time></trkpt><trkpt lat="-24.209186" lon="-49.377038"><ele>996.253</ele><time>2022-07-31T20:13:07Z</time></trkpt><trkpt lat="-24.209283" lon="-49.377047"><ele>995.370</ele><time>2022-07-31T20:13:08Z</time></trkpt><trkpt lat="-24.209381" lon="-49.377070"><ele>994.877</ele><time>2022-07-31T20:13:09Z</time></trkpt><trkpt lat="-24.209478" lon="-49.377091"><ele>995.698</ele><time>2022-07-31T20:13:10Z</time></trkpt><trkpt lat="-24.209563" lon="-49.377113"><ele>994.115</ele><time>2022-07-31T20:13:11Z</time></trkpt><trkpt lat="-24.209644" lon="-49.377137"><ele>992.926</ele><time>2022-07-31T20:13:12Z</time></trkpt><trkpt lat="-24.209732" lon="-49.377153"><ele>991.709</ele><time>2022-07-31T20:13:13Z</time></trkpt><trkpt lat="-24.209823" lon="-49.377165"><ele>990.780</ele><time>2022-07-31T20:13:14Z</time></trkpt><trkpt lat="-24.209910" lon="-49.377179"><ele>990.179</ele><time>2022-07-31T20:13:15Z</time></trkpt><trkpt lat="-24.209984" lon="-49.377190"><ele>989.738</ele><time>2022-07-31T20:13:16Z</time></trkpt><trkpt lat="-24.210053" lon="-49.377187"><ele>988.542</ele><time>2022-07-31T20:13:17Z</time></trkpt><trkpt lat="-24.210119" lon="-49.377183"><ele>989.285</ele><time>2022-07-31T20:13:18Z</time></trkpt><trkpt lat="-24.210188" lon="-49.377153"><ele>990.184</ele><time>2022-07-31T20:13:19Z</time></trkpt><trkpt lat="-24.210250" lon="-49.377127"><ele>990.445</ele><time>2022-07-31T20:13:20Z</time></trkpt><trkpt lat="-24.210319" lon="-49.377088"><ele>989.982</ele><time>2022-07-31T20:13:21Z</time></trkpt><trkpt lat="-24.210388" lon="-49.377053"><ele>989.069</ele><time>2022-07-31T20:13:22Z</time></trkpt><trkpt lat="-24.210462" lon="-49.377011"><ele>987.362</ele><time>2022-07-31T20:13:23Z</time></trkpt><trkpt lat="-24.210529" lon="-49.376969"><ele>986.583</ele><time>2022-07-31T20:13:24Z</time></trkpt><trkpt lat="-24.210601" lon="-49.376932"><ele>986.111</ele><time>2022-07-31T20:13:25Z</time></trkpt><trkpt lat="-24.210679" lon="-49.376887"><ele>984.709</ele><time>2022-07-31T20:13:26Z</time></trkpt><trkpt lat="-24.210759" lon="-49.376847"><ele>984.077</ele><time>2022-07-31T20:13:27Z</time></trkpt><trkpt lat="-24.210836" lon="-49.376805"><ele>982.866</ele><time>2022-07-31T20:13:28Z</time></trkpt><trkpt lat="-24.210920" lon="-49.376767"><ele>982.395</ele><time>2022-07-31T20:13:29Z</time></trkpt><trkpt lat="-24.211008" lon="-49.376718"><ele>981.419</ele><time>2022-07-31T20:13:30Z</time></trkpt><trkpt lat="-24.211095" lon="-49.376672"><ele>981.182</ele><time>2022-07-31T20:13:31Z</time></trkpt><trkpt lat="-24.211184" lon="-49.376622"><ele>980.091</ele><time>2022-07-31T20:13:32Z</time></trkpt><trkpt lat="-24.211276" lon="-49.376579"><ele>980.022</ele><time>2022-07-31T20:13:33Z</time></trkpt><trkpt lat="-24.211367" lon="-49.376524"><ele>978.599</ele><time>2022-07-31T20:13:34Z</time></trkpt><trkpt lat="-24.211457" lon="-49.376484"><ele>977.456</ele><time>2022-07-31T20:13:35Z</time></trkpt><trkpt lat="-24.211540" lon="-49.376446"><ele>976.886</ele><time>2022-07-31T20:13:36Z</time></trkpt><trkpt lat="-24.211630" lon="-49.376414"><ele>977.160</ele><time>2022-07-31T20:13:37Z</time></trkpt><trkpt lat="-24.211723" lon="-49.376390"><ele>976.726</ele><time>2022-07-31T20:13:38Z</time></trkpt><trkpt lat="-24.211824" lon="-49.376359"><ele>976.809</ele><time>2022-07-31T20:13:39Z</time></trkpt><trkpt lat="-24.211924" lon="-49.376343"><ele>974.689</ele><time>2022-07-31T20:13:40Z</time></trkpt><trkpt lat="-24.212024" lon="-49.376339"><ele>973.878</ele><time>2022-07-31T20:13:41Z</time></trkpt><trkpt lat="-24.212121" lon="-49.376350"><ele>973.097</ele><time>2022-07-31T20:13:42Z</time></trkpt><trkpt lat="-24.212218" lon="-49.376370"><ele>972.391</ele><time>2022-07-31T20:13:43Z</time></trkpt><trkpt lat="-24.212321" lon="-49.376411"><ele>970.084</ele><time>2022-07-31T20:13:44Z</time></trkpt><trkpt lat="-24.212429" lon="-49.376440"><ele>969.043</ele><time>2022-07-31T20:13:45Z</time></trkpt><trkpt lat="-24.212519" lon="-49.376483"><ele>967.774</ele><time>2022-07-31T20:13:46Z</time></trkpt><trkpt lat="-24.212611" lon="-49.376520"><ele>967.741</ele><time>2022-07-31T20:13:47Z</time></trkpt><trkpt lat="-24.212702" lon="-49.376556"><ele>967.098</ele><time>2022-07-31T20:13:48Z</time></trkpt><trkpt lat="-24.212801" lon="-49.376595"><ele>966.841</ele><time>2022-07-31T20:13:49Z</time></trkpt><trkpt lat="-24.212890" lon="-49.376640"><ele>966.081</ele><time>2022-07-31T20:13:50Z</time></trkpt><trkpt lat="-24.212972" lon="-49.376699"><ele>965.509</ele><time>2022-07-31T20:13:51Z</time></trkpt><trkpt lat="-24.213049" lon="-49.376766"><ele>966.009</ele><time>2022-07-31T20:13:52Z</time></trkpt><trkpt lat="-24.213122" lon="-49.376841"><ele>965.815</ele><time>2022-07-31T20:13:53Z</time></trkpt><trkpt lat="-24.213185" lon="-49.376907"><ele>965.264</ele><time>2022-07-31T20:13:54Z</time></trkpt><trkpt lat="-24.213249" lon="-49.376974"><ele>963.183</ele><time>2022-07-31T20:13:55Z</time></trkpt><trkpt lat="-24.213319" lon="-49.377038"><ele>962.327</ele><time>2022-07-31T20:13:56Z</time></trkpt><trkpt lat="-24.213398" lon="-49.377085"><ele>962.350</ele><time>2022-07-31T20:13:57Z</time></trkpt><trkpt lat="-24.213484" lon="-49.377123"><ele>962.399</ele><time>2022-07-31T20:13:58Z</time></trkpt><trkpt lat="-24.213574" lon="-49.377154"><ele>962.430</ele><time>2022-07-31T20:13:59Z</time></trkpt><trkpt lat="-24.213673" lon="-49.377174"><ele>961.577</ele><time>2022-07-31T20:14:00Z</time></trkpt><trkpt lat="-24.213768" lon="-49.377197"><ele>960.644</ele><time>2022-07-31T20:14:01Z</time></trkpt><trkpt lat="-24.213876" lon="-49.377211"><ele>959.732</ele><time>2022-07-31T20:14:02Z</time></trkpt><trkpt lat="-24.213977" lon="-49.377211"><ele>960.592</ele><time>2022-07-31T20:14:03Z</time></trkpt><trkpt lat="-24.214075" lon="-49.377202"><ele>960.211</ele><time>2022-07-31T20:14:04Z</time></trkpt><trkpt lat="-24.214162" lon="-49.377191"><ele>958.909</ele><time>2022-07-31T20:14:05Z</time></trkpt><trkpt lat="-24.214254" lon="-49.377181"><ele>957.234</ele><time>2022-07-31T20:14:06Z</time></trkpt><trkpt lat="-24.214348" lon="-49.377161"><ele>955.723</ele><time>2022-07-31T20:14:07Z</time></trkpt><trkpt lat="-24.214429" lon="-49.377160"><ele>955.542</ele><time>2022-07-31T20:14:08Z</time></trkpt><trkpt lat="-24.214509" lon="-49.377163"><ele>954.786</ele><time>2022-07-31T20:14:09Z</time></trkpt><trkpt lat="-24.214586" lon="-49.377176"><ele>954.549</ele><time>2022-07-31T20:14:10Z</time></trkpt><trkpt lat="-24.214656" lon="-49.377193"><ele>954.298</ele><time>2022-07-31T20:14:11Z</time></trkpt><trkpt lat="-24.214719" lon="-49.377223"><ele>953.159</ele><time>2022-07-31T20:14:12Z</time></trkpt><trkpt lat="-24.214773" lon="-49.377254"><ele>953.346</ele><time>2022-07-31T20:14:13Z</time></trkpt><trkpt lat="-24.214826" lon="-49.377291"><ele>952.233</ele><time>2022-07-31T20:14:14Z</time></trkpt><trkpt lat="-24.214884" lon="-49.377343"><ele>951.938</ele><time>2022-07-31T20:14:15Z</time></trkpt><trkpt lat="-24.214927" lon="-49.377400"><ele>951.770</ele><time>2022-07-31T20:14:16Z</time></trkpt><trkpt lat="-24.214973" lon="-49.377461"><ele>952.017</ele><time>2022-07-31T20:14:17Z</time></trkpt><trkpt lat="-24.215026" lon="-49.377521"><ele>952.409</ele><time>2022-07-31T20:14:18Z</time></trkpt><trkpt lat="-24.215073" lon="-49.377577"><ele>953.874</ele><time>2022-07-31T20:14:19Z</time></trkpt><trkpt lat="-24.215126" lon="-49.377634"><ele>954.343</ele><time>2022-07-31T20:14:20Z</time></trkpt><trkpt lat="-24.215176" lon="-49.377668"><ele>954.412</ele><time>2022-07-31T20:14:21Z</time></trkpt><trkpt lat="-24.215239" lon="-49.377729"><ele>953.466</ele><time>2022-07-31T20:14:22Z</time></trkpt><trkpt lat="-24.215290" lon="-49.377792"><ele>953.819</ele><time>2022-07-31T20:14:23Z</time></trkpt><trkpt lat="-24.215352" lon="-49.377832"><ele>953.728</ele><time>2022-07-31T20:14:24Z</time></trkpt><trkpt lat="-24.215415" lon="-49.377856"><ele>953.559</ele><time>2022-07-31T20:14:25Z</time></trkpt><trkpt lat="-24.215480" lon="-49.377874"><ele>953.566</ele><time>2022-07-31T20:14:26Z</time></trkpt><trkpt lat="-24.215540" lon="-49.377887"><ele>953.973</ele><time>2022-07-31T20:14:27Z</time></trkpt><trkpt lat="-24.215597" lon="-49.377897"><ele>955.338</ele><time>2022-07-31T20:14:28Z</time></trkpt><trkpt lat="-24.215658" lon="-49.377901"><ele>955.470</ele><time>2022-07-31T20:14:29Z</time></trkpt><trkpt lat="-24.215724" lon="-49.377896"><ele>956.517</ele><time>2022-07-31T20:14:30Z</time></trkpt><trkpt lat="-24.215798" lon="-49.377890"><ele>957.209</ele><time>2022-07-31T20:14:31Z</time></trkpt><trkpt lat="-24.215859" lon="-49.377883"><ele>957.094</ele><time>2022-07-31T20:14:32Z</time></trkpt><trkpt lat="-24.215910" lon="-49.377860"><ele>957.093</ele><time>2022-07-31T20:14:33Z</time></trkpt><trkpt lat="-24.215969" lon="-49.377833"><ele>956.832</ele><time>2022-07-31T20:14:34Z</time></trkpt><trkpt lat="-24.216019" lon="-49.377801"><ele>957.546</ele><time>2022-07-31T20:14:35Z</time></trkpt><trkpt lat="-24.216075" lon="-49.377763"><ele>957.319</ele><time>2022-07-31T20:14:36Z</time></trkpt><trkpt lat="-24.216124" lon="-49.377735"><ele>958.858</ele><time>2022-07-31T20:14:37Z</time></trkpt><trkpt lat="-24.216187" lon="-49.377686"><ele>960.519</ele><time>2022-07-31T20:14:38Z</time></trkpt><trkpt lat="-24.216232" lon="-49.377642"><ele>960.656</ele><time>2022-07-31T20:14:39Z</time></trkpt><trkpt lat="-24.216283" lon="-49.377599"><ele>960.573</ele><time>2022-07-31T20:14:40Z</time></trkpt><trkpt lat="-24.216338" lon="-49.377553"><ele>960.473</ele><time>2022-07-31T20:14:41Z</time></trkpt><trkpt lat="-24.216388" lon="-49.377517"><ele>960.385</ele><time>2022-07-31T20:14:42Z</time></trkpt><trkpt lat="-24.216453" lon="-49.377473"><ele>959.913</ele><time>2022-07-31T20:14:43Z</time></trkpt><trkpt lat="-24.216503" lon="-49.377425"><ele>959.809</ele><time>2022-07-31T20:14:44Z</time></trkpt><trkpt lat="-24.216552" lon="-49.377375"><ele>961.758</ele><time>2022-07-31T20:14:45Z</time></trkpt><trkpt lat="-24.216606" lon="-49.377321"><ele>961.887</ele><time>2022-07-31T20:14:46Z</time></trkpt><trkpt lat="-24.216654" lon="-49.377260"><ele>961.596</ele><time>2022-07-31T20:14:47Z</time></trkpt><trkpt lat="-24.216704" lon="-49.377208"><ele>961.660</ele><time>2022-07-31T20:14:48Z</time></trkpt><trkpt lat="-24.216756" lon="-49.377166"><ele>960.593</ele><time>2022-07-31T20:14:49Z</time></trkpt><trkpt lat="-24.216812" lon="-49.377116"><ele>963.042</ele><time>2022-07-31T20:14:50Z</time></trkpt><trkpt lat="-24.216861" lon="-49.377064"><ele>965.163</ele><time>2022-07-31T20:14:51Z</time></trkpt><trkpt lat="-24.216907" lon="-49.377013"><ele>965.520</ele><time>2022-07-31T20:14:52Z</time></trkpt><trkpt lat="-24.216957" lon="-49.376964"><ele>964.977</ele><time>2022-07-31T20:14:53Z</time></trkpt><trkpt lat="-24.217019" lon="-49.376928"><ele>964.761</ele><time>2022-07-31T20:14:54Z</time></trkpt><trkpt lat="-24.217073" lon="-49.376879"><ele>964.321</ele><time>2022-07-31T20:14:55Z</time></trkpt><trkpt lat="-24.217130" lon="-49.376845"><ele>964.313</ele><time>2022-07-31T20:14:56Z</time></trkpt><trkpt lat="-24.217192" lon="-49.376818"><ele>964.309</ele><time>2022-07-31T20:14:57Z</time></trkpt><trkpt lat="-24.217253" lon="-49.376792"><ele>964.677</ele><time>2022-07-31T20:14:58Z</time></trkpt><trkpt lat="-24.217327" lon="-49.376790"><ele>963.256</ele><time>2022-07-31T20:14:59Z</time></trkpt><trkpt lat="-24.217396" lon="-49.376778"><ele>963.435</ele><time>2022-07-31T20:15:00Z</time></trkpt><trkpt lat="-24.217470" lon="-49.376767"><ele>962.969</ele><time>2022-07-31T20:15:01Z</time></trkpt><trkpt lat="-24.217540" lon="-49.376757"><ele>963.282</ele><time>2022-07-31T20:15:02Z</time></trkpt><trkpt lat="-24.217615" lon="-49.376756"><ele>963.511</ele><time>2022-07-31T20:15:03Z</time></trkpt><trkpt lat="-24.217687" lon="-49.376759"><ele>963.222</ele><time>2022-07-31T20:15:04Z</time></trkpt><trkpt lat="-24.217762" lon="-49.376765"><ele>962.679</ele><time>2022-07-31T20:15:05Z</time></trkpt><trkpt lat="-24.217840" lon="-49.376788"><ele>962.376</ele><time>2022-07-31T20:15:06Z</time></trkpt><trkpt lat="-24.217921" lon="-49.376817"><ele>961.518</ele><time>2022-07-31T20:15:07Z</time></trkpt><trkpt lat="-24.217993" lon="-49.376844"><ele>961.398</ele><time>2022-07-31T20:15:08Z</time></trkpt><trkpt lat="-24.218055" lon="-49.376889"><ele>960.817</ele><time>2022-07-31T20:15:09Z</time></trkpt><trkpt lat="-24.218112" lon="-49.376935"><ele>960.509</ele><time>2022-07-31T20:15:10Z</time></trkpt><trkpt lat="-24.218163" lon="-49.376988"><ele>960.462</ele><time>2022-07-31T20:15:11Z</time></trkpt><trkpt lat="-24.218218" lon="-49.377036"><ele>960.041</ele><time>2022-07-31T20:15:12Z</time></trkpt><trkpt lat="-24.218275" lon="-49.377088"><ele>958.310</ele><time>2022-07-31T20:15:13Z</time></trkpt><trkpt lat="-24.218330" lon="-49.377138"><ele>958.794</ele><time>2022-07-31T20:15:14Z</time></trkpt><trkpt lat="-24.218387" lon="-49.377193"><ele>957.817</ele><time>2022-07-31T20:15:15Z</time></trkpt><trkpt lat="-24.218453" lon="-49.377252"><ele>957.646</ele><time>2022-07-31T20:15:16Z</time></trkpt><trkpt lat="-24.218524" lon="-49.377307"><ele>956.997</ele><time>2022-07-31T20:15:17Z</time></trkpt><trkpt lat="-24.218588" lon="-49.377366"><ele>956.184</ele><time>2022-07-31T20:15:18Z</time></trkpt><trkpt lat="-24.218660" lon="-49.377410"><ele>956.161</ele><time>2022-07-31T20:15:19Z</time></trkpt><trkpt lat="-24.218730" lon="-49.377454"><ele>956.269</ele><time>2022-07-31T20:15:20Z</time></trkpt><trkpt lat="-24.218810" lon="-49.377496"><ele>955.404</ele><time>2022-07-31T20:15:21Z</time></trkpt><trkpt lat="-24.218884" lon="-49.377530"><ele>954.524</ele><time>2022-07-31T20:15:22Z</time></trkpt><trkpt lat="-24.218962" lon="-49.377568"><ele>954.009</ele><time>2022-07-31T20:15:23Z</time></trkpt><trkpt lat="-24.219039" lon="-49.377600"><ele>952.617</ele><time>2022-07-31T20:15:24Z</time></trkpt><trkpt lat="-24.219115" lon="-49.377637"><ele>952.436</ele><time>2022-07-31T20:15:25Z</time></trkpt><trkpt lat="-24.219189" lon="-49.377675"><ele>951.615</ele><time>2022-07-31T20:15:26Z</time></trkpt><trkpt lat="-24.219259" lon="-49.377707"><ele>951.089</ele><time>2022-07-31T20:15:27Z</time></trkpt><trkpt lat="-24.219322" lon="-49.377743"><ele>951.052</ele><time>2022-07-31T20:15:28Z</time></trkpt><trkpt lat="-24.219399" lon="-49.377774"><ele>952.021</ele><time>2022-07-31T20:15:29Z</time></trkpt><trkpt lat="-24.219462" lon="-49.377802"><ele>949.472</ele><time>2022-07-31T20:15:30Z</time></trkpt><trkpt lat="-24.219521" lon="-49.377848"><ele>949.559</ele><time>2022-07-31T20:15:31Z</time></trkpt><trkpt lat="-24.219584" lon="-49.377890"><ele>948.586</ele><time>2022-07-31T20:15:32Z</time></trkpt><trkpt lat="-24.219646" lon="-49.377938"><ele>947.433</ele><time>2022-07-31T20:15:33Z</time></trkpt><trkpt lat="-24.219701" lon="-49.377985"><ele>947.323</ele><time>2022-07-31T20:15:34Z</time></trkpt><trkpt lat="-24.219756" lon="-49.378033"><ele>947.315</ele><time>2022-07-31T20:15:35Z</time></trkpt><trkpt lat="-24.219816" lon="-49.378075"><ele>946.209</ele><time>2022-07-31T20:15:36Z</time></trkpt><trkpt lat="-24.219869" lon="-49.378120"><ele>945.594</ele><time>2022-07-31T20:15:37Z</time></trkpt><trkpt lat="-24.219929" lon="-49.378157"><ele>945.623</ele><time>2022-07-31T20:15:38Z</time></trkpt><trkpt lat="-24.219990" lon="-49.378194"><ele>946.212</ele><time>2022-07-31T20:15:39Z</time></trkpt><trkpt lat="-24.220053" lon="-49.378219"><ele>947.226</ele><time>2022-07-31T20:15:40Z</time></trkpt><trkpt lat="-24.220111" lon="-49.378245"><ele>945.879</ele><time>2022-07-31T20:15:41Z</time></trkpt><trkpt lat="-24.220171" lon="-49.378260"><ele>946.778</ele><time>2022-07-31T20:15:42Z</time></trkpt><trkpt lat="-24.220233" lon="-49.378272"><ele>946.539</ele><time>2022-07-31T20:15:43Z</time></trkpt><trkpt lat="-24.220304" lon="-49.378277"><ele>946.356</ele><time>2022-07-31T20:15:44Z</time></trkpt><trkpt lat="-24.220367" lon="-49.378281"><ele>946.453</ele><time>2022-07-31T20:15:45Z</time></trkpt><trkpt lat="-24.220438" lon="-49.378275"><ele>944.794</ele><time>2022-07-31T20:15:46Z</time></trkpt><trkpt lat="-24.220518" lon="-49.378267"><ele>944.257</ele><time>2022-07-31T20:15:47Z</time></trkpt><trkpt lat="-24.220598" lon="-49.378264"><ele>944.022</ele><time>2022-07-31T20:15:48Z</time></trkpt><trkpt lat="-24.220681" lon="-49.378257"><ele>943.909</ele><time>2022-07-31T20:15:49Z</time></trkpt><trkpt lat="-24.220766" lon="-49.378244"><ele>943.350</ele><time>2022-07-31T20:15:50Z</time></trkpt><trkpt lat="-24.220845" lon="-49.378225"><ele>943.289</ele><time>2022-07-31T20:15:51Z</time></trkpt><trkpt lat="-24.220922" lon="-49.378208"><ele>943.168</ele><time>2022-07-31T20:15:52Z</time></trkpt><trkpt lat="-24.220998" lon="-49.378196"><ele>943.152</ele><time>2022-07-31T20:15:53Z</time></trkpt><trkpt lat="-24.221081" lon="-49.378186"><ele>943.555</ele><time>2022-07-31T20:15:54Z</time></trkpt><trkpt lat="-24.221155" lon="-49.378174"><ele>944.194</ele><time>2022-07-31T20:15:55Z</time></trkpt><trkpt lat="-24.221234" lon="-49.378160"><ele>944.385</ele><time>2022-07-31T20:15:56Z</time></trkpt><trkpt lat="-24.221315" lon="-49.378161"><ele>943.212</ele><time>2022-07-31T20:15:57Z</time></trkpt><trkpt lat="-24.221388" lon="-49.378148"><ele>943.589</ele><time>2022-07-31T20:15:58Z</time></trkpt><trkpt lat="-24.221470" lon="-49.378135"><ele>943.761</ele><time>2022-07-31T20:15:59Z</time></trkpt><trkpt lat="-24.221550" lon="-49.378116"><ele>943.421</ele><time>2022-07-31T20:16:00Z</time></trkpt><trkpt lat="-24.221627" lon="-49.378101"><ele>943.713</ele><time>2022-07-31T20:16:01Z</time></trkpt><trkpt lat="-24.221707" lon="-49.378086"><ele>943.609</ele><time>2022-07-31T20:16:02Z</time></trkpt><trkpt lat="-24.221785" lon="-49.378068"><ele>943.257</ele><time>2022-07-31T20:16:03Z</time></trkpt><trkpt lat="-24.221874" lon="-49.378054"><ele>942.936</ele><time>2022-07-31T20:16:04Z</time></trkpt><trkpt lat="-24.221955" lon="-49.378044"><ele>942.945</ele><time>2022-07-31T20:16:05Z</time></trkpt><trkpt lat="-24.222038" lon="-49.378029"><ele>942.779</ele><time>2022-07-31T20:16:06Z</time></trkpt><trkpt lat="-24.222123" lon="-49.378015"><ele>942.692</ele><time>2022-07-31T20:16:07Z</time></trkpt><trkpt lat="-24.222205" lon="-49.377991"><ele>942.541</ele><time>2022-07-31T20:16:08Z</time></trkpt><trkpt lat="-24.222289" lon="-49.377977"><ele>941.942</ele><time>2022-07-31T20:16:09Z</time></trkpt><trkpt lat="-24.222373" lon="-49.377960"><ele>941.859</ele><time>2022-07-31T20:16:10Z</time></trkpt><trkpt lat="-24.222453" lon="-49.377939"><ele>941.726</ele><time>2022-07-31T20:16:11Z</time></trkpt><trkpt lat="-24.222532" lon="-49.377913"><ele>941.799</ele><time>2022-07-31T20:16:12Z</time></trkpt><trkpt lat="-24.222611" lon="-49.377890"><ele>942.007</ele><time>2022-07-31T20:16:13Z</time></trkpt><trkpt lat="-24.222695" lon="-49.377867"><ele>942.027</ele><time>2022-07-31T20:16:14Z</time></trkpt><trkpt lat="-24.222774" lon="-49.377833"><ele>941.609</ele><time>2022-07-31T20:16:15Z</time></trkpt><trkpt lat="-24.222852" lon="-49.377797"><ele>941.860</ele><time>2022-07-31T20:16:16Z</time></trkpt><trkpt lat="-24.222928" lon="-49.377758"><ele>941.959</ele><time>2022-07-31T20:16:17Z</time></trkpt><trkpt lat="-24.223009" lon="-49.377719"><ele>942.758</ele><time>2022-07-31T20:16:18Z</time></trkpt><trkpt lat="-24.223086" lon="-49.377681"><ele>942.262</ele><time>2022-07-31T20:16:19Z</time></trkpt><trkpt lat="-24.223168" lon="-49.377640"><ele>942.795</ele><time>2022-07-31T20:16:20Z</time></trkpt><trkpt lat="-24.223252" lon="-49.377600"><ele>942.834</ele><time>2022-07-31T20:16:21Z</time></trkpt><trkpt lat="-24.223331" lon="-49.377557"><ele>943.995</ele><time>2022-07-31T20:16:22Z</time></trkpt><trkpt lat="-24.223402" lon="-49.377526"><ele>942.612</ele><time>2022-07-31T20:16:23Z</time></trkpt><trkpt lat="-24.223479" lon="-49.377485"><ele>942.779</ele><time>2022-07-31T20:16:24Z</time></trkpt><trkpt lat="-24.223559" lon="-49.377432"><ele>943.198</ele><time>2022-07-31T20:16:25Z</time></trkpt><trkpt lat="-24.223642" lon="-49.377385"><ele>943.915</ele><time>2022-07-31T20:16:26Z</time></trkpt><trkpt lat="-24.223712" lon="-49.377333"><ele>942.626</ele><time>2022-07-31T20:16:27Z</time></trkpt><trkpt lat="-24.223782" lon="-49.377280"><ele>943.509</ele><time>2022-07-31T20:16:28Z</time></trkpt><trkpt lat="-24.223860" lon="-49.377227"><ele>943.090</ele><time>2022-07-31T20:16:29Z</time></trkpt><trkpt lat="-24.223924" lon="-49.377157"><ele>944.329</ele><time>2022-07-31T20:16:30Z</time></trkpt><trkpt lat="-24.223978" lon="-49.377084"><ele>944.268</ele><time>2022-07-31T20:16:31Z</time></trkpt><trkpt lat="-24.224038" lon="-49.377015"><ele>943.592</ele><time>2022-07-31T20:16:32Z</time></trkpt><trkpt lat="-24.224085" lon="-49.376958"><ele>942.685</ele><time>2022-07-31T20:16:33Z</time></trkpt><trkpt lat="-24.224130" lon="-49.376883"><ele>943.244</ele><time>2022-07-31T20:16:34Z</time></trkpt><trkpt lat="-24.224176" lon="-49.376815"><ele>941.845</ele><time>2022-07-31T20:16:35Z</time></trkpt><trkpt lat="-24.224212" lon="-49.376745"><ele>941.132</ele><time>2022-07-31T20:16:36Z</time></trkpt><trkpt lat="-24.224239" lon="-49.376673"><ele>941.159</ele><time>2022-07-31T20:16:37Z</time></trkpt><trkpt lat="-24.224253" lon="-49.376603"><ele>942.051</ele><time>2022-07-31T20:16:38Z</time></trkpt><trkpt lat="-24.224261" lon="-49.376530"><ele>942.601</ele><time>2022-07-31T20:16:39Z</time></trkpt><trkpt lat="-24.224267" lon="-49.376448"><ele>942.411</ele><time>2022-07-31T20:16:40Z</time></trkpt><trkpt lat="-24.224263" lon="-49.376385"><ele>941.909</ele><time>2022-07-31T20:16:41Z</time></trkpt><trkpt lat="-24.224275" lon="-49.376310"><ele>941.896</ele><time>2022-07-31T20:16:42Z</time></trkpt><trkpt lat="-24.224293" lon="-49.376234"><ele>942.845</ele><time>2022-07-31T20:16:43Z</time></trkpt><trkpt lat="-24.224312" lon="-49.376167"><ele>942.254</ele><time>2022-07-31T20:16:44Z</time></trkpt><trkpt lat="-24.224358" lon="-49.376070"><ele>941.878</ele><time>2022-07-31T20:16:46Z</time></trkpt><trkpt lat="-24.224392" lon="-49.376010"><ele>942.341</ele><time>2022-07-31T20:16:47Z</time></trkpt><trkpt lat="-24.224426" lon="-49.375940"><ele>942.690</ele><time>2022-07-31T20:16:48Z</time></trkpt><trkpt lat="-24.224477" lon="-49.375877"><ele>945.881</ele><time>2022-07-31T20:16:49Z</time></trkpt><trkpt lat="-24.224536" lon="-49.375808"><ele>946.988</ele><time>2022-07-31T20:16:50Z</time></trkpt><trkpt lat="-24.224593" lon="-49.375768"><ele>945.425</ele><time>2022-07-31T20:16:51Z</time></trkpt><trkpt lat="-24.224651" lon="-49.375715"><ele>947.368</ele><time>2022-07-31T20:16:52Z</time></trkpt><trkpt lat="-24.224739" lon="-49.375677"><ele>949.042</ele><time>2022-07-31T20:16:53Z</time></trkpt><trkpt lat="-24.224801" lon="-49.375639"><ele>948.526</ele><time>2022-07-31T20:16:54Z</time></trkpt><trkpt lat="-24.224870" lon="-49.375609"><ele>948.409</ele><time>2022-07-31T20:16:55Z</time></trkpt><trkpt lat="-24.224970" lon="-49.375603"><ele>951.037</ele><time>2022-07-31T20:16:57Z</time></trkpt><trkpt lat="-24.225043" lon="-49.375608"><ele>952.126</ele><time>2022-07-31T20:16:58Z</time></trkpt><trkpt lat="-24.225117" lon="-49.375585"><ele>949.325</ele><time>2022-07-31T20:16:59Z</time></trkpt><trkpt lat="-24.225197" lon="-49.375577"><ele>949.239</ele><time>2022-07-31T20:17:00Z</time></trkpt><trkpt lat="-24.225275" lon="-49.375574"><ele>949.662</ele><time>2022-07-31T20:17:01Z</time></trkpt><trkpt lat="-24.225347" lon="-49.375573"><ele>951.361</ele><time>2022-07-31T20:17:02Z</time></trkpt><trkpt lat="-24.225419" lon="-49.375573"><ele>951.462</ele><time>2022-07-31T20:17:03Z</time></trkpt><trkpt lat="-24.225502" lon="-49.375571"><ele>949.339</ele><time>2022-07-31T20:17:04Z</time></trkpt><trkpt lat="-24.225575" lon="-49.375554"><ele>950.246</ele><time>2022-07-31T20:17:05Z</time></trkpt><trkpt lat="-24.225648" lon="-49.375558"><ele>950.674</ele><time>2022-07-31T20:17:06Z</time></trkpt><trkpt lat="-24.225728" lon="-49.375563"><ele>950.456</ele><time>2022-07-31T20:17:07Z</time></trkpt><trkpt lat="-24.225803" lon="-49.375554"><ele>950.721</ele><time>2022-07-31T20:17:08Z</time></trkpt><trkpt lat="-24.225883" lon="-49.375549"><ele>949.809</ele><time>2022-07-31T20:17:09Z</time></trkpt><trkpt lat="-24.225963" lon="-49.375535"><ele>951.418</ele><time>2022-07-31T20:17:10Z</time></trkpt><trkpt lat="-24.226050" lon="-49.375528"><ele>951.587</ele><time>2022-07-31T20:17:11Z</time></trkpt><trkpt lat="-24.226134" lon="-49.375511"><ele>952.416</ele><time>2022-07-31T20:17:12Z</time></trkpt><trkpt lat="-24.226227" lon="-49.375520"><ele>953.450</ele><time>2022-07-31T20:17:13Z</time></trkpt><trkpt lat="-24.226328" lon="-49.375515"><ele>953.663</ele><time>2022-07-31T20:17:14Z</time></trkpt><trkpt lat="-24.226446" lon="-49.375506"><ele>954.842</ele><time>2022-07-31T20:17:15Z</time></trkpt><trkpt lat="-24.226560" lon="-49.375520"><ele>957.933</ele><time>2022-07-31T20:17:16Z</time></trkpt><trkpt lat="-24.226670" lon="-49.375519"><ele>959.620</ele><time>2022-07-31T20:17:17Z</time></trkpt><trkpt lat="-24.226773" lon="-49.375531"><ele>961.497</ele><time>2022-07-31T20:17:18Z</time></trkpt><trkpt lat="-24.226892" lon="-49.375555"><ele>961.775</ele><time>2022-07-31T20:17:19Z</time></trkpt><trkpt lat="-24.227003" lon="-49.375564"><ele>963.028</ele><time>2022-07-31T20:17:20Z</time></trkpt><trkpt lat="-24.227116" lon="-49.375598"><ele>965.220</ele><time>2022-07-31T20:17:21Z</time></trkpt><trkpt lat="-24.227233" lon="-49.375610"><ele>966.509</ele><time>2022-07-31T20:17:22Z</time></trkpt><trkpt lat="-24.227356" lon="-49.375624"><ele>967.088</ele><time>2022-07-31T20:17:23Z</time></trkpt><trkpt lat="-24.227478" lon="-49.375639"><ele>967.297</ele><time>2022-07-31T20:17:24Z</time></trkpt><trkpt lat="-24.227599" lon="-49.375664"><ele>966.396</ele><time>2022-07-31T20:17:25Z</time></trkpt><trkpt lat="-24.227728" lon="-49.375682"><ele>968.150</ele><time>2022-07-31T20:17:26Z</time></trkpt><trkpt lat="-24.227861" lon="-49.375694"><ele>969.383</ele><time>2022-07-31T20:17:27Z</time></trkpt><trkpt lat="-24.228000" lon="-49.375681"><ele>969.952</ele><time>2022-07-31T20:17:28Z</time></trkpt><trkpt lat="-24.228129" lon="-49.375681"><ele>971.753</ele><time>2022-07-31T20:17:29Z</time></trkpt><trkpt lat="-24.228254" lon="-49.375663"><ele>972.830</ele><time>2022-07-31T20:17:30Z</time></trkpt><trkpt lat="-24.228386" lon="-49.375638"><ele>977.047</ele><time>2022-07-31T20:17:31Z</time></trkpt><trkpt lat="-24.228521" lon="-49.375609"><ele>976.993</ele><time>2022-07-31T20:17:32Z</time></trkpt><trkpt lat="-24.228666" lon="-49.375573"><ele>976.665</ele><time>2022-07-31T20:17:33Z</time></trkpt><trkpt lat="-24.228805" lon="-49.375538"><ele>975.421</ele><time>2022-07-31T20:17:34Z</time></trkpt><trkpt lat="-24.228931" lon="-49.375519"><ele>974.409</ele><time>2022-07-31T20:17:35Z</time></trkpt><trkpt lat="-24.229042" lon="-49.375536"><ele>976.320</ele><time>2022-07-31T20:17:36Z</time></trkpt><trkpt lat="-24.229157" lon="-49.375548"><ele>975.359</ele><time>2022-07-31T20:17:37Z</time></trkpt><trkpt lat="-24.229256" lon="-49.375567"><ele>976.398</ele><time>2022-07-31T20:17:38Z</time></trkpt><trkpt lat="-24.229359" lon="-49.375600"><ele>975.082</ele><time>2022-07-31T20:17:39Z</time></trkpt><trkpt lat="-24.229459" lon="-49.375655"><ele>972.235</ele><time>2022-07-31T20:17:40Z</time></trkpt><trkpt lat="-24.229559" lon="-49.375696"><ele>972.924</ele><time>2022-07-31T20:17:41Z</time></trkpt><trkpt lat="-24.229650" lon="-49.375740"><ele>974.985</ele><time>2022-07-31T20:17:42Z</time></trkpt><trkpt lat="-24.229755" lon="-49.375767"><ele>976.172</ele><time>2022-07-31T20:17:43Z</time></trkpt><trkpt lat="-24.229837" lon="-49.375820"><ele>976.559</ele><time>2022-07-31T20:17:44Z</time></trkpt><trkpt lat="-24.229923" lon="-49.375884"><ele>977.312</ele><time>2022-07-31T20:17:45Z</time></trkpt><trkpt lat="-24.230019" lon="-49.375932"><ele>979.932</ele><time>2022-07-31T20:17:46Z</time></trkpt><trkpt lat="-24.230118" lon="-49.375993"><ele>980.005</ele><time>2022-07-31T20:17:47Z</time></trkpt><trkpt lat="-24.230212" lon="-49.376049"><ele>982.209</ele><time>2022-07-31T20:17:48Z</time></trkpt><trkpt lat="-24.230301" lon="-49.376119"><ele>983.152</ele><time>2022-07-31T20:17:49Z</time></trkpt><trkpt lat="-24.230398" lon="-49.376169"><ele>983.351</ele><time>2022-07-31T20:17:50Z</time></trkpt><trkpt lat="-24.230506" lon="-49.376238"><ele>983.610</ele><time>2022-07-31T20:17:51Z</time></trkpt><trkpt lat="-24.230595" lon="-49.376322"><ele>985.354</ele><time>2022-07-31T20:17:52Z</time></trkpt><trkpt lat="-24.230693" lon="-49.376403"><ele>984.657</ele><time>2022-07-31T20:17:53Z</time></trkpt><trkpt lat="-24.230791" lon="-49.376489"><ele>984.676</ele><time>2022-07-31T20:17:54Z</time></trkpt><trkpt lat="-24.230892" lon="-49.376578"><ele>984.777</ele><time>2022-07-31T20:17:55Z</time></trkpt><trkpt lat="-24.230982" lon="-49.376665"><ele>986.964</ele><time>2022-07-31T20:17:56Z</time></trkpt><trkpt lat="-24.231076" lon="-49.376749"><ele>989.341</ele><time>2022-07-31T20:17:57Z</time></trkpt><trkpt lat="-24.231159" lon="-49.376826"><ele>988.993</ele><time>2022-07-31T20:17:58Z</time></trkpt><trkpt lat="-24.231253" lon="-49.376899"><ele>988.065</ele><time>2022-07-31T20:17:59Z</time></trkpt><trkpt lat="-24.231341" lon="-49.376980"><ele>988.321</ele><time>2022-07-31T20:18:00Z</time></trkpt><trkpt lat="-24.231433" lon="-49.377053"><ele>990.309</ele><time>2022-07-31T20:18:01Z</time></trkpt><trkpt lat="-24.231518" lon="-49.377121"><ele>990.130</ele><time>2022-07-31T20:18:02Z</time></trkpt><trkpt lat="-24.231595" lon="-49.377201"><ele>990.749</ele><time>2022-07-31T20:18:03Z</time></trkpt><trkpt lat="-24.231679" lon="-49.377291"><ele>989.798</ele><time>2022-07-31T20:18:04Z</time></trkpt><trkpt lat="-24.231758" lon="-49.377368"><ele>990.732</ele><time>2022-07-31T20:18:05Z</time></trkpt><trkpt lat="-24.231829" lon="-49.377440"><ele>990.215</ele><time>2022-07-31T20:18:06Z</time></trkpt><trkpt lat="-24.231909" lon="-49.377510"><ele>992.284</ele><time>2022-07-31T20:18:07Z</time></trkpt><trkpt lat="-24.231995" lon="-49.377569"><ele>992.375</ele><time>2022-07-31T20:18:08Z</time></trkpt><trkpt lat="-24.232086" lon="-49.377625"><ele>992.142</ele><time>2022-07-31T20:18:09Z</time></trkpt><trkpt lat="-24.232175" lon="-49.377687"><ele>991.479</ele><time>2022-07-31T20:18:10Z</time></trkpt><trkpt lat="-24.232268" lon="-49.377743"><ele>991.771</ele><time>2022-07-31T20:18:11Z</time></trkpt><trkpt lat="-24.232361" lon="-49.377788"><ele>991.841</ele><time>2022-07-31T20:18:12Z</time></trkpt><trkpt lat="-24.232454" lon="-49.377837"><ele>992.815</ele><time>2022-07-31T20:18:13Z</time></trkpt><trkpt lat="-24.232550" lon="-49.377890"><ele>994.309</ele><time>2022-07-31T20:18:14Z</time></trkpt><trkpt lat="-24.232653" lon="-49.377935"><ele>995.018</ele><time>2022-07-31T20:18:15Z</time></trkpt><trkpt lat="-24.232755" lon="-49.377983"><ele>996.117</ele><time>2022-07-31T20:18:16Z</time></trkpt><trkpt lat="-24.232860" lon="-49.378037"><ele>997.216</ele><time>2022-07-31T20:18:17Z</time></trkpt><trkpt lat="-24.232960" lon="-49.378079"><ele>999.390</ele><time>2022-07-31T20:18:18Z</time></trkpt><trkpt lat="-24.233047" lon="-49.378121"><ele>1001.273</ele><time>2022-07-31T20:18:19Z</time></trkpt><trkpt lat="-24.233133" lon="-49.378165"><ele>1001.832</ele><time>2022-07-31T20:18:20Z</time></trkpt><trkpt lat="-24.233215" lon="-49.378201"><ele>1001.623</ele><time>2022-07-31T20:18:21Z</time></trkpt><trkpt lat="-24.233288" lon="-49.378224"><ele>1002.820</ele><time>2022-07-31T20:18:22Z</time></trkpt><trkpt lat="-24.233351" lon="-49.378234"><ele>1004.577</ele><time>2022-07-31T20:18:23Z</time></trkpt><trkpt lat="-24.233407" lon="-49.378236"><ele>1003.763</ele><time>2022-07-31T20:18:24Z</time></trkpt><trkpt lat="-24.233485" lon="-49.378227"><ele>1004.444</ele><time>2022-07-31T20:18:26Z</time></trkpt><trkpt lat="-24.233557" lon="-49.378210"><ele>1006.418</ele><time>2022-07-31T20:18:28Z</time></trkpt><trkpt lat="-24.233602" lon="-49.378184"><ele>1007.309</ele><time>2022-07-31T20:18:30Z</time></trkpt><trkpt lat="-24.233638" lon="-49.378146"><ele>1008.897</ele><time>2022-07-31T20:18:52Z</time></trkpt><trkpt lat="-24.233678" lon="-49.378083"><ele>1006.986</ele><time>2022-07-31T20:18:54Z</time></trkpt><trkpt lat="-24.233707" lon="-49.378036"><ele>1006.465</ele><time>2022-07-31T20:18:55Z</time></trkpt><trkpt lat="-24.233735" lon="-49.377990"><ele>1006.419</ele><time>2022-07-31T20:18:56Z</time></trkpt><trkpt lat="-24.233769" lon="-49.377949"><ele>1004.282</ele><time>2022-07-31T20:18:57Z</time></trkpt><trkpt lat="-24.233808" lon="-49.377891"><ele>1002.741</ele><time>2022-07-31T20:18:58Z</time></trkpt><trkpt lat="-24.233847" lon="-49.377843"><ele>1003.722</ele><time>2022-07-31T20:18:59Z</time></trkpt><trkpt lat="-24.233885" lon="-49.377794"><ele>1004.619</ele><time>2022-07-31T20:19:00Z</time></trkpt><trkpt lat="-24.233924" lon="-49.377734"><ele>1005.496</ele><time>2022-07-31T20:19:01Z</time></trkpt><trkpt lat="-24.233954" lon="-49.377665"><ele>1005.838</ele><time>2022-07-31T20:19:02Z</time></trkpt><trkpt lat="-24.233998" lon="-49.377617"><ele>1005.370</ele><time>2022-07-31T20:19:03Z</time></trkpt><trkpt lat="-24.234039" lon="-49.377546"><ele>1007.417</ele><time>2022-07-31T20:19:04Z</time></trkpt><trkpt lat="-24.234084" lon="-49.377484"><ele>1007.709</ele><time>2022-07-31T20:19:05Z</time></trkpt><trkpt lat="-24.234123" lon="-49.377408"><ele>1009.684</ele><time>2022-07-31T20:19:06Z</time></trkpt><trkpt lat="-24.234170" lon="-49.377347"><ele>1011.493</ele><time>2022-07-31T20:19:07Z</time></trkpt><trkpt lat="-24.234207" lon="-49.377288"><ele>1012.032</ele><time>2022-07-31T20:19:08Z</time></trkpt><trkpt lat="-24.234251" lon="-49.377232"><ele>1013.956</ele><time>2022-07-31T20:19:09Z</time></trkpt><trkpt lat="-24.234298" lon="-49.377175"><ele>1012.159</ele><time>2022-07-31T20:19:10Z</time></trkpt><trkpt lat="-24.234340" lon="-49.377112"><ele>1012.588</ele><time>2022-07-31T20:19:11Z</time></trkpt><trkpt lat="-24.234369" lon="-49.377048"><ele>1015.399</ele><time>2022-07-31T20:19:12Z</time></trkpt><trkpt lat="-24.234413" lon="-49.376990"><ele>1011.966</ele><time>2022-07-31T20:19:13Z</time></trkpt><trkpt lat="-24.234449" lon="-49.376930"><ele>1011.683</ele><time>2022-07-31T20:19:14Z</time></trkpt><trkpt lat="-24.234482" lon="-49.376880"><ele>1010.928</ele><time>2022-07-31T20:19:15Z</time></trkpt><trkpt lat="-24.234518" lon="-49.376818"><ele>1010.489</ele><time>2022-07-31T20:19:16Z</time></trkpt><trkpt lat="-24.234547" lon="-49.376744"><ele>1012.617</ele><time>2022-07-31T20:19:17Z</time></trkpt><trkpt lat="-24.234582" lon="-49.376679"><ele>1012.709</ele><time>2022-07-31T20:19:18Z</time></trkpt><trkpt lat="-24.234625" lon="-49.376618"><ele>1014.823</ele><time>2022-07-31T20:19:19Z</time></trkpt><trkpt lat="-24.234662" lon="-49.376552"><ele>1014.282</ele><time>2022-07-31T20:19:20Z</time></trkpt><trkpt lat="-24.234704" lon="-49.376486"><ele>1013.551</ele><time>2022-07-31T20:19:21Z</time></trkpt><trkpt lat="-24.234739" lon="-49.376424"><ele>1012.595</ele><time>2022-07-31T20:19:22Z</time></trkpt><trkpt lat="-24.234778" lon="-49.376360"><ele>1013.088</ele><time>2022-07-31T20:19:23Z</time></trkpt><trkpt lat="-24.234800" lon="-49.376296"><ele>1014.127</ele><time>2022-07-31T20:19:24Z</time></trkpt><trkpt lat="-24.234856" lon="-49.376219"><ele>1009.348</ele><time>2022-07-31T20:19:25Z</time></trkpt><trkpt lat="-24.234908" lon="-49.376150"><ele>1009.515</ele><time>2022-07-31T20:19:26Z</time></trkpt><trkpt lat="-24.234951" lon="-49.376096"><ele>1009.382</ele><time>2022-07-31T20:19:27Z</time></trkpt><trkpt lat="-24.234990" lon="-49.376023"><ele>1009.372</ele><time>2022-07-31T20:19:28Z</time></trkpt><trkpt lat="-24.235033" lon="-49.375955"><ele>1008.013</ele><time>2022-07-31T20:19:29Z</time></trkpt><trkpt lat="-24.235075" lon="-49.375885"><ele>1008.514</ele><time>2022-07-31T20:19:30Z</time></trkpt><trkpt lat="-24.235141" lon="-49.375825"><ele>1005.109</ele><time>2022-07-31T20:19:31Z</time></trkpt><trkpt lat="-24.235188" lon="-49.375766"><ele>1005.178</ele><time>2022-07-31T20:19:32Z</time></trkpt><trkpt lat="-24.235235" lon="-49.375708"><ele>1006.287</ele><time>2022-07-31T20:19:33Z</time></trkpt><trkpt lat="-24.235288" lon="-49.375641"><ele>1007.676</ele><time>2022-07-31T20:19:34Z</time></trkpt><trkpt lat="-24.235328" lon="-49.375582"><ele>1004.490</ele><time>2022-07-31T20:19:35Z</time></trkpt><trkpt lat="-24.235379" lon="-49.375516"><ele>1005.853</ele><time>2022-07-31T20:19:36Z</time></trkpt><trkpt lat="-24.235423" lon="-49.375440"><ele>1004.122</ele><time>2022-07-31T20:19:37Z</time></trkpt><trkpt lat="-24.235456" lon="-49.375361"><ele>1004.293</ele><time>2022-07-31T20:19:38Z</time></trkpt><trkpt lat="-24.235496" lon="-49.375284"><ele>1006.880</ele><time>2022-07-31T20:19:39Z</time></trkpt><trkpt lat="-24.235539" lon="-49.375205"><ele>1008.137</ele><time>2022-07-31T20:19:40Z</time></trkpt><trkpt lat="-24.235588" lon="-49.375127"><ele>1012.088</ele><time>2022-07-31T20:19:41Z</time></trkpt><trkpt lat="-24.235636" lon="-49.375048"><ele>1012.124</ele><time>2022-07-31T20:19:42Z</time></trkpt><trkpt lat="-24.235685" lon="-49.374971"><ele>1013.226</ele><time>2022-07-31T20:19:43Z</time></trkpt><trkpt lat="-24.235733" lon="-49.374904"><ele>1011.709</ele><time>2022-07-31T20:19:44Z</time></trkpt><trkpt lat="-24.235792" lon="-49.374820"><ele>1014.349</ele><time>2022-07-31T20:19:45Z</time></trkpt><trkpt lat="-24.235850" lon="-49.374738"><ele>1013.868</ele><time>2022-07-31T20:19:46Z</time></trkpt><trkpt lat="-24.235902" lon="-49.374649"><ele>1013.037</ele><time>2022-07-31T20:19:47Z</time></trkpt><trkpt lat="-24.235962" lon="-49.374573"><ele>1013.091</ele><time>2022-07-31T20:19:48Z</time></trkpt><trkpt lat="-24.236011" lon="-49.374500"><ele>1010.784</ele><time>2022-07-31T20:19:49Z</time></trkpt><trkpt lat="-24.236068" lon="-49.374421"><ele>1011.073</ele><time>2022-07-31T20:19:50Z</time></trkpt><trkpt lat="-24.236119" lon="-49.374350"><ele>1011.244</ele><time>2022-07-31T20:19:51Z</time></trkpt><trkpt lat="-24.236178" lon="-49.374267"><ele>1011.811</ele><time>2022-07-31T20:19:52Z</time></trkpt><trkpt lat="-24.236239" lon="-49.374196"><ele>1012.868</ele><time>2022-07-31T20:19:53Z</time></trkpt><trkpt lat="-24.236293" lon="-49.374112"><ele>1013.139</ele><time>2022-07-31T20:19:54Z</time></trkpt><trkpt lat="-24.236344" lon="-49.374035"><ele>1015.301</ele><time>2022-07-31T20:19:55Z</time></trkpt><trkpt lat="-24.236391" lon="-49.373947"><ele>1018.021</ele><time>2022-07-31T20:19:56Z</time></trkpt><trkpt lat="-24.236438" lon="-49.373861"><ele>1017.609</ele><time>2022-07-31T20:19:57Z</time></trkpt><trkpt lat="-24.236485" lon="-49.373779"><ele>1018.474</ele><time>2022-07-31T20:19:58Z</time></trkpt><trkpt lat="-24.236535" lon="-49.373706"><ele>1020.663</ele><time>2022-07-31T20:19:59Z</time></trkpt><trkpt lat="-24.236591" lon="-49.373627"><ele>1020.652</ele><time>2022-07-31T20:20:00Z</time></trkpt><trkpt lat="-24.236641" lon="-49.373544"><ele>1020.276</ele><time>2022-07-31T20:20:01Z</time></trkpt><trkpt lat="-24.236694" lon="-49.373469"><ele>1021.779</ele><time>2022-07-31T20:20:02Z</time></trkpt><trkpt lat="-24.236747" lon="-49.373393"><ele>1024.088</ele><time>2022-07-31T20:20:03Z</time></trkpt><trkpt lat="-24.236807" lon="-49.373322"><ele>1024.449</ele><time>2022-07-31T20:20:04Z</time></trkpt><trkpt lat="-24.236859" lon="-49.373249"><ele>1024.666</ele><time>2022-07-31T20:20:05Z</time></trkpt><trkpt lat="-24.236906" lon="-49.373175"><ele>1026.733</ele><time>2022-07-31T20:20:06Z</time></trkpt><trkpt lat="-24.236961" lon="-49.373110"><ele>1028.254</ele><time>2022-07-31T20:20:07Z</time></trkpt><trkpt lat="-24.237010" lon="-49.373048"><ele>1028.856</ele><time>2022-07-31T20:20:08Z</time></trkpt><trkpt lat="-24.237056" lon="-49.372978"><ele>1028.211</ele><time>2022-07-31T20:20:09Z</time></trkpt><trkpt lat="-24.237102" lon="-49.372927"><ele>1026.909</ele><time>2022-07-31T20:20:10Z</time></trkpt><trkpt lat="-24.237157" lon="-49.372874"><ele>1025.986</ele><time>2022-07-31T20:20:11Z</time></trkpt><trkpt lat="-24.237199" lon="-49.372806"><ele>1024.165</ele><time>2022-07-31T20:20:12Z</time></trkpt><trkpt lat="-24.237254" lon="-49.372724"><ele>1022.124</ele><time>2022-07-31T20:20:13Z</time></trkpt><trkpt lat="-24.237300" lon="-49.372641"><ele>1023.188</ele><time>2022-07-31T20:20:14Z</time></trkpt><trkpt lat="-24.237352" lon="-49.372559"><ele>1023.451</ele><time>2022-07-31T20:20:15Z</time></trkpt><trkpt lat="-24.237411" lon="-49.372474"><ele>1024.320</ele><time>2022-07-31T20:20:16Z</time></trkpt><trkpt lat="-24.237458" lon="-49.372378"><ele>1024.421</ele><time>2022-07-31T20:20:17Z</time></trkpt><trkpt lat="-24.237496" lon="-49.372288"><ele>1027.248</ele><time>2022-07-31T20:20:18Z</time></trkpt><trkpt lat="-24.237542" lon="-49.372196"><ele>1028.085</ele><time>2022-07-31T20:20:19Z</time></trkpt><trkpt lat="-24.237583" lon="-49.372101"><ele>1029.713</ele><time>2022-07-31T20:20:20Z</time></trkpt><trkpt lat="-24.237618" lon="-49.372013"><ele>1032.743</ele><time>2022-07-31T20:20:21Z</time></trkpt><trkpt lat="-24.237665" lon="-49.371915"><ele>1033.107</ele><time>2022-07-31T20:20:22Z</time></trkpt><trkpt lat="-24.237705" lon="-49.371825"><ele>1033.309</ele><time>2022-07-31T20:20:23Z</time></trkpt><trkpt lat="-24.237753" lon="-49.371742"><ele>1035.232</ele><time>2022-07-31T20:20:24Z</time></trkpt><trkpt lat="-24.237794" lon="-49.371650"><ele>1036.751</ele><time>2022-07-31T20:20:25Z</time></trkpt><trkpt lat="-24.237824" lon="-49.371570"><ele>1038.360</ele><time>2022-07-31T20:20:26Z</time></trkpt><trkpt lat="-24.237849" lon="-49.371476"><ele>1008.684</ele><time>2022-07-31T20:20:27Z</time></trkpt><trkpt lat="-24.237872" lon="-49.371379"><ele>978.267</ele><time>2022-07-31T20:20:28Z</time></trkpt><trkpt lat="-24.237894" lon="-49.371289"><ele>949.986</ele><time>2022-07-31T20:20:29Z</time></trkpt><trkpt lat="-24.237906" lon="-49.371198"><ele>922.067</ele><time>2022-07-31T20:20:30Z</time></trkpt><trkpt lat="-24.237922" lon="-49.371109"><ele>894.314</ele><time>2022-07-31T20:20:31Z</time></trkpt><trkpt lat="-24.237941" lon="-49.371009"><ele>925.351</ele><time>2022-07-31T20:20:32Z</time></trkpt><trkpt lat="-24.237957" lon="-49.370922"><ele>952.386</ele><time>2022-07-31T20:20:33Z</time></trkpt><trkpt lat="-24.237977" lon="-49.370832"><ele>980.460</ele><time>2022-07-31T20:20:34Z</time></trkpt><trkpt lat="-24.237994" lon="-49.370747"><ele>998.226</ele><time>2022-07-31T20:20:35Z</time></trkpt><trkpt lat="-24.238007" lon="-49.370673"><ele>1006.609</ele><time>2022-07-31T20:20:36Z</time></trkpt><trkpt lat="-24.238023" lon="-49.370585"><ele>1015.099</ele><time>2022-07-31T20:20:37Z</time></trkpt><trkpt lat="-24.238035" lon="-49.370494"><ele>1019.448</ele><time>2022-07-31T20:20:38Z</time></trkpt><trkpt lat="-24.238054" lon="-49.370413"><ele>1021.167</ele><time>2022-07-31T20:20:39Z</time></trkpt><trkpt lat="-24.238063" lon="-49.370328"><ele>1022.941</ele><time>2022-07-31T20:20:40Z</time></trkpt><trkpt lat="-24.238073" lon="-49.370243"><ele>1025.824</ele><time>2022-07-31T20:20:41Z</time></trkpt><trkpt lat="-24.238088" lon="-49.370155"><ele>1027.343</ele><time>2022-07-31T20:20:42Z</time></trkpt><trkpt lat="-24.238111" lon="-49.370072"><ele>1028.514</ele><time>2022-07-31T20:20:43Z</time></trkpt><trkpt lat="-24.238141" lon="-49.369994"><ele>1031.991</ele><time>2022-07-31T20:20:44Z</time></trkpt><trkpt lat="-24.238155" lon="-49.369908"><ele>1034.518</ele><time>2022-07-31T20:20:45Z</time></trkpt><trkpt lat="-24.238173" lon="-49.369819"><ele>1034.776</ele><time>2022-07-31T20:20:46Z</time></trkpt><trkpt lat="-24.238197" lon="-49.369746"><ele>1035.690</ele><time>2022-07-31T20:20:47Z</time></trkpt><trkpt lat="-24.238212" lon="-49.369662"><ele>1037.719</ele><time>2022-07-31T20:20:48Z</time></trkpt><trkpt lat="-24.238237" lon="-49.369580"><ele>1037.409</ele><time>2022-07-31T20:20:49Z</time></trkpt><trkpt lat="-24.238240" lon="-49.369480"><ele>1037.688</ele><time>2022-07-31T20:20:50Z</time></trkpt><trkpt lat="-24.238288" lon="-49.369416"><ele>1033.647</ele><time>2022-07-31T20:20:51Z</time></trkpt><trkpt lat="-24.238310" lon="-49.369319"><ele>1030.076</ele><time>2022-07-31T20:20:52Z</time></trkpt><trkpt lat="-24.238325" lon="-49.369236"><ele>1032.760</ele><time>2022-07-31T20:20:53Z</time></trkpt><trkpt lat="-24.238351" lon="-49.369151"><ele>1028.823</ele><time>2022-07-31T20:20:54Z</time></trkpt><trkpt lat="-24.238372" lon="-49.369050"><ele>1028.422</ele><time>2022-07-31T20:20:55Z</time></trkpt><trkpt lat="-24.238408" lon="-49.368960"><ele>1027.153</ele><time>2022-07-31T20:20:56Z</time></trkpt><trkpt lat="-24.238430" lon="-49.368857"><ele>1032.030</ele><time>2022-07-31T20:20:57Z</time></trkpt><trkpt lat="-24.238457" lon="-49.368760"><ele>1033.627</ele><time>2022-07-31T20:20:58Z</time></trkpt><trkpt lat="-24.238465" lon="-49.368652"><ele>1034.571</ele><time>2022-07-31T20:20:59Z</time></trkpt><trkpt lat="-24.238485" lon="-49.368561"><ele>1036.741</ele><time>2022-07-31T20:21:00Z</time></trkpt><trkpt lat="-24.238508" lon="-49.368464"><ele>1039.015</ele><time>2022-07-31T20:21:01Z</time></trkpt><trkpt lat="-24.238537" lon="-49.368362"><ele>1040.709</ele><time>2022-07-31T20:21:02Z</time></trkpt><trkpt lat="-24.238556" lon="-49.368262"><ele>1043.958</ele><time>2022-07-31T20:21:03Z</time></trkpt><trkpt lat="-24.238595" lon="-49.368162"><ele>1046.347</ele><time>2022-07-31T20:21:04Z</time></trkpt><trkpt lat="-24.238640" lon="-49.368041"><ele>1048.636</ele><time>2022-07-31T20:21:05Z</time></trkpt><trkpt lat="-24.238674" lon="-49.367933"><ele>1052.780</ele><time>2022-07-31T20:21:06Z</time></trkpt><trkpt lat="-24.238722" lon="-49.367842"><ele>1056.363</ele><time>2022-07-31T20:21:07Z</time></trkpt><trkpt lat="-24.238768" lon="-49.367731"><ele>1058.632</ele><time>2022-07-31T20:21:08Z</time></trkpt><trkpt lat="-24.238816" lon="-49.367632"><ele>1058.413</ele><time>2022-07-31T20:21:09Z</time></trkpt><trkpt lat="-24.238874" lon="-49.367540"><ele>1061.310</ele><time>2022-07-31T20:21:10Z</time></trkpt><trkpt lat="-24.238931" lon="-49.367431"><ele>1060.337</ele><time>2022-07-31T20:21:11Z</time></trkpt><trkpt lat="-24.238987" lon="-49.367321"><ele>1059.392</ele><time>2022-07-31T20:21:12Z</time></trkpt><trkpt lat="-24.239033" lon="-49.367202"><ele>1060.373</ele><time>2022-07-31T20:21:13Z</time></trkpt><trkpt lat="-24.239077" lon="-49.367075"><ele>1060.020</ele><time>2022-07-31T20:21:14Z</time></trkpt><trkpt lat="-24.239128" lon="-49.366952"><ele>1059.209</ele><time>2022-07-31T20:21:15Z</time></trkpt><trkpt lat="-24.239187" lon="-49.366841"><ele>1060.350</ele><time>2022-07-31T20:21:16Z</time></trkpt><trkpt lat="-24.239249" lon="-49.366716"><ele>1059.479</ele><time>2022-07-31T20:21:17Z</time></trkpt><trkpt lat="-24.239299" lon="-49.366602"><ele>1058.978</ele><time>2022-07-31T20:21:18Z</time></trkpt><trkpt lat="-24.239364" lon="-49.366492"><ele>1058.472</ele><time>2022-07-31T20:21:19Z</time></trkpt><trkpt lat="-24.239420" lon="-49.366391"><ele>1060.165</ele><time>2022-07-31T20:21:20Z</time></trkpt><trkpt lat="-24.239480" lon="-49.366290"><ele>1060.054</ele><time>2022-07-31T20:21:21Z</time></trkpt><trkpt lat="-24.239529" lon="-49.366192"><ele>1064.155</ele><time>2022-07-31T20:21:22Z</time></trkpt><trkpt lat="-24.239575" lon="-49.366085"><ele>1066.542</ele><time>2022-07-31T20:21:23Z</time></trkpt><trkpt lat="-24.239638" lon="-49.365980"><ele>1066.489</ele><time>2022-07-31T20:21:24Z</time></trkpt><trkpt lat="-24.239697" lon="-49.365868"><ele>1068.323</ele><time>2022-07-31T20:21:25Z</time></trkpt><trkpt lat="-24.239768" lon="-49.365742"><ele>1064.583</ele><time>2022-07-31T20:21:26Z</time></trkpt><trkpt lat="-24.239830" lon="-49.365628"><ele>1065.011</ele><time>2022-07-31T20:21:27Z</time></trkpt><trkpt lat="-24.239892" lon="-49.365521"><ele>1065.209</ele><time>2022-07-31T20:21:28Z</time></trkpt><trkpt lat="-24.239962" lon="-49.365409"><ele>1065.823</ele><time>2022-07-31T20:21:29Z</time></trkpt><trkpt lat="-24.240028" lon="-49.365299"><ele>1065.782</ele><time>2022-07-31T20:21:30Z</time></trkpt><trkpt lat="-24.240096" lon="-49.365189"><ele>1069.121</ele><time>2022-07-31T20:21:31Z</time></trkpt><trkpt lat="-24.240172" lon="-49.365062"><ele>1070.445</ele><time>2022-07-31T20:21:32Z</time></trkpt><trkpt lat="-24.240234" lon="-49.364950"><ele>1072.368</ele><time>2022-07-31T20:21:33Z</time></trkpt><trkpt lat="-24.240310" lon="-49.364832"><ele>1072.387</ele><time>2022-07-31T20:21:34Z</time></trkpt><trkpt lat="-24.240375" lon="-49.364731"><ele>1068.528</ele><time>2022-07-31T20:21:35Z</time></trkpt><trkpt lat="-24.240448" lon="-49.364641"><ele>1068.485</ele><time>2022-07-31T20:21:36Z</time></trkpt><trkpt lat="-24.240522" lon="-49.364529"><ele>1070.392</ele><time>2022-07-31T20:21:37Z</time></trkpt><trkpt lat="-24.240591" lon="-49.364430"><ele>1074.124</ele><time>2022-07-31T20:21:38Z</time></trkpt><trkpt lat="-24.240665" lon="-49.364334"><ele>1075.804</ele><time>2022-07-31T20:21:39Z</time></trkpt><trkpt lat="-24.240754" lon="-49.364249"><ele>1075.914</ele><time>2022-07-31T20:21:40Z</time></trkpt><trkpt lat="-24.240841" lon="-49.364166"><ele>1075.409</ele><time>2022-07-31T20:21:41Z</time></trkpt><trkpt lat="-24.240938" lon="-49.364087"><ele>1074.043</ele><time>2022-07-31T20:21:42Z</time></trkpt><trkpt lat="-24.241045" lon="-49.364042"><ele>1073.842</ele><time>2022-07-31T20:21:43Z</time></trkpt><trkpt lat="-24.241151" lon="-49.363980"><ele>1072.061</ele><time>2022-07-31T20:21:44Z</time></trkpt><trkpt lat="-24.241248" lon="-49.363919"><ele>1072.015</ele><time>2022-07-31T20:21:45Z</time></trkpt><trkpt lat="-24.241334" lon="-49.363849"><ele>1070.928</ele><time>2022-07-31T20:21:46Z</time></trkpt><trkpt lat="-24.241426" lon="-49.363786"><ele>1068.577</ele><time>2022-07-31T20:21:47Z</time></trkpt><trkpt lat="-24.241524" lon="-49.363696"><ele>1063.418</ele><time>2022-07-31T20:21:48Z</time></trkpt><trkpt lat="-24.241621" lon="-49.363640"><ele>1064.585</ele><time>2022-07-31T20:21:49Z</time></trkpt><trkpt lat="-24.241715" lon="-49.363585"><ele>1064.152</ele><time>2022-07-31T20:21:50Z</time></trkpt><trkpt lat="-24.241798" lon="-49.363531"><ele>1064.649</ele><time>2022-07-31T20:21:51Z</time></trkpt><trkpt lat="-24.241889" lon="-49.363458"><ele>1063.202</ele><time>2022-07-31T20:21:52Z</time></trkpt><trkpt lat="-24.241975" lon="-49.363399"><ele>1061.822</ele><time>2022-07-31T20:21:53Z</time></trkpt><trkpt lat="-24.242069" lon="-49.363335"><ele>1059.409</ele><time>2022-07-31T20:21:54Z</time></trkpt><trkpt lat="-24.242148" lon="-49.363260"><ele>1057.545</ele><time>2022-07-31T20:21:55Z</time></trkpt><trkpt lat="-24.242217" lon="-49.363194"><ele>1058.844</ele><time>2022-07-31T20:21:56Z</time></trkpt><trkpt lat="-24.242285" lon="-49.363122"><ele>1056.973</ele><time>2022-07-31T20:21:57Z</time></trkpt><trkpt lat="-24.242352" lon="-49.363043"><ele>1058.347</ele><time>2022-07-31T20:21:58Z</time></trkpt><trkpt lat="-24.242414" lon="-49.362975"><ele>1055.630</ele><time>2022-07-31T20:21:59Z</time></trkpt><trkpt lat="-24.242474" lon="-49.362892"><ele>1057.529</ele><time>2022-07-31T20:22:00Z</time></trkpt><trkpt lat="-24.242543" lon="-49.362817"><ele>1058.370</ele><time>2022-07-31T20:22:01Z</time></trkpt><trkpt lat="-24.242610" lon="-49.362742"><ele>1060.137</ele><time>2022-07-31T20:22:02Z</time></trkpt><trkpt lat="-24.242670" lon="-49.362692"><ele>1062.194</ele><time>2022-07-31T20:22:03Z</time></trkpt><trkpt lat="-24.242733" lon="-49.362639"><ele>1065.092</ele><time>2022-07-31T20:22:04Z</time></trkpt><trkpt lat="-24.242801" lon="-49.362597"><ele>1066.673</ele><time>2022-07-31T20:22:05Z</time></trkpt><trkpt lat="-24.242868" lon="-49.362562"><ele>1067.420</ele><time>2022-07-31T20:22:06Z</time></trkpt><trkpt lat="-24.242932" lon="-49.362523"><ele>1067.609</ele><time>2022-07-31T20:22:07Z</time></trkpt><trkpt lat="-24.243003" lon="-49.362503"><ele>1068.470</ele><time>2022-07-31T20:22:08Z</time></trkpt><trkpt lat="-24.243045" lon="-49.362486"><ele>1069.719</ele><time>2022-07-31T20:22:09Z</time></trkpt><trkpt lat="-24.243111" lon="-49.362449"><ele>1070.998</ele><time>2022-07-31T20:22:10Z</time></trkpt><trkpt lat="-24.243170" lon="-49.362420"><ele>1069.882</ele><time>2022-07-31T20:22:11Z</time></trkpt><trkpt lat="-24.243223" lon="-49.362398"><ele>1071.945</ele><time>2022-07-31T20:22:12Z</time></trkpt><trkpt lat="-24.243289" lon="-49.362360"><ele>1073.474</ele><time>2022-07-31T20:22:13Z</time></trkpt><trkpt lat="-24.243351" lon="-49.362324"><ele>1074.255</ele><time>2022-07-31T20:22:14Z</time></trkpt><trkpt lat="-24.243405" lon="-49.362284"><ele>1075.192</ele><time>2022-07-31T20:22:15Z</time></trkpt><trkpt lat="-24.243464" lon="-49.362215"><ele>1074.549</ele><time>2022-07-31T20:22:16Z</time></trkpt><trkpt lat="-24.243527" lon="-49.362169"><ele>1072.872</ele><time>2022-07-31T20:22:17Z</time></trkpt><trkpt lat="-24.243576" lon="-49.362104"><ele>1074.313</ele><time>2022-07-31T20:22:18Z</time></trkpt><trkpt lat="-24.243623" lon="-49.362049"><ele>1074.314</ele><time>2022-07-31T20:22:19Z</time></trkpt><trkpt lat="-24.243664" lon="-49.361968"><ele>1073.609</ele><time>2022-07-31T20:22:20Z</time></trkpt><trkpt lat="-24.243717" lon="-49.361904"><ele>1073.698</ele><time>2022-07-31T20:22:21Z</time></trkpt><trkpt lat="-24.243752" lon="-49.361834"><ele>1075.917</ele><time>2022-07-31T20:22:22Z</time></trkpt><trkpt lat="-24.243790" lon="-49.361773"><ele>1073.966</ele><time>2022-07-31T20:22:23Z</time></trkpt><trkpt lat="-24.243832" lon="-49.361709"><ele>1071.630</ele><time>2022-07-31T20:22:24Z</time></trkpt><trkpt lat="-24.243882" lon="-49.361641"><ele>1074.033</ele><time>2022-07-31T20:22:25Z</time></trkpt><trkpt lat="-24.243925" lon="-49.361573"><ele>1075.822</ele><time>2022-07-31T20:22:26Z</time></trkpt><trkpt lat="-24.243958" lon="-49.361507"><ele>1077.513</ele><time>2022-07-31T20:22:27Z</time></trkpt><trkpt lat="-24.243994" lon="-49.361443"><ele>1079.360</ele><time>2022-07-31T20:22:28Z</time></trkpt><trkpt lat="-24.244034" lon="-49.361378"><ele>1080.617</ele><time>2022-07-31T20:22:29Z</time></trkpt><trkpt lat="-24.244087" lon="-49.361314"><ele>1080.284</ele><time>2022-07-31T20:22:30Z</time></trkpt><trkpt lat="-24.244132" lon="-49.361253"><ele>1081.507</ele><time>2022-07-31T20:22:31Z</time></trkpt><trkpt lat="-24.244162" lon="-49.361194"><ele>1084.317</ele><time>2022-07-31T20:22:32Z</time></trkpt><trkpt lat="-24.244198" lon="-49.361123"><ele>1084.209</ele><time>2022-07-31T20:22:33Z</time></trkpt><trkpt lat="-24.244231" lon="-49.361058"><ele>1085.129</ele><time>2022-07-31T20:22:34Z</time></trkpt><trkpt lat="-24.244271" lon="-49.361004"><ele>1084.698</ele><time>2022-07-31T20:22:35Z</time></trkpt><trkpt lat="-24.244307" lon="-49.360939"><ele>1084.557</ele><time>2022-07-31T20:22:36Z</time></trkpt><trkpt lat="-24.244339" lon="-49.360861"><ele>1082.571</ele><time>2022-07-31T20:22:37Z</time></trkpt><trkpt lat="-24.244376" lon="-49.360784"><ele>1084.674</ele><time>2022-07-31T20:22:38Z</time></trkpt><trkpt lat="-24.244402" lon="-49.360697"><ele>1088.143</ele><time>2022-07-31T20:22:39Z</time></trkpt><trkpt lat="-24.244443" lon="-49.360639"><ele>1087.864</ele><time>2022-07-31T20:22:40Z</time></trkpt><trkpt lat="-24.244481" lon="-49.360571"><ele>1088.141</ele><time>2022-07-31T20:22:41Z</time></trkpt><trkpt lat="-24.244517" lon="-49.360504"><ele>1088.318</ele><time>2022-07-31T20:22:42Z</time></trkpt><trkpt lat="-24.244547" lon="-49.360437"><ele>1089.198</ele><time>2022-07-31T20:22:43Z</time></trkpt><trkpt lat="-24.244587" lon="-49.360381"><ele>1090.315</ele><time>2022-07-31T20:22:44Z</time></trkpt><trkpt lat="-24.244630" lon="-49.360317"><ele>1091.726</ele><time>2022-07-31T20:22:45Z</time></trkpt><trkpt lat="-24.244664" lon="-49.360246"><ele>1091.609</ele><time>2022-07-31T20:22:46Z</time></trkpt><trkpt lat="-24.244713" lon="-49.360180"><ele>1090.990</ele><time>2022-07-31T20:22:47Z</time></trkpt><trkpt lat="-24.244752" lon="-49.360107"><ele>1065.339</ele><time>2022-07-31T20:22:48Z</time></trkpt><trkpt lat="-24.244784" lon="-49.360041"><ele>1042.558</ele><time>2022-07-31T20:22:49Z</time></trkpt><trkpt lat="-24.244804" lon="-49.359963"><ele>1017.722</ele><time>2022-07-31T20:22:50Z</time></trkpt><trkpt lat="-24.244832" lon="-49.359882"><ele>991.595</ele><time>2022-07-31T20:22:51Z</time></trkpt><trkpt lat="-24.244842" lon="-49.359818"><ele>971.784</ele><time>2022-07-31T20:22:52Z</time></trkpt><trkpt lat="-24.244841" lon="-49.359742"><ele>982.435</ele><time>2022-07-31T20:22:53Z</time></trkpt><trkpt lat="-24.244841" lon="-49.359670"><ele>999.082</ele><time>2022-07-31T20:22:54Z</time></trkpt><trkpt lat="-24.244846" lon="-49.359601"><ele>1014.129</ele><time>2022-07-31T20:22:55Z</time></trkpt><trkpt lat="-24.244841" lon="-49.359531"><ele>1022.012</ele><time>2022-07-31T20:22:56Z</time></trkpt><trkpt lat="-24.244835" lon="-49.359456"><ele>1027.732</ele><time>2022-07-31T20:22:57Z</time></trkpt><trkpt lat="-24.244826" lon="-49.359379"><ele>1037.005</ele><time>2022-07-31T20:22:58Z</time></trkpt><trkpt lat="-24.244817" lon="-49.359314"><ele>1040.609</ele><time>2022-07-31T20:22:59Z</time></trkpt><trkpt lat="-24.244818" lon="-49.359254"><ele>1043.812</ele><time>2022-07-31T20:23:00Z</time></trkpt><trkpt lat="-24.244829" lon="-49.359171"><ele>1049.221</ele><time>2022-07-31T20:23:02Z</time></trkpt><trkpt lat="-24.244850" lon="-49.359114"><ele>1064.770</ele><time>2022-07-31T20:23:04Z</time></trkpt><trkpt lat="-24.244858" lon="-49.359050"><ele>1073.014</ele><time>2022-07-31T20:23:06Z</time></trkpt><trkpt lat="-24.244863" lon="-49.358966"><ele>1087.047</ele><time>2022-07-31T20:23:08Z</time></trkpt><trkpt lat="-24.244874" lon="-49.358918"><ele>1089.356</ele><time>2022-07-31T20:23:09Z</time></trkpt><trkpt lat="-24.244902" lon="-49.358859"><ele>1090.717</ele><time>2022-07-31T20:23:10Z</time></trkpt><trkpt lat="-24.244908" lon="-49.358801"><ele>1094.374</ele><time>2022-07-31T20:23:11Z</time></trkpt><trkpt lat="-24.244934" lon="-49.358720"><ele>1091.611</ele><time>2022-07-31T20:23:12Z</time></trkpt><trkpt lat="-24.244961" lon="-49.358657"><ele>1097.557</ele><time>2022-07-31T20:23:13Z</time></trkpt><trkpt lat="-24.244995" lon="-49.358582"><ele>1097.100</ele><time>2022-07-31T20:23:14Z</time></trkpt><trkpt lat="-24.245038" lon="-49.358477"><ele>1097.820</ele><time>2022-07-31T20:23:15Z</time></trkpt><trkpt lat="-24.245076" lon="-49.358382"><ele>1098.509</ele><time>2022-07-31T20:23:16Z</time></trkpt><trkpt lat="-24.245117" lon="-49.358272"><ele>1097.986</ele><time>2022-07-31T20:23:17Z</time></trkpt><trkpt lat="-24.245156" lon="-49.358145"><ele>1095.985</ele><time>2022-07-31T20:23:18Z</time></trkpt><trkpt lat="-24.245200" lon="-49.358059"><ele>1095.754</ele><time>2022-07-31T20:23:19Z</time></trkpt><trkpt lat="-24.245234" lon="-49.357970"><ele>1098.418</ele><time>2022-07-31T20:23:20Z</time></trkpt><trkpt lat="-24.245272" lon="-49.357883"><ele>1096.711</ele><time>2022-07-31T20:23:21Z</time></trkpt><trkpt lat="-24.245319" lon="-49.357801"><ele>1097.510</ele><time>2022-07-31T20:23:22Z</time></trkpt><trkpt lat="-24.245372" lon="-49.357734"><ele>1097.261</ele><time>2022-07-31T20:23:23Z</time></trkpt><trkpt lat="-24.245409" lon="-49.357677"><ele>1098.298</ele><time>2022-07-31T20:23:24Z</time></trkpt><trkpt lat="-24.245423" lon="-49.357618"><ele>1100.675</ele><time>2022-07-31T20:23:25Z</time></trkpt><trkpt lat="-24.245437" lon="-49.357545"><ele>1104.344</ele><time>2022-07-31T20:23:27Z</time></trkpt><trkpt lat="-24.245455" lon="-49.357458"><ele>1107.705</ele><time>2022-07-31T20:23:40Z</time></trkpt><trkpt lat="-24.245488" lon="-49.357370"><ele>1106.815</ele><time>2022-07-31T20:23:42Z</time></trkpt><trkpt lat="-24.245513" lon="-49.357316"><ele>1106.409</ele><time>2022-07-31T20:23:43Z</time></trkpt><trkpt lat="-24.245539" lon="-49.357256"><ele>1107.885</ele><time>2022-07-31T20:23:44Z</time></trkpt><trkpt lat="-24.245549" lon="-49.357188"><ele>1109.534</ele><time>2022-07-31T20:23:45Z</time></trkpt><trkpt lat="-24.245577" lon="-49.357130"><ele>1109.013</ele><time>2022-07-31T20:23:46Z</time></trkpt><trkpt lat="-24.245603" lon="-49.357061"><ele>1107.747</ele><time>2022-07-31T20:23:47Z</time></trkpt><trkpt lat="-24.245620" lon="-49.356988"><ele>1110.360</ele><time>2022-07-31T20:23:48Z</time></trkpt><trkpt lat="-24.245639" lon="-49.356917"><ele>1109.619</ele><time>2022-07-31T20:23:49Z</time></trkpt><trkpt lat="-24.245665" lon="-49.356849"><ele>1109.560</ele><time>2022-07-31T20:23:50Z</time></trkpt><trkpt lat="-24.245685" lon="-49.356782"><ele>1109.427</ele><time>2022-07-31T20:23:51Z</time></trkpt><trkpt lat="-24.245703" lon="-49.356716"><ele>1110.444</ele><time>2022-07-31T20:23:52Z</time></trkpt><trkpt lat="-24.245729" lon="-49.356644"><ele>1110.832</ele><time>2022-07-31T20:23:53Z</time></trkpt><trkpt lat="-24.245755" lon="-49.356575"><ele>1110.992</ele><time>2022-07-31T20:23:54Z</time></trkpt><trkpt lat="-24.245778" lon="-49.356505"><ele>1110.511</ele><time>2022-07-31T20:23:55Z</time></trkpt><trkpt lat="-24.245809" lon="-49.356433"><ele>1110.009</ele><time>2022-07-31T20:23:56Z</time></trkpt><trkpt lat="-24.245832" lon="-49.356343"><ele>1107.934</ele><time>2022-07-31T20:23:57Z</time></trkpt><trkpt lat="-24.245863" lon="-49.356279"><ele>1107.073</ele><time>2022-07-31T20:23:58Z</time></trkpt><trkpt lat="-24.245892" lon="-49.356209"><ele>1107.232</ele><time>2022-07-31T20:23:59Z</time></trkpt><trkpt lat="-24.245921" lon="-49.356135"><ele>1106.676</ele><time>2022-07-31T20:24:00Z</time></trkpt><trkpt lat="-24.245945" lon="-49.356071"><ele>1106.879</ele><time>2022-07-31T20:24:01Z</time></trkpt><trkpt lat="-24.245988" lon="-49.356001"><ele>1104.628</ele><time>2022-07-31T20:24:02Z</time></trkpt><trkpt lat="-24.246018" lon="-49.355929"><ele>1101.799</ele><time>2022-07-31T20:24:03Z</time></trkpt><trkpt lat="-24.246058" lon="-49.355847"><ele>1099.086</ele><time>2022-07-31T20:24:04Z</time></trkpt><trkpt lat="-24.246092" lon="-49.355772"><ele>1099.123</ele><time>2022-07-31T20:24:05Z</time></trkpt><trkpt lat="-24.246124" lon="-49.355701"><ele>1099.323</ele><time>2022-07-31T20:24:06Z</time></trkpt><trkpt lat="-24.246162" lon="-49.355632"><ele>1099.483</ele><time>2022-07-31T20:24:07Z</time></trkpt><trkpt lat="-24.246208" lon="-49.355595"><ele>1097.711</ele><time>2022-07-31T20:24:08Z</time></trkpt><trkpt lat="-24.246251" lon="-49.355527"><ele>1098.509</ele><time>2022-07-31T20:24:09Z</time></trkpt><trkpt lat="-24.246280" lon="-49.355450"><ele>1098.093</ele><time>2022-07-31T20:24:10Z</time></trkpt><trkpt lat="-24.246310" lon="-49.355368"><ele>1097.442</ele><time>2022-07-31T20:24:11Z</time></trkpt><trkpt lat="-24.246344" lon="-49.355296"><ele>1097.671</ele><time>2022-07-31T20:24:12Z</time></trkpt><trkpt lat="-24.246376" lon="-49.355222"><ele>1098.545</ele><time>2022-07-31T20:24:13Z</time></trkpt><trkpt lat="-24.246415" lon="-49.355148"><ele>1097.778</ele><time>2022-07-31T20:24:14Z</time></trkpt><trkpt lat="-24.246459" lon="-49.355099"><ele>1099.217</ele><time>2022-07-31T20:24:15Z</time></trkpt><trkpt lat="-24.246483" lon="-49.355010"><ele>1095.618</ele><time>2022-07-31T20:24:16Z</time></trkpt><trkpt lat="-24.246523" lon="-49.354947"><ele>1095.535</ele><time>2022-07-31T20:24:17Z</time></trkpt><trkpt lat="-24.246560" lon="-49.354880"><ele>1094.772</ele><time>2022-07-31T20:24:18Z</time></trkpt><trkpt lat="-24.246599" lon="-49.354833"><ele>1098.672</ele><time>2022-07-31T20:24:19Z</time></trkpt><trkpt lat="-24.246636" lon="-49.354754"><ele>1097.513</ele><time>2022-07-31T20:24:20Z</time></trkpt><trkpt lat="-24.246677" lon="-49.354663"><ele>1091.514</ele><time>2022-07-31T20:24:21Z</time></trkpt><trkpt lat="-24.246720" lon="-49.354604"><ele>1088.909</ele><time>2022-07-31T20:24:22Z</time></trkpt><trkpt lat="-24.246769" lon="-49.354532"><ele>1088.758</ele><time>2022-07-31T20:24:23Z</time></trkpt><trkpt lat="-24.246809" lon="-49.354468"><ele>1085.917</ele><time>2022-07-31T20:24:24Z</time></trkpt><trkpt lat="-24.246855" lon="-49.354379"><ele>1082.036</ele><time>2022-07-31T20:24:25Z</time></trkpt><trkpt lat="-24.246894" lon="-49.354311"><ele>1084.650</ele><time>2022-07-31T20:24:26Z</time></trkpt><trkpt lat="-24.246935" lon="-49.354235"><ele>1085.513</ele><time>2022-07-31T20:24:27Z</time></trkpt><trkpt lat="-24.246969" lon="-49.354158"><ele>1084.642</ele><time>2022-07-31T20:24:28Z</time></trkpt><trkpt lat="-24.247015" lon="-49.354092"><ele>1086.343</ele><time>2022-07-31T20:24:29Z</time></trkpt><trkpt lat="-24.247045" lon="-49.354019"><ele>1087.080</ele><time>2022-07-31T20:24:30Z</time></trkpt><trkpt lat="-24.247071" lon="-49.353941"><ele>1084.317</ele><time>2022-07-31T20:24:31Z</time></trkpt><trkpt lat="-24.247117" lon="-49.353880"><ele>1084.492</ele><time>2022-07-31T20:24:32Z</time></trkpt><trkpt lat="-24.247154" lon="-49.353814"><ele>1081.873</ele><time>2022-07-31T20:24:33Z</time></trkpt><trkpt lat="-24.247195" lon="-49.353754"><ele>1080.520</ele><time>2022-07-31T20:24:34Z</time></trkpt><trkpt lat="-24.247237" lon="-49.353695"><ele>1079.909</ele><time>2022-07-31T20:24:35Z</time></trkpt><trkpt lat="-24.247276" lon="-49.353640"><ele>1079.490</ele><time>2022-07-31T20:24:36Z</time></trkpt><trkpt lat="-24.247324" lon="-49.353576"><ele>1077.999</ele><time>2022-07-31T20:24:37Z</time></trkpt><trkpt lat="-24.247367" lon="-49.353508"><ele>1077.998</ele><time>2022-07-31T20:24:38Z</time></trkpt><trkpt lat="-24.247405" lon="-49.353447"><ele>1077.972</ele><time>2022-07-31T20:24:39Z</time></trkpt><trkpt lat="-24.247456" lon="-49.353378"><ele>1075.945</ele><time>2022-07-31T20:24:40Z</time></trkpt><trkpt lat="-24.247511" lon="-49.353301"><ele>1074.814</ele><time>2022-07-31T20:24:41Z</time></trkpt><trkpt lat="-24.247559" lon="-49.353233"><ele>1074.445</ele><time>2022-07-31T20:24:42Z</time></trkpt><trkpt lat="-24.247618" lon="-49.353175"><ele>1072.812</ele><time>2022-07-31T20:24:43Z</time></trkpt><trkpt lat="-24.247674" lon="-49.353106"><ele>1072.269</ele><time>2022-07-31T20:24:44Z</time></trkpt><trkpt lat="-24.247724" lon="-49.353035"><ele>1071.422</ele><time>2022-07-31T20:24:45Z</time></trkpt><trkpt lat="-24.247774" lon="-49.352967"><ele>1069.562</ele><time>2022-07-31T20:24:46Z</time></trkpt><trkpt lat="-24.247827" lon="-49.352898"><ele>1069.608</ele><time>2022-07-31T20:24:47Z</time></trkpt><trkpt lat="-24.247873" lon="-49.352827"><ele>1071.109</ele><time>2022-07-31T20:24:48Z</time></trkpt><trkpt lat="-24.247926" lon="-49.352754"><ele>1071.713</ele><time>2022-07-31T20:24:49Z</time></trkpt><trkpt lat="-24.247973" lon="-49.352676"><ele>1071.442</ele><time>2022-07-31T20:24:50Z</time></trkpt><trkpt lat="-24.248011" lon="-49.352595"><ele>1073.781</ele><time>2022-07-31T20:24:51Z</time></trkpt><trkpt lat="-24.248048" lon="-49.352487"><ele>1071.445</ele><time>2022-07-31T20:24:52Z</time></trkpt><trkpt lat="-24.248077" lon="-49.352379"><ele>1072.088</ele><time>2022-07-31T20:24:53Z</time></trkpt><trkpt lat="-24.248108" lon="-49.352274"><ele>1072.497</ele><time>2022-07-31T20:24:54Z</time></trkpt><trkpt lat="-24.248134" lon="-49.352175"><ele>1072.488</ele><time>2022-07-31T20:24:55Z</time></trkpt><trkpt lat="-24.248154" lon="-49.352066"><ele>1073.525</ele><time>2022-07-31T20:24:56Z</time></trkpt><trkpt lat="-24.248187" lon="-49.351942"><ele>1074.432</ele><time>2022-07-31T20:24:57Z</time></trkpt><trkpt lat="-24.248205" lon="-49.351824"><ele>1074.917</ele><time>2022-07-31T20:24:58Z</time></trkpt><trkpt lat="-24.248216" lon="-49.351715"><ele>1075.787</ele><time>2022-07-31T20:24:59Z</time></trkpt><trkpt lat="-24.248224" lon="-49.351606"><ele>1076.515</ele><time>2022-07-31T20:25:00Z</time></trkpt><trkpt lat="-24.248228" lon="-49.351498"><ele>1076.609</ele><time>2022-07-31T20:25:01Z</time></trkpt><trkpt lat="-24.248236" lon="-49.351394"><ele>1076.382</ele><time>2022-07-31T20:25:02Z</time></trkpt><trkpt lat="-24.248239" lon="-49.351294"><ele>1075.881</ele><time>2022-07-31T20:25:03Z</time></trkpt><trkpt lat="-24.248236" lon="-49.351186"><ele>1075.830</ele><time>2022-07-31T20:25:04Z</time></trkpt><trkpt lat="-24.248231" lon="-49.351077"><ele>1077.444</ele><time>2022-07-31T20:25:05Z</time></trkpt><trkpt lat="-24.248219" lon="-49.350967"><ele>1077.557</ele><time>2022-07-31T20:25:06Z</time></trkpt><trkpt lat="-24.248203" lon="-49.350854"><ele>1076.626</ele><time>2022-07-31T20:25:07Z</time></trkpt><trkpt lat="-24.248182" lon="-49.350745"><ele>1076.367</ele><time>2022-07-31T20:25:08Z</time></trkpt><trkpt lat="-24.248152" lon="-49.350631"><ele>1076.344</ele><time>2022-07-31T20:25:09Z</time></trkpt><trkpt lat="-24.248115" lon="-49.350526"><ele>1077.581</ele><time>2022-07-31T20:25:10Z</time></trkpt><trkpt lat="-24.248074" lon="-49.350419"><ele>1077.968</ele><time>2022-07-31T20:25:11Z</time></trkpt><trkpt lat="-24.248035" lon="-49.350309"><ele>1078.942</ele><time>2022-07-31T20:25:12Z</time></trkpt><trkpt lat="-24.247970" lon="-49.350203"><ele>1081.826</ele><time>2022-07-31T20:25:13Z</time></trkpt><trkpt lat="-24.247913" lon="-49.350105"><ele>1083.109</ele><time>2022-07-31T20:25:14Z</time></trkpt><trkpt lat="-24.247838" lon="-49.350015"><ele>1083.087</ele><time>2022-07-31T20:25:15Z</time></trkpt><trkpt lat="-24.247763" lon="-49.349927"><ele>1084.066</ele><time>2022-07-31T20:25:16Z</time></trkpt><trkpt lat="-24.247686" lon="-49.349843"><ele>1083.675</ele><time>2022-07-31T20:25:17Z</time></trkpt><trkpt lat="-24.247609" lon="-49.349764"><ele>1084.769</ele><time>2022-07-31T20:25:18Z</time></trkpt><trkpt lat="-24.247537" lon="-49.349689"><ele>1084.372</ele><time>2022-07-31T20:25:19Z</time></trkpt><trkpt lat="-24.247461" lon="-49.349617"><ele>1084.361</ele><time>2022-07-31T20:25:20Z</time></trkpt><trkpt lat="-24.247394" lon="-49.349532"><ele>1084.312</ele><time>2022-07-31T20:25:21Z</time></trkpt><trkpt lat="-24.247325" lon="-49.349460"><ele>1084.699</ele><time>2022-07-31T20:25:22Z</time></trkpt><trkpt lat="-24.247252" lon="-49.349386"><ele>1084.576</ele><time>2022-07-31T20:25:23Z</time></trkpt><trkpt lat="-24.247176" lon="-49.349312"><ele>1084.986</ele><time>2022-07-31T20:25:24Z</time></trkpt><trkpt lat="-24.247104" lon="-49.349245"><ele>1085.160</ele><time>2022-07-31T20:25:25Z</time></trkpt><trkpt lat="-24.247033" lon="-49.349177"><ele>1084.226</ele><time>2022-07-31T20:25:26Z</time></trkpt><trkpt lat="-24.246951" lon="-49.349108"><ele>1083.509</ele><time>2022-07-31T20:25:27Z</time></trkpt><trkpt lat="-24.246874" lon="-49.349047"><ele>1083.989</ele><time>2022-07-31T20:25:28Z</time></trkpt><trkpt lat="-24.246797" lon="-49.348979"><ele>1083.378</ele><time>2022-07-31T20:25:29Z</time></trkpt><trkpt lat="-24.246731" lon="-49.348903"><ele>1081.427</ele><time>2022-07-31T20:25:30Z</time></trkpt><trkpt lat="-24.246659" lon="-49.348833"><ele>1080.571</ele><time>2022-07-31T20:25:31Z</time></trkpt><trkpt lat="-24.246589" lon="-49.348764"><ele>1080.084</ele><time>2022-07-31T20:25:32Z</time></trkpt><trkpt lat="-24.246521" lon="-49.348702"><ele>1080.283</ele><time>2022-07-31T20:25:33Z</time></trkpt><trkpt lat="-24.246465" lon="-49.348643"><ele>1078.474</ele><time>2022-07-31T20:25:34Z</time></trkpt><trkpt lat="-24.246416" lon="-49.348574"><ele>1078.081</ele><time>2022-07-31T20:25:35Z</time></trkpt><trkpt lat="-24.246373" lon="-49.348501"><ele>1076.918</ele><time>2022-07-31T20:25:36Z</time></trkpt><trkpt lat="-24.246342" lon="-49.348424"><ele>1076.464</ele><time>2022-07-31T20:25:37Z</time></trkpt><trkpt lat="-24.246321" lon="-49.348353"><ele>1073.706</ele><time>2022-07-31T20:25:38Z</time></trkpt><trkpt lat="-24.246291" lon="-49.348273"><ele>1073.416</ele><time>2022-07-31T20:25:39Z</time></trkpt><trkpt lat="-24.246262" lon="-49.348188"><ele>1072.309</ele><time>2022-07-31T20:25:40Z</time></trkpt><trkpt lat="-24.246235" lon="-49.348097"><ele>1070.937</ele><time>2022-07-31T20:25:41Z</time></trkpt><trkpt lat="-24.246202" lon="-49.348001"><ele>1070.416</ele><time>2022-07-31T20:25:42Z</time></trkpt><trkpt lat="-24.246171" lon="-49.347911"><ele>1069.975</ele><time>2022-07-31T20:25:43Z</time></trkpt><trkpt lat="-24.246135" lon="-49.347819"><ele>1069.299</ele><time>2022-07-31T20:25:44Z</time></trkpt><trkpt lat="-24.246095" lon="-49.347728"><ele>1068.712</ele><time>2022-07-31T20:25:45Z</time></trkpt><trkpt lat="-24.246057" lon="-49.347634"><ele>1068.781</ele><time>2022-07-31T20:25:46Z</time></trkpt><trkpt lat="-24.246009" lon="-49.347538"><ele>1068.422</ele><time>2022-07-31T20:25:47Z</time></trkpt><trkpt lat="-24.245966" lon="-49.347451"><ele>1068.849</ele><time>2022-07-31T20:25:48Z</time></trkpt><trkpt lat="-24.245922" lon="-49.347353"><ele>1068.516</ele><time>2022-07-31T20:25:49Z</time></trkpt><trkpt lat="-24.245876" lon="-49.347255"><ele>1068.026</ele><time>2022-07-31T20:25:50Z</time></trkpt><trkpt lat="-24.245832" lon="-49.347156"><ele>1068.247</ele><time>2022-07-31T20:25:51Z</time></trkpt><trkpt lat="-24.245786" lon="-49.347054"><ele>1067.911</ele><time>2022-07-31T20:25:52Z</time></trkpt><trkpt lat="-24.245749" lon="-49.346960"><ele>1067.709</ele><time>2022-07-31T20:25:53Z</time></trkpt><trkpt lat="-24.245708" lon="-49.346858"><ele>1067.533</ele><time>2022-07-31T20:25:54Z</time></trkpt><trkpt lat="-24.245667" lon="-49.346754"><ele>1067.412</ele><time>2022-07-31T20:25:55Z</time></trkpt><trkpt lat="-24.245624" lon="-49.346654"><ele>1068.461</ele><time>2022-07-31T20:25:56Z</time></trkpt><trkpt lat="-24.245582" lon="-49.346557"><ele>1068.925</ele><time>2022-07-31T20:25:57Z</time></trkpt><trkpt lat="-24.245543" lon="-49.346454"><ele>1069.378</ele><time>2022-07-31T20:25:58Z</time></trkpt><trkpt lat="-24.245498" lon="-49.346356"><ele>1070.277</ele><time>2022-07-31T20:25:59Z</time></trkpt><trkpt lat="-24.245455" lon="-49.346262"><ele>1070.188</ele><time>2022-07-31T20:26:00Z</time></trkpt><trkpt lat="-24.245413" lon="-49.346167"><ele>1070.735</ele><time>2022-07-31T20:26:01Z</time></trkpt><trkpt lat="-24.245377" lon="-49.346078"><ele>1070.352</ele><time>2022-07-31T20:26:02Z</time></trkpt><trkpt lat="-24.245340" lon="-49.345984"><ele>1069.766</ele><time>2022-07-31T20:26:03Z</time></trkpt><trkpt lat="-24.245305" lon="-49.345900"><ele>1068.529</ele><time>2022-07-31T20:26:04Z</time></trkpt><trkpt lat="-24.245268" lon="-49.345809"><ele>1068.221</ele><time>2022-07-31T20:26:05Z</time></trkpt><trkpt lat="-24.245236" lon="-49.345715"><ele>1067.009</ele><time>2022-07-31T20:26:06Z</time></trkpt><trkpt lat="-24.245201" lon="-49.345620"><ele>1066.447</ele><time>2022-07-31T20:26:07Z</time></trkpt><trkpt lat="-24.245170" lon="-49.345525"><ele>1066.446</ele><time>2022-07-31T20:26:08Z</time></trkpt><trkpt lat="-24.245130" lon="-49.345434"><ele>1067.795</ele><time>2022-07-31T20:26:09Z</time></trkpt><trkpt lat="-24.245095" lon="-49.345345"><ele>1068.019</ele><time>2022-07-31T20:26:10Z</time></trkpt><trkpt lat="-24.245058" lon="-49.345255"><ele>1066.632</ele><time>2022-07-31T20:26:11Z</time></trkpt><trkpt lat="-24.245024" lon="-49.345164"><ele>1065.871</ele><time>2022-07-31T20:26:12Z</time></trkpt><trkpt lat="-24.244991" lon="-49.345079"><ele>1065.062</ele><time>2022-07-31T20:26:13Z</time></trkpt><trkpt lat="-24.244959" lon="-49.344990"><ele>1064.039</ele><time>2022-07-31T20:26:14Z</time></trkpt><trkpt lat="-24.244931" lon="-49.344905"><ele>1063.816</ele><time>2022-07-31T20:26:15Z</time></trkpt><trkpt lat="-24.244902" lon="-49.344824"><ele>1064.083</ele><time>2022-07-31T20:26:16Z</time></trkpt><trkpt lat="-24.244869" lon="-49.344738"><ele>1063.625</ele><time>2022-07-31T20:26:17Z</time></trkpt><trkpt lat="-24.244835" lon="-49.344641"><ele>1064.017</ele><time>2022-07-31T20:26:18Z</time></trkpt><trkpt lat="-24.244800" lon="-49.344555"><ele>1064.409</ele><time>2022-07-31T20:26:19Z</time></trkpt><trkpt lat="-24.244767" lon="-49.344464"><ele>1063.889</ele><time>2022-07-31T20:26:20Z</time></trkpt><trkpt lat="-24.244743" lon="-49.344381"><ele>1063.688</ele><time>2022-07-31T20:26:21Z</time></trkpt><trkpt lat="-24.244704" lon="-49.344284"><ele>1063.547</ele><time>2022-07-31T20:26:22Z</time></trkpt><trkpt lat="-24.244671" lon="-49.344197"><ele>1062.891</ele><time>2022-07-31T20:26:23Z</time></trkpt><trkpt lat="-24.244633" lon="-49.344102"><ele>1063.534</ele><time>2022-07-31T20:26:24Z</time></trkpt><trkpt lat="-24.244604" lon="-49.344004"><ele>1063.633</ele><time>2022-07-31T20:26:25Z</time></trkpt><trkpt lat="-24.244569" lon="-49.343906"><ele>1063.314</ele><time>2022-07-31T20:26:26Z</time></trkpt><trkpt lat="-24.244533" lon="-49.343804"><ele>1063.341</ele><time>2022-07-31T20:26:27Z</time></trkpt><trkpt lat="-24.244493" lon="-49.343700"><ele>1064.298</ele><time>2022-07-31T20:26:28Z</time></trkpt><trkpt lat="-24.244462" lon="-49.343596"><ele>1064.564</ele><time>2022-07-31T20:26:29Z</time></trkpt><trkpt lat="-24.244424" lon="-49.343498"><ele>1065.406</ele><time>2022-07-31T20:26:30Z</time></trkpt><trkpt lat="-24.244382" lon="-49.343401"><ele>1065.616</ele><time>2022-07-31T20:26:31Z</time></trkpt><trkpt lat="-24.244350" lon="-49.343309"><ele>1065.109</ele><time>2022-07-31T20:26:32Z</time></trkpt><trkpt lat="-24.244325" lon="-49.343225"><ele>1064.527</ele><time>2022-07-31T20:26:33Z</time></trkpt><trkpt lat="-24.244296" lon="-49.343138"><ele>1064.086</ele><time>2022-07-31T20:26:34Z</time></trkpt><trkpt lat="-24.244272" lon="-49.343058"><ele>1063.865</ele><time>2022-07-31T20:26:35Z</time></trkpt><trkpt lat="-24.244277" lon="-49.342997"><ele>1061.549</ele><time>2022-07-31T20:26:36Z</time></trkpt><trkpt lat="-24.244275" lon="-49.342921"><ele>1061.442</ele><time>2022-07-31T20:26:37Z</time></trkpt><trkpt lat="-24.244275" lon="-49.342852"><ele>1062.361</ele><time>2022-07-31T20:26:38Z</time></trkpt><trkpt lat="-24.244282" lon="-49.342786"><ele>1060.712</ele><time>2022-07-31T20:26:39Z</time></trkpt><trkpt lat="-24.244297" lon="-49.342710"><ele>1037.049</ele><time>2022-07-31T20:26:40Z</time></trkpt><trkpt lat="-24.244305" lon="-49.342644"><ele>1016.916</ele><time>2022-07-31T20:26:41Z</time></trkpt><trkpt lat="-24.244320" lon="-49.342574"><ele>995.034</ele><time>2022-07-31T20:26:42Z</time></trkpt><trkpt lat="-24.244330" lon="-49.342498"><ele>1014.655</ele><time>2022-07-31T20:26:43Z</time></trkpt><trkpt lat="-24.244339" lon="-49.342425"><ele>1030.710</ele><time>2022-07-31T20:26:44Z</time></trkpt><trkpt lat="-24.244340" lon="-49.342348"><ele>1039.309</ele><time>2022-07-31T20:26:45Z</time></trkpt><trkpt lat="-24.244348" lon="-49.342264"><ele>1041.264</ele><time>2022-07-31T20:26:46Z</time></trkpt><trkpt lat="-24.244341" lon="-49.342179"><ele>1044.263</ele><time>2022-07-31T20:26:47Z</time></trkpt><trkpt lat="-24.244337" lon="-49.342085"><ele>1045.022</ele><time>2022-07-31T20:26:48Z</time></trkpt><trkpt lat="-24.244325" lon="-49.341983"><ele>1046.016</ele><time>2022-07-31T20:26:49Z</time></trkpt><trkpt lat="-24.244317" lon="-49.341887"><ele>1047.719</ele><time>2022-07-31T20:26:50Z</time></trkpt><trkpt lat="-24.244309" lon="-49.341785"><ele>1048.238</ele><time>2022-07-31T20:26:51Z</time></trkpt><trkpt lat="-24.244300" lon="-49.341680"><ele>1049.459</ele><time>2022-07-31T20:26:52Z</time></trkpt><trkpt lat="-24.244290" lon="-49.341566"><ele>1048.296</ele><time>2022-07-31T20:26:53Z</time></trkpt><trkpt lat="-24.244284" lon="-49.341458"><ele>1049.013</ele><time>2022-07-31T20:26:54Z</time></trkpt><trkpt lat="-24.244279" lon="-49.341353"><ele>1049.022</ele><time>2022-07-31T20:26:55Z</time></trkpt><trkpt lat="-24.244279" lon="-49.341258"><ele>1049.562</ele><time>2022-07-31T20:26:56Z</time></trkpt><trkpt lat="-24.244275" lon="-49.341179"><ele>1051.108</ele><time>2022-07-31T20:26:57Z</time></trkpt><trkpt lat="-24.244271" lon="-49.341107"><ele>1052.209</ele><time>2022-07-31T20:26:58Z</time></trkpt><trkpt lat="-24.244272" lon="-49.341033"><ele>1052.553</ele><time>2022-07-31T20:26:59Z</time></trkpt><trkpt lat="-24.244280" lon="-49.340964"><ele>1054.522</ele><time>2022-07-31T20:27:00Z</time></trkpt><trkpt lat="-24.244296" lon="-49.340904"><ele>1054.951</ele><time>2022-07-31T20:27:01Z</time></trkpt><trkpt lat="-24.244311" lon="-49.340834"><ele>1052.185</ele><time>2022-07-31T20:27:02Z</time></trkpt><trkpt lat="-24.244315" lon="-49.340781"><ele>1053.688</ele><time>2022-07-31T20:27:03Z</time></trkpt><trkpt lat="-24.244318" lon="-49.340692"><ele>1053.587</ele><time>2022-07-31T20:27:05Z</time></trkpt><trkpt lat="-24.244307" lon="-49.340638"><ele>1053.268</ele><time>2022-07-31T20:27:06Z</time></trkpt><trkpt lat="-24.244282" lon="-49.340559"><ele>1052.095</ele><time>2022-07-31T20:27:08Z</time></trkpt><trkpt lat="-24.244256" lon="-49.340516"><ele>1051.842</ele><time>2022-07-31T20:27:09Z</time></trkpt><trkpt lat="-24.244228" lon="-49.340460"><ele>1050.544</ele><time>2022-07-31T20:27:10Z</time></trkpt><trkpt lat="-24.244199" lon="-49.340420"><ele>1050.105</ele><time>2022-07-31T20:27:11Z</time></trkpt><trkpt lat="-24.244165" lon="-49.340367"><ele>1045.915</ele><time>2022-07-31T20:27:12Z</time></trkpt><trkpt lat="-24.244123" lon="-49.340326"><ele>1045.909</ele><time>2022-07-31T20:27:13Z</time></trkpt><trkpt lat="-24.244081" lon="-49.340294"><ele>1044.175</ele><time>2022-07-31T20:27:14Z</time></trkpt><trkpt lat="-24.244039" lon="-49.340243"><ele>1040.064</ele><time>2022-07-31T20:27:15Z</time></trkpt><trkpt lat="-24.243993" lon="-49.340211"><ele>1040.763</ele><time>2022-07-31T20:27:16Z</time></trkpt><trkpt lat="-24.243953" lon="-49.340175"><ele>1039.947</ele><time>2022-07-31T20:27:17Z</time></trkpt><trkpt lat="-24.243910" lon="-49.340146"><ele>1039.090</ele><time>2022-07-31T20:27:18Z</time></trkpt><trkpt lat="-24.243862" lon="-49.340106"><ele>1039.499</ele><time>2022-07-31T20:27:19Z</time></trkpt><trkpt lat="-24.243812" lon="-49.340069"><ele>1038.650</ele><time>2022-07-31T20:27:20Z</time></trkpt><trkpt lat="-24.243761" lon="-49.340023"><ele>1038.087</ele><time>2022-07-31T20:27:21Z</time></trkpt><trkpt lat="-24.243727" lon="-49.339952"><ele>1035.494</ele><time>2022-07-31T20:27:22Z</time></trkpt><trkpt lat="-24.243683" lon="-49.339899"><ele>1034.764</ele><time>2022-07-31T20:27:23Z</time></trkpt><trkpt lat="-24.243641" lon="-49.339847"><ele>1033.606</ele><time>2022-07-31T20:27:24Z</time></trkpt><trkpt lat="-24.243605" lon="-49.339791"><ele>1033.516</ele><time>2022-07-31T20:27:25Z</time></trkpt><trkpt lat="-24.243585" lon="-49.339743"><ele>1032.209</ele><time>2022-07-31T20:27:26Z</time></trkpt><trkpt lat="-24.243562" lon="-49.339694"><ele>1032.917</ele><time>2022-07-31T20:27:27Z</time></trkpt><trkpt lat="-24.243535" lon="-49.339620"><ele>1033.556</ele><time>2022-07-31T20:27:29Z</time></trkpt><trkpt lat="-24.243531" lon="-49.339567"><ele>1031.585</ele><time>2022-07-31T20:27:31Z</time></trkpt><trkpt lat="-24.243506" lon="-49.339515"><ele>1035.349</ele><time>2022-07-31T20:27:44Z</time></trkpt><trkpt lat="-24.243534" lon="-49.339437"><ele>1036.622</ele><time>2022-07-31T20:27:46Z</time></trkpt><trkpt lat="-24.243568" lon="-49.339391"><ele>1037.251</ele><time>2022-07-31T20:27:47Z</time></trkpt><trkpt lat="-24.243596" lon="-49.339346"><ele>1038.222</ele><time>2022-07-31T20:27:48Z</time></trkpt><trkpt lat="-24.243627" lon="-49.339291"><ele>1039.079</ele><time>2022-07-31T20:27:49Z</time></trkpt><trkpt lat="-24.243666" lon="-49.339230"><ele>1038.816</ele><time>2022-07-31T20:27:50Z</time></trkpt><trkpt lat="-24.243697" lon="-49.339173"><ele>1038.583</ele><time>2022-07-31T20:27:51Z</time></trkpt><trkpt lat="-24.243730" lon="-49.339105"><ele>1038.225</ele><time>2022-07-31T20:27:52Z</time></trkpt><trkpt lat="-24.243763" lon="-49.339038"><ele>1037.617</ele><time>2022-07-31T20:27:53Z</time></trkpt><trkpt lat="-24.243795" lon="-49.338968"><ele>1037.609</ele><time>2022-07-31T20:27:54Z</time></trkpt><trkpt lat="-24.243832" lon="-49.338909"><ele>1037.659</ele><time>2022-07-31T20:27:55Z</time></trkpt><trkpt lat="-24.243864" lon="-49.338850"><ele>1036.998</ele><time>2022-07-31T20:27:56Z</time></trkpt><trkpt lat="-24.243897" lon="-49.338796"><ele>1036.987</ele><time>2022-07-31T20:27:57Z</time></trkpt><trkpt lat="-24.243937" lon="-49.338746"><ele>1036.981</ele><time>2022-07-31T20:27:58Z</time></trkpt><trkpt lat="-24.243978" lon="-49.338699"><ele>1017.124</ele><time>2022-07-31T20:27:59Z</time></trkpt><trkpt lat="-24.244016" lon="-49.338642"><ele>1003.413</ele><time>2022-07-31T20:28:00Z</time></trkpt><trkpt lat="-24.244066" lon="-49.338608"><ele>1013.754</ele><time>2022-07-31T20:28:01Z</time></trkpt><trkpt lat="-24.244126" lon="-49.338589"><ele>1017.331</ele><time>2022-07-31T20:28:02Z</time></trkpt><trkpt lat="-24.244187" lon="-49.338583"><ele>1022.288</ele><time>2022-07-31T20:28:03Z</time></trkpt><trkpt lat="-24.244246" lon="-49.338585"><ele>1024.774</ele><time>2022-07-31T20:28:04Z</time></trkpt><trkpt lat="-24.244300" lon="-49.338586"><ele>1025.156</ele><time>2022-07-31T20:28:05Z</time></trkpt><trkpt lat="-24.244357" lon="-49.338605"><ele>1027.321</ele><time>2022-07-31T20:28:06Z</time></trkpt><trkpt lat="-24.244406" lon="-49.338631"><ele>1028.809</ele><time>2022-07-31T20:28:07Z</time></trkpt><trkpt lat="-24.244447" lon="-49.338671"><ele>1029.778</ele><time>2022-07-31T20:28:08Z</time></trkpt><trkpt lat="-24.244483" lon="-49.338732"><ele>1028.017</ele><time>2022-07-31T20:28:09Z</time></trkpt><trkpt lat="-24.244550" lon="-49.338823"><ele>1025.966</ele><time>2022-07-31T20:28:11Z</time></trkpt><trkpt lat="-24.244586" lon="-49.338874"><ele>1025.260</ele><time>2022-07-31T20:28:12Z</time></trkpt><trkpt lat="-24.244613" lon="-49.338918"><ele>1026.683</ele><time>2022-07-31T20:28:13Z</time></trkpt><trkpt lat="-24.244634" lon="-49.338981"><ele>1025.092</ele><time>2022-07-31T20:28:14Z</time></trkpt><trkpt lat="-24.244650" lon="-49.339032"><ele>1024.733</ele><time>2022-07-31T20:28:15Z</time></trkpt><trkpt lat="-24.244660" lon="-49.339086"><ele>1024.470</ele><time>2022-07-31T20:28:16Z</time></trkpt><trkpt lat="-24.244659" lon="-49.339147"><ele>1023.977</ele><time>2022-07-31T20:28:17Z</time></trkpt><trkpt lat="-24.244660" lon="-49.339201"><ele>1022.427</ele><time>2022-07-31T20:28:18Z</time></trkpt><trkpt lat="-24.244680" lon="-49.339288"><ele>1022.368</ele><time>2022-07-31T20:28:20Z</time></trkpt><trkpt lat="-24.244716" lon="-49.339320"><ele>1021.914</ele><time>2022-07-31T20:28:21Z</time></trkpt><trkpt lat="-24.244794" lon="-49.339352"><ele>1018.609</ele><time>2022-07-31T20:28:23Z</time></trkpt><trkpt lat="-24.244866" lon="-49.339368"><ele>1020.513</ele><time>2022-07-31T20:28:25Z</time></trkpt><trkpt lat="-24.244949" lon="-49.339365"><ele>1021.032</ele><time>2022-07-31T20:28:27Z</time></trkpt><trkpt lat="-24.245034" lon="-49.339369"><ele>1019.391</ele><time>2022-07-31T20:28:29Z</time></trkpt><trkpt lat="-24.245081" lon="-49.339365"><ele>1018.425</ele><time>2022-07-31T20:28:30Z</time></trkpt><trkpt lat="-24.245133" lon="-49.339364"><ele>1017.918</ele><time>2022-07-31T20:28:31Z</time></trkpt><trkpt lat="-24.245187" lon="-49.339349"><ele>1017.157</ele><time>2022-07-31T20:28:32Z</time></trkpt><trkpt lat="-24.245241" lon="-49.339341"><ele>1014.758</ele><time>2022-07-31T20:28:33Z</time></trkpt><trkpt lat="-24.245292" lon="-49.339323"><ele>1013.375</ele><time>2022-07-31T20:28:34Z</time></trkpt><trkpt lat="-24.245353" lon="-49.339291"><ele>1012.512</ele><time>2022-07-31T20:28:35Z</time></trkpt><trkpt lat="-24.245418" lon="-49.339257"><ele>1009.887</ele><time>2022-07-31T20:28:36Z</time></trkpt><trkpt lat="-24.245484" lon="-49.339224"><ele>1007.942</ele><time>2022-07-31T20:28:37Z</time></trkpt><trkpt lat="-24.245552" lon="-49.339191"><ele>1008.126</ele><time>2022-07-31T20:28:38Z</time></trkpt><trkpt lat="-24.245626" lon="-49.339175"><ele>1009.109</ele><time>2022-07-31T20:28:39Z</time></trkpt><trkpt lat="-24.245687" lon="-49.339166"><ele>1010.099</ele><time>2022-07-31T20:28:40Z</time></trkpt><trkpt lat="-24.245740" lon="-49.339171"><ele>1011.258</ele><time>2022-07-31T20:28:41Z</time></trkpt><trkpt lat="-24.245787" lon="-49.339194"><ele>1011.797</ele><time>2022-07-31T20:28:42Z</time></trkpt><trkpt lat="-24.245822" lon="-49.339233"><ele>1012.691</ele><time>2022-07-31T20:28:43Z</time></trkpt><trkpt lat="-24.245851" lon="-49.339281"><ele>1012.424</ele><time>2022-07-31T20:28:44Z</time></trkpt><trkpt lat="-24.245868" lon="-49.339332"><ele>1012.663</ele><time>2022-07-31T20:28:45Z</time></trkpt><trkpt lat="-24.245890" lon="-49.339397"><ele>1013.344</ele><time>2022-07-31T20:28:46Z</time></trkpt><trkpt lat="-24.245915" lon="-49.339460"><ele>1012.631</ele><time>2022-07-31T20:28:47Z</time></trkpt><trkpt lat="-24.245911" lon="-49.339527"><ele>1010.988</ele><time>2022-07-31T20:28:48Z</time></trkpt><trkpt lat="-24.245929" lon="-49.339601"><ele>1010.148</ele><time>2022-07-31T20:28:49Z</time></trkpt><trkpt lat="-24.245927" lon="-49.339675"><ele>1007.361</ele><time>2022-07-31T20:28:50Z</time></trkpt><trkpt lat="-24.245917" lon="-49.339743"><ele>1005.417</ele><time>2022-07-31T20:28:51Z</time></trkpt><trkpt lat="-24.245901" lon="-49.339810"><ele>1004.909</ele><time>2022-07-31T20:28:52Z</time></trkpt><trkpt lat="-24.245893" lon="-49.339878"><ele>1003.825</ele><time>2022-07-31T20:28:53Z</time></trkpt><trkpt lat="-24.245893" lon="-49.339951"><ele>1003.444</ele><time>2022-07-31T20:28:54Z</time></trkpt><trkpt lat="-24.245889" lon="-49.340030"><ele>1003.033</ele><time>2022-07-31T20:28:55Z</time></trkpt><trkpt lat="-24.245895" lon="-49.340116"><ele>1002.757</ele><time>2022-07-31T20:28:56Z</time></trkpt><trkpt lat="-24.245888" lon="-49.340194"><ele>1001.050</ele><time>2022-07-31T20:28:57Z</time></trkpt><trkpt lat="-24.245864" lon="-49.340268"><ele>1000.689</ele><time>2022-07-31T20:28:58Z</time></trkpt><trkpt lat="-24.245835" lon="-49.340348"><ele>1000.010</ele><time>2022-07-31T20:28:59Z</time></trkpt><trkpt lat="-24.245780" lon="-49.340430"><ele>997.817</ele><time>2022-07-31T20:29:00Z</time></trkpt><trkpt lat="-24.245724" lon="-49.340522"><ele>996.764</ele><time>2022-07-31T20:29:01Z</time></trkpt><trkpt lat="-24.245677" lon="-49.340607"><ele>996.266</ele><time>2022-07-31T20:29:02Z</time></trkpt><trkpt lat="-24.245638" lon="-49.340686"><ele>994.929</ele><time>2022-07-31T20:29:03Z</time></trkpt><trkpt lat="-24.245611" lon="-49.340754"><ele>993.721</ele><time>2022-07-31T20:29:04Z</time></trkpt><trkpt lat="-24.245592" lon="-49.340819"><ele>992.209</ele><time>2022-07-31T20:29:05Z</time></trkpt><trkpt lat="-24.245587" lon="-49.340887"><ele>989.067</ele><time>2022-07-31T20:29:06Z</time></trkpt><trkpt lat="-24.245599" lon="-49.340955"><ele>986.066</ele><time>2022-07-31T20:29:07Z</time></trkpt><trkpt lat="-24.245590" lon="-49.341018"><ele>985.695</ele><time>2022-07-31T20:29:08Z</time></trkpt><trkpt lat="-24.245594" lon="-49.341079"><ele>985.139</ele><time>2022-07-31T20:29:09Z</time></trkpt><trkpt lat="-24.245600" lon="-49.341134"><ele>984.382</ele><time>2022-07-31T20:29:10Z</time></trkpt><trkpt lat="-24.245604" lon="-49.341191"><ele>983.361</ele><time>2022-07-31T20:29:11Z</time></trkpt><trkpt lat="-24.245613" lon="-49.341240"><ele>980.622</ele><time>2022-07-31T20:29:12Z</time></trkpt><trkpt lat="-24.245637" lon="-49.341319"><ele>979.199</ele><time>2022-07-31T20:29:14Z</time></trkpt><trkpt lat="-24.245691" lon="-49.341382"><ele>981.356</ele><time>2022-07-31T20:29:16Z</time></trkpt><trkpt lat="-24.245770" lon="-49.341420"><ele>981.999</ele><time>2022-07-31T20:29:18Z</time></trkpt><trkpt lat="-24.245853" lon="-49.341466"><ele>980.107</ele><time>2022-07-31T20:29:20Z</time></trkpt><trkpt lat="-24.245900" lon="-49.341470"><ele>980.927</ele><time>2022-07-31T20:29:21Z</time></trkpt><trkpt lat="-24.245953" lon="-49.341475"><ele>981.809</ele><time>2022-07-31T20:29:22Z</time></trkpt><trkpt lat="-24.246017" lon="-49.341477"><ele>983.020</ele><time>2022-07-31T20:29:23Z</time></trkpt><trkpt lat="-24.246075" lon="-49.341479"><ele>983.599</ele><time>2022-07-31T20:29:24Z</time></trkpt><trkpt lat="-24.246135" lon="-49.341488"><ele>983.698</ele><time>2022-07-31T20:29:25Z</time></trkpt><trkpt lat="-24.246192" lon="-49.341495"><ele>983.322</ele><time>2022-07-31T20:29:26Z</time></trkpt><trkpt lat="-24.246257" lon="-49.341511"><ele>979.665</ele><time>2022-07-31T20:29:27Z</time></trkpt><trkpt lat="-24.246326" lon="-49.341517"><ele>978.864</ele><time>2022-07-31T20:29:28Z</time></trkpt><trkpt lat="-24.246380" lon="-49.341518"><ele>978.525</ele><time>2022-07-31T20:29:29Z</time></trkpt><trkpt lat="-24.246442" lon="-49.341505"><ele>976.542</ele><time>2022-07-31T20:29:30Z</time></trkpt><trkpt lat="-24.246493" lon="-49.341492"><ele>976.159</ele><time>2022-07-31T20:29:31Z</time></trkpt><trkpt lat="-24.246539" lon="-49.341485"><ele>975.019</ele><time>2022-07-31T20:29:32Z</time></trkpt><trkpt lat="-24.246598" lon="-49.341493"><ele>974.909</ele><time>2022-07-31T20:29:33Z</time></trkpt><trkpt lat="-24.246646" lon="-49.341507"><ele>972.319</ele><time>2022-07-31T20:29:34Z</time></trkpt><trkpt lat="-24.246703" lon="-49.341516"><ele>971.509</ele><time>2022-07-31T20:29:35Z</time></trkpt><trkpt lat="-24.246754" lon="-49.341526"><ele>971.492</ele><time>2022-07-31T20:29:36Z</time></trkpt><trkpt lat="-24.246802" lon="-49.341540"><ele>971.441</ele><time>2022-07-31T20:29:37Z</time></trkpt><trkpt lat="-24.246850" lon="-49.341565"><ele>970.050</ele><time>2022-07-31T20:29:38Z</time></trkpt><trkpt lat="-24.246893" lon="-49.341600"><ele>968.394</ele><time>2022-07-31T20:29:39Z</time></trkpt><trkpt lat="-24.246930" lon="-49.341636"><ele>967.717</ele><time>2022-07-31T20:29:40Z</time></trkpt><trkpt lat="-24.246971" lon="-49.341676"><ele>966.916</ele><time>2022-07-31T20:29:41Z</time></trkpt><trkpt lat="-24.247024" lon="-49.341711"><ele>966.257</ele><time>2022-07-31T20:29:42Z</time></trkpt><trkpt lat="-24.247086" lon="-49.341741"><ele>966.234</ele><time>2022-07-31T20:29:43Z</time></trkpt><trkpt lat="-24.247142" lon="-49.341767"><ele>962.181</ele><time>2022-07-31T20:29:44Z</time></trkpt><trkpt lat="-24.247203" lon="-49.341805"><ele>961.123</ele><time>2022-07-31T20:29:45Z</time></trkpt><trkpt lat="-24.247257" lon="-49.341839"><ele>959.483</ele><time>2022-07-31T20:29:46Z</time></trkpt><trkpt lat="-24.247311" lon="-49.341878"><ele>958.411</ele><time>2022-07-31T20:29:47Z</time></trkpt><trkpt lat="-24.247358" lon="-49.341905"><ele>957.609</ele><time>2022-07-31T20:29:48Z</time></trkpt><trkpt lat="-24.247411" lon="-49.341921"><ele>957.493</ele><time>2022-07-31T20:29:49Z</time></trkpt><trkpt lat="-24.247475" lon="-49.341945"><ele>957.152</ele><time>2022-07-31T20:29:50Z</time></trkpt><trkpt lat="-24.247527" lon="-49.341954"><ele>955.861</ele><time>2022-07-31T20:29:51Z</time></trkpt><trkpt lat="-24.247598" lon="-49.342006"><ele>954.635</ele><time>2022-07-31T20:29:53Z</time></trkpt><trkpt lat="-24.247643" lon="-49.342074"><ele>953.378</ele><time>2022-07-31T20:29:55Z</time></trkpt><trkpt lat="-24.247645" lon="-49.342138"><ele>952.057</ele><time>2022-07-31T20:29:58Z</time></trkpt><trkpt lat="-24.247601" lon="-49.342164"><ele>950.938</ele><time>2022-07-31T20:30:03Z</time></trkpt><trkpt lat="-24.247634" lon="-49.342208"><ele>948.685</ele><time>2022-07-31T20:30:06Z</time></trkpt><trkpt lat="-24.247668" lon="-49.342105"><ele>952.092</ele><time>2022-07-31T20:30:09Z</time></trkpt><trkpt lat="-24.247675" lon="-49.342031"><ele>952.218</ele><time>2022-07-31T20:30:11Z</time></trkpt><trkpt lat="-24.247665" lon="-49.341982"><ele>953.098</ele><time>2022-07-31T20:30:14Z</time></trkpt><trkpt lat="-24.247681" lon="-49.342029"><ele>950.917</ele><time>2022-07-31T20:30:57Z</time></trkpt><trkpt lat="-24.247644" lon="-49.341989"><ele>946.309</ele><time>2022-07-31T20:31:10Z</time></trkpt><trkpt lat="-24.247600" lon="-49.342000"><ele>943.332</ele><time>2022-07-31T20:31:42Z</time></trkpt><trkpt lat="-24.247613" lon="-49.342081"><ele>943.491</ele><time>2022-07-31T20:31:45Z</time></trkpt><trkpt lat="-24.247614" lon="-49.342172"><ele>942.490</ele><time>2022-07-31T20:31:47Z</time></trkpt><trkpt lat="-24.247591" lon="-49.342216"><ele>942.684</ele><time>2022-07-31T20:31:48Z</time></trkpt><trkpt lat="-24.247532" lon="-49.342288"><ele>942.597</ele><time>2022-07-31T20:31:50Z</time></trkpt><trkpt lat="-24.247482" lon="-49.342316"><ele>942.666</ele><time>2022-07-31T20:31:51Z</time></trkpt><trkpt lat="-24.247445" lon="-49.342355"><ele>942.297</ele><time>2022-07-31T20:31:52Z</time></trkpt><trkpt lat="-24.247403" lon="-49.342396"><ele>942.454</ele><time>2022-07-31T20:31:53Z</time></trkpt><trkpt lat="-24.247373" lon="-49.342437"><ele>942.131</ele><time>2022-07-31T20:31:54Z</time></trkpt><trkpt lat="-24.247329" lon="-49.342474"><ele>941.364</ele><time>2022-07-31T20:31:55Z</time></trkpt><trkpt lat="-24.247299" lon="-49.342514"><ele>942.206</ele><time>2022-07-31T20:31:56Z</time></trkpt><trkpt lat="-24.247271" lon="-49.342598"><ele>942.716</ele><time>2022-07-31T20:31:58Z</time></trkpt><trkpt lat="-24.247254" lon="-49.342678"><ele>942.809</ele><time>2022-07-31T20:32:00Z</time></trkpt><trkpt lat="-24.247242" lon="-49.342765"><ele>943.527</ele><time>2022-07-31T20:32:02Z</time></trkpt><trkpt lat="-24.247215" lon="-49.342817"><ele>943.226</ele><time>2022-07-31T20:32:03Z</time></trkpt><trkpt lat="-24.247227" lon="-49.342897"><ele>948.575</ele><time>2022-07-31T20:32:05Z</time></trkpt><trkpt lat="-24.247233" lon="-49.342966"><ele>948.949</ele><time>2022-07-31T20:32:06Z</time></trkpt><trkpt lat="-24.247232" lon="-49.343027"><ele>949.312</ele><time>2022-07-31T20:32:07Z</time></trkpt><trkpt lat="-24.247231" lon="-49.343088"><ele>949.511</ele><time>2022-07-31T20:32:08Z</time></trkpt><trkpt lat="-24.247264" lon="-49.343172"><ele>951.852</ele><time>2022-07-31T20:32:10Z</time></trkpt><trkpt lat="-24.247320" lon="-49.343243"><ele>951.469</ele><time>2022-07-31T20:32:12Z</time></trkpt><trkpt lat="-24.247416" lon="-49.343272"><ele>952.796</ele><time>2022-07-31T20:32:14Z</time></trkpt><trkpt lat="-24.247507" lon="-49.343282"><ele>950.616</ele><time>2022-07-31T20:32:16Z</time></trkpt><trkpt lat="-24.247557" lon="-49.343282"><ele>949.776</ele><time>2022-07-31T20:32:17Z</time></trkpt><trkpt lat="-24.247616" lon="-49.343274"><ele>948.713</ele><time>2022-07-31T20:32:18Z</time></trkpt><trkpt lat="-24.247673" lon="-49.343258"><ele>945.609</ele><time>2022-07-31T20:32:19Z</time></trkpt><trkpt lat="-24.247736" lon="-49.343242"><ele>945.742</ele><time>2022-07-31T20:32:20Z</time></trkpt><trkpt lat="-24.247800" lon="-49.343236"><ele>943.481</ele><time>2022-07-31T20:32:21Z</time></trkpt><trkpt lat="-24.247865" lon="-49.343235"><ele>942.420</ele><time>2022-07-31T20:32:22Z</time></trkpt><trkpt lat="-24.247925" lon="-49.343231"><ele>941.834</ele><time>2022-07-31T20:32:23Z</time></trkpt><trkpt lat="-24.247989" lon="-49.343216"><ele>939.777</ele><time>2022-07-31T20:32:24Z</time></trkpt><trkpt lat="-24.248047" lon="-49.343204"><ele>939.836</ele><time>2022-07-31T20:32:25Z</time></trkpt><trkpt lat="-24.248109" lon="-49.343193"><ele>939.357</ele><time>2022-07-31T20:32:26Z</time></trkpt><trkpt lat="-24.248179" lon="-49.343172"><ele>936.434</ele><time>2022-07-31T20:32:27Z</time></trkpt><trkpt lat="-24.248239" lon="-49.343148"><ele>934.531</ele><time>2022-07-31T20:32:28Z</time></trkpt><trkpt lat="-24.248298" lon="-49.343117"><ele>934.031</ele><time>2022-07-31T20:32:29Z</time></trkpt><trkpt lat="-24.248347" lon="-49.343064"><ele>932.261</ele><time>2022-07-31T20:32:30Z</time></trkpt><trkpt lat="-24.248397" lon="-49.343010"><ele>931.107</ele><time>2022-07-31T20:32:31Z</time></trkpt><trkpt lat="-24.248444" lon="-49.342961"><ele>930.709</ele><time>2022-07-31T20:32:32Z</time></trkpt><trkpt lat="-24.248495" lon="-49.342917"><ele>930.864</ele><time>2022-07-31T20:32:33Z</time></trkpt><trkpt lat="-24.248538" lon="-49.342882"><ele>931.743</ele><time>2022-07-31T20:32:34Z</time></trkpt><trkpt lat="-24.248584" lon="-49.342850"><ele>931.052</ele><time>2022-07-31T20:32:35Z</time></trkpt><trkpt lat="-24.248628" lon="-49.342823"><ele>931.056</ele><time>2022-07-31T20:32:36Z</time></trkpt><trkpt lat="-24.248669" lon="-49.342800"><ele>927.939</ele><time>2022-07-31T20:32:37Z</time></trkpt><trkpt lat="-24.248717" lon="-49.342788"><ele>927.268</ele><time>2022-07-31T20:32:38Z</time></trkpt><trkpt lat="-24.248774" lon="-49.342783"><ele>927.569</ele><time>2022-07-31T20:32:39Z</time></trkpt><trkpt lat="-24.248849" lon="-49.342763"><ele>925.886</ele><time>2022-07-31T20:32:40Z</time></trkpt><trkpt lat="-24.248941" lon="-49.342739"><ele>924.913</ele><time>2022-07-31T20:32:41Z</time></trkpt><trkpt lat="-24.249033" lon="-49.342728"><ele>923.569</ele><time>2022-07-31T20:32:42Z</time></trkpt><trkpt lat="-24.249116" lon="-49.342707"><ele>923.104</ele><time>2022-07-31T20:32:43Z</time></trkpt><trkpt lat="-24.249193" lon="-49.342677"><ele>923.024</ele><time>2022-07-31T20:32:44Z</time></trkpt><trkpt lat="-24.249260" lon="-49.342640"><ele>924.109</ele><time>2022-07-31T20:32:45Z</time></trkpt><trkpt lat="-24.249325" lon="-49.342596"><ele>924.747</ele><time>2022-07-31T20:32:46Z</time></trkpt><trkpt lat="-24.249382" lon="-49.342547"><ele>925.516</ele><time>2022-07-31T20:32:47Z</time></trkpt><trkpt lat="-24.249449" lon="-49.342497"><ele>925.155</ele><time>2022-07-31T20:32:48Z</time></trkpt><trkpt lat="-24.249513" lon="-49.342447"><ele>925.199</ele><time>2022-07-31T20:32:49Z</time></trkpt><trkpt lat="-24.249563" lon="-49.342410"><ele>924.792</ele><time>2022-07-31T20:32:50Z</time></trkpt><trkpt lat="-24.249627" lon="-49.342372"><ele>921.321</ele><time>2022-07-31T20:32:51Z</time></trkpt><trkpt lat="-24.249698" lon="-49.342335"><ele>919.032</ele><time>2022-07-31T20:32:52Z</time></trkpt><trkpt lat="-24.249767" lon="-49.342284"><ele>914.769</ele><time>2022-07-31T20:32:53Z</time></trkpt><trkpt lat="-24.249835" lon="-49.342282"><ele>917.276</ele><time>2022-07-31T20:32:54Z</time></trkpt><trkpt lat="-24.249890" lon="-49.342279"><ele>916.639</ele><time>2022-07-31T20:32:55Z</time></trkpt><trkpt lat="-24.249946" lon="-49.342305"><ele>917.701</ele><time>2022-07-31T20:32:56Z</time></trkpt><trkpt lat="-24.250031" lon="-49.342352"><ele>914.421</ele><time>2022-07-31T20:32:58Z</time></trkpt><trkpt lat="-24.250055" lon="-49.342397"><ele>912.709</ele><time>2022-07-31T20:32:59Z</time></trkpt><trkpt lat="-24.250090" lon="-49.342450"><ele>913.064</ele><time>2022-07-31T20:33:00Z</time></trkpt><trkpt lat="-24.250142" lon="-49.342506"><ele>913.053</ele><time>2022-07-31T20:33:01Z</time></trkpt><trkpt lat="-24.250193" lon="-49.342575"><ele>913.222</ele><time>2022-07-31T20:33:02Z</time></trkpt><trkpt lat="-24.250256" lon="-49.342641"><ele>911.236</ele><time>2022-07-31T20:33:03Z</time></trkpt><trkpt lat="-24.250323" lon="-49.342684"><ele>910.659</ele><time>2022-07-31T20:33:04Z</time></trkpt><trkpt lat="-24.250392" lon="-49.342716"><ele>909.018</ele><time>2022-07-31T20:33:05Z</time></trkpt><trkpt lat="-24.250449" lon="-49.342731"><ele>908.739</ele><time>2022-07-31T20:33:06Z</time></trkpt><trkpt lat="-24.250510" lon="-49.342732"><ele>907.556</ele><time>2022-07-31T20:33:07Z</time></trkpt><trkpt lat="-24.250567" lon="-49.342729"><ele>907.123</ele><time>2022-07-31T20:33:08Z</time></trkpt><trkpt lat="-24.250630" lon="-49.342722"><ele>906.379</ele><time>2022-07-31T20:33:09Z</time></trkpt><trkpt lat="-24.250689" lon="-49.342721"><ele>905.305</ele><time>2022-07-31T20:33:10Z</time></trkpt><trkpt lat="-24.250761" lon="-49.342710"><ele>901.725</ele><time>2022-07-31T20:33:11Z</time></trkpt><trkpt lat="-24.250823" lon="-49.342701"><ele>901.109</ele><time>2022-07-31T20:33:12Z</time></trkpt><trkpt lat="-24.250888" lon="-49.342688"><ele>900.348</ele><time>2022-07-31T20:33:13Z</time></trkpt><trkpt lat="-24.250943" lon="-49.342688"><ele>898.937</ele><time>2022-07-31T20:33:14Z</time></trkpt><trkpt lat="-24.251002" lon="-49.342682"><ele>896.546</ele><time>2022-07-31T20:33:15Z</time></trkpt><trkpt lat="-24.251053" lon="-49.342684"><ele>894.630</ele><time>2022-07-31T20:33:16Z</time></trkpt><trkpt lat="-24.251108" lon="-49.342680"><ele>893.873</ele><time>2022-07-31T20:33:17Z</time></trkpt><trkpt lat="-24.251159" lon="-49.342675"><ele>893.022</ele><time>2022-07-31T20:33:18Z</time></trkpt><trkpt lat="-24.251215" lon="-49.342676"><ele>892.453</ele><time>2022-07-31T20:33:19Z</time></trkpt><trkpt lat="-24.251263" lon="-49.342673"><ele>890.690</ele><time>2022-07-31T20:33:20Z</time></trkpt><trkpt lat="-24.251315" lon="-49.342682"><ele>889.897</ele><time>2022-07-31T20:33:21Z</time></trkpt><trkpt lat="-24.251362" lon="-49.342682"><ele>889.078</ele><time>2022-07-31T20:33:22Z</time></trkpt><trkpt lat="-24.251449" lon="-49.342678"><ele>889.033</ele><time>2022-07-31T20:33:24Z</time></trkpt><trkpt lat="-24.251506" lon="-49.342666"><ele>888.026</ele><time>2022-07-31T20:33:26Z</time></trkpt><trkpt lat="-24.251541" lon="-49.342703"><ele>884.609</ele><time>2022-07-31T20:34:59Z</time></trkpt><trkpt lat="-24.251503" lon="-49.342734"><ele>884.988</ele><time>2022-07-31T20:35:35Z</time></trkpt><trkpt lat="-24.251532" lon="-49.342695"><ele>883.177</ele><time>2022-07-31T20:36:24Z</time></trkpt><trkpt lat="-24.251586" lon="-49.342675"><ele>880.416</ele><time>2022-07-31T20:36:44Z</time></trkpt><trkpt lat="-24.251616" lon="-49.342635"><ele>880.230</ele><time>2022-07-31T20:36:45Z</time></trkpt><trkpt lat="-24.251682" lon="-49.342555"><ele>880.623</ele><time>2022-07-31T20:36:47Z</time></trkpt><trkpt lat="-24.251705" lon="-49.342503"><ele>880.932</ele><time>2022-07-31T20:36:48Z</time></trkpt><trkpt lat="-24.251719" lon="-49.342450"><ele>881.823</ele><time>2022-07-31T20:36:49Z</time></trkpt><trkpt lat="-24.251733" lon="-49.342388"><ele>882.460</ele><time>2022-07-31T20:36:50Z</time></trkpt><trkpt lat="-24.251757" lon="-49.342342"><ele>881.497</ele><time>2022-07-31T20:36:51Z</time></trkpt><trkpt lat="-24.251771" lon="-49.342288"><ele>882.116</ele><time>2022-07-31T20:36:52Z</time></trkpt><trkpt lat="-24.251795" lon="-49.342225"><ele>881.576</ele><time>2022-07-31T20:36:53Z</time></trkpt><trkpt lat="-24.251824" lon="-49.342172"><ele>881.513</ele><time>2022-07-31T20:36:54Z</time></trkpt><trkpt lat="-24.251846" lon="-49.342119"><ele>881.809</ele><time>2022-07-31T20:36:55Z</time></trkpt><trkpt lat="-24.251865" lon="-49.342052"><ele>878.812</ele><time>2022-07-31T20:36:56Z</time></trkpt><trkpt lat="-24.251878" lon="-49.342003"><ele>878.591</ele><time>2022-07-31T20:36:57Z</time></trkpt><trkpt lat="-24.251873" lon="-49.341916"><ele>874.080</ele><time>2022-07-31T20:36:59Z</time></trkpt><trkpt lat="-24.251844" lon="-49.341835"><ele>874.254</ele><time>2022-07-31T20:37:01Z</time></trkpt><trkpt lat="-24.251826" lon="-49.341787"><ele>873.977</ele><time>2022-07-31T20:37:02Z</time></trkpt><trkpt lat="-24.251821" lon="-49.341691"><ele>873.236</ele><time>2022-07-31T20:37:04Z</time></trkpt><trkpt lat="-24.251875" lon="-49.341617"><ele>873.527</ele><time>2022-07-31T20:37:06Z</time></trkpt><trkpt lat="-24.251901" lon="-49.341566"><ele>872.694</ele><time>2022-07-31T20:37:07Z</time></trkpt><trkpt lat="-24.251927" lon="-49.341512"><ele>872.581</ele><time>2022-07-31T20:37:08Z</time></trkpt><trkpt lat="-24.251962" lon="-49.341468"><ele>871.918</ele><time>2022-07-31T20:37:09Z</time></trkpt><trkpt lat="-24.251999" lon="-49.341429"><ele>871.498</ele><time>2022-07-31T20:37:10Z</time></trkpt><trkpt lat="-24.252006" lon="-49.341372"><ele>871.517</ele><time>2022-07-31T20:37:11Z</time></trkpt><trkpt lat="-24.252023" lon="-49.341316"><ele>871.209</ele><time>2022-07-31T20:37:12Z</time></trkpt><trkpt lat="-24.252039" lon="-49.341243"><ele>871.722</ele><time>2022-07-31T20:37:13Z</time></trkpt><trkpt lat="-24.252053" lon="-49.341184"><ele>869.621</ele><time>2022-07-31T20:37:14Z</time></trkpt><trkpt lat="-24.252034" lon="-49.341122"><ele>869.070</ele><time>2022-07-31T20:37:15Z</time></trkpt><trkpt lat="-24.251996" lon="-49.341060"><ele>868.624</ele><time>2022-07-31T20:37:16Z</time></trkpt><trkpt lat="-24.251957" lon="-49.341007"><ele>867.667</ele><time>2022-07-31T20:37:17Z</time></trkpt><trkpt lat="-24.251908" lon="-49.340955"><ele>867.256</ele><time>2022-07-31T20:37:18Z</time></trkpt><trkpt lat="-24.251843" lon="-49.340886"><ele>866.927</ele><time>2022-07-31T20:37:19Z</time></trkpt><trkpt lat="-24.251759" lon="-49.340830"><ele>868.584</ele><time>2022-07-31T20:37:20Z</time></trkpt><trkpt lat="-24.251715" lon="-49.340763"><ele>869.691</ele><time>2022-07-31T20:37:21Z</time></trkpt><trkpt lat="-24.251676" lon="-49.340697"><ele>866.885</ele><time>2022-07-31T20:37:22Z</time></trkpt><trkpt lat="-24.251643" lon="-49.340631"><ele>866.689</ele><time>2022-07-31T20:37:23Z</time></trkpt><trkpt lat="-24.251614" lon="-49.340564"><ele>866.417</ele><time>2022-07-31T20:37:24Z</time></trkpt><trkpt lat="-24.251600" lon="-49.340494"><ele>866.409</ele><time>2022-07-31T20:37:25Z</time></trkpt><trkpt lat="-24.251568" lon="-49.340427"><ele>864.489</ele><time>2022-07-31T20:37:26Z</time></trkpt><trkpt lat="-24.251552" lon="-49.340360"><ele>864.488</ele><time>2022-07-31T20:37:27Z</time></trkpt><trkpt lat="-24.251545" lon="-49.340279"><ele>857.847</ele><time>2022-07-31T20:37:28Z</time></trkpt><trkpt lat="-24.251553" lon="-49.340227"><ele>857.721</ele><time>2022-07-31T20:37:29Z</time></trkpt><trkpt lat="-24.251599" lon="-49.340193"><ele>857.234</ele><time>2022-07-31T20:37:30Z</time></trkpt><trkpt lat="-24.251584" lon="-49.340132"><ele>850.563</ele><time>2022-07-31T20:37:31Z</time></trkpt><trkpt lat="-24.251575" lon="-49.340067"><ele>850.454</ele><time>2022-07-31T20:37:32Z</time></trkpt><trkpt lat="-24.251565" lon="-49.340014"><ele>849.931</ele><time>2022-07-31T20:37:33Z</time></trkpt><trkpt lat="-24.251558" lon="-49.339957"><ele>850.468</ele><time>2022-07-31T20:37:34Z</time></trkpt><trkpt lat="-24.251552" lon="-49.339891"><ele>850.268</ele><time>2022-07-31T20:37:35Z</time></trkpt><trkpt lat="-24.251548" lon="-49.339836"><ele>850.142</ele><time>2022-07-31T20:37:36Z</time></trkpt><trkpt lat="-24.251518" lon="-49.339753"><ele>846.326</ele><time>2022-07-31T20:37:37Z</time></trkpt><trkpt lat="-24.251474" lon="-49.339677"><ele>847.909</ele><time>2022-07-31T20:37:38Z</time></trkpt><trkpt lat="-24.251459" lon="-49.339595"><ele>843.027</ele><time>2022-07-31T20:37:39Z</time></trkpt><trkpt lat="-24.251413" lon="-49.339524"><ele>841.756</ele><time>2022-07-31T20:37:40Z</time></trkpt><trkpt lat="-24.251378" lon="-49.339465"><ele>844.645</ele><time>2022-07-31T20:37:41Z</time></trkpt><trkpt lat="-24.251366" lon="-49.339397"><ele>842.999</ele><time>2022-07-31T20:37:42Z</time></trkpt><trkpt lat="-24.251383" lon="-49.339346"><ele>848.172</ele><time>2022-07-31T20:37:44Z</time></trkpt><trkpt lat="-24.251349" lon="-49.339267"><ele>845.241</ele><time>2022-07-31T20:37:45Z</time></trkpt><trkpt lat="-24.251315" lon="-49.339199"><ele>844.312</ele><time>2022-07-31T20:37:46Z</time></trkpt><trkpt lat="-24.251287" lon="-49.339136"><ele>844.339</ele><time>2022-07-31T20:37:47Z</time></trkpt><trkpt lat="-24.251266" lon="-49.339062"><ele>839.216</ele><time>2022-07-31T20:37:48Z</time></trkpt><trkpt lat="-24.251222" lon="-49.338976"><ele>839.875</ele><time>2022-07-31T20:37:49Z</time></trkpt><trkpt lat="-24.251238" lon="-49.338908"><ele>838.628</ele><time>2022-07-31T20:37:50Z</time></trkpt><trkpt lat="-24.251240" lon="-49.338833"><ele>838.020</ele><time>2022-07-31T20:37:51Z</time></trkpt><trkpt lat="-24.251250" lon="-49.338758"><ele>837.309</ele><time>2022-07-31T20:37:52Z</time></trkpt><trkpt lat="-24.251262" lon="-49.338680"><ele>836.118</ele><time>2022-07-31T20:37:53Z</time></trkpt><trkpt lat="-24.251287" lon="-49.338611"><ele>834.837</ele><time>2022-07-31T20:37:54Z</time></trkpt><trkpt lat="-24.251310" lon="-49.338546"><ele>836.346</ele><time>2022-07-31T20:37:55Z</time></trkpt><trkpt lat="-24.251330" lon="-49.338476"><ele>835.910</ele><time>2022-07-31T20:37:56Z</time></trkpt><trkpt lat="-24.251336" lon="-49.338406"><ele>835.723</ele><time>2022-07-31T20:37:57Z</time></trkpt><trkpt lat="-24.251353" lon="-49.338340"><ele>835.842</ele><time>2022-07-31T20:37:58Z</time></trkpt><trkpt lat="-24.251383" lon="-49.338276"><ele>835.973</ele><time>2022-07-31T20:37:59Z</time></trkpt><trkpt lat="-24.251395" lon="-49.338216"><ele>835.660</ele><time>2022-07-31T20:38:00Z</time></trkpt><trkpt lat="-24.251413" lon="-49.338152"><ele>833.657</ele><time>2022-07-31T20:38:01Z</time></trkpt><trkpt lat="-24.251426" lon="-49.338103"><ele>833.372</ele><time>2022-07-31T20:38:02Z</time></trkpt><trkpt lat="-24.251427" lon="-49.338040"><ele>832.713</ele><time>2022-07-31T20:38:03Z</time></trkpt><trkpt lat="-24.251436" lon="-49.337969"><ele>831.414</ele><time>2022-07-31T20:38:04Z</time></trkpt><trkpt lat="-24.251441" lon="-49.337903"><ele>830.409</ele><time>2022-07-31T20:38:05Z</time></trkpt><trkpt lat="-24.251431" lon="-49.337825"><ele>830.388</ele><time>2022-07-31T20:38:06Z</time></trkpt><trkpt lat="-24.251417" lon="-49.337753"><ele>830.027</ele><time>2022-07-31T20:38:07Z</time></trkpt><trkpt lat="-24.251405" lon="-49.337680"><ele>830.546</ele><time>2022-07-31T20:38:08Z</time></trkpt><trkpt lat="-24.251391" lon="-49.337604"><ele>830.290</ele><time>2022-07-31T20:38:09Z</time></trkpt><trkpt lat="-24.251372" lon="-49.337507"><ele>829.933</ele><time>2022-07-31T20:38:10Z</time></trkpt><trkpt lat="-24.251399" lon="-49.337438"><ele>828.872</ele><time>2022-07-31T20:38:11Z</time></trkpt><trkpt lat="-24.251418" lon="-49.337349"><ele>827.683</ele><time>2022-07-31T20:38:12Z</time></trkpt><trkpt lat="-24.251434" lon="-49.337286"><ele>828.170</ele><time>2022-07-31T20:38:13Z</time></trkpt><trkpt lat="-24.251401" lon="-49.337199"><ele>829.427</ele><time>2022-07-31T20:38:14Z</time></trkpt><trkpt lat="-24.251413" lon="-49.337100"><ele>828.014</ele><time>2022-07-31T20:38:15Z</time></trkpt><trkpt lat="-24.251439" lon="-49.337027"><ele>827.854</ele><time>2022-07-31T20:38:16Z</time></trkpt><trkpt lat="-24.251474" lon="-49.336930"><ele>825.109</ele><time>2022-07-31T20:38:17Z</time></trkpt><trkpt lat="-24.251478" lon="-49.336848"><ele>828.809</ele><time>2022-07-31T20:38:18Z</time></trkpt><trkpt lat="-24.251489" lon="-49.336778"><ele>827.772</ele><time>2022-07-31T20:38:19Z</time></trkpt><trkpt lat="-24.251497" lon="-49.336701"><ele>827.251</ele><time>2022-07-31T20:38:20Z</time></trkpt><trkpt lat="-24.251534" lon="-49.336615"><ele>825.870</ele><time>2022-07-31T20:38:21Z</time></trkpt><trkpt lat="-24.251552" lon="-49.336545"><ele>827.284</ele><time>2022-07-31T20:38:22Z</time></trkpt><trkpt lat="-24.251577" lon="-49.336458"><ele>827.057</ele><time>2022-07-31T20:38:23Z</time></trkpt><trkpt lat="-24.251606" lon="-49.336380"><ele>820.726</ele><time>2022-07-31T20:38:24Z</time></trkpt><trkpt lat="-24.251609" lon="-49.336300"><ele>819.397</ele><time>2022-07-31T20:38:25Z</time></trkpt><trkpt lat="-24.251615" lon="-49.336217"><ele>822.084</ele><time>2022-07-31T20:38:26Z</time></trkpt><trkpt lat="-24.251630" lon="-49.336138"><ele>824.731</ele><time>2022-07-31T20:38:27Z</time></trkpt><trkpt lat="-24.251639" lon="-49.336058"><ele>824.527</ele><time>2022-07-31T20:38:28Z</time></trkpt><trkpt lat="-24.251647" lon="-49.335988"><ele>824.768</ele><time>2022-07-31T20:38:29Z</time></trkpt><trkpt lat="-24.251660" lon="-49.335914"><ele>824.814</ele><time>2022-07-31T20:38:30Z</time></trkpt><trkpt lat="-24.251672" lon="-49.335850"><ele>829.309</ele><time>2022-07-31T20:38:31Z</time></trkpt><trkpt lat="-24.251726" lon="-49.335789"><ele>826.883</ele><time>2022-07-31T20:38:32Z</time></trkpt><trkpt lat="-24.251736" lon="-49.335719"><ele>826.392</ele><time>2022-07-31T20:38:33Z</time></trkpt><trkpt lat="-24.251735" lon="-49.335637"><ele>823.771</ele><time>2022-07-31T20:38:34Z</time></trkpt><trkpt lat="-24.251753" lon="-49.335559"><ele>823.135</ele><time>2022-07-31T20:38:35Z</time></trkpt><trkpt lat="-24.251779" lon="-49.335482"><ele>822.178</ele><time>2022-07-31T20:38:36Z</time></trkpt><trkpt lat="-24.251800" lon="-49.335403"><ele>817.367</ele><time>2022-07-31T20:38:37Z</time></trkpt><trkpt lat="-24.251815" lon="-49.335325"><ele>817.628</ele><time>2022-07-31T20:38:38Z</time></trkpt><trkpt lat="-24.251833" lon="-49.335256"><ele>817.685</ele><time>2022-07-31T20:38:39Z</time></trkpt><trkpt lat="-24.251847" lon="-49.335187"><ele>817.272</ele><time>2022-07-31T20:38:40Z</time></trkpt><trkpt lat="-24.251855" lon="-49.335116"><ele>817.565</ele><time>2022-07-31T20:38:41Z</time></trkpt><trkpt lat="-24.251862" lon="-49.335045"><ele>817.568</ele><time>2022-07-31T20:38:42Z</time></trkpt><trkpt lat="-24.251875" lon="-49.334966"><ele>816.914</ele><time>2022-07-31T20:38:43Z</time></trkpt><trkpt lat="-24.251875" lon="-49.334898"><ele>816.809</ele><time>2022-07-31T20:38:44Z</time></trkpt><trkpt lat="-24.251883" lon="-49.334831"><ele>816.947</ele><time>2022-07-31T20:38:45Z</time></trkpt><trkpt lat="-24.251882" lon="-49.334759"><ele>817.786</ele><time>2022-07-31T20:38:46Z</time></trkpt><trkpt lat="-24.251873" lon="-49.334690"><ele>818.345</ele><time>2022-07-31T20:38:47Z</time></trkpt><trkpt lat="-24.251866" lon="-49.334611"><ele>817.759</ele><time>2022-07-31T20:38:48Z</time></trkpt><trkpt lat="-24.251862" lon="-49.334559"><ele>816.142</ele><time>2022-07-31T20:38:49Z</time></trkpt><trkpt lat="-24.251852" lon="-49.334486"><ele>815.061</ele><time>2022-07-31T20:38:50Z</time></trkpt><trkpt lat="-24.251816" lon="-49.334421"><ele>814.342</ele><time>2022-07-31T20:38:51Z</time></trkpt><trkpt lat="-24.251779" lon="-49.334361"><ele>814.039</ele><time>2022-07-31T20:38:52Z</time></trkpt><trkpt lat="-24.251745" lon="-49.334306"><ele>813.146</ele><time>2022-07-31T20:38:53Z</time></trkpt><trkpt lat="-24.251673" lon="-49.334241"><ele>817.458</ele><time>2022-07-31T20:38:54Z</time></trkpt><trkpt lat="-24.251620" lon="-49.334188"><ele>823.352</ele><time>2022-07-31T20:38:55Z</time></trkpt><trkpt lat="-24.251585" lon="-49.334112"><ele>821.217</ele><time>2022-07-31T20:38:56Z</time></trkpt><trkpt lat="-24.251556" lon="-49.334048"><ele>820.609</ele><time>2022-07-31T20:38:57Z</time></trkpt><trkpt lat="-24.251540" lon="-49.333976"><ele>819.676</ele><time>2022-07-31T20:38:58Z</time></trkpt><trkpt lat="-24.251539" lon="-49.333899"><ele>820.055</ele><time>2022-07-31T20:38:59Z</time></trkpt><trkpt lat="-24.251538" lon="-49.333826"><ele>821.764</ele><time>2022-07-31T20:39:00Z</time></trkpt><trkpt lat="-24.251547" lon="-49.333752"><ele>819.918</ele><time>2022-07-31T20:39:01Z</time></trkpt><trkpt lat="-24.251549" lon="-49.333684"><ele>819.751</ele><time>2022-07-31T20:39:02Z</time></trkpt><trkpt lat="-24.251553" lon="-49.333612"><ele>819.730</ele><time>2022-07-31T20:39:03Z</time></trkpt><trkpt lat="-24.251616" lon="-49.333560"><ele>820.431</ele><time>2022-07-31T20:39:04Z</time></trkpt><trkpt lat="-24.251639" lon="-49.333492"><ele>820.548</ele><time>2022-07-31T20:39:05Z</time></trkpt><trkpt lat="-24.251633" lon="-49.333424"><ele>820.215</ele><time>2022-07-31T20:39:06Z</time></trkpt><trkpt lat="-24.251633" lon="-49.333366"><ele>818.542</ele><time>2022-07-31T20:39:07Z</time></trkpt><trkpt lat="-24.251601" lon="-49.333269"><ele>820.022</ele><time>2022-07-31T20:39:09Z</time></trkpt><trkpt lat="-24.251568" lon="-49.333221"><ele>821.114</ele><time>2022-07-31T20:39:10Z</time></trkpt><trkpt lat="-24.251535" lon="-49.333157"><ele>820.409</ele><time>2022-07-31T20:39:11Z</time></trkpt><trkpt lat="-24.251511" lon="-49.333094"><ele>820.145</ele><time>2022-07-31T20:39:12Z</time></trkpt><trkpt lat="-24.251490" lon="-49.333018"><ele>816.544</ele><time>2022-07-31T20:39:13Z</time></trkpt><trkpt lat="-24.251489" lon="-49.332951"><ele>816.323</ele><time>2022-07-31T20:39:14Z</time></trkpt><trkpt lat="-24.251474" lon="-49.332898"><ele>815.797</ele><time>2022-07-31T20:39:15Z</time></trkpt><trkpt lat="-24.251487" lon="-49.332834"><ele>816.130</ele><time>2022-07-31T20:39:16Z</time></trkpt><trkpt lat="-24.251467" lon="-49.332751"><ele>815.259</ele><time>2022-07-31T20:39:17Z</time></trkpt><trkpt lat="-24.251442" lon="-49.332681"><ele>815.860</ele><time>2022-07-31T20:39:18Z</time></trkpt><trkpt lat="-24.251410" lon="-49.332614"><ele>817.237</ele><time>2022-07-31T20:39:19Z</time></trkpt><trkpt lat="-24.251372" lon="-49.332549"><ele>816.244</ele><time>2022-07-31T20:39:20Z</time></trkpt><trkpt lat="-24.251326" lon="-49.332512"><ele>818.684</ele><time>2022-07-31T20:39:21Z</time></trkpt><trkpt lat="-24.251276" lon="-49.332446"><ele>818.907</ele><time>2022-07-31T20:39:22Z</time></trkpt><trkpt lat="-24.251215" lon="-49.332420"><ele>819.117</ele><time>2022-07-31T20:39:23Z</time></trkpt><trkpt lat="-24.251154" lon="-49.332390"><ele>818.709</ele><time>2022-07-31T20:39:24Z</time></trkpt><trkpt lat="-24.251070" lon="-49.332377"><ele>816.999</ele><time>2022-07-31T20:39:25Z</time></trkpt><trkpt lat="-24.251007" lon="-49.332339"><ele>815.328</ele><time>2022-07-31T20:39:26Z</time></trkpt><trkpt lat="-24.250948" lon="-49.332310"><ele>817.037</ele><time>2022-07-31T20:39:27Z</time></trkpt><trkpt lat="-24.250886" lon="-49.332273"><ele>815.911</ele><time>2022-07-31T20:39:28Z</time></trkpt><trkpt lat="-24.250818" lon="-49.332242"><ele>813.744</ele><time>2022-07-31T20:39:29Z</time></trkpt><trkpt lat="-24.250751" lon="-49.332202"><ele>813.943</ele><time>2022-07-31T20:39:30Z</time></trkpt><trkpt lat="-24.250689" lon="-49.332162"><ele>814.024</ele><time>2022-07-31T20:39:31Z</time></trkpt><trkpt lat="-24.250618" lon="-49.332105"><ele>812.891</ele><time>2022-07-31T20:39:32Z</time></trkpt><trkpt lat="-24.250553" lon="-49.332060"><ele>811.838</ele><time>2022-07-31T20:39:33Z</time></trkpt><trkpt lat="-24.250483" lon="-49.332010"><ele>811.646</ele><time>2022-07-31T20:39:34Z</time></trkpt><trkpt lat="-24.250417" lon="-49.331964"><ele>811.088</ele><time>2022-07-31T20:39:35Z</time></trkpt><trkpt lat="-24.250374" lon="-49.331912"><ele>809.816</ele><time>2022-07-31T20:39:36Z</time></trkpt><trkpt lat="-24.250285" lon="-49.331853"><ele>810.109</ele><time>2022-07-31T20:39:38Z</time></trkpt><trkpt lat="-24.250216" lon="-49.331833"><ele>811.085</ele><time>2022-07-31T20:39:39Z</time></trkpt><trkpt lat="-24.250159" lon="-49.331792"><ele>810.714</ele><time>2022-07-31T20:39:40Z</time></trkpt><trkpt lat="-24.250100" lon="-49.331751"><ele>811.433</ele><time>2022-07-31T20:39:41Z</time></trkpt><trkpt lat="-24.250040" lon="-49.331700"><ele>811.867</ele><time>2022-07-31T20:39:42Z</time></trkpt><trkpt lat="-24.249970" lon="-49.331670"><ele>813.390</ele><time>2022-07-31T20:39:43Z</time></trkpt><trkpt lat="-24.249912" lon="-49.331626"><ele>812.329</ele><time>2022-07-31T20:39:44Z</time></trkpt><trkpt lat="-24.249854" lon="-49.331572"><ele>811.630</ele><time>2022-07-31T20:39:45Z</time></trkpt><trkpt lat="-24.249787" lon="-49.331535"><ele>812.587</ele><time>2022-07-31T20:39:46Z</time></trkpt><trkpt lat="-24.249718" lon="-49.331496"><ele>812.014</ele><time>2022-07-31T20:39:47Z</time></trkpt><trkpt lat="-24.249676" lon="-49.331442"><ele>809.421</ele><time>2022-07-31T20:39:48Z</time></trkpt><trkpt lat="-24.249617" lon="-49.331385"><ele>808.241</ele><time>2022-07-31T20:39:49Z</time></trkpt><trkpt lat="-24.249569" lon="-49.331325"><ele>807.805</ele><time>2022-07-31T20:39:50Z</time></trkpt><trkpt lat="-24.249535" lon="-49.331263"><ele>807.709</ele><time>2022-07-31T20:39:51Z</time></trkpt><trkpt lat="-24.249465" lon="-49.331211"><ele>810.083</ele><time>2022-07-31T20:39:52Z</time></trkpt><trkpt lat="-24.249411" lon="-49.331135"><ele>808.912</ele><time>2022-07-31T20:39:53Z</time></trkpt><trkpt lat="-24.249387" lon="-49.331060"><ele>809.181</ele><time>2022-07-31T20:39:54Z</time></trkpt><trkpt lat="-24.249343" lon="-49.330978"><ele>808.645</ele><time>2022-07-31T20:39:55Z</time></trkpt><trkpt lat="-24.249315" lon="-49.330903"><ele>809.088</ele><time>2022-07-31T20:39:56Z</time></trkpt><trkpt lat="-24.249289" lon="-49.330813"><ele>808.667</ele><time>2022-07-31T20:39:57Z</time></trkpt><trkpt lat="-24.249248" lon="-49.330726"><ele>808.448</ele><time>2022-07-31T20:39:58Z</time></trkpt><trkpt lat="-24.249228" lon="-49.330648"><ele>806.855</ele><time>2022-07-31T20:39:59Z</time></trkpt><trkpt lat="-24.249198" lon="-49.330566"><ele>809.222</ele><time>2022-07-31T20:40:00Z</time></trkpt><trkpt lat="-24.249188" lon="-49.330488"><ele>809.314</ele><time>2022-07-31T20:40:01Z</time></trkpt><trkpt lat="-24.249186" lon="-49.330419"><ele>808.154</ele><time>2022-07-31T20:40:02Z</time></trkpt><trkpt lat="-24.249193" lon="-49.330334"><ele>805.809</ele><time>2022-07-31T20:40:03Z</time></trkpt><trkpt lat="-24.249196" lon="-49.330263"><ele>804.509</ele><time>2022-07-31T20:40:04Z</time></trkpt><trkpt lat="-24.249227" lon="-49.330164"><ele>805.492</ele><time>2022-07-31T20:40:06Z</time></trkpt><trkpt lat="-24.249244" lon="-49.330116"><ele>805.681</ele><time>2022-07-31T20:40:07Z</time></trkpt><trkpt lat="-24.249230" lon="-49.330067"><ele>805.820</ele><time>2022-07-31T20:40:10Z</time></trkpt><trkpt lat="-24.249203" lon="-49.330021"><ele>809.524</ele><time>2022-07-31T20:40:12Z</time></trkpt><trkpt lat="-24.249256" lon="-49.330009"><ele>810.827</ele><time>2022-07-31T20:40:53Z</time></trkpt><trkpt lat="-24.249205" lon="-49.329957"><ele>806.956</ele><time>2022-07-31T20:41:46Z</time></trkpt><trkpt lat="-24.249161" lon="-49.329898"><ele>806.137</ele><time>2022-07-31T20:41:47Z</time></trkpt><trkpt lat="-24.249123" lon="-49.329838"><ele>806.024</ele><time>2022-07-31T20:41:48Z</time></trkpt><trkpt lat="-24.249110" lon="-49.329789"><ele>807.331</ele><time>2022-07-31T20:41:49Z</time></trkpt><trkpt lat="-24.249083" lon="-49.329749"><ele>804.758</ele><time>2022-07-31T20:41:50Z</time></trkpt><trkpt lat="-24.249039" lon="-49.329698"><ele>805.752</ele><time>2022-07-31T20:41:51Z</time></trkpt><trkpt lat="-24.249011" lon="-49.329636"><ele>804.917</ele><time>2022-07-31T20:41:52Z</time></trkpt><trkpt lat="-24.248974" lon="-49.329583"><ele>805.409</ele><time>2022-07-31T20:41:53Z</time></trkpt><trkpt lat="-24.248939" lon="-49.329518"><ele>806.296</ele><time>2022-07-31T20:41:54Z</time></trkpt><trkpt lat="-24.248894" lon="-49.329454"><ele>806.125</ele><time>2022-07-31T20:41:56Z</time></trkpt><trkpt lat="-24.248882" lon="-49.329370"><ele>817.294</ele><time>2022-07-31T20:42:17Z</time></trkpt><trkpt lat="-24.248864" lon="-49.329314"><ele>816.968</ele><time>2022-07-31T20:42:18Z</time></trkpt><trkpt lat="-24.248822" lon="-49.329269"><ele>817.361</ele><time>2022-07-31T20:42:19Z</time></trkpt><trkpt lat="-24.248801" lon="-49.329217"><ele>818.290</ele><time>2022-07-31T20:42:20Z</time></trkpt><trkpt lat="-24.248758" lon="-49.329163"><ele>818.691</ele><time>2022-07-31T20:42:21Z</time></trkpt><trkpt lat="-24.248722" lon="-49.329105"><ele>819.368</ele><time>2022-07-31T20:42:22Z</time></trkpt><trkpt lat="-24.248689" lon="-49.329054"><ele>818.675</ele><time>2022-07-31T20:42:23Z</time></trkpt><trkpt lat="-24.248661" lon="-49.328999"><ele>818.135</ele><time>2022-07-31T20:42:24Z</time></trkpt><trkpt lat="-24.248602" lon="-49.328924"><ele>821.686</ele><time>2022-07-31T20:42:26Z</time></trkpt><trkpt lat="-24.248541" lon="-49.328867"><ele>822.014</ele><time>2022-07-31T20:42:27Z</time></trkpt><trkpt lat="-24.248485" lon="-49.328827"><ele>823.709</ele><time>2022-07-31T20:42:28Z</time></trkpt><trkpt lat="-24.248410" lon="-49.328766"><ele>823.734</ele><time>2022-07-31T20:42:29Z</time></trkpt><trkpt lat="-24.248351" lon="-49.328710"><ele>822.543</ele><time>2022-07-31T20:42:30Z</time></trkpt><trkpt lat="-24.248297" lon="-49.328669"><ele>822.592</ele><time>2022-07-31T20:42:31Z</time></trkpt><trkpt lat="-24.248234" lon="-49.328625"><ele>823.346</ele><time>2022-07-31T20:42:32Z</time></trkpt><trkpt lat="-24.248167" lon="-49.328578"><ele>822.329</ele><time>2022-07-31T20:42:33Z</time></trkpt><trkpt lat="-24.248122" lon="-49.328531"><ele>823.698</ele><time>2022-07-31T20:42:34Z</time></trkpt><trkpt lat="-24.248063" lon="-49.328499"><ele>825.539</ele><time>2022-07-31T20:42:35Z</time></trkpt><trkpt lat="-24.248020" lon="-49.328460"><ele>827.926</ele><time>2022-07-31T20:42:36Z</time></trkpt><trkpt lat="-24.247965" lon="-49.328429"><ele>828.893</ele><time>2022-07-31T20:42:37Z</time></trkpt><trkpt lat="-24.247894" lon="-49.328372"><ele>827.442</ele><time>2022-07-31T20:42:38Z</time></trkpt><trkpt lat="-24.247819" lon="-49.328312"><ele>826.022</ele><time>2022-07-31T20:42:39Z</time></trkpt><trkpt lat="-24.247739" lon="-49.328270"><ele>826.214</ele><time>2022-07-31T20:42:40Z</time></trkpt><trkpt lat="-24.247663" lon="-49.328196"><ele>826.709</ele><time>2022-07-31T20:42:41Z</time></trkpt><trkpt lat="-24.247613" lon="-49.328161"><ele>830.055</ele><time>2022-07-31T20:42:42Z</time></trkpt><trkpt lat="-24.247546" lon="-49.328123"><ele>829.094</ele><time>2022-07-31T20:42:43Z</time></trkpt><trkpt lat="-24.247493" lon="-49.328102"><ele>832.233</ele><time>2022-07-31T20:42:44Z</time></trkpt><trkpt lat="-24.247423" lon="-49.328060"><ele>831.387</ele><time>2022-07-31T20:42:45Z</time></trkpt><trkpt lat="-24.247355" lon="-49.328009"><ele>832.040</ele><time>2022-07-31T20:42:46Z</time></trkpt><trkpt lat="-24.247277" lon="-49.327947"><ele>832.499</ele><time>2022-07-31T20:42:47Z</time></trkpt><trkpt lat="-24.247201" lon="-49.327889"><ele>833.320</ele><time>2022-07-31T20:42:48Z</time></trkpt><trkpt lat="-24.247112" lon="-49.327861"><ele>832.097</ele><time>2022-07-31T20:42:49Z</time></trkpt><trkpt lat="-24.247062" lon="-49.327820"><ele>831.754</ele><time>2022-07-31T20:42:50Z</time></trkpt><trkpt lat="-24.247015" lon="-49.327773"><ele>829.023</ele><time>2022-07-31T20:42:51Z</time></trkpt><trkpt lat="-24.246962" lon="-49.327728"><ele>829.483</ele><time>2022-07-31T20:42:52Z</time></trkpt><trkpt lat="-24.246938" lon="-49.327673"><ele>829.611</ele><time>2022-07-31T20:42:53Z</time></trkpt><trkpt lat="-24.246908" lon="-49.327606"><ele>831.309</ele><time>2022-07-31T20:42:54Z</time></trkpt><trkpt lat="-24.246875" lon="-49.327523"><ele>831.493</ele><time>2022-07-31T20:42:55Z</time></trkpt><trkpt lat="-24.246856" lon="-49.327474"><ele>834.472</ele><time>2022-07-31T20:42:56Z</time></trkpt><trkpt lat="-24.246839" lon="-49.327414"><ele>835.841</ele><time>2022-07-31T20:42:57Z</time></trkpt><trkpt lat="-24.246817" lon="-49.327359"><ele>837.775</ele><time>2022-07-31T20:42:58Z</time></trkpt><trkpt lat="-24.246781" lon="-49.327312"><ele>838.758</ele><time>2022-07-31T20:42:59Z</time></trkpt><trkpt lat="-24.246757" lon="-49.327268"><ele>839.317</ele><time>2022-07-31T20:43:00Z</time></trkpt><trkpt lat="-24.246747" lon="-49.327208"><ele>840.038</ele><time>2022-07-31T20:43:02Z</time></trkpt><trkpt lat="-24.246727" lon="-49.327161"><ele>839.875</ele><time>2022-07-31T20:43:05Z</time></trkpt><trkpt lat="-24.246696" lon="-49.327079"><ele>843.832</ele><time>2022-07-31T20:43:16Z</time></trkpt><trkpt lat="-24.246737" lon="-49.327041"><ele>845.765</ele><time>2022-07-31T20:43:19Z</time></trkpt><trkpt lat="-24.246772" lon="-49.326996"><ele>843.768</ele><time>2022-07-31T20:43:21Z</time></trkpt><trkpt lat="-24.246758" lon="-49.326946"><ele>846.714</ele><time>2022-07-31T20:43:25Z</time></trkpt><trkpt lat="-24.246715" lon="-49.326971"><ele>847.909</ele><time>2022-07-31T20:43:30Z</time></trkpt><trkpt lat="-24.246678" lon="-49.327012"><ele>852.027</ele><time>2022-07-31T20:43:40Z</time></trkpt><trkpt lat="-24.246703" lon="-49.326960"><ele>851.136</ele><time>2022-07-31T20:48:22Z</time></trkpt><trkpt lat="-24.246660" lon="-49.326926"><ele>848.945</ele><time>2022-07-31T20:48:52Z</time></trkpt><trkpt lat="-24.246705" lon="-49.326946"><ele>849.259</ele><time>2022-07-31T20:49:28Z</time></trkpt><trkpt lat="-24.246658" lon="-49.326951"><ele>847.532</ele><time>2022-07-31T20:49:47Z</time></trkpt><trkpt lat="-24.246662" lon="-49.327008"><ele>851.091</ele><time>2022-07-31T20:50:18Z</time></trkpt><trkpt lat="-24.246707" lon="-49.326962"><ele>843.932</ele><time>2022-07-31T20:50:51Z</time></trkpt><trkpt lat="-24.246691" lon="-49.326898"><ele>844.649</ele><time>2022-07-31T20:51:26Z</time></trkpt><trkpt lat="-24.246702" lon="-49.326963"><ele>854.136</ele><time>2022-07-31T20:53:07Z</time></trkpt><trkpt lat="-24.246748" lon="-49.326902"><ele>855.869</ele><time>2022-07-31T20:53:50Z</time></trkpt><trkpt lat="-24.246803" lon="-49.326806"><ele>856.104</ele><time>2022-07-31T20:53:51Z</time></trkpt><trkpt lat="-24.246837" lon="-49.326764"><ele>854.724</ele><time>2022-07-31T20:53:52Z</time></trkpt><trkpt lat="-24.246909" lon="-49.326683"><ele>853.609</ele><time>2022-07-31T20:53:53Z</time></trkpt><trkpt lat="-24.246964" lon="-49.326625"><ele>854.457</ele><time>2022-07-31T20:53:54Z</time></trkpt><trkpt lat="-24.247014" lon="-49.326574"><ele>854.116</ele><time>2022-07-31T20:53:55Z</time></trkpt><trkpt lat="-24.247059" lon="-49.326511"><ele>854.815</ele><time>2022-07-31T20:53:56Z</time></trkpt><trkpt lat="-24.247104" lon="-49.326453"><ele>853.679</ele><time>2022-07-31T20:53:57Z</time></trkpt><trkpt lat="-24.247170" lon="-49.326431"><ele>854.342</ele><time>2022-07-31T20:53:58Z</time></trkpt><trkpt lat="-24.247232" lon="-49.326418"><ele>853.581</ele><time>2022-07-31T20:53:59Z</time></trkpt><trkpt lat="-24.247303" lon="-49.326401"><ele>854.272</ele><time>2022-07-31T20:54:00Z</time></trkpt><trkpt lat="-24.247369" lon="-49.326390"><ele>853.899</ele><time>2022-07-31T20:54:01Z</time></trkpt><trkpt lat="-24.247435" lon="-49.326378"><ele>854.186</ele><time>2022-07-31T20:54:02Z</time></trkpt><trkpt lat="-24.247494" lon="-49.326371"><ele>854.216</ele><time>2022-07-31T20:54:03Z</time></trkpt><trkpt lat="-24.247548" lon="-49.326351"><ele>856.376</ele><time>2022-07-31T20:54:05Z</time></trkpt><trkpt lat="-24.247481" lon="-49.326347"><ele>853.513</ele><time>2022-07-31T20:54:13Z</time></trkpt><trkpt lat="-24.247432" lon="-49.326349"><ele>853.309</ele><time>2022-07-31T20:54:14Z</time></trkpt><trkpt lat="-24.247386" lon="-49.326361"><ele>853.832</ele><time>2022-07-31T20:54:15Z</time></trkpt><trkpt lat="-24.247329" lon="-49.326357"><ele>851.981</ele><time>2022-07-31T20:54:16Z</time></trkpt><trkpt lat="-24.247273" lon="-49.326350"><ele>850.990</ele><time>2022-07-31T20:54:17Z</time></trkpt><trkpt lat="-24.247225" lon="-49.326347"><ele>851.174</ele><time>2022-07-31T20:54:18Z</time></trkpt><trkpt lat="-24.247169" lon="-49.326373"><ele>850.197</ele><time>2022-07-31T20:54:19Z</time></trkpt><trkpt lat="-24.247119" lon="-49.326407"><ele>850.376</ele><time>2022-07-31T20:54:20Z</time></trkpt><trkpt lat="-24.247072" lon="-49.326444"><ele>851.867</ele><time>2022-07-31T20:54:21Z</time></trkpt><trkpt lat="-24.247017" lon="-49.326482"><ele>850.114</ele><time>2022-07-31T20:54:23Z</time></trkpt><trkpt lat="-24.246969" lon="-49.326565"><ele>850.171</ele><time>2022-07-31T20:54:25Z</time></trkpt><trkpt lat="-24.246940" lon="-49.326613"><ele>849.637</ele><time>2022-07-31T20:54:26Z</time></trkpt><trkpt lat="-24.246911" lon="-49.326660"><ele>848.949</ele><time>2022-07-31T20:54:27Z</time></trkpt><trkpt lat="-24.246883" lon="-49.326704"><ele>848.413</ele><time>2022-07-31T20:54:28Z</time></trkpt><trkpt lat="-24.246852" lon="-49.326772"><ele>848.009</ele><time>2022-07-31T20:54:29Z</time></trkpt><trkpt lat="-24.246822" lon="-49.326837"><ele>849.234</ele><time>2022-07-31T20:54:30Z</time></trkpt><trkpt lat="-24.246789" lon="-49.326883"><ele>849.963</ele><time>2022-07-31T20:54:31Z</time></trkpt><trkpt lat="-24.246761" lon="-49.326929"><ele>849.682</ele><time>2022-07-31T20:54:32Z</time></trkpt><trkpt lat="-24.246726" lon="-49.326995"><ele>848.976</ele><time>2022-07-31T20:54:34Z</time></trkpt><trkpt lat="-24.246698" lon="-49.326956"><ele>853.619</ele><time>2022-07-31T20:54:51Z</time></trkpt><trkpt lat="-24.246661" lon="-49.326994"><ele>854.168</ele><time>2022-07-31T20:57:26Z</time></trkpt><trkpt lat="-24.246618" lon="-49.326951"><ele>845.719</ele><time>2022-07-31T20:57:50Z</time></trkpt><trkpt lat="-24.246603" lon="-49.326895"><ele>847.346</ele><time>2022-07-31T20:57:52Z</time></trkpt><trkpt lat="-24.246603" lon="-49.326841"><ele>848.743</ele><time>2022-07-31T20:57:54Z</time></trkpt><trkpt lat="-24.246609" lon="-49.326770"><ele>848.713</ele><time>2022-07-31T20:57:56Z</time></trkpt><trkpt lat="-24.246615" lon="-49.326710"><ele>846.943</ele><time>2022-07-31T20:57:58Z</time></trkpt><trkpt lat="-24.246609" lon="-49.326645"><ele>846.807</ele><time>2022-07-31T20:58:00Z</time></trkpt><trkpt lat="-24.246599" lon="-49.326582"><ele>847.409</ele><time>2022-07-31T20:58:02Z</time></trkpt><trkpt lat="-24.246584" lon="-49.326503"><ele>847.542</ele><time>2022-07-31T20:58:04Z</time></trkpt><trkpt lat="-24.246571" lon="-49.326433"><ele>845.711</ele><time>2022-07-31T20:58:06Z</time></trkpt><trkpt lat="-24.246558" lon="-49.326361"><ele>843.490</ele><time>2022-07-31T20:58:08Z</time></trkpt><trkpt lat="-24.246545" lon="-49.326279"><ele>841.184</ele><time>2022-07-31T20:58:10Z</time></trkpt><trkpt lat="-24.246528" lon="-49.326205"><ele>839.877</ele><time>2022-07-31T20:58:12Z</time></trkpt><trkpt lat="-24.246513" lon="-49.326139"><ele>839.446</ele><time>2022-07-31T20:58:14Z</time></trkpt><trkpt lat="-24.246491" lon="-49.326071"><ele>839.617</ele><time>2022-07-31T20:58:16Z</time></trkpt><trkpt lat="-24.246469" lon="-49.326028"><ele>839.914</ele><time>2022-07-31T20:58:17Z</time></trkpt><trkpt lat="-24.246419" lon="-49.325953"><ele>837.751</ele><time>2022-07-31T20:58:19Z</time></trkpt><trkpt lat="-24.246369" lon="-49.325890"><ele>835.424</ele><time>2022-07-31T20:58:21Z</time></trkpt><trkpt lat="-24.246311" lon="-49.325837"><ele>831.704</ele><time>2022-07-31T20:58:23Z</time></trkpt><trkpt lat="-24.246245" lon="-49.325799"><ele>830.514</ele><time>2022-07-31T20:58:25Z</time></trkpt><trkpt lat="-24.246182" lon="-49.325766"><ele>832.009</ele><time>2022-07-31T20:58:27Z</time></trkpt><trkpt lat="-24.246115" lon="-49.325755"><ele>831.293</ele><time>2022-07-31T20:58:29Z</time></trkpt><trkpt lat="-24.246049" lon="-49.325759"><ele>829.262</ele><time>2022-07-31T20:58:31Z</time></trkpt><trkpt lat="-24.245985" lon="-49.325768"><ele>826.381</ele><time>2022-07-31T20:58:33Z</time></trkpt><trkpt lat="-24.245904" lon="-49.325774"><ele>826.025</ele><time>2022-07-31T20:58:35Z</time></trkpt><trkpt lat="-24.245838" lon="-49.325783"><ele>822.458</ele><time>2022-07-31T20:58:37Z</time></trkpt><trkpt lat="-24.245782" lon="-49.325792"><ele>820.317</ele><time>2022-07-31T20:58:39Z</time></trkpt><trkpt lat="-24.245730" lon="-49.325787"><ele>820.328</ele><time>2022-07-31T20:58:41Z</time></trkpt><trkpt lat="-24.245671" lon="-49.325776"><ele>817.055</ele><time>2022-07-31T20:58:43Z</time></trkpt><trkpt lat="-24.245607" lon="-49.325758"><ele>815.782</ele><time>2022-07-31T20:58:45Z</time></trkpt><trkpt lat="-24.245545" lon="-49.325746"><ele>812.645</ele><time>2022-07-31T20:58:47Z</time></trkpt><trkpt lat="-24.245490" lon="-49.325731"><ele>810.647</ele><time>2022-07-31T20:58:49Z</time></trkpt><trkpt lat="-24.245432" lon="-49.325710"><ele>810.611</ele><time>2022-07-31T20:58:51Z</time></trkpt><trkpt lat="-24.245373" lon="-49.325685"><ele>806.509</ele><time>2022-07-31T20:58:53Z</time></trkpt><trkpt lat="-24.245314" lon="-49.325670"><ele>807.445</ele><time>2022-07-31T20:58:55Z</time></trkpt><trkpt lat="-24.245259" lon="-49.325649"><ele>803.324</ele><time>2022-07-31T20:58:57Z</time></trkpt><trkpt lat="-24.245194" lon="-49.325621"><ele>802.423</ele><time>2022-07-31T20:58:59Z</time></trkpt><trkpt lat="-24.245118" lon="-49.325596"><ele>802.497</ele><time>2022-07-31T20:59:01Z</time></trkpt><trkpt lat="-24.245073" lon="-49.325586"><ele>801.740</ele><time>2022-07-31T20:59:02Z</time></trkpt><trkpt lat="-24.245012" lon="-49.325582"><ele>801.489</ele><time>2022-07-31T20:59:03Z</time></trkpt><trkpt lat="-24.244950" lon="-49.325552"><ele>795.850</ele><time>2022-07-31T20:59:04Z</time></trkpt><trkpt lat="-24.244901" lon="-49.325555"><ele>794.727</ele><time>2022-07-31T20:59:05Z</time></trkpt><trkpt lat="-24.244832" lon="-49.325553"><ele>792.854</ele><time>2022-07-31T20:59:06Z</time></trkpt><trkpt lat="-24.244769" lon="-49.325548"><ele>791.614</ele><time>2022-07-31T20:59:07Z</time></trkpt><trkpt lat="-24.244708" lon="-49.325551"><ele>792.254</ele><time>2022-07-31T20:59:08Z</time></trkpt><trkpt lat="-24.244649" lon="-49.325545"><ele>792.209</ele><time>2022-07-31T20:59:09Z</time></trkpt><trkpt lat="-24.244564" lon="-49.325544"><ele>788.609</ele><time>2022-07-31T20:59:11Z</time></trkpt><trkpt lat="-24.244506" lon="-49.325556"><ele>787.162</ele><time>2022-07-31T20:59:12Z</time></trkpt><trkpt lat="-24.244445" lon="-49.325565"><ele>786.281</ele><time>2022-07-31T20:59:13Z</time></trkpt><trkpt lat="-24.244396" lon="-49.325569"><ele>783.370</ele><time>2022-07-31T20:59:14Z</time></trkpt><trkpt lat="-24.244335" lon="-49.325563"><ele>781.664</ele><time>2022-07-31T20:59:15Z</time></trkpt><trkpt lat="-24.244270" lon="-49.325560"><ele>782.327</ele><time>2022-07-31T20:59:16Z</time></trkpt><trkpt lat="-24.244199" lon="-49.325551"><ele>783.066</ele><time>2022-07-31T20:59:17Z</time></trkpt><trkpt lat="-24.244138" lon="-49.325549"><ele>781.627</ele><time>2022-07-31T20:59:18Z</time></trkpt><trkpt lat="-24.244075" lon="-49.325529"><ele>780.964</ele><time>2022-07-31T20:59:19Z</time></trkpt><trkpt lat="-24.244009" lon="-49.325523"><ele>780.881</ele><time>2022-07-31T20:59:20Z</time></trkpt><trkpt lat="-24.243961" lon="-49.325508"><ele>781.783</ele><time>2022-07-31T20:59:21Z</time></trkpt><trkpt lat="-24.243911" lon="-49.325490"><ele>782.925</ele><time>2022-07-31T20:59:22Z</time></trkpt><trkpt lat="-24.243853" lon="-49.325474"><ele>782.617</ele><time>2022-07-31T20:59:23Z</time></trkpt><trkpt lat="-24.243799" lon="-49.325443"><ele>782.909</ele><time>2022-07-31T20:59:24Z</time></trkpt><trkpt lat="-24.243756" lon="-49.325412"><ele>783.559</ele><time>2022-07-31T20:59:25Z</time></trkpt><trkpt lat="-24.243702" lon="-49.325385"><ele>782.848</ele><time>2022-07-31T20:59:26Z</time></trkpt><trkpt lat="-24.243637" lon="-49.325347"><ele>782.287</ele><time>2022-07-31T20:59:27Z</time></trkpt><trkpt lat="-24.243595" lon="-49.325316"><ele>781.421</ele><time>2022-07-31T20:59:28Z</time></trkpt><trkpt lat="-24.243539" lon="-49.325278"><ele>780.524</ele><time>2022-07-31T20:59:29Z</time></trkpt><trkpt lat="-24.243493" lon="-49.325248"><ele>779.593</ele><time>2022-07-31T20:59:30Z</time></trkpt><trkpt lat="-24.243435" lon="-49.325216"><ele>779.814</ele><time>2022-07-31T20:59:31Z</time></trkpt><trkpt lat="-24.243379" lon="-49.325195"><ele>779.251</ele><time>2022-07-31T20:59:32Z</time></trkpt><trkpt lat="-24.243334" lon="-49.325160"><ele>778.788</ele><time>2022-07-31T20:59:33Z</time></trkpt><trkpt lat="-24.243283" lon="-49.325137"><ele>778.475</ele><time>2022-07-31T20:59:34Z</time></trkpt><trkpt lat="-24.243247" lon="-49.325093"><ele>776.828</ele><time>2022-07-31T20:59:35Z</time></trkpt><trkpt lat="-24.243205" lon="-49.325064"><ele>777.920</ele><time>2022-07-31T20:59:36Z</time></trkpt><trkpt lat="-24.243171" lon="-49.325019"><ele>777.409</ele><time>2022-07-31T20:59:37Z</time></trkpt><trkpt lat="-24.243118" lon="-49.324938"><ele>774.698</ele><time>2022-07-31T20:59:39Z</time></trkpt><trkpt lat="-24.243086" lon="-49.324871"><ele>775.417</ele><time>2022-07-31T20:59:41Z</time></trkpt><trkpt lat="-24.243041" lon="-49.324796"><ele>775.936</ele><time>2022-07-31T20:59:43Z</time></trkpt><trkpt lat="-24.243012" lon="-49.324756"><ele>774.770</ele><time>2022-07-31T20:59:44Z</time></trkpt><trkpt lat="-24.242974" lon="-49.324685"><ele>773.393</ele><time>2022-07-31T20:59:46Z</time></trkpt><trkpt lat="-24.242938" lon="-49.324608"><ele>771.932</ele><time>2022-07-31T20:59:48Z</time></trkpt><trkpt lat="-24.242878" lon="-49.324572"><ele>772.073</ele><time>2022-07-31T20:59:50Z</time></trkpt><trkpt lat="-24.242801" lon="-49.324536"><ele>770.670</ele><time>2022-07-31T20:59:52Z</time></trkpt><trkpt lat="-24.242727" lon="-49.324508"><ele>769.047</ele><time>2022-07-31T20:59:54Z</time></trkpt><trkpt lat="-24.242648" lon="-49.324485"><ele>770.081</ele><time>2022-07-31T20:59:56Z</time></trkpt><trkpt lat="-24.242604" lon="-49.324467"><ele>768.861</ele><time>2022-07-31T20:59:57Z</time></trkpt><trkpt lat="-24.242580" lon="-49.324422"><ele>768.717</ele><time>2022-07-31T20:59:58Z</time></trkpt><trkpt lat="-24.242534" lon="-49.324415"><ele>768.709</ele><time>2022-07-31T20:59:59Z</time></trkpt><trkpt lat="-24.242452" lon="-49.324380"><ele>772.669</ele><time>2022-07-31T21:00:01Z</time></trkpt><trkpt lat="-24.242413" lon="-49.324338"><ele>770.328</ele><time>2022-07-31T21:00:02Z</time></trkpt><trkpt lat="-24.242361" lon="-49.324320"><ele>770.217</ele><time>2022-07-31T21:00:03Z</time></trkpt><trkpt lat="-24.242308" lon="-49.324287"><ele>769.431</ele><time>2022-07-31T21:00:04Z</time></trkpt><trkpt lat="-24.242282" lon="-49.324243"><ele>766.824</ele><time>2022-07-31T21:00:05Z</time></trkpt><trkpt lat="-24.242230" lon="-49.324219"><ele>767.023</ele><time>2022-07-31T21:00:06Z</time></trkpt><trkpt lat="-24.242165" lon="-49.324200"><ele>767.114</ele><time>2022-07-31T21:00:07Z</time></trkpt><trkpt lat="-24.242098" lon="-49.324173"><ele>766.221</ele><time>2022-07-31T21:00:08Z</time></trkpt><trkpt lat="-24.242048" lon="-49.324142"><ele>764.678</ele><time>2022-07-31T21:00:09Z</time></trkpt><trkpt lat="-24.242006" lon="-49.324108"><ele>762.853</ele><time>2022-07-31T21:00:10Z</time></trkpt><trkpt lat="-24.241963" lon="-49.324070"><ele>761.504</ele><time>2022-07-31T21:00:11Z</time></trkpt><trkpt lat="-24.241920" lon="-49.324032"><ele>761.314</ele><time>2022-07-31T21:00:12Z</time></trkpt><trkpt lat="-24.241875" lon="-49.323991"><ele>759.909</ele><time>2022-07-31T21:00:13Z</time></trkpt><trkpt lat="-24.241834" lon="-49.323964"><ele>761.236</ele><time>2022-07-31T21:00:14Z</time></trkpt><trkpt lat="-24.241794" lon="-49.323917"><ele>761.875</ele><time>2022-07-31T21:00:15Z</time></trkpt><trkpt lat="-24.241736" lon="-49.323835"><ele>764.534</ele><time>2022-07-31T21:00:17Z</time></trkpt><trkpt lat="-24.241697" lon="-49.323768"><ele>767.488</ele><time>2022-07-31T21:00:19Z</time></trkpt><trkpt lat="-24.241659" lon="-49.323707"><ele>766.741</ele><time>2022-07-31T21:00:21Z</time></trkpt><trkpt lat="-24.241615" lon="-49.323654"><ele>765.110</ele><time>2022-07-31T21:00:23Z</time></trkpt><trkpt lat="-24.241569" lon="-49.323579"><ele>764.191</ele><time>2022-07-31T21:00:25Z</time></trkpt><trkpt lat="-24.241551" lon="-49.323533"><ele>762.768</ele><time>2022-07-31T21:00:26Z</time></trkpt><trkpt lat="-24.241516" lon="-49.323472"><ele>762.645</ele><time>2022-07-31T21:00:27Z</time></trkpt><trkpt lat="-24.241484" lon="-49.323407"><ele>761.924</ele><time>2022-07-31T21:00:28Z</time></trkpt><trkpt lat="-24.241459" lon="-49.323365"><ele>764.204</ele><time>2022-07-31T21:00:29Z</time></trkpt><trkpt lat="-24.241425" lon="-49.323290"><ele>764.014</ele><time>2022-07-31T21:00:30Z</time></trkpt><trkpt lat="-24.241394" lon="-49.323220"><ele>765.809</ele><time>2022-07-31T21:00:31Z</time></trkpt><trkpt lat="-24.241357" lon="-49.323160"><ele>766.373</ele><time>2022-07-31T21:00:32Z</time></trkpt><trkpt lat="-24.241317" lon="-49.323084"><ele>767.032</ele><time>2022-07-31T21:00:33Z</time></trkpt><trkpt lat="-24.241294" lon="-49.323017"><ele>766.311</ele><time>2022-07-31T21:00:34Z</time></trkpt><trkpt lat="-24.241273" lon="-49.322968"><ele>766.965</ele><time>2022-07-31T21:00:35Z</time></trkpt><trkpt lat="-24.241272" lon="-49.322908"><ele>767.468</ele><time>2022-07-31T21:00:36Z</time></trkpt><trkpt lat="-24.241251" lon="-49.322824"><ele>767.097</ele><time>2022-07-31T21:00:37Z</time></trkpt><trkpt lat="-24.241236" lon="-49.322754"><ele>767.498</ele><time>2022-07-31T21:00:38Z</time></trkpt><trkpt lat="-24.241227" lon="-49.322646"><ele>767.145</ele><time>2022-07-31T21:00:40Z</time></trkpt><trkpt lat="-24.241219" lon="-49.322581"><ele>764.932</ele><time>2022-07-31T21:00:41Z</time></trkpt><trkpt lat="-24.241213" lon="-49.322499"><ele>765.386</ele><time>2022-07-31T21:00:42Z</time></trkpt><trkpt lat="-24.241187" lon="-49.322428"><ele>766.960</ele><time>2022-07-31T21:00:43Z</time></trkpt><trkpt lat="-24.241183" lon="-49.322346"><ele>766.226</ele><time>2022-07-31T21:00:44Z</time></trkpt><trkpt lat="-24.241188" lon="-49.322260"><ele>764.709</ele><time>2022-07-31T21:00:45Z</time></trkpt><trkpt lat="-24.241198" lon="-49.322197"><ele>763.689</ele><time>2022-07-31T21:00:46Z</time></trkpt><trkpt lat="-24.241211" lon="-49.322139"><ele>766.538</ele><time>2022-07-31T21:00:47Z</time></trkpt><trkpt lat="-24.241213" lon="-49.322081"><ele>766.097</ele><time>2022-07-31T21:00:48Z</time></trkpt><trkpt lat="-24.241220" lon="-49.322019"><ele>765.771</ele><time>2022-07-31T21:00:49Z</time></trkpt><trkpt lat="-24.241223" lon="-49.321953"><ele>769.974</ele><time>2022-07-31T21:00:50Z</time></trkpt><trkpt lat="-24.241196" lon="-49.321874"><ele>771.383</ele><time>2022-07-31T21:00:51Z</time></trkpt><trkpt lat="-24.241195" lon="-49.321792"><ele>772.494</ele><time>2022-07-31T21:00:52Z</time></trkpt><trkpt lat="-24.241188" lon="-49.321724"><ele>773.311</ele><time>2022-07-31T21:00:53Z</time></trkpt><trkpt lat="-24.241191" lon="-49.321614"><ele>776.158</ele><time>2022-07-31T21:00:55Z</time></trkpt><trkpt lat="-24.241226" lon="-49.321551"><ele>774.274</ele><time>2022-07-31T21:00:56Z</time></trkpt><trkpt lat="-24.241216" lon="-49.321484"><ele>774.756</ele><time>2022-07-31T21:00:57Z</time></trkpt><trkpt lat="-24.241211" lon="-49.321427"><ele>776.421</ele><time>2022-07-31T21:00:58Z</time></trkpt><trkpt lat="-24.241186" lon="-49.321353"><ele>775.509</ele><time>2022-07-31T21:00:59Z</time></trkpt><trkpt lat="-24.241171" lon="-49.321305"><ele>774.358</ele><time>2022-07-31T21:01:00Z</time></trkpt><trkpt lat="-24.241156" lon="-49.321250"><ele>776.057</ele><time>2022-07-31T21:01:01Z</time></trkpt><trkpt lat="-24.241131" lon="-49.321181"><ele>776.896</ele><time>2022-07-31T21:01:02Z</time></trkpt><trkpt lat="-24.241109" lon="-49.321104"><ele>776.970</ele><time>2022-07-31T21:01:03Z</time></trkpt><trkpt lat="-24.241077" lon="-49.320936"><ele>776.433</ele><time>2022-07-31T21:01:05Z</time></trkpt><trkpt lat="-24.241043" lon="-49.320854"><ele>779.742</ele><time>2022-07-31T21:01:06Z</time></trkpt><trkpt lat="-24.241025" lon="-49.320795"><ele>781.483</ele><time>2022-07-31T21:01:07Z</time></trkpt><trkpt lat="-24.240988" lon="-49.320706"><ele>780.480</ele><time>2022-07-31T21:01:09Z</time></trkpt><trkpt lat="-24.240975" lon="-49.320630"><ele>781.797</ele><time>2022-07-31T21:01:10Z</time></trkpt><trkpt lat="-24.240966" lon="-49.320573"><ele>780.556</ele><time>2022-07-31T21:01:11Z</time></trkpt><trkpt lat="-24.240953" lon="-49.320516"><ele>780.259</ele><time>2022-07-31T21:01:12Z</time></trkpt><trkpt lat="-24.240923" lon="-49.320455"><ele>782.214</ele><time>2022-07-31T21:01:13Z</time></trkpt><trkpt lat="-24.240881" lon="-49.320384"><ele>779.309</ele><time>2022-07-31T21:01:15Z</time></trkpt><trkpt lat="-24.240823" lon="-49.320305"><ele>779.076</ele><time>2022-07-31T21:01:17Z</time></trkpt><trkpt lat="-24.240781" lon="-49.320260"><ele>779.175</ele><time>2022-07-31T21:01:18Z</time></trkpt><trkpt lat="-24.240747" lon="-49.320215"><ele>778.524</ele><time>2022-07-31T21:01:19Z</time></trkpt><trkpt lat="-24.240698" lon="-49.320196"><ele>779.288</ele><time>2022-07-31T21:01:20Z</time></trkpt><trkpt lat="-24.240633" lon="-49.320158"><ele>779.261</ele><time>2022-07-31T21:01:21Z</time></trkpt><trkpt lat="-24.240560" lon="-49.320132"><ele>779.480</ele><time>2022-07-31T21:01:22Z</time></trkpt><trkpt lat="-24.240498" lon="-49.320104"><ele>778.571</ele><time>2022-07-31T21:01:23Z</time></trkpt><trkpt lat="-24.240420" lon="-49.320067"><ele>779.278</ele><time>2022-07-31T21:01:24Z</time></trkpt><trkpt lat="-24.240348" lon="-49.320032"><ele>776.715</ele><time>2022-07-31T21:01:25Z</time></trkpt><trkpt lat="-24.240270" lon="-49.319986"><ele>776.443</ele><time>2022-07-31T21:01:26Z</time></trkpt><trkpt lat="-24.240187" lon="-49.319942"><ele>776.464</ele><time>2022-07-31T21:01:27Z</time></trkpt><trkpt lat="-24.240117" lon="-49.319896"><ele>775.210</ele><time>2022-07-31T21:01:28Z</time></trkpt><trkpt lat="-24.240034" lon="-49.319855"><ele>776.609</ele><time>2022-07-31T21:01:29Z</time></trkpt><trkpt lat="-24.239964" lon="-49.319820"><ele>776.115</ele><time>2022-07-31T21:01:30Z</time></trkpt><trkpt lat="-24.239889" lon="-49.319794"><ele>776.974</ele><time>2022-07-31T21:01:31Z</time></trkpt><trkpt lat="-24.239819" lon="-49.319789"><ele>780.573</ele><time>2022-07-31T21:01:32Z</time></trkpt><trkpt lat="-24.239756" lon="-49.319784"><ele>782.087</ele><time>2022-07-31T21:01:33Z</time></trkpt><trkpt lat="-24.239685" lon="-49.319786"><ele>781.170</ele><time>2022-07-31T21:01:34Z</time></trkpt><trkpt lat="-24.239620" lon="-49.319771"><ele>779.859</ele><time>2022-07-31T21:01:35Z</time></trkpt><trkpt lat="-24.239554" lon="-49.319771"><ele>779.320</ele><time>2022-07-31T21:01:36Z</time></trkpt><trkpt lat="-24.239499" lon="-49.319761"><ele>778.857</ele><time>2022-07-31T21:01:37Z</time></trkpt><trkpt lat="-24.239412" lon="-49.319736"><ele>777.434</ele><time>2022-07-31T21:01:39Z</time></trkpt><trkpt lat="-24.239355" lon="-49.319736"><ele>779.292</ele><time>2022-07-31T21:01:40Z</time></trkpt><trkpt lat="-24.239287" lon="-49.319766"><ele>778.573</ele><time>2022-07-31T21:01:41Z</time></trkpt><trkpt lat="-24.239221" lon="-49.319797"><ele>779.420</ele><time>2022-07-31T21:01:42Z</time></trkpt><trkpt lat="-24.239168" lon="-49.319828"><ele>777.609</ele><time>2022-07-31T21:01:43Z</time></trkpt><trkpt lat="-24.239118" lon="-49.319835"><ele>777.580</ele><time>2022-07-31T21:01:44Z</time></trkpt><trkpt lat="-24.239061" lon="-49.319872"><ele>774.749</ele><time>2022-07-31T21:01:45Z</time></trkpt><trkpt lat="-24.239009" lon="-49.319886"><ele>772.128</ele><time>2022-07-31T21:01:46Z</time></trkpt><trkpt lat="-24.238961" lon="-49.319884"><ele>769.832</ele><time>2022-07-31T21:01:47Z</time></trkpt><trkpt lat="-24.238909" lon="-49.319907"><ele>769.665</ele><time>2022-07-31T21:01:48Z</time></trkpt><trkpt lat="-24.238847" lon="-49.319927"><ele>769.294</ele><time>2022-07-31T21:01:49Z</time></trkpt><trkpt lat="-24.238794" lon="-49.319925"><ele>768.535</ele><time>2022-07-31T21:01:50Z</time></trkpt><trkpt lat="-24.238749" lon="-49.319907"><ele>769.252</ele><time>2022-07-31T21:01:51Z</time></trkpt><trkpt lat="-24.238714" lon="-49.319854"><ele>765.759</ele><time>2022-07-31T21:01:53Z</time></trkpt><trkpt lat="-24.238717" lon="-49.319790"><ele>763.899</ele><time>2022-07-31T21:01:57Z</time></trkpt><trkpt lat="-24.238730" lon="-49.319740"><ele>761.307</ele><time>2022-07-31T21:01:58Z</time></trkpt><trkpt lat="-24.238750" lon="-49.319681"><ele>759.827</ele><time>2022-07-31T21:02:00Z</time></trkpt><trkpt lat="-24.238774" lon="-49.319625"><ele>759.709</ele><time>2022-07-31T21:02:01Z</time></trkpt><trkpt lat="-24.238792" lon="-49.319574"><ele>760.450</ele><time>2022-07-31T21:02:02Z</time></trkpt><trkpt lat="-24.238827" lon="-49.319504"><ele>760.949</ele><time>2022-07-31T21:02:03Z</time></trkpt><trkpt lat="-24.238849" lon="-49.319436"><ele>761.948</ele><time>2022-07-31T21:02:04Z</time></trkpt><trkpt lat="-24.238873" lon="-49.319335"><ele>763.182</ele><time>2022-07-31T21:02:06Z</time></trkpt><trkpt lat="-24.238905" lon="-49.319276"><ele>763.355</ele><time>2022-07-31T21:02:07Z</time></trkpt><trkpt lat="-24.238934" lon="-49.319222"><ele>762.824</ele><time>2022-07-31T21:02:08Z</time></trkpt><trkpt lat="-24.238969" lon="-49.319148"><ele>762.565</ele><time>2022-07-31T21:02:09Z</time></trkpt><trkpt lat="-24.239000" lon="-49.319087"><ele>764.922</ele><time>2022-07-31T21:02:10Z</time></trkpt><trkpt lat="-24.239027" lon="-49.319035"><ele>764.529</ele><time>2022-07-31T21:02:11Z</time></trkpt><trkpt lat="-24.239050" lon="-49.318980"><ele>767.327</ele><time>2022-07-31T21:02:12Z</time></trkpt><trkpt lat="-24.239069" lon="-49.318921"><ele>765.268</ele><time>2022-07-31T21:02:13Z</time></trkpt><trkpt lat="-24.239090" lon="-49.318870"><ele>764.514</ele><time>2022-07-31T21:02:16Z</time></trkpt><trkpt lat="-24.239077" lon="-49.318808"><ele>764.709</ele><time>2022-07-31T21:02:31Z</time></trkpt><trkpt lat="-24.239092" lon="-49.318761"><ele>763.873</ele><time>2022-07-31T21:02:35Z</time></trkpt><trkpt lat="-24.239124" lon="-49.318720"><ele>760.272</ele><time>2022-07-31T21:02:41Z</time></trkpt><trkpt lat="-24.239140" lon="-49.318672"><ele>757.691</ele><time>2022-07-31T21:03:29Z</time></trkpt><trkpt lat="-24.239113" lon="-49.318729"><ele>759.625</ele><time>2022-07-31T21:04:20Z</time></trkpt><trkpt lat="-24.239082" lon="-49.318773"><ele>757.488</ele><time>2022-07-31T21:04:24Z</time></trkpt><trkpt lat="-24.239115" lon="-49.318811"><ele>760.777</ele><time>2022-07-31T21:04:36Z</time></trkpt><trkpt lat="-24.239083" lon="-49.318775"><ele>762.728</ele><time>2022-07-31T21:04:55Z</time></trkpt><trkpt lat="-24.239099" lon="-49.318727"><ele>763.035</ele><time>2022-07-31T21:05:36Z</time></trkpt><trkpt lat="-24.239122" lon="-49.318678"><ele>762.112</ele><time>2022-07-31T21:05:40Z</time></trkpt><trkpt lat="-24.239149" lon="-49.318637"><ele>762.281</ele><time>2022-07-31T21:05:43Z</time></trkpt><trkpt lat="-24.239179" lon="-49.318588"><ele>763.461</ele><time>2022-07-31T21:05:46Z</time></trkpt><trkpt lat="-24.239207" lon="-49.318525"><ele>767.417</ele><time>2022-07-31T21:05:50Z</time></trkpt><trkpt lat="-24.239230" lon="-49.318469"><ele>766.209</ele><time>2022-07-31T21:05:53Z</time></trkpt><trkpt lat="-24.239288" lon="-49.318436"><ele>764.979</ele><time>2022-07-31T21:05:55Z</time></trkpt><trkpt lat="-24.239240" lon="-49.318423"><ele>762.368</ele><time>2022-07-31T21:06:06Z</time></trkpt><trkpt lat="-24.239228" lon="-49.318471"><ele>760.217</ele><time>2022-07-31T21:06:11Z</time></trkpt><trkpt lat="-24.239206" lon="-49.318524"><ele>759.561</ele><time>2022-07-31T21:06:24Z</time></trkpt><trkpt lat="-24.239227" lon="-49.318469"><ele>755.264</ele><time>2022-07-31T21:06:46Z</time></trkpt><trkpt lat="-24.239247" lon="-49.318411"><ele>753.133</ele><time>2022-07-31T21:06:51Z</time></trkpt><trkpt lat="-24.239280" lon="-49.318368"><ele>755.814</ele><time>2022-07-31T21:07:00Z</time></trkpt><trkpt lat="-24.239325" lon="-49.318376"><ele>762.681</ele><time>2022-07-31T21:08:06Z</time></trkpt><trkpt lat="-24.239388" lon="-49.318339"><ele>764.958</ele><time>2022-07-31T21:08:08Z</time></trkpt><trkpt lat="-24.239472" lon="-49.318326"><ele>764.295</ele><time>2022-07-31T21:08:10Z</time></trkpt><trkpt lat="-24.239525" lon="-49.318321"><ele>768.749</ele><time>2022-07-31T21:08:11Z</time></trkpt><trkpt lat="-24.239574" lon="-49.318315"><ele>773.023</ele><time>2022-07-31T21:08:12Z</time></trkpt><trkpt lat="-24.239673" lon="-49.318324"><ele>771.909</ele><time>2022-07-31T21:08:14Z</time></trkpt><trkpt lat="-24.239721" lon="-49.318329"><ele>772.670</ele><time>2022-07-31T21:08:15Z</time></trkpt><trkpt lat="-24.239806" lon="-49.318329"><ele>771.419</ele><time>2022-07-31T21:08:17Z</time></trkpt><trkpt lat="-24.239883" lon="-49.318326"><ele>769.668</ele><time>2022-07-31T21:08:19Z</time></trkpt><trkpt lat="-24.239925" lon="-49.318297"><ele>769.722</ele><time>2022-07-31T21:08:20Z</time></trkpt><trkpt lat="-24.239980" lon="-49.318258"><ele>768.635</ele><time>2022-07-31T21:08:21Z</time></trkpt><trkpt lat="-24.240043" lon="-49.318236"><ele>768.074</ele><time>2022-07-31T21:08:24Z</time></trkpt><trkpt lat="-24.240109" lon="-49.318215"><ele>767.965</ele><time>2022-07-31T21:08:26Z</time></trkpt><trkpt lat="-24.240187" lon="-49.318132"><ele>765.972</ele><time>2022-07-31T21:08:28Z</time></trkpt><trkpt lat="-24.240224" lon="-49.318100"><ele>766.419</ele><time>2022-07-31T21:08:30Z</time></trkpt><trkpt lat="-24.240269" lon="-49.318045"><ele>768.169</ele><time>2022-07-31T21:08:32Z</time></trkpt><trkpt lat="-24.240280" lon="-49.317983"><ele>769.904</ele><time>2022-07-31T21:08:34Z</time></trkpt><trkpt lat="-24.240284" lon="-49.317918"><ele>772.324</ele><time>2022-07-31T21:08:36Z</time></trkpt><trkpt lat="-24.240290" lon="-49.317789"><ele>773.509</ele><time>2022-07-31T21:08:39Z</time></trkpt><trkpt lat="-24.240288" lon="-49.317728"><ele>773.667</ele><time>2022-07-31T21:08:40Z</time></trkpt><trkpt lat="-24.240297" lon="-49.317656"><ele>774.146</ele><time>2022-07-31T21:08:41Z</time></trkpt><trkpt lat="-24.240283" lon="-49.317538"><ele>775.275</ele><time>2022-07-31T21:08:43Z</time></trkpt><trkpt lat="-24.240279" lon="-49.317435"><ele>778.769</ele><time>2022-07-31T21:08:45Z</time></trkpt><trkpt lat="-24.240286" lon="-49.317383"><ele>778.732</ele><time>2022-07-31T21:08:46Z</time></trkpt><trkpt lat="-24.240291" lon="-49.317330"><ele>778.431</ele><time>2022-07-31T21:08:47Z</time></trkpt><trkpt lat="-24.240297" lon="-49.317274"><ele>777.722</ele><time>2022-07-31T21:08:48Z</time></trkpt><trkpt lat="-24.240307" lon="-49.317143"><ele>776.569</ele><time>2022-07-31T21:08:50Z</time></trkpt><trkpt lat="-24.240309" lon="-49.317080"><ele>776.416</ele><time>2022-07-31T21:08:51Z</time></trkpt><trkpt lat="-24.240304" lon="-49.317015"><ele>776.451</ele><time>2022-07-31T21:08:52Z</time></trkpt><trkpt lat="-24.240280" lon="-49.316952"><ele>777.501</ele><time>2022-07-31T21:08:54Z</time></trkpt><trkpt lat="-24.240284" lon="-49.316886"><ele>777.011</ele><time>2022-07-31T21:08:55Z</time></trkpt><trkpt lat="-24.240254" lon="-49.316790"><ele>777.609</ele><time>2022-07-31T21:08:57Z</time></trkpt><trkpt lat="-24.240245" lon="-49.316723"><ele>778.156</ele><time>2022-07-31T21:08:58Z</time></trkpt><trkpt lat="-24.240221" lon="-49.316678"><ele>777.345</ele><time>2022-07-31T21:08:59Z</time></trkpt><trkpt lat="-24.240209" lon="-49.316620"><ele>777.454</ele><time>2022-07-31T21:09:00Z</time></trkpt><trkpt lat="-24.240181" lon="-49.316537"><ele>777.978</ele><time>2022-07-31T21:09:02Z</time></trkpt><trkpt lat="-24.240158" lon="-49.316451"><ele>779.311</ele><time>2022-07-31T21:09:04Z</time></trkpt><trkpt lat="-24.240131" lon="-49.316407"><ele>779.290</ele><time>2022-07-31T21:09:05Z</time></trkpt><trkpt lat="-24.240105" lon="-49.316355"><ele>779.121</ele><time>2022-07-31T21:09:06Z</time></trkpt><trkpt lat="-24.240075" lon="-49.316284"><ele>780.678</ele><time>2022-07-31T21:09:07Z</time></trkpt><trkpt lat="-24.240035" lon="-49.316235"><ele>781.555</ele><time>2022-07-31T21:09:08Z</time></trkpt><trkpt lat="-24.239999" lon="-49.316151"><ele>781.912</ele><time>2022-07-31T21:09:09Z</time></trkpt><trkpt lat="-24.239976" lon="-49.316071"><ele>781.232</ele><time>2022-07-31T21:09:10Z</time></trkpt><trkpt lat="-24.239924" lon="-49.316035"><ele>781.905</ele><time>2022-07-31T21:09:11Z</time></trkpt><trkpt lat="-24.239885" lon="-49.315940"><ele>783.809</ele><time>2022-07-31T21:09:13Z</time></trkpt><trkpt lat="-24.239848" lon="-49.315866"><ele>785.212</ele><time>2022-07-31T21:09:15Z</time></trkpt><trkpt lat="-24.239819" lon="-49.315806"><ele>784.571</ele><time>2022-07-31T21:09:16Z</time></trkpt><trkpt lat="-24.239796" lon="-49.315754"><ele>785.580</ele><time>2022-07-31T21:09:17Z</time></trkpt><trkpt lat="-24.239770" lon="-49.315674"><ele>784.764</ele><time>2022-07-31T21:09:18Z</time></trkpt><trkpt lat="-24.239734" lon="-49.315576"><ele>782.337</ele><time>2022-07-31T21:09:20Z</time></trkpt><trkpt lat="-24.239692" lon="-49.315514"><ele>783.566</ele><time>2022-07-31T21:09:21Z</time></trkpt><trkpt lat="-24.239667" lon="-49.315449"><ele>784.637</ele><time>2022-07-31T21:09:22Z</time></trkpt><trkpt lat="-24.239653" lon="-49.315338"><ele>784.294</ele><time>2022-07-31T21:09:23Z</time></trkpt><trkpt lat="-24.239590" lon="-49.315220"><ele>783.811</ele><time>2022-07-31T21:09:24Z</time></trkpt><trkpt lat="-24.239552" lon="-49.315112"><ele>784.269</ele><time>2022-07-31T21:09:25Z</time></trkpt><trkpt lat="-24.239509" lon="-49.315007"><ele>784.604</ele><time>2022-07-31T21:09:26Z</time></trkpt><trkpt lat="-24.239475" lon="-49.314928"><ele>785.024</ele><time>2022-07-31T21:09:27Z</time></trkpt><trkpt lat="-24.239436" lon="-49.314828"><ele>784.409</ele><time>2022-07-31T21:09:28Z</time></trkpt><trkpt lat="-24.239400" lon="-49.314740"><ele>785.947</ele><time>2022-07-31T21:09:29Z</time></trkpt><trkpt lat="-24.239365" lon="-49.314632"><ele>786.066</ele><time>2022-07-31T21:09:30Z</time></trkpt><trkpt lat="-24.239316" lon="-49.314529"><ele>786.225</ele><time>2022-07-31T21:09:31Z</time></trkpt><trkpt lat="-24.239267" lon="-49.314434"><ele>785.549</ele><time>2022-07-31T21:09:32Z</time></trkpt><trkpt lat="-24.239215" lon="-49.314344"><ele>787.892</ele><time>2022-07-31T21:09:34Z</time></trkpt><trkpt lat="-24.239163" lon="-49.314255"><ele>789.361</ele><time>2022-07-31T21:09:35Z</time></trkpt><trkpt lat="-24.239121" lon="-49.314171"><ele>789.482</ele><time>2022-07-31T21:09:36Z</time></trkpt><trkpt lat="-24.239082" lon="-49.314087"><ele>790.029</ele><time>2022-07-31T21:09:37Z</time></trkpt><trkpt lat="-24.239032" lon="-49.314005"><ele>789.866</ele><time>2022-07-31T21:09:38Z</time></trkpt><trkpt lat="-24.238990" lon="-49.313930"><ele>790.562</ele><time>2022-07-31T21:09:39Z</time></trkpt><trkpt lat="-24.238955" lon="-49.313879"><ele>791.383</ele><time>2022-07-31T21:09:40Z</time></trkpt><trkpt lat="-24.238925" lon="-49.313823"><ele>792.411</ele><time>2022-07-31T21:09:41Z</time></trkpt><trkpt lat="-24.238892" lon="-49.313766"><ele>792.609</ele><time>2022-07-31T21:09:43Z</time></trkpt><trkpt lat="-24.238874" lon="-49.313696"><ele>794.627</ele><time>2022-07-31T21:09:46Z</time></trkpt><trkpt lat="-24.238879" lon="-49.313630"><ele>796.666</ele><time>2022-07-31T21:09:48Z</time></trkpt><trkpt lat="-24.238873" lon="-49.313578"><ele>795.335</ele><time>2022-07-31T21:09:49Z</time></trkpt><trkpt lat="-24.238851" lon="-49.313503"><ele>795.599</ele><time>2022-07-31T21:09:51Z</time></trkpt><trkpt lat="-24.238835" lon="-49.313430"><ele>795.682</ele><time>2022-07-31T21:09:53Z</time></trkpt><trkpt lat="-24.238832" lon="-49.313353"><ele>795.331</ele><time>2022-07-31T21:09:55Z</time></trkpt><trkpt lat="-24.238828" lon="-49.313260"><ele>795.172</ele><time>2022-07-31T21:09:57Z</time></trkpt><trkpt lat="-24.238844" lon="-49.313169"><ele>793.169</ele><time>2022-07-31T21:09:59Z</time></trkpt><trkpt lat="-24.238862" lon="-49.313080"><ele>792.216</ele><time>2022-07-31T21:10:01Z</time></trkpt><trkpt lat="-24.238859" lon="-49.313027"><ele>794.948</ele><time>2022-07-31T21:10:02Z</time></trkpt><trkpt lat="-24.238829" lon="-49.312966"><ele>797.861</ele><time>2022-07-31T21:10:04Z</time></trkpt><trkpt lat="-24.238788" lon="-49.312924"><ele>797.017</ele><time>2022-07-31T21:10:06Z</time></trkpt><trkpt lat="-24.238716" lon="-49.312792"><ele>805.509</ele><time>2022-07-31T21:10:14Z</time></trkpt><trkpt lat="-24.238648" lon="-49.312752"><ele>807.845</ele><time>2022-07-31T21:10:16Z</time></trkpt><trkpt lat="-24.238569" lon="-49.312718"><ele>810.834</ele><time>2022-07-31T21:10:18Z</time></trkpt><trkpt lat="-24.238498" lon="-49.312694"><ele>812.223</ele><time>2022-07-31T21:10:19Z</time></trkpt><trkpt lat="-24.238445" lon="-49.312684"><ele>814.667</ele><time>2022-07-31T21:10:20Z</time></trkpt><trkpt lat="-24.238356" lon="-49.312662"><ele>817.240</ele><time>2022-07-31T21:10:22Z</time></trkpt><trkpt lat="-24.238264" lon="-49.312640"><ele>814.759</ele><time>2022-07-31T21:10:24Z</time></trkpt><trkpt lat="-24.238214" lon="-49.312625"><ele>816.330</ele><time>2022-07-31T21:10:25Z</time></trkpt><trkpt lat="-24.238158" lon="-49.312552"><ele>817.017</ele><time>2022-07-31T21:10:26Z</time></trkpt><trkpt lat="-24.238092" lon="-49.312511"><ele>818.274</ele><time>2022-07-31T21:10:27Z</time></trkpt><trkpt lat="-24.238023" lon="-49.312456"><ele>818.518</ele><time>2022-07-31T21:10:28Z</time></trkpt><trkpt lat="-24.237973" lon="-49.312414"><ele>819.798</ele><time>2022-07-31T21:10:29Z</time></trkpt><trkpt lat="-24.237915" lon="-49.312376"><ele>820.517</ele><time>2022-07-31T21:10:30Z</time></trkpt><trkpt lat="-24.237842" lon="-49.312348"><ele>821.009</ele><time>2022-07-31T21:10:31Z</time></trkpt><trkpt lat="-24.237788" lon="-49.312293"><ele>822.372</ele><time>2022-07-31T21:10:32Z</time></trkpt><trkpt lat="-24.237725" lon="-49.312270"><ele>823.421</ele><time>2022-07-31T21:10:33Z</time></trkpt><trkpt lat="-24.237650" lon="-49.312252"><ele>823.270</ele><time>2022-07-31T21:10:34Z</time></trkpt><trkpt lat="-24.237581" lon="-49.312234"><ele>823.794</ele><time>2022-07-31T21:10:35Z</time></trkpt><trkpt lat="-24.237517" lon="-49.312228"><ele>827.817</ele><time>2022-07-31T21:10:36Z</time></trkpt><trkpt lat="-24.237458" lon="-49.312228"><ele>828.316</ele><time>2022-07-31T21:10:37Z</time></trkpt><trkpt lat="-24.237404" lon="-49.312212"><ele>829.267</ele><time>2022-07-31T21:10:38Z</time></trkpt><trkpt lat="-24.237355" lon="-49.312187"><ele>830.844</ele><time>2022-07-31T21:10:39Z</time></trkpt><trkpt lat="-24.237299" lon="-49.312169"><ele>830.811</ele><time>2022-07-31T21:10:40Z</time></trkpt><trkpt lat="-24.237242" lon="-49.312145"><ele>832.887</ele><time>2022-07-31T21:10:41Z</time></trkpt><trkpt lat="-24.237190" lon="-49.312120"><ele>834.742</ele><time>2022-07-31T21:10:42Z</time></trkpt><trkpt lat="-24.237092" lon="-49.312065"><ele>837.026</ele><time>2022-07-31T21:10:44Z</time></trkpt><trkpt lat="-24.237036" lon="-49.312038"><ele>837.909</ele><time>2022-07-31T21:10:45Z</time></trkpt><trkpt lat="-24.236990" lon="-49.311994"><ele>838.029</ele><time>2022-07-31T21:10:46Z</time></trkpt><trkpt lat="-24.236891" lon="-49.312010"><ele>835.148</ele><time>2022-07-31T21:10:48Z</time></trkpt><trkpt lat="-24.236850" lon="-49.312038"><ele>835.737</ele><time>2022-07-31T21:10:49Z</time></trkpt><trkpt lat="-24.236797" lon="-49.312044"><ele>836.261</ele><time>2022-07-31T21:10:50Z</time></trkpt><trkpt lat="-24.236746" lon="-49.312074"><ele>838.174</ele><time>2022-07-31T21:10:51Z</time></trkpt><trkpt lat="-24.236687" lon="-49.312091"><ele>841.293</ele><time>2022-07-31T21:10:52Z</time></trkpt><trkpt lat="-24.236646" lon="-49.312131"><ele>842.674</ele><time>2022-07-31T21:10:53Z</time></trkpt><trkpt lat="-24.236615" lon="-49.312180"><ele>846.811</ele><time>2022-07-31T21:10:54Z</time></trkpt><trkpt lat="-24.236556" lon="-49.312249"><ele>848.598</ele><time>2022-07-31T21:10:56Z</time></trkpt><trkpt lat="-24.236522" lon="-49.312285"><ele>848.316</ele><time>2022-07-31T21:10:57Z</time></trkpt><trkpt lat="-24.236491" lon="-49.312347"><ele>847.576</ele><time>2022-07-31T21:10:58Z</time></trkpt><trkpt lat="-24.236436" lon="-49.312416"><ele>848.513</ele><time>2022-07-31T21:10:59Z</time></trkpt><trkpt lat="-24.236426" lon="-49.312478"><ele>853.609</ele><time>2022-07-31T21:11:00Z</time></trkpt><trkpt lat="-24.236387" lon="-49.312535"><ele>854.782</ele><time>2022-07-31T21:11:01Z</time></trkpt><trkpt lat="-24.236355" lon="-49.312583"><ele>856.851</ele><time>2022-07-31T21:11:02Z</time></trkpt><trkpt lat="-24.236282" lon="-49.312598"><ele>855.570</ele><time>2022-07-31T21:11:03Z</time></trkpt><trkpt lat="-24.236220" lon="-49.312635"><ele>855.734</ele><time>2022-07-31T21:11:04Z</time></trkpt><trkpt lat="-24.236114" lon="-49.312635"><ele>854.947</ele><time>2022-07-31T21:11:06Z</time></trkpt><trkpt lat="-24.236061" lon="-49.312645"><ele>858.096</ele><time>2022-07-31T21:11:07Z</time></trkpt><trkpt lat="-24.236005" lon="-49.312640"><ele>859.067</ele><time>2022-07-31T21:11:08Z</time></trkpt><trkpt lat="-24.235938" lon="-49.312656"><ele>858.824</ele><time>2022-07-31T21:11:09Z</time></trkpt><trkpt lat="-24.235871" lon="-49.312653"><ele>859.351</ele><time>2022-07-31T21:11:10Z</time></trkpt><trkpt lat="-24.235804" lon="-49.312670"><ele>860.571</ele><time>2022-07-31T21:11:11Z</time></trkpt><trkpt lat="-24.235740" lon="-49.312684"><ele>861.541</ele><time>2022-07-31T21:11:12Z</time></trkpt><trkpt lat="-24.235628" lon="-49.312685"><ele>863.215</ele><time>2022-07-31T21:11:14Z</time></trkpt><trkpt lat="-24.235569" lon="-49.312689"><ele>863.809</ele><time>2022-07-31T21:11:15Z</time></trkpt><trkpt lat="-24.235521" lon="-49.312687"><ele>864.998</ele><time>2022-07-31T21:11:16Z</time></trkpt><trkpt lat="-24.235449" lon="-49.312693"><ele>867.027</ele><time>2022-07-31T21:11:17Z</time></trkpt><trkpt lat="-24.235387" lon="-49.312715"><ele>867.946</ele><time>2022-07-31T21:11:18Z</time></trkpt><trkpt lat="-24.235342" lon="-49.312702"><ele>868.060</ele><time>2022-07-31T21:11:19Z</time></trkpt><trkpt lat="-24.235250" lon="-49.312694"><ele>869.593</ele><time>2022-07-31T21:11:21Z</time></trkpt><trkpt lat="-24.235199" lon="-49.312704"><ele>870.872</ele><time>2022-07-31T21:11:22Z</time></trkpt><trkpt lat="-24.235143" lon="-49.312699"><ele>870.353</ele><time>2022-07-31T21:11:23Z</time></trkpt><trkpt lat="-24.235097" lon="-49.312699"><ele>872.470</ele><time>2022-07-31T21:11:24Z</time></trkpt><trkpt lat="-24.235042" lon="-49.312693"><ele>874.447</ele><time>2022-07-31T21:11:25Z</time></trkpt><trkpt lat="-24.234983" lon="-49.312698"><ele>874.286</ele><time>2022-07-31T21:11:26Z</time></trkpt><trkpt lat="-24.234940" lon="-49.312683"><ele>876.460</ele><time>2022-07-31T21:11:28Z</time></trkpt><trkpt lat="-24.234890" lon="-49.312657"><ele>878.926</ele><time>2022-07-31T21:11:30Z</time></trkpt><trkpt lat="-24.234835" lon="-49.312652"><ele>878.909</ele><time>2022-07-31T21:11:32Z</time></trkpt><trkpt lat="-24.234761" lon="-49.312631"><ele>881.299</ele><time>2022-07-31T21:11:34Z</time></trkpt><trkpt lat="-24.234710" lon="-49.312602"><ele>883.088</ele><time>2022-07-31T21:11:36Z</time></trkpt><trkpt lat="-24.234665" lon="-49.312569"><ele>884.127</ele><time>2022-07-31T21:11:39Z</time></trkpt><trkpt lat="-24.234601" lon="-49.312565"><ele>888.751</ele><time>2022-07-31T21:11:43Z</time></trkpt><trkpt lat="-24.234546" lon="-49.312552"><ele>890.854</ele><time>2022-07-31T21:11:45Z</time></trkpt><trkpt lat="-24.234489" lon="-49.312535"><ele>891.533</ele><time>2022-07-31T21:11:47Z</time></trkpt><trkpt lat="-24.234426" lon="-49.312504"><ele>893.284</ele><time>2022-07-31T21:11:49Z</time></trkpt><trkpt lat="-24.234351" lon="-49.312459"><ele>894.461</ele><time>2022-07-31T21:11:51Z</time></trkpt><trkpt lat="-24.234274" lon="-49.312418"><ele>894.318</ele><time>2022-07-31T21:11:53Z</time></trkpt><trkpt lat="-24.234195" lon="-49.312388"><ele>895.593</ele><time>2022-07-31T21:11:55Z</time></trkpt><trkpt lat="-24.234151" lon="-49.312377"><ele>896.365</ele><time>2022-07-31T21:11:56Z</time></trkpt><trkpt lat="-24.234082" lon="-49.312369"><ele>896.921</ele><time>2022-07-31T21:11:58Z</time></trkpt><trkpt lat="-24.234070" lon="-49.312421"><ele>897.709</ele><time>2022-07-31T21:12:06Z</time></trkpt><trkpt lat="-24.234015" lon="-49.312401"><ele>900.520</ele><time>2022-07-31T21:13:38Z</time></trkpt><trkpt lat="-24.233939" lon="-49.312408"><ele>900.539</ele><time>2022-07-31T21:13:40Z</time></trkpt><trkpt lat="-24.233854" lon="-49.312426"><ele>900.418</ele><time>2022-07-31T21:13:42Z</time></trkpt><trkpt lat="-24.233807" lon="-49.312438"><ele>900.742</ele><time>2022-07-31T21:13:43Z</time></trkpt><trkpt lat="-24.233760" lon="-49.312449"><ele>902.175</ele><time>2022-07-31T21:13:44Z</time></trkpt><trkpt lat="-24.233716" lon="-49.312458"><ele>902.494</ele><time>2022-07-31T21:13:45Z</time></trkpt><trkpt lat="-24.233636" lon="-49.312463"><ele>903.255</ele><time>2022-07-31T21:13:47Z</time></trkpt><trkpt lat="-24.233553" lon="-49.312467"><ele>905.932</ele><time>2022-07-31T21:13:49Z</time></trkpt><trkpt lat="-24.233485" lon="-49.312468"><ele>906.199</ele><time>2022-07-31T21:13:51Z</time></trkpt><trkpt lat="-24.233422" lon="-49.312470"><ele>906.926</ele><time>2022-07-31T21:13:53Z</time></trkpt><trkpt lat="-24.233360" lon="-49.312463"><ele>907.047</ele><time>2022-07-31T21:13:56Z</time></trkpt><trkpt lat="-24.233313" lon="-49.312434"><ele>908.011</ele><time>2022-07-31T21:13:58Z</time></trkpt><trkpt lat="-24.233256" lon="-49.312401"><ele>909.409</ele><time>2022-07-31T21:14:00Z</time></trkpt><trkpt lat="-24.233193" lon="-49.312362"><ele>909.483</ele><time>2022-07-31T21:14:02Z</time></trkpt><trkpt lat="-24.233136" lon="-49.312330"><ele>908.872</ele><time>2022-07-31T21:14:04Z</time></trkpt><trkpt lat="-24.233074" lon="-49.312309"><ele>908.461</ele><time>2022-07-31T21:14:06Z</time></trkpt><trkpt lat="-24.233020" lon="-49.312297"><ele>909.045</ele><time>2022-07-31T21:14:08Z</time></trkpt><trkpt lat="-24.232956" lon="-49.312276"><ele>909.288</ele><time>2022-07-31T21:14:10Z</time></trkpt><trkpt lat="-24.232892" lon="-49.312249"><ele>909.917</ele><time>2022-07-31T21:14:12Z</time></trkpt><trkpt lat="-24.232831" lon="-49.312221"><ele>911.118</ele><time>2022-07-31T21:14:14Z</time></trkpt><trkpt lat="-24.232768" lon="-49.312197"><ele>912.915</ele><time>2022-07-31T21:14:16Z</time></trkpt><trkpt lat="-24.232699" lon="-49.312187"><ele>914.232</ele><time>2022-07-31T21:14:18Z</time></trkpt><trkpt lat="-24.232635" lon="-49.312198"><ele>916.447</ele><time>2022-07-31T21:14:20Z</time></trkpt><trkpt lat="-24.232583" lon="-49.312224"><ele>917.629</ele><time>2022-07-31T21:14:36Z</time></trkpt><trkpt lat="-24.232525" lon="-49.312264"><ele>921.221</ele><time>2022-07-31T21:14:39Z</time></trkpt><trkpt lat="-24.232468" lon="-49.312319"><ele>921.909</ele><time>2022-07-31T21:14:41Z</time></trkpt><trkpt lat="-24.232413" lon="-49.312383"><ele>921.335</ele><time>2022-07-31T21:14:43Z</time></trkpt><trkpt lat="-24.232363" lon="-49.312434"><ele>923.164</ele><time>2022-07-31T21:14:45Z</time></trkpt><trkpt lat="-24.232304" lon="-49.312461"><ele>924.293</ele><time>2022-07-31T21:14:47Z</time></trkpt><trkpt lat="-24.232239" lon="-49.312468"><ele>925.587</ele><time>2022-07-31T21:14:49Z</time></trkpt><trkpt lat="-24.232160" lon="-49.312468"><ele>927.370</ele><time>2022-07-31T21:14:51Z</time></trkpt><trkpt lat="-24.232077" lon="-49.312481"><ele>929.389</ele><time>2022-07-31T21:14:53Z</time></trkpt><trkpt lat="-24.232013" lon="-49.312498"><ele>931.120</ele><time>2022-07-31T21:14:55Z</time></trkpt><trkpt lat="-24.231968" lon="-49.312524"><ele>932.287</ele><time>2022-07-31T21:14:57Z</time></trkpt><trkpt lat="-24.231968" lon="-49.312577"><ele>930.154</ele><time>2022-07-31T21:15:24Z</time></trkpt><trkpt lat="-24.231921" lon="-49.312561"><ele>930.622</ele><time>2022-07-31T21:15:31Z</time></trkpt><trkpt lat="-24.231970" lon="-49.312575"><ele>935.662</ele><time>2022-07-31T21:16:19Z</time></trkpt><trkpt lat="-24.232019" lon="-49.312558"><ele>937.508</ele><time>2022-07-31T21:16:34Z</time></trkpt><trkpt lat="-24.232045" lon="-49.312601"><ele>934.809</ele><time>2022-07-31T21:17:06Z</time></trkpt><trkpt lat="-24.232093" lon="-49.312572"><ele>936.463</ele><time>2022-07-31T21:19:39Z</time></trkpt><trkpt lat="-24.232037" lon="-49.312562"><ele>933.042</ele><time>2022-07-31T21:20:14Z</time></trkpt><trkpt lat="-24.231986" lon="-49.312578"><ele>929.121</ele><time>2022-07-31T21:22:23Z</time></trkpt><trkpt lat="-24.231940" lon="-49.312581"><ele>930.635</ele><time>2022-07-31T21:22:28Z</time></trkpt><trkpt lat="-24.231921" lon="-49.312634"><ele>926.138</ele><time>2022-07-31T21:23:33Z</time></trkpt><trkpt lat="-24.231959" lon="-49.312603"><ele>932.477</ele><time>2022-07-31T21:24:32Z</time></trkpt><trkpt lat="-24.231987" lon="-49.312555"><ele>941.718</ele><time>2022-07-31T21:24:45Z</time></trkpt><trkpt lat="-24.231950" lon="-49.312592"><ele>934.225</ele><time>2022-07-31T21:25:32Z</time></trkpt><trkpt lat="-24.231879" lon="-49.312626"><ele>930.772</ele><time>2022-07-31T21:26:38Z</time></trkpt><trkpt lat="-24.231808" lon="-49.312668"><ele>928.634</ele><time>2022-07-31T21:26:40Z</time></trkpt><trkpt lat="-24.231734" lon="-49.312717"><ele>929.155</ele><time>2022-07-31T21:26:42Z</time></trkpt><trkpt lat="-24.231673" lon="-49.312752"><ele>929.710</ele><time>2022-07-31T21:26:44Z</time></trkpt><trkpt lat="-24.231614" lon="-49.312782"><ele>929.509</ele><time>2022-07-31T21:26:46Z</time></trkpt><trkpt lat="-24.231546" lon="-49.312817"><ele>930.354</ele><time>2022-07-31T21:26:48Z</time></trkpt><trkpt lat="-24.231474" lon="-49.312852"><ele>933.733</ele><time>2022-07-31T21:26:50Z</time></trkpt><trkpt lat="-24.231400" lon="-49.312862"><ele>934.082</ele><time>2022-07-31T21:26:52Z</time></trkpt><trkpt lat="-24.231325" lon="-49.312871"><ele>935.056</ele><time>2022-07-31T21:26:54Z</time></trkpt><trkpt lat="-24.231253" lon="-49.312875"><ele>935.019</ele><time>2022-07-31T21:26:56Z</time></trkpt><trkpt lat="-24.231188" lon="-49.312869"><ele>936.018</ele><time>2022-07-31T21:26:58Z</time></trkpt><trkpt lat="-24.231122" lon="-49.312862"><ele>935.679</ele><time>2022-07-31T21:27:00Z</time></trkpt><trkpt lat="-24.231028" lon="-49.312837"><ele>936.496</ele><time>2022-07-31T21:27:02Z</time></trkpt><trkpt lat="-24.230979" lon="-49.312840"><ele>936.493</ele><time>2022-07-31T21:27:03Z</time></trkpt><trkpt lat="-24.230918" lon="-49.312831"><ele>939.985</ele><time>2022-07-31T21:27:05Z</time></trkpt><trkpt lat="-24.230869" lon="-49.312802"><ele>940.689</ele><time>2022-07-31T21:27:07Z</time></trkpt><trkpt lat="-24.230795" lon="-49.312788"><ele>941.117</ele><time>2022-07-31T21:27:09Z</time></trkpt><trkpt lat="-24.230750" lon="-49.312776"><ele>941.409</ele><time>2022-07-31T21:27:10Z</time></trkpt><trkpt lat="-24.230678" lon="-49.312774"><ele>942.429</ele><time>2022-07-31T21:27:12Z</time></trkpt><trkpt lat="-24.230607" lon="-49.312783"><ele>944.478</ele><time>2022-07-31T21:27:14Z</time></trkpt><trkpt lat="-24.230535" lon="-49.312806"><ele>945.987</ele><time>2022-07-31T21:27:16Z</time></trkpt><trkpt lat="-24.230461" lon="-49.312850"><ele>947.791</ele><time>2022-07-31T21:27:18Z</time></trkpt><trkpt lat="-24.230379" lon="-49.312919"><ele>951.234</ele><time>2022-07-31T21:27:20Z</time></trkpt><trkpt lat="-24.230343" lon="-49.312956"><ele>952.483</ele><time>2022-07-31T21:27:21Z</time></trkpt><trkpt lat="-24.230291" lon="-49.313012"><ele>952.564</ele><time>2022-07-31T21:27:22Z</time></trkpt><trkpt lat="-24.230266" lon="-49.313067"><ele>953.471</ele><time>2022-07-31T21:27:23Z</time></trkpt><trkpt lat="-24.230228" lon="-49.313106"><ele>954.178</ele><time>2022-07-31T21:27:24Z</time></trkpt><trkpt lat="-24.230168" lon="-49.313171"><ele>957.288</ele><time>2022-07-31T21:27:26Z</time></trkpt><trkpt lat="-24.230122" lon="-49.313221"><ele>962.224</ele><time>2022-07-31T21:27:28Z</time></trkpt><trkpt lat="-24.230083" lon="-49.313281"><ele>965.426</ele><time>2022-07-31T21:27:30Z</time></trkpt><trkpt lat="-24.230054" lon="-49.313319"><ele>966.809</ele><time>2022-07-31T21:27:31Z</time></trkpt><trkpt lat="-24.229989" lon="-49.313378"><ele>969.059</ele><time>2022-07-31T21:27:33Z</time></trkpt><trkpt lat="-24.229947" lon="-49.313415"><ele>970.468</ele><time>2022-07-31T21:27:34Z</time></trkpt><trkpt lat="-24.229887" lon="-49.313453"><ele>971.867</ele><time>2022-07-31T21:27:35Z</time></trkpt><trkpt lat="-24.229833" lon="-49.313479"><ele>972.011</ele><time>2022-07-31T21:27:36Z</time></trkpt><trkpt lat="-24.229779" lon="-49.313512"><ele>973.284</ele><time>2022-07-31T21:27:37Z</time></trkpt><trkpt lat="-24.229724" lon="-49.313534"><ele>973.123</ele><time>2022-07-31T21:27:38Z</time></trkpt><trkpt lat="-24.229674" lon="-49.313552"><ele>973.134</ele><time>2022-07-31T21:27:39Z</time></trkpt><trkpt lat="-24.229628" lon="-49.313561"><ele>974.041</ele><time>2022-07-31T21:27:40Z</time></trkpt><trkpt lat="-24.229531" lon="-49.313588"><ele>975.718</ele><time>2022-07-31T21:27:42Z</time></trkpt><trkpt lat="-24.229478" lon="-49.313596"><ele>977.062</ele><time>2022-07-31T21:27:43Z</time></trkpt><trkpt lat="-24.229424" lon="-49.313592"><ele>977.783</ele><time>2022-07-31T21:27:44Z</time></trkpt><trkpt lat="-24.229372" lon="-49.313591"><ele>978.511</ele><time>2022-07-31T21:27:45Z</time></trkpt><trkpt lat="-24.229320" lon="-49.313576"><ele>979.909</ele><time>2022-07-31T21:27:46Z</time></trkpt><trkpt lat="-24.229274" lon="-49.313565"><ele>979.587</ele><time>2022-07-31T21:27:47Z</time></trkpt><trkpt lat="-24.229229" lon="-49.313547"><ele>980.886</ele><time>2022-07-31T21:27:48Z</time></trkpt><trkpt lat="-24.229184" lon="-49.313526"><ele>981.655</ele><time>2022-07-31T21:27:49Z</time></trkpt><trkpt lat="-24.229134" lon="-49.313513"><ele>981.889</ele><time>2022-07-31T21:27:50Z</time></trkpt><trkpt lat="-24.229084" lon="-49.313501"><ele>981.672</ele><time>2022-07-31T21:27:51Z</time></trkpt><trkpt lat="-24.229026" lon="-49.313503"><ele>981.571</ele><time>2022-07-31T21:27:52Z</time></trkpt><trkpt lat="-24.228968" lon="-49.313518"><ele>982.482</ele><time>2022-07-31T21:27:53Z</time></trkpt><trkpt lat="-24.228914" lon="-49.313535"><ele>982.169</ele><time>2022-07-31T21:27:54Z</time></trkpt><trkpt lat="-24.228866" lon="-49.313549"><ele>981.076</ele><time>2022-07-31T21:27:55Z</time></trkpt><trkpt lat="-24.228822" lon="-49.313567"><ele>981.632</ele><time>2022-07-31T21:27:56Z</time></trkpt><trkpt lat="-24.228783" lon="-49.313602"><ele>984.992</ele><time>2022-07-31T21:27:57Z</time></trkpt><trkpt lat="-24.228739" lon="-49.313635"><ele>987.511</ele><time>2022-07-31T21:27:58Z</time></trkpt><trkpt lat="-24.228685" lon="-49.313673"><ele>988.409</ele><time>2022-07-31T21:27:59Z</time></trkpt><trkpt lat="-24.228635" lon="-49.313704"><ele>990.174</ele><time>2022-07-31T21:28:00Z</time></trkpt><trkpt lat="-24.228591" lon="-49.313725"><ele>989.573</ele><time>2022-07-31T21:28:01Z</time></trkpt><trkpt lat="-24.228544" lon="-49.313760"><ele>989.732</ele><time>2022-07-31T21:28:02Z</time></trkpt><trkpt lat="-24.228497" lon="-49.313778"><ele>991.046</ele><time>2022-07-31T21:28:03Z</time></trkpt><trkpt lat="-24.228452" lon="-49.313794"><ele>992.329</ele><time>2022-07-31T21:28:04Z</time></trkpt><trkpt lat="-24.228407" lon="-49.313808"><ele>994.898</ele><time>2022-07-31T21:28:05Z</time></trkpt><trkpt lat="-24.228363" lon="-49.313828"><ele>995.539</ele><time>2022-07-31T21:28:06Z</time></trkpt><trkpt lat="-24.228313" lon="-49.313843"><ele>997.376</ele><time>2022-07-31T21:28:08Z</time></trkpt><trkpt lat="-24.228250" lon="-49.313870"><ele>1002.263</ele><time>2022-07-31T21:28:25Z</time></trkpt><trkpt lat="-24.228188" lon="-49.313900"><ele>1002.567</ele><time>2022-07-31T21:28:26Z</time></trkpt><trkpt lat="-24.228141" lon="-49.313917"><ele>1003.381</ele><time>2022-07-31T21:28:27Z</time></trkpt><trkpt lat="-24.228087" lon="-49.313935"><ele>1004.619</ele><time>2022-07-31T21:28:28Z</time></trkpt><trkpt lat="-24.228038" lon="-49.313953"><ele>1004.309</ele><time>2022-07-31T21:28:29Z</time></trkpt><trkpt lat="-24.227933" lon="-49.313981"><ele>1005.777</ele><time>2022-07-31T21:28:31Z</time></trkpt><trkpt lat="-24.227877" lon="-49.314003"><ele>1006.596</ele><time>2022-07-31T21:28:32Z</time></trkpt><trkpt lat="-24.227813" lon="-49.314026"><ele>1006.825</ele><time>2022-07-31T21:28:33Z</time></trkpt><trkpt lat="-24.227753" lon="-49.314035"><ele>1007.159</ele><time>2022-07-31T21:28:34Z</time></trkpt><trkpt lat="-24.227692" lon="-49.314041"><ele>1007.262</ele><time>2022-07-31T21:28:35Z</time></trkpt><trkpt lat="-24.227632" lon="-49.314038"><ele>1007.281</ele><time>2022-07-31T21:28:36Z</time></trkpt><trkpt lat="-24.227573" lon="-49.314037"><ele>1007.262</ele><time>2022-07-31T21:28:37Z</time></trkpt><trkpt lat="-24.227516" lon="-49.314029"><ele>1007.719</ele><time>2022-07-31T21:28:38Z</time></trkpt><trkpt lat="-24.227424" lon="-49.314032"><ele>1010.056</ele><time>2022-07-31T21:28:40Z</time></trkpt><trkpt lat="-24.227361" lon="-49.314063"><ele>1010.192</ele><time>2022-07-31T21:28:42Z</time></trkpt><trkpt lat="-24.227306" lon="-49.314067"><ele>1018.773</ele><time>2022-07-31T21:28:54Z</time></trkpt><trkpt lat="-24.227287" lon="-49.314158"><ele>1020.020</ele><time>2022-07-31T21:29:55Z</time></trkpt><trkpt lat="-24.227270" lon="-49.314215"><ele>1019.109</ele><time>2022-07-31T21:29:56Z</time></trkpt><trkpt lat="-24.227247" lon="-49.314273"><ele>1017.970</ele><time>2022-07-31T21:29:57Z</time></trkpt><trkpt lat="-24.227236" lon="-49.314328"><ele>1017.039</ele><time>2022-07-31T21:29:58Z</time></trkpt><trkpt lat="-24.227228" lon="-49.314382"><ele>1017.288</ele><time>2022-07-31T21:29:59Z</time></trkpt><trkpt lat="-24.227208" lon="-49.314442"><ele>1016.592</ele><time>2022-07-31T21:30:00Z</time></trkpt><trkpt lat="-24.227195" lon="-49.314505"><ele>1018.095</ele><time>2022-07-31T21:30:01Z</time></trkpt><trkpt lat="-24.227175" lon="-49.314566"><ele>1018.484</ele><time>2022-07-31T21:30:02Z</time></trkpt><trkpt lat="-24.227153" lon="-49.314631"><ele>1019.065</ele><time>2022-07-31T21:30:03Z</time></trkpt><trkpt lat="-24.227132" lon="-49.314701"><ele>1018.852</ele><time>2022-07-31T21:30:04Z</time></trkpt><trkpt lat="-24.227108" lon="-49.314772"><ele>1019.679</ele><time>2022-07-31T21:30:05Z</time></trkpt><trkpt lat="-24.227077" lon="-49.314832"><ele>1018.414</ele><time>2022-07-31T21:30:06Z</time></trkpt><trkpt lat="-24.227051" lon="-49.314897"><ele>1017.954</ele><time>2022-07-31T21:30:07Z</time></trkpt><trkpt lat="-24.227039" lon="-49.314979"><ele>1018.109</ele><time>2022-07-31T21:30:08Z</time></trkpt><trkpt lat="-24.227013" lon="-49.315069"><ele>1015.909</ele><time>2022-07-31T21:30:09Z</time></trkpt><trkpt lat="-24.226991" lon="-49.315127"><ele>1016.172</ele><time>2022-07-31T21:30:10Z</time></trkpt><trkpt lat="-24.226953" lon="-49.315186"><ele>1014.841</ele><time>2022-07-31T21:30:11Z</time></trkpt><trkpt lat="-24.226938" lon="-49.315245"><ele>1015.780</ele><time>2022-07-31T21:30:12Z</time></trkpt><trkpt lat="-24.226907" lon="-49.315305"><ele>1016.184</ele><time>2022-07-31T21:30:13Z</time></trkpt><trkpt lat="-24.226880" lon="-49.315366"><ele>1018.017</ele><time>2022-07-31T21:30:14Z</time></trkpt><trkpt lat="-24.226874" lon="-49.315433"><ele>1018.696</ele><time>2022-07-31T21:30:15Z</time></trkpt><trkpt lat="-24.226868" lon="-49.315492"><ele>1015.577</ele><time>2022-07-31T21:30:16Z</time></trkpt><trkpt lat="-24.226856" lon="-49.315568"><ele>1015.254</ele><time>2022-07-31T21:30:17Z</time></trkpt><trkpt lat="-24.226841" lon="-49.315631"><ele>1015.031</ele><time>2022-07-31T21:30:18Z</time></trkpt><trkpt lat="-24.226802" lon="-49.315718"><ele>1015.061</ele><time>2022-07-31T21:30:20Z</time></trkpt><trkpt lat="-24.226784" lon="-49.315785"><ele>1012.421</ele><time>2022-07-31T21:30:21Z</time></trkpt><trkpt lat="-24.226774" lon="-49.315835"><ele>1013.413</ele><time>2022-07-31T21:30:22Z</time></trkpt><trkpt lat="-24.226759" lon="-49.315887"><ele>1014.909</ele><time>2022-07-31T21:30:23Z</time></trkpt><trkpt lat="-24.226744" lon="-49.315949"><ele>1014.617</ele><time>2022-07-31T21:30:24Z</time></trkpt><trkpt lat="-24.226740" lon="-49.316009"><ele>1015.086</ele><time>2022-07-31T21:30:25Z</time></trkpt><trkpt lat="-24.226736" lon="-49.316072"><ele>1015.085</ele><time>2022-07-31T21:30:26Z</time></trkpt><trkpt lat="-24.226722" lon="-49.316137"><ele>1014.599</ele><time>2022-07-31T21:30:27Z</time></trkpt><trkpt lat="-24.226713" lon="-49.316203"><ele>1015.012</ele><time>2022-07-31T21:30:28Z</time></trkpt><trkpt lat="-24.226698" lon="-49.316263"><ele>1014.781</ele><time>2022-07-31T21:30:29Z</time></trkpt><trkpt lat="-24.226675" lon="-49.316329"><ele>1013.612</ele><time>2022-07-31T21:30:30Z</time></trkpt><trkpt lat="-24.226668" lon="-49.316395"><ele>1013.899</ele><time>2022-07-31T21:30:31Z</time></trkpt><trkpt lat="-24.226650" lon="-49.316462"><ele>1012.826</ele><time>2022-07-31T21:30:32Z</time></trkpt><trkpt lat="-24.226641" lon="-49.316533"><ele>1014.378</ele><time>2022-07-31T21:30:33Z</time></trkpt><trkpt lat="-24.226627" lon="-49.316601"><ele>1014.033</ele><time>2022-07-31T21:30:34Z</time></trkpt><trkpt lat="-24.226601" lon="-49.316671"><ele>1014.426</ele><time>2022-07-31T21:30:35Z</time></trkpt><trkpt lat="-24.226600" lon="-49.316728"><ele>1016.009</ele><time>2022-07-31T21:30:36Z</time></trkpt><trkpt lat="-24.226595" lon="-49.316804"><ele>1016.148</ele><time>2022-07-31T21:30:37Z</time></trkpt><trkpt lat="-24.226579" lon="-49.316878"><ele>1015.977</ele><time>2022-07-31T21:30:38Z</time></trkpt><trkpt lat="-24.226557" lon="-49.316946"><ele>1014.736</ele><time>2022-07-31T21:30:39Z</time></trkpt><trkpt lat="-24.226539" lon="-49.317005"><ele>1015.580</ele><time>2022-07-31T21:30:40Z</time></trkpt><trkpt lat="-24.226526" lon="-49.317068"><ele>1016.013</ele><time>2022-07-31T21:30:41Z</time></trkpt><trkpt lat="-24.226521" lon="-49.317129"><ele>1015.662</ele><time>2022-07-31T21:30:42Z</time></trkpt><trkpt lat="-24.226513" lon="-49.317199"><ele>1015.693</ele><time>2022-07-31T21:30:43Z</time></trkpt><trkpt lat="-24.226501" lon="-49.317263"><ele>1016.330</ele><time>2022-07-31T21:30:44Z</time></trkpt><trkpt lat="-24.226488" lon="-49.317340"><ele>1016.257</ele><time>2022-07-31T21:30:45Z</time></trkpt><trkpt lat="-24.226464" lon="-49.317416"><ele>1015.933</ele><time>2022-07-31T21:30:46Z</time></trkpt><trkpt lat="-24.226439" lon="-49.317483"><ele>1015.723</ele><time>2022-07-31T21:30:47Z</time></trkpt><trkpt lat="-24.226408" lon="-49.317527"><ele>1018.515</ele><time>2022-07-31T21:30:48Z</time></trkpt><trkpt lat="-24.226366" lon="-49.317603"><ele>1015.209</ele><time>2022-07-31T21:30:49Z</time></trkpt><trkpt lat="-24.226329" lon="-49.317673"><ele>1015.794</ele><time>2022-07-31T21:30:50Z</time></trkpt><trkpt lat="-24.226275" lon="-49.317725"><ele>1016.053</ele><time>2022-07-31T21:30:51Z</time></trkpt><trkpt lat="-24.226238" lon="-49.317766"><ele>1016.292</ele><time>2022-07-31T21:30:52Z</time></trkpt><trkpt lat="-24.226179" lon="-49.317838"><ele>1015.696</ele><time>2022-07-31T21:30:53Z</time></trkpt><trkpt lat="-24.226124" lon="-49.317910"><ele>1015.199</ele><time>2022-07-31T21:30:54Z</time></trkpt><trkpt lat="-24.226064" lon="-49.317970"><ele>1015.368</ele><time>2022-07-31T21:30:55Z</time></trkpt><trkpt lat="-24.225996" lon="-49.318035"><ele>1015.399</ele><time>2022-07-31T21:30:56Z</time></trkpt><trkpt lat="-24.225931" lon="-49.318092"><ele>1015.716</ele><time>2022-07-31T21:30:57Z</time></trkpt><trkpt lat="-24.225883" lon="-49.318145"><ele>1016.063</ele><time>2022-07-31T21:30:58Z</time></trkpt><trkpt lat="-24.225828" lon="-49.318208"><ele>1015.713</ele><time>2022-07-31T21:30:59Z</time></trkpt><trkpt lat="-24.225766" lon="-49.318282"><ele>1013.743</ele><time>2022-07-31T21:31:00Z</time></trkpt><trkpt lat="-24.225706" lon="-49.318352"><ele>1013.907</ele><time>2022-07-31T21:31:01Z</time></trkpt><trkpt lat="-24.225649" lon="-49.318439"><ele>1015.609</ele><time>2022-07-31T21:31:02Z</time></trkpt><trkpt lat="-24.225593" lon="-49.318512"><ele>1017.122</ele><time>2022-07-31T21:31:03Z</time></trkpt><trkpt lat="-24.225531" lon="-49.318587"><ele>1017.421</ele><time>2022-07-31T21:31:04Z</time></trkpt><trkpt lat="-24.225475" lon="-49.318658"><ele>1017.370</ele><time>2022-07-31T21:31:05Z</time></trkpt><trkpt lat="-24.225413" lon="-49.318731"><ele>1016.984</ele><time>2022-07-31T21:31:06Z</time></trkpt><trkpt lat="-24.225363" lon="-49.318792"><ele>1016.667</ele><time>2022-07-31T21:31:07Z</time></trkpt><trkpt lat="-24.225305" lon="-49.318893"><ele>1017.896</ele><time>2022-07-31T21:31:08Z</time></trkpt><trkpt lat="-24.225251" lon="-49.318975"><ele>1018.047</ele><time>2022-07-31T21:31:09Z</time></trkpt><trkpt lat="-24.225206" lon="-49.319065"><ele>1018.124</ele><time>2022-07-31T21:31:10Z</time></trkpt><trkpt lat="-24.225164" lon="-49.319142"><ele>1017.141</ele><time>2022-07-31T21:31:11Z</time></trkpt><trkpt lat="-24.225120" lon="-49.319230"><ele>1016.987</ele><time>2022-07-31T21:31:12Z</time></trkpt><trkpt lat="-24.225068" lon="-49.319309"><ele>1017.742</ele><time>2022-07-31T21:31:13Z</time></trkpt><trkpt lat="-24.225024" lon="-49.319397"><ele>1017.226</ele><time>2022-07-31T21:31:14Z</time></trkpt><trkpt lat="-24.224971" lon="-49.319493"><ele>1016.309</ele><time>2022-07-31T21:31:15Z</time></trkpt><trkpt lat="-24.224922" lon="-49.319579"><ele>1015.869</ele><time>2022-07-31T21:31:16Z</time></trkpt><trkpt lat="-24.224871" lon="-49.319661"><ele>1016.238</ele><time>2022-07-31T21:31:17Z</time></trkpt><trkpt lat="-24.224835" lon="-49.319750"><ele>1017.467</ele><time>2022-07-31T21:31:18Z</time></trkpt><trkpt lat="-24.224788" lon="-49.319825"><ele>1019.571</ele><time>2022-07-31T21:31:19Z</time></trkpt><trkpt lat="-24.224752" lon="-49.319903"><ele>1019.924</ele><time>2022-07-31T21:31:20Z</time></trkpt><trkpt lat="-24.224717" lon="-49.319970"><ele>1018.313</ele><time>2022-07-31T21:31:21Z</time></trkpt><trkpt lat="-24.224674" lon="-49.320056"><ele>1017.844</ele><time>2022-07-31T21:31:22Z</time></trkpt><trkpt lat="-24.224647" lon="-49.320149"><ele>1017.571</ele><time>2022-07-31T21:31:23Z</time></trkpt><trkpt lat="-24.224613" lon="-49.320241"><ele>1017.168</ele><time>2022-07-31T21:31:24Z</time></trkpt><trkpt lat="-24.224575" lon="-49.320332"><ele>1017.382</ele><time>2022-07-31T21:31:25Z</time></trkpt><trkpt lat="-24.224536" lon="-49.320442"><ele>1016.643</ele><time>2022-07-31T21:31:26Z</time></trkpt><trkpt lat="-24.224476" lon="-49.320532"><ele>1016.917</ele><time>2022-07-31T21:31:27Z</time></trkpt><trkpt lat="-24.224416" lon="-49.320617"><ele>1015.509</ele><time>2022-07-31T21:31:28Z</time></trkpt><trkpt lat="-24.224344" lon="-49.320714"><ele>1015.119</ele><time>2022-07-31T21:31:29Z</time></trkpt><trkpt lat="-24.224269" lon="-49.320810"><ele>1016.578</ele><time>2022-07-31T21:31:30Z</time></trkpt><trkpt lat="-24.224185" lon="-49.320902"><ele>1016.957</ele><time>2022-07-31T21:31:31Z</time></trkpt><trkpt lat="-24.224090" lon="-49.320987"><ele>1017.861</ele><time>2022-07-31T21:31:32Z</time></trkpt><trkpt lat="-24.224028" lon="-49.321048"><ele>1017.364</ele><time>2022-07-31T21:31:33Z</time></trkpt><trkpt lat="-24.223928" lon="-49.321128"><ele>1016.693</ele><time>2022-07-31T21:31:34Z</time></trkpt><trkpt lat="-24.223816" lon="-49.321198"><ele>1015.954</ele><time>2022-07-31T21:31:35Z</time></trkpt><trkpt lat="-24.223708" lon="-49.321252"><ele>1015.621</ele><time>2022-07-31T21:31:36Z</time></trkpt><trkpt lat="-24.223603" lon="-49.321293"><ele>1016.658</ele><time>2022-07-31T21:31:37Z</time></trkpt><trkpt lat="-24.223502" lon="-49.321357"><ele>1015.265</ele><time>2022-07-31T21:31:38Z</time></trkpt><trkpt lat="-24.223397" lon="-49.321423"><ele>1015.268</ele><time>2022-07-31T21:31:39Z</time></trkpt><trkpt lat="-24.223293" lon="-49.321494"><ele>1016.214</ele><time>2022-07-31T21:31:40Z</time></trkpt><trkpt lat="-24.223199" lon="-49.321554"><ele>1016.509</ele><time>2022-07-31T21:31:41Z</time></trkpt><trkpt lat="-24.223095" lon="-49.321618"><ele>1015.887</ele><time>2022-07-31T21:31:42Z</time></trkpt><trkpt lat="-24.222993" lon="-49.321682"><ele>1015.326</ele><time>2022-07-31T21:31:43Z</time></trkpt><trkpt lat="-24.222939" lon="-49.321697"><ele>1008.835</ele><time>2022-07-31T21:31:44Z</time></trkpt><trkpt lat="-24.222840" lon="-49.321759"><ele>1008.349</ele><time>2022-07-31T21:31:45Z</time></trkpt><trkpt lat="-24.222751" lon="-49.321816"><ele>1008.112</ele><time>2022-07-31T21:31:46Z</time></trkpt><trkpt lat="-24.222669" lon="-49.321881"><ele>1008.331</ele><time>2022-07-31T21:31:47Z</time></trkpt><trkpt lat="-24.222610" lon="-49.321907"><ele>1006.452</ele><time>2022-07-31T21:31:48Z</time></trkpt><trkpt lat="-24.222540" lon="-49.321948"><ele>1007.089</ele><time>2022-07-31T21:31:49Z</time></trkpt><trkpt lat="-24.222481" lon="-49.321984"><ele>1007.436</ele><time>2022-07-31T21:31:50Z</time></trkpt><trkpt lat="-24.222430" lon="-49.322018"><ele>1006.786</ele><time>2022-07-31T21:31:51Z</time></trkpt><trkpt lat="-24.222360" lon="-49.322073"><ele>1006.060</ele><time>2022-07-31T21:31:52Z</time></trkpt><trkpt lat="-24.222299" lon="-49.322108"><ele>1005.726</ele><time>2022-07-31T21:31:53Z</time></trkpt><trkpt lat="-24.222225" lon="-49.322181"><ele>1004.509</ele><time>2022-07-31T21:31:54Z</time></trkpt><trkpt lat="-24.222154" lon="-49.322225"><ele>1004.679</ele><time>2022-07-31T21:31:55Z</time></trkpt><trkpt lat="-24.222069" lon="-49.322284"><ele>1006.068</ele><time>2022-07-31T21:31:56Z</time></trkpt><trkpt lat="-24.221997" lon="-49.322333"><ele>1006.757</ele><time>2022-07-31T21:31:57Z</time></trkpt><trkpt lat="-24.221913" lon="-49.322389"><ele>1006.721</ele><time>2022-07-31T21:31:58Z</time></trkpt><trkpt lat="-24.221827" lon="-49.322390"><ele>1004.014</ele><time>2022-07-31T21:31:59Z</time></trkpt><trkpt lat="-24.221739" lon="-49.322434"><ele>1004.383</ele><time>2022-07-31T21:32:00Z</time></trkpt><trkpt lat="-24.221642" lon="-49.322464"><ele>1004.264</ele><time>2022-07-31T21:32:01Z</time></trkpt><trkpt lat="-24.221544" lon="-49.322490"><ele>1004.411</ele><time>2022-07-31T21:32:02Z</time></trkpt><trkpt lat="-24.221443" lon="-49.322523"><ele>1005.128</ele><time>2022-07-31T21:32:03Z</time></trkpt><trkpt lat="-24.221322" lon="-49.322573"><ele>1004.858</ele><time>2022-07-31T21:32:04Z</time></trkpt><trkpt lat="-24.221212" lon="-49.322596"><ele>1004.752</ele><time>2022-07-31T21:32:05Z</time></trkpt><trkpt lat="-24.221107" lon="-49.322631"><ele>1003.617</ele><time>2022-07-31T21:32:06Z</time></trkpt><trkpt lat="-24.221009" lon="-49.322641"><ele>1003.309</ele><time>2022-07-31T21:32:07Z</time></trkpt><trkpt lat="-24.220919" lon="-49.322678"><ele>1003.586</ele><time>2022-07-31T21:32:08Z</time></trkpt><trkpt lat="-24.220840" lon="-49.322733"><ele>1003.225</ele><time>2022-07-31T21:32:09Z</time></trkpt><trkpt lat="-24.220769" lon="-49.322789"><ele>1003.674</ele><time>2022-07-31T21:32:10Z</time></trkpt><trkpt lat="-24.220719" lon="-49.322836"><ele>1003.518</ele><time>2022-07-31T21:32:11Z</time></trkpt><trkpt lat="-24.220667" lon="-49.322905"><ele>1004.571</ele><time>2022-07-31T21:32:12Z</time></trkpt><trkpt lat="-24.220615" lon="-49.322960"><ele>1004.190</ele><time>2022-07-31T21:32:13Z</time></trkpt><trkpt lat="-24.220558" lon="-49.323028"><ele>1004.371</ele><time>2022-07-31T21:32:14Z</time></trkpt><trkpt lat="-24.220483" lon="-49.323136"><ele>995.348</ele><time>2022-07-31T21:32:16Z</time></trkpt><trkpt lat="-24.220447" lon="-49.323196"><ele>994.255</ele><time>2022-07-31T21:32:17Z</time></trkpt><trkpt lat="-24.220403" lon="-49.323269"><ele>995.396</ele><time>2022-07-31T21:32:18Z</time></trkpt><trkpt lat="-24.220354" lon="-49.323356"><ele>994.931</ele><time>2022-07-31T21:32:19Z</time></trkpt><trkpt lat="-24.220308" lon="-49.323435"><ele>994.324</ele><time>2022-07-31T21:32:20Z</time></trkpt><trkpt lat="-24.220269" lon="-49.323524"><ele>993.809</ele><time>2022-07-31T21:32:21Z</time></trkpt><trkpt lat="-24.220219" lon="-49.323615"><ele>993.330</ele><time>2022-07-31T21:32:22Z</time></trkpt><trkpt lat="-24.220193" lon="-49.323715"><ele>993.089</ele><time>2022-07-31T21:32:23Z</time></trkpt><trkpt lat="-24.220168" lon="-49.323801"><ele>993.528</ele><time>2022-07-31T21:32:24Z</time></trkpt><trkpt lat="-24.220141" lon="-49.323885"><ele>993.532</ele><time>2022-07-31T21:32:25Z</time></trkpt><trkpt lat="-24.220117" lon="-49.323972"><ele>993.255</ele><time>2022-07-31T21:32:26Z</time></trkpt><trkpt lat="-24.220096" lon="-49.324053"><ele>993.714</ele><time>2022-07-31T21:32:27Z</time></trkpt><trkpt lat="-24.220073" lon="-49.324128"><ele>994.235</ele><time>2022-07-31T21:32:28Z</time></trkpt><trkpt lat="-24.220036" lon="-49.324182"><ele>994.792</ele><time>2022-07-31T21:32:29Z</time></trkpt><trkpt lat="-24.220004" lon="-49.324235"><ele>998.899</ele><time>2022-07-31T21:32:32Z</time></trkpt><trkpt lat="-24.219950" lon="-49.324204"><ele>998.927</ele><time>2022-07-31T21:32:35Z</time></trkpt><trkpt lat="-24.219917" lon="-49.324143"><ele>998.768</ele><time>2022-07-31T21:32:37Z</time></trkpt><trkpt lat="-24.219861" lon="-49.324091"><ele>999.314</ele><time>2022-07-31T21:32:39Z</time></trkpt><trkpt lat="-24.219814" lon="-49.324085"><ele>997.409</ele><time>2022-07-31T21:32:41Z</time></trkpt><trkpt lat="-24.219796" lon="-49.324139"><ele>997.633</ele><time>2022-07-31T21:32:43Z</time></trkpt><trkpt lat="-24.219789" lon="-49.324223"><ele>998.152</ele><time>2022-07-31T21:32:44Z</time></trkpt><trkpt lat="-24.219790" lon="-49.324280"><ele>998.221</ele><time>2022-07-31T21:32:45Z</time></trkpt><trkpt lat="-24.219803" lon="-49.324344"><ele>998.855</ele><time>2022-07-31T21:32:46Z</time></trkpt><trkpt lat="-24.219810" lon="-49.324416"><ele>997.858</ele><time>2022-07-31T21:32:47Z</time></trkpt><trkpt lat="-24.219823" lon="-49.324485"><ele>999.447</ele><time>2022-07-31T21:32:48Z</time></trkpt><trkpt lat="-24.219853" lon="-49.324555"><ele>1000.418</ele><time>2022-07-31T21:32:49Z</time></trkpt><trkpt lat="-24.219874" lon="-49.324634"><ele>1000.155</ele><time>2022-07-31T21:32:50Z</time></trkpt><trkpt lat="-24.219900" lon="-49.324710"><ele>1000.562</ele><time>2022-07-31T21:32:51Z</time></trkpt><trkpt lat="-24.219897" lon="-49.324801"><ele>999.421</ele><time>2022-07-31T21:32:52Z</time></trkpt><trkpt lat="-24.219912" lon="-49.324876"><ele>999.241</ele><time>2022-07-31T21:32:53Z</time></trkpt><trkpt lat="-24.219929" lon="-49.324972"><ele>999.805</ele><time>2022-07-31T21:32:54Z</time></trkpt><trkpt lat="-24.219946" lon="-49.325056"><ele>1001.309</ele><time>2022-07-31T21:32:55Z</time></trkpt><trkpt lat="-24.219966" lon="-49.325139"><ele>1001.113</ele><time>2022-07-31T21:32:56Z</time></trkpt><trkpt lat="-24.219986" lon="-49.325221"><ele>1001.982</ele><time>2022-07-31T21:32:57Z</time></trkpt><trkpt lat="-24.220010" lon="-49.325308"><ele>1001.531</ele><time>2022-07-31T21:32:58Z</time></trkpt><trkpt lat="-24.220033" lon="-49.325390"><ele>1001.825</ele><time>2022-07-31T21:32:59Z</time></trkpt><trkpt lat="-24.220049" lon="-49.325469"><ele>1002.248</ele><time>2022-07-31T21:33:00Z</time></trkpt><trkpt lat="-24.220069" lon="-49.325554"><ele>1002.767</ele><time>2022-07-31T21:33:01Z</time></trkpt><trkpt lat="-24.220089" lon="-49.325627"><ele>1003.488</ele><time>2022-07-31T21:33:02Z</time></trkpt><trkpt lat="-24.220096" lon="-49.325708"><ele>1002.225</ele><time>2022-07-31T21:33:03Z</time></trkpt><trkpt lat="-24.220094" lon="-49.325780"><ele>1002.132</ele><time>2022-07-31T21:33:04Z</time></trkpt><trkpt lat="-24.220095" lon="-49.325852"><ele>1001.856</ele><time>2022-07-31T21:33:05Z</time></trkpt><trkpt lat="-24.220102" lon="-49.325924"><ele>1001.259</ele><time>2022-07-31T21:33:06Z</time></trkpt><trkpt lat="-24.220076" lon="-49.326005"><ele>1000.214</ele><time>2022-07-31T21:33:07Z</time></trkpt><trkpt lat="-24.220060" lon="-49.326068"><ele>1001.409</ele><time>2022-07-31T21:33:08Z</time></trkpt><trkpt lat="-24.220028" lon="-49.326135"><ele>1002.496</ele><time>2022-07-31T21:33:09Z</time></trkpt><trkpt lat="-24.220003" lon="-49.326210"><ele>1001.675</ele><time>2022-07-31T21:33:10Z</time></trkpt><trkpt lat="-24.219961" lon="-49.326282"><ele>1000.514</ele><time>2022-07-31T21:33:11Z</time></trkpt><trkpt lat="-24.219925" lon="-49.326360"><ele>999.088</ele><time>2022-07-31T21:33:12Z</time></trkpt><trkpt lat="-24.219880" lon="-49.326435"><ele>997.941</ele><time>2022-07-31T21:33:13Z</time></trkpt><trkpt lat="-24.219842" lon="-49.326511"><ele>998.040</ele><time>2022-07-31T21:33:14Z</time></trkpt><trkpt lat="-24.219800" lon="-49.326588"><ele>997.331</ele><time>2022-07-31T21:33:15Z</time></trkpt><trkpt lat="-24.219762" lon="-49.326664"><ele>997.078</ele><time>2022-07-31T21:33:16Z</time></trkpt><trkpt lat="-24.219726" lon="-49.326746"><ele>996.715</ele><time>2022-07-31T21:33:17Z</time></trkpt><trkpt lat="-24.219699" lon="-49.326825"><ele>994.695</ele><time>2022-07-31T21:33:18Z</time></trkpt><trkpt lat="-24.219668" lon="-49.326914"><ele>993.449</ele><time>2022-07-31T21:33:19Z</time></trkpt><trkpt lat="-24.219650" lon="-49.326995"><ele>992.523</ele><time>2022-07-31T21:33:20Z</time></trkpt><trkpt lat="-24.219634" lon="-49.327088"><ele>992.709</ele><time>2022-07-31T21:33:21Z</time></trkpt><trkpt lat="-24.219631" lon="-49.327181"><ele>992.970</ele><time>2022-07-31T21:33:22Z</time></trkpt><trkpt lat="-24.219628" lon="-49.327269"><ele>993.489</ele><time>2022-07-31T21:33:23Z</time></trkpt><trkpt lat="-24.219633" lon="-49.327356"><ele>993.888</ele><time>2022-07-31T21:33:24Z</time></trkpt><trkpt lat="-24.219640" lon="-49.327443"><ele>995.182</ele><time>2022-07-31T21:33:25Z</time></trkpt><trkpt lat="-24.219650" lon="-49.327520"><ele>995.915</ele><time>2022-07-31T21:33:26Z</time></trkpt><trkpt lat="-24.219662" lon="-49.327605"><ele>996.534</ele><time>2022-07-31T21:33:27Z</time></trkpt><trkpt lat="-24.219676" lon="-49.327692"><ele>997.595</ele><time>2022-07-31T21:33:28Z</time></trkpt><trkpt lat="-24.219687" lon="-49.327779"><ele>999.112</ele><time>2022-07-31T21:33:29Z</time></trkpt><trkpt lat="-24.219692" lon="-49.327864"><ele>1000.489</ele><time>2022-07-31T21:33:30Z</time></trkpt><trkpt lat="-24.219693" lon="-49.327938"><ele>1000.785</ele><time>2022-07-31T21:33:31Z</time></trkpt><trkpt lat="-24.219688" lon="-49.328005"><ele>1001.489</ele><time>2022-07-31T21:33:32Z</time></trkpt><trkpt lat="-24.219672" lon="-49.328078"><ele>1001.517</ele><time>2022-07-31T21:33:33Z</time></trkpt><trkpt lat="-24.219662" lon="-49.328145"><ele>1002.109</ele><time>2022-07-31T21:33:34Z</time></trkpt><trkpt lat="-24.219642" lon="-49.328208"><ele>1003.479</ele><time>2022-07-31T21:33:35Z</time></trkpt><trkpt lat="-24.219609" lon="-49.328273"><ele>1003.658</ele><time>2022-07-31T21:33:36Z</time></trkpt><trkpt lat="-24.219578" lon="-49.328346"><ele>1004.117</ele><time>2022-07-31T21:33:37Z</time></trkpt><trkpt lat="-24.219535" lon="-49.328403"><ele>1005.281</ele><time>2022-07-31T21:33:38Z</time></trkpt><trkpt lat="-24.219495" lon="-49.328463"><ele>1006.434</ele><time>2022-07-31T21:33:39Z</time></trkpt><trkpt lat="-24.219455" lon="-49.328525"><ele>1006.313</ele><time>2022-07-31T21:33:40Z</time></trkpt><trkpt lat="-24.219422" lon="-49.328574"><ele>1007.324</ele><time>2022-07-31T21:33:41Z</time></trkpt><trkpt lat="-24.219383" lon="-49.328636"><ele>1007.421</ele><time>2022-07-31T21:33:42Z</time></trkpt><trkpt lat="-24.219339" lon="-49.328703"><ele>1007.628</ele><time>2022-07-31T21:33:43Z</time></trkpt><trkpt lat="-24.219302" lon="-49.328772"><ele>1007.651</ele><time>2022-07-31T21:33:44Z</time></trkpt><trkpt lat="-24.219255" lon="-49.328841"><ele>1008.701</ele><time>2022-07-31T21:33:45Z</time></trkpt><trkpt lat="-24.219215" lon="-49.328909"><ele>1009.911</ele><time>2022-07-31T21:33:46Z</time></trkpt><trkpt lat="-24.219175" lon="-49.328982"><ele>1010.509</ele><time>2022-07-31T21:33:47Z</time></trkpt><trkpt lat="-24.219133" lon="-49.329056"><ele>1011.566</ele><time>2022-07-31T21:33:48Z</time></trkpt><trkpt lat="-24.219091" lon="-49.329115"><ele>1012.195</ele><time>2022-07-31T21:33:49Z</time></trkpt><trkpt lat="-24.219052" lon="-49.329186"><ele>1013.134</ele><time>2022-07-31T21:33:50Z</time></trkpt><trkpt lat="-24.219015" lon="-49.329254"><ele>1013.988</ele><time>2022-07-31T21:33:51Z</time></trkpt><trkpt lat="-24.218975" lon="-49.329317"><ele>1014.391</ele><time>2022-07-31T21:33:52Z</time></trkpt><trkpt lat="-24.218936" lon="-49.329376"><ele>1014.610</ele><time>2022-07-31T21:33:53Z</time></trkpt><trkpt lat="-24.218900" lon="-49.329443"><ele>1014.931</ele><time>2022-07-31T21:33:54Z</time></trkpt><trkpt lat="-24.218862" lon="-49.329512"><ele>1015.098</ele><time>2022-07-31T21:33:55Z</time></trkpt><trkpt lat="-24.218824" lon="-49.329582"><ele>1015.375</ele><time>2022-07-31T21:33:56Z</time></trkpt><trkpt lat="-24.218783" lon="-49.329648"><ele>1015.882</ele><time>2022-07-31T21:33:57Z</time></trkpt><trkpt lat="-24.218746" lon="-49.329717"><ele>1015.943</ele><time>2022-07-31T21:33:58Z</time></trkpt><trkpt lat="-24.218728" lon="-49.329776"><ele>1018.717</ele><time>2022-07-31T21:33:59Z</time></trkpt><trkpt lat="-24.218688" lon="-49.329849"><ele>1018.809</ele><time>2022-07-31T21:34:00Z</time></trkpt><trkpt lat="-24.218654" lon="-49.329922"><ele>1019.139</ele><time>2022-07-31T21:34:01Z</time></trkpt><trkpt lat="-24.218618" lon="-49.329986"><ele>1019.098</ele><time>2022-07-31T21:34:02Z</time></trkpt><trkpt lat="-24.218585" lon="-49.330058"><ele>1022.447</ele><time>2022-07-31T21:34:04Z</time></trkpt><trkpt lat="-24.218569" lon="-49.330121"><ele>1021.991</ele><time>2022-07-31T21:34:06Z</time></trkpt><trkpt lat="-24.218533" lon="-49.330169"><ele>1021.944</ele><time>2022-07-31T21:34:11Z</time></trkpt><trkpt lat="-24.218480" lon="-49.330236"><ele>1022.873</ele><time>2022-07-31T21:34:13Z</time></trkpt><trkpt lat="-24.218450" lon="-49.330285"><ele>1022.994</ele><time>2022-07-31T21:34:14Z</time></trkpt><trkpt lat="-24.218417" lon="-49.330336"><ele>1022.741</ele><time>2022-07-31T21:34:15Z</time></trkpt><trkpt lat="-24.218390" lon="-49.330388"><ele>1022.238</ele><time>2022-07-31T21:34:16Z</time></trkpt><trkpt lat="-24.218344" lon="-49.330461"><ele>1022.963</ele><time>2022-07-31T21:34:18Z</time></trkpt><trkpt lat="-24.218314" lon="-49.330513"><ele>1022.644</ele><time>2022-07-31T21:34:20Z</time></trkpt><trkpt lat="-24.218295" lon="-49.330561"><ele>1023.218</ele><time>2022-07-31T21:34:22Z</time></trkpt><trkpt lat="-24.218282" lon="-49.330615"><ele>1024.009</ele><time>2022-07-31T21:34:25Z</time></trkpt><trkpt lat="-24.218261" lon="-49.330674"><ele>1024.227</ele><time>2022-07-31T21:34:29Z</time></trkpt><trkpt lat="-24.218242" lon="-49.330739"><ele>1024.036</ele><time>2022-07-31T21:34:32Z</time></trkpt><trkpt lat="-24.218201" lon="-49.330800"><ele>1025.825</ele><time>2022-07-31T21:34:46Z</time></trkpt><trkpt lat="-24.218167" lon="-49.330872"><ele>1025.239</ele><time>2022-07-31T21:34:48Z</time></trkpt><trkpt lat="-24.218131" lon="-49.330943"><ele>1024.822</ele><time>2022-07-31T21:34:50Z</time></trkpt><trkpt lat="-24.218099" lon="-49.330994"><ele>1024.661</ele><time>2022-07-31T21:34:52Z</time></trkpt><trkpt lat="-24.218139" lon="-49.330967"><ele>1026.722</ele><time>2022-07-31T21:34:59Z</time></trkpt><trkpt lat="-24.218168" lon="-49.330901"><ele>1026.969</ele><time>2022-07-31T21:35:01Z</time></trkpt><trkpt lat="-24.218190" lon="-49.330848"><ele>1027.736</ele><time>2022-07-31T21:35:03Z</time></trkpt><trkpt lat="-24.218215" lon="-49.330793"><ele>1028.272</ele><time>2022-07-31T21:35:05Z</time></trkpt><trkpt lat="-24.218248" lon="-49.330710"><ele>1028.113</ele><time>2022-07-31T21:35:07Z</time></trkpt><trkpt lat="-24.218270" lon="-49.330659"><ele>1029.014</ele><time>2022-07-31T21:35:08Z</time></trkpt><trkpt lat="-24.218292" lon="-49.330608"><ele>1029.809</ele><time>2022-07-31T21:35:09Z</time></trkpt><trkpt lat="-24.218316" lon="-49.330564"><ele>1030.538</ele><time>2022-07-31T21:35:10Z</time></trkpt><trkpt lat="-24.218339" lon="-49.330502"><ele>1030.357</ele><time>2022-07-31T21:35:11Z</time></trkpt><trkpt lat="-24.218368" lon="-49.330452"><ele>1030.156</ele><time>2022-07-31T21:35:12Z</time></trkpt><trkpt lat="-24.218423" lon="-49.330353"><ele>1029.260</ele><time>2022-07-31T21:35:14Z</time></trkpt><trkpt lat="-24.218451" lon="-49.330307"><ele>1029.423</ele><time>2022-07-31T21:35:15Z</time></trkpt><trkpt lat="-24.218494" lon="-49.330223"><ele>1029.152</ele><time>2022-07-31T21:35:17Z</time></trkpt><trkpt lat="-24.218556" lon="-49.330160"><ele>1029.253</ele><time>2022-07-31T21:35:19Z</time></trkpt><trkpt lat="-24.218608" lon="-49.330126"><ele>1029.110</ele><time>2022-07-31T21:35:21Z</time></trkpt><trkpt lat="-24.218664" lon="-49.330119"><ele>1029.887</ele><time>2022-07-31T21:35:23Z</time></trkpt><trkpt lat="-24.218727" lon="-49.330099"><ele>1029.582</ele><time>2022-07-31T21:35:25Z</time></trkpt><trkpt lat="-24.218789" lon="-49.330076"><ele>1030.143</ele><time>2022-07-31T21:35:27Z</time></trkpt><trkpt lat="-24.218855" lon="-49.330049"><ele>1030.517</ele><time>2022-07-31T21:35:29Z</time></trkpt><trkpt lat="-24.218929" lon="-49.330027"><ele>1031.209</ele><time>2022-07-31T21:35:31Z</time></trkpt><trkpt lat="-24.219010" lon="-49.330004"><ele>1031.139</ele><time>2022-07-31T21:35:33Z</time></trkpt><trkpt lat="-24.219091" lon="-49.329978"><ele>1030.648</ele><time>2022-07-31T21:35:35Z</time></trkpt><trkpt lat="-24.219172" lon="-49.329953"><ele>1031.447</ele><time>2022-07-31T21:35:37Z</time></trkpt><trkpt lat="-24.219252" lon="-49.329926"><ele>1031.251</ele><time>2022-07-31T21:35:39Z</time></trkpt><trkpt lat="-24.219344" lon="-49.329897"><ele>1030.914</ele><time>2022-07-31T21:35:41Z</time></trkpt><trkpt lat="-24.219389" lon="-49.329882"><ele>1031.163</ele><time>2022-07-31T21:35:42Z</time></trkpt><trkpt lat="-24.219477" lon="-49.329854"><ele>1030.764</ele><time>2022-07-31T21:35:44Z</time></trkpt><trkpt lat="-24.219520" lon="-49.329838"><ele>1031.541</ele><time>2022-07-31T21:35:45Z</time></trkpt><trkpt lat="-24.219563" lon="-49.329822"><ele>1031.398</ele><time>2022-07-31T21:35:46Z</time></trkpt><trkpt lat="-24.219608" lon="-49.329814"><ele>1031.498</ele><time>2022-07-31T21:35:47Z</time></trkpt><trkpt lat="-24.219653" lon="-49.329802"><ele>1031.515</ele><time>2022-07-31T21:35:48Z</time></trkpt><trkpt lat="-24.219699" lon="-49.329797"><ele>1031.626</ele><time>2022-07-31T21:35:49Z</time></trkpt><trkpt lat="-24.219789" lon="-49.329767"><ele>1032.209</ele><time>2022-07-31T21:35:51Z</time></trkpt><trkpt lat="-24.219862" lon="-49.329753"><ele>1032.580</ele><time>2022-07-31T21:35:53Z</time></trkpt><trkpt lat="-24.219930" lon="-49.329733"><ele>1032.289</ele><time>2022-07-31T21:35:55Z</time></trkpt><trkpt lat="-24.220004" lon="-49.329720"><ele>1031.238</ele><time>2022-07-31T21:35:57Z</time></trkpt><trkpt lat="-24.220082" lon="-49.329717"><ele>1029.912</ele><time>2022-07-31T21:35:59Z</time></trkpt><trkpt lat="-24.220163" lon="-49.329706"><ele>1029.135</ele><time>2022-07-31T21:36:01Z</time></trkpt><trkpt lat="-24.220244" lon="-49.329705"><ele>1029.314</ele><time>2022-07-31T21:36:03Z</time></trkpt><trkpt lat="-24.220325" lon="-49.329706"><ele>1028.895</ele><time>2022-07-31T21:36:05Z</time></trkpt><trkpt lat="-24.220409" lon="-49.329706"><ele>1029.032</ele><time>2022-07-31T21:36:07Z</time></trkpt><trkpt lat="-24.220502" lon="-49.329708"><ele>1028.639</ele><time>2022-07-31T21:36:09Z</time></trkpt><trkpt lat="-24.220551" lon="-49.329709"><ele>1028.781</ele><time>2022-07-31T21:36:10Z</time></trkpt><trkpt lat="-24.220600" lon="-49.329709"><ele>1028.161</ele><time>2022-07-31T21:36:11Z</time></trkpt><trkpt lat="-24.220646" lon="-49.329706"><ele>1028.317</ele><time>2022-07-31T21:36:12Z</time></trkpt><trkpt lat="-24.220694" lon="-49.329708"><ele>1012.209</ele><time>2022-07-31T21:36:13Z</time></trkpt><trkpt lat="-24.220740" lon="-49.329709"><ele>1018.389</ele><time>2022-07-31T21:36:14Z</time></trkpt><trkpt lat="-24.220830" lon="-49.329724"><ele>1023.368</ele><time>2022-07-31T21:36:16Z</time></trkpt><trkpt lat="-24.220877" lon="-49.329739"><ele>1024.777</ele><time>2022-07-31T21:36:17Z</time></trkpt><trkpt lat="-24.220925" lon="-49.329757"><ele>1025.051</ele><time>2022-07-31T21:36:18Z</time></trkpt><trkpt lat="-24.220968" lon="-49.329775"><ele>1025.384</ele><time>2022-07-31T21:36:19Z</time></trkpt><trkpt lat="-24.221024" lon="-49.329818"><ele>1026.323</ele><time>2022-07-31T21:36:21Z</time></trkpt><trkpt lat="-24.221077" lon="-49.329858"><ele>1026.914</ele><time>2022-07-31T21:36:23Z</time></trkpt><trkpt lat="-24.221137" lon="-49.329905"><ele>1026.041</ele><time>2022-07-31T21:36:25Z</time></trkpt><trkpt lat="-24.221192" lon="-49.329962"><ele>1025.548</ele><time>2022-07-31T21:36:27Z</time></trkpt><trkpt lat="-24.221252" lon="-49.330023"><ele>1024.936</ele><time>2022-07-31T21:36:29Z</time></trkpt><trkpt lat="-24.221307" lon="-49.330083"><ele>1025.417</ele><time>2022-07-31T21:36:31Z</time></trkpt><trkpt lat="-24.221355" lon="-49.330140"><ele>1024.818</ele><time>2022-07-31T21:36:33Z</time></trkpt><trkpt lat="-24.221406" lon="-49.330196"><ele>1024.009</ele><time>2022-07-31T21:36:35Z</time></trkpt><trkpt lat="-24.221457" lon="-49.330252"><ele>1000.044</ele><time>2022-07-31T21:36:37Z</time></trkpt><trkpt lat="-24.221492" lon="-49.330305"><ele>1010.533</ele><time>2022-07-31T21:36:39Z</time></trkpt><trkpt lat="-24.221516" lon="-49.330354"><ele>1017.812</ele><time>2022-07-31T21:36:41Z</time></trkpt><trkpt lat="-24.221532" lon="-49.330414"><ele>1027.196</ele><time>2022-07-31T21:37:00Z</time></trkpt><trkpt lat="-24.221502" lon="-49.330374"><ele>1030.779</ele><time>2022-07-31T21:37:09Z</time></trkpt><trkpt lat="-24.221493" lon="-49.330324"><ele>1031.038</ele><time>2022-07-31T21:37:11Z</time></trkpt><trkpt lat="-24.221468" lon="-49.330268"><ele>1031.689</ele><time>2022-07-31T21:37:13Z</time></trkpt><trkpt lat="-24.221430" lon="-49.330212"><ele>1033.076</ele><time>2022-07-31T21:37:15Z</time></trkpt><trkpt lat="-24.221375" lon="-49.330157"><ele>1033.883</ele><time>2022-07-31T21:37:17Z</time></trkpt><trkpt lat="-24.221308" lon="-49.330100"><ele>1034.093</ele><time>2022-07-31T21:37:19Z</time></trkpt><trkpt lat="-24.221236" lon="-49.330045"><ele>1034.165</ele><time>2022-07-31T21:37:21Z</time></trkpt><trkpt lat="-24.221202" lon="-49.330010"><ele>1034.521</ele><time>2022-07-31T21:37:22Z</time></trkpt><trkpt lat="-24.221138" lon="-49.329949"><ele>1034.709</ele><time>2022-07-31T21:37:24Z</time></trkpt><trkpt lat="-24.221070" lon="-49.329899"><ele>1034.990</ele><time>2022-07-31T21:37:26Z</time></trkpt><trkpt lat="-24.221000" lon="-49.329850"><ele>1034.629</ele><time>2022-07-31T21:37:28Z</time></trkpt><trkpt lat="-24.220961" lon="-49.329822"><ele>1034.418</ele><time>2022-07-31T21:37:29Z</time></trkpt><trkpt lat="-24.220884" lon="-49.329780"><ele>1034.462</ele><time>2022-07-31T21:37:31Z</time></trkpt><trkpt lat="-24.220840" lon="-49.329767"><ele>1034.155</ele><time>2022-07-31T21:37:32Z</time></trkpt><trkpt lat="-24.220792" lon="-49.329757"><ele>1034.684</ele><time>2022-07-31T21:37:33Z</time></trkpt><trkpt lat="-24.220746" lon="-49.329753"><ele>1034.955</ele><time>2022-07-31T21:37:34Z</time></trkpt><trkpt lat="-24.220664" lon="-49.329749"><ele>1035.342</ele><time>2022-07-31T21:37:36Z</time></trkpt><trkpt lat="-24.220616" lon="-49.329749"><ele>1035.539</ele><time>2022-07-31T21:37:37Z</time></trkpt><trkpt lat="-24.220569" lon="-49.329752"><ele>1036.465</ele><time>2022-07-31T21:37:38Z</time></trkpt><trkpt lat="-24.220518" lon="-49.329759"><ele>1036.768</ele><time>2022-07-31T21:37:39Z</time></trkpt><trkpt lat="-24.220467" lon="-49.329762"><ele>1037.114</ele><time>2022-07-31T21:37:40Z</time></trkpt><trkpt lat="-24.220381" lon="-49.329762"><ele>1037.809</ele><time>2022-07-31T21:37:42Z</time></trkpt><trkpt lat="-24.220332" lon="-49.329758"><ele>1038.557</ele><time>2022-07-31T21:37:43Z</time></trkpt><trkpt lat="-24.220282" lon="-49.329756"><ele>1038.626</ele><time>2022-07-31T21:37:44Z</time></trkpt><trkpt lat="-24.220228" lon="-49.329757"><ele>1038.565</ele><time>2022-07-31T21:37:45Z</time></trkpt><trkpt lat="-24.220175" lon="-49.329756"><ele>1039.569</ele><time>2022-07-31T21:37:46Z</time></trkpt><trkpt lat="-24.220120" lon="-49.329764"><ele>1039.672</ele><time>2022-07-31T21:37:47Z</time></trkpt><trkpt lat="-24.220064" lon="-49.329771"><ele>1040.131</ele><time>2022-07-31T21:37:48Z</time></trkpt><trkpt lat="-24.220012" lon="-49.329771"><ele>1040.782</ele><time>2022-07-31T21:37:49Z</time></trkpt><trkpt lat="-24.219956" lon="-49.329777"><ele>1040.999</ele><time>2022-07-31T21:37:50Z</time></trkpt><trkpt lat="-24.219902" lon="-49.329787"><ele>1040.536</ele><time>2022-07-31T21:37:51Z</time></trkpt><trkpt lat="-24.219849" lon="-49.329795"><ele>1040.691</ele><time>2022-07-31T21:37:52Z</time></trkpt><trkpt lat="-24.219798" lon="-49.329807"><ele>1041.281</ele><time>2022-07-31T21:37:53Z</time></trkpt><trkpt lat="-24.219749" lon="-49.329821"><ele>1041.319</ele><time>2022-07-31T21:37:54Z</time></trkpt><trkpt lat="-24.219699" lon="-49.329834"><ele>1041.009</ele><time>2022-07-31T21:37:55Z</time></trkpt><trkpt lat="-24.219645" lon="-49.329847"><ele>1041.170</ele><time>2022-07-31T21:37:56Z</time></trkpt><trkpt lat="-24.219589" lon="-49.329865"><ele>1021.719</ele><time>2022-07-31T21:37:57Z</time></trkpt><trkpt lat="-24.219540" lon="-49.329889"><ele>1003.818</ele><time>2022-07-31T21:37:58Z</time></trkpt><trkpt lat="-24.219491" lon="-49.329906"><ele>986.782</ele><time>2022-07-31T21:37:59Z</time></trkpt><trkpt lat="-24.219399" lon="-49.329938"><ele>1012.425</ele><time>2022-07-31T21:38:01Z</time></trkpt><trkpt lat="-24.219350" lon="-49.329951"><ele>1020.614</ele><time>2022-07-31T21:38:02Z</time></trkpt><trkpt lat="-24.219300" lon="-49.329971"><ele>1025.535</ele><time>2022-07-31T21:38:03Z</time></trkpt><trkpt lat="-24.219249" lon="-49.329985"><ele>1027.492</ele><time>2022-07-31T21:38:04Z</time></trkpt><trkpt lat="-24.219198" lon="-49.329998"><ele>1030.069</ele><time>2022-07-31T21:38:05Z</time></trkpt><trkpt lat="-24.219142" lon="-49.330014"><ele>1031.042</ele><time>2022-07-31T21:38:06Z</time></trkpt><trkpt lat="-24.219091" lon="-49.330030"><ele>1031.822</ele><time>2022-07-31T21:38:07Z</time></trkpt><trkpt lat="-24.219049" lon="-49.330048"><ele>1032.714</ele><time>2022-07-31T21:38:08Z</time></trkpt><trkpt lat="-24.218970" lon="-49.330069"><ele>1032.909</ele><time>2022-07-31T21:38:10Z</time></trkpt><trkpt lat="-24.218891" lon="-49.330098"><ele>1005.345</ele><time>2022-07-31T21:38:12Z</time></trkpt><trkpt lat="-24.218811" lon="-49.330123"><ele>1020.534</ele><time>2022-07-31T21:38:14Z</time></trkpt><trkpt lat="-24.218737" lon="-49.330121"><ele>1023.033</ele><time>2022-07-31T21:38:16Z</time></trkpt><trkpt lat="-24.218673" lon="-49.330133"><ele>1024.887</ele><time>2022-07-31T21:38:18Z</time></trkpt><trkpt lat="-24.218620" lon="-49.330140"><ele>1026.550</ele><time>2022-07-31T21:38:20Z</time></trkpt><trkpt lat="-24.218584" lon="-49.330074"><ele>1003.099</ele><time>2022-07-31T21:38:23Z</time></trkpt><trkpt lat="-24.218597" lon="-49.330010"><ele>1000.650</ele><time>2022-07-31T21:38:25Z</time></trkpt><trkpt lat="-24.218631" lon="-49.329953"><ele>990.837</ele><time>2022-07-31T21:38:27Z</time></trkpt><trkpt lat="-24.218670" lon="-49.329891"><ele>1008.824</ele><time>2022-07-31T21:38:29Z</time></trkpt><trkpt lat="-24.218713" lon="-49.329826"><ele>1015.445</ele><time>2022-07-31T21:38:31Z</time></trkpt><trkpt lat="-24.218755" lon="-49.329762"><ele>1018.047</ele><time>2022-07-31T21:38:33Z</time></trkpt><trkpt lat="-24.218795" lon="-49.329691"><ele>1015.611</ele><time>2022-07-31T21:38:35Z</time></trkpt><trkpt lat="-24.218811" lon="-49.329643"><ele>1014.109</ele><time>2022-07-31T21:38:36Z</time></trkpt><trkpt lat="-24.218831" lon="-49.329599"><ele>1014.035</ele><time>2022-07-31T21:38:37Z</time></trkpt><trkpt lat="-24.218843" lon="-49.329551"><ele>1014.714</ele><time>2022-07-31T21:38:38Z</time></trkpt><trkpt lat="-24.218864" lon="-49.329502"><ele>1015.233</ele><time>2022-07-31T21:38:39Z</time></trkpt><trkpt lat="-24.218892" lon="-49.329459"><ele>1015.667</ele><time>2022-07-31T21:38:40Z</time></trkpt><trkpt lat="-24.218919" lon="-49.329418"><ele>1016.450</ele><time>2022-07-31T21:38:41Z</time></trkpt><trkpt lat="-24.218943" lon="-49.329375"><ele>1015.799</ele><time>2022-07-31T21:38:42Z</time></trkpt><trkpt lat="-24.218990" lon="-49.329306"><ele>1014.020</ele><time>2022-07-31T21:38:44Z</time></trkpt><trkpt lat="-24.219011" lon="-49.329254"><ele>1011.557</ele><time>2022-07-31T21:38:45Z</time></trkpt><trkpt lat="-24.219022" lon="-49.329183"><ele>1011.024</ele><time>2022-07-31T21:38:47Z</time></trkpt><trkpt lat="-24.219056" lon="-49.329128"><ele>1012.341</ele><time>2022-07-31T21:38:48Z</time></trkpt><trkpt lat="-24.219080" lon="-49.329072"><ele>1013.281</ele><time>2022-07-31T21:38:49Z</time></trkpt><trkpt lat="-24.219112" lon="-49.329010"><ele>1013.809</ele><time>2022-07-31T21:38:50Z</time></trkpt><trkpt lat="-24.219153" lon="-49.328954"><ele>1014.009</ele><time>2022-07-31T21:38:51Z</time></trkpt><trkpt lat="-24.219203" lon="-49.328887"><ele>1013.615</ele><time>2022-07-31T21:38:52Z</time></trkpt><trkpt lat="-24.219238" lon="-49.328841"><ele>1014.374</ele><time>2022-07-31T21:38:53Z</time></trkpt><trkpt lat="-24.219291" lon="-49.328778"><ele>1014.223</ele><time>2022-07-31T21:38:54Z</time></trkpt><trkpt lat="-24.219323" lon="-49.328721"><ele>1013.387</ele><time>2022-07-31T21:38:55Z</time></trkpt><trkpt lat="-24.219356" lon="-49.328664"><ele>1013.970</ele><time>2022-07-31T21:38:56Z</time></trkpt><trkpt lat="-24.219389" lon="-49.328594"><ele>1013.619</ele><time>2022-07-31T21:38:57Z</time></trkpt><trkpt lat="-24.219429" lon="-49.328530"><ele>1012.760</ele><time>2022-07-31T21:38:58Z</time></trkpt><trkpt lat="-24.219464" lon="-49.328467"><ele>1012.467</ele><time>2022-07-31T21:38:59Z</time></trkpt><trkpt lat="-24.219498" lon="-49.328397"><ele>1011.454</ele><time>2022-07-31T21:39:00Z</time></trkpt><trkpt lat="-24.219527" lon="-49.328345"><ele>1010.298</ele><time>2022-07-31T21:39:01Z</time></trkpt><trkpt lat="-24.219560" lon="-49.328277"><ele>1007.815</ele><time>2022-07-31T21:39:02Z</time></trkpt><trkpt lat="-24.219593" lon="-49.328223"><ele>1006.726</ele><time>2022-07-31T21:39:03Z</time></trkpt><trkpt lat="-24.219630" lon="-49.328125"><ele>1007.009</ele><time>2022-07-31T21:39:05Z</time></trkpt><trkpt lat="-24.219641" lon="-49.328066"><ele>1004.220</ele><time>2022-07-31T21:39:06Z</time></trkpt><trkpt lat="-24.219650" lon="-49.328001"><ele>1001.859</ele><time>2022-07-31T21:39:07Z</time></trkpt><trkpt lat="-24.219646" lon="-49.327944"><ele>1001.068</ele><time>2022-07-31T21:39:08Z</time></trkpt><trkpt lat="-24.219640" lon="-49.327887"><ele>983.692</ele><time>2022-07-31T21:39:09Z</time></trkpt><trkpt lat="-24.219641" lon="-49.327831"><ele>966.525</ele><time>2022-07-31T21:39:10Z</time></trkpt><trkpt lat="-24.219627" lon="-49.327748"><ele>940.894</ele><time>2022-07-31T21:39:11Z</time></trkpt><trkpt lat="-24.219613" lon="-49.327668"><ele>916.065</ele><time>2022-07-31T21:39:12Z</time></trkpt><trkpt lat="-24.219602" lon="-49.327584"><ele>897.892</ele><time>2022-07-31T21:39:13Z</time></trkpt><trkpt lat="-24.219596" lon="-49.327500"><ele>916.319</ele><time>2022-07-31T21:39:14Z</time></trkpt><trkpt lat="-24.219592" lon="-49.327414"><ele>932.138</ele><time>2022-07-31T21:39:15Z</time></trkpt><trkpt lat="-24.219591" lon="-49.327320"><ele>940.870</ele><time>2022-07-31T21:39:16Z</time></trkpt><trkpt lat="-24.219580" lon="-49.327246"><ele>948.617</ele><time>2022-07-31T21:39:17Z</time></trkpt><trkpt lat="-24.219590" lon="-49.327156"><ele>957.209</ele><time>2022-07-31T21:39:18Z</time></trkpt><trkpt lat="-24.219598" lon="-49.327055"><ele>965.364</ele><time>2022-07-31T21:39:19Z</time></trkpt><trkpt lat="-24.219613" lon="-49.326965"><ele>966.423</ele><time>2022-07-31T21:39:20Z</time></trkpt><trkpt lat="-24.219635" lon="-49.326888"><ele>974.112</ele><time>2022-07-31T21:39:21Z</time></trkpt><trkpt lat="-24.219666" lon="-49.326804"><ele>978.916</ele><time>2022-07-31T21:39:22Z</time></trkpt><trkpt lat="-24.219714" lon="-49.326717"><ele>983.769</ele><time>2022-07-31T21:39:23Z</time></trkpt><trkpt lat="-24.219751" lon="-49.326641"><ele>985.138</ele><time>2022-07-31T21:39:24Z</time></trkpt><trkpt lat="-24.219786" lon="-49.326565"><ele>987.019</ele><time>2022-07-31T21:39:25Z</time></trkpt><trkpt lat="-24.219819" lon="-49.326494"><ele>989.346</ele><time>2022-07-31T21:39:26Z</time></trkpt><trkpt lat="-24.219872" lon="-49.326414"><ele>991.783</ele><time>2022-07-31T21:39:27Z</time></trkpt><trkpt lat="-24.219914" lon="-49.326333"><ele>994.977</ele><time>2022-07-31T21:39:28Z</time></trkpt><trkpt lat="-24.219941" lon="-49.326257"><ele>997.561</ele><time>2022-07-31T21:39:29Z</time></trkpt><trkpt lat="-24.219980" lon="-49.326183"><ele>998.727</ele><time>2022-07-31T21:39:30Z</time></trkpt><trkpt lat="-24.220021" lon="-49.326107"><ele>1000.609</ele><time>2022-07-31T21:39:31Z</time></trkpt><trkpt lat="-24.220045" lon="-49.326028"><ele>1001.138</ele><time>2022-07-31T21:39:32Z</time></trkpt><trkpt lat="-24.220056" lon="-49.325950"><ele>1001.627</ele><time>2022-07-31T21:39:33Z</time></trkpt><trkpt lat="-24.220057" lon="-49.325859"><ele>1001.036</ele><time>2022-07-31T21:39:34Z</time></trkpt><trkpt lat="-24.220051" lon="-49.325771"><ele>1001.520</ele><time>2022-07-31T21:39:35Z</time></trkpt><trkpt lat="-24.220039" lon="-49.325689"><ele>1002.683</ele><time>2022-07-31T21:39:36Z</time></trkpt><trkpt lat="-24.220031" lon="-49.325602"><ele>1003.262</ele><time>2022-07-31T21:39:37Z</time></trkpt><trkpt lat="-24.220017" lon="-49.325528"><ele>1002.093</ele><time>2022-07-31T21:39:38Z</time></trkpt><trkpt lat="-24.220008" lon="-49.325459"><ele>1003.130</ele><time>2022-07-31T21:39:39Z</time></trkpt><trkpt lat="-24.219994" lon="-49.325385"><ele>1003.037</ele><time>2022-07-31T21:39:40Z</time></trkpt><trkpt lat="-24.219985" lon="-49.325314"><ele>1002.777</ele><time>2022-07-31T21:39:41Z</time></trkpt><trkpt lat="-24.219971" lon="-49.325237"><ele>1003.161</ele><time>2022-07-31T21:39:42Z</time></trkpt><trkpt lat="-24.219952" lon="-49.325154"><ele>1002.827</ele><time>2022-07-31T21:39:43Z</time></trkpt><trkpt lat="-24.219925" lon="-49.325082"><ele>1002.809</ele><time>2022-07-31T21:39:44Z</time></trkpt><trkpt lat="-24.219915" lon="-49.325006"><ele>1002.468</ele><time>2022-07-31T21:39:45Z</time></trkpt><trkpt lat="-24.219895" lon="-49.324920"><ele>1003.967</ele><time>2022-07-31T21:39:46Z</time></trkpt><trkpt lat="-24.219884" lon="-49.324826"><ele>1004.466</ele><time>2022-07-31T21:39:47Z</time></trkpt><trkpt lat="-24.219869" lon="-49.324746"><ele>1004.120</ele><time>2022-07-31T21:39:48Z</time></trkpt><trkpt lat="-24.219851" lon="-49.324645"><ele>1002.933</ele><time>2022-07-31T21:39:49Z</time></trkpt><trkpt lat="-24.219834" lon="-49.324540"><ele>1002.942</ele><time>2022-07-31T21:39:50Z</time></trkpt><trkpt lat="-24.219820" lon="-49.324436"><ele>1002.563</ele><time>2022-07-31T21:39:51Z</time></trkpt><trkpt lat="-24.219808" lon="-49.324333"><ele>1002.010</ele><time>2022-07-31T21:39:52Z</time></trkpt><trkpt lat="-24.219804" lon="-49.324219"><ele>1000.147</ele><time>2022-07-31T21:39:53Z</time></trkpt><trkpt lat="-24.219788" lon="-49.324121"><ele>999.431</ele><time>2022-07-31T21:39:54Z</time></trkpt><trkpt lat="-24.219766" lon="-49.324040"><ele>998.961</ele><time>2022-07-31T21:39:55Z</time></trkpt><trkpt lat="-24.219740" lon="-49.323943"><ele>999.907</ele><time>2022-07-31T21:39:56Z</time></trkpt><trkpt lat="-24.219735" lon="-49.323845"><ele>999.409</ele><time>2022-07-31T21:39:57Z</time></trkpt><trkpt lat="-24.219711" lon="-49.323741"><ele>999.694</ele><time>2022-07-31T21:39:58Z</time></trkpt><trkpt lat="-24.219694" lon="-49.323655"><ele>1000.333</ele><time>2022-07-31T21:39:59Z</time></trkpt><trkpt lat="-24.219678" lon="-49.323552"><ele>1001.522</ele><time>2022-07-31T21:40:00Z</time></trkpt><trkpt lat="-24.219665" lon="-49.323460"><ele>998.536</ele><time>2022-07-31T21:40:01Z</time></trkpt><trkpt lat="-24.219647" lon="-49.323349"><ele>999.829</ele><time>2022-07-31T21:40:02Z</time></trkpt><trkpt lat="-24.219639" lon="-49.323247"><ele>1001.368</ele><time>2022-07-31T21:40:03Z</time></trkpt><trkpt lat="-24.219626" lon="-49.323130"><ele>1002.829</ele><time>2022-07-31T21:40:04Z</time></trkpt><trkpt lat="-24.219588" lon="-49.323049"><ele>1003.836</ele><time>2022-07-31T21:40:05Z</time></trkpt><trkpt lat="-24.219559" lon="-49.322938"><ele>1003.273</ele><time>2022-07-31T21:40:06Z</time></trkpt><trkpt lat="-24.219540" lon="-49.322802"><ele>1003.153</ele><time>2022-07-31T21:40:07Z</time></trkpt><trkpt lat="-24.219527" lon="-49.322687"><ele>1005.504</ele><time>2022-07-31T21:40:08Z</time></trkpt><trkpt lat="-24.219511" lon="-49.322562"><ele>1006.114</ele><time>2022-07-31T21:40:09Z</time></trkpt><trkpt lat="-24.219487" lon="-49.322459"><ele>1004.809</ele><time>2022-07-31T21:40:10Z</time></trkpt><trkpt lat="-24.219469" lon="-49.322352"><ele>1005.876</ele><time>2022-07-31T21:40:11Z</time></trkpt><trkpt lat="-24.219440" lon="-49.322233"><ele>1006.875</ele><time>2022-07-31T21:40:12Z</time></trkpt><trkpt lat="-24.219422" lon="-49.322128"><ele>1006.554</ele><time>2022-07-31T21:40:13Z</time></trkpt><trkpt lat="-24.219414" lon="-49.322028"><ele>1005.748</ele><time>2022-07-31T21:40:14Z</time></trkpt><trkpt lat="-24.219397" lon="-49.321921"><ele>1004.811</ele><time>2022-07-31T21:40:15Z</time></trkpt><trkpt lat="-24.219364" lon="-49.321795"><ele>1004.010</ele><time>2022-07-31T21:40:16Z</time></trkpt><trkpt lat="-24.219350" lon="-49.321687"><ele>1004.191</ele><time>2022-07-31T21:40:17Z</time></trkpt><trkpt lat="-24.219320" lon="-49.321559"><ele>1003.588</ele><time>2022-07-31T21:40:18Z</time></trkpt><trkpt lat="-24.219289" lon="-49.321452"><ele>1003.325</ele><time>2022-07-31T21:40:19Z</time></trkpt><trkpt lat="-24.219275" lon="-49.321356"><ele>973.889</ele><time>2022-07-31T21:40:20Z</time></trkpt><trkpt lat="-24.219244" lon="-49.321223"><ele>932.206</ele><time>2022-07-31T21:40:21Z</time></trkpt><trkpt lat="-24.219217" lon="-49.321111"><ele>897.026</ele><time>2022-07-31T21:40:22Z</time></trkpt><trkpt lat="-24.219184" lon="-49.321014"><ele>886.409</ele><time>2022-07-31T21:40:23Z</time></trkpt><trkpt lat="-24.219170" lon="-49.320911"><ele>906.329</ele><time>2022-07-31T21:40:24Z</time></trkpt><trkpt lat="-24.219174" lon="-49.320817"><ele>917.958</ele><time>2022-07-31T21:40:25Z</time></trkpt><trkpt lat="-24.219139" lon="-49.320690"><ele>931.577</ele><time>2022-07-31T21:40:26Z</time></trkpt><trkpt lat="-24.219115" lon="-49.320572"><ele>942.821</ele><time>2022-07-31T21:40:27Z</time></trkpt><trkpt lat="-24.219097" lon="-49.320463"><ele>947.584</ele><time>2022-07-31T21:40:28Z</time></trkpt><trkpt lat="-24.219071" lon="-49.320356"><ele>953.973</ele><time>2022-07-31T21:40:29Z</time></trkpt><trkpt lat="-24.219041" lon="-49.320246"><ele>958.254</ele><time>2022-07-31T21:40:30Z</time></trkpt><trkpt lat="-24.219029" lon="-49.320171"><ele>963.571</ele><time>2022-07-31T21:40:31Z</time></trkpt><trkpt lat="-24.218997" lon="-49.320038"><ele>973.148</ele><time>2022-07-31T21:40:32Z</time></trkpt><trkpt lat="-24.218957" lon="-49.319903"><ele>975.288</ele><time>2022-07-31T21:40:33Z</time></trkpt><trkpt lat="-24.218935" lon="-49.319799"><ele>980.924</ele><time>2022-07-31T21:40:34Z</time></trkpt><trkpt lat="-24.218913" lon="-49.319675"><ele>983.926</ele><time>2022-07-31T21:40:35Z</time></trkpt><trkpt lat="-24.218888" lon="-49.319558"><ele>988.409</ele><time>2022-07-31T21:40:36Z</time></trkpt><trkpt lat="-24.218867" lon="-49.319428"><ele>988.519</ele><time>2022-07-31T21:40:37Z</time></trkpt><trkpt lat="-24.218844" lon="-49.319303"><ele>990.838</ele><time>2022-07-31T21:40:38Z</time></trkpt><trkpt lat="-24.218825" lon="-49.319187"><ele>992.357</ele><time>2022-07-31T21:40:39Z</time></trkpt><trkpt lat="-24.218801" lon="-49.319087"><ele>992.231</ele><time>2022-07-31T21:40:40Z</time></trkpt><trkpt lat="-24.218774" lon="-49.318993"><ele>993.874</ele><time>2022-07-31T21:40:41Z</time></trkpt><trkpt lat="-24.218748" lon="-49.318868"><ele>996.063</ele><time>2022-07-31T21:40:42Z</time></trkpt><trkpt lat="-24.218731" lon="-49.318759"><ele>998.764</ele><time>2022-07-31T21:40:43Z</time></trkpt><trkpt lat="-24.218714" lon="-49.318643"><ele>1000.551</ele><time>2022-07-31T21:40:44Z</time></trkpt><trkpt lat="-24.218710" lon="-49.318549"><ele>998.178</ele><time>2022-07-31T21:40:45Z</time></trkpt><trkpt lat="-24.218690" lon="-49.318453"><ele>1000.994</ele><time>2022-07-31T21:40:46Z</time></trkpt><trkpt lat="-24.218666" lon="-49.318342"><ele>1000.757</ele><time>2022-07-31T21:40:47Z</time></trkpt><trkpt lat="-24.218648" lon="-49.318250"><ele>1002.322</ele><time>2022-07-31T21:40:48Z</time></trkpt><trkpt lat="-24.218626" lon="-49.318155"><ele>1003.509</ele><time>2022-07-31T21:40:49Z</time></trkpt><trkpt lat="-24.218606" lon="-49.318052"><ele>1004.830</ele><time>2022-07-31T21:40:50Z</time></trkpt><trkpt lat="-24.218587" lon="-49.317965"><ele>1005.279</ele><time>2022-07-31T21:40:51Z</time></trkpt><trkpt lat="-24.218567" lon="-49.317885"><ele>1006.248</ele><time>2022-07-31T21:40:52Z</time></trkpt><trkpt lat="-24.218551" lon="-49.317797"><ele>1006.352</ele><time>2022-07-31T21:40:53Z</time></trkpt><trkpt lat="-24.218540" lon="-49.317704"><ele>1008.055</ele><time>2022-07-31T21:40:54Z</time></trkpt><trkpt lat="-24.218529" lon="-49.317612"><ele>1010.294</ele><time>2022-07-31T21:40:55Z</time></trkpt><trkpt lat="-24.218515" lon="-49.317516"><ele>1010.415</ele><time>2022-07-31T21:40:56Z</time></trkpt><trkpt lat="-24.218509" lon="-49.317407"><ele>1011.032</ele><time>2022-07-31T21:40:57Z</time></trkpt><trkpt lat="-24.218499" lon="-49.317308"><ele>1011.219</ele><time>2022-07-31T21:40:58Z</time></trkpt><trkpt lat="-24.218545" lon="-49.317212"><ele>1014.021</ele><time>2022-07-31T21:40:59Z</time></trkpt><trkpt lat="-24.218547" lon="-49.317116"><ele>1015.141</ele><time>2022-07-31T21:41:00Z</time></trkpt><trkpt lat="-24.218533" lon="-49.317023"><ele>1013.005</ele><time>2022-07-31T21:41:01Z</time></trkpt><trkpt lat="-24.218543" lon="-49.316938"><ele>1014.309</ele><time>2022-07-31T21:41:02Z</time></trkpt><trkpt lat="-24.218545" lon="-49.316848"><ele>1015.943</ele><time>2022-07-31T21:41:03Z</time></trkpt><trkpt lat="-24.218566" lon="-49.316763"><ele>1016.112</ele><time>2022-07-31T21:41:04Z</time></trkpt><trkpt lat="-24.218599" lon="-49.316679"><ele>1016.781</ele><time>2022-07-31T21:41:05Z</time></trkpt><trkpt lat="-24.218633" lon="-49.316594"><ele>1019.795</ele><time>2022-07-31T21:41:06Z</time></trkpt><trkpt lat="-24.218639" lon="-49.316510"><ele>1021.918</ele><time>2022-07-31T21:41:07Z</time></trkpt><trkpt lat="-24.218637" lon="-49.316411"><ele>1023.437</ele><time>2022-07-31T21:41:08Z</time></trkpt><trkpt lat="-24.218626" lon="-49.316316"><ele>1022.888</ele><time>2022-07-31T21:41:09Z</time></trkpt><trkpt lat="-24.218591" lon="-49.316210"><ele>1023.615</ele><time>2022-07-31T21:41:10Z</time></trkpt><trkpt lat="-24.218557" lon="-49.316110"><ele>1023.922</ele><time>2022-07-31T21:41:11Z</time></trkpt><trkpt lat="-24.218509" lon="-49.316022"><ele>1024.358</ele><time>2022-07-31T21:41:12Z</time></trkpt><trkpt lat="-24.218463" lon="-49.315923"><ele>1023.852</ele><time>2022-07-31T21:41:13Z</time></trkpt><trkpt lat="-24.218410" lon="-49.315816"><ele>1024.017</ele><time>2022-07-31T21:41:14Z</time></trkpt><trkpt lat="-24.218374" lon="-49.315728"><ele>1023.409</ele><time>2022-07-31T21:41:15Z</time></trkpt><trkpt lat="-24.218334" lon="-49.315624"><ele>1024.196</ele><time>2022-07-31T21:41:16Z</time></trkpt><trkpt lat="-24.218292" lon="-49.315518"><ele>1024.065</ele><time>2022-07-31T21:41:17Z</time></trkpt><trkpt lat="-24.218235" lon="-49.315431"><ele>1024.684</ele><time>2022-07-31T21:41:18Z</time></trkpt><trkpt lat="-24.218194" lon="-49.315352"><ele>1025.568</ele><time>2022-07-31T21:41:19Z</time></trkpt><trkpt lat="-24.218149" lon="-49.315266"><ele>1023.851</ele><time>2022-07-31T21:41:20Z</time></trkpt><trkpt lat="-24.218110" lon="-49.315184"><ele>1023.730</ele><time>2022-07-31T21:41:21Z</time></trkpt><trkpt lat="-24.218061" lon="-49.315121"><ele>1024.791</ele><time>2022-07-31T21:41:22Z</time></trkpt><trkpt lat="-24.218027" lon="-49.315041"><ele>1022.348</ele><time>2022-07-31T21:41:23Z</time></trkpt><trkpt lat="-24.218013" lon="-49.314993"><ele>1023.365</ele><time>2022-07-31T21:41:24Z</time></trkpt><trkpt lat="-24.217949" lon="-49.314924"><ele>1020.397</ele><time>2022-07-31T21:41:26Z</time></trkpt><trkpt lat="-24.217845" lon="-49.314943"><ele>1023.723</ele><time>2022-07-31T21:41:29Z</time></trkpt><trkpt lat="-24.217759" lon="-49.314956"><ele>1024.725</ele><time>2022-07-31T21:41:31Z</time></trkpt><trkpt lat="-24.217713" lon="-49.314974"><ele>1025.309</ele><time>2022-07-31T21:41:32Z</time></trkpt><trkpt lat="-24.217665" lon="-49.314984"><ele>1026.860</ele><time>2022-07-31T21:41:33Z</time></trkpt><trkpt lat="-24.217613" lon="-49.314982"><ele>1026.189</ele><time>2022-07-31T21:41:34Z</time></trkpt><trkpt lat="-24.217530" lon="-49.315005"><ele>1022.078</ele><time>2022-07-31T21:41:36Z</time></trkpt><trkpt lat="-24.217479" lon="-49.315025"><ele>1023.762</ele><time>2022-07-31T21:41:37Z</time></trkpt><trkpt lat="-24.217418" lon="-49.315050"><ele>1022.755</ele><time>2022-07-31T21:41:38Z</time></trkpt><trkpt lat="-24.217344" lon="-49.315084"><ele>1022.844</ele><time>2022-07-31T21:41:39Z</time></trkpt><trkpt lat="-24.217279" lon="-49.315106"><ele>1023.015</ele><time>2022-07-31T21:41:40Z</time></trkpt><trkpt lat="-24.217213" lon="-49.315138"><ele>1022.072</ele><time>2022-07-31T21:41:41Z</time></trkpt><trkpt lat="-24.217157" lon="-49.315148"><ele>1021.519</ele><time>2022-07-31T21:41:42Z</time></trkpt><trkpt lat="-24.217092" lon="-49.315154"><ele>1021.323</ele><time>2022-07-31T21:41:43Z</time></trkpt><trkpt lat="-24.217020" lon="-49.315176"><ele>1022.183</ele><time>2022-07-31T21:41:44Z</time></trkpt><trkpt lat="-24.216954" lon="-49.315199"><ele>1021.911</ele><time>2022-07-31T21:41:45Z</time></trkpt><trkpt lat="-24.216870" lon="-49.315241"><ele>1022.309</ele><time>2022-07-31T21:41:46Z</time></trkpt><trkpt lat="-24.216804" lon="-49.315263"><ele>1023.883</ele><time>2022-07-31T21:41:47Z</time></trkpt><trkpt lat="-24.216734" lon="-49.315279"><ele>1022.692</ele><time>2022-07-31T21:41:48Z</time></trkpt><trkpt lat="-24.216662" lon="-49.315280"><ele>1021.581</ele><time>2022-07-31T21:41:49Z</time></trkpt><trkpt lat="-24.216585" lon="-49.315300"><ele>1020.095</ele><time>2022-07-31T21:41:50Z</time></trkpt><trkpt lat="-24.216512" lon="-49.315318"><ele>1019.058</ele><time>2022-07-31T21:41:51Z</time></trkpt><trkpt lat="-24.216431" lon="-49.315323"><ele>1018.747</ele><time>2022-07-31T21:41:52Z</time></trkpt><trkpt lat="-24.216348" lon="-49.315338"><ele>1015.558</ele><time>2022-07-31T21:41:53Z</time></trkpt><trkpt lat="-24.216271" lon="-49.315350"><ele>1016.445</ele><time>2022-07-31T21:41:54Z</time></trkpt><trkpt lat="-24.216193" lon="-49.315370"><ele>1016.642</ele><time>2022-07-31T21:41:55Z</time></trkpt><trkpt lat="-24.216107" lon="-49.315398"><ele>1016.637</ele><time>2022-07-31T21:41:56Z</time></trkpt><trkpt lat="-24.216032" lon="-49.315410"><ele>1016.149</ele><time>2022-07-31T21:41:57Z</time></trkpt><trkpt lat="-24.215946" lon="-49.315431"><ele>1016.413</ele><time>2022-07-31T21:41:58Z</time></trkpt><trkpt lat="-24.215889" lon="-49.315463"><ele>1011.209</ele><time>2022-07-31T21:41:59Z</time></trkpt><trkpt lat="-24.215807" lon="-49.315482"><ele>1011.294</ele><time>2022-07-31T21:42:00Z</time></trkpt><trkpt lat="-24.215756" lon="-49.315492"><ele>1007.633</ele><time>2022-07-31T21:42:01Z</time></trkpt><trkpt lat="-24.215676" lon="-49.315504"><ele>1007.082</ele><time>2022-07-31T21:42:02Z</time></trkpt><trkpt lat="-24.215590" lon="-49.315527"><ele>1006.726</ele><time>2022-07-31T21:42:03Z</time></trkpt><trkpt lat="-24.215483" lon="-49.315554"><ele>1007.859</ele><time>2022-07-31T21:42:04Z</time></trkpt><trkpt lat="-24.215433" lon="-49.315575"><ele>1004.028</ele><time>2022-07-31T21:42:05Z</time></trkpt><trkpt lat="-24.215349" lon="-49.315591"><ele>1003.839</ele><time>2022-07-31T21:42:06Z</time></trkpt><trkpt lat="-24.215268" lon="-49.315615"><ele>1003.736</ele><time>2022-07-31T21:42:07Z</time></trkpt><trkpt lat="-24.215185" lon="-49.315628"><ele>1003.993</ele><time>2022-07-31T21:42:08Z</time></trkpt><trkpt lat="-24.215091" lon="-49.315650"><ele>1004.227</ele><time>2022-07-31T21:42:09Z</time></trkpt><trkpt lat="-24.215005" lon="-49.315665"><ele>1004.868</ele><time>2022-07-31T21:42:10Z</time></trkpt><trkpt lat="-24.214909" lon="-49.315680"><ele>1005.214</ele><time>2022-07-31T21:42:11Z</time></trkpt><trkpt lat="-24.214813" lon="-49.315704"><ele>1005.609</ele><time>2022-07-31T21:42:12Z</time></trkpt><trkpt lat="-24.214697" lon="-49.315756"><ele>1007.043</ele><time>2022-07-31T21:42:13Z</time></trkpt><trkpt lat="-24.214606" lon="-49.315786"><ele>1007.652</ele><time>2022-07-31T21:42:14Z</time></trkpt><trkpt lat="-24.214514" lon="-49.315808"><ele>1009.181</ele><time>2022-07-31T21:42:15Z</time></trkpt><trkpt lat="-24.214438" lon="-49.315826"><ele>1009.055</ele><time>2022-07-31T21:42:16Z</time></trkpt><trkpt lat="-24.214360" lon="-49.315844"><ele>1010.398</ele><time>2022-07-31T21:42:17Z</time></trkpt><trkpt lat="-24.214280" lon="-49.315859"><ele>1010.957</ele><time>2022-07-31T21:42:18Z</time></trkpt><trkpt lat="-24.214218" lon="-49.315883"><ele>1008.848</ele><time>2022-07-31T21:42:19Z</time></trkpt><trkpt lat="-24.214135" lon="-49.315900"><ele>1009.355</ele><time>2022-07-31T21:42:20Z</time></trkpt><trkpt lat="-24.214064" lon="-49.315915"><ele>1008.572</ele><time>2022-07-31T21:42:21Z</time></trkpt><trkpt lat="-24.213981" lon="-49.315939"><ele>1008.986</ele><time>2022-07-31T21:42:22Z</time></trkpt><trkpt lat="-24.213914" lon="-49.315969"><ele>1009.460</ele><time>2022-07-31T21:42:23Z</time></trkpt><trkpt lat="-24.213855" lon="-49.315990"><ele>1010.526</ele><time>2022-07-31T21:42:24Z</time></trkpt><trkpt lat="-24.213799" lon="-49.316000"><ele>1010.009</ele><time>2022-07-31T21:42:25Z</time></trkpt><trkpt lat="-24.213738" lon="-49.316016"><ele>1010.019</ele><time>2022-07-31T21:42:26Z</time></trkpt><trkpt lat="-24.213691" lon="-49.316029"><ele>1010.178</ele><time>2022-07-31T21:42:27Z</time></trkpt><trkpt lat="-24.213644" lon="-49.316053"><ele>1009.267</ele><time>2022-07-31T21:42:28Z</time></trkpt><trkpt lat="-24.213594" lon="-49.316094"><ele>1009.671</ele><time>2022-07-31T21:42:30Z</time></trkpt><trkpt lat="-24.213543" lon="-49.316172"><ele>1011.044</ele><time>2022-07-31T21:42:32Z</time></trkpt><trkpt lat="-24.213549" lon="-49.316264"><ele>1011.643</ele><time>2022-07-31T21:42:34Z</time></trkpt><trkpt lat="-24.213558" lon="-49.316324"><ele>1013.084</ele><time>2022-07-31T21:42:35Z</time></trkpt><trkpt lat="-24.213573" lon="-49.316431"><ele>1011.951</ele><time>2022-07-31T21:42:37Z</time></trkpt><trkpt lat="-24.213590" lon="-49.316482"><ele>1011.458</ele><time>2022-07-31T21:42:38Z</time></trkpt><trkpt lat="-24.213614" lon="-49.316543"><ele>1012.147</ele><time>2022-07-31T21:42:39Z</time></trkpt><trkpt lat="-24.213639" lon="-49.316596"><ele>1012.129</ele><time>2022-07-31T21:42:40Z</time></trkpt><trkpt lat="-24.213656" lon="-49.316650"><ele>1012.621</ele><time>2022-07-31T21:42:41Z</time></trkpt><trkpt lat="-24.213669" lon="-49.316705"><ele>1014.409</ele><time>2022-07-31T21:42:42Z</time></trkpt><trkpt lat="-24.213687" lon="-49.316764"><ele>1013.935</ele><time>2022-07-31T21:42:43Z</time></trkpt><trkpt lat="-24.213696" lon="-49.316818"><ele>1013.944</ele><time>2022-07-31T21:42:44Z</time></trkpt><trkpt lat="-24.213691" lon="-49.316872"><ele>1014.463</ele><time>2022-07-31T21:42:45Z</time></trkpt><trkpt lat="-24.213685" lon="-49.316922"><ele>1015.217</ele><time>2022-07-31T21:42:46Z</time></trkpt><trkpt lat="-24.213667" lon="-49.316972"><ele>1015.340</ele><time>2022-07-31T21:42:47Z</time></trkpt><trkpt lat="-24.213642" lon="-49.317015"><ele>1015.859</ele><time>2022-07-31T21:42:48Z</time></trkpt><trkpt lat="-24.213613" lon="-49.317056"><ele>1016.430</ele><time>2022-07-31T21:42:49Z</time></trkpt><trkpt lat="-24.213587" lon="-49.317112"><ele>1015.317</ele><time>2022-07-31T21:42:50Z</time></trkpt><trkpt lat="-24.213530" lon="-49.317190"><ele>1015.044</ele><time>2022-07-31T21:42:52Z</time></trkpt><trkpt lat="-24.213502" lon="-49.317244"><ele>1014.529</ele><time>2022-07-31T21:42:53Z</time></trkpt><trkpt lat="-24.213479" lon="-49.317295"><ele>1013.600</ele><time>2022-07-31T21:42:54Z</time></trkpt><trkpt lat="-24.213432" lon="-49.317378"><ele>1013.020</ele><time>2022-07-31T21:42:56Z</time></trkpt><trkpt lat="-24.213404" lon="-49.317432"><ele>1012.809</ele><time>2022-07-31T21:42:57Z</time></trkpt><trkpt lat="-24.213370" lon="-49.317493"><ele>1012.333</ele><time>2022-07-31T21:42:58Z</time></trkpt><trkpt lat="-24.213350" lon="-49.317545"><ele>1012.332</ele><time>2022-07-31T21:42:59Z</time></trkpt><trkpt lat="-24.213317" lon="-49.317604"><ele>1010.631</ele><time>2022-07-31T21:43:00Z</time></trkpt><trkpt lat="-24.213284" lon="-49.317677"><ele>1007.915</ele><time>2022-07-31T21:43:01Z</time></trkpt><trkpt lat="-24.213254" lon="-49.317760"><ele>1007.128</ele><time>2022-07-31T21:43:02Z</time></trkpt><trkpt lat="-24.213224" lon="-49.317838"><ele>1007.387</ele><time>2022-07-31T21:43:03Z</time></trkpt><trkpt lat="-24.213169" lon="-49.317939"><ele>1006.248</ele><time>2022-07-31T21:43:05Z</time></trkpt><trkpt lat="-24.213141" lon="-49.317993"><ele>1006.195</ele><time>2022-07-31T21:43:06Z</time></trkpt><trkpt lat="-24.213117" lon="-49.318046"><ele>1006.652</ele><time>2022-07-31T21:43:07Z</time></trkpt><trkpt lat="-24.213093" lon="-49.318091"><ele>1006.595</ele><time>2022-07-31T21:43:08Z</time></trkpt><trkpt lat="-24.213053" lon="-49.318129"><ele>1007.049</ele><time>2022-07-31T21:43:09Z</time></trkpt><trkpt lat="-24.213015" lon="-49.318170"><ele>1007.723</ele><time>2022-07-31T21:43:10Z</time></trkpt><trkpt lat="-24.212976" lon="-49.318216"><ele>1008.209</ele><time>2022-07-31T21:43:11Z</time></trkpt><trkpt lat="-24.212914" lon="-49.318294"><ele>1008.790</ele><time>2022-07-31T21:43:13Z</time></trkpt><trkpt lat="-24.212843" lon="-49.318359"><ele>1010.529</ele><time>2022-07-31T21:43:15Z</time></trkpt><trkpt lat="-24.212801" lon="-49.318396"><ele>1009.658</ele><time>2022-07-31T21:43:16Z</time></trkpt><trkpt lat="-24.212756" lon="-49.318429"><ele>1009.922</ele><time>2022-07-31T21:43:17Z</time></trkpt><trkpt lat="-24.212708" lon="-49.318470"><ele>1009.395</ele><time>2022-07-31T21:43:18Z</time></trkpt><trkpt lat="-24.212656" lon="-49.318505"><ele>1009.274</ele><time>2022-07-31T21:43:19Z</time></trkpt><trkpt lat="-24.212600" lon="-49.318541"><ele>1008.965</ele><time>2022-07-31T21:43:20Z</time></trkpt><trkpt lat="-24.212535" lon="-49.318578"><ele>1008.542</ele><time>2022-07-31T21:43:21Z</time></trkpt><trkpt lat="-24.212470" lon="-49.318614"><ele>1008.389</ele><time>2022-07-31T21:43:22Z</time></trkpt><trkpt lat="-24.212401" lon="-49.318641"><ele>1008.348</ele><time>2022-07-31T21:43:23Z</time></trkpt><trkpt lat="-24.212332" lon="-49.318666"><ele>1008.161</ele><time>2022-07-31T21:43:24Z</time></trkpt><trkpt lat="-24.212270" lon="-49.318692"><ele>1008.117</ele><time>2022-07-31T21:43:25Z</time></trkpt><trkpt lat="-24.212205" lon="-49.318712"><ele>1008.709</ele><time>2022-07-31T21:43:26Z</time></trkpt><trkpt lat="-24.212138" lon="-49.318727"><ele>1009.015</ele><time>2022-07-31T21:43:27Z</time></trkpt><trkpt lat="-24.212074" lon="-49.318753"><ele>1009.524</ele><time>2022-07-31T21:43:28Z</time></trkpt><trkpt lat="-24.212016" lon="-49.318774"><ele>1010.153</ele><time>2022-07-31T21:43:29Z</time></trkpt><trkpt lat="-24.211961" lon="-49.318805"><ele>1010.417</ele><time>2022-07-31T21:43:30Z</time></trkpt><trkpt lat="-24.211914" lon="-49.318839"><ele>1011.430</ele><time>2022-07-31T21:43:31Z</time></trkpt><trkpt lat="-24.211876" lon="-49.318881"><ele>1011.159</ele><time>2022-07-31T21:43:32Z</time></trkpt><trkpt lat="-24.211838" lon="-49.318930"><ele>1011.790</ele><time>2022-07-31T21:43:33Z</time></trkpt><trkpt lat="-24.211794" lon="-49.318985"><ele>1011.577</ele><time>2022-07-31T21:43:35Z</time></trkpt><trkpt lat="-24.211764" lon="-49.319028"><ele>1012.534</ele><time>2022-07-31T21:43:40Z</time></trkpt><trkpt lat="-24.211815" lon="-49.318986"><ele>1014.562</ele><time>2022-07-31T21:43:47Z</time></trkpt><trkpt lat="-24.211838" lon="-49.318927"><ele>1014.883</ele><time>2022-07-31T21:43:49Z</time></trkpt><trkpt lat="-24.211877" lon="-49.318881"><ele>1014.211</ele><time>2022-07-31T21:43:52Z</time></trkpt><trkpt lat="-24.211873" lon="-49.318819"><ele>1015.909</ele><time>2022-07-31T21:44:37Z</time></trkpt><trkpt lat="-24.211867" lon="-49.318872"><ele>1013.577</ele><time>2022-07-31T21:44:48Z</time></trkpt><trkpt lat="-24.211847" lon="-49.318939"><ele>1013.156</ele><time>2022-07-31T21:45:01Z</time></trkpt><trkpt lat="-24.211818" lon="-49.319009"><ele>1015.645</ele><time>2022-07-31T21:45:03Z</time></trkpt><trkpt lat="-24.211783" lon="-49.319064"><ele>1016.659</ele><time>2022-07-31T21:45:05Z</time></trkpt><trkpt lat="-24.211743" lon="-49.319113"><ele>1016.562</ele><time>2022-07-31T21:45:07Z</time></trkpt><trkpt lat="-24.211699" lon="-49.319157"><ele>1015.881</ele><time>2022-07-31T21:45:09Z</time></trkpt><trkpt lat="-24.211661" lon="-49.319201"><ele>1015.752</ele><time>2022-07-31T21:45:11Z</time></trkpt><trkpt lat="-24.211631" lon="-49.319246"><ele>1015.919</ele><time>2022-07-31T21:45:13Z</time></trkpt><trkpt lat="-24.211598" lon="-49.319289"><ele>1015.316</ele><time>2022-07-31T21:45:15Z</time></trkpt><trkpt lat="-24.211559" lon="-49.319332"><ele>1014.081</ele><time>2022-07-31T21:45:18Z</time></trkpt><trkpt lat="-24.211513" lon="-49.319348"><ele>1010.161</ele><time>2022-07-31T21:46:13Z</time></trkpt><trkpt lat="-24.211486" lon="-49.319308"><ele>1012.217</ele><time>2022-07-31T21:46:41Z</time></trkpt><trkpt lat="-24.211496" lon="-49.319257"><ele>996.209</ele><time>2022-07-31T21:46:44Z</time></trkpt><trkpt lat="-24.211527" lon="-49.319182"><ele>1016.659</ele><time>2022-07-31T21:48:01Z</time></trkpt><trkpt lat="-24.211582" lon="-49.319123"><ele>1017.488</ele><time>2022-07-31T21:48:03Z</time></trkpt><trkpt lat="-24.211630" lon="-49.319058"><ele>1017.117</ele><time>2022-07-31T21:48:05Z</time></trkpt><trkpt lat="-24.211665" lon="-49.318988"><ele>1017.331</ele><time>2022-07-31T21:48:07Z</time></trkpt><trkpt lat="-24.211670" lon="-49.318932"><ele>1018.334</ele><time>2022-07-31T21:48:09Z</time></trkpt><trkpt lat="-24.211632" lon="-49.318885"><ele>1016.623</ele><time>2022-07-31T21:48:11Z</time></trkpt><trkpt lat="-24.211574" lon="-49.318865"><ele>1016.054</ele><time>2022-07-31T21:48:13Z</time></trkpt><trkpt lat="-24.211493" lon="-49.318858"><ele>1016.041</ele><time>2022-07-31T21:48:15Z</time></trkpt><trkpt lat="-24.211422" lon="-49.318854"><ele>1015.468</ele><time>2022-07-31T21:48:17Z</time></trkpt><trkpt lat="-24.211350" lon="-49.318851"><ele>1010.843</ele><time>2022-07-31T21:48:19Z</time></trkpt><trkpt lat="-24.211286" lon="-49.318856"><ele>1012.864</ele><time>2022-07-31T21:48:21Z</time></trkpt><trkpt lat="-24.211224" lon="-49.318869"><ele>1013.110</ele><time>2022-07-31T21:48:23Z</time></trkpt><trkpt lat="-24.211161" lon="-49.318872"><ele>1013.609</ele><time>2022-07-31T21:48:26Z</time></trkpt><trkpt lat="-24.211108" lon="-49.318879"><ele>1013.925</ele><time>2022-07-31T21:48:28Z</time></trkpt><trkpt lat="-24.211043" lon="-49.318900"><ele>1015.384</ele><time>2022-07-31T21:48:30Z</time></trkpt><trkpt lat="-24.210949" lon="-49.318920"><ele>1015.423</ele><time>2022-07-31T21:48:32Z</time></trkpt><trkpt lat="-24.210901" lon="-49.318917"><ele>1015.917</ele><time>2022-07-31T21:48:33Z</time></trkpt><trkpt lat="-24.210853" lon="-49.318904"><ele>1013.840</ele><time>2022-07-31T21:48:34Z</time></trkpt><trkpt lat="-24.210803" lon="-49.318899"><ele>1012.719</ele><time>2022-07-31T21:48:35Z</time></trkpt><trkpt lat="-24.210748" lon="-49.318909"><ele>1012.990</ele><time>2022-07-31T21:48:36Z</time></trkpt><trkpt lat="-24.210692" lon="-49.318885"><ele>1012.187</ele><time>2022-07-31T21:48:37Z</time></trkpt><trkpt lat="-24.210646" lon="-49.318876"><ele>1012.484</ele><time>2022-07-31T21:48:38Z</time></trkpt><trkpt lat="-24.210591" lon="-49.318885"><ele>1012.262</ele><time>2022-07-31T21:48:39Z</time></trkpt><trkpt lat="-24.210535" lon="-49.318874"><ele>1013.283</ele><time>2022-07-31T21:48:40Z</time></trkpt><trkpt lat="-24.210472" lon="-49.318866"><ele>1012.811</ele><time>2022-07-31T21:48:41Z</time></trkpt><trkpt lat="-24.210418" lon="-49.318845"><ele>1013.409</ele><time>2022-07-31T21:48:42Z</time></trkpt><trkpt lat="-24.210364" lon="-49.318844"><ele>1012.917</ele><time>2022-07-31T21:48:43Z</time></trkpt><trkpt lat="-24.210306" lon="-49.318837"><ele>1014.016</ele><time>2022-07-31T21:48:44Z</time></trkpt><trkpt lat="-24.210225" lon="-49.318820"><ele>1014.025</ele><time>2022-07-31T21:48:45Z</time></trkpt><trkpt lat="-24.210145" lon="-49.318800"><ele>1014.599</ele><time>2022-07-31T21:48:47Z</time></trkpt><trkpt lat="-24.210070" lon="-49.318776"><ele>1014.722</ele><time>2022-07-31T21:48:49Z</time></trkpt><trkpt lat="-24.210022" lon="-49.318778"><ele>1015.931</ele><time>2022-07-31T21:48:50Z</time></trkpt><trkpt lat="-24.209965" lon="-49.318779"><ele>1017.392</ele><time>2022-07-31T21:48:51Z</time></trkpt><trkpt lat="-24.209891" lon="-49.318757"><ele>1018.049</ele><time>2022-07-31T21:48:53Z</time></trkpt><trkpt lat="-24.209809" lon="-49.318748"><ele>1017.166</ele><time>2022-07-31T21:48:55Z</time></trkpt><trkpt lat="-24.209743" lon="-49.318752"><ele>1016.967</ele><time>2022-07-31T21:48:56Z</time></trkpt><trkpt lat="-24.209697" lon="-49.318754"><ele>1014.081</ele><time>2022-07-31T21:48:57Z</time></trkpt><trkpt lat="-24.209653" lon="-49.318741"><ele>1014.619</ele><time>2022-07-31T21:48:58Z</time></trkpt><trkpt lat="-24.209597" lon="-49.318750"><ele>1014.709</ele><time>2022-07-31T21:48:59Z</time></trkpt><trkpt lat="-24.209552" lon="-49.318738"><ele>1015.737</ele><time>2022-07-31T21:49:00Z</time></trkpt><trkpt lat="-24.209474" lon="-49.318735"><ele>1013.156</ele><time>2022-07-31T21:49:01Z</time></trkpt><trkpt lat="-24.209394" lon="-49.318722"><ele>1014.995</ele><time>2022-07-31T21:49:02Z</time></trkpt><trkpt lat="-24.209339" lon="-49.318716"><ele>1016.129</ele><time>2022-07-31T21:49:03Z</time></trkpt><trkpt lat="-24.209280" lon="-49.318705"><ele>1016.382</ele><time>2022-07-31T21:49:04Z</time></trkpt><trkpt lat="-24.209221" lon="-49.318694"><ele>1016.211</ele><time>2022-07-31T21:49:05Z</time></trkpt><trkpt lat="-24.209134" lon="-49.318673"><ele>1016.232</ele><time>2022-07-31T21:49:06Z</time></trkpt><trkpt lat="-24.209064" lon="-49.318643"><ele>1014.099</ele><time>2022-07-31T21:49:07Z</time></trkpt><trkpt lat="-24.209000" lon="-49.318667"><ele>1013.476</ele><time>2022-07-31T21:49:08Z</time></trkpt><trkpt lat="-24.208937" lon="-49.318681"><ele>1013.029</ele><time>2022-07-31T21:49:09Z</time></trkpt><trkpt lat="-24.208874" lon="-49.318694"><ele>1015.000</ele><time>2022-07-31T21:49:10Z</time></trkpt><trkpt lat="-24.208783" lon="-49.318675"><ele>1014.420</ele><time>2022-07-31T21:49:11Z</time></trkpt><trkpt lat="-24.208702" lon="-49.318679"><ele>1015.409</ele><time>2022-07-31T21:49:12Z</time></trkpt><trkpt lat="-24.208619" lon="-49.318679"><ele>1015.783</ele><time>2022-07-31T21:49:13Z</time></trkpt><trkpt lat="-24.208551" lon="-49.318685"><ele>1015.882</ele><time>2022-07-31T21:49:14Z</time></trkpt><trkpt lat="-24.208469" lon="-49.318698"><ele>1016.741</ele><time>2022-07-31T21:49:15Z</time></trkpt><trkpt lat="-24.208390" lon="-49.318697"><ele>1016.655</ele><time>2022-07-31T21:49:16Z</time></trkpt><trkpt lat="-24.208323" lon="-49.318724"><ele>1016.398</ele><time>2022-07-31T21:49:17Z</time></trkpt><trkpt lat="-24.208255" lon="-49.318745"><ele>1016.937</ele><time>2022-07-31T21:49:18Z</time></trkpt><trkpt lat="-24.208190" lon="-49.318754"><ele>1016.638</ele><time>2022-07-31T21:49:19Z</time></trkpt><trkpt lat="-24.208112" lon="-49.318763"><ele>1015.895</ele><time>2022-07-31T21:49:20Z</time></trkpt><trkpt lat="-24.208042" lon="-49.318782"><ele>1016.082</ele><time>2022-07-31T21:49:21Z</time></trkpt><trkpt lat="-24.207953" lon="-49.318806"><ele>1017.719</ele><time>2022-07-31T21:49:22Z</time></trkpt><trkpt lat="-24.207898" lon="-49.318842"><ele>1018.009</ele><time>2022-07-31T21:49:23Z</time></trkpt><trkpt lat="-24.207823" lon="-49.318862"><ele>1017.319</ele><time>2022-07-31T21:49:24Z</time></trkpt><trkpt lat="-24.207751" lon="-49.318880"><ele>1016.309</ele><time>2022-07-31T21:49:25Z</time></trkpt><trkpt lat="-24.207673" lon="-49.318914"><ele>1016.162</ele><time>2022-07-31T21:49:26Z</time></trkpt><trkpt lat="-24.207587" lon="-49.318927"><ele>1015.891</ele><time>2022-07-31T21:49:27Z</time></trkpt><trkpt lat="-24.207534" lon="-49.318961"><ele>1015.890</ele><time>2022-07-31T21:49:28Z</time></trkpt><trkpt lat="-24.207463" lon="-49.318980"><ele>1015.224</ele><time>2022-07-31T21:49:29Z</time></trkpt><trkpt lat="-24.207390" lon="-49.319007"><ele>1014.547</ele><time>2022-07-31T21:49:30Z</time></trkpt><trkpt lat="-24.207312" lon="-49.319020"><ele>1013.526</ele><time>2022-07-31T21:49:31Z</time></trkpt><trkpt lat="-24.207257" lon="-49.319036"><ele>1013.457</ele><time>2022-07-31T21:49:32Z</time></trkpt><trkpt lat="-24.207174" lon="-49.319041"><ele>1012.774</ele><time>2022-07-31T21:49:33Z</time></trkpt><trkpt lat="-24.207113" lon="-49.319060"><ele>1011.781</ele><time>2022-07-31T21:49:34Z</time></trkpt><trkpt lat="-24.207020" lon="-49.319091"><ele>1010.129</ele><time>2022-07-31T21:49:35Z</time></trkpt><trkpt lat="-24.206932" lon="-49.319129"><ele>1011.200</ele><time>2022-07-31T21:49:36Z</time></trkpt><trkpt lat="-24.206852" lon="-49.319150"><ele>1011.120</ele><time>2022-07-31T21:49:37Z</time></trkpt><trkpt lat="-24.206777" lon="-49.319181"><ele>1010.909</ele><time>2022-07-31T21:49:38Z</time></trkpt><trkpt lat="-24.206716" lon="-49.319218"><ele>1012.533</ele><time>2022-07-31T21:49:39Z</time></trkpt><trkpt lat="-24.206637" lon="-49.319253"><ele>1011.752</ele><time>2022-07-31T21:49:40Z</time></trkpt><trkpt lat="-24.206563" lon="-49.319279"><ele>985.811</ele><time>2022-07-31T21:49:41Z</time></trkpt><trkpt lat="-24.206484" lon="-49.319300"><ele>958.895</ele><time>2022-07-31T21:49:42Z</time></trkpt><trkpt lat="-24.206406" lon="-49.319320"><ele>932.218</ele><time>2022-07-31T21:49:43Z</time></trkpt><trkpt lat="-24.206331" lon="-49.319341"><ele>928.247</ele><time>2022-07-31T21:49:44Z</time></trkpt><trkpt lat="-24.206259" lon="-49.319359"><ele>938.478</ele><time>2022-07-31T21:49:45Z</time></trkpt><trkpt lat="-24.206201" lon="-49.319364"><ele>956.565</ele><time>2022-07-31T21:49:46Z</time></trkpt><trkpt lat="-24.206128" lon="-49.319384"><ele>965.332</ele><time>2022-07-31T21:49:47Z</time></trkpt><trkpt lat="-24.206064" lon="-49.319392"><ele>979.861</ele><time>2022-07-31T21:49:48Z</time></trkpt><trkpt lat="-24.206001" lon="-49.319410"><ele>985.321</ele><time>2022-07-31T21:49:49Z</time></trkpt><trkpt lat="-24.205927" lon="-49.319420"><ele>988.213</ele><time>2022-07-31T21:49:50Z</time></trkpt><trkpt lat="-24.205852" lon="-49.319430"><ele>991.209</ele><time>2022-07-31T21:49:51Z</time></trkpt><trkpt lat="-24.205762" lon="-49.319453"><ele>992.657</ele><time>2022-07-31T21:49:52Z</time></trkpt><trkpt lat="-24.205681" lon="-49.319467"><ele>992.696</ele><time>2022-07-31T21:49:53Z</time></trkpt><trkpt lat="-24.205600" lon="-49.319464"><ele>993.345</ele><time>2022-07-31T21:49:54Z</time></trkpt><trkpt lat="-24.205516" lon="-49.319469"><ele>993.779</ele><time>2022-07-31T21:49:55Z</time></trkpt><trkpt lat="-24.205434" lon="-49.319463"><ele>994.412</ele><time>2022-07-31T21:49:56Z</time></trkpt><trkpt lat="-24.205362" lon="-49.319479"><ele>993.221</ele><time>2022-07-31T21:49:57Z</time></trkpt><trkpt lat="-24.205280" lon="-49.319489"><ele>990.272</ele><time>2022-07-31T21:49:58Z</time></trkpt><trkpt lat="-24.205199" lon="-49.319481"><ele>989.719</ele><time>2022-07-31T21:49:59Z</time></trkpt><trkpt lat="-24.205142" lon="-49.319486"><ele>985.796</ele><time>2022-07-31T21:50:00Z</time></trkpt><trkpt lat="-24.205078" lon="-49.319497"><ele>981.037</ele><time>2022-07-31T21:50:01Z</time></trkpt><trkpt lat="-24.204981" lon="-49.319527"><ele>980.749</ele><time>2022-07-31T21:50:02Z</time></trkpt><trkpt lat="-24.204903" lon="-49.319525"><ele>979.013</ele><time>2022-07-31T21:50:03Z</time></trkpt><trkpt lat="-24.204817" lon="-49.319535"><ele>979.709</ele><time>2022-07-31T21:50:04Z</time></trkpt><trkpt lat="-24.204728" lon="-49.319558"><ele>978.784</ele><time>2022-07-31T21:50:05Z</time></trkpt><trkpt lat="-24.204646" lon="-49.319564"><ele>981.533</ele><time>2022-07-31T21:50:06Z</time></trkpt><trkpt lat="-24.204565" lon="-49.319569"><ele>983.032</ele><time>2022-07-31T21:50:07Z</time></trkpt><trkpt lat="-24.204480" lon="-49.319578"><ele>983.836</ele><time>2022-07-31T21:50:08Z</time></trkpt><trkpt lat="-24.204396" lon="-49.319590"><ele>983.149</ele><time>2022-07-31T21:50:09Z</time></trkpt><trkpt lat="-24.204329" lon="-49.319588"><ele>983.198</ele><time>2022-07-31T21:50:10Z</time></trkpt><trkpt lat="-24.204247" lon="-49.319598"><ele>981.159</ele><time>2022-07-31T21:50:11Z</time></trkpt><trkpt lat="-24.204165" lon="-49.319598"><ele>980.316</ele><time>2022-07-31T21:50:12Z</time></trkpt><trkpt lat="-24.204081" lon="-49.319615"><ele>980.763</ele><time>2022-07-31T21:50:13Z</time></trkpt><trkpt lat="-24.203985" lon="-49.319613"><ele>980.791</ele><time>2022-07-31T21:50:14Z</time></trkpt><trkpt lat="-24.203906" lon="-49.319612"><ele>979.881</ele><time>2022-07-31T21:50:15Z</time></trkpt><trkpt lat="-24.203820" lon="-49.319620"><ele>980.119</ele><time>2022-07-31T21:50:16Z</time></trkpt><trkpt lat="-24.203733" lon="-49.319618"><ele>980.409</ele><time>2022-07-31T21:50:17Z</time></trkpt><trkpt lat="-24.203647" lon="-49.319625"><ele>980.680</ele><time>2022-07-31T21:50:18Z</time></trkpt><trkpt lat="-24.203563" lon="-49.319632"><ele>980.769</ele><time>2022-07-31T21:50:19Z</time></trkpt><trkpt lat="-24.203490" lon="-49.319626"><ele>981.868</ele><time>2022-07-31T21:50:20Z</time></trkpt><trkpt lat="-24.203397" lon="-49.319637"><ele>981.942</ele><time>2022-07-31T21:50:21Z</time></trkpt><trkpt lat="-24.203314" lon="-49.319637"><ele>982.515</ele><time>2022-07-31T21:50:22Z</time></trkpt><trkpt lat="-24.203228" lon="-49.319645"><ele>982.474</ele><time>2022-07-31T21:50:23Z</time></trkpt><trkpt lat="-24.203141" lon="-49.319656"><ele>983.725</ele><time>2022-07-31T21:50:24Z</time></trkpt><trkpt lat="-24.203063" lon="-49.319672"><ele>984.212</ele><time>2022-07-31T21:50:25Z</time></trkpt><trkpt lat="-24.202967" lon="-49.319704"><ele>984.029</ele><time>2022-07-31T21:50:26Z</time></trkpt><trkpt lat="-24.202880" lon="-49.319724"><ele>983.472</ele><time>2022-07-31T21:50:27Z</time></trkpt><trkpt lat="-24.202816" lon="-49.319705"><ele>985.313</ele><time>2022-07-31T21:50:28Z</time></trkpt><trkpt lat="-24.202724" lon="-49.319724"><ele>981.614</ele><time>2022-07-31T21:50:29Z</time></trkpt><trkpt lat="-24.202640" lon="-49.319732"><ele>981.509</ele><time>2022-07-31T21:50:30Z</time></trkpt><trkpt lat="-24.202549" lon="-49.319743"><ele>980.078</ele><time>2022-07-31T21:50:31Z</time></trkpt><trkpt lat="-24.202500" lon="-49.319738"><ele>976.517</ele><time>2022-07-31T21:50:32Z</time></trkpt><trkpt lat="-24.202410" lon="-49.319739"><ele>976.166</ele><time>2022-07-31T21:50:33Z</time></trkpt><trkpt lat="-24.202324" lon="-49.319757"><ele>976.660</ele><time>2022-07-31T21:50:34Z</time></trkpt><trkpt lat="-24.202236" lon="-49.319758"><ele>976.283</ele><time>2022-07-31T21:50:35Z</time></trkpt><trkpt lat="-24.202155" lon="-49.319757"><ele>976.912</ele><time>2022-07-31T21:50:36Z</time></trkpt><trkpt lat="-24.202074" lon="-49.319758"><ele>977.463</ele><time>2022-07-31T21:50:37Z</time></trkpt><trkpt lat="-24.201997" lon="-49.319752"><ele>978.120</ele><time>2022-07-31T21:50:38Z</time></trkpt><trkpt lat="-24.201869" lon="-49.319760"><ele>974.687</ele><time>2022-07-31T21:50:40Z</time></trkpt><trkpt lat="-24.201793" lon="-49.319750"><ele>974.539</ele><time>2022-07-31T21:50:41Z</time></trkpt><trkpt lat="-24.201709" lon="-49.319748"><ele>974.101</ele><time>2022-07-31T21:50:42Z</time></trkpt><trkpt lat="-24.201619" lon="-49.319755"><ele>974.921</ele><time>2022-07-31T21:50:43Z</time></trkpt><trkpt lat="-24.201534" lon="-49.319746"><ele>974.709</ele><time>2022-07-31T21:50:44Z</time></trkpt><trkpt lat="-24.201445" lon="-49.319736"><ele>974.034</ele><time>2022-07-31T21:50:45Z</time></trkpt><trkpt lat="-24.201358" lon="-49.319730"><ele>973.933</ele><time>2022-07-31T21:50:46Z</time></trkpt><trkpt lat="-24.201274" lon="-49.319721"><ele>974.182</ele><time>2022-07-31T21:50:47Z</time></trkpt><trkpt lat="-24.201188" lon="-49.319716"><ele>973.726</ele><time>2022-07-31T21:50:48Z</time></trkpt><trkpt lat="-24.201105" lon="-49.319711"><ele>973.649</ele><time>2022-07-31T21:50:49Z</time></trkpt><trkpt lat="-24.201010" lon="-49.319699"><ele>974.948</ele><time>2022-07-31T21:50:50Z</time></trkpt><trkpt lat="-24.200932" lon="-49.319696"><ele>974.259</ele><time>2022-07-31T21:50:51Z</time></trkpt><trkpt lat="-24.200850" lon="-49.319697"><ele>974.596</ele><time>2022-07-31T21:50:52Z</time></trkpt><trkpt lat="-24.200775" lon="-49.319694"><ele>975.153</ele><time>2022-07-31T21:50:53Z</time></trkpt><trkpt lat="-24.200697" lon="-49.319695"><ele>976.011</ele><time>2022-07-31T21:50:54Z</time></trkpt><trkpt lat="-24.200602" lon="-49.319692"><ele>973.921</ele><time>2022-07-31T21:50:55Z</time></trkpt><trkpt lat="-24.200524" lon="-49.319689"><ele>974.103</ele><time>2022-07-31T21:50:56Z</time></trkpt><trkpt lat="-24.200445" lon="-49.319683"><ele>973.509</ele><time>2022-07-31T21:50:57Z</time></trkpt><trkpt lat="-24.200369" lon="-49.319674"><ele>972.962</ele><time>2022-07-31T21:50:58Z</time></trkpt><trkpt lat="-24.200295" lon="-49.319674"><ele>973.221</ele><time>2022-07-31T21:50:59Z</time></trkpt><trkpt lat="-24.200219" lon="-49.319670"><ele>973.180</ele><time>2022-07-31T21:51:00Z</time></trkpt><trkpt lat="-24.200150" lon="-49.319664"><ele>973.464</ele><time>2022-07-31T21:51:01Z</time></trkpt><trkpt lat="-24.200067" lon="-49.319671"><ele>972.567</ele><time>2022-07-31T21:51:02Z</time></trkpt><trkpt lat="-24.199981" lon="-49.319686"><ele>972.656</ele><time>2022-07-31T21:51:03Z</time></trkpt><trkpt lat="-24.199911" lon="-49.319676"><ele>972.987</ele><time>2022-07-31T21:51:04Z</time></trkpt><trkpt lat="-24.199838" lon="-49.319663"><ele>972.614</ele><time>2022-07-31T21:51:05Z</time></trkpt><trkpt lat="-24.199763" lon="-49.319660"><ele>972.471</ele><time>2022-07-31T21:51:06Z</time></trkpt><trkpt lat="-24.199698" lon="-49.319655"><ele>972.148</ele><time>2022-07-31T21:51:07Z</time></trkpt><trkpt lat="-24.199642" lon="-49.319646"><ele>971.461</ele><time>2022-07-31T21:51:08Z</time></trkpt><trkpt lat="-24.199577" lon="-49.319644"><ele>971.417</ele><time>2022-07-31T21:51:09Z</time></trkpt><trkpt lat="-24.199494" lon="-49.319642"><ele>972.009</ele><time>2022-07-31T21:51:11Z</time></trkpt><trkpt lat="-24.199437" lon="-49.319639"><ele>973.795</ele><time>2022-07-31T21:51:13Z</time></trkpt><trkpt lat="-24.199383" lon="-49.319644"><ele>974.994</ele><time>2022-07-31T21:51:26Z</time></trkpt><trkpt lat="-24.199304" lon="-49.319627"><ele>976.213</ele><time>2022-07-31T21:51:29Z</time></trkpt><trkpt lat="-24.199229" lon="-49.319612"><ele>974.547</ele><time>2022-07-31T21:51:31Z</time></trkpt><trkpt lat="-24.199174" lon="-49.319605"><ele>974.450</ele><time>2022-07-31T21:51:32Z</time></trkpt><trkpt lat="-24.199115" lon="-49.319614"><ele>973.469</ele><time>2022-07-31T21:51:33Z</time></trkpt><trkpt lat="-24.199045" lon="-49.319609"><ele>972.450</ele><time>2022-07-31T21:51:34Z</time></trkpt><trkpt lat="-24.198970" lon="-49.319609"><ele>971.757</ele><time>2022-07-31T21:51:35Z</time></trkpt><trkpt lat="-24.198882" lon="-49.319598"><ele>971.084</ele><time>2022-07-31T21:51:36Z</time></trkpt><trkpt lat="-24.198806" lon="-49.319595"><ele>971.471</ele><time>2022-07-31T21:51:37Z</time></trkpt><trkpt lat="-24.198740" lon="-49.319594"><ele>971.141</ele><time>2022-07-31T21:51:38Z</time></trkpt><trkpt lat="-24.198665" lon="-49.319599"><ele>970.315</ele><time>2022-07-31T21:51:39Z</time></trkpt><trkpt lat="-24.198609" lon="-49.319582"><ele>968.509</ele><time>2022-07-31T21:51:40Z</time></trkpt><trkpt lat="-24.198535" lon="-49.319581"><ele>968.778</ele><time>2022-07-31T21:51:41Z</time></trkpt><trkpt lat="-24.198455" lon="-49.319587"><ele>968.487</ele><time>2022-07-31T21:51:42Z</time></trkpt><trkpt lat="-24.198391" lon="-49.319591"><ele>968.256</ele><time>2022-07-31T21:51:43Z</time></trkpt><trkpt lat="-24.198318" lon="-49.319593"><ele>968.720</ele><time>2022-07-31T21:51:44Z</time></trkpt><trkpt lat="-24.198243" lon="-49.319596"><ele>968.843</ele><time>2022-07-31T21:51:45Z</time></trkpt><trkpt lat="-24.198180" lon="-49.319575"><ele>968.092</ele><time>2022-07-31T21:51:46Z</time></trkpt><trkpt lat="-24.198117" lon="-49.319567"><ele>967.013</ele><time>2022-07-31T21:51:47Z</time></trkpt><trkpt lat="-24.198040" lon="-49.319564"><ele>966.650</ele><time>2022-07-31T21:51:48Z</time></trkpt><trkpt lat="-24.197972" lon="-49.319561"><ele>967.287</ele><time>2022-07-31T21:51:49Z</time></trkpt><trkpt lat="-24.197904" lon="-49.319560"><ele>967.897</ele><time>2022-07-31T21:51:50Z</time></trkpt><trkpt lat="-24.197836" lon="-49.319562"><ele>966.923</ele><time>2022-07-31T21:51:51Z</time></trkpt><trkpt lat="-24.197764" lon="-49.319546"><ele>966.725</ele><time>2022-07-31T21:51:52Z</time></trkpt><trkpt lat="-24.197691" lon="-49.319544"><ele>967.509</ele><time>2022-07-31T21:51:53Z</time></trkpt><trkpt lat="-24.197621" lon="-49.319532"><ele>966.670</ele><time>2022-07-31T21:51:54Z</time></trkpt><trkpt lat="-24.197545" lon="-49.319520"><ele>966.859</ele><time>2022-07-31T21:51:55Z</time></trkpt><trkpt lat="-24.197473" lon="-49.319526"><ele>966.158</ele><time>2022-07-31T21:51:56Z</time></trkpt><trkpt lat="-24.197401" lon="-49.319525"><ele>965.722</ele><time>2022-07-31T21:51:57Z</time></trkpt><trkpt lat="-24.197321" lon="-49.319515"><ele>965.435</ele><time>2022-07-31T21:51:58Z</time></trkpt><trkpt lat="-24.197248" lon="-49.319516"><ele>964.514</ele><time>2022-07-31T21:51:59Z</time></trkpt><trkpt lat="-24.197164" lon="-49.319501"><ele>964.925</ele><time>2022-07-31T21:52:00Z</time></trkpt><trkpt lat="-24.197080" lon="-49.319497"><ele>963.972</ele><time>2022-07-31T21:52:01Z</time></trkpt><trkpt lat="-24.197013" lon="-49.319492"><ele>962.489</ele><time>2022-07-31T21:52:02Z</time></trkpt><trkpt lat="-24.196934" lon="-49.319490"><ele>962.392</ele><time>2022-07-31T21:52:03Z</time></trkpt><trkpt lat="-24.196870" lon="-49.319480"><ele>962.673</ele><time>2022-07-31T21:52:04Z</time></trkpt><trkpt lat="-24.196801" lon="-49.319478"><ele>961.820</ele><time>2022-07-31T21:52:05Z</time></trkpt><trkpt lat="-24.196718" lon="-49.319479"><ele>962.109</ele><time>2022-07-31T21:52:06Z</time></trkpt><trkpt lat="-24.196628" lon="-49.319463"><ele>966.540</ele><time>2022-07-31T21:52:07Z</time></trkpt><trkpt lat="-24.196563" lon="-49.319465"><ele>967.849</ele><time>2022-07-31T21:52:08Z</time></trkpt><trkpt lat="-24.196491" lon="-49.319454"><ele>967.748</ele><time>2022-07-31T21:52:09Z</time></trkpt><trkpt lat="-24.196397" lon="-49.319445"><ele>971.422</ele><time>2022-07-31T21:52:10Z</time></trkpt><trkpt lat="-24.196292" lon="-49.319451"><ele>969.165</ele><time>2022-07-31T21:52:11Z</time></trkpt><trkpt lat="-24.196217" lon="-49.319449"><ele>969.874</ele><time>2022-07-31T21:52:12Z</time></trkpt><trkpt lat="-24.196151" lon="-49.319440"><ele>970.315</ele><time>2022-07-31T21:52:13Z</time></trkpt><trkpt lat="-24.196064" lon="-49.319435"><ele>968.412</ele><time>2022-07-31T21:52:14Z</time></trkpt><trkpt lat="-24.195978" lon="-49.319436"><ele>968.829</ele><time>2022-07-31T21:52:15Z</time></trkpt><trkpt lat="-24.195886" lon="-49.319400"><ele>967.489</ele><time>2022-07-31T21:52:17Z</time></trkpt><trkpt lat="-24.195796" lon="-49.319400"><ele>967.306</ele><time>2022-07-31T21:52:18Z</time></trkpt><trkpt lat="-24.195721" lon="-49.319392"><ele>964.326</ele><time>2022-07-31T21:52:19Z</time></trkpt><trkpt lat="-24.195646" lon="-49.319387"><ele>964.009</ele><time>2022-07-31T21:52:20Z</time></trkpt><trkpt lat="-24.195569" lon="-49.319378"><ele>962.439</ele><time>2022-07-31T21:52:21Z</time></trkpt><trkpt lat="-24.195482" lon="-49.319363"><ele>963.248</ele><time>2022-07-31T21:52:22Z</time></trkpt><trkpt lat="-24.195412" lon="-49.319349"><ele>963.497</ele><time>2022-07-31T21:52:23Z</time></trkpt><trkpt lat="-24.195324" lon="-49.319351"><ele>961.211</ele><time>2022-07-31T21:52:24Z</time></trkpt><trkpt lat="-24.195253" lon="-49.319343"><ele>962.274</ele><time>2022-07-31T21:52:25Z</time></trkpt><trkpt lat="-24.195172" lon="-49.319325"><ele>962.043</ele><time>2022-07-31T21:52:26Z</time></trkpt><trkpt lat="-24.195096" lon="-49.319309"><ele>961.964</ele><time>2022-07-31T21:52:27Z</time></trkpt><trkpt lat="-24.195023" lon="-49.319298"><ele>962.111</ele><time>2022-07-31T21:52:28Z</time></trkpt><trkpt lat="-24.194946" lon="-49.319290"><ele>962.038</ele><time>2022-07-31T21:52:29Z</time></trkpt><trkpt lat="-24.194861" lon="-49.319270"><ele>961.658</ele><time>2022-07-31T21:52:30Z</time></trkpt><trkpt lat="-24.194774" lon="-49.319252"><ele>962.852</ele><time>2022-07-31T21:52:31Z</time></trkpt><trkpt lat="-24.194683" lon="-49.319251"><ele>963.917</ele><time>2022-07-31T21:52:32Z</time></trkpt><trkpt lat="-24.194622" lon="-49.319240"><ele>964.509</ele><time>2022-07-31T21:52:33Z</time></trkpt><trkpt lat="-24.194558" lon="-49.319230"><ele>963.516</ele><time>2022-07-31T21:52:34Z</time></trkpt><trkpt lat="-24.194486" lon="-49.319220"><ele>963.085</ele><time>2022-07-31T21:52:35Z</time></trkpt><trkpt lat="-24.194398" lon="-49.319214"><ele>959.964</ele><time>2022-07-31T21:52:36Z</time></trkpt><trkpt lat="-24.194308" lon="-49.319209"><ele>959.538</ele><time>2022-07-31T21:52:37Z</time></trkpt><trkpt lat="-24.194237" lon="-49.319208"><ele>960.071</ele><time>2022-07-31T21:52:38Z</time></trkpt><trkpt lat="-24.194170" lon="-49.319198"><ele>960.570</ele><time>2022-07-31T21:52:39Z</time></trkpt><trkpt lat="-24.194091" lon="-49.319193"><ele>960.771</ele><time>2022-07-31T21:52:40Z</time></trkpt><trkpt lat="-24.194010" lon="-49.319183"><ele>959.948</ele><time>2022-07-31T21:52:41Z</time></trkpt><trkpt lat="-24.193922" lon="-49.319172"><ele>959.165</ele><time>2022-07-31T21:52:42Z</time></trkpt><trkpt lat="-24.193846" lon="-49.319173"><ele>959.476</ele><time>2022-07-31T21:52:43Z</time></trkpt><trkpt lat="-24.193776" lon="-49.319174"><ele>957.490</ele><time>2022-07-31T21:52:44Z</time></trkpt><trkpt lat="-24.193695" lon="-49.319167"><ele>957.519</ele><time>2022-07-31T21:52:45Z</time></trkpt><trkpt lat="-24.193631" lon="-49.319167"><ele>956.209</ele><time>2022-07-31T21:52:46Z</time></trkpt><trkpt lat="-24.193518" lon="-49.319153"><ele>958.388</ele><time>2022-07-31T21:52:47Z</time></trkpt><trkpt lat="-24.193464" lon="-49.319152"><ele>955.757</ele><time>2022-07-31T21:52:48Z</time></trkpt><trkpt lat="-24.193408" lon="-49.319134"><ele>954.766</ele><time>2022-07-31T21:52:49Z</time></trkpt><trkpt lat="-24.193344" lon="-49.319117"><ele>954.270</ele><time>2022-07-31T21:52:50Z</time></trkpt><trkpt lat="-24.193297" lon="-49.319114"><ele>953.923</ele><time>2022-07-31T21:52:51Z</time></trkpt><trkpt lat="-24.193231" lon="-49.319112"><ele>955.052</ele><time>2022-07-31T21:52:52Z</time></trkpt><trkpt lat="-24.193183" lon="-49.319104"><ele>954.453</ele><time>2022-07-31T21:52:53Z</time></trkpt><trkpt lat="-24.193098" lon="-49.319098"><ele>953.520</ele><time>2022-07-31T21:52:54Z</time></trkpt><trkpt lat="-24.193032" lon="-49.319110"><ele>953.177</ele><time>2022-07-31T21:52:55Z</time></trkpt><trkpt lat="-24.192962" lon="-49.319110"><ele>952.855</ele><time>2022-07-31T21:52:56Z</time></trkpt><trkpt lat="-24.192902" lon="-49.319119"><ele>953.907</ele><time>2022-07-31T21:52:57Z</time></trkpt><trkpt lat="-24.192842" lon="-49.319097"><ele>951.417</ele><time>2022-07-31T21:52:58Z</time></trkpt><trkpt lat="-24.192760" lon="-49.319082"><ele>950.809</ele><time>2022-07-31T21:52:59Z</time></trkpt><trkpt lat="-24.192684" lon="-49.319063"><ele>950.236</ele><time>2022-07-31T21:53:00Z</time></trkpt><trkpt lat="-24.192609" lon="-49.319030"><ele>950.625</ele><time>2022-07-31T21:53:01Z</time></trkpt><trkpt lat="-24.192541" lon="-49.319017"><ele>950.164</ele><time>2022-07-31T21:53:02Z</time></trkpt><trkpt lat="-24.192462" lon="-49.318992"><ele>951.418</ele><time>2022-07-31T21:53:03Z</time></trkpt><trkpt lat="-24.192396" lon="-49.318994"><ele>951.681</ele><time>2022-07-31T21:53:04Z</time></trkpt><trkpt lat="-24.192329" lon="-49.318988"><ele>950.170</ele><time>2022-07-31T21:53:05Z</time></trkpt><trkpt lat="-24.192263" lon="-49.318997"><ele>951.311</ele><time>2022-07-31T21:53:06Z</time></trkpt><trkpt lat="-24.192185" lon="-49.318978"><ele>952.968</ele><time>2022-07-31T21:53:07Z</time></trkpt><trkpt lat="-24.192107" lon="-49.318990"><ele>951.585</ele><time>2022-07-31T21:53:08Z</time></trkpt><trkpt lat="-24.192047" lon="-49.318973"><ele>953.172</ele><time>2022-07-31T21:53:09Z</time></trkpt><trkpt lat="-24.191971" lon="-49.318946"><ele>952.813</ele><time>2022-07-31T21:53:10Z</time></trkpt><trkpt lat="-24.191903" lon="-49.318935"><ele>952.014</ele><time>2022-07-31T21:53:11Z</time></trkpt><trkpt lat="-24.191829" lon="-49.318908"><ele>952.509</ele><time>2022-07-31T21:53:12Z</time></trkpt><trkpt lat="-24.191770" lon="-49.318884"><ele>954.148</ele><time>2022-07-31T21:53:13Z</time></trkpt><trkpt lat="-24.191662" lon="-49.318898"><ele>954.297</ele><time>2022-07-31T21:53:14Z</time></trkpt><trkpt lat="-24.191594" lon="-49.318880"><ele>955.296</ele><time>2022-07-31T21:53:15Z</time></trkpt><trkpt lat="-24.191530" lon="-49.318883"><ele>955.390</ele><time>2022-07-31T21:53:16Z</time></trkpt><trkpt lat="-24.191471" lon="-49.318869"><ele>954.973</ele><time>2022-07-31T21:53:17Z</time></trkpt><trkpt lat="-24.191388" lon="-49.318872"><ele>954.072</ele><time>2022-07-31T21:53:18Z</time></trkpt><trkpt lat="-24.191333" lon="-49.318857"><ele>954.853</ele><time>2022-07-31T21:53:19Z</time></trkpt><trkpt lat="-24.191269" lon="-49.318839"><ele>955.410</ele><time>2022-07-31T21:53:20Z</time></trkpt><trkpt lat="-24.191203" lon="-49.318859"><ele>956.177</ele><time>2022-07-31T21:53:21Z</time></trkpt><trkpt lat="-24.191128" lon="-49.318856"><ele>956.364</ele><time>2022-07-31T21:53:22Z</time></trkpt><trkpt lat="-24.191030" lon="-49.318828"><ele>956.806</ele><time>2022-07-31T21:53:23Z</time></trkpt><trkpt lat="-24.190971" lon="-49.318833"><ele>955.016</ele><time>2022-07-31T21:53:24Z</time></trkpt><trkpt lat="-24.190884" lon="-49.318807"><ele>955.309</ele><time>2022-07-31T21:53:25Z</time></trkpt><trkpt lat="-24.190837" lon="-49.318798"><ele>955.797</ele><time>2022-07-31T21:53:26Z</time></trkpt><trkpt lat="-24.190754" lon="-49.318791"><ele>957.136</ele><time>2022-07-31T21:53:27Z</time></trkpt><trkpt lat="-24.190683" lon="-49.318772"><ele>958.535</ele><time>2022-07-31T21:53:28Z</time></trkpt><trkpt lat="-24.190602" lon="-49.318773"><ele>958.089</ele><time>2022-07-31T21:53:29Z</time></trkpt><trkpt lat="-24.190535" lon="-49.318761"><ele>957.322</ele><time>2022-07-31T21:53:30Z</time></trkpt><trkpt lat="-24.190478" lon="-49.318746"><ele>957.031</ele><time>2022-07-31T21:53:31Z</time></trkpt><trkpt lat="-24.190402" lon="-49.318735"><ele>957.592</ele><time>2022-07-31T21:53:32Z</time></trkpt><trkpt lat="-24.190318" lon="-49.318712"><ele>958.539</ele><time>2022-07-31T21:53:33Z</time></trkpt><trkpt lat="-24.190242" lon="-49.318721"><ele>957.926</ele><time>2022-07-31T21:53:34Z</time></trkpt><trkpt lat="-24.190180" lon="-49.318722"><ele>959.593</ele><time>2022-07-31T21:53:35Z</time></trkpt><trkpt lat="-24.190107" lon="-49.318713"><ele>959.365</ele><time>2022-07-31T21:53:36Z</time></trkpt><trkpt lat="-24.190029" lon="-49.318719"><ele>960.321</ele><time>2022-07-31T21:53:37Z</time></trkpt><trkpt lat="-24.189949" lon="-49.318718"><ele>960.609</ele><time>2022-07-31T21:53:38Z</time></trkpt><trkpt lat="-24.189881" lon="-49.318729"><ele>960.420</ele><time>2022-07-31T21:53:39Z</time></trkpt><trkpt lat="-24.189798" lon="-49.318749"><ele>958.319</ele><time>2022-07-31T21:53:40Z</time></trkpt><trkpt lat="-24.189732" lon="-49.318726"><ele>956.438</ele><time>2022-07-31T21:53:41Z</time></trkpt><trkpt lat="-24.189655" lon="-49.318737"><ele>956.462</ele><time>2022-07-31T21:53:42Z</time></trkpt><trkpt lat="-24.189568" lon="-49.318717"><ele>954.445</ele><time>2022-07-31T21:53:43Z</time></trkpt><trkpt lat="-24.189472" lon="-49.318692"><ele>954.284</ele><time>2022-07-31T21:53:44Z</time></trkpt><trkpt lat="-24.189405" lon="-49.318667"><ele>956.045</ele><time>2022-07-31T21:53:45Z</time></trkpt><trkpt lat="-24.189325" lon="-49.318672"><ele>955.862</ele><time>2022-07-31T21:53:46Z</time></trkpt><trkpt lat="-24.189255" lon="-49.318652"><ele>954.869</ele><time>2022-07-31T21:53:47Z</time></trkpt><trkpt lat="-24.189171" lon="-49.318658"><ele>953.739</ele><time>2022-07-31T21:53:48Z</time></trkpt><trkpt lat="-24.189105" lon="-49.318653"><ele>953.301</ele><time>2022-07-31T21:53:49Z</time></trkpt><trkpt lat="-24.189018" lon="-49.318637"><ele>954.021</ele><time>2022-07-31T21:53:50Z</time></trkpt><trkpt lat="-24.188948" lon="-49.318617"><ele>954.309</ele><time>2022-07-31T21:53:51Z</time></trkpt><trkpt lat="-24.188856" lon="-49.318599"><ele>954.414</ele><time>2022-07-31T21:53:52Z</time></trkpt><trkpt lat="-24.188776" lon="-49.318580"><ele>954.493</ele><time>2022-07-31T21:53:53Z</time></trkpt><trkpt lat="-24.188699" lon="-49.318583"><ele>953.422</ele><time>2022-07-31T21:53:54Z</time></trkpt><trkpt lat="-24.188629" lon="-49.318574"><ele>953.876</ele><time>2022-07-31T21:53:55Z</time></trkpt><trkpt lat="-24.188541" lon="-49.318566"><ele>950.549</ele><time>2022-07-31T21:53:56Z</time></trkpt><trkpt lat="-24.188472" lon="-49.318549"><ele>950.668</ele><time>2022-07-31T21:53:57Z</time></trkpt><trkpt lat="-24.188398" lon="-49.318557"><ele>952.489</ele><time>2022-07-31T21:53:58Z</time></trkpt><trkpt lat="-24.188311" lon="-49.318531"><ele>952.456</ele><time>2022-07-31T21:53:59Z</time></trkpt><trkpt lat="-24.188222" lon="-49.318520"><ele>952.783</ele><time>2022-07-31T21:54:00Z</time></trkpt><trkpt lat="-24.188120" lon="-49.318517"><ele>951.597</ele><time>2022-07-31T21:54:01Z</time></trkpt><trkpt lat="-24.188046" lon="-49.318485"><ele>952.123</ele><time>2022-07-31T21:54:02Z</time></trkpt><trkpt lat="-24.187966" lon="-49.318483"><ele>950.025</ele><time>2022-07-31T21:54:03Z</time></trkpt><trkpt lat="-24.187902" lon="-49.318470"><ele>949.709</ele><time>2022-07-31T21:54:04Z</time></trkpt><trkpt lat="-24.187822" lon="-49.318470"><ele>949.950</ele><time>2022-07-31T21:54:05Z</time></trkpt><trkpt lat="-24.187755" lon="-49.318451"><ele>949.869</ele><time>2022-07-31T21:54:06Z</time></trkpt><trkpt lat="-24.187663" lon="-49.318452"><ele>947.228</ele><time>2022-07-31T21:54:07Z</time></trkpt><trkpt lat="-24.187588" lon="-49.318438"><ele>947.692</ele><time>2022-07-31T21:54:08Z</time></trkpt><trkpt lat="-24.187513" lon="-49.318421"><ele>947.555</ele><time>2022-07-31T21:54:09Z</time></trkpt><trkpt lat="-24.187442" lon="-49.318414"><ele>947.464</ele><time>2022-07-31T21:54:10Z</time></trkpt><trkpt lat="-24.187365" lon="-49.318395"><ele>947.025</ele><time>2022-07-31T21:54:11Z</time></trkpt><trkpt lat="-24.187283" lon="-49.318385"><ele>946.432</ele><time>2022-07-31T21:54:12Z</time></trkpt><trkpt lat="-24.187193" lon="-49.318376"><ele>947.199</ele><time>2022-07-31T21:54:13Z</time></trkpt><trkpt lat="-24.187105" lon="-49.318359"><ele>947.272</ele><time>2022-07-31T21:54:14Z</time></trkpt><trkpt lat="-24.187017" lon="-49.318356"><ele>948.613</ele><time>2022-07-31T21:54:15Z</time></trkpt><trkpt lat="-24.186938" lon="-49.318343"><ele>946.914</ele><time>2022-07-31T21:54:16Z</time></trkpt><trkpt lat="-24.186851" lon="-49.318326"><ele>947.209</ele><time>2022-07-31T21:54:17Z</time></trkpt><trkpt lat="-24.186795" lon="-49.318308"><ele>947.178</ele><time>2022-07-31T21:54:18Z</time></trkpt><trkpt lat="-24.186698" lon="-49.318298"><ele>947.467</ele><time>2022-07-31T21:54:19Z</time></trkpt><trkpt lat="-24.186612" lon="-49.318287"><ele>947.466</ele><time>2022-07-31T21:54:20Z</time></trkpt><trkpt lat="-24.186524" lon="-49.318272"><ele>947.130</ele><time>2022-07-31T21:54:21Z</time></trkpt><trkpt lat="-24.186466" lon="-49.318268"><ele>946.523</ele><time>2022-07-31T21:54:22Z</time></trkpt><trkpt lat="-24.186378" lon="-49.318262"><ele>946.412</ele><time>2022-07-31T21:54:23Z</time></trkpt><trkpt lat="-24.186290" lon="-49.318253"><ele>946.393</ele><time>2022-07-31T21:54:24Z</time></trkpt><trkpt lat="-24.186211" lon="-49.318247"><ele>948.030</ele><time>2022-07-31T21:54:25Z</time></trkpt><trkpt lat="-24.186120" lon="-49.318248"><ele>948.197</ele><time>2022-07-31T21:54:26Z</time></trkpt><trkpt lat="-24.186024" lon="-49.318233"><ele>946.367</ele><time>2022-07-31T21:54:27Z</time></trkpt><trkpt lat="-24.185946" lon="-49.318225"><ele>946.181</ele><time>2022-07-31T21:54:28Z</time></trkpt><trkpt lat="-24.185858" lon="-49.318219"><ele>947.419</ele><time>2022-07-31T21:54:29Z</time></trkpt><trkpt lat="-24.185791" lon="-49.318228"><ele>947.009</ele><time>2022-07-31T21:54:30Z</time></trkpt><trkpt lat="-24.185704" lon="-49.318222"><ele>947.467</ele><time>2022-07-31T21:54:31Z</time></trkpt><trkpt lat="-24.185652" lon="-49.318238"><ele>944.286</ele><time>2022-07-31T21:54:32Z</time></trkpt><trkpt lat="-24.185570" lon="-49.318235"><ele>942.415</ele><time>2022-07-31T21:54:33Z</time></trkpt><trkpt lat="-24.185487" lon="-49.318236"><ele>942.679</ele><time>2022-07-31T21:54:34Z</time></trkpt><trkpt lat="-24.185419" lon="-49.318233"><ele>942.162</ele><time>2022-07-31T21:54:35Z</time></trkpt><trkpt lat="-24.185334" lon="-49.318239"><ele>943.031</ele><time>2022-07-31T21:54:36Z</time></trkpt><trkpt lat="-24.185242" lon="-49.318233"><ele>943.552</ele><time>2022-07-31T21:54:37Z</time></trkpt><trkpt lat="-24.185162" lon="-49.318229"><ele>943.239</ele><time>2022-07-31T21:54:38Z</time></trkpt><trkpt lat="-24.185070" lon="-49.318212"><ele>944.276</ele><time>2022-07-31T21:54:39Z</time></trkpt><trkpt lat="-24.184980" lon="-49.318209"><ele>943.135</ele><time>2022-07-31T21:54:40Z</time></trkpt><trkpt lat="-24.184913" lon="-49.318199"><ele>943.586</ele><time>2022-07-31T21:54:41Z</time></trkpt><trkpt lat="-24.184832" lon="-49.318195"><ele>943.114</ele><time>2022-07-31T21:54:42Z</time></trkpt><trkpt lat="-24.184759" lon="-49.318188"><ele>942.709</ele><time>2022-07-31T21:54:43Z</time></trkpt><trkpt lat="-24.184680" lon="-49.318196"><ele>942.994</ele><time>2022-07-31T21:54:44Z</time></trkpt><trkpt lat="-24.184610" lon="-49.318188"><ele>942.613</ele><time>2022-07-31T21:54:45Z</time></trkpt><trkpt lat="-24.184533" lon="-49.318185"><ele>942.442</ele><time>2022-07-31T21:54:46Z</time></trkpt><trkpt lat="-24.184454" lon="-49.318184"><ele>942.326</ele><time>2022-07-31T21:54:47Z</time></trkpt><trkpt lat="-24.184373" lon="-49.318180"><ele>941.919</ele><time>2022-07-31T21:54:48Z</time></trkpt><trkpt lat="-24.184307" lon="-49.318165"><ele>941.688</ele><time>2022-07-31T21:54:49Z</time></trkpt><trkpt lat="-24.184216" lon="-49.318161"><ele>940.549</ele><time>2022-07-31T21:54:50Z</time></trkpt><trkpt lat="-24.184140" lon="-49.318165"><ele>936.836</ele><time>2022-07-31T21:54:51Z</time></trkpt><trkpt lat="-24.184065" lon="-49.318168"><ele>935.663</ele><time>2022-07-31T21:54:52Z</time></trkpt><trkpt lat="-24.183976" lon="-49.318171"><ele>935.471</ele><time>2022-07-31T21:54:53Z</time></trkpt><trkpt lat="-24.183907" lon="-49.318166"><ele>935.241</ele><time>2022-07-31T21:54:54Z</time></trkpt><trkpt lat="-24.183825" lon="-49.318166"><ele>935.115</ele><time>2022-07-31T21:54:55Z</time></trkpt><trkpt lat="-24.183752" lon="-49.318158"><ele>934.509</ele><time>2022-07-31T21:54:56Z</time></trkpt><trkpt lat="-24.183669" lon="-49.318154"><ele>934.468</ele><time>2022-07-31T21:54:57Z</time></trkpt><trkpt lat="-24.183600" lon="-49.318137"><ele>933.957</ele><time>2022-07-31T21:54:58Z</time></trkpt><trkpt lat="-24.183520" lon="-49.318127"><ele>933.556</ele><time>2022-07-31T21:54:59Z</time></trkpt><trkpt lat="-24.183446" lon="-49.318111"><ele>932.550</ele><time>2022-07-31T21:55:00Z</time></trkpt><trkpt lat="-24.183367" lon="-49.318094"><ele>931.843</ele><time>2022-07-31T21:55:01Z</time></trkpt><trkpt lat="-24.183296" lon="-49.318075"><ele>931.492</ele><time>2022-07-31T21:55:02Z</time></trkpt><trkpt lat="-24.183221" lon="-49.318059"><ele>931.213</ele><time>2022-07-31T21:55:03Z</time></trkpt><trkpt lat="-24.183146" lon="-49.318047"><ele>931.180</ele><time>2022-07-31T21:55:04Z</time></trkpt><trkpt lat="-24.183065" lon="-49.318041"><ele>931.247</ele><time>2022-07-31T21:55:05Z</time></trkpt><trkpt lat="-24.182999" lon="-49.318025"><ele>930.916</ele><time>2022-07-31T21:55:06Z</time></trkpt><trkpt lat="-24.182912" lon="-49.318030"><ele>930.576</ele><time>2022-07-31T21:55:07Z</time></trkpt><trkpt lat="-24.182841" lon="-49.318033"><ele>930.513</ele><time>2022-07-31T21:55:08Z</time></trkpt><trkpt lat="-24.182759" lon="-49.318037"><ele>930.909</ele><time>2022-07-31T21:55:09Z</time></trkpt><trkpt lat="-24.182683" lon="-49.318030"><ele>931.422</ele><time>2022-07-31T21:55:10Z</time></trkpt><trkpt lat="-24.182597" lon="-49.318032"><ele>931.251</ele><time>2022-07-31T21:55:11Z</time></trkpt><trkpt lat="-24.182529" lon="-49.318028"><ele>931.420</ele><time>2022-07-31T21:55:12Z</time></trkpt><trkpt lat="-24.182440" lon="-49.318023"><ele>931.674</ele><time>2022-07-31T21:55:13Z</time></trkpt><trkpt lat="-24.182371" lon="-49.318012"><ele>931.787</ele><time>2022-07-31T21:55:14Z</time></trkpt><trkpt lat="-24.182297" lon="-49.318000"><ele>931.956</ele><time>2022-07-31T21:55:15Z</time></trkpt><trkpt lat="-24.182207" lon="-49.318008"><ele>931.567</ele><time>2022-07-31T21:55:16Z</time></trkpt><trkpt lat="-24.182129" lon="-49.318010"><ele>930.254</ele><time>2022-07-31T21:55:17Z</time></trkpt><trkpt lat="-24.182044" lon="-49.318002"><ele>930.341</ele><time>2022-07-31T21:55:18Z</time></trkpt><trkpt lat="-24.181964" lon="-49.318000"><ele>930.215</ele><time>2022-07-31T21:55:19Z</time></trkpt><trkpt lat="-24.181891" lon="-49.317983"><ele>930.265</ele><time>2022-07-31T21:55:20Z</time></trkpt><trkpt lat="-24.181813" lon="-49.317973"><ele>929.811</ele><time>2022-07-31T21:55:21Z</time></trkpt><trkpt lat="-24.181727" lon="-49.317975"><ele>929.509</ele><time>2022-07-31T21:55:22Z</time></trkpt><trkpt lat="-24.181642" lon="-49.317968"><ele>928.532</ele><time>2022-07-31T21:55:23Z</time></trkpt><trkpt lat="-24.181557" lon="-49.317973"><ele>928.431</ele><time>2022-07-31T21:55:24Z</time></trkpt><trkpt lat="-24.181474" lon="-49.317964"><ele>928.940</ele><time>2022-07-31T21:55:25Z</time></trkpt><trkpt lat="-24.181391" lon="-49.317954"><ele>929.544</ele><time>2022-07-31T21:55:26Z</time></trkpt><trkpt lat="-24.181305" lon="-49.317960"><ele>929.547</ele><time>2022-07-31T21:55:27Z</time></trkpt><trkpt lat="-24.181229" lon="-49.317958"><ele>928.986</ele><time>2022-07-31T21:55:28Z</time></trkpt><trkpt lat="-24.181150" lon="-49.317961"><ele>928.987</ele><time>2022-07-31T21:55:29Z</time></trkpt><trkpt lat="-24.181079" lon="-49.317974"><ele>929.564</ele><time>2022-07-31T21:55:30Z</time></trkpt><trkpt lat="-24.181001" lon="-49.317965"><ele>929.771</ele><time>2022-07-31T21:55:31Z</time></trkpt><trkpt lat="-24.180929" lon="-49.317965"><ele>929.975</ele><time>2022-07-31T21:55:32Z</time></trkpt><trkpt lat="-24.180835" lon="-49.317969"><ele>930.728</ele><time>2022-07-31T21:55:33Z</time></trkpt><trkpt lat="-24.180738" lon="-49.317959"><ele>933.520</ele><time>2022-07-31T21:55:34Z</time></trkpt><trkpt lat="-24.180656" lon="-49.317952"><ele>932.609</ele><time>2022-07-31T21:55:35Z</time></trkpt><trkpt lat="-24.180581" lon="-49.317960"><ele>932.278</ele><time>2022-07-31T21:55:36Z</time></trkpt><trkpt lat="-24.180505" lon="-49.317951"><ele>932.627</ele><time>2022-07-31T21:55:37Z</time></trkpt><trkpt lat="-24.180429" lon="-49.317948"><ele>932.466</ele><time>2022-07-31T21:55:38Z</time></trkpt><trkpt lat="-24.180356" lon="-49.317947"><ele>932.480</ele><time>2022-07-31T21:55:39Z</time></trkpt><trkpt lat="-24.180270" lon="-49.317938"><ele>931.783</ele><time>2022-07-31T21:55:40Z</time></trkpt><trkpt lat="-24.180189" lon="-49.317942"><ele>932.272</ele><time>2022-07-31T21:55:41Z</time></trkpt><trkpt lat="-24.180101" lon="-49.317939"><ele>932.053</ele><time>2022-07-31T21:55:42Z</time></trkpt><trkpt lat="-24.180013" lon="-49.317941"><ele>931.460</ele><time>2022-07-31T21:55:43Z</time></trkpt><trkpt lat="-24.179933" lon="-49.317937"><ele>931.217</ele><time>2022-07-31T21:55:44Z</time></trkpt><trkpt lat="-24.179858" lon="-49.317938"><ele>930.596</ele><time>2022-07-31T21:55:45Z</time></trkpt><trkpt lat="-24.179777" lon="-49.317940"><ele>930.031</ele><time>2022-07-31T21:55:46Z</time></trkpt><trkpt lat="-24.179687" lon="-49.317934"><ele>929.324</ele><time>2022-07-31T21:55:47Z</time></trkpt><trkpt lat="-24.179600" lon="-49.317936"><ele>929.109</ele><time>2022-07-31T21:55:48Z</time></trkpt><trkpt lat="-24.179522" lon="-49.317938"><ele>928.350</ele><time>2022-07-31T21:55:49Z</time></trkpt><trkpt lat="-24.179448" lon="-49.317936"><ele>928.139</ele><time>2022-07-31T21:55:50Z</time></trkpt><trkpt lat="-24.179364" lon="-49.317930"><ele>927.778</ele><time>2022-07-31T21:55:51Z</time></trkpt><trkpt lat="-24.179301" lon="-49.317916"><ele>927.142</ele><time>2022-07-31T21:55:52Z</time></trkpt><trkpt lat="-24.179229" lon="-49.317911"><ele>927.515</ele><time>2022-07-31T21:55:53Z</time></trkpt><trkpt lat="-24.179146" lon="-49.317900"><ele>927.754</ele><time>2022-07-31T21:55:54Z</time></trkpt><trkpt lat="-24.179085" lon="-49.317885"><ele>927.185</ele><time>2022-07-31T21:55:55Z</time></trkpt><trkpt lat="-24.179001" lon="-49.317876"><ele>927.252</ele><time>2022-07-31T21:55:56Z</time></trkpt><trkpt lat="-24.178917" lon="-49.317871"><ele>926.999</ele><time>2022-07-31T21:55:57Z</time></trkpt><trkpt lat="-24.178850" lon="-49.317874"><ele>928.016</ele><time>2022-07-31T21:55:58Z</time></trkpt><trkpt lat="-24.178772" lon="-49.317858"><ele>928.076</ele><time>2022-07-31T21:55:59Z</time></trkpt><trkpt lat="-24.178684" lon="-49.317864"><ele>927.813</ele><time>2022-07-31T21:56:00Z</time></trkpt><trkpt lat="-24.178611" lon="-49.317865"><ele>926.309</ele><time>2022-07-31T21:56:01Z</time></trkpt><trkpt lat="-24.178537" lon="-49.317858"><ele>925.412</ele><time>2022-07-31T21:56:02Z</time></trkpt><trkpt lat="-24.178456" lon="-49.317839"><ele>925.951</ele><time>2022-07-31T21:56:03Z</time></trkpt><trkpt lat="-24.178374" lon="-49.317832"><ele>925.880</ele><time>2022-07-31T21:56:04Z</time></trkpt><trkpt lat="-24.178294" lon="-49.317822"><ele>925.594</ele><time>2022-07-31T21:56:05Z</time></trkpt><trkpt lat="-24.178218" lon="-49.317821"><ele>925.297</ele><time>2022-07-31T21:56:06Z</time></trkpt><trkpt lat="-24.178128" lon="-49.317821"><ele>924.846</ele><time>2022-07-31T21:56:07Z</time></trkpt><trkpt lat="-24.178046" lon="-49.317809"><ele>924.967</ele><time>2022-07-31T21:56:08Z</time></trkpt><trkpt lat="-24.177954" lon="-49.317799"><ele>924.644</ele><time>2022-07-31T21:56:09Z</time></trkpt><trkpt lat="-24.177872" lon="-49.317789"><ele>925.541</ele><time>2022-07-31T21:56:10Z</time></trkpt><trkpt lat="-24.177793" lon="-49.317784"><ele>924.527</ele><time>2022-07-31T21:56:11Z</time></trkpt><trkpt lat="-24.177704" lon="-49.317777"><ele>924.368</ele><time>2022-07-31T21:56:12Z</time></trkpt><trkpt lat="-24.177624" lon="-49.317777"><ele>925.114</ele><time>2022-07-31T21:56:13Z</time></trkpt><trkpt lat="-24.177546" lon="-49.317790"><ele>925.109</ele><time>2022-07-31T21:56:14Z</time></trkpt><trkpt lat="-24.177428" lon="-49.317786"><ele>927.973</ele><time>2022-07-31T21:56:16Z</time></trkpt><trkpt lat="-24.177336" lon="-49.317781"><ele>927.842</ele><time>2022-07-31T21:56:17Z</time></trkpt><trkpt lat="-24.177247" lon="-49.317787"><ele>927.061</ele><time>2022-07-31T21:56:18Z</time></trkpt><trkpt lat="-24.177175" lon="-49.317782"><ele>927.035</ele><time>2022-07-31T21:56:19Z</time></trkpt><trkpt lat="-24.177086" lon="-49.317778"><ele>927.278</ele><time>2022-07-31T21:56:20Z</time></trkpt><trkpt lat="-24.177017" lon="-49.317774"><ele>927.557</ele><time>2022-07-31T21:56:21Z</time></trkpt><trkpt lat="-24.176934" lon="-49.317773"><ele>926.768</ele><time>2022-07-31T21:56:22Z</time></trkpt><trkpt lat="-24.176848" lon="-49.317767"><ele>927.135</ele><time>2022-07-31T21:56:23Z</time></trkpt><trkpt lat="-24.176773" lon="-49.317766"><ele>927.262</ele><time>2022-07-31T21:56:24Z</time></trkpt><trkpt lat="-24.176698" lon="-49.317758"><ele>926.459</ele><time>2022-07-31T21:56:25Z</time></trkpt><trkpt lat="-24.176617" lon="-49.317758"><ele>926.503</ele><time>2022-07-31T21:56:26Z</time></trkpt><trkpt lat="-24.176531" lon="-49.317755"><ele>926.423</ele><time>2022-07-31T21:56:27Z</time></trkpt><trkpt lat="-24.176456" lon="-49.317741"><ele>926.209</ele><time>2022-07-31T21:56:28Z</time></trkpt><trkpt lat="-24.176378" lon="-49.317723"><ele>924.946</ele><time>2022-07-31T21:56:29Z</time></trkpt><trkpt lat="-24.176299" lon="-49.317723"><ele>924.315</ele><time>2022-07-31T21:56:30Z</time></trkpt><trkpt lat="-24.176216" lon="-49.317707"><ele>924.154</ele><time>2022-07-31T21:56:31Z</time></trkpt><trkpt lat="-24.176115" lon="-49.317682"><ele>930.918</ele><time>2022-07-31T21:56:32Z</time></trkpt><trkpt lat="-24.176054" lon="-49.317685"><ele>928.951</ele><time>2022-07-31T21:56:33Z</time></trkpt><trkpt lat="-24.175986" lon="-49.317682"><ele>926.220</ele><time>2022-07-31T21:56:34Z</time></trkpt><trkpt lat="-24.175885" lon="-49.317658"><ele>923.791</ele><time>2022-07-31T21:56:35Z</time></trkpt><trkpt lat="-24.175803" lon="-49.317650"><ele>923.048</ele><time>2022-07-31T21:56:36Z</time></trkpt><trkpt lat="-24.175721" lon="-49.317644"><ele>923.865</ele><time>2022-07-31T21:56:37Z</time></trkpt><trkpt lat="-24.175640" lon="-49.317627"><ele>923.655</ele><time>2022-07-31T21:56:38Z</time></trkpt><trkpt lat="-24.175551" lon="-49.317605"><ele>925.007</ele><time>2022-07-31T21:56:39Z</time></trkpt><trkpt lat="-24.175473" lon="-49.317594"><ele>925.117</ele><time>2022-07-31T21:56:40Z</time></trkpt><trkpt lat="-24.175399" lon="-49.317585"><ele>925.309</ele><time>2022-07-31T21:56:41Z</time></trkpt><trkpt lat="-24.175318" lon="-49.317570"><ele>927.356</ele><time>2022-07-31T21:56:42Z</time></trkpt><trkpt lat="-24.175236" lon="-49.317558"><ele>926.565</ele><time>2022-07-31T21:56:43Z</time></trkpt><trkpt lat="-24.175158" lon="-49.317538"><ele>926.654</ele><time>2022-07-31T21:56:44Z</time></trkpt><trkpt lat="-24.175085" lon="-49.317512"><ele>926.628</ele><time>2022-07-31T21:56:45Z</time></trkpt><trkpt lat="-24.175008" lon="-49.317492"><ele>925.451</ele><time>2022-07-31T21:56:46Z</time></trkpt><trkpt lat="-24.174927" lon="-49.317475"><ele>924.980</ele><time>2022-07-31T21:56:47Z</time></trkpt><trkpt lat="-24.174850" lon="-49.317452"><ele>925.351</ele><time>2022-07-31T21:56:48Z</time></trkpt><trkpt lat="-24.174770" lon="-49.317428"><ele>924.778</ele><time>2022-07-31T21:56:49Z</time></trkpt><trkpt lat="-24.174691" lon="-49.317403"><ele>924.875</ele><time>2022-07-31T21:56:50Z</time></trkpt><trkpt lat="-24.174616" lon="-49.317383"><ele>924.791</ele><time>2022-07-31T21:56:51Z</time></trkpt><trkpt lat="-24.174531" lon="-49.317356"><ele>923.681</ele><time>2022-07-31T21:56:52Z</time></trkpt><trkpt lat="-24.174443" lon="-49.317342"><ele>923.519</ele><time>2022-07-31T21:56:53Z</time></trkpt><trkpt lat="-24.174365" lon="-49.317318"><ele>923.509</ele><time>2022-07-31T21:56:54Z</time></trkpt><trkpt lat="-24.174284" lon="-49.317296"><ele>923.640</ele><time>2022-07-31T21:56:55Z</time></trkpt><trkpt lat="-24.174205" lon="-49.317276"><ele>923.699</ele><time>2022-07-31T21:56:56Z</time></trkpt><trkpt lat="-24.174127" lon="-49.317250"><ele>924.098</ele><time>2022-07-31T21:56:57Z</time></trkpt><trkpt lat="-24.174049" lon="-49.317217"><ele>924.062</ele><time>2022-07-31T21:56:58Z</time></trkpt><trkpt lat="-24.173982" lon="-49.317201"><ele>923.975</ele><time>2022-07-31T21:56:59Z</time></trkpt><trkpt lat="-24.173893" lon="-49.317166"><ele>923.544</ele><time>2022-07-31T21:57:00Z</time></trkpt><trkpt lat="-24.173834" lon="-49.317130"><ele>923.945</ele><time>2022-07-31T21:57:01Z</time></trkpt><trkpt lat="-24.173733" lon="-49.317090"><ele>924.112</ele><time>2022-07-31T21:57:02Z</time></trkpt><trkpt lat="-24.173668" lon="-49.317049"><ele>924.269</ele><time>2022-07-31T21:57:03Z</time></trkpt><trkpt lat="-24.173598" lon="-49.317013"><ele>925.065</ele><time>2022-07-31T21:57:04Z</time></trkpt><trkpt lat="-24.173524" lon="-49.316975"><ele>924.968</ele><time>2022-07-31T21:57:05Z</time></trkpt><trkpt lat="-24.173440" lon="-49.316931"><ele>924.514</ele><time>2022-07-31T21:57:06Z</time></trkpt><trkpt lat="-24.173365" lon="-49.316890"><ele>924.309</ele><time>2022-07-31T21:57:07Z</time></trkpt><trkpt lat="-24.173278" lon="-49.316857"><ele>924.427</ele><time>2022-07-31T21:57:08Z</time></trkpt><trkpt lat="-24.173199" lon="-49.316827"><ele>924.216</ele><time>2022-07-31T21:57:09Z</time></trkpt><trkpt lat="-24.173122" lon="-49.316782"><ele>924.255</ele><time>2022-07-31T21:57:10Z</time></trkpt><trkpt lat="-24.173048" lon="-49.316742"><ele>924.189</ele><time>2022-07-31T21:57:11Z</time></trkpt><trkpt lat="-24.172965" lon="-49.316704"><ele>923.322</ele><time>2022-07-31T21:57:12Z</time></trkpt><trkpt lat="-24.172894" lon="-49.316676"><ele>922.821</ele><time>2022-07-31T21:57:13Z</time></trkpt><trkpt lat="-24.172819" lon="-49.316639"><ele>922.962</ele><time>2022-07-31T21:57:14Z</time></trkpt><trkpt lat="-24.172747" lon="-49.316604"><ele>922.829</ele><time>2022-07-31T21:57:15Z</time></trkpt><trkpt lat="-24.172671" lon="-49.316573"><ele>923.166</ele><time>2022-07-31T21:57:16Z</time></trkpt><trkpt lat="-24.172596" lon="-49.316534"><ele>922.871</ele><time>2022-07-31T21:57:17Z</time></trkpt><trkpt lat="-24.172515" lon="-49.316510"><ele>922.141</ele><time>2022-07-31T21:57:18Z</time></trkpt><trkpt lat="-24.172439" lon="-49.316490"><ele>920.815</ele><time>2022-07-31T21:57:19Z</time></trkpt><trkpt lat="-24.172366" lon="-49.316473"><ele>919.909</ele><time>2022-07-31T21:57:20Z</time></trkpt><trkpt lat="-24.172299" lon="-49.316444"><ele>919.538</ele><time>2022-07-31T21:57:21Z</time></trkpt><trkpt lat="-24.172232" lon="-49.316420"><ele>919.647</ele><time>2022-07-31T21:57:22Z</time></trkpt><trkpt lat="-24.172155" lon="-49.316404"><ele>918.876</ele><time>2022-07-31T21:57:23Z</time></trkpt><trkpt lat="-24.172079" lon="-49.316385"><ele>919.290</ele><time>2022-07-31T21:57:24Z</time></trkpt><trkpt lat="-24.172005" lon="-49.316375"><ele>918.983</ele><time>2022-07-31T21:57:25Z</time></trkpt><trkpt lat="-24.171930" lon="-49.316353"><ele>918.982</ele><time>2022-07-31T21:57:26Z</time></trkpt><trkpt lat="-24.171856" lon="-49.316332"><ele>918.673</ele><time>2022-07-31T21:57:27Z</time></trkpt><trkpt lat="-24.171775" lon="-49.316317"><ele>919.270</ele><time>2022-07-31T21:57:28Z</time></trkpt><trkpt lat="-24.171702" lon="-49.316305"><ele>920.257</ele><time>2022-07-31T21:57:29Z</time></trkpt><trkpt lat="-24.171619" lon="-49.316294"><ele>919.275</ele><time>2022-07-31T21:57:30Z</time></trkpt><trkpt lat="-24.171543" lon="-49.316290"><ele>918.028</ele><time>2022-07-31T21:57:31Z</time></trkpt><trkpt lat="-24.171465" lon="-49.316276"><ele>917.720</ele><time>2022-07-31T21:57:32Z</time></trkpt><trkpt lat="-24.171387" lon="-49.316260"><ele>918.209</ele><time>2022-07-31T21:57:33Z</time></trkpt><trkpt lat="-24.171293" lon="-49.316245"><ele>918.178</ele><time>2022-07-31T21:57:34Z</time></trkpt><trkpt lat="-24.171226" lon="-49.316234"><ele>917.567</ele><time>2022-07-31T21:57:35Z</time></trkpt><trkpt lat="-24.171151" lon="-49.316221"><ele>917.726</ele><time>2022-07-31T21:57:36Z</time></trkpt><trkpt lat="-24.171098" lon="-49.316237"><ele>910.260</ele><time>2022-07-31T21:57:37Z</time></trkpt><trkpt lat="-24.171027" lon="-49.316225"><ele>910.153</ele><time>2022-07-31T21:57:38Z</time></trkpt><trkpt lat="-24.170946" lon="-49.316215"><ele>909.842</ele><time>2022-07-31T21:57:39Z</time></trkpt><trkpt lat="-24.170869" lon="-49.316208"><ele>910.533</ele><time>2022-07-31T21:57:40Z</time></trkpt><trkpt lat="-24.170792" lon="-49.316196"><ele>909.960</ele><time>2022-07-31T21:57:41Z</time></trkpt><trkpt lat="-24.170712" lon="-49.316185"><ele>909.787</ele><time>2022-07-31T21:57:42Z</time></trkpt><trkpt lat="-24.170637" lon="-49.316176"><ele>908.798</ele><time>2022-07-31T21:57:43Z</time></trkpt><trkpt lat="-24.170559" lon="-49.316177"><ele>908.115</ele><time>2022-07-31T21:57:44Z</time></trkpt><trkpt lat="-24.170476" lon="-49.316181"><ele>906.226</ele><time>2022-07-31T21:57:45Z</time></trkpt><trkpt lat="-24.170394" lon="-49.316163"><ele>905.409</ele><time>2022-07-31T21:57:46Z</time></trkpt><trkpt lat="-24.170318" lon="-49.316137"><ele>905.120</ele><time>2022-07-31T21:57:47Z</time></trkpt><trkpt lat="-24.170231" lon="-49.316125"><ele>904.729</ele><time>2022-07-31T21:57:48Z</time></trkpt><trkpt lat="-24.170180" lon="-49.316092"><ele>909.098</ele><time>2022-07-31T21:57:49Z</time></trkpt><trkpt lat="-24.170097" lon="-49.316078"><ele>908.792</ele><time>2022-07-31T21:57:50Z</time></trkpt><trkpt lat="-24.170021" lon="-49.316066"><ele>908.995</ele><time>2022-07-31T21:57:51Z</time></trkpt><trkpt lat="-24.169944" lon="-49.316052"><ele>908.794</ele><time>2022-07-31T21:57:52Z</time></trkpt><trkpt lat="-24.169866" lon="-49.316042"><ele>908.745</ele><time>2022-07-31T21:57:53Z</time></trkpt><trkpt lat="-24.169806" lon="-49.316008"><ele>908.552</ele><time>2022-07-31T21:57:54Z</time></trkpt><trkpt lat="-24.169726" lon="-49.316007"><ele>908.239</ele><time>2022-07-31T21:57:55Z</time></trkpt><trkpt lat="-24.169643" lon="-49.315986"><ele>907.754</ele><time>2022-07-31T21:57:56Z</time></trkpt><trkpt lat="-24.169562" lon="-49.315967"><ele>907.556</ele><time>2022-07-31T21:57:57Z</time></trkpt><trkpt lat="-24.169482" lon="-49.315950"><ele>907.011</ele><time>2022-07-31T21:57:58Z</time></trkpt><trkpt lat="-24.169400" lon="-49.315943"><ele>906.509</ele><time>2022-07-31T21:57:59Z</time></trkpt><trkpt lat="-24.169306" lon="-49.315920"><ele>905.746</ele><time>2022-07-31T21:58:00Z</time></trkpt><trkpt lat="-24.169222" lon="-49.315911"><ele>905.895</ele><time>2022-07-31T21:58:01Z</time></trkpt><trkpt lat="-24.169149" lon="-49.315891"><ele>905.164</ele><time>2022-07-31T21:58:02Z</time></trkpt><trkpt lat="-24.169078" lon="-49.315892"><ele>904.758</ele><time>2022-07-31T21:58:03Z</time></trkpt><trkpt lat="-24.168962" lon="-49.315860"><ele>898.941</ele><time>2022-07-31T21:58:04Z</time></trkpt><trkpt lat="-24.168886" lon="-49.315850"><ele>898.110</ele><time>2022-07-31T21:58:05Z</time></trkpt><trkpt lat="-24.168808" lon="-49.315837"><ele>898.271</ele><time>2022-07-31T21:58:06Z</time></trkpt><trkpt lat="-24.168717" lon="-49.315836"><ele>898.498</ele><time>2022-07-31T21:58:07Z</time></trkpt><trkpt lat="-24.168634" lon="-49.315812"><ele>898.395</ele><time>2022-07-31T21:58:08Z</time></trkpt><trkpt lat="-24.168558" lon="-49.315799"><ele>898.034</ele><time>2022-07-31T21:58:09Z</time></trkpt><trkpt lat="-24.168479" lon="-49.315796"><ele>897.655</ele><time>2022-07-31T21:58:10Z</time></trkpt><trkpt lat="-24.168416" lon="-49.315785"><ele>896.810</ele><time>2022-07-31T21:58:11Z</time></trkpt><trkpt lat="-24.168333" lon="-49.315774"><ele>895.809</ele><time>2022-07-31T21:58:12Z</time></trkpt><trkpt lat="-24.168263" lon="-49.315753"><ele>895.574</ele><time>2022-07-31T21:58:13Z</time></trkpt><trkpt lat="-24.168185" lon="-49.315740"><ele>895.483</ele><time>2022-07-31T21:58:14Z</time></trkpt><trkpt lat="-24.168107" lon="-49.315723"><ele>894.362</ele><time>2022-07-31T21:58:15Z</time></trkpt><trkpt lat="-24.168034" lon="-49.315722"><ele>893.586</ele><time>2022-07-31T21:58:16Z</time></trkpt><trkpt lat="-24.167963" lon="-49.315703"><ele>893.699</ele><time>2022-07-31T21:58:17Z</time></trkpt><trkpt lat="-24.167884" lon="-49.315692"><ele>893.198</ele><time>2022-07-31T21:58:18Z</time></trkpt><trkpt lat="-24.167816" lon="-49.315679"><ele>893.739</ele><time>2022-07-31T21:58:19Z</time></trkpt><trkpt lat="-24.167740" lon="-49.315653"><ele>893.686</ele><time>2022-07-31T21:58:20Z</time></trkpt><trkpt lat="-24.167656" lon="-49.315638"><ele>892.573</ele><time>2022-07-31T21:58:21Z</time></trkpt><trkpt lat="-24.167589" lon="-49.315632"><ele>890.918</ele><time>2022-07-31T21:58:22Z</time></trkpt><trkpt lat="-24.167517" lon="-49.315608"><ele>891.198</ele><time>2022-07-31T21:58:23Z</time></trkpt><trkpt lat="-24.167432" lon="-49.315596"><ele>891.017</ele><time>2022-07-31T21:58:24Z</time></trkpt><trkpt lat="-24.167363" lon="-49.315577"><ele>889.309</ele><time>2022-07-31T21:58:25Z</time></trkpt><trkpt lat="-24.167283" lon="-49.315556"><ele>889.432</ele><time>2022-07-31T21:58:26Z</time></trkpt><trkpt lat="-24.167198" lon="-49.315538"><ele>886.681</ele><time>2022-07-31T21:58:27Z</time></trkpt><trkpt lat="-24.167115" lon="-49.315524"><ele>886.480</ele><time>2022-07-31T21:58:28Z</time></trkpt><trkpt lat="-24.167034" lon="-49.315508"><ele>886.484</ele><time>2022-07-31T21:58:29Z</time></trkpt><trkpt lat="-24.166955" lon="-49.315483"><ele>885.937</ele><time>2022-07-31T21:58:30Z</time></trkpt><trkpt lat="-24.166867" lon="-49.315463"><ele>885.916</ele><time>2022-07-31T21:58:31Z</time></trkpt><trkpt lat="-24.166795" lon="-49.315452"><ele>886.387</ele><time>2022-07-31T21:58:32Z</time></trkpt><trkpt lat="-24.166716" lon="-49.315430"><ele>885.994</ele><time>2022-07-31T21:58:33Z</time></trkpt><trkpt lat="-24.166628" lon="-49.315409"><ele>885.931</ele><time>2022-07-31T21:58:34Z</time></trkpt><trkpt lat="-24.166539" lon="-49.315393"><ele>885.959</ele><time>2022-07-31T21:58:35Z</time></trkpt><trkpt lat="-24.166459" lon="-49.315377"><ele>885.603</ele><time>2022-07-31T21:58:36Z</time></trkpt><trkpt lat="-24.166373" lon="-49.315365"><ele>885.123</ele><time>2022-07-31T21:58:37Z</time></trkpt><trkpt lat="-24.166290" lon="-49.315344"><ele>884.409</ele><time>2022-07-31T21:58:38Z</time></trkpt><trkpt lat="-24.166202" lon="-49.315332"><ele>883.566</ele><time>2022-07-31T21:58:39Z</time></trkpt><trkpt lat="-24.166119" lon="-49.315326"><ele>883.625</ele><time>2022-07-31T21:58:40Z</time></trkpt><trkpt lat="-24.166023" lon="-49.315311"><ele>874.864</ele><time>2022-07-31T21:58:41Z</time></trkpt><trkpt lat="-24.165947" lon="-49.315296"><ele>874.348</ele><time>2022-07-31T21:58:42Z</time></trkpt><trkpt lat="-24.165872" lon="-49.315281"><ele>874.231</ele><time>2022-07-31T21:58:43Z</time></trkpt><trkpt lat="-24.165789" lon="-49.315260"><ele>873.980</ele><time>2022-07-31T21:58:44Z</time></trkpt><trkpt lat="-24.165704" lon="-49.315240"><ele>873.421</ele><time>2022-07-31T21:58:45Z</time></trkpt><trkpt lat="-24.165614" lon="-49.315216"><ele>864.638</ele><time>2022-07-31T21:58:46Z</time></trkpt><trkpt lat="-24.165545" lon="-49.315212"><ele>861.195</ele><time>2022-07-31T21:58:47Z</time></trkpt><trkpt lat="-24.165469" lon="-49.315192"><ele>860.398</ele><time>2022-07-31T21:58:48Z</time></trkpt><trkpt lat="-24.165386" lon="-49.315185"><ele>859.715</ele><time>2022-07-31T21:58:49Z</time></trkpt><trkpt lat="-24.165313" lon="-49.315171"><ele>860.226</ele><time>2022-07-31T21:58:50Z</time></trkpt><trkpt lat="-24.165248" lon="-49.315171"><ele>861.509</ele><time>2022-07-31T21:58:51Z</time></trkpt><trkpt lat="-24.165172" lon="-49.315145"><ele>861.330</ele><time>2022-07-31T21:58:52Z</time></trkpt><trkpt lat="-24.165114" lon="-49.315127"><ele>861.169</ele><time>2022-07-31T21:58:53Z</time></trkpt><trkpt lat="-24.165036" lon="-49.315111"><ele>860.548</ele><time>2022-07-31T21:58:54Z</time></trkpt><trkpt lat="-24.164955" lon="-49.315091"><ele>860.762</ele><time>2022-07-31T21:58:55Z</time></trkpt><trkpt lat="-24.164887" lon="-49.315079"><ele>860.965</ele><time>2022-07-31T21:58:56Z</time></trkpt><trkpt lat="-24.164821" lon="-49.315062"><ele>861.284</ele><time>2022-07-31T21:58:57Z</time></trkpt><trkpt lat="-24.164747" lon="-49.315039"><ele>860.795</ele><time>2022-07-31T21:58:58Z</time></trkpt><trkpt lat="-24.164672" lon="-49.315024"><ele>860.692</ele><time>2022-07-31T21:58:59Z</time></trkpt><trkpt lat="-24.164593" lon="-49.315018"><ele>860.299</ele><time>2022-07-31T21:59:00Z</time></trkpt><trkpt lat="-24.164518" lon="-49.315014"><ele>859.799</ele><time>2022-07-31T21:59:01Z</time></trkpt><trkpt lat="-24.164446" lon="-49.314998"><ele>859.907</ele><time>2022-07-31T21:59:02Z</time></trkpt><trkpt lat="-24.164374" lon="-49.314973"><ele>859.927</ele><time>2022-07-31T21:59:03Z</time></trkpt><trkpt lat="-24.164300" lon="-49.314957"><ele>859.509</ele><time>2022-07-31T21:59:04Z</time></trkpt><trkpt lat="-24.164219" lon="-49.314924"><ele>859.230</ele><time>2022-07-31T21:59:05Z</time></trkpt><trkpt lat="-24.164144" lon="-49.314894"><ele>858.779</ele><time>2022-07-31T21:59:06Z</time></trkpt><trkpt lat="-24.164060" lon="-49.314866"><ele>858.818</ele><time>2022-07-31T21:59:07Z</time></trkpt><trkpt lat="-24.163988" lon="-49.314850"><ele>859.262</ele><time>2022-07-31T21:59:08Z</time></trkpt><trkpt lat="-24.163909" lon="-49.314820"><ele>858.275</ele><time>2022-07-31T21:59:09Z</time></trkpt><trkpt lat="-24.163828" lon="-49.314793"><ele>858.374</ele><time>2022-07-31T21:59:10Z</time></trkpt><trkpt lat="-24.163748" lon="-49.314753"><ele>858.755</ele><time>2022-07-31T21:59:11Z</time></trkpt><trkpt lat="-24.163664" lon="-49.314718"><ele>857.372</ele><time>2022-07-31T21:59:12Z</time></trkpt><trkpt lat="-24.163591" lon="-49.314684"><ele>857.459</ele><time>2022-07-31T21:59:13Z</time></trkpt><trkpt lat="-24.163513" lon="-49.314651"><ele>857.441</ele><time>2022-07-31T21:59:14Z</time></trkpt><trkpt lat="-24.163441" lon="-49.314622"><ele>856.681</ele><time>2022-07-31T21:59:15Z</time></trkpt><trkpt lat="-24.163367" lon="-49.314582"><ele>856.709</ele><time>2022-07-31T21:59:16Z</time></trkpt><trkpt lat="-24.163288" lon="-49.314546"><ele>856.309</ele><time>2022-07-31T21:59:17Z</time></trkpt><trkpt lat="-24.163227" lon="-49.314508"><ele>855.895</ele><time>2022-07-31T21:59:18Z</time></trkpt><trkpt lat="-24.163139" lon="-49.314468"><ele>855.834</ele><time>2022-07-31T21:59:19Z</time></trkpt><trkpt lat="-24.163071" lon="-49.314446"><ele>855.613</ele><time>2022-07-31T21:59:20Z</time></trkpt><trkpt lat="-24.162992" lon="-49.314408"><ele>855.417</ele><time>2022-07-31T21:59:21Z</time></trkpt><trkpt lat="-24.162903" lon="-49.314368"><ele>855.730</ele><time>2022-07-31T21:59:22Z</time></trkpt><trkpt lat="-24.162824" lon="-49.314334"><ele>853.679</ele><time>2022-07-31T21:59:23Z</time></trkpt><trkpt lat="-24.162747" lon="-49.314298"><ele>852.890</ele><time>2022-07-31T21:59:24Z</time></trkpt><trkpt lat="-24.162681" lon="-49.314263"><ele>851.767</ele><time>2022-07-31T21:59:25Z</time></trkpt><trkpt lat="-24.162611" lon="-49.314225"><ele>851.094</ele><time>2022-07-31T21:59:26Z</time></trkpt><trkpt lat="-24.162533" lon="-49.314181"><ele>851.371</ele><time>2022-07-31T21:59:27Z</time></trkpt><trkpt lat="-24.162464" lon="-49.314131"><ele>851.241</ele><time>2022-07-31T21:59:28Z</time></trkpt><trkpt lat="-24.162396" lon="-49.314085"><ele>850.515</ele><time>2022-07-31T21:59:29Z</time></trkpt><trkpt lat="-24.162329" lon="-49.314038"><ele>850.109</ele><time>2022-07-31T21:59:30Z</time></trkpt><trkpt lat="-24.162271" lon="-49.313989"><ele>849.978</ele><time>2022-07-31T21:59:31Z</time></trkpt><trkpt lat="-24.162214" lon="-49.313942"><ele>849.747</ele><time>2022-07-31T21:59:32Z</time></trkpt><trkpt lat="-24.162132" lon="-49.313891"><ele>850.136</ele><time>2022-07-31T21:59:33Z</time></trkpt><trkpt lat="-24.162070" lon="-49.313851"><ele>849.870</ele><time>2022-07-31T21:59:34Z</time></trkpt><trkpt lat="-24.162001" lon="-49.313807"><ele>849.513</ele><time>2022-07-31T21:59:35Z</time></trkpt><trkpt lat="-24.161937" lon="-49.313761"><ele>848.462</ele><time>2022-07-31T21:59:36Z</time></trkpt><trkpt lat="-24.161863" lon="-49.313732"><ele>847.993</ele><time>2022-07-31T21:59:37Z</time></trkpt><trkpt lat="-24.161805" lon="-49.313719"><ele>842.970</ele><time>2022-07-31T21:59:38Z</time></trkpt><trkpt lat="-24.161729" lon="-49.313696"><ele>842.697</ele><time>2022-07-31T21:59:39Z</time></trkpt><trkpt lat="-24.161654" lon="-49.313678"><ele>842.097</ele><time>2022-07-31T21:59:40Z</time></trkpt><trkpt lat="-24.161570" lon="-49.313662"><ele>841.523</ele><time>2022-07-31T21:59:41Z</time></trkpt><trkpt lat="-24.161486" lon="-49.313655"><ele>841.025</ele><time>2022-07-31T21:59:42Z</time></trkpt><trkpt lat="-24.161398" lon="-49.313643"><ele>840.309</ele><time>2022-07-31T21:59:43Z</time></trkpt><trkpt lat="-24.161310" lon="-49.313633"><ele>840.480</ele><time>2022-07-31T21:59:44Z</time></trkpt><trkpt lat="-24.161233" lon="-49.313622"><ele>839.879</ele><time>2022-07-31T21:59:45Z</time></trkpt><trkpt lat="-24.161143" lon="-49.313603"><ele>839.378</ele><time>2022-07-31T21:59:46Z</time></trkpt><trkpt lat="-24.161066" lon="-49.313587"><ele>838.772</ele><time>2022-07-31T21:59:47Z</time></trkpt><trkpt lat="-24.160982" lon="-49.313570"><ele>838.295</ele><time>2022-07-31T21:59:48Z</time></trkpt><trkpt lat="-24.160877" lon="-49.313540"><ele>834.074</ele><time>2022-07-31T21:59:49Z</time></trkpt><trkpt lat="-24.160788" lon="-49.313527"><ele>834.385</ele><time>2022-07-31T21:59:50Z</time></trkpt><trkpt lat="-24.160706" lon="-49.313514"><ele>834.312</ele><time>2022-07-31T21:59:51Z</time></trkpt><trkpt lat="-24.160619" lon="-49.313501"><ele>834.239</ele><time>2022-07-31T21:59:52Z</time></trkpt><trkpt lat="-24.160540" lon="-49.313472"><ele>833.473</ele><time>2022-07-31T21:59:53Z</time></trkpt><trkpt lat="-24.160452" lon="-49.313463"><ele>833.485</ele><time>2022-07-31T21:59:54Z</time></trkpt><trkpt lat="-24.160376" lon="-49.313442"><ele>833.013</ele><time>2022-07-31T21:59:55Z</time></trkpt><trkpt lat="-24.160299" lon="-49.313430"><ele>832.209</ele><time>2022-07-31T21:59:56Z</time></trkpt><trkpt lat="-24.160229" lon="-49.313421"><ele>825.428</ele><time>2022-07-31T21:59:57Z</time></trkpt><trkpt lat="-24.160125" lon="-49.313407"><ele>822.477</ele><time>2022-07-31T21:59:58Z</time></trkpt><trkpt lat="-24.160038" lon="-49.313399"><ele>821.966</ele><time>2022-07-31T21:59:59Z</time></trkpt><trkpt lat="-24.159961" lon="-49.313387"><ele>822.470</ele><time>2022-07-31T22:00:00Z</time></trkpt><trkpt lat="-24.159876" lon="-49.313377"><ele>822.093</ele><time>2022-07-31T22:00:01Z</time></trkpt><trkpt lat="-24.159789" lon="-49.313368"><ele>825.982</ele><time>2022-07-31T22:00:02Z</time></trkpt><trkpt lat="-24.159700" lon="-49.313352"><ele>822.013</ele><time>2022-07-31T22:00:03Z</time></trkpt><trkpt lat="-24.159621" lon="-49.313352"><ele>822.590</ele><time>2022-07-31T22:00:04Z</time></trkpt><trkpt lat="-24.159535" lon="-49.313333"><ele>822.067</ele><time>2022-07-31T22:00:05Z</time></trkpt><trkpt lat="-24.159451" lon="-49.313325"><ele>821.647</ele><time>2022-07-31T22:00:06Z</time></trkpt><trkpt lat="-24.159372" lon="-49.313312"><ele>820.329</ele><time>2022-07-31T22:00:07Z</time></trkpt><trkpt lat="-24.159288" lon="-49.313300"><ele>820.721</ele><time>2022-07-31T22:00:08Z</time></trkpt><trkpt lat="-24.159209" lon="-49.313287"><ele>819.809</ele><time>2022-07-31T22:00:09Z</time></trkpt><trkpt lat="-24.159117" lon="-49.313273"><ele>820.325</ele><time>2022-07-31T22:00:10Z</time></trkpt><trkpt lat="-24.159006" lon="-49.313235"><ele>823.264</ele><time>2022-07-31T22:00:12Z</time></trkpt><trkpt lat="-24.158914" lon="-49.313219"><ele>822.063</ele><time>2022-07-31T22:00:13Z</time></trkpt><trkpt lat="-24.158828" lon="-49.313213"><ele>816.557</ele><time>2022-07-31T22:00:14Z</time></trkpt><trkpt lat="-24.158731" lon="-49.313195"><ele>815.520</ele><time>2022-07-31T22:00:15Z</time></trkpt><trkpt lat="-24.158640" lon="-49.313188"><ele>827.069</ele><time>2022-07-31T22:00:16Z</time></trkpt><trkpt lat="-24.158569" lon="-49.313178"><ele>824.090</ele><time>2022-07-31T22:00:17Z</time></trkpt><trkpt lat="-24.158486" lon="-49.313158"><ele>822.477</ele><time>2022-07-31T22:00:18Z</time></trkpt><trkpt lat="-24.158414" lon="-49.313152"><ele>823.654</ele><time>2022-07-31T22:00:19Z</time></trkpt><trkpt lat="-24.158337" lon="-49.313131"><ele>821.868</ele><time>2022-07-31T22:00:20Z</time></trkpt><trkpt lat="-24.158258" lon="-49.313124"><ele>821.442</ele><time>2022-07-31T22:00:21Z</time></trkpt><trkpt lat="-24.158191" lon="-49.313101"><ele>820.526</ele><time>2022-07-31T22:00:22Z</time></trkpt><trkpt lat="-24.158110" lon="-49.313090"><ele>819.909</ele><time>2022-07-31T22:00:23Z</time></trkpt><trkpt lat="-24.158034" lon="-49.313070"><ele>817.967</ele><time>2022-07-31T22:00:24Z</time></trkpt><trkpt lat="-24.157949" lon="-49.313047"><ele>817.536</ele><time>2022-07-31T22:00:25Z</time></trkpt><trkpt lat="-24.157865" lon="-49.313026"><ele>817.045</ele><time>2022-07-31T22:00:26Z</time></trkpt><trkpt lat="-24.157792" lon="-49.313012"><ele>814.659</ele><time>2022-07-31T22:00:27Z</time></trkpt><trkpt lat="-24.157714" lon="-49.313002"><ele>814.492</ele><time>2022-07-31T22:00:28Z</time></trkpt><trkpt lat="-24.157634" lon="-49.312987"><ele>813.291</ele><time>2022-07-31T22:00:29Z</time></trkpt><trkpt lat="-24.157561" lon="-49.312971"><ele>815.442</ele><time>2022-07-31T22:00:30Z</time></trkpt><trkpt lat="-24.157483" lon="-49.312962"><ele>815.859</ele><time>2022-07-31T22:00:31Z</time></trkpt><trkpt lat="-24.157412" lon="-49.312950"><ele>815.776</ele><time>2022-07-31T22:00:32Z</time></trkpt><trkpt lat="-24.157344" lon="-49.312937"><ele>815.536</ele><time>2022-07-31T22:00:33Z</time></trkpt><trkpt lat="-24.157288" lon="-49.312930"><ele>813.717</ele><time>2022-07-31T22:00:34Z</time></trkpt><trkpt lat="-24.157214" lon="-49.312919"><ele>814.118</ele><time>2022-07-31T22:00:35Z</time></trkpt><trkpt lat="-24.157141" lon="-49.312920"><ele>812.509</ele><time>2022-07-31T22:00:36Z</time></trkpt><trkpt lat="-24.157083" lon="-49.312904"><ele>813.054</ele><time>2022-07-31T22:00:37Z</time></trkpt><trkpt lat="-24.157004" lon="-49.312903"><ele>811.963</ele><time>2022-07-31T22:00:38Z</time></trkpt><trkpt lat="-24.156939" lon="-49.312880"><ele>808.972</ele><time>2022-07-31T22:00:39Z</time></trkpt><trkpt lat="-24.156872" lon="-49.312871"><ele>808.496</ele><time>2022-07-31T22:00:40Z</time></trkpt><trkpt lat="-24.156803" lon="-49.312867"><ele>807.559</ele><time>2022-07-31T22:00:41Z</time></trkpt><trkpt lat="-24.156697" lon="-49.312853"><ele>806.248</ele><time>2022-07-31T22:00:42Z</time></trkpt><trkpt lat="-24.156622" lon="-49.312838"><ele>806.019</ele><time>2022-07-31T22:00:43Z</time></trkpt><trkpt lat="-24.156548" lon="-49.312819"><ele>804.756</ele><time>2022-07-31T22:00:44Z</time></trkpt><trkpt lat="-24.156467" lon="-49.312809"><ele>804.723</ele><time>2022-07-31T22:00:45Z</time></trkpt><trkpt lat="-24.156392" lon="-49.312799"><ele>804.775</ele><time>2022-07-31T22:00:46Z</time></trkpt><trkpt lat="-24.156316" lon="-49.312782"><ele>804.428</ele><time>2022-07-31T22:00:47Z</time></trkpt><trkpt lat="-24.156237" lon="-49.312768"><ele>803.920</ele><time>2022-07-31T22:00:48Z</time></trkpt><trkpt lat="-24.156156" lon="-49.312764"><ele>804.109</ele><time>2022-07-31T22:00:49Z</time></trkpt><trkpt lat="-24.156083" lon="-49.312750"><ele>803.678</ele><time>2022-07-31T22:00:50Z</time></trkpt><trkpt lat="-24.156012" lon="-49.312735"><ele>803.297</ele><time>2022-07-31T22:00:51Z</time></trkpt><trkpt lat="-24.155940" lon="-49.312717"><ele>802.746</ele><time>2022-07-31T22:00:52Z</time></trkpt><trkpt lat="-24.155866" lon="-49.312712"><ele>803.760</ele><time>2022-07-31T22:00:53Z</time></trkpt><trkpt lat="-24.155794" lon="-49.312699"><ele>802.323</ele><time>2022-07-31T22:00:54Z</time></trkpt><trkpt lat="-24.155718" lon="-49.312687"><ele>801.372</ele><time>2022-07-31T22:00:55Z</time></trkpt><trkpt lat="-24.155643" lon="-49.312674"><ele>799.753</ele><time>2022-07-31T22:00:56Z</time></trkpt><trkpt lat="-24.155571" lon="-49.312660"><ele>798.820</ele><time>2022-07-31T22:00:57Z</time></trkpt><trkpt lat="-24.155501" lon="-49.312650"><ele>799.157</ele><time>2022-07-31T22:00:58Z</time></trkpt><trkpt lat="-24.155424" lon="-49.312639"><ele>798.558</ele><time>2022-07-31T22:00:59Z</time></trkpt><trkpt lat="-24.155350" lon="-49.312621"><ele>797.952</ele><time>2022-07-31T22:01:00Z</time></trkpt><trkpt lat="-24.155266" lon="-49.312596"><ele>792.717</ele><time>2022-07-31T22:01:01Z</time></trkpt><trkpt lat="-24.155190" lon="-49.312575"><ele>790.309</ele><time>2022-07-31T22:01:02Z</time></trkpt><trkpt lat="-24.155122" lon="-49.312558"><ele>790.066</ele><time>2022-07-31T22:01:03Z</time></trkpt><trkpt lat="-24.155050" lon="-49.312544"><ele>789.445</ele><time>2022-07-31T22:01:04Z</time></trkpt><trkpt lat="-24.154983" lon="-49.312525"><ele>789.284</ele><time>2022-07-31T22:01:05Z</time></trkpt><trkpt lat="-24.154918" lon="-49.312506"><ele>787.888</ele><time>2022-07-31T22:01:06Z</time></trkpt><trkpt lat="-24.154852" lon="-49.312486"><ele>786.491</ele><time>2022-07-31T22:01:07Z</time></trkpt><trkpt lat="-24.154781" lon="-49.312476"><ele>786.340</ele><time>2022-07-31T22:01:08Z</time></trkpt><trkpt lat="-24.154719" lon="-49.312464"><ele>785.491</ele><time>2022-07-31T22:01:09Z</time></trkpt><trkpt lat="-24.154644" lon="-49.312457"><ele>785.848</ele><time>2022-07-31T22:01:10Z</time></trkpt><trkpt lat="-24.154572" lon="-49.312447"><ele>784.495</ele><time>2022-07-31T22:01:11Z</time></trkpt><trkpt lat="-24.154495" lon="-49.312436"><ele>783.082</ele><time>2022-07-31T22:01:12Z</time></trkpt><trkpt lat="-24.154413" lon="-49.312437"><ele>783.143</ele><time>2022-07-31T22:01:13Z</time></trkpt><trkpt lat="-24.154337" lon="-49.312440"><ele>781.217</ele><time>2022-07-31T22:01:14Z</time></trkpt><trkpt lat="-24.154267" lon="-49.312460"><ele>780.409</ele><time>2022-07-31T22:01:15Z</time></trkpt><trkpt lat="-24.154210" lon="-49.312480"><ele>779.819</ele><time>2022-07-31T22:01:16Z</time></trkpt><trkpt lat="-24.154158" lon="-49.312508"><ele>778.168</ele><time>2022-07-31T22:01:17Z</time></trkpt><trkpt lat="-24.154119" lon="-49.312547"><ele>775.867</ele><time>2022-07-31T22:01:18Z</time></trkpt><trkpt lat="-24.154070" lon="-49.312577"><ele>776.161</ele><time>2022-07-31T22:01:19Z</time></trkpt><trkpt lat="-24.154023" lon="-49.312610"><ele>776.234</ele><time>2022-07-31T22:01:20Z</time></trkpt><trkpt lat="-24.153971" lon="-49.312645"><ele>776.753</ele><time>2022-07-31T22:01:21Z</time></trkpt><trkpt lat="-24.153916" lon="-49.312709"><ele>775.884</ele><time>2022-07-31T22:01:23Z</time></trkpt><trkpt lat="-24.153879" lon="-49.312742"><ele>775.781</ele><time>2022-07-31T22:01:24Z</time></trkpt><trkpt lat="-24.153833" lon="-49.312775"><ele>776.138</ele><time>2022-07-31T22:01:25Z</time></trkpt><trkpt lat="-24.153756" lon="-49.312829"><ele>774.624</ele><time>2022-07-31T22:01:27Z</time></trkpt><trkpt lat="-24.153706" lon="-49.312837"><ele>773.504</ele><time>2022-07-31T22:01:28Z</time></trkpt><trkpt lat="-24.153652" lon="-49.312843"><ele>772.914</ele><time>2022-07-31T22:01:29Z</time></trkpt><trkpt lat="-24.153600" lon="-49.312838"><ele>773.809</ele><time>2022-07-31T22:01:30Z</time></trkpt><trkpt lat="-24.153546" lon="-49.312830"><ele>773.773</ele><time>2022-07-31T22:01:31Z</time></trkpt><trkpt lat="-24.153493" lon="-49.312825"><ele>773.842</ele><time>2022-07-31T22:01:32Z</time></trkpt><trkpt lat="-24.153402" lon="-49.312805"><ele>774.461</ele><time>2022-07-31T22:01:34Z</time></trkpt><trkpt lat="-24.153352" lon="-49.312801"><ele>774.285</ele><time>2022-07-31T22:01:35Z</time></trkpt><trkpt lat="-24.153294" lon="-49.312794"><ele>774.978</ele><time>2022-07-31T22:01:36Z</time></trkpt><trkpt lat="-24.153205" lon="-49.312781"><ele>775.127</ele><time>2022-07-31T22:01:38Z</time></trkpt><trkpt lat="-24.153143" lon="-49.312782"><ele>774.018</ele><time>2022-07-31T22:01:39Z</time></trkpt><trkpt lat="-24.153098" lon="-49.312778"><ele>774.465</ele><time>2022-07-31T22:01:40Z</time></trkpt><trkpt lat="-24.153049" lon="-49.312751"><ele>771.392</ele><time>2022-07-31T22:01:41Z</time></trkpt><trkpt lat="-24.153004" lon="-49.312738"><ele>765.733</ele><time>2022-07-31T22:01:51Z</time></trkpt><trkpt lat="-24.152954" lon="-49.312720"><ele>761.523</ele><time>2022-07-31T22:03:32Z</time></trkpt><trkpt lat="-24.152883" lon="-49.312651"><ele>762.815</ele><time>2022-07-31T22:03:34Z</time></trkpt><trkpt lat="-24.152847" lon="-49.312608"><ele>763.109</ele><time>2022-07-31T22:03:35Z</time></trkpt><trkpt lat="-24.152809" lon="-49.312559"><ele>764.084</ele><time>2022-07-31T22:03:36Z</time></trkpt><trkpt lat="-24.152777" lon="-49.312509"><ele>764.873</ele><time>2022-07-31T22:03:37Z</time></trkpt><trkpt lat="-24.152745" lon="-49.312453"><ele>764.992</ele><time>2022-07-31T22:03:38Z</time></trkpt><trkpt lat="-24.152712" lon="-49.312399"><ele>765.116</ele><time>2022-07-31T22:03:39Z</time></trkpt><trkpt lat="-24.152680" lon="-49.312343"><ele>766.229</ele><time>2022-07-31T22:03:40Z</time></trkpt><trkpt lat="-24.152639" lon="-49.312293"><ele>765.868</ele><time>2022-07-31T22:03:41Z</time></trkpt><trkpt lat="-24.152610" lon="-49.312224"><ele>767.399</ele><time>2022-07-31T22:03:42Z</time></trkpt><trkpt lat="-24.152601" lon="-49.312155"><ele>769.816</ele><time>2022-07-31T22:03:43Z</time></trkpt><trkpt lat="-24.152572" lon="-49.312091"><ele>770.663</ele><time>2022-07-31T22:03:44Z</time></trkpt><trkpt lat="-24.152535" lon="-49.312033"><ele>770.726</ele><time>2022-07-31T22:03:45Z</time></trkpt><trkpt lat="-24.152505" lon="-49.311970"><ele>771.647</ele><time>2022-07-31T22:03:46Z</time></trkpt><trkpt lat="-24.152472" lon="-49.311906"><ele>772.211</ele><time>2022-07-31T22:03:47Z</time></trkpt><trkpt lat="-24.152438" lon="-49.311829"><ele>772.909</ele><time>2022-07-31T22:03:48Z</time></trkpt><trkpt lat="-24.152423" lon="-49.311755"><ele>773.493</ele><time>2022-07-31T22:03:49Z</time></trkpt><trkpt lat="-24.152386" lon="-49.311681"><ele>774.092</ele><time>2022-07-31T22:03:50Z</time></trkpt><trkpt lat="-24.152378" lon="-49.311613"><ele>775.091</ele><time>2022-07-31T22:03:51Z</time></trkpt><trkpt lat="-24.152339" lon="-49.311547"><ele>776.445</ele><time>2022-07-31T22:03:52Z</time></trkpt><trkpt lat="-24.152310" lon="-49.311474"><ele>776.478</ele><time>2022-07-31T22:03:53Z</time></trkpt><trkpt lat="-24.152290" lon="-49.311394"><ele>777.287</ele><time>2022-07-31T22:03:54Z</time></trkpt><trkpt lat="-24.152269" lon="-49.311323"><ele>777.478</ele><time>2022-07-31T22:03:55Z</time></trkpt><trkpt lat="-24.152248" lon="-49.311256"><ele>776.825</ele><time>2022-07-31T22:03:56Z</time></trkpt><trkpt lat="-24.152215" lon="-49.311196"><ele>777.042</ele><time>2022-07-31T22:03:57Z</time></trkpt><trkpt lat="-24.152185" lon="-49.311119"><ele>777.773</ele><time>2022-07-31T22:03:58Z</time></trkpt><trkpt lat="-24.152147" lon="-49.311057"><ele>782.485</ele><time>2022-07-31T22:03:59Z</time></trkpt><trkpt lat="-24.152157" lon="-49.310966"><ele>780.313</ele><time>2022-07-31T22:04:00Z</time></trkpt><trkpt lat="-24.152126" lon="-49.310894"><ele>781.309</ele><time>2022-07-31T22:04:01Z</time></trkpt><trkpt lat="-24.152095" lon="-49.310827"><ele>782.378</ele><time>2022-07-31T22:04:02Z</time></trkpt><trkpt lat="-24.152055" lon="-49.310749"><ele>780.577</ele><time>2022-07-31T22:04:03Z</time></trkpt><trkpt lat="-24.152029" lon="-49.310674"><ele>781.046</ele><time>2022-07-31T22:04:04Z</time></trkpt><trkpt lat="-24.151995" lon="-49.310597"><ele>782.060</ele><time>2022-07-31T22:04:05Z</time></trkpt><trkpt lat="-24.151968" lon="-49.310520"><ele>782.853</ele><time>2022-07-31T22:04:06Z</time></trkpt><trkpt lat="-24.151937" lon="-49.310445"><ele>782.872</ele><time>2022-07-31T22:04:07Z</time></trkpt><trkpt lat="-24.151912" lon="-49.310394"><ele>783.273</ele><time>2022-07-31T22:04:08Z</time></trkpt><trkpt lat="-24.151878" lon="-49.310343"><ele>781.490</ele><time>2022-07-31T22:04:09Z</time></trkpt><trkpt lat="-24.151845" lon="-49.310305"><ele>780.587</ele><time>2022-07-31T22:04:11Z</time></trkpt><trkpt lat="-24.151798" lon="-49.310245"><ele>785.575</ele><time>2022-07-31T22:04:29Z</time></trkpt><trkpt lat="-24.151767" lon="-49.310158"><ele>785.928</ele><time>2022-07-31T22:04:31Z</time></trkpt><trkpt lat="-24.151727" lon="-49.310061"><ele>787.320</ele><time>2022-07-31T22:04:33Z</time></trkpt><trkpt lat="-24.151699" lon="-49.310003"><ele>787.609</ele><time>2022-07-31T22:04:34Z</time></trkpt><trkpt lat="-24.151687" lon="-49.309945"><ele>790.328</ele><time>2022-07-31T22:04:35Z</time></trkpt><trkpt lat="-24.151706" lon="-49.309891"><ele>790.357</ele><time>2022-07-31T22:04:36Z</time></trkpt><trkpt lat="-24.151678" lon="-49.309822"><ele>789.956</ele><time>2022-07-31T22:04:37Z</time></trkpt><trkpt lat="-24.151653" lon="-49.309747"><ele>789.040</ele><time>2022-07-31T22:04:38Z</time></trkpt><trkpt lat="-24.151622" lon="-49.309682"><ele>789.143</ele><time>2022-07-31T22:04:39Z</time></trkpt><trkpt lat="-24.151585" lon="-49.309617"><ele>789.052</ele><time>2022-07-31T22:04:40Z</time></trkpt><trkpt lat="-24.151562" lon="-49.309547"><ele>789.763</ele><time>2022-07-31T22:04:41Z</time></trkpt><trkpt lat="-24.151529" lon="-49.309473"><ele>789.790</ele><time>2022-07-31T22:04:42Z</time></trkpt><trkpt lat="-24.151492" lon="-49.309402"><ele>790.527</ele><time>2022-07-31T22:04:43Z</time></trkpt><trkpt lat="-24.151496" lon="-49.309330"><ele>790.469</ele><time>2022-07-31T22:04:44Z</time></trkpt><trkpt lat="-24.151468" lon="-49.309261"><ele>791.004</ele><time>2022-07-31T22:04:45Z</time></trkpt><trkpt lat="-24.151442" lon="-49.309188"><ele>791.724</ele><time>2022-07-31T22:04:46Z</time></trkpt><trkpt lat="-24.151410" lon="-49.309104"><ele>791.409</ele><time>2022-07-31T22:04:47Z</time></trkpt><trkpt lat="-24.151379" lon="-49.309022"><ele>789.397</ele><time>2022-07-31T22:04:48Z</time></trkpt><trkpt lat="-24.151349" lon="-49.308940"><ele>789.746</ele><time>2022-07-31T22:04:49Z</time></trkpt><trkpt lat="-24.151311" lon="-49.308872"><ele>789.565</ele><time>2022-07-31T22:04:50Z</time></trkpt><trkpt lat="-24.151273" lon="-49.308806"><ele>792.559</ele><time>2022-07-31T22:04:51Z</time></trkpt><trkpt lat="-24.151236" lon="-49.308733"><ele>793.232</ele><time>2022-07-31T22:04:52Z</time></trkpt><trkpt lat="-24.151195" lon="-49.308656"><ele>793.931</ele><time>2022-07-31T22:04:53Z</time></trkpt><trkpt lat="-24.151145" lon="-49.308582"><ele>793.752</ele><time>2022-07-31T22:04:54Z</time></trkpt><trkpt lat="-24.151109" lon="-49.308503"><ele>793.959</ele><time>2022-07-31T22:04:55Z</time></trkpt><trkpt lat="-24.151086" lon="-49.308428"><ele>794.176</ele><time>2022-07-31T22:04:56Z</time></trkpt><trkpt lat="-24.151057" lon="-49.308332"><ele>794.289</ele><time>2022-07-31T22:04:57Z</time></trkpt><trkpt lat="-24.151030" lon="-49.308250"><ele>794.206</ele><time>2022-07-31T22:04:58Z</time></trkpt><trkpt lat="-24.150983" lon="-49.308166"><ele>793.626</ele><time>2022-07-31T22:04:59Z</time></trkpt><trkpt lat="-24.150943" lon="-49.308084"><ele>794.009</ele><time>2022-07-31T22:05:00Z</time></trkpt><trkpt lat="-24.150896" lon="-49.308004"><ele>795.989</ele><time>2022-07-31T22:05:01Z</time></trkpt><trkpt lat="-24.150851" lon="-49.307927"><ele>795.968</ele><time>2022-07-31T22:05:02Z</time></trkpt><trkpt lat="-24.150812" lon="-49.307852"><ele>797.997</ele><time>2022-07-31T22:05:03Z</time></trkpt><trkpt lat="-24.150795" lon="-49.307785"><ele>797.531</ele><time>2022-07-31T22:05:04Z</time></trkpt><trkpt lat="-24.150748" lon="-49.307700"><ele>798.624</ele><time>2022-07-31T22:05:05Z</time></trkpt><trkpt lat="-24.150714" lon="-49.307620"><ele>799.813</ele><time>2022-07-31T22:05:06Z</time></trkpt><trkpt lat="-24.150684" lon="-49.307541"><ele>799.874</ele><time>2022-07-31T22:05:07Z</time></trkpt><trkpt lat="-24.150651" lon="-49.307461"><ele>800.321</ele><time>2022-07-31T22:05:08Z</time></trkpt><trkpt lat="-24.150601" lon="-49.307376"><ele>801.038</ele><time>2022-07-31T22:05:09Z</time></trkpt><trkpt lat="-24.150558" lon="-49.307302"><ele>802.616</ele><time>2022-07-31T22:05:10Z</time></trkpt><trkpt lat="-24.150499" lon="-49.307215"><ele>799.776</ele><time>2022-07-31T22:05:11Z</time></trkpt><trkpt lat="-24.150456" lon="-49.307132"><ele>798.113</ele><time>2022-07-31T22:05:12Z</time></trkpt><trkpt lat="-24.150424" lon="-49.307055"><ele>798.509</ele><time>2022-07-31T22:05:13Z</time></trkpt><trkpt lat="-24.150396" lon="-49.306962"><ele>798.952</ele><time>2022-07-31T22:05:14Z</time></trkpt><trkpt lat="-24.150353" lon="-49.306883"><ele>799.271</ele><time>2022-07-31T22:05:15Z</time></trkpt><trkpt lat="-24.150320" lon="-49.306791"><ele>798.180</ele><time>2022-07-31T22:05:16Z</time></trkpt><trkpt lat="-24.150270" lon="-49.306712"><ele>799.134</ele><time>2022-07-31T22:05:17Z</time></trkpt><trkpt lat="-24.150237" lon="-49.306644"><ele>799.227</ele><time>2022-07-31T22:05:18Z</time></trkpt><trkpt lat="-24.150190" lon="-49.306551"><ele>797.536</ele><time>2022-07-31T22:05:19Z</time></trkpt><trkpt lat="-24.150162" lon="-49.306470"><ele>797.357</ele><time>2022-07-31T22:05:20Z</time></trkpt><trkpt lat="-24.150122" lon="-49.306373"><ele>798.024</ele><time>2022-07-31T22:05:21Z</time></trkpt><trkpt lat="-24.150080" lon="-49.306285"><ele>800.451</ele><time>2022-07-31T22:05:22Z</time></trkpt><trkpt lat="-24.150048" lon="-49.306199"><ele>800.978</ele><time>2022-07-31T22:05:23Z</time></trkpt><trkpt lat="-24.150016" lon="-49.306105"><ele>802.533</ele><time>2022-07-31T22:05:24Z</time></trkpt><trkpt lat="-24.149981" lon="-49.306021"><ele>802.626</ele><time>2022-07-31T22:05:25Z</time></trkpt><trkpt lat="-24.149945" lon="-49.305932"><ele>803.009</ele><time>2022-07-31T22:05:26Z</time></trkpt><trkpt lat="-24.149924" lon="-49.305854"><ele>804.148</ele><time>2022-07-31T22:05:27Z</time></trkpt><trkpt lat="-24.149889" lon="-49.305761"><ele>805.397</ele><time>2022-07-31T22:05:28Z</time></trkpt><trkpt lat="-24.149846" lon="-49.305677"><ele>806.316</ele><time>2022-07-31T22:05:29Z</time></trkpt><trkpt lat="-24.149799" lon="-49.305594"><ele>807.570</ele><time>2022-07-31T22:05:30Z</time></trkpt><trkpt lat="-24.149756" lon="-49.305500"><ele>807.373</ele><time>2022-07-31T22:05:31Z</time></trkpt><trkpt lat="-24.149730" lon="-49.305419"><ele>808.382</ele><time>2022-07-31T22:05:32Z</time></trkpt><trkpt lat="-24.149699" lon="-49.305333"><ele>809.143</ele><time>2022-07-31T22:05:33Z</time></trkpt><trkpt lat="-24.149653" lon="-49.305251"><ele>810.020</ele><time>2022-07-31T22:05:34Z</time></trkpt><trkpt lat="-24.149612" lon="-49.305168"><ele>811.497</ele><time>2022-07-31T22:05:35Z</time></trkpt><trkpt lat="-24.149588" lon="-49.305082"><ele>810.513</ele><time>2022-07-31T22:05:36Z</time></trkpt><trkpt lat="-24.149566" lon="-49.305004"><ele>811.143</ele><time>2022-07-31T22:05:37Z</time></trkpt><trkpt lat="-24.149538" lon="-49.304918"><ele>811.307</ele><time>2022-07-31T22:05:38Z</time></trkpt><trkpt lat="-24.149562" lon="-49.304845"><ele>813.509</ele><time>2022-07-31T22:05:39Z</time></trkpt><trkpt lat="-24.149555" lon="-49.304762"><ele>815.182</ele><time>2022-07-31T22:05:40Z</time></trkpt><trkpt lat="-24.149488" lon="-49.304660"><ele>812.751</ele><time>2022-07-31T22:05:41Z</time></trkpt><trkpt lat="-24.149445" lon="-49.304569"><ele>811.310</ele><time>2022-07-31T22:05:42Z</time></trkpt><trkpt lat="-24.149379" lon="-49.304463"><ele>808.744</ele><time>2022-07-31T22:05:43Z</time></trkpt><trkpt lat="-24.149335" lon="-49.304385"><ele>809.737</ele><time>2022-07-31T22:05:44Z</time></trkpt><trkpt lat="-24.149292" lon="-49.304295"><ele>812.126</ele><time>2022-07-31T22:05:45Z</time></trkpt><trkpt lat="-24.149248" lon="-49.304210"><ele>811.967</ele><time>2022-07-31T22:05:46Z</time></trkpt><trkpt lat="-24.149204" lon="-49.304126"><ele>812.924</ele><time>2022-07-31T22:05:47Z</time></trkpt><trkpt lat="-24.149229" lon="-49.304048"><ele>812.811</ele><time>2022-07-31T22:05:48Z</time></trkpt><trkpt lat="-24.149178" lon="-49.303973"><ele>813.716</ele><time>2022-07-31T22:05:49Z</time></trkpt><trkpt lat="-24.149145" lon="-49.303878"><ele>814.076</ele><time>2022-07-31T22:05:50Z</time></trkpt><trkpt lat="-24.149096" lon="-49.303796"><ele>814.213</ele><time>2022-07-31T22:05:51Z</time></trkpt><trkpt lat="-24.149055" lon="-49.303709"><ele>815.709</ele><time>2022-07-31T22:05:52Z</time></trkpt><trkpt lat="-24.149008" lon="-49.303623"><ele>815.742</ele><time>2022-07-31T22:05:53Z</time></trkpt><trkpt lat="-24.148980" lon="-49.303538"><ele>818.151</ele><time>2022-07-31T22:05:54Z</time></trkpt><trkpt lat="-24.148931" lon="-49.303440"><ele>816.950</ele><time>2022-07-31T22:05:55Z</time></trkpt><trkpt lat="-24.148892" lon="-49.303354"><ele>816.344</ele><time>2022-07-31T22:05:56Z</time></trkpt><trkpt lat="-24.148841" lon="-49.303260"><ele>816.897</ele><time>2022-07-31T22:05:57Z</time></trkpt><trkpt lat="-24.148788" lon="-49.303179"><ele>818.186</ele><time>2022-07-31T22:05:58Z</time></trkpt><trkpt lat="-24.148748" lon="-49.303085"><ele>818.937</ele><time>2022-07-31T22:05:59Z</time></trkpt><trkpt lat="-24.148705" lon="-49.302990"><ele>819.044</ele><time>2022-07-31T22:06:00Z</time></trkpt><trkpt lat="-24.148658" lon="-49.302905"><ele>820.231</ele><time>2022-07-31T22:06:01Z</time></trkpt><trkpt lat="-24.148609" lon="-49.302805"><ele>820.529</ele><time>2022-07-31T22:06:02Z</time></trkpt><trkpt lat="-24.148588" lon="-49.302694"><ele>819.200</ele><time>2022-07-31T22:06:03Z</time></trkpt><trkpt lat="-24.148591" lon="-49.302609"><ele>820.820</ele><time>2022-07-31T22:06:04Z</time></trkpt><trkpt lat="-24.148550" lon="-49.302519"><ele>822.209</ele><time>2022-07-31T22:06:05Z</time></trkpt><trkpt lat="-24.148498" lon="-49.302426"><ele>822.693</ele><time>2022-07-31T22:06:06Z</time></trkpt><trkpt lat="-24.148429" lon="-49.302337"><ele>822.242</ele><time>2022-07-31T22:06:07Z</time></trkpt><trkpt lat="-24.148383" lon="-49.302248"><ele>822.661</ele><time>2022-07-31T22:06:08Z</time></trkpt><trkpt lat="-24.147987" lon="-49.301438"><ele>824.525</ele><time>2022-07-31T22:06:17Z</time></trkpt><trkpt lat="-24.147959" lon="-49.301347"><ele>824.848</ele><time>2022-07-31T22:06:18Z</time></trkpt><trkpt lat="-24.147957" lon="-49.301265"><ele>825.127</ele><time>2022-07-31T22:06:19Z</time></trkpt><trkpt lat="-24.147945" lon="-49.301169"><ele>825.528</ele><time>2022-07-31T22:06:20Z</time></trkpt><trkpt lat="-24.147923" lon="-49.301070"><ele>826.265</ele><time>2022-07-31T22:06:21Z</time></trkpt><trkpt lat="-24.147899" lon="-49.300972"><ele>827.042</ele><time>2022-07-31T22:06:22Z</time></trkpt><trkpt lat="-24.147876" lon="-49.300876"><ele>827.715</ele><time>2022-07-31T22:06:23Z</time></trkpt><trkpt lat="-24.147872" lon="-49.300781"><ele>828.865</ele><time>2022-07-31T22:06:24Z</time></trkpt><trkpt lat="-24.147888" lon="-49.300699"><ele>829.011</ele><time>2022-07-31T22:06:25Z</time></trkpt><trkpt lat="-24.147869" lon="-49.300611"><ele>830.309</ele><time>2022-07-31T22:06:26Z</time></trkpt><trkpt lat="-24.147857" lon="-49.300517"><ele>830.622</ele><time>2022-07-31T22:06:27Z</time></trkpt><trkpt lat="-24.147866" lon="-49.300417"><ele>831.091</ele><time>2022-07-31T22:06:28Z</time></trkpt><trkpt lat="-24.147832" lon="-49.300299"><ele>827.530</ele><time>2022-07-31T22:06:29Z</time></trkpt><trkpt lat="-24.147847" lon="-49.300207"><ele>829.424</ele><time>2022-07-31T22:06:30Z</time></trkpt><trkpt lat="-24.147849" lon="-49.300110"><ele>828.897</ele><time>2022-07-31T22:06:31Z</time></trkpt><trkpt lat="-24.147844" lon="-49.300009"><ele>829.466</ele><time>2022-07-31T22:06:32Z</time></trkpt><trkpt lat="-24.147835" lon="-49.299897"><ele>825.697</ele><time>2022-07-31T22:06:33Z</time></trkpt><trkpt lat="-24.147874" lon="-49.299808"><ele>827.884</ele><time>2022-07-31T22:06:34Z</time></trkpt><trkpt lat="-24.147890" lon="-49.299719"><ele>829.271</ele><time>2022-07-31T22:06:35Z</time></trkpt><trkpt lat="-24.147899" lon="-49.299623"><ele>829.618</ele><time>2022-07-31T22:06:36Z</time></trkpt><trkpt lat="-24.147926" lon="-49.299541"><ele>830.898</ele><time>2022-07-31T22:06:37Z</time></trkpt><trkpt lat="-24.147960" lon="-49.299457"><ele>831.317</ele><time>2022-07-31T22:06:38Z</time></trkpt><trkpt lat="-24.148000" lon="-49.299378"><ele>832.009</ele><time>2022-07-31T22:06:39Z</time></trkpt><trkpt lat="-24.148021" lon="-49.299301"><ele>831.462</ele><time>2022-07-31T22:06:40Z</time></trkpt><trkpt lat="-24.148060" lon="-49.299220"><ele>831.451</ele><time>2022-07-31T22:06:41Z</time></trkpt><trkpt lat="-24.148088" lon="-49.299154"><ele>833.120</ele><time>2022-07-31T22:06:42Z</time></trkpt><trkpt lat="-24.148129" lon="-49.299067"><ele>832.714</ele><time>2022-07-31T22:06:43Z</time></trkpt><trkpt lat="-24.148172" lon="-49.298983"><ele>832.617</ele><time>2022-07-31T22:06:44Z</time></trkpt><trkpt lat="-24.148172" lon="-49.298872"><ele>826.846</ele><time>2022-07-31T22:06:45Z</time></trkpt><trkpt lat="-24.148198" lon="-49.298788"><ele>831.137</ele><time>2022-07-31T22:06:46Z</time></trkpt><trkpt lat="-24.148245" lon="-49.298704"><ele>831.714</ele><time>2022-07-31T22:06:47Z</time></trkpt><trkpt lat="-24.148292" lon="-49.298620"><ele>830.681</ele><time>2022-07-31T22:06:48Z</time></trkpt><trkpt lat="-24.148344" lon="-49.298532"><ele>831.326</ele><time>2022-07-31T22:06:49Z</time></trkpt><trkpt lat="-24.148387" lon="-49.298444"><ele>832.647</ele><time>2022-07-31T22:06:50Z</time></trkpt><trkpt lat="-24.148442" lon="-49.298364"><ele>833.211</ele><time>2022-07-31T22:06:51Z</time></trkpt><trkpt lat="-24.148487" lon="-49.298291"><ele>835.109</ele><time>2022-07-31T22:06:52Z</time></trkpt><trkpt lat="-24.148536" lon="-49.298206"><ele>835.463</ele><time>2022-07-31T22:06:53Z</time></trkpt><trkpt lat="-24.148578" lon="-49.298121"><ele>835.492</ele><time>2022-07-31T22:06:54Z</time></trkpt><trkpt lat="-24.148618" lon="-49.298014"><ele>832.331</ele><time>2022-07-31T22:06:55Z</time></trkpt><trkpt lat="-24.148684" lon="-49.297941"><ele>833.025</ele><time>2022-07-31T22:06:56Z</time></trkpt><trkpt lat="-24.148736" lon="-49.297866"><ele>830.448</ele><time>2022-07-31T22:06:57Z</time></trkpt><trkpt lat="-24.148778" lon="-49.297787"><ele>831.227</ele><time>2022-07-31T22:06:58Z</time></trkpt><trkpt lat="-24.148817" lon="-49.297721"><ele>831.478</ele><time>2022-07-31T22:06:59Z</time></trkpt><trkpt lat="-24.148867" lon="-49.297642"><ele>832.195</ele><time>2022-07-31T22:07:00Z</time></trkpt><trkpt lat="-24.148913" lon="-49.297578"><ele>833.562</ele><time>2022-07-31T22:07:01Z</time></trkpt><trkpt lat="-24.148967" lon="-49.297515"><ele>834.741</ele><time>2022-07-31T22:07:02Z</time></trkpt><trkpt lat="-24.149009" lon="-49.297437"><ele>833.581</ele><time>2022-07-31T22:07:03Z</time></trkpt><trkpt lat="-24.149063" lon="-49.297368"><ele>834.609</ele><time>2022-07-31T22:07:04Z</time></trkpt><trkpt lat="-24.149106" lon="-49.297293"><ele>834.409</ele><time>2022-07-31T22:07:05Z</time></trkpt><trkpt lat="-24.149154" lon="-49.297220"><ele>837.885</ele><time>2022-07-31T22:07:06Z</time></trkpt><trkpt lat="-24.149193" lon="-49.297144"><ele>838.324</ele><time>2022-07-31T22:07:07Z</time></trkpt><trkpt lat="-24.149238" lon="-49.297065"><ele>840.783</ele><time>2022-07-31T22:07:08Z</time></trkpt><trkpt lat="-24.149275" lon="-49.296994"><ele>840.147</ele><time>2022-07-31T22:07:09Z</time></trkpt><trkpt lat="-24.149320" lon="-49.296927"><ele>841.360</ele><time>2022-07-31T22:07:10Z</time></trkpt><trkpt lat="-24.149359" lon="-49.296870"><ele>841.099</ele><time>2022-07-31T22:07:11Z</time></trkpt><trkpt lat="-24.149400" lon="-49.296793"><ele>841.330</ele><time>2022-07-31T22:07:12Z</time></trkpt><trkpt lat="-24.149444" lon="-49.296716"><ele>841.737</ele><time>2022-07-31T22:07:13Z</time></trkpt><trkpt lat="-24.149492" lon="-49.296637"><ele>841.774</ele><time>2022-07-31T22:07:14Z</time></trkpt><trkpt lat="-24.149533" lon="-49.296563"><ele>841.747</ele><time>2022-07-31T22:07:15Z</time></trkpt><trkpt lat="-24.149575" lon="-49.296490"><ele>842.129</ele><time>2022-07-31T22:07:16Z</time></trkpt><trkpt lat="-24.149621" lon="-49.296416"><ele>842.521</ele><time>2022-07-31T22:07:17Z</time></trkpt><trkpt lat="-24.149671" lon="-49.296346"><ele>840.909</ele><time>2022-07-31T22:07:18Z</time></trkpt><trkpt lat="-24.149725" lon="-49.296274"><ele>841.595</ele><time>2022-07-31T22:07:19Z</time></trkpt><trkpt lat="-24.149779" lon="-49.296201"><ele>842.384</ele><time>2022-07-31T22:07:20Z</time></trkpt><trkpt lat="-24.149828" lon="-49.296128"><ele>843.243</ele><time>2022-07-31T22:07:21Z</time></trkpt><trkpt lat="-24.149866" lon="-49.296052"><ele>842.457</ele><time>2022-07-31T22:07:22Z</time></trkpt><trkpt lat="-24.149910" lon="-49.295974"><ele>843.010</ele><time>2022-07-31T22:07:23Z</time></trkpt><trkpt lat="-24.149961" lon="-49.295897"><ele>842.699</ele><time>2022-07-31T22:07:24Z</time></trkpt><trkpt lat="-24.150008" lon="-49.295821"><ele>842.150</ele><time>2022-07-31T22:07:25Z</time></trkpt><trkpt lat="-24.150047" lon="-49.295744"><ele>842.567</ele><time>2022-07-31T22:07:26Z</time></trkpt><trkpt lat="-24.150103" lon="-49.295667"><ele>843.774</ele><time>2022-07-31T22:07:27Z</time></trkpt><trkpt lat="-24.150152" lon="-49.295587"><ele>843.788</ele><time>2022-07-31T22:07:28Z</time></trkpt><trkpt lat="-24.150200" lon="-49.295529"><ele>843.324</ele><time>2022-07-31T22:07:29Z</time></trkpt><trkpt lat="-24.150244" lon="-49.295455"><ele>843.426</ele><time>2022-07-31T22:07:30Z</time></trkpt><trkpt lat="-24.150283" lon="-49.295379"><ele>843.309</ele><time>2022-07-31T22:07:31Z</time></trkpt><trkpt lat="-24.150328" lon="-49.295308"><ele>843.289</ele><time>2022-07-31T22:07:32Z</time></trkpt><trkpt lat="-24.150374" lon="-49.295232"><ele>843.288</ele><time>2022-07-31T22:07:33Z</time></trkpt><trkpt lat="-24.150414" lon="-49.295154"><ele>842.177</ele><time>2022-07-31T22:07:34Z</time></trkpt><trkpt lat="-24.150449" lon="-49.295111"><ele>839.971</ele><time>2022-07-31T22:07:35Z</time></trkpt><trkpt lat="-24.150492" lon="-49.295037"><ele>840.984</ele><time>2022-07-31T22:07:36Z</time></trkpt><trkpt lat="-24.150533" lon="-49.294966"><ele>841.453</ele><time>2022-07-31T22:07:37Z</time></trkpt><trkpt lat="-24.150571" lon="-49.294898"><ele>841.284</ele><time>2022-07-31T22:07:38Z</time></trkpt><trkpt lat="-24.150607" lon="-49.294823"><ele>841.391</ele><time>2022-07-31T22:07:39Z</time></trkpt><trkpt lat="-24.150666" lon="-49.294757"><ele>841.738</ele><time>2022-07-31T22:07:40Z</time></trkpt><trkpt lat="-24.150711" lon="-49.294700"><ele>840.837</ele><time>2022-07-31T22:07:41Z</time></trkpt><trkpt lat="-24.150763" lon="-49.294633"><ele>841.449</ele><time>2022-07-31T22:07:42Z</time></trkpt><trkpt lat="-24.150820" lon="-49.294562"><ele>840.513</ele><time>2022-07-31T22:07:43Z</time></trkpt><trkpt lat="-24.150864" lon="-49.294483"><ele>840.309</ele><time>2022-07-31T22:07:44Z</time></trkpt><trkpt lat="-24.150907" lon="-49.294421"><ele>839.654</ele><time>2022-07-31T22:07:45Z</time></trkpt><trkpt lat="-24.150947" lon="-49.294341"><ele>840.493</ele><time>2022-07-31T22:07:46Z</time></trkpt><trkpt lat="-24.150987" lon="-49.294263"><ele>839.432</ele><time>2022-07-31T22:07:47Z</time></trkpt><trkpt lat="-24.151035" lon="-49.294187"><ele>839.166</ele><time>2022-07-31T22:07:48Z</time></trkpt><trkpt lat="-24.151087" lon="-49.294108"><ele>839.189</ele><time>2022-07-31T22:07:49Z</time></trkpt><trkpt lat="-24.151136" lon="-49.294027"><ele>839.848</ele><time>2022-07-31T22:07:50Z</time></trkpt><trkpt lat="-24.151174" lon="-49.293946"><ele>839.769</ele><time>2022-07-31T22:07:51Z</time></trkpt><trkpt lat="-24.151225" lon="-49.293868"><ele>841.016</ele><time>2022-07-31T22:07:52Z</time></trkpt><trkpt lat="-24.151269" lon="-49.293782"><ele>841.383</ele><time>2022-07-31T22:07:53Z</time></trkpt><trkpt lat="-24.151325" lon="-49.293707"><ele>842.074</ele><time>2022-07-31T22:07:54Z</time></trkpt><trkpt lat="-24.151370" lon="-49.293636"><ele>844.256</ele><time>2022-07-31T22:07:55Z</time></trkpt><trkpt lat="-24.151430" lon="-49.293560"><ele>845.221</ele><time>2022-07-31T22:07:56Z</time></trkpt><trkpt lat="-24.151474" lon="-49.293481"><ele>845.009</ele><time>2022-07-31T22:07:57Z</time></trkpt><trkpt lat="-24.151516" lon="-49.293409"><ele>845.048</ele><time>2022-07-31T22:07:58Z</time></trkpt><trkpt lat="-24.151555" lon="-49.293336"><ele>845.177</ele><time>2022-07-31T22:07:59Z</time></trkpt><trkpt lat="-24.151602" lon="-49.293253"><ele>845.236</ele><time>2022-07-31T22:08:00Z</time></trkpt><trkpt lat="-24.151634" lon="-49.293166"><ele>842.460</ele><time>2022-07-31T22:08:01Z</time></trkpt><trkpt lat="-24.151676" lon="-49.293092"><ele>841.993</ele><time>2022-07-31T22:08:02Z</time></trkpt><trkpt lat="-24.151717" lon="-49.293011"><ele>842.422</ele><time>2022-07-31T22:08:03Z</time></trkpt><trkpt lat="-24.151771" lon="-49.292953"><ele>842.923</ele><time>2022-07-31T22:08:04Z</time></trkpt><trkpt lat="-24.151810" lon="-49.292883"><ele>842.750</ele><time>2022-07-31T22:08:05Z</time></trkpt><trkpt lat="-24.151839" lon="-49.292813"><ele>843.487</ele><time>2022-07-31T22:08:06Z</time></trkpt><trkpt lat="-24.151881" lon="-49.292744"><ele>845.129</ele><time>2022-07-31T22:08:07Z</time></trkpt><trkpt lat="-24.151915" lon="-49.292676"><ele>843.200</ele><time>2022-07-31T22:08:08Z</time></trkpt><trkpt lat="-24.151960" lon="-49.292606"><ele>843.520</ele><time>2022-07-31T22:08:09Z</time></trkpt><trkpt lat="-24.152005" lon="-49.292528"><ele>842.609</ele><time>2022-07-31T22:08:10Z</time></trkpt><trkpt lat="-24.152052" lon="-49.292465"><ele>841.983</ele><time>2022-07-31T22:08:11Z</time></trkpt><trkpt lat="-24.152087" lon="-49.292393"><ele>841.612</ele><time>2022-07-31T22:08:12Z</time></trkpt><trkpt lat="-24.152122" lon="-49.292334"><ele>841.181</ele><time>2022-07-31T22:08:13Z</time></trkpt><trkpt lat="-24.152169" lon="-49.292255"><ele>841.175</ele><time>2022-07-31T22:08:14Z</time></trkpt><trkpt lat="-24.152192" lon="-49.292174"><ele>838.378</ele><time>2022-07-31T22:08:15Z</time></trkpt><trkpt lat="-24.152233" lon="-49.292108"><ele>838.097</ele><time>2022-07-31T22:08:16Z</time></trkpt><trkpt lat="-24.152297" lon="-49.292045"><ele>839.178</ele><time>2022-07-31T22:08:17Z</time></trkpt><trkpt lat="-24.152323" lon="-49.291970"><ele>839.185</ele><time>2022-07-31T22:08:18Z</time></trkpt><trkpt lat="-24.152357" lon="-49.291899"><ele>839.842</ele><time>2022-07-31T22:08:19Z</time></trkpt><trkpt lat="-24.152387" lon="-49.291831"><ele>839.337</ele><time>2022-07-31T22:08:20Z</time></trkpt><trkpt lat="-24.152431" lon="-49.291773"><ele>840.249</ele><time>2022-07-31T22:08:21Z</time></trkpt><trkpt lat="-24.152459" lon="-49.291714"><ele>840.813</ele><time>2022-07-31T22:08:22Z</time></trkpt><trkpt lat="-24.152499" lon="-49.291661"><ele>841.009</ele><time>2022-07-31T22:08:23Z</time></trkpt><trkpt lat="-24.152535" lon="-49.291604"><ele>840.944</ele><time>2022-07-31T22:08:24Z</time></trkpt><trkpt lat="-24.152574" lon="-49.291552"><ele>841.263</ele><time>2022-07-31T22:08:25Z</time></trkpt><trkpt lat="-24.152601" lon="-49.291498"><ele>841.322</ele><time>2022-07-31T22:08:26Z</time></trkpt><trkpt lat="-24.152633" lon="-49.291438"><ele>842.046</ele><time>2022-07-31T22:08:27Z</time></trkpt><trkpt lat="-24.152671" lon="-49.291384"><ele>842.779</ele><time>2022-07-31T22:08:28Z</time></trkpt><trkpt lat="-24.152703" lon="-49.291324"><ele>844.278</ele><time>2022-07-31T22:08:29Z</time></trkpt><trkpt lat="-24.152742" lon="-49.291264"><ele>846.139</ele><time>2022-07-31T22:08:30Z</time></trkpt><trkpt lat="-24.152778" lon="-49.291206"><ele>847.296</ele><time>2022-07-31T22:08:31Z</time></trkpt><trkpt lat="-24.152808" lon="-49.291147"><ele>846.573</ele><time>2022-07-31T22:08:32Z</time></trkpt><trkpt lat="-24.152842" lon="-49.291085"><ele>846.626</ele><time>2022-07-31T22:08:33Z</time></trkpt><trkpt lat="-24.152874" lon="-49.291023"><ele>847.147</ele><time>2022-07-31T22:08:34Z</time></trkpt><trkpt lat="-24.152910" lon="-49.290961"><ele>847.611</ele><time>2022-07-31T22:08:35Z</time></trkpt><trkpt lat="-24.152947" lon="-49.290900"><ele>848.109</ele><time>2022-07-31T22:08:36Z</time></trkpt><trkpt lat="-24.152984" lon="-49.290839"><ele>848.433</ele><time>2022-07-31T22:08:37Z</time></trkpt><trkpt lat="-24.153020" lon="-49.290780"><ele>848.592</ele><time>2022-07-31T22:08:38Z</time></trkpt><trkpt lat="-24.153055" lon="-49.290709"><ele>848.691</ele><time>2022-07-31T22:08:39Z</time></trkpt><trkpt lat="-24.153097" lon="-49.290639"><ele>848.775</ele><time>2022-07-31T22:08:40Z</time></trkpt><trkpt lat="-24.153133" lon="-49.290572"><ele>851.188</ele><time>2022-07-31T22:08:41Z</time></trkpt><trkpt lat="-24.153171" lon="-49.290503"><ele>851.587</ele><time>2022-07-31T22:08:42Z</time></trkpt><trkpt lat="-24.153201" lon="-49.290429"><ele>851.568</ele><time>2022-07-31T22:08:43Z</time></trkpt><trkpt lat="-24.153229" lon="-49.290358"><ele>851.465</ele><time>2022-07-31T22:08:44Z</time></trkpt><trkpt lat="-24.153266" lon="-49.290290"><ele>851.542</ele><time>2022-07-31T22:08:45Z</time></trkpt><trkpt lat="-24.153300" lon="-49.290223"><ele>851.141</ele><time>2022-07-31T22:08:46Z</time></trkpt><trkpt lat="-24.153345" lon="-49.290157"><ele>851.181</ele><time>2022-07-31T22:08:47Z</time></trkpt><trkpt lat="-24.153386" lon="-49.290088"><ele>851.809</ele><time>2022-07-31T22:08:48Z</time></trkpt><trkpt lat="-24.153427" lon="-49.290024"><ele>851.209</ele><time>2022-07-31T22:08:49Z</time></trkpt><trkpt lat="-24.153466" lon="-49.289955"><ele>851.565</ele><time>2022-07-31T22:08:50Z</time></trkpt><trkpt lat="-24.153508" lon="-49.289889"><ele>851.234</ele><time>2022-07-31T22:08:51Z</time></trkpt><trkpt lat="-24.153554" lon="-49.289823"><ele>852.133</ele><time>2022-07-31T22:08:52Z</time></trkpt><trkpt lat="-24.153596" lon="-49.289761"><ele>852.257</ele><time>2022-07-31T22:08:53Z</time></trkpt><trkpt lat="-24.153640" lon="-49.289699"><ele>852.010</ele><time>2022-07-31T22:08:54Z</time></trkpt><trkpt lat="-24.153675" lon="-49.289633"><ele>851.549</ele><time>2022-07-31T22:08:55Z</time></trkpt><trkpt lat="-24.153704" lon="-49.289570"><ele>851.920</ele><time>2022-07-31T22:08:56Z</time></trkpt><trkpt lat="-24.153752" lon="-49.289505"><ele>852.377</ele><time>2022-07-31T22:08:57Z</time></trkpt><trkpt lat="-24.153792" lon="-49.289441"><ele>852.154</ele><time>2022-07-31T22:08:58Z</time></trkpt><trkpt lat="-24.153833" lon="-49.289372"><ele>852.349</ele><time>2022-07-31T22:08:59Z</time></trkpt><trkpt lat="-24.153880" lon="-49.289301"><ele>853.802</ele><time>2022-07-31T22:09:00Z</time></trkpt><trkpt lat="-24.153918" lon="-49.289235"><ele>854.522</ele><time>2022-07-31T22:09:01Z</time></trkpt><trkpt lat="-24.153959" lon="-49.289170"><ele>853.809</ele><time>2022-07-31T22:09:02Z</time></trkpt><trkpt lat="-24.154000" lon="-49.289103"><ele>855.015</ele><time>2022-07-31T22:09:03Z</time></trkpt><trkpt lat="-24.154035" lon="-49.289064"><ele>854.264</ele><time>2022-07-31T22:09:04Z</time></trkpt><trkpt lat="-24.154072" lon="-49.288992"><ele>854.283</ele><time>2022-07-31T22:09:05Z</time></trkpt><trkpt lat="-24.154111" lon="-49.288916"><ele>854.267</ele><time>2022-07-31T22:09:06Z</time></trkpt><trkpt lat="-24.154151" lon="-49.288843"><ele>855.170</ele><time>2022-07-31T22:09:07Z</time></trkpt><trkpt lat="-24.154196" lon="-49.288775"><ele>855.569</ele><time>2022-07-31T22:09:08Z</time></trkpt><trkpt lat="-24.154225" lon="-49.288726"><ele>854.520</ele><time>2022-07-31T22:09:09Z</time></trkpt><trkpt lat="-24.154274" lon="-49.288661"><ele>855.377</ele><time>2022-07-31T22:09:10Z</time></trkpt><trkpt lat="-24.154315" lon="-49.288599"><ele>855.384</ele><time>2022-07-31T22:09:11Z</time></trkpt><trkpt lat="-24.154347" lon="-49.288543"><ele>855.011</ele><time>2022-07-31T22:09:12Z</time></trkpt><trkpt lat="-24.154385" lon="-49.288483"><ele>855.321</ele><time>2022-07-31T22:09:13Z</time></trkpt><trkpt lat="-24.154422" lon="-49.288425"><ele>855.503</ele><time>2022-07-31T22:09:14Z</time></trkpt><trkpt lat="-24.154458" lon="-49.288359"><ele>855.909</ele><time>2022-07-31T22:09:15Z</time></trkpt><trkpt lat="-24.154495" lon="-49.288297"><ele>857.192</ele><time>2022-07-31T22:09:16Z</time></trkpt><trkpt lat="-24.154533" lon="-49.288236"><ele>856.811</ele><time>2022-07-31T22:09:17Z</time></trkpt><trkpt lat="-24.154568" lon="-49.288160"><ele>856.010</ele><time>2022-07-31T22:09:18Z</time></trkpt><trkpt lat="-24.154611" lon="-49.288100"><ele>855.914</ele><time>2022-07-31T22:09:19Z</time></trkpt><trkpt lat="-24.154653" lon="-49.288049"><ele>853.457</ele><time>2022-07-31T22:09:20Z</time></trkpt><trkpt lat="-24.154695" lon="-49.287983"><ele>853.816</ele><time>2022-07-31T22:09:21Z</time></trkpt><trkpt lat="-24.154740" lon="-49.287924"><ele>854.237</ele><time>2022-07-31T22:09:22Z</time></trkpt><trkpt lat="-24.154774" lon="-49.287866"><ele>854.134</ele><time>2022-07-31T22:09:23Z</time></trkpt><trkpt lat="-24.154820" lon="-49.287806"><ele>854.521</ele><time>2022-07-31T22:09:24Z</time></trkpt><trkpt lat="-24.154859" lon="-49.287758"><ele>854.033</ele><time>2022-07-31T22:09:25Z</time></trkpt><trkpt lat="-24.154915" lon="-49.287695"><ele>855.623</ele><time>2022-07-31T22:09:26Z</time></trkpt><trkpt lat="-24.154951" lon="-49.287620"><ele>855.615</ele><time>2022-07-31T22:09:27Z</time></trkpt><trkpt lat="-24.154990" lon="-49.287547"><ele>857.009</ele><time>2022-07-31T22:09:28Z</time></trkpt><trkpt lat="-24.155027" lon="-49.287481"><ele>856.944</ele><time>2022-07-31T22:09:29Z</time></trkpt><trkpt lat="-24.155064" lon="-49.287427"><ele>856.353</ele><time>2022-07-31T22:09:30Z</time></trkpt><trkpt lat="-24.155089" lon="-49.287360"><ele>855.932</ele><time>2022-07-31T22:09:31Z</time></trkpt><trkpt lat="-24.155121" lon="-49.287291"><ele>855.096</ele><time>2022-07-31T22:09:32Z</time></trkpt><trkpt lat="-24.155154" lon="-49.287218"><ele>856.849</ele><time>2022-07-31T22:09:33Z</time></trkpt><trkpt lat="-24.155192" lon="-49.287160"><ele>856.768</ele><time>2022-07-31T22:09:34Z</time></trkpt><trkpt lat="-24.155256" lon="-49.287113"><ele>856.559</ele><time>2022-07-31T22:09:35Z</time></trkpt><trkpt lat="-24.155300" lon="-49.287041"><ele>856.686</ele><time>2022-07-31T22:09:36Z</time></trkpt><trkpt lat="-24.155333" lon="-49.286965"><ele>858.233</ele><time>2022-07-31T22:09:37Z</time></trkpt><trkpt lat="-24.155375" lon="-49.286881"><ele>856.151</ele><time>2022-07-31T22:09:38Z</time></trkpt><trkpt lat="-24.155414" lon="-49.286815"><ele>855.001</ele><time>2022-07-31T22:09:39Z</time></trkpt><trkpt lat="-24.155457" lon="-49.286746"><ele>855.011</ele><time>2022-07-31T22:09:40Z</time></trkpt><trkpt lat="-24.155492" lon="-49.286680"><ele>854.409</ele><time>2022-07-31T22:09:41Z</time></trkpt><trkpt lat="-24.155535" lon="-49.286617"><ele>854.576</ele><time>2022-07-31T22:09:42Z</time></trkpt><trkpt lat="-24.155573" lon="-49.286548"><ele>856.035</ele><time>2022-07-31T22:09:43Z</time></trkpt><trkpt lat="-24.155608" lon="-49.286476"><ele>856.794</ele><time>2022-07-31T22:09:44Z</time></trkpt><trkpt lat="-24.155646" lon="-49.286412"><ele>857.598</ele><time>2022-07-31T22:09:45Z</time></trkpt><trkpt lat="-24.155683" lon="-49.286344"><ele>857.731</ele><time>2022-07-31T22:09:46Z</time></trkpt><trkpt lat="-24.155720" lon="-49.286276"><ele>858.450</ele><time>2022-07-31T22:09:47Z</time></trkpt><trkpt lat="-24.155758" lon="-49.286200"><ele>858.681</ele><time>2022-07-31T22:09:48Z</time></trkpt><trkpt lat="-24.155800" lon="-49.286133"><ele>857.328</ele><time>2022-07-31T22:09:49Z</time></trkpt><trkpt lat="-24.155837" lon="-49.286074"><ele>856.395</ele><time>2022-07-31T22:09:50Z</time></trkpt><trkpt lat="-24.155869" lon="-49.286005"><ele>856.457</ele><time>2022-07-31T22:09:51Z</time></trkpt><trkpt lat="-24.155910" lon="-49.285946"><ele>857.500</ele><time>2022-07-31T22:09:52Z</time></trkpt><trkpt lat="-24.155945" lon="-49.285883"><ele>858.620</ele><time>2022-07-31T22:09:53Z</time></trkpt><trkpt lat="-24.156000" lon="-49.285825"><ele>857.109</ele><time>2022-07-31T22:09:54Z</time></trkpt><trkpt lat="-24.156036" lon="-49.285763"><ele>856.686</ele><time>2022-07-31T22:09:55Z</time></trkpt><trkpt lat="-24.156061" lon="-49.285691"><ele>854.485</ele><time>2022-07-31T22:09:56Z</time></trkpt><trkpt lat="-24.156101" lon="-49.285635"><ele>855.414</ele><time>2022-07-31T22:09:57Z</time></trkpt><trkpt lat="-24.156154" lon="-49.285582"><ele>856.328</ele><time>2022-07-31T22:09:58Z</time></trkpt><trkpt lat="-24.156177" lon="-49.285518"><ele>856.611</ele><time>2022-07-31T22:09:59Z</time></trkpt><trkpt lat="-24.156214" lon="-49.285451"><ele>856.940</ele><time>2022-07-31T22:10:00Z</time></trkpt><trkpt lat="-24.156235" lon="-49.285381"><ele>857.341</ele><time>2022-07-31T22:10:01Z</time></trkpt><trkpt lat="-24.156266" lon="-49.285316"><ele>857.378</ele><time>2022-07-31T22:10:02Z</time></trkpt><trkpt lat="-24.156312" lon="-49.285256"><ele>856.745</ele><time>2022-07-31T22:10:03Z</time></trkpt><trkpt lat="-24.156352" lon="-49.285208"><ele>853.024</ele><time>2022-07-31T22:10:04Z</time></trkpt><trkpt lat="-24.156383" lon="-49.285149"><ele>852.804</ele><time>2022-07-31T22:10:05Z</time></trkpt><trkpt lat="-24.156416" lon="-49.285090"><ele>853.214</ele><time>2022-07-31T22:10:06Z</time></trkpt><trkpt lat="-24.156450" lon="-49.285032"><ele>853.109</ele><time>2022-07-31T22:10:07Z</time></trkpt><trkpt lat="-24.156501" lon="-49.284974"><ele>854.043</ele><time>2022-07-31T22:10:08Z</time></trkpt><trkpt lat="-24.156540" lon="-49.284905"><ele>854.422</ele><time>2022-07-31T22:10:09Z</time></trkpt><trkpt lat="-24.156576" lon="-49.284826"><ele>854.651</ele><time>2022-07-31T22:10:10Z</time></trkpt><trkpt lat="-24.156617" lon="-49.284768"><ele>854.535</ele><time>2022-07-31T22:10:11Z</time></trkpt><trkpt lat="-24.156646" lon="-49.284691"><ele>855.388</ele><time>2022-07-31T22:10:12Z</time></trkpt><trkpt lat="-24.156686" lon="-49.284626"><ele>855.287</ele><time>2022-07-31T22:10:13Z</time></trkpt><trkpt lat="-24.156733" lon="-49.284555"><ele>856.218</ele><time>2022-07-31T22:10:14Z</time></trkpt><trkpt lat="-24.156782" lon="-49.284492"><ele>857.065</ele><time>2022-07-31T22:10:15Z</time></trkpt><trkpt lat="-24.156818" lon="-49.284419"><ele>856.722</ele><time>2022-07-31T22:10:16Z</time></trkpt><trkpt lat="-24.156858" lon="-49.284344"><ele>857.465</ele><time>2022-07-31T22:10:17Z</time></trkpt><trkpt lat="-24.156897" lon="-49.284268"><ele>857.868</ele><time>2022-07-31T22:10:18Z</time></trkpt><trkpt lat="-24.156947" lon="-49.284200"><ele>858.414</ele><time>2022-07-31T22:10:19Z</time></trkpt><trkpt lat="-24.156991" lon="-49.284127"><ele>858.409</ele><time>2022-07-31T22:10:20Z</time></trkpt><trkpt lat="-24.157033" lon="-49.284057"><ele>858.427</ele><time>2022-07-31T22:10:21Z</time></trkpt><trkpt lat="-24.157080" lon="-49.283998"><ele>858.996</ele><time>2022-07-31T22:10:22Z</time></trkpt><trkpt lat="-24.157109" lon="-49.283918"><ele>856.275</ele><time>2022-07-31T22:10:23Z</time></trkpt><trkpt lat="-24.157146" lon="-49.283847"><ele>853.749</ele><time>2022-07-31T22:10:24Z</time></trkpt><trkpt lat="-24.157193" lon="-49.283780"><ele>854.512</ele><time>2022-07-31T22:10:25Z</time></trkpt><trkpt lat="-24.157225" lon="-49.283711"><ele>857.221</ele><time>2022-07-31T22:10:26Z</time></trkpt><trkpt lat="-24.157270" lon="-49.283643"><ele>858.192</ele><time>2022-07-31T22:10:27Z</time></trkpt><trkpt lat="-24.157307" lon="-49.283573"><ele>859.269</ele><time>2022-07-31T22:10:28Z</time></trkpt><trkpt lat="-24.157344" lon="-49.283510"><ele>857.426</ele><time>2022-07-31T22:10:29Z</time></trkpt><trkpt lat="-24.157395" lon="-49.283454"><ele>857.578</ele><time>2022-07-31T22:10:30Z</time></trkpt><trkpt lat="-24.157441" lon="-49.283386"><ele>857.333</ele><time>2022-07-31T22:10:31Z</time></trkpt><trkpt lat="-24.157485" lon="-49.283304"><ele>857.626</ele><time>2022-07-31T22:10:32Z</time></trkpt><trkpt lat="-24.157520" lon="-49.283232"><ele>858.109</ele><time>2022-07-31T22:10:33Z</time></trkpt><trkpt lat="-24.157561" lon="-49.283141"><ele>860.118</ele><time>2022-07-31T22:10:34Z</time></trkpt><trkpt lat="-24.157604" lon="-49.283060"><ele>861.647</ele><time>2022-07-31T22:10:35Z</time></trkpt><trkpt lat="-24.157650" lon="-49.282994"><ele>863.396</ele><time>2022-07-31T22:10:36Z</time></trkpt><trkpt lat="-24.157693" lon="-49.282917"><ele>863.940</ele><time>2022-07-31T22:10:37Z</time></trkpt><trkpt lat="-24.157732" lon="-49.282834"><ele>862.913</ele><time>2022-07-31T22:10:38Z</time></trkpt><trkpt lat="-24.157763" lon="-49.282761"><ele>864.082</ele><time>2022-07-31T22:10:39Z</time></trkpt><trkpt lat="-24.157805" lon="-49.282684"><ele>866.543</ele><time>2022-07-31T22:10:40Z</time></trkpt><trkpt lat="-24.157852" lon="-49.282612"><ele>866.780</ele><time>2022-07-31T22:10:41Z</time></trkpt><trkpt lat="-24.157891" lon="-49.282537"><ele>867.027</ele><time>2022-07-31T22:10:42Z</time></trkpt><trkpt lat="-24.157934" lon="-49.282462"><ele>867.994</ele><time>2022-07-31T22:10:43Z</time></trkpt><trkpt lat="-24.157979" lon="-49.282388"><ele>869.057</ele><time>2022-07-31T22:10:44Z</time></trkpt><trkpt lat="-24.158023" lon="-49.282306"><ele>868.922</ele><time>2022-07-31T22:10:45Z</time></trkpt><trkpt lat="-24.158068" lon="-49.282222"><ele>871.209</ele><time>2022-07-31T22:10:46Z</time></trkpt><trkpt lat="-24.158107" lon="-49.282143"><ele>871.230</ele><time>2022-07-31T22:10:47Z</time></trkpt><trkpt lat="-24.158149" lon="-49.282065"><ele>871.449</ele><time>2022-07-31T22:10:48Z</time></trkpt><trkpt lat="-24.158193" lon="-49.281990"><ele>873.788</ele><time>2022-07-31T22:10:49Z</time></trkpt><trkpt lat="-24.158244" lon="-49.281917"><ele>876.982</ele><time>2022-07-31T22:10:50Z</time></trkpt><trkpt lat="-24.158296" lon="-49.281830"><ele>876.985</ele><time>2022-07-31T22:10:51Z</time></trkpt><trkpt lat="-24.158340" lon="-49.281755"><ele>877.814</ele><time>2022-07-31T22:10:52Z</time></trkpt><trkpt lat="-24.158377" lon="-49.281680"><ele>877.075</ele><time>2022-07-31T22:10:53Z</time></trkpt><trkpt lat="-24.158417" lon="-49.281601"><ele>877.142</ele><time>2022-07-31T22:10:54Z</time></trkpt><trkpt lat="-24.158467" lon="-49.281507"><ele>876.099</ele><time>2022-07-31T22:10:55Z</time></trkpt><trkpt lat="-24.158515" lon="-49.281428"><ele>875.352</ele><time>2022-07-31T22:10:56Z</time></trkpt><trkpt lat="-24.158556" lon="-49.281354"><ele>875.553</ele><time>2022-07-31T22:10:57Z</time></trkpt><trkpt lat="-24.158598" lon="-49.281294"><ele>876.608</ele><time>2022-07-31T22:10:58Z</time></trkpt><trkpt lat="-24.158637" lon="-49.281201"><ele>876.609</ele><time>2022-07-31T22:10:59Z</time></trkpt><trkpt lat="-24.158678" lon="-49.281117"><ele>876.266</ele><time>2022-07-31T22:11:00Z</time></trkpt><trkpt lat="-24.158722" lon="-49.281045"><ele>876.065</ele><time>2022-07-31T22:11:01Z</time></trkpt><trkpt lat="-24.158760" lon="-49.280975"><ele>876.324</ele><time>2022-07-31T22:11:02Z</time></trkpt><trkpt lat="-24.158800" lon="-49.280896"><ele>879.168</ele><time>2022-07-31T22:11:03Z</time></trkpt><trkpt lat="-24.158845" lon="-49.280825"><ele>879.891</ele><time>2022-07-31T22:11:04Z</time></trkpt><trkpt lat="-24.158887" lon="-49.280750"><ele>880.420</ele><time>2022-07-31T22:11:05Z</time></trkpt><trkpt lat="-24.158930" lon="-49.280674"><ele>881.471</ele><time>2022-07-31T22:11:06Z</time></trkpt><trkpt lat="-24.158968" lon="-49.280628"><ele>876.238</ele><time>2022-07-31T22:11:07Z</time></trkpt><trkpt lat="-24.159020" lon="-49.280549"><ele>876.815</ele><time>2022-07-31T22:11:08Z</time></trkpt><trkpt lat="-24.159069" lon="-49.280469"><ele>876.962</ele><time>2022-07-31T22:11:09Z</time></trkpt><trkpt lat="-24.159103" lon="-49.280403"><ele>876.883</ele><time>2022-07-31T22:11:10Z</time></trkpt><trkpt lat="-24.159151" lon="-49.280321"><ele>876.811</ele><time>2022-07-31T22:11:11Z</time></trkpt><trkpt lat="-24.159192" lon="-49.280237"><ele>876.809</ele><time>2022-07-31T22:11:12Z</time></trkpt><trkpt lat="-24.159241" lon="-49.280156"><ele>877.167</ele><time>2022-07-31T22:11:13Z</time></trkpt><trkpt lat="-24.159283" lon="-49.280106"><ele>877.986</ele><time>2022-07-31T22:11:14Z</time></trkpt><trkpt lat="-24.159336" lon="-49.280022"><ele>877.275</ele><time>2022-07-31T22:11:15Z</time></trkpt><trkpt lat="-24.159392" lon="-49.279938"><ele>876.899</ele><time>2022-07-31T22:11:16Z</time></trkpt><trkpt lat="-24.159443" lon="-49.279855"><ele>876.712</ele><time>2022-07-31T22:11:17Z</time></trkpt><trkpt lat="-24.159491" lon="-49.279767"><ele>877.031</ele><time>2022-07-31T22:11:18Z</time></trkpt><trkpt lat="-24.159542" lon="-49.279680"><ele>877.422</ele><time>2022-07-31T22:11:19Z</time></trkpt><trkpt lat="-24.159603" lon="-49.279599"><ele>877.289</ele><time>2022-07-31T22:11:20Z</time></trkpt><trkpt lat="-24.159638" lon="-49.279511"><ele>877.536</ele><time>2022-07-31T22:11:21Z</time></trkpt><trkpt lat="-24.159694" lon="-49.279426"><ele>880.522</ele><time>2022-07-31T22:11:22Z</time></trkpt><trkpt lat="-24.159754" lon="-49.279374"><ele>877.762</ele><time>2022-07-31T22:11:23Z</time></trkpt><trkpt lat="-24.159796" lon="-49.279292"><ele>876.608</ele><time>2022-07-31T22:11:24Z</time></trkpt><trkpt lat="-24.159840" lon="-49.279206"><ele>876.109</ele><time>2022-07-31T22:11:25Z</time></trkpt><trkpt lat="-24.159883" lon="-49.279122"><ele>875.863</ele><time>2022-07-31T22:11:26Z</time></trkpt><trkpt lat="-24.159928" lon="-49.279038"><ele>876.272</ele><time>2022-07-31T22:11:27Z</time></trkpt><trkpt lat="-24.159975" lon="-49.278955"><ele>876.181</ele><time>2022-07-31T22:11:28Z</time></trkpt><trkpt lat="-24.160018" lon="-49.278873"><ele>875.915</ele><time>2022-07-31T22:11:29Z</time></trkpt><trkpt lat="-24.160064" lon="-49.278781"><ele>875.858</ele><time>2022-07-31T22:11:30Z</time></trkpt><trkpt lat="-24.160113" lon="-49.278711"><ele>878.857</ele><time>2022-07-31T22:11:31Z</time></trkpt><trkpt lat="-24.160159" lon="-49.278629"><ele>878.848</ele><time>2022-07-31T22:11:32Z</time></trkpt><trkpt lat="-24.160209" lon="-49.278540"><ele>882.375</ele><time>2022-07-31T22:11:33Z</time></trkpt><trkpt lat="-24.160262" lon="-49.278451"><ele>883.782</ele><time>2022-07-31T22:11:34Z</time></trkpt><trkpt lat="-24.160314" lon="-49.278375"><ele>885.362</ele><time>2022-07-31T22:11:35Z</time></trkpt><trkpt lat="-24.160356" lon="-49.278304"><ele>886.183</ele><time>2022-07-31T22:11:36Z</time></trkpt><trkpt lat="-24.160399" lon="-49.278243"><ele>886.211</ele><time>2022-07-31T22:11:37Z</time></trkpt><trkpt lat="-24.160435" lon="-49.278182"><ele>886.209</ele><time>2022-07-31T22:11:38Z</time></trkpt><trkpt lat="-24.160470" lon="-49.278126"><ele>885.917</ele><time>2022-07-31T22:11:39Z</time></trkpt><trkpt lat="-24.160501" lon="-49.278071"><ele>885.896</ele><time>2022-07-31T22:11:40Z</time></trkpt><trkpt lat="-24.160527" lon="-49.278016"><ele>886.035</ele><time>2022-07-31T22:11:41Z</time></trkpt><trkpt lat="-24.160557" lon="-49.277942"><ele>886.279</ele><time>2022-07-31T22:11:43Z</time></trkpt><trkpt lat="-24.160581" lon="-49.277888"><ele>885.922</ele><time>2022-07-31T22:11:45Z</time></trkpt><trkpt lat="-24.160583" lon="-49.277836"><ele>885.871</ele><time>2022-07-31T22:12:01Z</time></trkpt><trkpt lat="-24.160594" lon="-49.277788"><ele>886.062</ele><time>2022-07-31T22:12:02Z</time></trkpt><trkpt lat="-24.160603" lon="-49.277738"><ele>885.929</ele><time>2022-07-31T22:12:03Z</time></trkpt><trkpt lat="-24.160610" lon="-49.277681"><ele>885.726</ele><time>2022-07-31T22:12:04Z</time></trkpt><trkpt lat="-24.160621" lon="-49.277625"><ele>885.952</ele><time>2022-07-31T22:12:05Z</time></trkpt><trkpt lat="-24.160624" lon="-49.277563"><ele>885.753</ele><time>2022-07-31T22:12:06Z</time></trkpt><trkpt lat="-24.160629" lon="-49.277504"><ele>885.608</ele><time>2022-07-31T22:12:07Z</time></trkpt><trkpt lat="-24.160643" lon="-49.277456"><ele>888.309</ele><time>2022-07-31T22:12:08Z</time></trkpt><trkpt lat="-24.160646" lon="-49.277400"><ele>890.116</ele><time>2022-07-31T22:12:09Z</time></trkpt><trkpt lat="-24.160646" lon="-49.277351"><ele>891.575</ele><time>2022-07-31T22:12:10Z</time></trkpt><trkpt lat="-24.160641" lon="-49.277294"><ele>892.844</ele><time>2022-07-31T22:12:11Z</time></trkpt><trkpt lat="-24.160640" lon="-49.277223"><ele>892.728</ele><time>2022-07-31T22:12:12Z</time></trkpt><trkpt lat="-24.160642" lon="-49.277151"><ele>892.621</ele><time>2022-07-31T22:12:13Z</time></trkpt><trkpt lat="-24.160640" lon="-49.277088"><ele>891.260</ele><time>2022-07-31T22:12:14Z</time></trkpt><trkpt lat="-24.160632" lon="-49.277008"><ele>890.671</ele><time>2022-07-31T22:12:15Z</time></trkpt><trkpt lat="-24.160629" lon="-49.276944"><ele>890.868</ele><time>2022-07-31T22:12:16Z</time></trkpt><trkpt lat="-24.160610" lon="-49.276866"><ele>888.725</ele><time>2022-07-31T22:12:17Z</time></trkpt><trkpt lat="-24.160621" lon="-49.276791"><ele>889.278</ele><time>2022-07-31T22:12:18Z</time></trkpt><trkpt lat="-24.160620" lon="-49.276721"><ele>889.733</ele><time>2022-07-31T22:12:19Z</time></trkpt><trkpt lat="-24.160616" lon="-49.276637"><ele>889.326</ele><time>2022-07-31T22:12:20Z</time></trkpt><trkpt lat="-24.160608" lon="-49.276558"><ele>891.409</ele><time>2022-07-31T22:12:21Z</time></trkpt><trkpt lat="-24.160609" lon="-49.276482"><ele>891.418</ele><time>2022-07-31T22:12:22Z</time></trkpt><trkpt lat="-24.160608" lon="-49.276409"><ele>892.457</ele><time>2022-07-31T22:12:23Z</time></trkpt><trkpt lat="-24.160603" lon="-49.276330"><ele>892.326</ele><time>2022-07-31T22:12:24Z</time></trkpt><trkpt lat="-24.160601" lon="-49.276248"><ele>892.330</ele><time>2022-07-31T22:12:25Z</time></trkpt><trkpt lat="-24.160594" lon="-49.276169"><ele>891.413</ele><time>2022-07-31T22:12:26Z</time></trkpt><trkpt lat="-24.160597" lon="-49.276097"><ele>892.742</ele><time>2022-07-31T22:12:27Z</time></trkpt><trkpt lat="-24.160626" lon="-49.276026"><ele>890.353</ele><time>2022-07-31T22:12:28Z</time></trkpt><trkpt lat="-24.160614" lon="-49.275948"><ele>889.550</ele><time>2022-07-31T22:12:29Z</time></trkpt><trkpt lat="-24.160610" lon="-49.275866"><ele>890.527</ele><time>2022-07-31T22:12:30Z</time></trkpt><trkpt lat="-24.160617" lon="-49.275796"><ele>890.969</ele><time>2022-07-31T22:12:31Z</time></trkpt><trkpt lat="-24.160619" lon="-49.275711"><ele>891.104</ele><time>2022-07-31T22:12:32Z</time></trkpt><trkpt lat="-24.160630" lon="-49.275626"><ele>892.424</ele><time>2022-07-31T22:12:33Z</time></trkpt><trkpt lat="-24.160624" lon="-49.275540"><ele>891.809</ele><time>2022-07-31T22:12:34Z</time></trkpt><trkpt lat="-24.160620" lon="-49.275450"><ele>892.617</ele><time>2022-07-31T22:12:35Z</time></trkpt><trkpt lat="-24.160629" lon="-49.275379"><ele>893.246</ele><time>2022-07-31T22:12:36Z</time></trkpt><trkpt lat="-24.160616" lon="-49.275297"><ele>890.985</ele><time>2022-07-31T22:12:37Z</time></trkpt><trkpt lat="-24.160626" lon="-49.275213"><ele>892.319</ele><time>2022-07-31T22:12:38Z</time></trkpt><trkpt lat="-24.160637" lon="-49.275129"><ele>891.652</ele><time>2022-07-31T22:12:39Z</time></trkpt><trkpt lat="-24.160646" lon="-49.275054"><ele>891.661</ele><time>2022-07-31T22:12:40Z</time></trkpt><trkpt lat="-24.160662" lon="-49.274983"><ele>892.492</ele><time>2022-07-31T22:12:41Z</time></trkpt><trkpt lat="-24.160663" lon="-49.274903"><ele>892.169</ele><time>2022-07-31T22:12:42Z</time></trkpt><trkpt lat="-24.160656" lon="-49.274801"><ele>892.186</ele><time>2022-07-31T22:12:43Z</time></trkpt><trkpt lat="-24.160662" lon="-49.274718"><ele>892.059</ele><time>2022-07-31T22:12:44Z</time></trkpt><trkpt lat="-24.160665" lon="-49.274634"><ele>892.303</ele><time>2022-07-31T22:12:45Z</time></trkpt><trkpt lat="-24.160661" lon="-49.274545"><ele>892.923</ele><time>2022-07-31T22:12:46Z</time></trkpt><trkpt lat="-24.160654" lon="-49.274454"><ele>892.009</ele><time>2022-07-31T22:12:47Z</time></trkpt><trkpt lat="-24.160657" lon="-49.274362"><ele>892.346</ele><time>2022-07-31T22:12:48Z</time></trkpt><trkpt lat="-24.160656" lon="-49.274272"><ele>891.675</ele><time>2022-07-31T22:12:49Z</time></trkpt><trkpt lat="-24.160661" lon="-49.274181"><ele>891.284</ele><time>2022-07-31T22:12:50Z</time></trkpt><trkpt lat="-24.160675" lon="-49.274106"><ele>891.948</ele><time>2022-07-31T22:12:51Z</time></trkpt><trkpt lat="-24.160674" lon="-49.274018"><ele>892.841</ele><time>2022-07-31T22:12:52Z</time></trkpt><trkpt lat="-24.160654" lon="-49.273938"><ele>891.660</ele><time>2022-07-31T22:12:53Z</time></trkpt><trkpt lat="-24.160653" lon="-49.273861"><ele>892.661</ele><time>2022-07-31T22:12:54Z</time></trkpt><trkpt lat="-24.160652" lon="-49.273785"><ele>892.348</ele><time>2022-07-31T22:12:55Z</time></trkpt><trkpt lat="-24.160654" lon="-49.273721"><ele>892.855</ele><time>2022-07-31T22:12:56Z</time></trkpt><trkpt lat="-24.160646" lon="-49.273670"><ele>893.066</ele><time>2022-07-31T22:12:57Z</time></trkpt><trkpt lat="-24.160650" lon="-49.273613"><ele>894.729</ele><time>2022-07-31T22:12:59Z</time></trkpt><trkpt lat="-24.160597" lon="-49.273575"><ele>896.721</ele><time>2022-07-31T22:13:11Z</time></trkpt><trkpt lat="-24.160542" lon="-49.273582"><ele>898.309</ele><time>2022-07-31T22:13:14Z</time></trkpt><trkpt lat="-24.160495" lon="-49.273600"><ele>898.337</ele><time>2022-07-31T22:13:19Z</time></trkpt><trkpt lat="-24.160495" lon="-49.273543"><ele>888.826</ele><time>2022-07-31T22:13:30Z</time></trkpt><trkpt lat="-24.160560" lon="-49.273515"><ele>890.355</ele><time>2022-07-31T22:13:33Z</time></trkpt><trkpt lat="-24.160601" lon="-49.273474"><ele>890.049</ele><time>2022-07-31T22:13:35Z</time></trkpt><trkpt lat="-24.160590" lon="-49.273395"><ele>890.982</ele><time>2022-07-31T22:13:36Z</time></trkpt><trkpt lat="-24.160607" lon="-49.273332"><ele>890.121</ele><time>2022-07-31T22:13:37Z</time></trkpt><trkpt lat="-24.160610" lon="-49.273275"><ele>890.422</ele><time>2022-07-31T22:13:38Z</time></trkpt><trkpt lat="-24.160644" lon="-49.273186"><ele>888.599</ele><time>2022-07-31T22:13:40Z</time></trkpt><trkpt lat="-24.160641" lon="-49.273107"><ele>888.736</ele><time>2022-07-31T22:13:42Z</time></trkpt><trkpt lat="-24.160616" lon="-49.273033"><ele>891.432</ele><time>2022-07-31T22:13:44Z</time></trkpt><trkpt lat="-24.160532" lon="-49.273003"><ele>893.892</ele><time>2022-07-31T22:13:46Z</time></trkpt><trkpt lat="-24.160480" lon="-49.272990"><ele>894.411</ele><time>2022-07-31T22:13:47Z</time></trkpt><trkpt lat="-24.160417" lon="-49.272994"><ele>894.509</ele><time>2022-07-31T22:13:48Z</time></trkpt><trkpt lat="-24.160348" lon="-49.273001"><ele>895.484</ele><time>2022-07-31T22:13:49Z</time></trkpt><trkpt lat="-24.160267" lon="-49.273004"><ele>895.133</ele><time>2022-07-31T22:13:50Z</time></trkpt><trkpt lat="-24.160189" lon="-49.272988"><ele>896.172</ele><time>2022-07-31T22:13:51Z</time></trkpt><trkpt lat="-24.160111" lon="-49.273002"><ele>894.446</ele><time>2022-07-31T22:13:52Z</time></trkpt><trkpt lat="-24.160016" lon="-49.273011"><ele>894.869</ele><time>2022-07-31T22:13:53Z</time></trkpt><trkpt lat="-24.159921" lon="-49.273012"><ele>894.588</ele><time>2022-07-31T22:13:54Z</time></trkpt><trkpt lat="-24.159823" lon="-49.273011"><ele>894.469</ele><time>2022-07-31T22:13:55Z</time></trkpt><trkpt lat="-24.159732" lon="-49.273011"><ele>893.496</ele><time>2022-07-31T22:13:56Z</time></trkpt><trkpt lat="-24.159633" lon="-49.273003"><ele>891.933</ele><time>2022-07-31T22:13:57Z</time></trkpt><trkpt lat="-24.159525" lon="-49.273005"><ele>891.367</ele><time>2022-07-31T22:13:58Z</time></trkpt><trkpt lat="-24.159417" lon="-49.273003"><ele>891.081</ele><time>2022-07-31T22:13:59Z</time></trkpt><trkpt lat="-24.159323" lon="-49.273008"><ele>891.719</ele><time>2022-07-31T22:14:00Z</time></trkpt><trkpt lat="-24.159204" lon="-49.273013"><ele>891.709</ele><time>2022-07-31T22:14:01Z</time></trkpt><trkpt lat="-24.159088" lon="-49.273006"><ele>891.727</ele><time>2022-07-31T22:14:02Z</time></trkpt><trkpt lat="-24.158979" lon="-49.273008"><ele>890.716</ele><time>2022-07-31T22:14:03Z</time></trkpt><trkpt lat="-24.158864" lon="-49.273000"><ele>890.945</ele><time>2022-07-31T22:14:04Z</time></trkpt><trkpt lat="-24.158746" lon="-49.272995"><ele>890.379</ele><time>2022-07-31T22:14:05Z</time></trkpt><trkpt lat="-24.158626" lon="-49.272997"><ele>890.392</ele><time>2022-07-31T22:14:06Z</time></trkpt><trkpt lat="-24.158507" lon="-49.273016"><ele>890.851</ele><time>2022-07-31T22:14:07Z</time></trkpt><trkpt lat="-24.158385" lon="-49.273015"><ele>890.482</ele><time>2022-07-31T22:14:08Z</time></trkpt><trkpt lat="-24.158261" lon="-49.273013"><ele>890.179</ele><time>2022-07-31T22:14:09Z</time></trkpt><trkpt lat="-24.158142" lon="-49.273012"><ele>890.136</ele><time>2022-07-31T22:14:10Z</time></trkpt><trkpt lat="-24.158021" lon="-49.273011"><ele>890.487</ele><time>2022-07-31T22:14:11Z</time></trkpt><trkpt lat="-24.157908" lon="-49.273006"><ele>890.942</ele><time>2022-07-31T22:14:12Z</time></trkpt><trkpt lat="-24.157781" lon="-49.273003"><ele>891.326</ele><time>2022-07-31T22:14:13Z</time></trkpt><trkpt lat="-24.157657" lon="-49.273000"><ele>891.109</ele><time>2022-07-31T22:14:14Z</time></trkpt><trkpt lat="-24.157528" lon="-49.272999"><ele>890.419</ele><time>2022-07-31T22:14:15Z</time></trkpt><trkpt lat="-24.157407" lon="-49.272998"><ele>890.428</ele><time>2022-07-31T22:14:16Z</time></trkpt><trkpt lat="-24.157279" lon="-49.273002"><ele>889.647</ele><time>2022-07-31T22:14:17Z</time></trkpt><trkpt lat="-24.157148" lon="-49.273002"><ele>889.571</ele><time>2022-07-31T22:14:18Z</time></trkpt><trkpt lat="-24.157014" lon="-49.272994"><ele>889.954</ele><time>2022-07-31T22:14:19Z</time></trkpt><trkpt lat="-24.156883" lon="-49.272994"><ele>889.863</ele><time>2022-07-31T22:14:20Z</time></trkpt><trkpt lat="-24.156752" lon="-49.272997"><ele>890.114</ele><time>2022-07-31T22:14:21Z</time></trkpt><trkpt lat="-24.156623" lon="-49.272991"><ele>889.791</ele><time>2022-07-31T22:14:22Z</time></trkpt><trkpt lat="-24.156502" lon="-49.273009"><ele>887.478</ele><time>2022-07-31T22:14:23Z</time></trkpt><trkpt lat="-24.156371" lon="-49.273011"><ele>887.959</ele><time>2022-07-31T22:14:24Z</time></trkpt><trkpt lat="-24.156239" lon="-49.273010"><ele>887.003</ele><time>2022-07-31T22:14:25Z</time></trkpt><trkpt lat="-24.156110" lon="-49.273007"><ele>886.423</ele><time>2022-07-31T22:14:26Z</time></trkpt><trkpt lat="-24.155987" lon="-49.273006"><ele>886.709</ele><time>2022-07-31T22:14:27Z</time></trkpt><trkpt lat="-24.155864" lon="-49.273009"><ele>886.526</ele><time>2022-07-31T22:14:28Z</time></trkpt><trkpt lat="-24.155744" lon="-49.273004"><ele>886.595</ele><time>2022-07-31T22:14:29Z</time></trkpt><trkpt lat="-24.155625" lon="-49.273012"><ele>885.784</ele><time>2022-07-31T22:14:30Z</time></trkpt><trkpt lat="-24.155498" lon="-49.272996"><ele>885.788</ele><time>2022-07-31T22:14:31Z</time></trkpt><trkpt lat="-24.155358" lon="-49.272995"><ele>884.481</ele><time>2022-07-31T22:14:32Z</time></trkpt><trkpt lat="-24.155224" lon="-49.272991"><ele>883.380</ele><time>2022-07-31T22:14:33Z</time></trkpt><trkpt lat="-24.155113" lon="-49.272990"><ele>883.791</ele><time>2022-07-31T22:14:34Z</time></trkpt><trkpt lat="-24.154982" lon="-49.273000"><ele>885.068</ele><time>2022-07-31T22:14:35Z</time></trkpt><trkpt lat="-24.154860" lon="-49.273012"><ele>882.745</ele><time>2022-07-31T22:14:36Z</time></trkpt><trkpt lat="-24.154728" lon="-49.273019"><ele>882.266</ele><time>2022-07-31T22:14:37Z</time></trkpt><trkpt lat="-24.154616" lon="-49.273007"><ele>879.929</ele><time>2022-07-31T22:14:38Z</time></trkpt><trkpt lat="-24.154493" lon="-49.273013"><ele>878.121</ele><time>2022-07-31T22:14:39Z</time></trkpt><trkpt lat="-24.154360" lon="-49.273009"><ele>877.909</ele><time>2022-07-31T22:14:40Z</time></trkpt><trkpt lat="-24.154238" lon="-49.273015"><ele>877.787</ele><time>2022-07-31T22:14:41Z</time></trkpt><trkpt lat="-24.154101" lon="-49.273012"><ele>875.876</ele><time>2022-07-31T22:14:42Z</time></trkpt><trkpt lat="-24.153975" lon="-49.273014"><ele>877.155</ele><time>2022-07-31T22:14:43Z</time></trkpt><trkpt lat="-24.153852" lon="-49.273011"><ele>876.879</ele><time>2022-07-31T22:14:44Z</time></trkpt><trkpt lat="-24.153730" lon="-49.273012"><ele>877.032</ele><time>2022-07-31T22:14:45Z</time></trkpt><trkpt lat="-24.153604" lon="-49.273026"><ele>878.091</ele><time>2022-07-31T22:14:46Z</time></trkpt><trkpt lat="-24.153476" lon="-49.273028"><ele>877.322</ele><time>2022-07-31T22:14:47Z</time></trkpt><trkpt lat="-24.153347" lon="-49.273026"><ele>877.499</ele><time>2022-07-31T22:14:48Z</time></trkpt><trkpt lat="-24.153220" lon="-49.273028"><ele>876.516</ele><time>2022-07-31T22:14:49Z</time></trkpt><trkpt lat="-24.153089" lon="-49.273030"><ele>876.213</ele><time>2022-07-31T22:14:50Z</time></trkpt><trkpt lat="-24.152956" lon="-49.273029"><ele>874.443</ele><time>2022-07-31T22:14:51Z</time></trkpt><trkpt lat="-24.152827" lon="-49.273030"><ele>873.907</ele><time>2022-07-31T22:14:52Z</time></trkpt><trkpt lat="-24.152697" lon="-49.273029"><ele>874.109</ele><time>2022-07-31T22:14:53Z</time></trkpt><trkpt lat="-24.152559" lon="-49.273029"><ele>873.092</ele><time>2022-07-31T22:14:54Z</time></trkpt><trkpt lat="-24.152426" lon="-49.273032"><ele>873.281</ele><time>2022-07-31T22:14:55Z</time></trkpt><trkpt lat="-24.152293" lon="-49.273032"><ele>872.780</ele><time>2022-07-31T22:14:56Z</time></trkpt><trkpt lat="-24.152151" lon="-49.273039"><ele>873.124</ele><time>2022-07-31T22:14:57Z</time></trkpt><trkpt lat="-24.152018" lon="-49.273048"><ele>873.557</ele><time>2022-07-31T22:14:58Z</time></trkpt><trkpt lat="-24.151883" lon="-49.273044"><ele>872.546</ele><time>2022-07-31T22:14:59Z</time></trkpt><trkpt lat="-24.151760" lon="-49.273051"><ele>874.057</ele><time>2022-07-31T22:15:00Z</time></trkpt><trkpt lat="-24.151630" lon="-49.273051"><ele>875.184</ele><time>2022-07-31T22:15:01Z</time></trkpt><trkpt lat="-24.151504" lon="-49.273052"><ele>874.751</ele><time>2022-07-31T22:15:02Z</time></trkpt><trkpt lat="-24.151370" lon="-49.273044"><ele>875.216</ele><time>2022-07-31T22:15:03Z</time></trkpt><trkpt lat="-24.151235" lon="-49.273050"><ele>873.976</ele><time>2022-07-31T22:15:04Z</time></trkpt><trkpt lat="-24.151105" lon="-49.273052"><ele>874.013</ele><time>2022-07-31T22:15:05Z</time></trkpt><trkpt lat="-24.150973" lon="-49.273053"><ele>874.009</ele><time>2022-07-31T22:15:06Z</time></trkpt><trkpt lat="-24.150833" lon="-49.273053"><ele>873.122</ele><time>2022-07-31T22:15:07Z</time></trkpt><trkpt lat="-24.150715" lon="-49.273064"><ele>870.931</ele><time>2022-07-31T22:15:08Z</time></trkpt><trkpt lat="-24.150589" lon="-49.273067"><ele>864.320</ele><time>2022-07-31T22:15:09Z</time></trkpt><trkpt lat="-24.150458" lon="-49.273070"><ele>865.174</ele><time>2022-07-31T22:15:10Z</time></trkpt><trkpt lat="-24.150322" lon="-49.273069"><ele>865.447</ele><time>2022-07-31T22:15:11Z</time></trkpt><trkpt lat="-24.150187" lon="-49.273066"><ele>865.326</ele><time>2022-07-31T22:15:12Z</time></trkpt><trkpt lat="-24.150043" lon="-49.273065"><ele>864.397</ele><time>2022-07-31T22:15:13Z</time></trkpt><trkpt lat="-24.149898" lon="-49.273065"><ele>864.254</ele><time>2022-07-31T22:15:14Z</time></trkpt><trkpt lat="-24.149759" lon="-49.273059"><ele>863.931</ele><time>2022-07-31T22:15:15Z</time></trkpt><trkpt lat="-24.149618" lon="-49.273062"><ele>864.024</ele><time>2022-07-31T22:15:16Z</time></trkpt><trkpt lat="-24.149476" lon="-49.273062"><ele>864.004</ele><time>2022-07-31T22:15:17Z</time></trkpt><trkpt lat="-24.149348" lon="-49.273061"><ele>864.214</ele><time>2022-07-31T22:15:18Z</time></trkpt><trkpt lat="-24.149209" lon="-49.273055"><ele>864.209</ele><time>2022-07-31T22:15:19Z</time></trkpt><trkpt lat="-24.149069" lon="-49.273063"><ele>865.563</ele><time>2022-07-31T22:15:20Z</time></trkpt><trkpt lat="-24.148931" lon="-49.273061"><ele>866.362</ele><time>2022-07-31T22:15:21Z</time></trkpt><trkpt lat="-24.148798" lon="-49.273065"><ele>864.871</ele><time>2022-07-31T22:15:22Z</time></trkpt><trkpt lat="-24.148658" lon="-49.273063"><ele>863.435</ele><time>2022-07-31T22:15:23Z</time></trkpt><trkpt lat="-24.148539" lon="-49.273073"><ele>865.038</ele><time>2022-07-31T22:15:24Z</time></trkpt><trkpt lat="-24.148396" lon="-49.273073"><ele>865.367</ele><time>2022-07-31T22:15:25Z</time></trkpt><trkpt lat="-24.148258" lon="-49.273079"><ele>863.858</ele><time>2022-07-31T22:15:26Z</time></trkpt><trkpt lat="-24.148121" lon="-49.273088"><ele>861.995</ele><time>2022-07-31T22:15:27Z</time></trkpt><trkpt lat="-24.147975" lon="-49.273097"><ele>862.062</ele><time>2022-07-31T22:15:28Z</time></trkpt><trkpt lat="-24.147829" lon="-49.273097"><ele>861.757</ele><time>2022-07-31T22:15:29Z</time></trkpt><trkpt lat="-24.147695" lon="-49.273099"><ele>861.600</ele><time>2022-07-31T22:15:30Z</time></trkpt><trkpt lat="-24.147558" lon="-49.273101"><ele>861.820</ele><time>2022-07-31T22:15:31Z</time></trkpt><trkpt lat="-24.147428" lon="-49.273108"><ele>861.809</ele><time>2022-07-31T22:15:32Z</time></trkpt><trkpt lat="-24.147294" lon="-49.273108"><ele>859.166</ele><time>2022-07-31T22:15:33Z</time></trkpt><trkpt lat="-24.147166" lon="-49.273106"><ele>859.695</ele><time>2022-07-31T22:15:34Z</time></trkpt><trkpt lat="-24.147058" lon="-49.273101"><ele>860.924</ele><time>2022-07-31T22:15:35Z</time></trkpt><trkpt lat="-24.146928" lon="-49.273106"><ele>862.238</ele><time>2022-07-31T22:15:36Z</time></trkpt><trkpt lat="-24.146795" lon="-49.273104"><ele>861.941</ele><time>2022-07-31T22:15:37Z</time></trkpt><trkpt lat="-24.146660" lon="-49.273099"><ele>862.180</ele><time>2022-07-31T22:15:38Z</time></trkpt><trkpt lat="-24.146526" lon="-49.273096"><ele>861.691</ele><time>2022-07-31T22:15:39Z</time></trkpt><trkpt lat="-24.146392" lon="-49.273101"><ele>861.688</ele><time>2022-07-31T22:15:40Z</time></trkpt><trkpt lat="-24.146257" lon="-49.273098"><ele>861.495</ele><time>2022-07-31T22:15:41Z</time></trkpt><trkpt lat="-24.146126" lon="-49.273102"><ele>860.682</ele><time>2022-07-31T22:15:42Z</time></trkpt><trkpt lat="-24.145980" lon="-49.273101"><ele>859.243</ele><time>2022-07-31T22:15:43Z</time></trkpt><trkpt lat="-24.145836" lon="-49.273097"><ele>858.517</ele><time>2022-07-31T22:15:44Z</time></trkpt><trkpt lat="-24.145678" lon="-49.273104"><ele>857.809</ele><time>2022-07-31T22:15:45Z</time></trkpt><trkpt lat="-24.145540" lon="-49.273108"><ele>854.829</ele><time>2022-07-31T22:15:46Z</time></trkpt><trkpt lat="-24.145377" lon="-49.273117"><ele>854.788</ele><time>2022-07-31T22:15:47Z</time></trkpt><trkpt lat="-24.145212" lon="-49.273111"><ele>853.017</ele><time>2022-07-31T22:15:48Z</time></trkpt><trkpt lat="-24.145057" lon="-49.273114"><ele>848.891</ele><time>2022-07-31T22:15:49Z</time></trkpt><trkpt lat="-24.144886" lon="-49.273124"><ele>849.484</ele><time>2022-07-31T22:15:50Z</time></trkpt><trkpt lat="-24.144714" lon="-49.273125"><ele>848.153</ele><time>2022-07-31T22:15:51Z</time></trkpt><trkpt lat="-24.144561" lon="-49.273118"><ele>844.514</ele><time>2022-07-31T22:15:52Z</time></trkpt><trkpt lat="-24.144401" lon="-49.273113"><ele>843.851</ele><time>2022-07-31T22:15:53Z</time></trkpt><trkpt lat="-24.144248" lon="-49.273110"><ele>843.628</ele><time>2022-07-31T22:15:54Z</time></trkpt><trkpt lat="-24.144101" lon="-49.273102"><ele>844.189</ele><time>2022-07-31T22:15:55Z</time></trkpt><trkpt lat="-24.143951" lon="-49.273101"><ele>843.306</ele><time>2022-07-31T22:15:56Z</time></trkpt><trkpt lat="-24.143802" lon="-49.273103"><ele>842.526</ele><time>2022-07-31T22:15:57Z</time></trkpt><trkpt lat="-24.143660" lon="-49.273111"><ele>842.709</ele><time>2022-07-31T22:15:58Z</time></trkpt><trkpt lat="-24.143522" lon="-49.273129"><ele>841.959</ele><time>2022-07-31T22:15:59Z</time></trkpt><trkpt lat="-24.143380" lon="-49.273151"><ele>841.148</ele><time>2022-07-31T22:16:00Z</time></trkpt><trkpt lat="-24.143250" lon="-49.273159"><ele>843.187</ele><time>2022-07-31T22:16:01Z</time></trkpt><trkpt lat="-24.143113" lon="-49.273191"><ele>842.691</ele><time>2022-07-31T22:16:02Z</time></trkpt><trkpt lat="-24.142981" lon="-49.273223"><ele>843.514</ele><time>2022-07-31T22:16:03Z</time></trkpt><trkpt lat="-24.142849" lon="-49.273258"><ele>841.663</ele><time>2022-07-31T22:16:04Z</time></trkpt><trkpt lat="-24.142723" lon="-49.273289"><ele>839.474</ele><time>2022-07-31T22:16:05Z</time></trkpt><trkpt lat="-24.142594" lon="-49.273329"><ele>839.581</ele><time>2022-07-31T22:16:06Z</time></trkpt><trkpt lat="-24.142464" lon="-49.273377"><ele>841.098</ele><time>2022-07-31T22:16:07Z</time></trkpt><trkpt lat="-24.142329" lon="-49.273427"><ele>840.754</ele><time>2022-07-31T22:16:08Z</time></trkpt><trkpt lat="-24.142191" lon="-49.273483"><ele>839.356</ele><time>2022-07-31T22:16:09Z</time></trkpt><trkpt lat="-24.142059" lon="-49.273537"><ele>839.611</ele><time>2022-07-31T22:16:10Z</time></trkpt><trkpt lat="-24.141936" lon="-49.273622"><ele>838.009</ele><time>2022-07-31T22:16:11Z</time></trkpt><trkpt lat="-24.141784" lon="-49.273711"><ele>838.126</ele><time>2022-07-31T22:16:12Z</time></trkpt><trkpt lat="-24.141636" lon="-49.273795"><ele>838.615</ele><time>2022-07-31T22:16:13Z</time></trkpt><trkpt lat="-24.141476" lon="-49.273888"><ele>839.354</ele><time>2022-07-31T22:16:14Z</time></trkpt><trkpt lat="-24.141316" lon="-49.273976"><ele>839.338</ele><time>2022-07-31T22:16:15Z</time></trkpt><trkpt lat="-24.141146" lon="-49.274054"><ele>838.891</ele><time>2022-07-31T22:16:16Z</time></trkpt><trkpt lat="-24.140970" lon="-49.274136"><ele>837.650</ele><time>2022-07-31T22:16:17Z</time></trkpt><trkpt lat="-24.140807" lon="-49.274223"><ele>838.821</ele><time>2022-07-31T22:16:18Z</time></trkpt><trkpt lat="-24.140647" lon="-49.274310"><ele>838.038</ele><time>2022-07-31T22:16:19Z</time></trkpt><trkpt lat="-24.140493" lon="-49.274387"><ele>837.835</ele><time>2022-07-31T22:16:20Z</time></trkpt><trkpt lat="-24.140329" lon="-49.274482"><ele>837.649</ele><time>2022-07-31T22:16:21Z</time></trkpt><trkpt lat="-24.140151" lon="-49.274589"><ele>838.002</ele><time>2022-07-31T22:16:22Z</time></trkpt><trkpt lat="-24.140018" lon="-49.274686"><ele>836.122</ele><time>2022-07-31T22:16:23Z</time></trkpt><trkpt lat="-24.139870" lon="-49.274796"><ele>837.909</ele><time>2022-07-31T22:16:24Z</time></trkpt><trkpt lat="-24.139723" lon="-49.274910"><ele>836.935</ele><time>2022-07-31T22:16:25Z</time></trkpt><trkpt lat="-24.139575" lon="-49.275021"><ele>836.654</ele><time>2022-07-31T22:16:26Z</time></trkpt><trkpt lat="-24.139427" lon="-49.275125"><ele>837.333</ele><time>2022-07-31T22:16:27Z</time></trkpt><trkpt lat="-24.139291" lon="-49.275234"><ele>837.417</ele><time>2022-07-31T22:16:28Z</time></trkpt><trkpt lat="-24.139166" lon="-49.275335"><ele>837.780</ele><time>2022-07-31T22:16:29Z</time></trkpt><trkpt lat="-24.139042" lon="-49.275439"><ele>837.979</ele><time>2022-07-31T22:16:30Z</time></trkpt><trkpt lat="-24.138921" lon="-49.275526"><ele>838.320</ele><time>2022-07-31T22:16:31Z</time></trkpt><trkpt lat="-24.138808" lon="-49.275608"><ele>838.167</ele><time>2022-07-31T22:16:32Z</time></trkpt><trkpt lat="-24.138691" lon="-49.275697"><ele>838.224</ele><time>2022-07-31T22:16:33Z</time></trkpt><trkpt lat="-24.138571" lon="-49.275784"><ele>837.892</ele><time>2022-07-31T22:16:34Z</time></trkpt><trkpt lat="-24.138453" lon="-49.275866"><ele>837.073</ele><time>2022-07-31T22:16:35Z</time></trkpt><trkpt lat="-24.138326" lon="-49.275954"><ele>837.120</ele><time>2022-07-31T22:16:36Z</time></trkpt><trkpt lat="-24.138210" lon="-49.276047"><ele>838.509</ele><time>2022-07-31T22:16:37Z</time></trkpt><trkpt lat="-24.138074" lon="-49.276134"><ele>839.490</ele><time>2022-07-31T22:16:38Z</time></trkpt><trkpt lat="-24.137948" lon="-49.276220"><ele>838.319</ele><time>2022-07-31T22:16:39Z</time></trkpt><trkpt lat="-24.137817" lon="-49.276293"><ele>839.358</ele><time>2022-07-31T22:16:40Z</time></trkpt><trkpt lat="-24.137678" lon="-49.276379"><ele>838.412</ele><time>2022-07-31T22:16:41Z</time></trkpt><trkpt lat="-24.137529" lon="-49.276467"><ele>838.865</ele><time>2022-07-31T22:16:42Z</time></trkpt><trkpt lat="-24.137399" lon="-49.276558"><ele>835.614</ele><time>2022-07-31T22:16:43Z</time></trkpt><trkpt lat="-24.137255" lon="-49.276651"><ele>835.695</ele><time>2022-07-31T22:16:44Z</time></trkpt><trkpt lat="-24.137108" lon="-49.276736"><ele>834.662</ele><time>2022-07-31T22:16:45Z</time></trkpt><trkpt lat="-24.136951" lon="-49.276830"><ele>835.729</ele><time>2022-07-31T22:16:46Z</time></trkpt><trkpt lat="-24.136794" lon="-49.276924"><ele>835.456</ele><time>2022-07-31T22:16:47Z</time></trkpt><trkpt lat="-24.136640" lon="-49.277027"><ele>836.559</ele><time>2022-07-31T22:16:48Z</time></trkpt><trkpt lat="-24.136482" lon="-49.277137"><ele>837.814</ele><time>2022-07-31T22:16:49Z</time></trkpt><trkpt lat="-24.136319" lon="-49.277239"><ele>838.209</ele><time>2022-07-31T22:16:50Z</time></trkpt><trkpt lat="-24.136164" lon="-49.277333"><ele>838.076</ele><time>2022-07-31T22:16:51Z</time></trkpt><trkpt lat="-24.136011" lon="-49.277439"><ele>840.075</ele><time>2022-07-31T22:16:52Z</time></trkpt><trkpt lat="-24.135852" lon="-49.277533"><ele>839.424</ele><time>2022-07-31T22:16:53Z</time></trkpt><trkpt lat="-24.135701" lon="-49.277621"><ele>839.568</ele><time>2022-07-31T22:16:54Z</time></trkpt><trkpt lat="-24.135550" lon="-49.277719"><ele>839.631</ele><time>2022-07-31T22:16:55Z</time></trkpt><trkpt lat="-24.135411" lon="-49.277819"><ele>840.420</ele><time>2022-07-31T22:16:56Z</time></trkpt><trkpt lat="-24.135261" lon="-49.277917"><ele>841.271</ele><time>2022-07-31T22:16:57Z</time></trkpt><trkpt lat="-24.135109" lon="-49.278007"><ele>841.578</ele><time>2022-07-31T22:16:58Z</time></trkpt><trkpt lat="-24.134958" lon="-49.278098"><ele>841.975</ele><time>2022-07-31T22:16:59Z</time></trkpt><trkpt lat="-24.134811" lon="-49.278194"><ele>842.333</ele><time>2022-07-31T22:17:00Z</time></trkpt><trkpt lat="-24.134661" lon="-49.278281"><ele>842.523</ele><time>2022-07-31T22:17:01Z</time></trkpt><trkpt lat="-24.134505" lon="-49.278349"><ele>841.515</ele><time>2022-07-31T22:17:02Z</time></trkpt><trkpt lat="-24.134367" lon="-49.278418"><ele>840.809</ele><time>2022-07-31T22:17:03Z</time></trkpt><trkpt lat="-24.134221" lon="-49.278479"><ele>842.564</ele><time>2022-07-31T22:17:04Z</time></trkpt><trkpt lat="-24.134090" lon="-49.278551"><ele>842.683</ele><time>2022-07-31T22:17:05Z</time></trkpt><trkpt lat="-24.133927" lon="-49.278587"><ele>841.632</ele><time>2022-07-31T22:17:06Z</time></trkpt><trkpt lat="-24.133779" lon="-49.278637"><ele>841.166</ele><time>2022-07-31T22:17:07Z</time></trkpt><trkpt lat="-24.133625" lon="-49.278678"><ele>840.099</ele><time>2022-07-31T22:17:08Z</time></trkpt><trkpt lat="-24.133480" lon="-49.278718"><ele>840.768</ele><time>2022-07-31T22:17:09Z</time></trkpt><trkpt lat="-24.133326" lon="-49.278770"><ele>841.269</ele><time>2022-07-31T22:17:10Z</time></trkpt><trkpt lat="-24.133169" lon="-49.278823"><ele>841.826</ele><time>2022-07-31T22:17:11Z</time></trkpt><trkpt lat="-24.132999" lon="-49.278864"><ele>839.993</ele><time>2022-07-31T22:17:12Z</time></trkpt><trkpt lat="-24.132828" lon="-49.278899"><ele>839.899</ele><time>2022-07-31T22:17:13Z</time></trkpt><trkpt lat="-24.132650" lon="-49.278946"><ele>840.307</ele><time>2022-07-31T22:17:14Z</time></trkpt><trkpt lat="-24.132460" lon="-49.278982"><ele>838.827</ele><time>2022-07-31T22:17:15Z</time></trkpt><trkpt lat="-24.132274" lon="-49.279032"><ele>838.609</ele><time>2022-07-31T22:17:16Z</time></trkpt><trkpt lat="-24.132086" lon="-49.279065"><ele>838.930</ele><time>2022-07-31T22:17:17Z</time></trkpt><trkpt lat="-24.131910" lon="-49.279087"><ele>837.329</ele><time>2022-07-31T22:17:18Z</time></trkpt><trkpt lat="-24.131742" lon="-49.279127"><ele>837.198</ele><time>2022-07-31T22:17:19Z</time></trkpt><trkpt lat="-24.131581" lon="-49.279152"><ele>836.522</ele><time>2022-07-31T22:17:20Z</time></trkpt><trkpt lat="-24.131441" lon="-49.279187"><ele>833.275</ele><time>2022-07-31T22:17:21Z</time></trkpt><trkpt lat="-24.131293" lon="-49.279225"><ele>834.724</ele><time>2022-07-31T22:17:22Z</time></trkpt><trkpt lat="-24.131143" lon="-49.279244"><ele>833.125</ele><time>2022-07-31T22:17:23Z</time></trkpt><trkpt lat="-24.131000" lon="-49.279265"><ele>831.982</ele><time>2022-07-31T22:17:24Z</time></trkpt><trkpt lat="-24.130859" lon="-49.279290"><ele>833.329</ele><time>2022-07-31T22:17:25Z</time></trkpt><trkpt lat="-24.130707" lon="-49.279318"><ele>832.415</ele><time>2022-07-31T22:17:26Z</time></trkpt><trkpt lat="-24.130560" lon="-49.279344"><ele>831.165</ele><time>2022-07-31T22:17:27Z</time></trkpt><trkpt lat="-24.130417" lon="-49.279385"><ele>831.011</ele><time>2022-07-31T22:17:28Z</time></trkpt><trkpt lat="-24.130262" lon="-49.279427"><ele>830.609</ele><time>2022-07-31T22:17:29Z</time></trkpt><trkpt lat="-24.130114" lon="-49.279489"><ele>827.252</ele><time>2022-07-31T22:17:30Z</time></trkpt><trkpt lat="-24.129945" lon="-49.279548"><ele>825.871</ele><time>2022-07-31T22:17:31Z</time></trkpt><trkpt lat="-24.129792" lon="-49.279627"><ele>824.830</ele><time>2022-07-31T22:17:32Z</time></trkpt><trkpt lat="-24.129641" lon="-49.279710"><ele>827.214</ele><time>2022-07-31T22:17:33Z</time></trkpt><trkpt lat="-24.129497" lon="-49.279797"><ele>826.417</ele><time>2022-07-31T22:17:34Z</time></trkpt><trkpt lat="-24.129352" lon="-49.279872"><ele>825.936</ele><time>2022-07-31T22:17:35Z</time></trkpt><trkpt lat="-24.129217" lon="-49.279942"><ele>825.327</ele><time>2022-07-31T22:17:36Z</time></trkpt><trkpt lat="-24.129098" lon="-49.280002"><ele>825.284</ele><time>2022-07-31T22:17:37Z</time></trkpt><trkpt lat="-24.128978" lon="-49.280064"><ele>826.281</ele><time>2022-07-31T22:17:38Z</time></trkpt><trkpt lat="-24.128852" lon="-49.280130"><ele>826.024</ele><time>2022-07-31T22:17:39Z</time></trkpt><trkpt lat="-24.128734" lon="-49.280201"><ele>827.904</ele><time>2022-07-31T22:17:40Z</time></trkpt><trkpt lat="-24.128618" lon="-49.280273"><ele>829.214</ele><time>2022-07-31T22:17:41Z</time></trkpt><trkpt lat="-24.128498" lon="-49.280343"><ele>829.109</ele><time>2022-07-31T22:17:42Z</time></trkpt><trkpt lat="-24.128376" lon="-49.280412"><ele>828.593</ele><time>2022-07-31T22:17:43Z</time></trkpt><trkpt lat="-24.128258" lon="-49.280485"><ele>828.592</ele><time>2022-07-31T22:17:44Z</time></trkpt><trkpt lat="-24.128159" lon="-49.280572"><ele>829.251</ele><time>2022-07-31T22:17:45Z</time></trkpt><trkpt lat="-24.128048" lon="-49.280640"><ele>830.825</ele><time>2022-07-31T22:17:46Z</time></trkpt><trkpt lat="-24.127938" lon="-49.280701"><ele>831.328</ele><time>2022-07-31T22:17:47Z</time></trkpt><trkpt lat="-24.127822" lon="-49.280766"><ele>828.657</ele><time>2022-07-31T22:17:48Z</time></trkpt><trkpt lat="-24.127727" lon="-49.280846"><ele>833.188</ele><time>2022-07-31T22:17:49Z</time></trkpt><trkpt lat="-24.127616" lon="-49.280906"><ele>833.315</ele><time>2022-07-31T22:17:50Z</time></trkpt><trkpt lat="-24.127502" lon="-49.280965"><ele>833.312</ele><time>2022-07-31T22:17:51Z</time></trkpt><trkpt lat="-24.127382" lon="-49.281019"><ele>832.723</ele><time>2022-07-31T22:17:52Z</time></trkpt><trkpt lat="-24.127249" lon="-49.281060"><ele>831.383</ele><time>2022-07-31T22:17:53Z</time></trkpt><trkpt lat="-24.127139" lon="-49.281110"><ele>830.411</ele><time>2022-07-31T22:17:54Z</time></trkpt><trkpt lat="-24.127014" lon="-49.281151"><ele>828.109</ele><time>2022-07-31T22:17:55Z</time></trkpt><trkpt lat="-24.126899" lon="-49.281205"><ele>828.163</ele><time>2022-07-31T22:17:56Z</time></trkpt><trkpt lat="-24.126789" lon="-49.281263"><ele>832.082</ele><time>2022-07-31T22:17:57Z</time></trkpt><trkpt lat="-24.126694" lon="-49.281325"><ele>832.311</ele><time>2022-07-31T22:17:58Z</time></trkpt><trkpt lat="-24.126606" lon="-49.281398"><ele>831.315</ele><time>2022-07-31T22:17:59Z</time></trkpt><trkpt lat="-24.126509" lon="-49.281479"><ele>828.598</ele><time>2022-07-31T22:18:00Z</time></trkpt><trkpt lat="-24.126423" lon="-49.281574"><ele>826.677</ele><time>2022-07-31T22:18:01Z</time></trkpt><trkpt lat="-24.126346" lon="-49.281681"><ele>826.478</ele><time>2022-07-31T22:18:02Z</time></trkpt><trkpt lat="-24.126284" lon="-49.281800"><ele>825.765</ele><time>2022-07-31T22:18:03Z</time></trkpt><trkpt lat="-24.126218" lon="-49.281924"><ele>826.132</ele><time>2022-07-31T22:18:04Z</time></trkpt><trkpt lat="-24.126167" lon="-49.282035"><ele>825.567</ele><time>2022-07-31T22:18:05Z</time></trkpt><trkpt lat="-24.126114" lon="-49.282153"><ele>825.981</ele><time>2022-07-31T22:18:06Z</time></trkpt><trkpt lat="-24.126068" lon="-49.282260"><ele>824.719</ele><time>2022-07-31T22:18:07Z</time></trkpt><trkpt lat="-24.126020" lon="-49.282371"><ele>823.709</ele><time>2022-07-31T22:18:08Z</time></trkpt><trkpt lat="-24.125964" lon="-49.282463"><ele>821.137</ele><time>2022-07-31T22:18:09Z</time></trkpt><trkpt lat="-24.125919" lon="-49.282583"><ele>820.836</ele><time>2022-07-31T22:18:10Z</time></trkpt><trkpt lat="-24.125867" lon="-49.282723"><ele>819.495</ele><time>2022-07-31T22:18:11Z</time></trkpt><trkpt lat="-24.125811" lon="-49.282837"><ele>821.619</ele><time>2022-07-31T22:18:12Z</time></trkpt><trkpt lat="-24.125748" lon="-49.282949"><ele>822.532</ele><time>2022-07-31T22:18:13Z</time></trkpt><trkpt lat="-24.125683" lon="-49.283066"><ele>822.531</ele><time>2022-07-31T22:18:14Z</time></trkpt><trkpt lat="-24.125625" lon="-49.283187"><ele>821.812</ele><time>2022-07-31T22:18:15Z</time></trkpt><trkpt lat="-24.125567" lon="-49.283306"><ele>822.179</ele><time>2022-07-31T22:18:16Z</time></trkpt><trkpt lat="-24.125515" lon="-49.283428"><ele>822.656</ele><time>2022-07-31T22:18:17Z</time></trkpt><trkpt lat="-24.125459" lon="-49.283548"><ele>822.269</ele><time>2022-07-31T22:18:18Z</time></trkpt><trkpt lat="-24.125402" lon="-49.283668"><ele>822.404</ele><time>2022-07-31T22:18:19Z</time></trkpt><trkpt lat="-24.125352" lon="-49.283788"><ele>821.524</ele><time>2022-07-31T22:18:20Z</time></trkpt><trkpt lat="-24.125298" lon="-49.283906"><ele>821.709</ele><time>2022-07-31T22:18:21Z</time></trkpt><trkpt lat="-24.125242" lon="-49.284012"><ele>821.797</ele><time>2022-07-31T22:18:22Z</time></trkpt><trkpt lat="-24.125183" lon="-49.284124"><ele>821.786</ele><time>2022-07-31T22:18:23Z</time></trkpt><trkpt lat="-24.125127" lon="-49.284231"><ele>822.085</ele><time>2022-07-31T22:18:24Z</time></trkpt><trkpt lat="-24.125070" lon="-49.284346"><ele>822.389</ele><time>2022-07-31T22:18:25Z</time></trkpt><trkpt lat="-24.125015" lon="-49.284469"><ele>821.312</ele><time>2022-07-31T22:18:26Z</time></trkpt><trkpt lat="-24.124960" lon="-49.284594"><ele>822.061</ele><time>2022-07-31T22:18:27Z</time></trkpt><trkpt lat="-24.124907" lon="-49.284709"><ele>821.632</ele><time>2022-07-31T22:18:28Z</time></trkpt><trkpt lat="-24.124850" lon="-49.284768"><ele>822.799</ele><time>2022-07-31T22:18:29Z</time></trkpt><trkpt lat="-24.124803" lon="-49.284885"><ele>823.156</ele><time>2022-07-31T22:18:30Z</time></trkpt><trkpt lat="-24.124754" lon="-49.284990"><ele>823.536</ele><time>2022-07-31T22:18:31Z</time></trkpt><trkpt lat="-24.124708" lon="-49.285096"><ele>822.517</ele><time>2022-07-31T22:18:32Z</time></trkpt><trkpt lat="-24.124659" lon="-49.285220"><ele>820.318</ele><time>2022-07-31T22:18:33Z</time></trkpt><trkpt lat="-24.124605" lon="-49.285305"><ele>788.609</ele><time>2022-07-31T22:18:34Z</time></trkpt><trkpt lat="-24.124546" lon="-49.285406"><ele>763.364</ele><time>2022-07-31T22:18:35Z</time></trkpt><trkpt lat="-24.124494" lon="-49.285524"><ele>772.713</ele><time>2022-07-31T22:18:36Z</time></trkpt><trkpt lat="-24.124451" lon="-49.285645"><ele>782.322</ele><time>2022-07-31T22:18:37Z</time></trkpt><trkpt lat="-24.124411" lon="-49.285738"><ele>787.086</ele><time>2022-07-31T22:18:38Z</time></trkpt><trkpt lat="-24.124369" lon="-49.285795"><ele>787.399</ele><time>2022-07-31T22:18:39Z</time></trkpt><trkpt lat="-24.124325" lon="-49.285889"><ele>793.468</ele><time>2022-07-31T22:18:40Z</time></trkpt><trkpt lat="-24.124275" lon="-49.285990"><ele>799.749</ele><time>2022-07-31T22:18:41Z</time></trkpt><trkpt lat="-24.124227" lon="-49.286108"><ele>803.096</ele><time>2022-07-31T22:18:42Z</time></trkpt><trkpt lat="-24.124181" lon="-49.286194"><ele>801.093</ele><time>2022-07-31T22:18:43Z</time></trkpt><trkpt lat="-24.124138" lon="-49.286299"><ele>800.919</ele><time>2022-07-31T22:18:44Z</time></trkpt><trkpt lat="-24.124097" lon="-49.286392"><ele>802.209</ele><time>2022-07-31T22:18:45Z</time></trkpt><trkpt lat="-24.124064" lon="-49.286515"><ele>798.719</ele><time>2022-07-31T22:18:46Z</time></trkpt><trkpt lat="-24.124021" lon="-49.286606"><ele>800.009</ele><time>2022-07-31T22:18:47Z</time></trkpt><trkpt lat="-24.123987" lon="-49.286720"><ele>800.592</ele><time>2022-07-31T22:18:48Z</time></trkpt><trkpt lat="-24.123950" lon="-49.286836"><ele>801.951</ele><time>2022-07-31T22:18:49Z</time></trkpt><trkpt lat="-24.123910" lon="-49.286951"><ele>801.950</ele><time>2022-07-31T22:18:50Z</time></trkpt><trkpt lat="-24.123861" lon="-49.287068"><ele>800.884</ele><time>2022-07-31T22:18:51Z</time></trkpt><trkpt lat="-24.123811" lon="-49.287166"><ele>800.947</ele><time>2022-07-31T22:18:52Z</time></trkpt><trkpt lat="-24.123764" lon="-49.287281"><ele>800.926</ele><time>2022-07-31T22:18:53Z</time></trkpt><trkpt lat="-24.123719" lon="-49.287383"><ele>800.927</ele><time>2022-07-31T22:18:54Z</time></trkpt><trkpt lat="-24.123676" lon="-49.287481"><ele>800.214</ele><time>2022-07-31T22:18:55Z</time></trkpt><trkpt lat="-24.123632" lon="-49.287567"><ele>799.841</ele><time>2022-07-31T22:18:56Z</time></trkpt><trkpt lat="-24.123569" lon="-49.287659"><ele>794.248</ele><time>2022-07-31T22:18:57Z</time></trkpt><trkpt lat="-24.123530" lon="-49.287754"><ele>794.061</ele><time>2022-07-31T22:18:58Z</time></trkpt><trkpt lat="-24.123483" lon="-49.287843"><ele>793.817</ele><time>2022-07-31T22:18:59Z</time></trkpt><trkpt lat="-24.123439" lon="-49.287959"><ele>794.309</ele><time>2022-07-31T22:19:00Z</time></trkpt><trkpt lat="-24.123394" lon="-49.288057"><ele>793.025</ele><time>2022-07-31T22:19:01Z</time></trkpt><trkpt lat="-24.123351" lon="-49.288173"><ele>792.474</ele><time>2022-07-31T22:19:02Z</time></trkpt><trkpt lat="-24.123307" lon="-49.288285"><ele>793.023</ele><time>2022-07-31T22:19:03Z</time></trkpt><trkpt lat="-24.123266" lon="-49.288396"><ele>793.087</ele><time>2022-07-31T22:19:04Z</time></trkpt><trkpt lat="-24.123220" lon="-49.288503"><ele>793.380</ele><time>2022-07-31T22:19:05Z</time></trkpt><trkpt lat="-24.123172" lon="-49.288610"><ele>793.199</ele><time>2022-07-31T22:19:06Z</time></trkpt><trkpt lat="-24.123135" lon="-49.288703"><ele>793.450</ele><time>2022-07-31T22:19:07Z</time></trkpt><trkpt lat="-24.123095" lon="-49.288789"><ele>793.367</ele><time>2022-07-31T22:19:08Z</time></trkpt><trkpt lat="-24.123052" lon="-49.288870"><ele>793.424</ele><time>2022-07-31T22:19:09Z</time></trkpt><trkpt lat="-24.123005" lon="-49.288932"><ele>793.324</ele><time>2022-07-31T22:19:10Z</time></trkpt><trkpt lat="-24.122949" lon="-49.288993"><ele>793.304</ele><time>2022-07-31T22:19:11Z</time></trkpt><trkpt lat="-24.122897" lon="-49.289046"><ele>793.814</ele><time>2022-07-31T22:19:12Z</time></trkpt><trkpt lat="-24.122851" lon="-49.289084"><ele>793.009</ele><time>2022-07-31T22:19:13Z</time></trkpt><trkpt lat="-24.122798" lon="-49.289113"><ele>792.453</ele><time>2022-07-31T22:19:14Z</time></trkpt><trkpt lat="-24.122760" lon="-49.289140"><ele>792.292</ele><time>2022-07-31T22:19:15Z</time></trkpt><trkpt lat="-24.122776" lon="-49.289194"><ele>791.771</ele><time>2022-07-31T22:19:24Z</time></trkpt><trkpt lat="-24.122729" lon="-49.289191"><ele>797.825</ele><time>2022-07-31T23:02:17Z</time></trkpt><trkpt lat="-24.122678" lon="-49.289188"><ele>800.718</ele><time>2022-07-31T23:02:19Z</time></trkpt><trkpt lat="-24.122624" lon="-49.289200"><ele>802.137</ele><time>2022-07-31T23:02:21Z</time></trkpt><trkpt lat="-24.122562" lon="-49.289244"><ele>801.948</ele><time>2022-07-31T23:02:23Z</time></trkpt><trkpt lat="-24.122507" lon="-49.289320"><ele>803.175</ele><time>2022-07-31T23:02:25Z</time></trkpt><trkpt lat="-24.122462" lon="-49.289337"><ele>800.582</ele><time>2022-07-31T23:02:26Z</time></trkpt><trkpt lat="-24.122385" lon="-49.289389"><ele>797.799</ele><time>2022-07-31T23:02:28Z</time></trkpt><trkpt lat="-24.122341" lon="-49.289427"><ele>796.207</ele><time>2022-07-31T23:02:29Z</time></trkpt><trkpt lat="-24.122302" lon="-49.289480"><ele>795.527</ele><time>2022-07-31T23:02:30Z</time></trkpt><trkpt lat="-24.122262" lon="-49.289540"><ele>793.809</ele><time>2022-07-31T23:02:31Z</time></trkpt><trkpt lat="-24.122229" lon="-49.289602"><ele>793.690</ele><time>2022-07-31T23:02:32Z</time></trkpt><trkpt lat="-24.122196" lon="-49.289666"><ele>790.939</ele><time>2022-07-31T23:02:33Z</time></trkpt><trkpt lat="-24.122167" lon="-49.289753"><ele>792.158</ele><time>2022-07-31T23:02:34Z</time></trkpt><trkpt lat="-24.122152" lon="-49.289839"><ele>793.262</ele><time>2022-07-31T23:02:35Z</time></trkpt><trkpt lat="-24.122132" lon="-49.289904"><ele>792.115</ele><time>2022-07-31T23:02:36Z</time></trkpt><trkpt lat="-24.122104" lon="-49.289987"><ele>791.184</ele><time>2022-07-31T23:02:37Z</time></trkpt><trkpt lat="-24.122085" lon="-49.290060"><ele>791.275</ele><time>2022-07-31T23:02:38Z</time></trkpt><trkpt lat="-24.122070" lon="-49.290138"><ele>790.912</ele><time>2022-07-31T23:02:39Z</time></trkpt><trkpt lat="-24.122047" lon="-49.290213"><ele>790.279</ele><time>2022-07-31T23:02:40Z</time></trkpt><trkpt lat="-24.122018" lon="-49.290294"><ele>789.617</ele><time>2022-07-31T23:02:41Z</time></trkpt><trkpt lat="-24.121995" lon="-49.290373"><ele>790.287</ele><time>2022-07-31T23:02:42Z</time></trkpt><trkpt lat="-24.121961" lon="-49.290456"><ele>790.415</ele><time>2022-07-31T23:02:43Z</time></trkpt><trkpt lat="-24.121927" lon="-49.290536"><ele>790.409</ele><time>2022-07-31T23:02:44Z</time></trkpt><trkpt lat="-24.121905" lon="-49.290614"><ele>790.382</ele><time>2022-07-31T23:02:45Z</time></trkpt><trkpt lat="-24.121873" lon="-49.290698"><ele>790.461</ele><time>2022-07-31T23:02:46Z</time></trkpt><trkpt lat="-24.121848" lon="-49.290771"><ele>790.390</ele><time>2022-07-31T23:02:47Z</time></trkpt><trkpt lat="-24.121817" lon="-49.290849"><ele>789.284</ele><time>2022-07-31T23:02:48Z</time></trkpt><trkpt lat="-24.121771" lon="-49.290929"><ele>788.597</ele><time>2022-07-31T23:02:49Z</time></trkpt><trkpt lat="-24.121741" lon="-49.291022"><ele>788.386</ele><time>2022-07-31T23:02:50Z</time></trkpt><trkpt lat="-24.121699" lon="-49.291106"><ele>788.367</ele><time>2022-07-31T23:02:51Z</time></trkpt><trkpt lat="-24.121657" lon="-49.291184"><ele>789.144</ele><time>2022-07-31T23:02:52Z</time></trkpt><trkpt lat="-24.121613" lon="-49.291273"><ele>789.331</ele><time>2022-07-31T23:02:53Z</time></trkpt><trkpt lat="-24.121566" lon="-49.291318"><ele>787.687</ele><time>2022-07-31T23:02:54Z</time></trkpt><trkpt lat="-24.121527" lon="-49.291378"><ele>786.642</ele><time>2022-07-31T23:02:55Z</time></trkpt><trkpt lat="-24.121487" lon="-49.291433"><ele>785.926</ele><time>2022-07-31T23:02:56Z</time></trkpt><trkpt lat="-24.121437" lon="-49.291478"><ele>783.509</ele><time>2022-07-31T23:02:57Z</time></trkpt><trkpt lat="-24.121391" lon="-49.291536"><ele>782.339</ele><time>2022-07-31T23:02:58Z</time></trkpt><trkpt lat="-24.121341" lon="-49.291592"><ele>783.368</ele><time>2022-07-31T23:02:59Z</time></trkpt><trkpt lat="-24.121294" lon="-49.291663"><ele>784.187</ele><time>2022-07-31T23:03:00Z</time></trkpt><trkpt lat="-24.121239" lon="-49.291734"><ele>782.791</ele><time>2022-07-31T23:03:01Z</time></trkpt><trkpt lat="-24.121174" lon="-49.291803"><ele>782.534</ele><time>2022-07-31T23:03:02Z</time></trkpt><trkpt lat="-24.121113" lon="-49.291870"><ele>782.613</ele><time>2022-07-31T23:03:03Z</time></trkpt><trkpt lat="-24.121054" lon="-49.291947"><ele>784.384</ele><time>2022-07-31T23:03:04Z</time></trkpt><trkpt lat="-24.120985" lon="-49.292011"><ele>784.561</ele><time>2022-07-31T23:03:05Z</time></trkpt><trkpt lat="-24.120922" lon="-49.292076"><ele>785.628</ele><time>2022-07-31T23:03:06Z</time></trkpt><trkpt lat="-24.120862" lon="-49.292140"><ele>785.631</ele><time>2022-07-31T23:03:07Z</time></trkpt><trkpt lat="-24.120806" lon="-49.292210"><ele>791.461</ele><time>2022-07-31T23:03:08Z</time></trkpt><trkpt lat="-24.120746" lon="-49.292276"><ele>790.607</ele><time>2022-07-31T23:03:09Z</time></trkpt><trkpt lat="-24.120688" lon="-49.292336"><ele>790.709</ele><time>2022-07-31T23:03:10Z</time></trkpt><trkpt lat="-24.120641" lon="-49.292410"><ele>791.264</ele><time>2022-07-31T23:03:11Z</time></trkpt><trkpt lat="-24.120570" lon="-49.292447"><ele>791.583</ele><time>2022-07-31T23:03:12Z</time></trkpt><trkpt lat="-24.120503" lon="-49.292505"><ele>792.072</ele><time>2022-07-31T23:03:13Z</time></trkpt><trkpt lat="-24.120439" lon="-49.292567"><ele>790.796</ele><time>2022-07-31T23:03:14Z</time></trkpt><trkpt lat="-24.120359" lon="-49.292613"><ele>792.399</ele><time>2022-07-31T23:03:15Z</time></trkpt><trkpt lat="-24.120294" lon="-49.292689"><ele>793.148</ele><time>2022-07-31T23:03:16Z</time></trkpt><trkpt lat="-24.120232" lon="-49.292756"><ele>792.799</ele><time>2022-07-31T23:03:17Z</time></trkpt><trkpt lat="-24.120174" lon="-49.292822"><ele>792.986</ele><time>2022-07-31T23:03:18Z</time></trkpt><trkpt lat="-24.120108" lon="-49.292888"><ele>792.283</ele><time>2022-07-31T23:03:19Z</time></trkpt><trkpt lat="-24.120030" lon="-49.292954"><ele>792.754</ele><time>2022-07-31T23:03:20Z</time></trkpt><trkpt lat="-24.119965" lon="-49.293024"><ele>792.256</ele><time>2022-07-31T23:03:21Z</time></trkpt><trkpt lat="-24.119906" lon="-49.293088"><ele>792.311</ele><time>2022-07-31T23:03:22Z</time></trkpt><trkpt lat="-24.119844" lon="-49.293162"><ele>793.509</ele><time>2022-07-31T23:03:23Z</time></trkpt><trkpt lat="-24.119788" lon="-49.293239"><ele>793.026</ele><time>2022-07-31T23:03:24Z</time></trkpt><trkpt lat="-24.119721" lon="-49.293307"><ele>792.715</ele><time>2022-07-31T23:03:25Z</time></trkpt><trkpt lat="-24.119648" lon="-49.293378"><ele>792.484</ele><time>2022-07-31T23:03:26Z</time></trkpt><trkpt lat="-24.119575" lon="-49.293442"><ele>791.898</ele><time>2022-07-31T23:03:27Z</time></trkpt><trkpt lat="-24.119498" lon="-49.293510"><ele>790.611</ele><time>2022-07-31T23:03:28Z</time></trkpt><trkpt lat="-24.119425" lon="-49.293578"><ele>791.480</ele><time>2022-07-31T23:03:29Z</time></trkpt><trkpt lat="-24.119354" lon="-49.293651"><ele>791.171</ele><time>2022-07-31T23:03:30Z</time></trkpt><trkpt lat="-24.119280" lon="-49.293715"><ele>792.268</ele><time>2022-07-31T23:03:31Z</time></trkpt><trkpt lat="-24.119216" lon="-49.293789"><ele>792.275</ele><time>2022-07-31T23:03:32Z</time></trkpt><trkpt lat="-24.119138" lon="-49.293860"><ele>791.979</ele><time>2022-07-31T23:03:33Z</time></trkpt><trkpt lat="-24.119065" lon="-49.293936"><ele>791.705</ele><time>2022-07-31T23:03:34Z</time></trkpt><trkpt lat="-24.118994" lon="-49.294012"><ele>792.625</ele><time>2022-07-31T23:03:35Z</time></trkpt><trkpt lat="-24.118921" lon="-49.294093"><ele>793.509</ele><time>2022-07-31T23:03:36Z</time></trkpt><trkpt lat="-24.118843" lon="-49.294172"><ele>792.288</ele><time>2022-07-31T23:03:37Z</time></trkpt><trkpt lat="-24.118767" lon="-49.294245"><ele>792.157</ele><time>2022-07-31T23:03:38Z</time></trkpt><trkpt lat="-24.118691" lon="-49.294331"><ele>792.346</ele><time>2022-07-31T23:03:39Z</time></trkpt><trkpt lat="-24.118615" lon="-49.294412"><ele>790.760</ele><time>2022-07-31T23:03:40Z</time></trkpt><trkpt lat="-24.118540" lon="-49.294496"><ele>795.243</ele><time>2022-07-31T23:03:41Z</time></trkpt><trkpt lat="-24.118483" lon="-49.294550"><ele>794.632</ele><time>2022-07-31T23:03:42Z</time></trkpt><trkpt lat="-24.118429" lon="-49.294594"><ele>793.943</ele><time>2022-07-31T23:03:43Z</time></trkpt><trkpt lat="-24.118372" lon="-49.294637"><ele>793.120</ele><time>2022-07-31T23:03:44Z</time></trkpt><trkpt lat="-24.118310" lon="-49.294706"><ele>791.077</ele><time>2022-07-31T23:03:46Z</time></trkpt><trkpt lat="-24.118260" lon="-49.294752"><ele>790.592</ele><time>2022-07-31T23:03:47Z</time></trkpt><trkpt lat="-24.118213" lon="-49.294779"><ele>787.273</ele><time>2022-07-31T23:03:48Z</time></trkpt><trkpt lat="-24.118150" lon="-49.294824"><ele>788.020</ele><time>2022-07-31T23:03:49Z</time></trkpt><trkpt lat="-24.118091" lon="-49.294873"><ele>787.109</ele><time>2022-07-31T23:03:50Z</time></trkpt><trkpt lat="-24.118032" lon="-49.294935"><ele>788.040</ele><time>2022-07-31T23:03:51Z</time></trkpt><trkpt lat="-24.117973" lon="-49.295006"><ele>787.099</ele><time>2022-07-31T23:03:52Z</time></trkpt><trkpt lat="-24.117913" lon="-49.295068"><ele>786.048</ele><time>2022-07-31T23:03:53Z</time></trkpt><trkpt lat="-24.117845" lon="-49.295138"><ele>786.322</ele><time>2022-07-31T23:03:54Z</time></trkpt><trkpt lat="-24.117776" lon="-49.295207"><ele>785.215</ele><time>2022-07-31T23:03:55Z</time></trkpt><trkpt lat="-24.117701" lon="-49.295276"><ele>785.264</ele><time>2022-07-31T23:03:56Z</time></trkpt><trkpt lat="-24.117633" lon="-49.295346"><ele>786.695</ele><time>2022-07-31T23:03:57Z</time></trkpt><trkpt lat="-24.117563" lon="-49.295420"><ele>786.622</ele><time>2022-07-31T23:03:58Z</time></trkpt><trkpt lat="-24.117484" lon="-49.295492"><ele>788.729</ele><time>2022-07-31T23:03:59Z</time></trkpt><trkpt lat="-24.117387" lon="-49.295569"><ele>792.693</ele><time>2022-07-31T23:04:00Z</time></trkpt><trkpt lat="-24.117317" lon="-49.295644"><ele>792.965</ele><time>2022-07-31T23:04:01Z</time></trkpt><trkpt lat="-24.117251" lon="-49.295727"><ele>793.421</ele><time>2022-07-31T23:04:02Z</time></trkpt><trkpt lat="-24.117175" lon="-49.295803"><ele>793.909</ele><time>2022-07-31T23:04:03Z</time></trkpt><trkpt lat="-24.117099" lon="-49.295873"><ele>793.730</ele><time>2022-07-31T23:04:04Z</time></trkpt><trkpt lat="-24.117038" lon="-49.295950"><ele>794.049</ele><time>2022-07-31T23:04:05Z</time></trkpt><trkpt lat="-24.116977" lon="-49.296013"><ele>793.978</ele><time>2022-07-31T23:04:06Z</time></trkpt><trkpt lat="-24.116936" lon="-49.296064"><ele>794.762</ele><time>2022-07-31T23:04:07Z</time></trkpt><trkpt lat="-24.116891" lon="-49.296102"><ele>795.655</ele><time>2022-07-31T23:04:08Z</time></trkpt><trkpt lat="-24.116833" lon="-49.296159"><ele>794.564</ele><time>2022-07-31T23:04:09Z</time></trkpt><trkpt lat="-24.116777" lon="-49.296223"><ele>794.825</ele><time>2022-07-31T23:04:10Z</time></trkpt><trkpt lat="-24.116723" lon="-49.296285"><ele>795.832</ele><time>2022-07-31T23:04:11Z</time></trkpt><trkpt lat="-24.116653" lon="-49.296359"><ele>796.069</ele><time>2022-07-31T23:04:12Z</time></trkpt><trkpt lat="-24.116580" lon="-49.296438"><ele>796.293</ele><time>2022-07-31T23:04:13Z</time></trkpt><trkpt lat="-24.116512" lon="-49.296513"><ele>795.465</ele><time>2022-07-31T23:04:14Z</time></trkpt><trkpt lat="-24.116449" lon="-49.296578"><ele>794.921</ele><time>2022-07-31T23:04:15Z</time></trkpt><trkpt lat="-24.116388" lon="-49.296654"><ele>796.109</ele><time>2022-07-31T23:04:16Z</time></trkpt><trkpt lat="-24.116328" lon="-49.296740"><ele>794.940</ele><time>2022-07-31T23:04:17Z</time></trkpt><trkpt lat="-24.116275" lon="-49.296833"><ele>796.979</ele><time>2022-07-31T23:04:18Z</time></trkpt><trkpt lat="-24.116210" lon="-49.296941"><ele>796.318</ele><time>2022-07-31T23:04:19Z</time></trkpt><trkpt lat="-24.116150" lon="-49.297048"><ele>796.392</ele><time>2022-07-31T23:04:20Z</time></trkpt><trkpt lat="-24.116094" lon="-49.297162"><ele>796.545</ele><time>2022-07-31T23:04:21Z</time></trkpt><trkpt lat="-24.116050" lon="-49.297272"><ele>796.554</ele><time>2022-07-31T23:04:22Z</time></trkpt><trkpt lat="-24.116008" lon="-49.297384"><ele>797.395</ele><time>2022-07-31T23:04:23Z</time></trkpt><trkpt lat="-24.115968" lon="-49.297511"><ele>797.322</ele><time>2022-07-31T23:04:24Z</time></trkpt><trkpt lat="-24.115933" lon="-49.297637"><ele>797.519</ele><time>2022-07-31T23:04:25Z</time></trkpt><trkpt lat="-24.115912" lon="-49.297782"><ele>796.741</ele><time>2022-07-31T23:04:26Z</time></trkpt><trkpt lat="-24.115903" lon="-49.297929"><ele>796.981</ele><time>2022-07-31T23:04:27Z</time></trkpt><trkpt lat="-24.115898" lon="-49.298082"><ele>795.109</ele><time>2022-07-31T23:04:28Z</time></trkpt><trkpt lat="-24.115891" lon="-49.298245"><ele>794.309</ele><time>2022-07-31T23:04:29Z</time></trkpt><trkpt lat="-24.115884" lon="-49.298422"><ele>793.515</ele><time>2022-07-31T23:04:30Z</time></trkpt><trkpt lat="-24.115881" lon="-49.298611"><ele>793.334</ele><time>2022-07-31T23:04:31Z</time></trkpt><trkpt lat="-24.115896" lon="-49.298812"><ele>792.623</ele><time>2022-07-31T23:04:32Z</time></trkpt><trkpt lat="-24.115916" lon="-49.299009"><ele>792.227</ele><time>2022-07-31T23:04:33Z</time></trkpt><trkpt lat="-24.115962" lon="-49.299212"><ele>791.950</ele><time>2022-07-31T23:04:34Z</time></trkpt><trkpt lat="-24.115998" lon="-49.299410"><ele>791.779</ele><time>2022-07-31T23:04:35Z</time></trkpt><trkpt lat="-24.116040" lon="-49.299617"><ele>791.280</ele><time>2022-07-31T23:04:36Z</time></trkpt><trkpt lat="-24.116070" lon="-49.299820"><ele>790.787</ele><time>2022-07-31T23:04:37Z</time></trkpt><trkpt lat="-24.116095" lon="-49.300024"><ele>791.344</ele><time>2022-07-31T23:04:38Z</time></trkpt><trkpt lat="-24.116123" lon="-49.300221"><ele>789.254</ele><time>2022-07-31T23:04:39Z</time></trkpt><trkpt lat="-24.116146" lon="-49.300425"><ele>788.456</ele><time>2022-07-31T23:04:40Z</time></trkpt><trkpt lat="-24.116156" lon="-49.300626"><ele>788.511</ele><time>2022-07-31T23:04:41Z</time></trkpt><trkpt lat="-24.116160" lon="-49.300830"><ele>788.209</ele><time>2022-07-31T23:04:42Z</time></trkpt><trkpt lat="-24.116116" lon="-49.301041"><ele>787.936</ele><time>2022-07-31T23:04:43Z</time></trkpt><trkpt lat="-24.116102" lon="-49.301259"><ele>787.625</ele><time>2022-07-31T23:04:44Z</time></trkpt><trkpt lat="-24.116078" lon="-49.301472"><ele>787.294</ele><time>2022-07-31T23:04:45Z</time></trkpt><trkpt lat="-24.116050" lon="-49.301672"><ele>787.858</ele><time>2022-07-31T23:04:46Z</time></trkpt><trkpt lat="-24.116018" lon="-49.301887"><ele>786.221</ele><time>2022-07-31T23:04:47Z</time></trkpt><trkpt lat="-24.116009" lon="-49.302091"><ele>785.980</ele><time>2022-07-31T23:04:48Z</time></trkpt><trkpt lat="-24.115993" lon="-49.302291"><ele>784.251</ele><time>2022-07-31T23:04:49Z</time></trkpt><trkpt lat="-24.115991" lon="-49.302491"><ele>783.888</ele><time>2022-07-31T23:04:50Z</time></trkpt><trkpt lat="-24.115978" lon="-49.302694"><ele>783.945</ele><time>2022-07-31T23:04:51Z</time></trkpt><trkpt lat="-24.115964" lon="-49.302892"><ele>784.229</ele><time>2022-07-31T23:04:52Z</time></trkpt><trkpt lat="-24.115948" lon="-49.303082"><ele>784.500</ele><time>2022-07-31T23:04:53Z</time></trkpt><trkpt lat="-24.115916" lon="-49.303275"><ele>784.020</ele><time>2022-07-31T23:04:54Z</time></trkpt><trkpt lat="-24.115876" lon="-49.303456"><ele>784.409</ele><time>2022-07-31T23:04:55Z</time></trkpt><trkpt lat="-24.115821" lon="-49.303621"><ele>784.963</ele><time>2022-07-31T23:04:56Z</time></trkpt><trkpt lat="-24.115761" lon="-49.303779"><ele>784.732</ele><time>2022-07-31T23:04:57Z</time></trkpt><trkpt lat="-24.115699" lon="-49.303924"><ele>785.131</ele><time>2022-07-31T23:04:58Z</time></trkpt><trkpt lat="-24.115638" lon="-49.304071"><ele>782.515</ele><time>2022-07-31T23:04:59Z</time></trkpt><trkpt lat="-24.115580" lon="-49.304210"><ele>780.188</ele><time>2022-07-31T23:05:00Z</time></trkpt><trkpt lat="-24.115518" lon="-49.304368"><ele>778.557</ele><time>2022-07-31T23:05:01Z</time></trkpt><trkpt lat="-24.115455" lon="-49.304517"><ele>778.598</ele><time>2022-07-31T23:05:02Z</time></trkpt><trkpt lat="-24.115387" lon="-49.304661"><ele>777.775</ele><time>2022-07-31T23:05:03Z</time></trkpt><trkpt lat="-24.115325" lon="-49.304820"><ele>778.182</ele><time>2022-07-31T23:05:04Z</time></trkpt><trkpt lat="-24.115258" lon="-49.304979"><ele>778.593</ele><time>2022-07-31T23:05:05Z</time></trkpt><trkpt lat="-24.115197" lon="-49.305132"><ele>777.565</ele><time>2022-07-31T23:05:06Z</time></trkpt><trkpt lat="-24.115122" lon="-49.305286"><ele>777.521</ele><time>2022-07-31T23:05:07Z</time></trkpt><trkpt lat="-24.115058" lon="-49.305434"><ele>777.309</ele><time>2022-07-31T23:05:08Z</time></trkpt><trkpt lat="-24.114989" lon="-49.305587"><ele>778.060</ele><time>2022-07-31T23:05:09Z</time></trkpt><trkpt lat="-24.114927" lon="-49.305734"><ele>776.379</ele><time>2022-07-31T23:05:10Z</time></trkpt><trkpt lat="-24.114856" lon="-49.305898"><ele>776.278</ele><time>2022-07-31T23:05:11Z</time></trkpt><trkpt lat="-24.114785" lon="-49.306060"><ele>775.992</ele><time>2022-07-31T23:05:12Z</time></trkpt><trkpt lat="-24.114713" lon="-49.306223"><ele>776.085</ele><time>2022-07-31T23:05:13Z</time></trkpt><trkpt lat="-24.114638" lon="-49.306384"><ele>776.334</ele><time>2022-07-31T23:05:14Z</time></trkpt><trkpt lat="-24.114572" lon="-49.306546"><ele>776.775</ele><time>2022-07-31T23:05:15Z</time></trkpt><trkpt lat="-24.114505" lon="-49.306707"><ele>777.612</ele><time>2022-07-31T23:05:16Z</time></trkpt><trkpt lat="-24.114436" lon="-49.306862"><ele>776.879</ele><time>2022-07-31T23:05:17Z</time></trkpt><trkpt lat="-24.114363" lon="-49.307020"><ele>778.084</ele><time>2022-07-31T23:05:18Z</time></trkpt><trkpt lat="-24.114296" lon="-49.307183"><ele>778.607</ele><time>2022-07-31T23:05:19Z</time></trkpt><trkpt lat="-24.114229" lon="-49.307332"><ele>779.317</ele><time>2022-07-31T23:05:20Z</time></trkpt><trkpt lat="-24.114163" lon="-49.307491"><ele>779.209</ele><time>2022-07-31T23:05:21Z</time></trkpt><trkpt lat="-24.114098" lon="-49.307651"><ele>779.529</ele><time>2022-07-31T23:05:22Z</time></trkpt><trkpt lat="-24.114029" lon="-49.307811"><ele>780.028</ele><time>2022-07-31T23:05:23Z</time></trkpt><trkpt lat="-24.113966" lon="-49.307978"><ele>780.357</ele><time>2022-07-31T23:05:24Z</time></trkpt><trkpt lat="-24.113903" lon="-49.308141"><ele>779.161</ele><time>2022-07-31T23:05:25Z</time></trkpt><trkpt lat="-24.113846" lon="-49.308313"><ele>779.214</ele><time>2022-07-31T23:05:26Z</time></trkpt><trkpt lat="-24.113792" lon="-49.308476"><ele>778.063</ele><time>2022-07-31T23:05:27Z</time></trkpt><trkpt lat="-24.113730" lon="-49.308636"><ele>777.424</ele><time>2022-07-31T23:05:28Z</time></trkpt><trkpt lat="-24.113676" lon="-49.308803"><ele>777.031</ele><time>2022-07-31T23:05:29Z</time></trkpt><trkpt lat="-24.113623" lon="-49.308972"><ele>776.128</ele><time>2022-07-31T23:05:30Z</time></trkpt><trkpt lat="-24.113559" lon="-49.309140"><ele>774.551</ele><time>2022-07-31T23:05:31Z</time></trkpt><trkpt lat="-24.113502" lon="-49.309303"><ele>773.401</ele><time>2022-07-31T23:05:32Z</time></trkpt><trkpt lat="-24.113440" lon="-49.309468"><ele>773.411</ele><time>2022-07-31T23:05:33Z</time></trkpt><trkpt lat="-24.113369" lon="-49.309619"><ele>771.909</ele><time>2022-07-31T23:05:34Z</time></trkpt><trkpt lat="-24.113305" lon="-49.309770"><ele>771.886</ele><time>2022-07-31T23:05:35Z</time></trkpt><trkpt lat="-24.113241" lon="-49.309914"><ele>771.365</ele><time>2022-07-31T23:05:36Z</time></trkpt><trkpt lat="-24.113175" lon="-49.310056"><ele>770.934</ele><time>2022-07-31T23:05:37Z</time></trkpt><trkpt lat="-24.113113" lon="-49.310193"><ele>770.018</ele><time>2022-07-31T23:05:38Z</time></trkpt><trkpt lat="-24.113043" lon="-49.310320"><ele>768.591</ele><time>2022-07-31T23:05:39Z</time></trkpt><trkpt lat="-24.112966" lon="-49.310463"><ele>767.830</ele><time>2022-07-31T23:05:40Z</time></trkpt><trkpt lat="-24.112877" lon="-49.310612"><ele>767.361</ele><time>2022-07-31T23:05:41Z</time></trkpt><trkpt lat="-24.112783" lon="-49.310774"><ele>767.598</ele><time>2022-07-31T23:05:42Z</time></trkpt><trkpt lat="-24.112682" lon="-49.310938"><ele>767.175</ele><time>2022-07-31T23:05:43Z</time></trkpt><trkpt lat="-24.112587" lon="-49.311097"><ele>767.431</ele><time>2022-07-31T23:05:44Z</time></trkpt><trkpt lat="-24.112498" lon="-49.311263"><ele>767.561</ele><time>2022-07-31T23:05:45Z</time></trkpt><trkpt lat="-24.112408" lon="-49.311421"><ele>765.907</ele><time>2022-07-31T23:05:46Z</time></trkpt><trkpt lat="-24.112306" lon="-49.311588"><ele>765.409</ele><time>2022-07-31T23:05:47Z</time></trkpt><trkpt lat="-24.112212" lon="-49.311752"><ele>766.044</ele><time>2022-07-31T23:05:48Z</time></trkpt><trkpt lat="-24.112118" lon="-49.311894"><ele>767.243</ele><time>2022-07-31T23:05:49Z</time></trkpt><trkpt lat="-24.112030" lon="-49.312046"><ele>767.272</ele><time>2022-07-31T23:05:50Z</time></trkpt><trkpt lat="-24.111964" lon="-49.312174"><ele>767.056</ele><time>2022-07-31T23:05:51Z</time></trkpt><trkpt lat="-24.111890" lon="-49.312299"><ele>767.749</ele><time>2022-07-31T23:05:52Z</time></trkpt><trkpt lat="-24.111832" lon="-49.312397"><ele>767.478</ele><time>2022-07-31T23:05:53Z</time></trkpt><trkpt lat="-24.111775" lon="-49.312508"><ele>767.759</ele><time>2022-07-31T23:05:54Z</time></trkpt><trkpt lat="-24.111723" lon="-49.312599"><ele>765.886</ele><time>2022-07-31T23:05:55Z</time></trkpt><trkpt lat="-24.111662" lon="-49.312703"><ele>765.583</ele><time>2022-07-31T23:05:56Z</time></trkpt><trkpt lat="-24.111603" lon="-49.312805"><ele>767.093</ele><time>2022-07-31T23:05:57Z</time></trkpt><trkpt lat="-24.111545" lon="-49.312905"><ele>768.165</ele><time>2022-07-31T23:05:58Z</time></trkpt><trkpt lat="-24.111498" lon="-49.312990"><ele>767.421</ele><time>2022-07-31T23:05:59Z</time></trkpt><trkpt lat="-24.111439" lon="-49.313088"><ele>782.209</ele><time>2022-07-31T23:06:00Z</time></trkpt><trkpt lat="-24.111382" lon="-49.313168"><ele>778.340</ele><time>2022-07-31T23:06:01Z</time></trkpt><trkpt lat="-24.111332" lon="-49.313254"><ele>774.549</ele><time>2022-07-31T23:06:02Z</time></trkpt><trkpt lat="-24.111275" lon="-49.313341"><ele>774.468</ele><time>2022-07-31T23:06:03Z</time></trkpt><trkpt lat="-24.111225" lon="-49.313420"><ele>773.322</ele><time>2022-07-31T23:06:04Z</time></trkpt><trkpt lat="-24.111178" lon="-49.313511"><ele>773.125</ele><time>2022-07-31T23:06:05Z</time></trkpt><trkpt lat="-24.111128" lon="-49.313596"><ele>772.674</ele><time>2022-07-31T23:06:06Z</time></trkpt><trkpt lat="-24.111076" lon="-49.313670"><ele>773.855</ele><time>2022-07-31T23:06:07Z</time></trkpt><trkpt lat="-24.111019" lon="-49.313755"><ele>772.932</ele><time>2022-07-31T23:06:08Z</time></trkpt><trkpt lat="-24.110980" lon="-49.313834"><ele>772.259</ele><time>2022-07-31T23:06:09Z</time></trkpt><trkpt lat="-24.110991" lon="-49.313910"><ele>771.949</ele><time>2022-07-31T23:06:10Z</time></trkpt><trkpt lat="-24.110980" lon="-49.313993"><ele>770.102</ele><time>2022-07-31T23:06:11Z</time></trkpt><trkpt lat="-24.110973" lon="-49.314059"><ele>771.322</ele><time>2022-07-31T23:06:12Z</time></trkpt><trkpt lat="-24.110951" lon="-49.314152"><ele>771.109</ele><time>2022-07-31T23:06:13Z</time></trkpt><trkpt lat="-24.110937" lon="-49.314241"><ele>771.055</ele><time>2022-07-31T23:06:14Z</time></trkpt><trkpt lat="-24.110917" lon="-49.314341"><ele>771.414</ele><time>2022-07-31T23:06:15Z</time></trkpt><trkpt lat="-24.110896" lon="-49.314449"><ele>771.313</ele><time>2022-07-31T23:06:16Z</time></trkpt><trkpt lat="-24.110878" lon="-49.314568"><ele>771.267</ele><time>2022-07-31T23:06:17Z</time></trkpt><trkpt lat="-24.110850" lon="-49.314711"><ele>771.550</ele><time>2022-07-31T23:06:18Z</time></trkpt><trkpt lat="-24.110791" lon="-49.314852"><ele>769.319</ele><time>2022-07-31T23:06:19Z</time></trkpt><trkpt lat="-24.110773" lon="-49.314997"><ele>770.110</ele><time>2022-07-31T23:06:20Z</time></trkpt><trkpt lat="-24.110733" lon="-49.315149"><ele>768.937</ele><time>2022-07-31T23:06:21Z</time></trkpt><trkpt lat="-24.110717" lon="-49.315305"><ele>768.324</ele><time>2022-07-31T23:06:22Z</time></trkpt><trkpt lat="-24.110703" lon="-49.315466"><ele>769.074</ele><time>2022-07-31T23:06:23Z</time></trkpt><trkpt lat="-24.110687" lon="-49.315627"><ele>769.056</ele><time>2022-07-31T23:06:24Z</time></trkpt><trkpt lat="-24.110665" lon="-49.315775"><ele>779.421</ele><time>2022-07-31T23:06:25Z</time></trkpt><trkpt lat="-24.110652" lon="-49.315926"><ele>777.409</ele><time>2022-07-31T23:06:26Z</time></trkpt><trkpt lat="-24.110644" lon="-49.316058"><ele>774.488</ele><time>2022-07-31T23:06:27Z</time></trkpt><trkpt lat="-24.110650" lon="-49.316155"><ele>771.677</ele><time>2022-07-31T23:06:28Z</time></trkpt><trkpt lat="-24.110655" lon="-49.316227"><ele>770.996</ele><time>2022-07-31T23:06:29Z</time></trkpt><trkpt lat="-24.110663" lon="-49.316289"><ele>771.050</ele><time>2022-07-31T23:06:30Z</time></trkpt><trkpt lat="-24.110668" lon="-49.316342"><ele>770.013</ele><time>2022-07-31T23:06:31Z</time></trkpt><trkpt lat="-24.110675" lon="-49.316409"><ele>769.332</ele><time>2022-07-31T23:06:32Z</time></trkpt><trkpt lat="-24.110686" lon="-49.316482"><ele>768.373</ele><time>2022-07-31T23:06:33Z</time></trkpt><trkpt lat="-24.110699" lon="-49.316579"><ele>767.960</ele><time>2022-07-31T23:06:34Z</time></trkpt><trkpt lat="-24.110711" lon="-49.316692"><ele>767.887</ele><time>2022-07-31T23:06:35Z</time></trkpt><trkpt lat="-24.110726" lon="-49.316817"><ele>768.132</ele><time>2022-07-31T23:06:36Z</time></trkpt><trkpt lat="-24.110748" lon="-49.316941"><ele>768.992</ele><time>2022-07-31T23:06:37Z</time></trkpt><trkpt lat="-24.110774" lon="-49.317074"><ele>769.711</ele><time>2022-07-31T23:06:38Z</time></trkpt><trkpt lat="-24.110796" lon="-49.317208"><ele>769.309</ele><time>2022-07-31T23:06:39Z</time></trkpt><trkpt lat="-24.110816" lon="-49.317339"><ele>768.784</ele><time>2022-07-31T23:06:40Z</time></trkpt><trkpt lat="-24.110842" lon="-49.317480"><ele>768.753</ele><time>2022-07-31T23:06:41Z</time></trkpt><trkpt lat="-24.110867" lon="-49.317605"><ele>768.482</ele><time>2022-07-31T23:06:42Z</time></trkpt><trkpt lat="-24.110888" lon="-49.317719"><ele>767.556</ele><time>2022-07-31T23:06:43Z</time></trkpt><trkpt lat="-24.110908" lon="-49.317826"><ele>767.469</ele><time>2022-07-31T23:06:44Z</time></trkpt><trkpt lat="-24.110928" lon="-49.317934"><ele>767.468</ele><time>2022-07-31T23:06:45Z</time></trkpt><trkpt lat="-24.110946" lon="-49.318025"><ele>766.099</ele><time>2022-07-31T23:06:46Z</time></trkpt><trkpt lat="-24.110964" lon="-49.318112"><ele>766.126</ele><time>2022-07-31T23:06:47Z</time></trkpt><trkpt lat="-24.110978" lon="-49.318190"><ele>765.163</ele><time>2022-07-31T23:06:48Z</time></trkpt><trkpt lat="-24.110983" lon="-49.318260"><ele>765.354</ele><time>2022-07-31T23:06:49Z</time></trkpt><trkpt lat="-24.110998" lon="-49.318338"><ele>764.656</ele><time>2022-07-31T23:06:50Z</time></trkpt><trkpt lat="-24.111017" lon="-49.318437"><ele>764.511</ele><time>2022-07-31T23:06:51Z</time></trkpt><trkpt lat="-24.111037" lon="-49.318533"><ele>764.609</ele><time>2022-07-31T23:06:52Z</time></trkpt><trkpt lat="-24.111048" lon="-49.318621"><ele>764.816</ele><time>2022-07-31T23:06:53Z</time></trkpt><trkpt lat="-24.111058" lon="-49.318711"><ele>766.385</ele><time>2022-07-31T23:06:54Z</time></trkpt><trkpt lat="-24.111079" lon="-49.318788"><ele>765.414</ele><time>2022-07-31T23:06:55Z</time></trkpt><trkpt lat="-24.111086" lon="-49.318843"><ele>764.878</ele><time>2022-07-31T23:06:56Z</time></trkpt><trkpt lat="-24.111095" lon="-49.318895"><ele>764.821</ele><time>2022-07-31T23:06:57Z</time></trkpt><trkpt lat="-24.111105" lon="-49.318973"><ele>764.310</ele><time>2022-07-31T23:06:58Z</time></trkpt><trkpt lat="-24.111118" lon="-49.319050"><ele>764.081</ele><time>2022-07-31T23:06:59Z</time></trkpt><trkpt lat="-24.111135" lon="-49.319135"><ele>764.478</ele><time>2022-07-31T23:07:00Z</time></trkpt><trkpt lat="-24.111144" lon="-49.319227"><ele>765.495</ele><time>2022-07-31T23:07:01Z</time></trkpt><trkpt lat="-24.111153" lon="-49.319329"><ele>765.312</ele><time>2022-07-31T23:07:02Z</time></trkpt><trkpt lat="-24.111178" lon="-49.319425"><ele>765.532</ele><time>2022-07-31T23:07:03Z</time></trkpt><trkpt lat="-24.111192" lon="-49.319509"><ele>764.905</ele><time>2022-07-31T23:07:04Z</time></trkpt><trkpt lat="-24.111211" lon="-49.319601"><ele>763.609</ele><time>2022-07-31T23:07:05Z</time></trkpt><trkpt lat="-24.111231" lon="-49.319686"><ele>763.562</ele><time>2022-07-31T23:07:06Z</time></trkpt><trkpt lat="-24.111245" lon="-49.319775"><ele>763.361</ele><time>2022-07-31T23:07:07Z</time></trkpt><trkpt lat="-24.111261" lon="-49.319858"><ele>762.960</ele><time>2022-07-31T23:07:08Z</time></trkpt><trkpt lat="-24.111286" lon="-49.319971"><ele>762.874</ele><time>2022-07-31T23:07:09Z</time></trkpt><trkpt lat="-24.111298" lon="-49.320087"><ele>763.377</ele><time>2022-07-31T23:07:10Z</time></trkpt><trkpt lat="-24.111319" lon="-49.320216"><ele>763.626</ele><time>2022-07-31T23:07:11Z</time></trkpt><trkpt lat="-24.111340" lon="-49.320334"><ele>764.577</ele><time>2022-07-31T23:07:12Z</time></trkpt><trkpt lat="-24.111357" lon="-49.320451"><ele>764.564</ele><time>2022-07-31T23:07:13Z</time></trkpt><trkpt lat="-24.111368" lon="-49.320557"><ele>763.951</ele><time>2022-07-31T23:07:14Z</time></trkpt><trkpt lat="-24.111382" lon="-49.320650"><ele>764.788</ele><time>2022-07-31T23:07:15Z</time></trkpt><trkpt lat="-24.111390" lon="-49.320728"><ele>764.624</ele><time>2022-07-31T23:07:16Z</time></trkpt><trkpt lat="-24.111408" lon="-49.320810"><ele>763.626</ele><time>2022-07-31T23:07:17Z</time></trkpt><trkpt lat="-24.111421" lon="-49.320868"><ele>764.209</ele><time>2022-07-31T23:07:18Z</time></trkpt><trkpt lat="-24.111442" lon="-49.320924"><ele>764.079</ele><time>2022-07-31T23:07:19Z</time></trkpt><trkpt lat="-24.111480" lon="-49.320953"><ele>764.068</ele><time>2022-07-31T23:07:20Z</time></trkpt><trkpt lat="-24.111576" lon="-49.320950"><ele>763.587</ele><time>2022-07-31T23:07:22Z</time></trkpt><trkpt lat="-24.111631" lon="-49.320946"><ele>764.141</ele><time>2022-07-31T23:07:23Z</time></trkpt><trkpt lat="-24.111694" lon="-49.320934"><ele>763.654</ele><time>2022-07-31T23:07:24Z</time></trkpt><trkpt lat="-24.111770" lon="-49.320930"><ele>762.943</ele><time>2022-07-31T23:07:25Z</time></trkpt><trkpt lat="-24.111825" lon="-49.320921"><ele>762.764</ele><time>2022-07-31T23:07:26Z</time></trkpt><trkpt lat="-24.111890" lon="-49.320961"><ele>763.471</ele><time>2022-07-31T23:07:28Z</time></trkpt><trkpt lat="-24.111916" lon="-49.321009"><ele>763.428</ele><time>2022-07-31T23:07:29Z</time></trkpt><trkpt lat="-24.111910" lon="-49.321082"><ele>763.678</ele><time>2022-07-31T23:07:30Z</time></trkpt><trkpt lat="-24.111918" lon="-49.321172"><ele>764.233</ele><time>2022-07-31T23:07:31Z</time></trkpt><trkpt lat="-24.111928" lon="-49.321253"><ele>763.926</ele><time>2022-07-31T23:07:32Z</time></trkpt><trkpt lat="-24.111936" lon="-49.321335"><ele>763.709</ele><time>2022-07-31T23:07:33Z</time></trkpt><trkpt lat="-24.111949" lon="-49.321410"><ele>763.248</ele><time>2022-07-31T23:07:34Z</time></trkpt><trkpt lat="-24.111954" lon="-49.321471"><ele>763.627</ele><time>2022-07-31T23:07:35Z</time></trkpt><trkpt lat="-24.111970" lon="-49.321533"><ele>763.566</ele><time>2022-07-31T23:07:36Z</time></trkpt><trkpt lat="-24.111989" lon="-49.321608"><ele>762.630</ele><time>2022-07-31T23:07:37Z</time></trkpt><trkpt lat="-24.111996" lon="-49.321689"><ele>761.153</ele><time>2022-07-31T23:07:38Z</time></trkpt><trkpt lat="-24.111987" lon="-49.321798"><ele>762.092</ele><time>2022-07-31T23:07:39Z</time></trkpt><trkpt lat="-24.112017" lon="-49.321909"><ele>762.353</ele><time>2022-07-31T23:07:40Z</time></trkpt><trkpt lat="-24.112031" lon="-49.322028"><ele>761.560</ele><time>2022-07-31T23:07:41Z</time></trkpt><trkpt lat="-24.112051" lon="-49.322141"><ele>761.327</ele><time>2022-07-31T23:07:42Z</time></trkpt><trkpt lat="-24.112076" lon="-49.322254"><ele>760.994</ele><time>2022-07-31T23:07:43Z</time></trkpt><trkpt lat="-24.112099" lon="-49.322369"><ele>760.457</ele><time>2022-07-31T23:07:44Z</time></trkpt><trkpt lat="-24.112117" lon="-49.322471"><ele>760.422</ele><time>2022-07-31T23:07:45Z</time></trkpt><trkpt lat="-24.112130" lon="-49.322571"><ele>760.509</ele><time>2022-07-31T23:07:46Z</time></trkpt><trkpt lat="-24.112145" lon="-49.322660"><ele>760.090</ele><time>2022-07-31T23:07:47Z</time></trkpt><trkpt lat="-24.112172" lon="-49.322730"><ele>761.649</ele><time>2022-07-31T23:07:48Z</time></trkpt><trkpt lat="-24.112194" lon="-49.322807"><ele>761.718</ele><time>2022-07-31T23:07:49Z</time></trkpt><trkpt lat="-24.112204" lon="-49.322871"><ele>761.932</ele><time>2022-07-31T23:07:50Z</time></trkpt><trkpt lat="-24.112205" lon="-49.322945"><ele>761.265</ele><time>2022-07-31T23:07:51Z</time></trkpt><trkpt lat="-24.112202" lon="-49.323030"><ele>763.084</ele><time>2022-07-31T23:07:52Z</time></trkpt><trkpt lat="-24.112221" lon="-49.323131"><ele>763.055</ele><time>2022-07-31T23:07:53Z</time></trkpt><trkpt lat="-24.112236" lon="-49.323224"><ele>762.412</ele><time>2022-07-31T23:07:54Z</time></trkpt><trkpt lat="-24.112260" lon="-49.323314"><ele>762.549</ele><time>2022-07-31T23:07:55Z</time></trkpt><trkpt lat="-24.112272" lon="-49.323405"><ele>762.067</ele><time>2022-07-31T23:07:56Z</time></trkpt><trkpt lat="-24.112288" lon="-49.323504"><ele>763.381</ele><time>2022-07-31T23:07:57Z</time></trkpt><trkpt lat="-24.112303" lon="-49.323586"><ele>761.519</ele><time>2022-07-31T23:07:58Z</time></trkpt><trkpt lat="-24.112322" lon="-49.323676"><ele>761.509</ele><time>2022-07-31T23:07:59Z</time></trkpt><trkpt lat="-24.112336" lon="-49.323762"><ele>761.177</ele><time>2022-07-31T23:08:00Z</time></trkpt><trkpt lat="-24.112351" lon="-49.323860"><ele>759.886</ele><time>2022-07-31T23:08:01Z</time></trkpt><trkpt lat="-24.112370" lon="-49.323946"><ele>759.295</ele><time>2022-07-31T23:08:02Z</time></trkpt><trkpt lat="-24.112405" lon="-49.324018"><ele>758.489</ele><time>2022-07-31T23:08:03Z</time></trkpt><trkpt lat="-24.112436" lon="-49.324094"><ele>757.492</ele><time>2022-07-31T23:08:04Z</time></trkpt><trkpt lat="-24.112445" lon="-49.324170"><ele>756.871</ele><time>2022-07-31T23:08:05Z</time></trkpt><trkpt lat="-24.112459" lon="-49.324245"><ele>756.072</ele><time>2022-07-31T23:08:06Z</time></trkpt><trkpt lat="-24.112481" lon="-49.324323"><ele>756.539</ele><time>2022-07-31T23:08:07Z</time></trkpt><trkpt lat="-24.112504" lon="-49.324411"><ele>756.796</ele><time>2022-07-31T23:08:08Z</time></trkpt><trkpt lat="-24.112513" lon="-49.324511"><ele>755.497</ele><time>2022-07-31T23:08:09Z</time></trkpt><trkpt lat="-24.112526" lon="-49.324607"><ele>754.723</ele><time>2022-07-31T23:08:10Z</time></trkpt><trkpt lat="-24.112546" lon="-49.324711"><ele>755.525</ele><time>2022-07-31T23:08:11Z</time></trkpt><trkpt lat="-24.112555" lon="-49.324826"><ele>757.009</ele><time>2022-07-31T23:08:12Z</time></trkpt><trkpt lat="-24.112580" lon="-49.324947"><ele>757.410</ele><time>2022-07-31T23:08:13Z</time></trkpt><trkpt lat="-24.112608" lon="-49.325054"><ele>757.789</ele><time>2022-07-31T23:08:14Z</time></trkpt><trkpt lat="-24.112628" lon="-49.325155"><ele>758.878</ele><time>2022-07-31T23:08:15Z</time></trkpt><trkpt lat="-24.112652" lon="-49.325269"><ele>757.472</ele><time>2022-07-31T23:08:16Z</time></trkpt><trkpt lat="-24.112678" lon="-49.325366"><ele>756.235</ele><time>2022-07-31T23:08:17Z</time></trkpt><trkpt lat="-24.112703" lon="-49.325455"><ele>756.154</ele><time>2022-07-31T23:08:18Z</time></trkpt><trkpt lat="-24.112727" lon="-49.325535"><ele>757.245</ele><time>2022-07-31T23:08:19Z</time></trkpt><trkpt lat="-24.112734" lon="-49.325588"><ele>756.822</ele><time>2022-07-31T23:08:20Z</time></trkpt><trkpt lat="-24.112749" lon="-49.325656"><ele>757.339</ele><time>2022-07-31T23:08:21Z</time></trkpt><trkpt lat="-24.112769" lon="-49.325729"><ele>757.744</ele><time>2022-07-31T23:08:22Z</time></trkpt><trkpt lat="-24.112786" lon="-49.325795"><ele>756.305</ele><time>2022-07-31T23:08:23Z</time></trkpt><trkpt lat="-24.112806" lon="-49.325886"><ele>756.515</ele><time>2022-07-31T23:08:24Z</time></trkpt><trkpt lat="-24.112810" lon="-49.325987"><ele>756.209</ele><time>2022-07-31T23:08:25Z</time></trkpt><trkpt lat="-24.112823" lon="-49.326091"><ele>755.755</ele><time>2022-07-31T23:08:26Z</time></trkpt><trkpt lat="-24.112837" lon="-49.326182"><ele>756.534</ele><time>2022-07-31T23:08:27Z</time></trkpt><trkpt lat="-24.112858" lon="-49.326277"><ele>756.583</ele><time>2022-07-31T23:08:28Z</time></trkpt><trkpt lat="-24.112883" lon="-49.326372"><ele>755.597</ele><time>2022-07-31T23:08:29Z</time></trkpt><trkpt lat="-24.112906" lon="-49.326473"><ele>755.590</ele><time>2022-07-31T23:08:30Z</time></trkpt><trkpt lat="-24.112932" lon="-49.326571"><ele>754.839</ele><time>2022-07-31T23:08:31Z</time></trkpt><trkpt lat="-24.112948" lon="-49.326667"><ele>754.920</ele><time>2022-07-31T23:08:32Z</time></trkpt><trkpt lat="-24.112975" lon="-49.326766"><ele>755.017</ele><time>2022-07-31T23:08:33Z</time></trkpt><trkpt lat="-24.113003" lon="-49.326859"><ele>755.164</ele><time>2022-07-31T23:08:34Z</time></trkpt><trkpt lat="-24.113019" lon="-49.326952"><ele>754.656</ele><time>2022-07-31T23:08:35Z</time></trkpt><trkpt lat="-24.113054" lon="-49.327049"><ele>755.559</ele><time>2022-07-31T23:08:36Z</time></trkpt><trkpt lat="-24.113072" lon="-49.327144"><ele>755.514</ele><time>2022-07-31T23:08:37Z</time></trkpt><trkpt lat="-24.113087" lon="-49.327245"><ele>755.809</ele><time>2022-07-31T23:08:38Z</time></trkpt><trkpt lat="-24.113098" lon="-49.327341"><ele>755.386</ele><time>2022-07-31T23:08:39Z</time></trkpt><trkpt lat="-24.113117" lon="-49.327421"><ele>754.535</ele><time>2022-07-31T23:08:40Z</time></trkpt><trkpt lat="-24.113137" lon="-49.327500"><ele>755.284</ele><time>2022-07-31T23:08:41Z</time></trkpt><trkpt lat="-24.113150" lon="-49.327571"><ele>755.768</ele><time>2022-07-31T23:08:42Z</time></trkpt><trkpt lat="-24.113172" lon="-49.327624"><ele>755.111</ele><time>2022-07-31T23:08:43Z</time></trkpt><trkpt lat="-24.113187" lon="-49.327676"><ele>755.050</ele><time>2022-07-31T23:08:44Z</time></trkpt><trkpt lat="-24.113205" lon="-49.327735"><ele>755.461</ele><time>2022-07-31T23:08:45Z</time></trkpt><trkpt lat="-24.113213" lon="-49.327797"><ele>755.648</ele><time>2022-07-31T23:08:46Z</time></trkpt><trkpt lat="-24.113219" lon="-49.327875"><ele>754.135</ele><time>2022-07-31T23:08:47Z</time></trkpt><trkpt lat="-24.113229" lon="-49.327964"><ele>754.577</ele><time>2022-07-31T23:08:48Z</time></trkpt><trkpt lat="-24.113248" lon="-49.328048"><ele>755.961</ele><time>2022-07-31T23:08:49Z</time></trkpt><trkpt lat="-24.113278" lon="-49.328131"><ele>756.527</ele><time>2022-07-31T23:08:50Z</time></trkpt><trkpt lat="-24.113296" lon="-49.328208"><ele>756.609</ele><time>2022-07-31T23:08:51Z</time></trkpt><trkpt lat="-24.113317" lon="-49.328288"><ele>756.288</ele><time>2022-07-31T23:08:52Z</time></trkpt><trkpt lat="-24.113343" lon="-49.328361"><ele>756.367</ele><time>2022-07-31T23:08:53Z</time></trkpt><trkpt lat="-24.113363" lon="-49.328420"><ele>756.266</ele><time>2022-07-31T23:08:54Z</time></trkpt><trkpt lat="-24.113372" lon="-49.328470"><ele>755.390</ele><time>2022-07-31T23:08:55Z</time></trkpt><trkpt lat="-24.113394" lon="-49.328561"><ele>754.253</ele><time>2022-07-31T23:08:57Z</time></trkpt><trkpt lat="-24.113402" lon="-49.328611"><ele>754.362</ele><time>2022-07-31T23:08:58Z</time></trkpt><trkpt lat="-24.113411" lon="-49.328662"><ele>753.683</ele><time>2022-07-31T23:08:59Z</time></trkpt><trkpt lat="-24.113441" lon="-49.328715"><ele>753.830</ele><time>2022-07-31T23:09:00Z</time></trkpt><trkpt lat="-24.113474" lon="-49.328753"><ele>753.597</ele><time>2022-07-31T23:09:01Z</time></trkpt><trkpt lat="-24.113548" lon="-49.328806"><ele>751.719</ele><time>2022-07-31T23:09:03Z</time></trkpt><trkpt lat="-24.113594" lon="-49.328792"><ele>752.309</ele><time>2022-07-31T23:09:04Z</time></trkpt><trkpt lat="-24.113660" lon="-49.328767"><ele>751.019</ele><time>2022-07-31T23:09:05Z</time></trkpt><trkpt lat="-24.113724" lon="-49.328749"><ele>748.409</ele><time>2022-07-31T23:09:06Z</time></trkpt><trkpt lat="-24.113795" lon="-49.328728"><ele>748.112</ele><time>2022-07-31T23:09:07Z</time></trkpt><trkpt lat="-24.113902" lon="-49.328718"><ele>748.431</ele><time>2022-07-31T23:09:09Z</time></trkpt><trkpt lat="-24.113953" lon="-49.328706"><ele>748.760</ele><time>2022-07-31T23:09:10Z</time></trkpt><trkpt lat="-24.114010" lon="-49.328689"><ele>749.754</ele><time>2022-07-31T23:09:12Z</time></trkpt><trkpt lat="-24.114055" lon="-49.328678"><ele>750.137</ele><time>2022-07-31T23:09:13Z</time></trkpt><trkpt lat="-24.114099" lon="-49.328664"><ele>750.116</ele><time>2022-07-31T23:09:14Z</time></trkpt><trkpt lat="-24.114160" lon="-49.328646"><ele>747.887</ele><time>2022-07-31T23:09:15Z</time></trkpt><trkpt lat="-24.114215" lon="-49.328628"><ele>746.764</ele><time>2022-07-31T23:09:16Z</time></trkpt><trkpt lat="-24.114268" lon="-49.328608"><ele>746.061</ele><time>2022-07-31T23:09:17Z</time></trkpt><trkpt lat="-24.114323" lon="-49.328592"><ele>746.081</ele><time>2022-07-31T23:09:18Z</time></trkpt><trkpt lat="-24.114371" lon="-49.328579"><ele>762.561</ele><time>2022-07-31T23:09:19Z</time></trkpt><trkpt lat="-24.114454" lon="-49.328573"><ele>790.217</ele><time>2022-07-31T23:09:21Z</time></trkpt><trkpt lat="-24.114510" lon="-49.328554"><ele>770.709</ele><time>2022-07-31T23:09:23Z</time></trkpt><trkpt lat="-24.114573" lon="-49.328534"><ele>760.179</ele><time>2022-07-31T23:09:25Z</time></trkpt><trkpt lat="-24.114631" lon="-49.328514"><ele>758.778</ele><time>2022-07-31T23:09:26Z</time></trkpt><trkpt lat="-24.114714" lon="-49.328505"><ele>752.987</ele><time>2022-07-31T23:09:28Z</time></trkpt><trkpt lat="-24.114786" lon="-49.328478"><ele>749.421</ele><time>2022-07-31T23:09:30Z</time></trkpt><trkpt lat="-24.114834" lon="-49.328466"><ele>748.584</ele><time>2022-07-31T23:09:31Z</time></trkpt><trkpt lat="-24.114896" lon="-49.328451"><ele>748.953</ele><time>2022-07-31T23:09:33Z</time></trkpt><trkpt lat="-24.114944" lon="-49.328449"><ele>745.064</ele><time>2022-07-31T23:09:35Z</time></trkpt><trkpt lat="-24.115010" lon="-49.328432"><ele>746.311</ele><time>2022-07-31T23:09:37Z</time></trkpt><trkpt lat="-24.115084" lon="-49.328411"><ele>744.968</ele><time>2022-07-31T23:09:39Z</time></trkpt><trkpt lat="-24.115170" lon="-49.328391"><ele>746.471</ele><time>2022-07-31T23:09:41Z</time></trkpt><trkpt lat="-24.115225" lon="-49.328390"><ele>744.241</ele><time>2022-07-31T23:09:42Z</time></trkpt><trkpt lat="-24.115271" lon="-49.328378"><ele>744.215</ele><time>2022-07-31T23:09:43Z</time></trkpt><trkpt lat="-24.115328" lon="-49.328367"><ele>743.809</ele><time>2022-07-31T23:09:44Z</time></trkpt><trkpt lat="-24.115423" lon="-49.328353"><ele>741.318</ele><time>2022-07-31T23:09:46Z</time></trkpt><trkpt lat="-24.115473" lon="-49.328334"><ele>739.647</ele><time>2022-07-31T23:09:47Z</time></trkpt><trkpt lat="-24.115545" lon="-49.328306"><ele>737.716</ele><time>2022-07-31T23:09:49Z</time></trkpt><trkpt lat="-24.115611" lon="-49.328294"><ele>739.410</ele><time>2022-07-31T23:09:51Z</time></trkpt><trkpt lat="-24.115660" lon="-49.328277"><ele>739.973</ele><time>2022-07-31T23:09:52Z</time></trkpt><trkpt lat="-24.115722" lon="-49.328254"><ele>740.212</ele><time>2022-07-31T23:09:53Z</time></trkpt><trkpt lat="-24.115796" lon="-49.328247"><ele>739.743</ele><time>2022-07-31T23:09:54Z</time></trkpt><trkpt lat="-24.115862" lon="-49.328226"><ele>739.010</ele><time>2022-07-31T23:09:55Z</time></trkpt><trkpt lat="-24.115933" lon="-49.328214"><ele>737.867</ele><time>2022-07-31T23:09:56Z</time></trkpt><trkpt lat="-24.116003" lon="-49.328196"><ele>736.724</ele><time>2022-07-31T23:09:57Z</time></trkpt><trkpt lat="-24.116072" lon="-49.328177"><ele>736.004</ele><time>2022-07-31T23:09:58Z</time></trkpt><trkpt lat="-24.116133" lon="-49.328161"><ele>735.914</ele><time>2022-07-31T23:09:59Z</time></trkpt><trkpt lat="-24.116181" lon="-49.328154"><ele>735.009</ele><time>2022-07-31T23:10:00Z</time></trkpt><trkpt lat="-24.116268" lon="-49.328185"><ele>734.033</ele><time>2022-07-31T23:10:02Z</time></trkpt><trkpt lat="-24.116296" lon="-49.328231"><ele>733.442</ele><time>2022-07-31T23:10:03Z</time></trkpt><trkpt lat="-24.116328" lon="-49.328298"><ele>732.381</ele><time>2022-07-31T23:10:04Z</time></trkpt><trkpt lat="-24.116346" lon="-49.328378"><ele>731.815</ele><time>2022-07-31T23:10:05Z</time></trkpt><trkpt lat="-24.116357" lon="-49.328457"><ele>731.658</ele><time>2022-07-31T23:10:06Z</time></trkpt><trkpt lat="-24.116373" lon="-49.328538"><ele>731.547</ele><time>2022-07-31T23:10:07Z</time></trkpt><trkpt lat="-24.116379" lon="-49.328630"><ele>730.378</ele><time>2022-07-31T23:10:08Z</time></trkpt><trkpt lat="-24.116385" lon="-49.328732"><ele>729.145</ele><time>2022-07-31T23:10:09Z</time></trkpt><trkpt lat="-24.116407" lon="-49.328822"><ele>729.492</ele><time>2022-07-31T23:10:10Z</time></trkpt><trkpt lat="-24.116417" lon="-49.328910"><ele>730.856</ele><time>2022-07-31T23:10:11Z</time></trkpt><trkpt lat="-24.116433" lon="-49.329004"><ele>730.159</ele><time>2022-07-31T23:10:12Z</time></trkpt><trkpt lat="-24.116455" lon="-49.329094"><ele>729.014</ele><time>2022-07-31T23:10:13Z</time></trkpt><trkpt lat="-24.116468" lon="-49.329164"><ele>728.409</ele><time>2022-07-31T23:10:14Z</time></trkpt><trkpt lat="-24.116482" lon="-49.329251"><ele>728.026</ele><time>2022-07-31T23:10:16Z</time></trkpt><trkpt lat="-24.116496" lon="-49.329337"><ele>726.375</ele><time>2022-07-31T23:10:18Z</time></trkpt><trkpt lat="-24.116512" lon="-49.329405"><ele>726.244</ele><time>2022-07-31T23:10:19Z</time></trkpt><trkpt lat="-24.116527" lon="-49.329468"><ele>726.668</ele><time>2022-07-31T23:10:20Z</time></trkpt><trkpt lat="-24.116538" lon="-49.329533"><ele>727.231</ele><time>2022-07-31T23:10:21Z</time></trkpt><trkpt lat="-24.116557" lon="-49.329592"><ele>727.260</ele><time>2022-07-31T23:10:22Z</time></trkpt><trkpt lat="-24.116560" lon="-49.329654"><ele>726.981</ele><time>2022-07-31T23:10:23Z</time></trkpt><trkpt lat="-24.116563" lon="-49.329742"><ele>727.558</ele><time>2022-07-31T23:10:25Z</time></trkpt><trkpt lat="-24.116603" lon="-49.329709"><ele>726.725</ele><time>2022-07-31T23:11:15Z</time></trkpt><trkpt lat="-24.116642" lon="-49.329675"><ele>731.877</ele><time>2022-07-31T23:16:14Z</time></trkpt><trkpt lat="-24.116624" lon="-49.329738"><ele>734.261</ele><time>2022-07-31T23:16:47Z</time></trkpt><trkpt lat="-24.116634" lon="-49.329799"><ele>735.127</ele><time>2022-07-31T23:16:49Z</time></trkpt><trkpt lat="-24.116651" lon="-49.329882"><ele>735.009</ele><time>2022-07-31T23:16:51Z</time></trkpt><trkpt lat="-24.116658" lon="-49.329990"><ele>734.268</ele><time>2022-07-31T23:16:53Z</time></trkpt><trkpt lat="-24.116670" lon="-49.330071"><ele>734.727</ele><time>2022-07-31T23:16:55Z</time></trkpt><trkpt lat="-24.116663" lon="-49.330145"><ele>734.276</ele><time>2022-07-31T23:16:57Z</time></trkpt><trkpt lat="-24.116612" lon="-49.330202"><ele>733.280</ele><time>2022-07-31T23:16:59Z</time></trkpt><trkpt lat="-24.116525" lon="-49.330233"><ele>731.543</ele><time>2022-07-31T23:17:01Z</time></trkpt><trkpt lat="-24.116478" lon="-49.330241"><ele>747.362</ele><time>2022-07-31T23:17:02Z</time></trkpt><trkpt lat="-24.116434" lon="-49.330256"><ele>762.723</ele><time>2022-07-31T23:17:03Z</time></trkpt><trkpt lat="-24.116387" lon="-49.330273"><ele>779.310</ele><time>2022-07-31T23:17:04Z</time></trkpt><trkpt lat="-24.116341" lon="-49.330284"><ele>791.767</ele><time>2022-07-31T23:17:05Z</time></trkpt><trkpt lat="-24.116285" lon="-49.330287"><ele>784.347</ele><time>2022-07-31T23:17:06Z</time></trkpt><trkpt lat="-24.116197" lon="-49.330296"><ele>768.629</ele><time>2022-07-31T23:17:08Z</time></trkpt><trkpt lat="-24.116148" lon="-49.330302"><ele>764.521</ele><time>2022-07-31T23:17:09Z</time></trkpt><trkpt lat="-24.116090" lon="-49.330323"><ele>767.409</ele><time>2022-07-31T23:17:10Z</time></trkpt><trkpt lat="-24.116005" lon="-49.330346"><ele>758.465</ele><time>2022-07-31T23:17:12Z</time></trkpt><trkpt lat="-24.115948" lon="-49.330357"><ele>753.514</ele><time>2022-07-31T23:17:13Z</time></trkpt><trkpt lat="-24.115855" lon="-49.330380"><ele>755.243</ele><time>2022-07-31T23:17:15Z</time></trkpt><trkpt lat="-24.115761" lon="-49.330391"><ele>747.377</ele><time>2022-07-31T23:17:17Z</time></trkpt><trkpt lat="-24.115710" lon="-49.330399"><ele>748.080</ele><time>2022-07-31T23:17:18Z</time></trkpt><trkpt lat="-24.115655" lon="-49.330408"><ele>746.019</ele><time>2022-07-31T23:17:19Z</time></trkpt><trkpt lat="-24.115609" lon="-49.330419"><ele>745.260</ele><time>2022-07-31T23:17:20Z</time></trkpt><trkpt lat="-24.115528" lon="-49.330438"><ele>746.777</ele><time>2022-07-31T23:17:22Z</time></trkpt><trkpt lat="-24.115458" lon="-49.330461"><ele>745.514</ele><time>2022-07-31T23:17:24Z</time></trkpt><trkpt lat="-24.115382" lon="-49.330469"><ele>748.623</ele><time>2022-07-31T23:17:26Z</time></trkpt><trkpt lat="-24.115294" lon="-49.330490"><ele>747.983</ele><time>2022-07-31T23:17:28Z</time></trkpt><trkpt lat="-24.115210" lon="-49.330512"><ele>750.911</ele><time>2022-07-31T23:17:30Z</time></trkpt><trkpt lat="-24.115159" lon="-49.330535"><ele>751.609</ele><time>2022-07-31T23:17:31Z</time></trkpt><trkpt lat="-24.115114" lon="-49.330550"><ele>752.313</ele><time>2022-07-31T23:17:32Z</time></trkpt><trkpt lat="-24.115068" lon="-49.330557"><ele>752.372</ele><time>2022-07-31T23:17:33Z</time></trkpt><trkpt lat="-24.115019" lon="-49.330571"><ele>752.181</ele><time>2022-07-31T23:17:34Z</time></trkpt><trkpt lat="-24.114940" lon="-49.330597"><ele>750.365</ele><time>2022-07-31T23:17:36Z</time></trkpt><trkpt lat="-24.114894" lon="-49.330606"><ele>750.688</ele><time>2022-07-31T23:17:37Z</time></trkpt><trkpt lat="-24.114849" lon="-49.330614"><ele>749.117</ele><time>2022-07-31T23:17:38Z</time></trkpt><trkpt lat="-24.114766" lon="-49.330629"><ele>749.858</ele><time>2022-07-31T23:17:40Z</time></trkpt><trkpt lat="-24.114717" lon="-49.330641"><ele>749.695</ele><time>2022-07-31T23:17:41Z</time></trkpt><trkpt lat="-24.114670" lon="-49.330643"><ele>751.642</ele><time>2022-07-31T23:17:42Z</time></trkpt><trkpt lat="-24.114616" lon="-49.330651"><ele>751.733</ele><time>2022-07-31T23:17:43Z</time></trkpt><trkpt lat="-24.114530" lon="-49.330669"><ele>753.323</ele><time>2022-07-31T23:17:45Z</time></trkpt><trkpt lat="-24.114478" lon="-49.330689"><ele>755.415</ele><time>2022-07-31T23:17:46Z</time></trkpt><trkpt lat="-24.114397" lon="-49.330715"><ele>755.009</ele><time>2022-07-31T23:17:48Z</time></trkpt><trkpt lat="-24.114349" lon="-49.330722"><ele>755.074</ele><time>2022-07-31T23:17:49Z</time></trkpt><trkpt lat="-24.114263" lon="-49.330733"><ele>758.323</ele><time>2022-07-31T23:17:51Z</time></trkpt><trkpt lat="-24.114174" lon="-49.330750"><ele>759.032</ele><time>2022-07-31T23:17:53Z</time></trkpt><trkpt lat="-24.114130" lon="-49.330763"><ele>759.256</ele><time>2022-07-31T23:17:54Z</time></trkpt><trkpt lat="-24.114043" lon="-49.330780"><ele>762.029</ele><time>2022-07-31T23:17:56Z</time></trkpt><trkpt lat="-24.113970" lon="-49.330795"><ele>766.178</ele><time>2022-07-31T23:17:58Z</time></trkpt><trkpt lat="-24.113898" lon="-49.330799"><ele>765.449</ele><time>2022-07-31T23:18:01Z</time></trkpt><trkpt lat="-24.113828" lon="-49.330822"><ele>765.236</ele><time>2022-07-31T23:18:03Z</time></trkpt><trkpt lat="-24.113763" lon="-49.330827"><ele>764.563</ele><time>2022-07-31T23:18:05Z</time></trkpt><trkpt lat="-24.113672" lon="-49.330859"><ele>766.012</ele><time>2022-07-31T23:18:07Z</time></trkpt><trkpt lat="-24.113616" lon="-49.330883"><ele>766.632</ele><time>2022-07-31T23:18:08Z</time></trkpt><trkpt lat="-24.113518" lon="-49.330894"><ele>766.605</ele><time>2022-07-31T23:18:10Z</time></trkpt><trkpt lat="-24.113468" lon="-49.330901"><ele>767.209</ele><time>2022-07-31T23:18:11Z</time></trkpt><trkpt lat="-24.113417" lon="-49.330907"><ele>765.992</ele><time>2022-07-31T23:18:12Z</time></trkpt><trkpt lat="-24.113354" lon="-49.330918"><ele>767.261</ele><time>2022-07-31T23:18:13Z</time></trkpt><trkpt lat="-24.113259" lon="-49.330946"><ele>769.190</ele><time>2022-07-31T23:18:15Z</time></trkpt><trkpt lat="-24.113200" lon="-49.330962"><ele>769.764</ele><time>2022-07-31T23:18:16Z</time></trkpt><trkpt lat="-24.113146" lon="-49.330970"><ele>770.027</ele><time>2022-07-31T23:18:17Z</time></trkpt><trkpt lat="-24.113096" lon="-49.330978"><ele>770.586</ele><time>2022-07-31T23:18:18Z</time></trkpt><trkpt lat="-24.113047" lon="-49.330986"><ele>770.837</ele><time>2022-07-31T23:18:19Z</time></trkpt><trkpt lat="-24.113000" lon="-49.331002"><ele>770.584</ele><time>2022-07-31T23:18:20Z</time></trkpt><trkpt lat="-24.112920" lon="-49.331016"><ele>770.861</ele><time>2022-07-31T23:18:22Z</time></trkpt><trkpt lat="-24.112868" lon="-49.331018"><ele>773.164</ele><time>2022-07-31T23:18:25Z</time></trkpt><trkpt lat="-24.112827" lon="-49.331089"><ele>773.206</ele><time>2022-07-31T23:18:27Z</time></trkpt><trkpt lat="-24.112839" lon="-49.331173"><ele>767.816</ele><time>2022-07-31T23:18:29Z</time></trkpt><trkpt lat="-24.112854" lon="-49.331225"><ele>769.309</ele><time>2022-07-31T23:18:30Z</time></trkpt><trkpt lat="-24.112874" lon="-49.331317"><ele>768.757</ele><time>2022-07-31T23:18:32Z</time></trkpt><trkpt lat="-24.112892" lon="-49.331392"><ele>765.186</ele><time>2022-07-31T23:18:34Z</time></trkpt><trkpt lat="-24.112910" lon="-49.331474"><ele>764.275</ele><time>2022-07-31T23:18:36Z</time></trkpt><trkpt lat="-24.112914" lon="-49.331531"><ele>764.529</ele><time>2022-07-31T23:18:37Z</time></trkpt><trkpt lat="-24.112922" lon="-49.331589"><ele>763.832</ele><time>2022-07-31T23:18:38Z</time></trkpt><trkpt lat="-24.112932" lon="-49.331649"><ele>764.381</ele><time>2022-07-31T23:18:39Z</time></trkpt><trkpt lat="-24.112947" lon="-49.331714"><ele>763.312</ele><time>2022-07-31T23:18:40Z</time></trkpt><trkpt lat="-24.112961" lon="-49.331765"><ele>762.829</ele><time>2022-07-31T23:18:41Z</time></trkpt><trkpt lat="-24.112973" lon="-49.331819"><ele>761.246</ele><time>2022-07-31T23:18:42Z</time></trkpt><trkpt lat="-24.112986" lon="-49.331880"><ele>762.349</ele><time>2022-07-31T23:18:43Z</time></trkpt><trkpt lat="-24.112997" lon="-49.331930"><ele>761.502</ele><time>2022-07-31T23:18:44Z</time></trkpt><trkpt lat="-24.113010" lon="-49.331985"><ele>760.122</ele><time>2022-07-31T23:18:45Z</time></trkpt><trkpt lat="-24.113021" lon="-49.332039"><ele>760.009</ele><time>2022-07-31T23:18:46Z</time></trkpt><trkpt lat="-24.113034" lon="-49.332095"><ele>759.915</ele><time>2022-07-31T23:18:47Z</time></trkpt><trkpt lat="-24.113049" lon="-49.332144"><ele>759.534</ele><time>2022-07-31T23:18:48Z</time></trkpt><trkpt lat="-24.113064" lon="-49.332194"><ele>759.883</ele><time>2022-07-31T23:18:49Z</time></trkpt><trkpt lat="-24.113080" lon="-49.332284"><ele>759.687</ele><time>2022-07-31T23:18:51Z</time></trkpt><trkpt lat="-24.113103" lon="-49.332373"><ele>759.610</ele><time>2022-07-31T23:18:53Z</time></trkpt><trkpt lat="-24.113126" lon="-49.332464"><ele>757.489</ele><time>2022-07-31T23:18:55Z</time></trkpt><trkpt lat="-24.113147" lon="-49.332556"><ele>759.660</ele><time>2022-07-31T23:18:57Z</time></trkpt><trkpt lat="-24.113168" lon="-49.332648"><ele>760.627</ele><time>2022-07-31T23:18:59Z</time></trkpt><trkpt lat="-24.113178" lon="-49.332699"><ele>760.514</ele><time>2022-07-31T23:19:00Z</time></trkpt><trkpt lat="-24.113193" lon="-49.332751"><ele>760.879</ele><time>2022-07-31T23:19:01Z</time></trkpt><trkpt lat="-24.113221" lon="-49.332847"><ele>760.905</ele><time>2022-07-31T23:19:03Z</time></trkpt><trkpt lat="-24.113234" lon="-49.332936"><ele>760.825</ele><time>2022-07-31T23:19:05Z</time></trkpt><trkpt lat="-24.113256" lon="-49.333018"><ele>760.109</ele><time>2022-07-31T23:19:07Z</time></trkpt><trkpt lat="-24.113261" lon="-49.333108"><ele>756.148</ele><time>2022-07-31T23:19:09Z</time></trkpt><trkpt lat="-24.113282" lon="-49.333191"><ele>757.787</ele><time>2022-07-31T23:19:11Z</time></trkpt><trkpt lat="-24.113302" lon="-49.333278"><ele>754.066</ele><time>2022-07-31T23:19:13Z</time></trkpt><trkpt lat="-24.113322" lon="-49.333355"><ele>753.780</ele><time>2022-07-31T23:19:15Z</time></trkpt><trkpt lat="-24.113342" lon="-49.333425"><ele>753.353</ele><time>2022-07-31T23:19:17Z</time></trkpt><trkpt lat="-24.113356" lon="-49.333507"><ele>754.162</ele><time>2022-07-31T23:19:19Z</time></trkpt><trkpt lat="-24.113379" lon="-49.333597"><ele>754.273</ele><time>2022-07-31T23:19:21Z</time></trkpt><trkpt lat="-24.113390" lon="-49.333648"><ele>754.190</ele><time>2022-07-31T23:19:22Z</time></trkpt><trkpt lat="-24.113407" lon="-49.333701"><ele>753.867</ele><time>2022-07-31T23:19:23Z</time></trkpt><trkpt lat="-24.113427" lon="-49.333758"><ele>752.558</ele><time>2022-07-31T23:19:24Z</time></trkpt><trkpt lat="-24.113438" lon="-49.333810"><ele>752.952</ele><time>2022-07-31T23:19:25Z</time></trkpt><trkpt lat="-24.113452" lon="-49.333869"><ele>753.617</ele><time>2022-07-31T23:19:26Z</time></trkpt><trkpt lat="-24.113458" lon="-49.333927"><ele>754.009</ele><time>2022-07-31T23:19:27Z</time></trkpt><trkpt lat="-24.113471" lon="-49.333987"><ele>754.396</ele><time>2022-07-31T23:19:28Z</time></trkpt><trkpt lat="-24.113480" lon="-49.334053"><ele>753.855</ele><time>2022-07-31T23:19:29Z</time></trkpt><trkpt lat="-24.113489" lon="-49.334119"><ele>753.474</ele><time>2022-07-31T23:19:30Z</time></trkpt><trkpt lat="-24.113498" lon="-49.334177"><ele>752.818</ele><time>2022-07-31T23:19:31Z</time></trkpt><trkpt lat="-24.113506" lon="-49.334227"><ele>753.181</ele><time>2022-07-31T23:19:32Z</time></trkpt><trkpt lat="-24.113518" lon="-49.334275"><ele>753.220</ele><time>2022-07-31T23:19:33Z</time></trkpt><trkpt lat="-24.113528" lon="-49.334325"><ele>752.211</ele><time>2022-07-31T23:19:34Z</time></trkpt><trkpt lat="-24.113548" lon="-49.334417"><ele>752.298</ele><time>2022-07-31T23:19:36Z</time></trkpt><trkpt lat="-24.113571" lon="-49.334517"><ele>751.845</ele><time>2022-07-31T23:19:38Z</time></trkpt><trkpt lat="-24.113592" lon="-49.334599"><ele>751.966</ele><time>2022-07-31T23:19:40Z</time></trkpt><trkpt lat="-24.113615" lon="-49.334691"><ele>751.229</ele><time>2022-07-31T23:19:42Z</time></trkpt><trkpt lat="-24.113635" lon="-49.334781"><ele>750.421</ele><time>2022-07-31T23:19:44Z</time></trkpt><trkpt lat="-24.113666" lon="-49.334891"><ele>751.109</ele><time>2022-07-31T23:19:46Z</time></trkpt><trkpt lat="-24.113683" lon="-49.334962"><ele>751.057</ele><time>2022-07-31T23:19:47Z</time></trkpt><trkpt lat="-24.113708" lon="-49.335045"><ele>751.346</ele><time>2022-07-31T23:19:48Z</time></trkpt><trkpt lat="-24.113731" lon="-49.335133"><ele>751.265</ele><time>2022-07-31T23:19:49Z</time></trkpt><trkpt lat="-24.113752" lon="-49.335211"><ele>751.089</ele><time>2022-07-31T23:19:50Z</time></trkpt><trkpt lat="-24.113772" lon="-49.335297"><ele>750.782</ele><time>2022-07-31T23:19:51Z</time></trkpt><trkpt lat="-24.113779" lon="-49.335372"><ele>750.251</ele><time>2022-07-31T23:19:52Z</time></trkpt><trkpt lat="-24.113795" lon="-49.335445"><ele>750.542</ele><time>2022-07-31T23:19:53Z</time></trkpt><trkpt lat="-24.113806" lon="-49.335509"><ele>749.579</ele><time>2022-07-31T23:19:54Z</time></trkpt><trkpt lat="-24.113815" lon="-49.335569"><ele>749.876</ele><time>2022-07-31T23:19:55Z</time></trkpt><trkpt lat="-24.113824" lon="-49.335640"><ele>751.056</ele><time>2022-07-31T23:19:56Z</time></trkpt><trkpt lat="-24.113840" lon="-49.335707"><ele>751.959</ele><time>2022-07-31T23:19:57Z</time></trkpt><trkpt lat="-24.113836" lon="-49.335762"><ele>751.114</ele><time>2022-07-31T23:19:58Z</time></trkpt><trkpt lat="-24.113850" lon="-49.335811"><ele>750.109</ele><time>2022-07-31T23:19:59Z</time></trkpt><trkpt lat="-24.113869" lon="-49.335877"><ele>749.846</ele><time>2022-07-31T23:20:00Z</time></trkpt><trkpt lat="-24.113886" lon="-49.335939"><ele>749.055</ele><time>2022-07-31T23:20:01Z</time></trkpt><trkpt lat="-24.113901" lon="-49.336021"><ele>749.364</ele><time>2022-07-31T23:20:02Z</time></trkpt><trkpt lat="-24.113920" lon="-49.336113"><ele>749.148</ele><time>2022-07-31T23:20:03Z</time></trkpt><trkpt lat="-24.113936" lon="-49.336217"><ele>748.281</ele><time>2022-07-31T23:20:04Z</time></trkpt><trkpt lat="-24.113955" lon="-49.336326"><ele>748.640</ele><time>2022-07-31T23:20:05Z</time></trkpt><trkpt lat="-24.113980" lon="-49.336445"><ele>747.261</ele><time>2022-07-31T23:20:06Z</time></trkpt><trkpt lat="-24.114008" lon="-49.336566"><ele>747.718</ele><time>2022-07-31T23:20:07Z</time></trkpt><trkpt lat="-24.114033" lon="-49.336688"><ele>747.775</ele><time>2022-07-31T23:20:08Z</time></trkpt><trkpt lat="-24.114058" lon="-49.336807"><ele>747.392</ele><time>2022-07-31T23:20:09Z</time></trkpt><trkpt lat="-24.114083" lon="-49.336919"><ele>746.173</ele><time>2022-07-31T23:20:10Z</time></trkpt><trkpt lat="-24.114097" lon="-49.337025"><ele>745.820</ele><time>2022-07-31T23:20:11Z</time></trkpt><trkpt lat="-24.114108" lon="-49.337113"><ele>746.309</ele><time>2022-07-31T23:20:12Z</time></trkpt><trkpt lat="-24.114112" lon="-49.337184"><ele>745.980</ele><time>2022-07-31T23:20:13Z</time></trkpt><trkpt lat="-24.114112" lon="-49.337237"><ele>745.369</ele><time>2022-07-31T23:20:14Z</time></trkpt><trkpt lat="-24.114075" lon="-49.337270"><ele>738.778</ele><time>2022-07-31T23:23:07Z</time></trkpt><trkpt lat="-24.114028" lon="-49.337267"><ele>734.772</ele><time>2022-07-31T23:23:31Z</time></trkpt><trkpt lat="-24.114078" lon="-49.337250"><ele>738.325</ele><time>2022-07-31T23:23:46Z</time></trkpt><trkpt lat="-24.114035" lon="-49.337266"><ele>743.414</ele><time>2022-07-31T23:24:33Z</time></trkpt><trkpt lat="-24.113967" lon="-49.337254"><ele>741.045</ele><time>2022-07-31T23:26:30Z</time></trkpt><trkpt lat="-24.113900" lon="-49.337234"><ele>742.192</ele><time>2022-07-31T23:26:47Z</time></trkpt></trkseg></trk></gpx>