<?xml version="1.0" encoding="UTF-8"?><gpx creator="Wikiloc - https://www.wikiloc.com" version="1.1" xmlns="http://www.topografix.com/GPX/1/1" xmlns:xsi="http://www.w3.org/2001/XMLSchema-instance" xsi:schemaLocation="http://www.topografix.com/GPX/1/1 http://www.topografix.com/GPX/1/1/gpx.xsd"><metadata><name>Wikiloc - PR2 CDV - Trilho do Carreiro dos SS (Serra do Montejunto)</name><author><name>MBruno77</name><link href="https://www.wikiloc.com/wikiloc/user.do?id=9657258"><text>MBruno77 on Wikiloc</text></link></author><link href="https://www.wikiloc.com/hiking-trails/pr2-cdv-trilho-do-carreiro-dos-ss-serra-montejunto-174414320"><text>PR2 CDV - Trilho do Carreiro dos SS (Serra do Montejunto) on Wikiloc</text></link><time>2024-06-16T17:17:09.050Z</time></metadata><wpt lat="39.180315" lon="-9.050809"><ele>524.5</ele><time>2024-06-17T07:48:36.469Z</time><name>Pedra interseção</name><cmt></cmt><desc></desc></wpt><wpt lat="39.180568" lon="-9.051774"><ele>527.6</ele><time>2024-06-17T07:48:36.469Z</time><name>Casa</name><cmt></cmt><desc></desc></wpt><wpt lat="39.179961" lon="-9.054703"><ele>522.1</ele><time>2024-06-17T07:48:36.469Z</time><name>Lagoa de Montejunto</name><cmt></cmt><desc></desc></wpt><wpt lat="39.179475" lon="-9.056307"><ele>530.0</ele><time>2024-06-17T07:48:36.469Z</time><name>Parque</name><cmt></cmt><desc></desc></wpt><wpt lat="39.178522" lon="-9.056452"><ele>549.7</ele><time>2024-06-17T07:48:36.469Z</time><name>Escada</name><cmt></cmt><desc></desc></wpt><wpt lat="39.178123" lon="-9.056661"><ele>559.5</ele><time>2024-06-17T07:48:36.469Z</time><name>Trilho</name><cmt></cmt><desc></desc></wpt><wpt lat="39.177711" lon="-9.056801"><ele>564.3</ele><time>2024-06-17T07:48:36.469Z</time><name>Foto</name><cmt></cmt><desc></desc></wpt><wpt lat="39.176709" lon="-9.056591"><ele>580.3</ele><time>2024-06-17T07:48:36.469Z</time><name>Panorâmica</name><cmt></cmt><desc></desc></wpt><wpt lat="39.176073" lon="-9.057750"><ele>600.7</ele><time>2024-06-17T07:48:36.469Z</time><name>Foto</name><cmt></cmt><desc></desc></wpt><wpt lat="39.175295" lon="-9.057798"><ele>618.0</ele><time>2024-06-17T07:48:36.469Z</time><name>Foto</name><cmt></cmt><desc></desc></wpt><wpt lat="39.174863" lon="-9.058861"><ele>635.6</ele><time>2024-06-17T07:48:36.469Z</time><name>Foto</name><cmt></cmt><desc></desc></wpt><wpt lat="39.174755" lon="-9.059091"><ele>641.9</ele><time>2024-06-17T07:48:36.469Z</time><name>Convento Dominicano</name><cmt></cmt><desc></desc></wpt><wpt lat="39.175118" lon="-9.059566"><ele>641.2</ele><time>2024-06-17T07:48:36.469Z</time><name>Informação</name><cmt></cmt><desc></desc></wpt><wpt lat="39.175110" lon="-9.059705"><ele>642.5</ele><time>2024-06-17T07:48:36.469Z</time><name>Azulejos</name><cmt></cmt><desc></desc></wpt><wpt lat="39.175123" lon="-9.059821"><ele>643.1</ele><time>2024-06-17T07:48:36.469Z</time><name>Informação</name><cmt></cmt><desc></desc></wpt><wpt lat="39.174832" lon="-9.059700"><ele>649.0</ele><time>2024-06-17T07:48:36.469Z</time><name>Capela de Nossa Senhora das Neves</name><cmt></cmt><desc></desc></wpt><wpt lat="39.173605" lon="-9.060556"><ele>649.8</ele><time>2024-06-17T07:48:36.469Z</time><name>Informação</name><cmt></cmt><desc></desc></wpt><wpt lat="39.173580" lon="-9.060735"><ele>649.1</ele><time>2024-06-17T07:48:36.469Z</time><name>Informação</name><cmt></cmt><desc></desc></wpt><wpt lat="39.173709" lon="-9.061036"><ele>651.4</ele><time>2024-06-17T07:48:36.469Z</time><name>Panorâmica</name><cmt></cmt><desc></desc></wpt><wpt lat="39.174137" lon="-9.060668"><ele>655.2</ele><time>2024-06-17T07:48:36.469Z</time><name>Foto</name><cmt></cmt><desc></desc></wpt><wpt lat="39.174174" lon="-9.059971"><ele>655.9</ele><time>2024-06-17T07:48:36.469Z</time><name>Ermida de São João Baptista</name><cmt></cmt><desc></desc></wpt><wpt lat="39.175514" lon="-9.061441"><ele>635.2</ele><time>2024-06-17T07:48:36.469Z</time><name>Foto</name><cmt></cmt><desc></desc></wpt><wpt lat="39.176260" lon="-9.064386"><ele>591.3</ele><time>2024-06-17T07:48:36.469Z</time><name>Foto</name><cmt></cmt><desc></desc></wpt><wpt lat="39.175794" lon="-9.068313"><ele>549.3</ele><time>2024-06-17T07:48:36.469Z</time><name>Panorâmica</name><cmt></cmt><desc></desc></wpt><wpt lat="39.174356" lon="-9.068806"><ele>500.5</ele><time>2024-06-17T07:48:36.469Z</time><name>Foto</name><cmt></cmt><desc></desc></wpt><wpt lat="39.173391" lon="-9.068731"><ele>475.4</ele><time>2024-06-17T07:48:36.469Z</time><name>Panorâmica</name><cmt></cmt><desc></desc></wpt><wpt lat="39.172457" lon="-9.069265"><ele>453.8</ele><time>2024-06-17T07:48:36.469Z</time><name>Foto</name><cmt></cmt><desc></desc></wpt><wpt lat="39.171281" lon="-9.070064"><ele>432.7</ele><time>2024-06-17T07:48:36.469Z</time><name>Foto</name><cmt></cmt><desc></desc></wpt><wpt lat="39.171043" lon="-9.070874"><ele>404.4</ele><time>2024-06-17T07:48:36.469Z</time><name>Panorâmica</name><cmt></cmt><desc></desc></wpt><wpt lat="39.170147" lon="-9.072518"><ele>394.5</ele><time>2024-06-17T07:48:36.469Z</time><name>Foto</name><cmt></cmt><desc></desc></wpt><wpt lat="39.168833" lon="-9.076273"><ele>368.1</ele><time>2024-06-17T07:48:36.469Z</time><name>Foto</name><cmt></cmt><desc></desc></wpt><wpt lat="39.171161" lon="-9.077840"><ele>379.3</ele><time>2024-06-17T07:48:36.469Z</time><name>Panorama</name><cmt></cmt><desc></desc></wpt><wpt lat="39.172490" lon="-9.079514"><ele>383.0</ele><time>2024-06-17T07:48:36.469Z</time><name>Panorama</name><cmt></cmt><desc></desc></wpt><wpt lat="39.173773" lon="-9.081273"><ele>394.6</ele><time>2024-06-17T07:48:36.469Z</time><name>Panorama</name><cmt></cmt><desc></desc></wpt><wpt lat="39.173906" lon="-9.080297"><ele>406.4</ele><time>2024-06-17T07:48:36.469Z</time><name>Panorama</name><cmt></cmt><desc></desc></wpt><wpt lat="39.174047" lon="-9.078130"><ele>437.0</ele><time>2024-06-17T07:48:36.469Z</time><name>Foto</name><cmt></cmt><desc></desc></wpt><wpt lat="39.174978" lon="-9.077003"><ele>472.9</ele><time>2024-06-17T07:48:36.469Z</time><name>Foto</name><cmt></cmt><desc></desc></wpt><wpt lat="39.175469" lon="-9.074911"><ele>503.1</ele><time>2024-06-17T07:48:36.469Z</time><name>Foto</name><cmt></cmt><desc></desc></wpt><wpt lat="39.175419" lon="-9.073548"><ele>522.7</ele><time>2024-06-17T07:48:36.469Z</time><name>Foto</name><cmt></cmt><desc></desc></wpt><wpt lat="39.175311" lon="-9.071639"><ele>537.4</ele><time>2024-06-17T07:48:36.469Z</time><name>Foto</name><cmt></cmt><desc></desc></wpt><wpt lat="39.175810" lon="-9.069439"><ele>547.4</ele><time>2024-06-17T07:48:36.469Z</time><name>Foto</name><cmt></cmt><desc></desc></wpt><wpt lat="39.176718" lon="-9.067647"><ele>565.5</ele><time>2024-06-17T07:48:36.469Z</time><name>Foto</name><cmt></cmt><desc></desc></wpt><wpt lat="39.177350" lon="-9.066875"><ele>562.1</ele><time>2024-06-17T07:48:36.469Z</time><name>Panorama</name><cmt></cmt><desc></desc></wpt><wpt lat="39.177915" lon="-9.066135"><ele>559.2</ele><time>2024-06-17T07:48:36.469Z</time><name>Foto</name><cmt></cmt><desc></desc></wpt><wpt lat="39.178488" lon="-9.065545"><ele>554.7</ele><time>2024-06-17T07:48:36.469Z</time><name>Foto</name><cmt></cmt><desc></desc></wpt><wpt lat="39.179029" lon="-9.064987"><ele>548.1</ele><time>2024-06-17T07:48:36.469Z</time><name>Foto</name><cmt></cmt><desc></desc></wpt><wpt lat="39.180267" lon="-9.061103"><ele>518.2</ele><time>2024-06-17T07:48:36.469Z</time><name>Moinho</name><cmt></cmt><desc></desc></wpt><wpt lat="39.179828" lon="-9.058667"><ele>513.2</ele><time>2024-06-17T07:48:36.469Z</time><name>Panorama</name><cmt></cmt><desc></desc></wpt><wpt lat="39.180206" lon="-9.057332"><ele>524.5</ele><time>2024-06-17T07:48:36.469Z</time><name>Estátua da Nossa Senhora das Neves</name><cmt></cmt><desc></desc></wpt><trk><name>PR2 CDV - Trilho do Carreiro dos SS (Serra do Montejunto) - ...</name><cmt></cmt><desc></desc><trkseg><trkpt lat="39.180008" lon="-9.050407"><ele>533.185</ele><time>2024-06-16T14:14:20Z</time></trkpt><trkpt lat="39.180048" lon="-9.050449"><ele>533.189</ele><time>2024-06-16T14:14:30.081Z</time></trkpt><trkpt lat="39.180090" lon="-9.050481"><ele>532.817</ele><time>2024-06-16T14:14:36.081Z</time></trkpt><trkpt lat="39.180152" lon="-9.050506"><ele>532.809</ele><time>2024-06-16T14:14:40.081Z</time></trkpt><trkpt lat="39.180187" lon="-9.050546"><ele>533.089</ele><time>2024-06-16T14:14:54.081Z</time></trkpt><trkpt lat="39.180222" lon="-9.050589"><ele>532.885</ele><time>2024-06-16T14:14:59.081Z</time></trkpt><trkpt lat="39.180237" lon="-9.050647"><ele>528.012</ele><time>2024-06-16T14:15:16.081Z</time></trkpt><trkpt lat="39.180277" lon="-9.050692"><ele>527.892</ele><time>2024-06-16T14:15:20.081Z</time></trkpt><trkpt lat="39.180307" lon="-9.050739"><ele>527.649</ele><time>2024-06-16T14:15:24.081Z</time></trkpt><trkpt lat="39.180332" lon="-9.050791"><ele>527.522</ele><time>2024-06-16T14:15:28.081Z</time></trkpt><trkpt lat="39.180357" lon="-9.050854"><ele>527.141</ele><time>2024-06-16T14:15:33.081Z</time></trkpt><trkpt lat="39.180382" lon="-9.050921"><ele>524.810</ele><time>2024-06-16T14:15:38.080Z</time></trkpt><trkpt lat="39.180402" lon="-9.050988"><ele>524.228</ele><time>2024-06-16T14:15:42.080Z</time></trkpt><trkpt lat="39.180420" lon="-9.051053"><ele>523.998</ele><time>2024-06-16T14:15:46.080Z</time></trkpt><trkpt lat="39.180418" lon="-9.051126"><ele>523.915</ele><time>2024-06-16T14:15:51.080Z</time></trkpt><trkpt lat="39.180438" lon="-9.051196"><ele>524.126</ele><time>2024-06-16T14:15:55.080Z</time></trkpt><trkpt lat="39.180455" lon="-9.051256"><ele>524.609</ele><time>2024-06-16T14:15:59.080Z</time></trkpt><trkpt lat="39.180475" lon="-9.051321"><ele>525.410</ele><time>2024-06-16T14:16:03.080Z</time></trkpt><trkpt lat="39.180493" lon="-9.051383"><ele>526.086</ele><time>2024-06-16T14:16:07.080Z</time></trkpt><trkpt lat="39.180495" lon="-9.051448"><ele>526.543</ele><time>2024-06-16T14:16:12.080Z</time></trkpt><trkpt lat="39.180503" lon="-9.051506"><ele>526.833</ele><time>2024-06-16T14:16:16.080Z</time></trkpt><trkpt lat="39.180535" lon="-9.051549"><ele>528.380</ele><time>2024-06-16T14:16:26.080Z</time></trkpt><trkpt lat="39.180558" lon="-9.051621"><ele>528.473</ele><time>2024-06-16T14:16:30.080Z</time></trkpt><trkpt lat="39.180581" lon="-9.051674"><ele>528.492</ele><time>2024-06-16T14:16:34.080Z</time></trkpt><trkpt lat="39.180599" lon="-9.051734"><ele>528.421</ele><time>2024-06-16T14:16:38.080Z</time></trkpt><trkpt lat="39.180622" lon="-9.051789"><ele>527.829</ele><time>2024-06-16T14:16:42.080Z</time></trkpt><trkpt lat="39.180614" lon="-9.051849"><ele>527.644</ele><time>2024-06-16T14:16:46.080Z</time></trkpt><trkpt lat="39.180599" lon="-9.051906"><ele>527.405</ele><time>2024-06-16T14:16:49.080Z</time></trkpt><trkpt lat="39.180569" lon="-9.051951"><ele>527.815</ele><time>2024-06-16T14:16:52.080Z</time></trkpt><trkpt lat="39.180532" lon="-9.051986"><ele>527.909</ele><time>2024-06-16T14:16:55.080Z</time></trkpt><trkpt lat="39.180500" lon="-9.052029"><ele>528.065</ele><time>2024-06-16T14:16:58.080Z</time></trkpt><trkpt lat="39.180462" lon="-9.052084"><ele>528.171</ele><time>2024-06-16T14:17:02.080Z</time></trkpt><trkpt lat="39.180414" lon="-9.052106"><ele>528.418</ele><time>2024-06-16T14:17:06.080Z</time></trkpt><trkpt lat="39.180371" lon="-9.052133"><ele>528.588</ele><time>2024-06-16T14:17:10.080Z</time></trkpt><trkpt lat="39.180328" lon="-9.052160"><ele>528.625</ele><time>2024-06-16T14:17:14.080Z</time></trkpt><trkpt lat="39.180280" lon="-9.052180"><ele>528.618</ele><time>2024-06-16T14:17:18.080Z</time></trkpt><trkpt lat="39.180230" lon="-9.052188"><ele>528.677</ele><time>2024-06-16T14:17:22.080Z</time></trkpt><trkpt lat="39.180177" lon="-9.052210"><ele>528.686</ele><time>2024-06-16T14:17:27.080Z</time></trkpt><trkpt lat="39.180127" lon="-9.052230"><ele>528.494</ele><time>2024-06-16T14:17:31.080Z</time></trkpt><trkpt lat="39.180082" lon="-9.052242"><ele>528.043</ele><time>2024-06-16T14:17:35.080Z</time></trkpt><trkpt lat="39.180034" lon="-9.052274"><ele>527.164</ele><time>2024-06-16T14:17:39.080Z</time></trkpt><trkpt lat="39.179982" lon="-9.052292"><ele>526.410</ele><time>2024-06-16T14:17:44.080Z</time></trkpt><trkpt lat="39.179934" lon="-9.052324"><ele>525.509</ele><time>2024-06-16T14:17:49.080Z</time></trkpt><trkpt lat="39.179894" lon="-9.052352"><ele>525.575</ele><time>2024-06-16T14:17:54.080Z</time></trkpt><trkpt lat="39.179852" lon="-9.052384"><ele>525.571</ele><time>2024-06-16T14:17:58.080Z</time></trkpt><trkpt lat="39.179835" lon="-9.052439"><ele>526.028</ele><time>2024-06-16T14:18:02.080Z</time></trkpt><trkpt lat="39.179815" lon="-9.052494"><ele>527.188</ele><time>2024-06-16T14:18:06.080Z</time></trkpt><trkpt lat="39.179777" lon="-9.052526"><ele>527.295</ele><time>2024-06-16T14:18:10.080Z</time></trkpt><trkpt lat="39.179735" lon="-9.052568"><ele>527.438</ele><time>2024-06-16T14:18:14.080Z</time></trkpt><trkpt lat="39.179710" lon="-9.052623"><ele>527.227</ele><time>2024-06-16T14:18:18.080Z</time></trkpt><trkpt lat="39.179685" lon="-9.052688"><ele>526.196</ele><time>2024-06-16T14:18:23.080Z</time></trkpt><trkpt lat="39.179662" lon="-9.052748"><ele>525.064</ele><time>2024-06-16T14:18:27.080Z</time></trkpt><trkpt lat="39.179640" lon="-9.052806"><ele>524.197</ele><time>2024-06-16T14:18:31.080Z</time></trkpt><trkpt lat="39.179620" lon="-9.052876"><ele>522.823</ele><time>2024-06-16T14:18:36.080Z</time></trkpt><trkpt lat="39.179620" lon="-9.052943"><ele>522.625</ele><time>2024-06-16T14:18:39.080Z</time></trkpt><trkpt lat="39.179632" lon="-9.053018"><ele>522.209</ele><time>2024-06-16T14:18:43.080Z</time></trkpt><trkpt lat="39.179650" lon="-9.053081"><ele>522.290</ele><time>2024-06-16T14:18:46.080Z</time></trkpt><trkpt lat="39.179677" lon="-9.053138"><ele>522.296</ele><time>2024-06-16T14:18:49.080Z</time></trkpt><trkpt lat="39.179694" lon="-9.053195"><ele>522.573</ele><time>2024-06-16T14:18:53.080Z</time></trkpt><trkpt lat="39.179711" lon="-9.053255"><ele>525.663</ele><time>2024-06-16T14:18:58.080Z</time></trkpt><trkpt lat="39.179726" lon="-9.053313"><ele>527.320</ele><time>2024-06-16T14:19:01.080Z</time></trkpt><trkpt lat="39.179748" lon="-9.053375"><ele>527.313</ele><time>2024-06-16T14:19:04.080Z</time></trkpt><trkpt lat="39.179771" lon="-9.053442"><ele>527.452</ele><time>2024-06-16T14:19:08.080Z</time></trkpt><trkpt lat="39.179788" lon="-9.053505"><ele>527.421</ele><time>2024-06-16T14:19:12.080Z</time></trkpt><trkpt lat="39.179806" lon="-9.053565"><ele>527.219</ele><time>2024-06-16T14:19:16.080Z</time></trkpt><trkpt lat="39.179798" lon="-9.053625"><ele>526.857</ele><time>2024-06-16T14:19:20.080Z</time></trkpt><trkpt lat="39.179805" lon="-9.053695"><ele>525.800</ele><time>2024-06-16T14:19:24.080Z</time></trkpt><trkpt lat="39.179815" lon="-9.053768"><ele>525.220</ele><time>2024-06-16T14:19:28.079Z</time></trkpt><trkpt lat="39.179817" lon="-9.053835"><ele>524.209</ele><time>2024-06-16T14:19:32.079Z</time></trkpt><trkpt lat="39.179802" lon="-9.053898"><ele>524.216</ele><time>2024-06-16T14:19:37.079Z</time></trkpt><trkpt lat="39.179750" lon="-9.053908"><ele>524.142</ele><time>2024-06-16T14:19:41.079Z</time></trkpt><trkpt lat="39.179695" lon="-9.053901"><ele>524.149</ele><time>2024-06-16T14:19:45.079Z</time></trkpt><trkpt lat="39.179642" lon="-9.053906"><ele>524.049</ele><time>2024-06-16T14:19:49.079Z</time></trkpt><trkpt lat="39.179617" lon="-9.053966"><ele>522.996</ele><time>2024-06-16T14:19:53.079Z</time></trkpt><trkpt lat="39.179634" lon="-9.054026"><ele>522.079</ele><time>2024-06-16T14:19:57.079Z</time></trkpt><trkpt lat="39.179674" lon="-9.054066"><ele>522.738</ele><time>2024-06-16T14:20:14.079Z</time></trkpt><trkpt lat="39.179721" lon="-9.054066"><ele>523.487</ele><time>2024-06-16T14:20:18.079Z</time></trkpt><trkpt lat="39.179769" lon="-9.054079"><ele>523.635</ele><time>2024-06-16T14:20:22.079Z</time></trkpt><trkpt lat="39.179821" lon="-9.054094"><ele>523.611</ele><time>2024-06-16T14:20:26.079Z</time></trkpt><trkpt lat="39.179868" lon="-9.054117"><ele>523.621</ele><time>2024-06-16T14:20:31.079Z</time></trkpt><trkpt lat="39.179916" lon="-9.054154"><ele>522.803</ele><time>2024-06-16T14:20:35.079Z</time></trkpt><trkpt lat="39.179959" lon="-9.054196"><ele>522.709</ele><time>2024-06-16T14:20:38.079Z</time></trkpt><trkpt lat="39.179987" lon="-9.054258"><ele>522.622</ele><time>2024-06-16T14:20:41.079Z</time></trkpt><trkpt lat="39.179999" lon="-9.054326"><ele>522.768</ele><time>2024-06-16T14:20:45.079Z</time></trkpt><trkpt lat="39.180012" lon="-9.054389"><ele>523.215</ele><time>2024-06-16T14:20:49.079Z</time></trkpt><trkpt lat="39.180020" lon="-9.054451"><ele>523.285</ele><time>2024-06-16T14:20:53.079Z</time></trkpt><trkpt lat="39.180013" lon="-9.054516"><ele>523.052</ele><time>2024-06-16T14:20:57.079Z</time></trkpt><trkpt lat="39.179961" lon="-9.054518"><ele>522.955</ele><time>2024-06-16T14:21:06.079Z</time></trkpt><trkpt lat="39.179968" lon="-9.054576"><ele>522.814</ele><time>2024-06-16T14:21:13.079Z</time></trkpt><trkpt lat="39.179983" lon="-9.054641"><ele>522.723</ele><time>2024-06-16T14:21:17.079Z</time></trkpt><trkpt lat="39.179973" lon="-9.054699"><ele>522.621</ele><time>2024-06-16T14:21:21.079Z</time></trkpt><trkpt lat="39.179963" lon="-9.054766"><ele>521.865</ele><time>2024-06-16T14:22:04.079Z</time></trkpt><trkpt lat="39.179951" lon="-9.054824"><ele>521.868</ele><time>2024-06-16T14:22:10.079Z</time></trkpt><trkpt lat="39.179936" lon="-9.054896"><ele>521.814</ele><time>2024-06-16T14:22:16.079Z</time></trkpt><trkpt lat="39.179926" lon="-9.054953"><ele>521.809</ele><time>2024-06-16T14:22:21.079Z</time></trkpt><trkpt lat="39.179916" lon="-9.055020"><ele>521.817</ele><time>2024-06-16T14:22:45.079Z</time></trkpt><trkpt lat="39.179893" lon="-9.055072"><ele>521.113</ele><time>2024-06-16T14:22:49.079Z</time></trkpt><trkpt lat="39.179876" lon="-9.055140"><ele>521.180</ele><time>2024-06-16T14:22:54.079Z</time></trkpt><trkpt lat="39.179866" lon="-9.055207"><ele>521.130</ele><time>2024-06-16T14:22:58.079Z</time></trkpt><trkpt lat="39.179854" lon="-9.055270"><ele>521.267</ele><time>2024-06-16T14:23:02.078Z</time></trkpt><trkpt lat="39.179839" lon="-9.055328"><ele>522.560</ele><time>2024-06-16T14:23:06.078Z</time></trkpt><trkpt lat="39.179826" lon="-9.055388"><ele>522.629</ele><time>2024-06-16T14:23:09.078Z</time></trkpt><trkpt lat="39.179799" lon="-9.055448"><ele>522.738</ele><time>2024-06-16T14:23:13.078Z</time></trkpt><trkpt lat="39.179784" lon="-9.055510"><ele>522.626</ele><time>2024-06-16T14:23:18.078Z</time></trkpt><trkpt lat="39.179771" lon="-9.055568"><ele>522.877</ele><time>2024-06-16T14:23:22.078Z</time></trkpt><trkpt lat="39.179758" lon="-9.055631"><ele>522.761</ele><time>2024-06-16T14:23:26.078Z</time></trkpt><trkpt lat="39.179730" lon="-9.055689"><ele>522.627</ele><time>2024-06-16T14:23:30.078Z</time></trkpt><trkpt lat="39.179713" lon="-9.055751"><ele>522.709</ele><time>2024-06-16T14:23:33.078Z</time></trkpt><trkpt lat="39.179696" lon="-9.055806"><ele>522.788</ele><time>2024-06-16T14:23:36.078Z</time></trkpt><trkpt lat="39.179678" lon="-9.055863"><ele>522.874</ele><time>2024-06-16T14:23:39.078Z</time></trkpt><trkpt lat="39.179660" lon="-9.055930"><ele>522.841</ele><time>2024-06-16T14:23:43.078Z</time></trkpt><trkpt lat="39.179660" lon="-9.055992"><ele>523.611</ele><time>2024-06-16T14:23:47.078Z</time></trkpt><trkpt lat="39.179640" lon="-9.056052"><ele>524.218</ele><time>2024-06-16T14:23:51.078Z</time></trkpt><trkpt lat="39.179610" lon="-9.056109"><ele>524.561</ele><time>2024-06-16T14:23:55.078Z</time></trkpt><trkpt lat="39.179578" lon="-9.056156"><ele>524.740</ele><time>2024-06-16T14:23:58.078Z</time></trkpt><trkpt lat="39.179548" lon="-9.056219"><ele>524.879</ele><time>2024-06-16T14:24:02.078Z</time></trkpt><trkpt lat="39.179511" lon="-9.056261"><ele>525.337</ele><time>2024-06-16T14:24:06.078Z</time></trkpt><trkpt lat="39.179469" lon="-9.056294"><ele>526.367</ele><time>2024-06-16T14:24:14.078Z</time></trkpt><trkpt lat="39.179416" lon="-9.056297"><ele>526.381</ele><time>2024-06-16T14:24:18.078Z</time></trkpt><trkpt lat="39.179371" lon="-9.056300"><ele>526.319</ele><time>2024-06-16T14:24:24.078Z</time></trkpt><trkpt lat="39.179318" lon="-9.056318"><ele>526.409</ele><time>2024-06-16T14:24:29.078Z</time></trkpt><trkpt lat="39.179270" lon="-9.056321"><ele>526.627</ele><time>2024-06-16T14:24:34.078Z</time></trkpt><trkpt lat="39.179218" lon="-9.056329"><ele>527.253</ele><time>2024-06-16T14:24:39.078Z</time></trkpt><trkpt lat="39.179165" lon="-9.056354"><ele>529.410</ele><time>2024-06-16T14:24:43.078Z</time></trkpt><trkpt lat="39.179112" lon="-9.056366"><ele>530.640</ele><time>2024-06-16T14:24:47.078Z</time></trkpt><trkpt lat="39.179060" lon="-9.056373"><ele>532.037</ele><time>2024-06-16T14:24:51.078Z</time></trkpt><trkpt lat="39.179013" lon="-9.056368"><ele>533.160</ele><time>2024-06-16T14:24:55.078Z</time></trkpt><trkpt lat="39.178970" lon="-9.056350"><ele>533.599</ele><time>2024-06-16T14:24:59.078Z</time></trkpt><trkpt lat="39.178925" lon="-9.056327"><ele>533.978</ele><time>2024-06-16T14:25:07.078Z</time></trkpt><trkpt lat="39.178873" lon="-9.056300"><ele>533.976</ele><time>2024-06-16T14:25:14.078Z</time></trkpt><trkpt lat="39.178848" lon="-9.056245"><ele>534.077</ele><time>2024-06-16T14:25:20.078Z</time></trkpt><trkpt lat="39.178871" lon="-9.056185"><ele>539.261</ele><time>2024-06-16T14:26:15.078Z</time></trkpt><trkpt lat="39.178823" lon="-9.056178"><ele>539.227</ele><time>2024-06-16T14:26:21.078Z</time></trkpt><trkpt lat="39.178773" lon="-9.056178"><ele>539.209</ele><time>2024-06-16T14:26:25.078Z</time></trkpt><trkpt lat="39.178748" lon="-9.056233"><ele>539.258</ele><time>2024-06-16T14:26:30.078Z</time></trkpt><trkpt lat="39.178746" lon="-9.056296"><ele>539.214</ele><time>2024-06-16T14:26:35.078Z</time></trkpt><trkpt lat="39.178759" lon="-9.056361"><ele>538.151</ele><time>2024-06-16T14:26:40.078Z</time></trkpt><trkpt lat="39.178766" lon="-9.056431"><ele>536.761</ele><time>2024-06-16T14:29:00.077Z</time></trkpt><trkpt lat="39.178779" lon="-9.056498"><ele>536.788</ele><time>2024-06-16T14:29:08.077Z</time></trkpt><trkpt lat="39.178752" lon="-9.056555"><ele>536.741</ele><time>2024-06-16T14:29:14.077Z</time></trkpt><trkpt lat="39.178709" lon="-9.056582"><ele>536.730</ele><time>2024-06-16T14:29:20.077Z</time></trkpt><trkpt lat="39.178664" lon="-9.056560"><ele>536.779</ele><time>2024-06-16T14:29:25.077Z</time></trkpt><trkpt lat="39.178626" lon="-9.056522"><ele>538.717</ele><time>2024-06-16T14:29:30.077Z</time></trkpt><trkpt lat="39.178588" lon="-9.056484"><ele>539.179</ele><time>2024-06-16T14:29:36.077Z</time></trkpt><trkpt lat="39.178543" lon="-9.056444"><ele>538.805</ele><time>2024-06-16T14:29:41.077Z</time></trkpt><trkpt lat="39.178505" lon="-9.056407"><ele>539.925</ele><time>2024-06-16T14:30:11.077Z</time></trkpt><trkpt lat="39.178478" lon="-9.056354"><ele>541.209</ele><time>2024-06-16T14:30:16.077Z</time></trkpt><trkpt lat="39.178443" lon="-9.056314"><ele>541.298</ele><time>2024-06-16T14:30:21.077Z</time></trkpt><trkpt lat="39.178401" lon="-9.056282"><ele>544.954</ele><time>2024-06-16T14:31:07.077Z</time></trkpt><trkpt lat="39.178361" lon="-9.056234"><ele>545.311</ele><time>2024-06-16T14:31:13.077Z</time></trkpt><trkpt lat="39.178338" lon="-9.056184"><ele>545.321</ele><time>2024-06-16T14:31:21.077Z</time></trkpt><trkpt lat="39.178305" lon="-9.056144"><ele>545.328</ele><time>2024-06-16T14:31:27.077Z</time></trkpt><trkpt lat="39.178260" lon="-9.056109"><ele>545.361</ele><time>2024-06-16T14:31:33.077Z</time></trkpt><trkpt lat="39.178215" lon="-9.056117"><ele>546.050</ele><time>2024-06-16T14:31:39.077Z</time></trkpt><trkpt lat="39.178202" lon="-9.056180"><ele>547.129</ele><time>2024-06-16T14:31:46.077Z</time></trkpt><trkpt lat="39.178202" lon="-9.056245"><ele>548.387</ele><time>2024-06-16T14:31:54.077Z</time></trkpt><trkpt lat="39.178204" lon="-9.056308"><ele>548.851</ele><time>2024-06-16T14:31:59.076Z</time></trkpt><trkpt lat="39.178184" lon="-9.056363"><ele>549.101</ele><time>2024-06-16T14:32:03.076Z</time></trkpt><trkpt lat="39.178174" lon="-9.056430"><ele>549.411</ele><time>2024-06-16T14:32:07.076Z</time></trkpt><trkpt lat="39.178184" lon="-9.056500"><ele>550.109</ele><time>2024-06-16T14:32:13.076Z</time></trkpt><trkpt lat="39.178169" lon="-9.056560"><ele>552.056</ele><time>2024-06-16T14:32:20.076Z</time></trkpt><trkpt lat="39.178137" lon="-9.056610"><ele>552.432</ele><time>2024-06-16T14:32:28.076Z</time></trkpt><trkpt lat="39.178097" lon="-9.056653"><ele>552.799</ele><time>2024-06-16T14:32:35.076Z</time></trkpt><trkpt lat="39.178074" lon="-9.056703"><ele>553.379</ele><time>2024-06-16T14:32:42.076Z</time></trkpt><trkpt lat="39.178031" lon="-9.056728"><ele>555.076</ele><time>2024-06-16T14:32:50.076Z</time></trkpt><trkpt lat="39.177989" lon="-9.056760"><ele>557.339</ele><time>2024-06-16T14:32:59.076Z</time></trkpt><trkpt lat="39.177941" lon="-9.056787"><ele>558.158</ele><time>2024-06-16T14:33:05.076Z</time></trkpt><trkpt lat="39.177898" lon="-9.056809"><ele>558.687</ele><time>2024-06-16T14:33:10.076Z</time></trkpt><trkpt lat="39.177850" lon="-9.056814"><ele>558.885</ele><time>2024-06-16T14:33:17.076Z</time></trkpt><trkpt lat="39.177803" lon="-9.056809"><ele>559.092</ele><time>2024-06-16T14:33:25.076Z</time></trkpt><trkpt lat="39.177761" lon="-9.056779"><ele>560.373</ele><time>2024-06-16T14:33:36.076Z</time></trkpt><trkpt lat="39.177713" lon="-9.056751"><ele>562.820</ele><time>2024-06-16T14:33:56.076Z</time></trkpt><trkpt lat="39.177685" lon="-9.056701"><ele>563.109</ele><time>2024-06-16T14:34:03.076Z</time></trkpt><trkpt lat="39.177660" lon="-9.056651"><ele>563.480</ele><time>2024-06-16T14:34:13.076Z</time></trkpt><trkpt lat="39.177615" lon="-9.056609"><ele>566.486</ele><time>2024-06-16T14:34:51.076Z</time></trkpt><trkpt lat="39.177575" lon="-9.056571"><ele>566.613</ele><time>2024-06-16T14:34:55.076Z</time></trkpt><trkpt lat="39.177530" lon="-9.056554"><ele>566.683</ele><time>2024-06-16T14:34:59.076Z</time></trkpt><trkpt lat="39.177480" lon="-9.056551"><ele>567.020</ele><time>2024-06-16T14:35:03.076Z</time></trkpt><trkpt lat="39.177435" lon="-9.056534"><ele>567.013</ele><time>2024-06-16T14:35:08.076Z</time></trkpt><trkpt lat="39.177385" lon="-9.056539"><ele>569.982</ele><time>2024-06-16T14:35:12.076Z</time></trkpt><trkpt lat="39.177337" lon="-9.056541"><ele>570.071</ele><time>2024-06-16T14:35:17.076Z</time></trkpt><trkpt lat="39.177285" lon="-9.056534"><ele>570.469</ele><time>2024-06-16T14:35:21.076Z</time></trkpt><trkpt lat="39.177240" lon="-9.056531"><ele>570.782</ele><time>2024-06-16T14:35:24.076Z</time></trkpt><trkpt lat="39.177192" lon="-9.056531"><ele>571.043</ele><time>2024-06-16T14:35:29.076Z</time></trkpt><trkpt lat="39.177139" lon="-9.056521"><ele>571.217</ele><time>2024-06-16T14:35:34.076Z</time></trkpt><trkpt lat="39.177089" lon="-9.056524"><ele>571.609</ele><time>2024-06-16T14:35:37.076Z</time></trkpt><trkpt lat="39.177041" lon="-9.056526"><ele>572.779</ele><time>2024-06-16T14:35:41.076Z</time></trkpt><trkpt lat="39.176984" lon="-9.056518"><ele>573.325</ele><time>2024-06-16T14:35:45.076Z</time></trkpt><trkpt lat="39.176934" lon="-9.056513"><ele>574.062</ele><time>2024-06-16T14:35:49.076Z</time></trkpt><trkpt lat="39.176881" lon="-9.056528"><ele>575.062</ele><time>2024-06-16T14:35:54.076Z</time></trkpt><trkpt lat="39.176834" lon="-9.056531"><ele>575.369</ele><time>2024-06-16T14:35:58.076Z</time></trkpt><trkpt lat="39.176781" lon="-9.056549"><ele>575.822</ele><time>2024-06-16T14:36:02.076Z</time></trkpt><trkpt lat="39.176738" lon="-9.056572"><ele>577.141</ele><time>2024-06-16T14:36:07.076Z</time></trkpt><trkpt lat="39.176695" lon="-9.056607"><ele>577.720</ele><time>2024-06-16T14:36:26.076Z</time></trkpt><trkpt lat="39.176650" lon="-9.056625"><ele>578.078</ele><time>2024-06-16T14:36:30.076Z</time></trkpt><trkpt lat="39.176600" lon="-9.056660"><ele>578.224</ele><time>2024-06-16T14:36:35.076Z</time></trkpt><trkpt lat="39.176552" lon="-9.056682"><ele>578.304</ele><time>2024-06-16T14:36:40.075Z</time></trkpt><trkpt lat="39.176510" lon="-9.056710"><ele>578.314</ele><time>2024-06-16T14:36:44.075Z</time></trkpt><trkpt lat="39.176462" lon="-9.056743"><ele>578.709</ele><time>2024-06-16T14:36:48.075Z</time></trkpt><trkpt lat="39.176419" lon="-9.056778"><ele>580.893</ele><time>2024-06-16T14:36:52.075Z</time></trkpt><trkpt lat="39.176382" lon="-9.056821"><ele>581.739</ele><time>2024-06-16T14:36:56.075Z</time></trkpt><trkpt lat="39.176349" lon="-9.056868"><ele>582.126</ele><time>2024-06-16T14:37:01.075Z</time></trkpt><trkpt lat="39.176322" lon="-9.056923"><ele>582.436</ele><time>2024-06-16T14:37:05.075Z</time></trkpt><trkpt lat="39.176309" lon="-9.056986"><ele>582.623</ele><time>2024-06-16T14:37:09.075Z</time></trkpt><trkpt lat="39.176294" lon="-9.057041"><ele>582.716</ele><time>2024-06-16T14:37:13.075Z</time></trkpt><trkpt lat="39.176277" lon="-9.057104"><ele>583.425</ele><time>2024-06-16T14:37:17.075Z</time></trkpt><trkpt lat="39.176265" lon="-9.057167"><ele>583.584</ele><time>2024-06-16T14:37:21.075Z</time></trkpt><trkpt lat="39.176253" lon="-9.057234"><ele>583.512</ele><time>2024-06-16T14:37:25.075Z</time></trkpt><trkpt lat="39.176245" lon="-9.057297"><ele>583.294</ele><time>2024-06-16T14:37:29.075Z</time></trkpt><trkpt lat="39.176242" lon="-9.057364"><ele>582.957</ele><time>2024-06-16T14:37:33.075Z</time></trkpt><trkpt lat="39.176242" lon="-9.057429"><ele>582.822</ele><time>2024-06-16T14:37:36.075Z</time></trkpt><trkpt lat="39.176245" lon="-9.057487"><ele>582.809</ele><time>2024-06-16T14:37:39.075Z</time></trkpt><trkpt lat="39.176252" lon="-9.057555"><ele>584.040</ele><time>2024-06-16T14:37:43.075Z</time></trkpt><trkpt lat="39.176279" lon="-9.057618"><ele>587.886</ele><time>2024-06-16T14:37:48.075Z</time></trkpt><trkpt lat="39.176299" lon="-9.057673"><ele>588.293</ele><time>2024-06-16T14:37:52.075Z</time></trkpt><trkpt lat="39.176324" lon="-9.057733"><ele>588.213</ele><time>2024-06-16T14:37:56.075Z</time></trkpt><trkpt lat="39.176292" lon="-9.057790"><ele>589.780</ele><time>2024-06-16T14:38:19.075Z</time></trkpt><trkpt lat="39.176245" lon="-9.057782"><ele>591.083</ele><time>2024-06-16T14:38:29.075Z</time></trkpt><trkpt lat="39.176197" lon="-9.057767"><ele>591.822</ele><time>2024-06-16T14:38:46.075Z</time></trkpt><trkpt lat="39.176149" lon="-9.057762"><ele>592.061</ele><time>2024-06-16T14:38:51.075Z</time></trkpt><trkpt lat="39.176099" lon="-9.057765"><ele>592.049</ele><time>2024-06-16T14:38:58.075Z</time></trkpt><trkpt lat="39.176049" lon="-9.057753"><ele>592.622</ele><time>2024-06-16T14:39:05.075Z</time></trkpt><trkpt lat="39.176004" lon="-9.057738"><ele>594.662</ele><time>2024-06-16T14:39:11.075Z</time></trkpt><trkpt lat="39.175952" lon="-9.057715"><ele>596.008</ele><time>2024-06-16T14:39:17.075Z</time></trkpt><trkpt lat="39.175900" lon="-9.057702"><ele>596.409</ele><time>2024-06-16T14:39:23.075Z</time></trkpt><trkpt lat="39.175858" lon="-9.057679"><ele>597.013</ele><time>2024-06-16T14:39:28.075Z</time></trkpt><trkpt lat="39.175813" lon="-9.057669"><ele>598.649</ele><time>2024-06-16T14:39:37.075Z</time></trkpt><trkpt lat="39.175768" lon="-9.057649"><ele>599.486</ele><time>2024-06-16T14:39:45.075Z</time></trkpt><trkpt lat="39.175720" lon="-9.057662"><ele>600.516</ele><time>2024-06-16T14:39:51.075Z</time></trkpt><trkpt lat="39.175703" lon="-9.057719"><ele>601.813</ele><time>2024-06-16T14:39:58.075Z</time></trkpt><trkpt lat="39.175695" lon="-9.057781"><ele>602.186</ele><time>2024-06-16T14:40:05.075Z</time></trkpt><trkpt lat="39.175693" lon="-9.057843"><ele>602.685</ele><time>2024-06-16T14:40:10.075Z</time></trkpt><trkpt lat="39.175686" lon="-9.057905"><ele>602.924</ele><time>2024-06-16T14:40:16.075Z</time></trkpt><trkpt lat="39.175666" lon="-9.057958"><ele>603.322</ele><time>2024-06-16T14:40:21.075Z</time></trkpt><trkpt lat="39.175618" lon="-9.057985"><ele>606.431</ele><time>2024-06-16T14:40:27.075Z</time></trkpt><trkpt lat="39.175565" lon="-9.057968"><ele>607.761</ele><time>2024-06-16T14:40:32.075Z</time></trkpt><trkpt lat="39.175527" lon="-9.057935"><ele>608.307</ele><time>2024-06-16T14:40:36.075Z</time></trkpt><trkpt lat="39.175477" lon="-9.057902"><ele>609.609</ele><time>2024-06-16T14:40:41.075Z</time></trkpt><trkpt lat="39.175432" lon="-9.057870"><ele>610.274</ele><time>2024-06-16T14:40:46.075Z</time></trkpt><trkpt lat="39.175389" lon="-9.057848"><ele>610.540</ele><time>2024-06-16T14:40:50.075Z</time></trkpt><trkpt lat="39.175352" lon="-9.057813"><ele>612.037</ele><time>2024-06-16T14:40:54.075Z</time></trkpt><trkpt lat="39.175329" lon="-9.057863"><ele>616.087</ele><time>2024-06-16T14:42:17.074Z</time></trkpt><trkpt lat="39.175341" lon="-9.057925"><ele>616.034</ele><time>2024-06-16T14:42:22.074Z</time></trkpt><trkpt lat="39.175349" lon="-9.057988"><ele>616.077</ele><time>2024-06-16T14:42:28.074Z</time></trkpt><trkpt lat="39.175362" lon="-9.058045"><ele>616.056</ele><time>2024-06-16T14:42:32.074Z</time></trkpt><trkpt lat="39.175372" lon="-9.058102"><ele>618.215</ele><time>2024-06-16T14:42:36.074Z</time></trkpt><trkpt lat="39.175395" lon="-9.058154"><ele>617.573</ele><time>2024-06-16T14:42:41.074Z</time></trkpt><trkpt lat="39.175412" lon="-9.058219"><ele>617.025</ele><time>2024-06-16T14:42:47.074Z</time></trkpt><trkpt lat="39.175437" lon="-9.058277"><ele>616.926</ele><time>2024-06-16T14:42:51.074Z</time></trkpt><trkpt lat="39.175455" lon="-9.058335"><ele>616.808</ele><time>2024-06-16T14:42:55.074Z</time></trkpt><trkpt lat="39.175475" lon="-9.058402"><ele>617.309</ele><time>2024-06-16T14:43:00.074Z</time></trkpt><trkpt lat="39.175480" lon="-9.058465"><ele>619.093</ele><time>2024-06-16T14:43:05.074Z</time></trkpt><trkpt lat="39.175487" lon="-9.058530"><ele>619.479</ele><time>2024-06-16T14:43:15.074Z</time></trkpt><trkpt lat="39.175459" lon="-9.058578"><ele>620.036</ele><time>2024-06-16T14:43:44.074Z</time></trkpt><trkpt lat="39.175416" lon="-9.058603"><ele>620.166</ele><time>2024-06-16T14:43:50.074Z</time></trkpt><trkpt lat="39.175373" lon="-9.058635"><ele>620.123</ele><time>2024-06-16T14:43:55.074Z</time></trkpt><trkpt lat="39.175328" lon="-9.058643"><ele>620.126</ele><time>2024-06-16T14:44:01.074Z</time></trkpt><trkpt lat="39.175283" lon="-9.058665"><ele>620.185</ele><time>2024-06-16T14:44:07.074Z</time></trkpt><trkpt lat="39.175235" lon="-9.058682"><ele>620.744</ele><time>2024-06-16T14:44:12.074Z</time></trkpt><trkpt lat="39.175188" lon="-9.058700"><ele>622.522</ele><time>2024-06-16T14:44:17.074Z</time></trkpt><trkpt lat="39.175143" lon="-9.058712"><ele>623.292</ele><time>2024-06-16T14:44:22.074Z</time></trkpt><trkpt lat="39.175100" lon="-9.058737"><ele>623.773</ele><time>2024-06-16T14:44:29.074Z</time></trkpt><trkpt lat="39.175058" lon="-9.058769"><ele>625.520</ele><time>2024-06-16T14:44:39.074Z</time></trkpt><trkpt lat="39.175016" lon="-9.058794"><ele>626.509</ele><time>2024-06-16T14:44:45.074Z</time></trkpt><trkpt lat="39.174968" lon="-9.058811"><ele>628.440</ele><time>2024-06-16T14:44:53.074Z</time></trkpt><trkpt lat="39.174926" lon="-9.058838"><ele>629.036</ele><time>2024-06-16T14:45:00.074Z</time></trkpt><trkpt lat="39.174883" lon="-9.058870"><ele>630.553</ele><time>2024-06-16T14:45:05.074Z</time></trkpt><trkpt lat="39.174836" lon="-9.058900"><ele>632.273</ele><time>2024-06-16T14:45:12.074Z</time></trkpt><trkpt lat="39.174798" lon="-9.058935"><ele>633.940</ele><time>2024-06-16T14:45:17.074Z</time></trkpt><trkpt lat="39.174800" lon="-9.059003"><ele>634.723</ele><time>2024-06-16T14:45:23.074Z</time></trkpt><trkpt lat="39.174807" lon="-9.059063"><ele>635.532</ele><time>2024-06-16T14:45:29.074Z</time></trkpt><trkpt lat="39.174769" lon="-9.059096"><ele>638.291</ele><time>2024-06-16T14:45:39.074Z</time></trkpt><trkpt lat="39.174816" lon="-9.059089"><ele>640.459</ele><time>2024-06-16T14:45:58.074Z</time></trkpt><trkpt lat="39.174826" lon="-9.059151"><ele>640.434</ele><time>2024-06-16T14:46:04.074Z</time></trkpt><trkpt lat="39.174871" lon="-9.059178"><ele>640.555</ele><time>2024-06-16T14:46:14.074Z</time></trkpt><trkpt lat="39.174889" lon="-9.059238"><ele>640.510</ele><time>2024-06-16T14:46:20.073Z</time></trkpt><trkpt lat="39.174932" lon="-9.059265"><ele>641.909</ele><time>2024-06-16T14:46:27.073Z</time></trkpt><trkpt lat="39.174979" lon="-9.059260"><ele>642.284</ele><time>2024-06-16T14:46:32.073Z</time></trkpt><trkpt lat="39.175014" lon="-9.059303"><ele>642.230</ele><time>2024-06-16T14:46:37.073Z</time></trkpt><trkpt lat="39.175036" lon="-9.059373"><ele>642.557</ele><time>2024-06-16T14:46:41.073Z</time></trkpt><trkpt lat="39.175051" lon="-9.059443"><ele>641.617</ele><time>2024-06-16T14:46:45.073Z</time></trkpt><trkpt lat="39.175058" lon="-9.059501"><ele>641.344</ele><time>2024-06-16T14:46:50.073Z</time></trkpt><trkpt lat="39.175071" lon="-9.059561"><ele>641.387</ele><time>2024-06-16T14:46:54.073Z</time></trkpt><trkpt lat="39.175078" lon="-9.059619"><ele>642.636</ele><time>2024-06-16T14:47:11.073Z</time></trkpt><trkpt lat="39.175060" lon="-9.059692"><ele>642.415</ele><time>2024-06-16T14:47:38.073Z</time></trkpt><trkpt lat="39.175088" lon="-9.059740"><ele>642.773</ele><time>2024-06-16T14:47:45.073Z</time></trkpt><trkpt lat="39.175115" lon="-9.059800"><ele>642.714</ele><time>2024-06-16T14:48:43.073Z</time></trkpt><trkpt lat="39.175137" lon="-9.059855"><ele>642.754</ele><time>2024-06-16T14:49:03.073Z</time></trkpt><trkpt lat="39.175100" lon="-9.059895"><ele>642.709</ele><time>2024-06-16T14:49:29.073Z</time></trkpt><trkpt lat="39.175047" lon="-9.059895"><ele>642.709</ele><time>2024-06-16T14:49:36.073Z</time></trkpt><trkpt lat="39.174999" lon="-9.059890"><ele>642.672</ele><time>2024-06-16T14:49:41.073Z</time></trkpt><trkpt lat="39.174954" lon="-9.059875"><ele>643.388</ele><time>2024-06-16T14:49:48.073Z</time></trkpt><trkpt lat="39.174914" lon="-9.059837"><ele>643.585</ele><time>2024-06-16T14:49:53.073Z</time></trkpt><trkpt lat="39.174882" lon="-9.059790"><ele>643.555</ele><time>2024-06-16T14:49:58.073Z</time></trkpt><trkpt lat="39.174875" lon="-9.059727"><ele>643.682</ele><time>2024-06-16T14:50:06.072Z</time></trkpt><trkpt lat="39.174853" lon="-9.059672"><ele>643.955</ele><time>2024-06-16T14:50:11.072Z</time></trkpt><trkpt lat="39.174828" lon="-9.059610"><ele>644.014</ele><time>2024-06-16T14:50:15.072Z</time></trkpt><trkpt lat="39.174818" lon="-9.059543"><ele>643.693</ele><time>2024-06-16T14:50:32.072Z</time></trkpt><trkpt lat="39.174801" lon="-9.059483"><ele>642.721</ele><time>2024-06-16T14:50:37.072Z</time></trkpt><trkpt lat="39.174781" lon="-9.059418"><ele>642.678</ele><time>2024-06-16T14:50:42.072Z</time></trkpt><trkpt lat="39.174753" lon="-9.059371"><ele>642.533</ele><time>2024-06-16T14:50:46.072Z</time></trkpt><trkpt lat="39.174693" lon="-9.059373"><ele>641.826</ele><time>2024-06-16T14:51:12.072Z</time></trkpt><trkpt lat="39.174640" lon="-9.059386"><ele>641.809</ele><time>2024-06-16T14:51:16.072Z</time></trkpt><trkpt lat="39.174588" lon="-9.059378"><ele>643.378</ele><time>2024-06-16T14:51:50.072Z</time></trkpt><trkpt lat="39.174571" lon="-9.059313"><ele>643.914</ele><time>2024-06-16T14:51:57.072Z</time></trkpt><trkpt lat="39.174531" lon="-9.059263"><ele>644.281</ele><time>2024-06-16T14:52:01.072Z</time></trkpt><trkpt lat="39.174486" lon="-9.059245"><ele>644.361</ele><time>2024-06-16T14:52:06.072Z</time></trkpt><trkpt lat="39.174463" lon="-9.059187"><ele>644.418</ele><time>2024-06-16T14:52:11.072Z</time></trkpt><trkpt lat="39.174426" lon="-9.059135"><ele>646.261</ele><time>2024-06-16T14:52:15.072Z</time></trkpt><trkpt lat="39.174383" lon="-9.059155"><ele>647.070</ele><time>2024-06-16T14:52:18.072Z</time></trkpt><trkpt lat="39.174343" lon="-9.059182"><ele>646.889</ele><time>2024-06-16T14:52:21.072Z</time></trkpt><trkpt lat="39.174295" lon="-9.059195"><ele>646.547</ele><time>2024-06-16T14:52:25.072Z</time></trkpt><trkpt lat="39.174252" lon="-9.059222"><ele>646.451</ele><time>2024-06-16T14:52:32.072Z</time></trkpt><trkpt lat="39.174209" lon="-9.059245"><ele>646.301</ele><time>2024-06-16T14:52:43.072Z</time></trkpt><trkpt lat="39.174159" lon="-9.059280"><ele>646.211</ele><time>2024-06-16T14:52:48.072Z</time></trkpt><trkpt lat="39.174121" lon="-9.059318"><ele>646.209</ele><time>2024-06-16T14:52:52.072Z</time></trkpt><trkpt lat="39.174079" lon="-9.059358"><ele>646.236</ele><time>2024-06-16T14:52:57.072Z</time></trkpt><trkpt lat="39.174054" lon="-9.059406"><ele>646.212</ele><time>2024-06-16T14:53:00.072Z</time></trkpt><trkpt lat="39.174022" lon="-9.059456"><ele>647.889</ele><time>2024-06-16T14:53:03.072Z</time></trkpt><trkpt lat="39.174002" lon="-9.059514"><ele>648.219</ele><time>2024-06-16T14:53:07.072Z</time></trkpt><trkpt lat="39.173972" lon="-9.059576"><ele>649.676</ele><time>2024-06-16T14:53:11.072Z</time></trkpt><trkpt lat="39.173950" lon="-9.059628"><ele>650.429</ele><time>2024-06-16T14:53:14.072Z</time></trkpt><trkpt lat="39.173935" lon="-9.059695"><ele>650.518</ele><time>2024-06-16T14:53:18.072Z</time></trkpt><trkpt lat="39.173910" lon="-9.059758"><ele>650.467</ele><time>2024-06-16T14:53:22.072Z</time></trkpt><trkpt lat="39.173890" lon="-9.059811"><ele>650.035</ele><time>2024-06-16T14:53:25.072Z</time></trkpt><trkpt lat="39.173880" lon="-9.059888"><ele>649.857</ele><time>2024-06-16T14:53:29.072Z</time></trkpt><trkpt lat="39.173870" lon="-9.059955"><ele>649.300</ele><time>2024-06-16T14:53:33.072Z</time></trkpt><trkpt lat="39.173867" lon="-9.060015"><ele>649.020</ele><time>2024-06-16T14:53:37.072Z</time></trkpt><trkpt lat="39.173865" lon="-9.060087"><ele>648.509</ele><time>2024-06-16T14:53:41.072Z</time></trkpt><trkpt lat="39.173852" lon="-9.060159"><ele>648.156</ele><time>2024-06-16T14:53:45.072Z</time></trkpt><trkpt lat="39.173840" lon="-9.060219"><ele>648.132</ele><time>2024-06-16T14:53:48.072Z</time></trkpt><trkpt lat="39.173837" lon="-9.060294"><ele>648.189</ele><time>2024-06-16T14:53:52.072Z</time></trkpt><trkpt lat="39.173820" lon="-9.060352"><ele>649.039</ele><time>2024-06-16T14:53:56.072Z</time></trkpt><trkpt lat="39.173783" lon="-9.060387"><ele>649.356</ele><time>2024-06-16T14:54:01.072Z</time></trkpt><trkpt lat="39.173745" lon="-9.060445"><ele>649.659</ele><time>2024-06-16T14:54:10.072Z</time></trkpt><trkpt lat="39.173705" lon="-9.060505"><ele>649.698</ele><time>2024-06-16T14:54:14.071Z</time></trkpt><trkpt lat="39.173668" lon="-9.060555"><ele>649.627</ele><time>2024-06-16T14:54:18.071Z</time></trkpt><trkpt lat="39.173640" lon="-9.060605"><ele>649.575</ele><time>2024-06-16T14:54:22.071Z</time></trkpt><trkpt lat="39.173625" lon="-9.060678"><ele>648.478</ele><time>2024-06-16T14:54:58.071Z</time></trkpt><trkpt lat="39.173625" lon="-9.060748"><ele>648.433</ele><time>2024-06-16T14:55:02.071Z</time></trkpt><trkpt lat="39.173633" lon="-9.060808"><ele>648.426</ele><time>2024-06-16T14:55:06.071Z</time></trkpt><trkpt lat="39.173645" lon="-9.060865"><ele>648.309</ele><time>2024-06-16T14:55:09.071Z</time></trkpt><trkpt lat="39.173670" lon="-9.060920"><ele>648.968</ele><time>2024-06-16T14:55:12.071Z</time></trkpt><trkpt lat="39.173710" lon="-9.060967"><ele>648.654</ele><time>2024-06-16T14:55:16.071Z</time></trkpt><trkpt lat="39.173725" lon="-9.061030"><ele>649.291</ele><time>2024-06-16T14:55:33.071Z</time></trkpt><trkpt lat="39.173782" lon="-9.061065"><ele>649.391</ele><time>2024-06-16T14:55:36.071Z</time></trkpt><trkpt lat="39.173820" lon="-9.061098"><ele>649.318</ele><time>2024-06-16T14:55:39.071Z</time></trkpt><trkpt lat="39.173873" lon="-9.061120"><ele>649.371</ele><time>2024-06-16T14:55:44.071Z</time></trkpt><trkpt lat="39.173931" lon="-9.061132"><ele>649.370</ele><time>2024-06-16T14:55:47.071Z</time></trkpt><trkpt lat="39.173993" lon="-9.061137"><ele>649.289</ele><time>2024-06-16T14:55:50.071Z</time></trkpt><trkpt lat="39.174020" lon="-9.061077"><ele>649.247</ele><time>2024-06-16T14:55:54.071Z</time></trkpt><trkpt lat="39.174027" lon="-9.061010"><ele>648.864</ele><time>2024-06-16T14:55:58.071Z</time></trkpt><trkpt lat="39.174032" lon="-9.060942"><ele>648.306</ele><time>2024-06-16T14:56:03.071Z</time></trkpt><trkpt lat="39.174024" lon="-9.060880"><ele>648.416</ele><time>2024-06-16T14:56:07.071Z</time></trkpt><trkpt lat="39.174011" lon="-9.060823"><ele>648.609</ele><time>2024-06-16T14:56:11.071Z</time></trkpt><trkpt lat="39.174021" lon="-9.060760"><ele>649.937</ele><time>2024-06-16T14:56:16.071Z</time></trkpt><trkpt lat="39.174056" lon="-9.060702"><ele>650.413</ele><time>2024-06-16T14:56:21.071Z</time></trkpt><trkpt lat="39.174103" lon="-9.060682"><ele>650.690</ele><time>2024-06-16T14:56:25.071Z</time></trkpt><trkpt lat="39.174151" lon="-9.060652"><ele>650.690</ele><time>2024-06-16T14:56:29.071Z</time></trkpt><trkpt lat="39.174158" lon="-9.060590"><ele>650.627</ele><time>2024-06-16T14:56:33.071Z</time></trkpt><trkpt lat="39.174136" lon="-9.060538"><ele>650.340</ele><time>2024-06-16T14:56:37.071Z</time></trkpt><trkpt lat="39.174133" lon="-9.060473"><ele>650.369</ele><time>2024-06-16T14:56:48.071Z</time></trkpt><trkpt lat="39.174131" lon="-9.060400"><ele>650.438</ele><time>2024-06-16T14:56:52.071Z</time></trkpt><trkpt lat="39.174126" lon="-9.060333"><ele>651.356</ele><time>2024-06-16T14:56:56.071Z</time></trkpt><trkpt lat="39.174116" lon="-9.060266"><ele>651.784</ele><time>2024-06-16T14:57:02.071Z</time></trkpt><trkpt lat="39.174163" lon="-9.060236"><ele>653.807</ele><time>2024-06-16T14:57:15.071Z</time></trkpt><trkpt lat="39.174215" lon="-9.060223"><ele>655.117</ele><time>2024-06-16T14:57:19.071Z</time></trkpt><trkpt lat="39.174260" lon="-9.060213"><ele>655.709</ele><time>2024-06-16T14:57:23.071Z</time></trkpt><trkpt lat="39.174295" lon="-9.060160"><ele>656.089</ele><time>2024-06-16T14:57:30.071Z</time></trkpt><trkpt lat="39.174270" lon="-9.060095"><ele>656.235</ele><time>2024-06-16T14:57:34.071Z</time></trkpt><trkpt lat="39.174238" lon="-9.060050"><ele>656.372</ele><time>2024-06-16T14:57:37.071Z</time></trkpt><trkpt lat="39.174208" lon="-9.059993"><ele>656.422</ele><time>2024-06-16T14:57:42.071Z</time></trkpt><trkpt lat="39.174176" lon="-9.059943"><ele>657.389</ele><time>2024-06-16T14:58:07.071Z</time></trkpt><trkpt lat="39.174154" lon="-9.059886"><ele>657.392</ele><time>2024-06-16T14:58:12.071Z</time></trkpt><trkpt lat="39.174136" lon="-9.059818"><ele>657.311</ele><time>2024-06-16T14:58:17.071Z</time></trkpt><trkpt lat="39.174118" lon="-9.059760"><ele>657.360</ele><time>2024-06-16T14:58:21.071Z</time></trkpt><trkpt lat="39.174100" lon="-9.059698"><ele>657.138</ele><time>2024-06-16T14:58:24.071Z</time></trkpt><trkpt lat="39.174095" lon="-9.059628"><ele>655.181</ele><time>2024-06-16T14:58:29.071Z</time></trkpt><trkpt lat="39.174045" lon="-9.059623"><ele>654.261</ele><time>2024-06-16T14:58:34.071Z</time></trkpt><trkpt lat="39.173992" lon="-9.059633"><ele>653.117</ele><time>2024-06-16T14:58:38.071Z</time></trkpt><trkpt lat="39.174009" lon="-9.059573"><ele>652.109</ele><time>2024-06-16T14:58:58.071Z</time></trkpt><trkpt lat="39.174012" lon="-9.059515"><ele>651.929</ele><time>2024-06-16T14:59:12.071Z</time></trkpt><trkpt lat="39.174035" lon="-9.059453"><ele>651.855</ele><time>2024-06-16T14:59:16.071Z</time></trkpt><trkpt lat="39.174075" lon="-9.059408"><ele>651.442</ele><time>2024-06-16T14:59:20.071Z</time></trkpt><trkpt lat="39.174113" lon="-9.059370"><ele>651.252</ele><time>2024-06-16T14:59:24.070Z</time></trkpt><trkpt lat="39.174158" lon="-9.059347"><ele>650.799</ele><time>2024-06-16T14:59:27.070Z</time></trkpt><trkpt lat="39.174205" lon="-9.059324"><ele>650.412</ele><time>2024-06-16T14:59:31.070Z</time></trkpt><trkpt lat="39.174253" lon="-9.059299"><ele>650.231</ele><time>2024-06-16T14:59:35.070Z</time></trkpt><trkpt lat="39.174303" lon="-9.059286"><ele>650.150</ele><time>2024-06-16T14:59:39.070Z</time></trkpt><trkpt lat="39.174360" lon="-9.059281"><ele>648.718</ele><time>2024-06-16T14:59:44.070Z</time></trkpt><trkpt lat="39.174407" lon="-9.059294"><ele>647.411</ele><time>2024-06-16T14:59:48.070Z</time></trkpt><trkpt lat="39.174460" lon="-9.059316"><ele>646.421</ele><time>2024-06-16T14:59:52.070Z</time></trkpt><trkpt lat="39.174512" lon="-9.059343"><ele>646.103</ele><time>2024-06-16T14:59:56.070Z</time></trkpt><trkpt lat="39.174540" lon="-9.059396"><ele>646.109</ele><time>2024-06-16T15:00:02.070Z</time></trkpt><trkpt lat="39.174582" lon="-9.059434"><ele>646.062</ele><time>2024-06-16T15:00:06.070Z</time></trkpt><trkpt lat="39.174624" lon="-9.059466"><ele>646.228</ele><time>2024-06-16T15:00:11.070Z</time></trkpt><trkpt lat="39.174647" lon="-9.059526"><ele>646.445</ele><time>2024-06-16T15:00:15.070Z</time></trkpt><trkpt lat="39.174679" lon="-9.059574"><ele>646.255</ele><time>2024-06-16T15:00:19.070Z</time></trkpt><trkpt lat="39.174707" lon="-9.059631"><ele>645.762</ele><time>2024-06-16T15:00:23.070Z</time></trkpt><trkpt lat="39.174742" lon="-9.059679"><ele>645.425</ele><time>2024-06-16T15:00:27.070Z</time></trkpt><trkpt lat="39.174774" lon="-9.059731"><ele>644.664</ele><time>2024-06-16T15:00:31.070Z</time></trkpt><trkpt lat="39.174802" lon="-9.059783"><ele>643.613</ele><time>2024-06-16T15:00:35.070Z</time></trkpt><trkpt lat="39.174835" lon="-9.059843"><ele>643.161</ele><time>2024-06-16T15:00:39.070Z</time></trkpt><trkpt lat="39.174872" lon="-9.059893"><ele>643.017</ele><time>2024-06-16T15:00:43.070Z</time></trkpt><trkpt lat="39.174912" lon="-9.059943"><ele>643.087</ele><time>2024-06-16T15:00:47.070Z</time></trkpt><trkpt lat="39.174957" lon="-9.059981"><ele>643.015</ele><time>2024-06-16T15:00:51.070Z</time></trkpt><trkpt lat="39.174994" lon="-9.060031"><ele>643.309</ele><time>2024-06-16T15:00:55.070Z</time></trkpt><trkpt lat="39.175036" lon="-9.060071"><ele>643.332</ele><time>2024-06-16T15:00:59.070Z</time></trkpt><trkpt lat="39.175064" lon="-9.060131"><ele>643.148</ele><time>2024-06-16T15:01:03.070Z</time></trkpt><trkpt lat="39.175094" lon="-9.060183"><ele>643.175</ele><time>2024-06-16T15:01:07.070Z</time></trkpt><trkpt lat="39.175124" lon="-9.060240"><ele>643.195</ele><time>2024-06-16T15:01:11.070Z</time></trkpt><trkpt lat="39.175151" lon="-9.060290"><ele>643.192</ele><time>2024-06-16T15:01:16.070Z</time></trkpt><trkpt lat="39.175188" lon="-9.060350"><ele>643.175</ele><time>2024-06-16T15:01:20.070Z</time></trkpt><trkpt lat="39.175221" lon="-9.060413"><ele>643.384</ele><time>2024-06-16T15:01:24.070Z</time></trkpt><trkpt lat="39.175251" lon="-9.060470"><ele>643.153</ele><time>2024-06-16T15:01:32.070Z</time></trkpt><trkpt lat="39.175274" lon="-9.060522"><ele>643.151</ele><time>2024-06-16T15:01:36.070Z</time></trkpt><trkpt lat="39.175297" lon="-9.060575"><ele>642.963</ele><time>2024-06-16T15:01:40.070Z</time></trkpt><trkpt lat="39.175325" lon="-9.060645"><ele>642.844</ele><time>2024-06-16T15:01:44.070Z</time></trkpt><trkpt lat="39.175352" lon="-9.060705"><ele>642.618</ele><time>2024-06-16T15:01:47.070Z</time></trkpt><trkpt lat="39.175380" lon="-9.060772"><ele>639.509</ele><time>2024-06-16T15:01:51.070Z</time></trkpt><trkpt lat="39.175402" lon="-9.060844"><ele>638.837</ele><time>2024-06-16T15:01:55.070Z</time></trkpt><trkpt lat="39.175419" lon="-9.060906"><ele>638.363</ele><time>2024-06-16T15:01:59.070Z</time></trkpt><trkpt lat="39.175446" lon="-9.060964"><ele>637.550</ele><time>2024-06-16T15:02:03.070Z</time></trkpt><trkpt lat="39.175474" lon="-9.061032"><ele>636.290</ele><time>2024-06-16T15:02:07.070Z</time></trkpt><trkpt lat="39.175494" lon="-9.061085"><ele>635.747</ele><time>2024-06-16T15:02:10.070Z</time></trkpt><trkpt lat="39.175514" lon="-9.061147"><ele>635.560</ele><time>2024-06-16T15:02:14.070Z</time></trkpt><trkpt lat="39.175532" lon="-9.061215"><ele>635.419</ele><time>2024-06-16T15:02:18.070Z</time></trkpt><trkpt lat="39.175545" lon="-9.061285"><ele>634.848</ele><time>2024-06-16T15:02:22.070Z</time></trkpt><trkpt lat="39.175525" lon="-9.061342"><ele>633.776</ele><time>2024-06-16T15:02:27.070Z</time></trkpt><trkpt lat="39.175538" lon="-9.061405"><ele>633.328</ele><time>2024-06-16T15:02:40.070Z</time></trkpt><trkpt lat="39.175560" lon="-9.061457"><ele>633.289</ele><time>2024-06-16T15:02:45.070Z</time></trkpt><trkpt lat="39.175600" lon="-9.061509"><ele>632.917</ele><time>2024-06-16T15:02:51.070Z</time></trkpt><trkpt lat="39.175647" lon="-9.061544"><ele>632.409</ele><time>2024-06-16T15:02:56.070Z</time></trkpt><trkpt lat="39.175679" lon="-9.061596"><ele>632.463</ele><time>2024-06-16T15:03:07.070Z</time></trkpt><trkpt lat="39.175721" lon="-9.061639"><ele>631.589</ele><time>2024-06-16T15:03:13.070Z</time></trkpt><trkpt lat="39.175756" lon="-9.061682"><ele>629.456</ele><time>2024-06-16T15:03:58.070Z</time></trkpt><trkpt lat="39.175783" lon="-9.061730"><ele>629.486</ele><time>2024-06-16T15:04:07.070Z</time></trkpt><trkpt lat="39.175826" lon="-9.061763"><ele>629.283</ele><time>2024-06-16T15:04:28.070Z</time></trkpt><trkpt lat="39.175859" lon="-9.061805"><ele>629.146</ele><time>2024-06-16T15:04:32.070Z</time></trkpt><trkpt lat="39.175891" lon="-9.061852"><ele>628.985</ele><time>2024-06-16T15:04:36.070Z</time></trkpt><trkpt lat="39.175928" lon="-9.061894"><ele>627.714</ele><time>2024-06-16T15:04:40.070Z</time></trkpt><trkpt lat="39.175966" lon="-9.061934"><ele>627.792</ele><time>2024-06-16T15:04:45.070Z</time></trkpt><trkpt lat="39.175991" lon="-9.061984"><ele>628.373</ele><time>2024-06-16T15:04:49.070Z</time></trkpt><trkpt lat="39.176011" lon="-9.062041"><ele>626.685</ele><time>2024-06-16T15:04:53.070Z</time></trkpt><trkpt lat="39.176019" lon="-9.062111"><ele>625.613</ele><time>2024-06-16T15:04:58.070Z</time></trkpt><trkpt lat="39.176029" lon="-9.062171"><ele>625.209</ele><time>2024-06-16T15:05:02.070Z</time></trkpt><trkpt lat="39.176037" lon="-9.062229"><ele>624.588</ele><time>2024-06-16T15:05:06.070Z</time></trkpt><trkpt lat="39.176052" lon="-9.062286"><ele>623.514</ele><time>2024-06-16T15:05:10.070Z</time></trkpt><trkpt lat="39.176069" lon="-9.062344"><ele>622.851</ele><time>2024-06-16T15:05:14.070Z</time></trkpt><trkpt lat="39.176086" lon="-9.062412"><ele>621.231</ele><time>2024-06-16T15:05:18.070Z</time></trkpt><trkpt lat="39.176096" lon="-9.062470"><ele>620.118</ele><time>2024-06-16T15:05:22.070Z</time></trkpt><trkpt lat="39.176123" lon="-9.062525"><ele>617.091</ele><time>2024-06-16T15:05:38.070Z</time></trkpt><trkpt lat="39.176138" lon="-9.062587"><ele>616.340</ele><time>2024-06-16T15:05:43.070Z</time></trkpt><trkpt lat="39.176163" lon="-9.062642"><ele>616.139</ele><time>2024-06-16T15:05:48.070Z</time></trkpt><trkpt lat="39.176186" lon="-9.062695"><ele>615.827</ele><time>2024-06-16T15:05:54.070Z</time></trkpt><trkpt lat="39.176199" lon="-9.062762"><ele>615.571</ele><time>2024-06-16T15:06:03.070Z</time></trkpt><trkpt lat="39.176211" lon="-9.062832"><ele>613.541</ele><time>2024-06-16T15:06:08.070Z</time></trkpt><trkpt lat="39.176213" lon="-9.062892"><ele>613.315</ele><time>2024-06-16T15:06:12.070Z</time></trkpt><trkpt lat="39.176225" lon="-9.062950"><ele>613.109</ele><time>2024-06-16T15:06:16.070Z</time></trkpt><trkpt lat="39.176260" lon="-9.063010"><ele>611.768</ele><time>2024-06-16T15:06:21.070Z</time></trkpt><trkpt lat="39.176283" lon="-9.063070"><ele>610.474</ele><time>2024-06-16T15:06:29.070Z</time></trkpt><trkpt lat="39.176303" lon="-9.063142"><ele>610.271</ele><time>2024-06-16T15:06:34.070Z</time></trkpt><trkpt lat="39.176325" lon="-9.063209"><ele>610.081</ele><time>2024-06-16T15:06:39.070Z</time></trkpt><trkpt lat="39.176320" lon="-9.063274"><ele>609.778</ele><time>2024-06-16T15:06:44.070Z</time></trkpt><trkpt lat="39.176320" lon="-9.063332"><ele>609.391</ele><time>2024-06-16T15:06:49.070Z</time></trkpt><trkpt lat="39.176327" lon="-9.063395"><ele>606.470</ele><time>2024-06-16T15:06:53.070Z</time></trkpt><trkpt lat="39.176322" lon="-9.063453"><ele>604.799</ele><time>2024-06-16T15:06:57.070Z</time></trkpt><trkpt lat="39.176332" lon="-9.063521"><ele>604.347</ele><time>2024-06-16T15:07:02.070Z</time></trkpt><trkpt lat="39.176310" lon="-9.063586"><ele>604.434</ele><time>2024-06-16T15:07:11.069Z</time></trkpt><trkpt lat="39.176303" lon="-9.063644"><ele>604.355</ele><time>2024-06-16T15:07:14.069Z</time></trkpt><trkpt lat="39.176293" lon="-9.063701"><ele>604.910</ele><time>2024-06-16T15:07:18.069Z</time></trkpt><trkpt lat="39.176273" lon="-9.063754"><ele>604.809</ele><time>2024-06-16T15:07:23.069Z</time></trkpt><trkpt lat="39.176258" lon="-9.063817"><ele>601.654</ele><time>2024-06-16T15:08:11.069Z</time></trkpt><trkpt lat="39.176260" lon="-9.063880"><ele>601.380</ele><time>2024-06-16T15:08:15.069Z</time></trkpt><trkpt lat="39.176250" lon="-9.063942"><ele>601.367</ele><time>2024-06-16T15:08:22.069Z</time></trkpt><trkpt lat="39.176260" lon="-9.064004"><ele>601.387</ele><time>2024-06-16T15:08:34.069Z</time></trkpt><trkpt lat="39.176257" lon="-9.064062"><ele>601.324</ele><time>2024-06-16T15:08:41.069Z</time></trkpt><trkpt lat="39.176252" lon="-9.064130"><ele>599.237</ele><time>2024-06-16T15:08:46.069Z</time></trkpt><trkpt lat="39.176260" lon="-9.064197"><ele>599.126</ele><time>2024-06-16T15:08:52.069Z</time></trkpt><trkpt lat="39.176273" lon="-9.064257"><ele>599.155</ele><time>2024-06-16T15:08:57.069Z</time></trkpt><trkpt lat="39.176286" lon="-9.064319"><ele>597.663</ele><time>2024-06-16T15:09:02.069Z</time></trkpt><trkpt lat="39.176303" lon="-9.064374"><ele>596.091</ele><time>2024-06-16T15:09:07.069Z</time></trkpt><trkpt lat="39.176316" lon="-9.064437"><ele>595.481</ele><time>2024-06-16T15:09:13.069Z</time></trkpt><trkpt lat="39.176351" lon="-9.064482"><ele>594.519</ele><time>2024-06-16T15:09:20.069Z</time></trkpt><trkpt lat="39.176331" lon="-9.064552"><ele>594.409</ele><time>2024-06-16T15:09:25.069Z</time></trkpt><trkpt lat="39.176324" lon="-9.064619"><ele>592.510</ele><time>2024-06-16T15:09:38.069Z</time></trkpt><trkpt lat="39.176316" lon="-9.064679"><ele>592.436</ele><time>2024-06-16T15:09:43.069Z</time></trkpt><trkpt lat="39.176316" lon="-9.064737"><ele>592.353</ele><time>2024-06-16T15:09:48.069Z</time></trkpt><trkpt lat="39.176331" lon="-9.064802"><ele>592.383</ele><time>2024-06-16T15:09:53.069Z</time></trkpt><trkpt lat="39.176358" lon="-9.064860"><ele>592.350</ele><time>2024-06-16T15:09:58.069Z</time></trkpt><trkpt lat="39.176371" lon="-9.064920"><ele>592.063</ele><time>2024-06-16T15:10:06.069Z</time></trkpt><trkpt lat="39.176371" lon="-9.064982"><ele>591.842</ele><time>2024-06-16T15:10:11.069Z</time></trkpt><trkpt lat="39.176384" lon="-9.065044"><ele>591.621</ele><time>2024-06-16T15:10:16.069Z</time></trkpt><trkpt lat="39.176379" lon="-9.065112"><ele>591.379</ele><time>2024-06-16T15:10:23.069Z</time></trkpt><trkpt lat="39.176371" lon="-9.065174"><ele>590.511</ele><time>2024-06-16T15:10:29.069Z</time></trkpt><trkpt lat="39.176359" lon="-9.065231"><ele>589.421</ele><time>2024-06-16T15:10:36.069Z</time></trkpt><trkpt lat="39.176352" lon="-9.065304"><ele>587.003</ele><time>2024-06-16T15:11:06.069Z</time></trkpt><trkpt lat="39.176350" lon="-9.065362"><ele>586.609</ele><time>2024-06-16T15:11:36.069Z</time></trkpt><trkpt lat="39.176335" lon="-9.065419"><ele>586.512</ele><time>2024-06-16T15:12:31.069Z</time></trkpt><trkpt lat="39.176328" lon="-9.065486"><ele>586.528</ele><time>2024-06-16T15:12:36.069Z</time></trkpt><trkpt lat="39.176330" lon="-9.065553"><ele>586.525</ele><time>2024-06-16T15:12:42.069Z</time></trkpt><trkpt lat="39.176317" lon="-9.065620"><ele>586.515</ele><time>2024-06-16T15:12:47.069Z</time></trkpt><trkpt lat="39.176307" lon="-9.065680"><ele>586.552</ele><time>2024-06-16T15:12:54.069Z</time></trkpt><trkpt lat="39.176284" lon="-9.065733"><ele>582.655</ele><time>2024-06-16T15:13:00.069Z</time></trkpt><trkpt lat="39.176282" lon="-9.065791"><ele>582.474</ele><time>2024-06-16T15:13:04.069Z</time></trkpt><trkpt lat="39.176277" lon="-9.065858"><ele>582.183</ele><time>2024-06-16T15:13:09.069Z</time></trkpt><trkpt lat="39.176277" lon="-9.065918"><ele>581.761</ele><time>2024-06-16T15:13:13.069Z</time></trkpt><trkpt lat="39.176279" lon="-9.065988"><ele>579.886</ele><time>2024-06-16T15:13:18.069Z</time></trkpt><trkpt lat="39.176277" lon="-9.066050"><ele>577.460</ele><time>2024-06-16T15:13:23.069Z</time></trkpt><trkpt lat="39.176265" lon="-9.066108"><ele>576.726</ele><time>2024-06-16T15:13:27.068Z</time></trkpt><trkpt lat="39.176262" lon="-9.066180"><ele>575.509</ele><time>2024-06-16T15:13:36.068Z</time></trkpt><trkpt lat="39.176250" lon="-9.066242"><ele>575.239</ele><time>2024-06-16T15:13:40.068Z</time></trkpt><trkpt lat="39.176235" lon="-9.066304"><ele>573.695</ele><time>2024-06-16T15:13:44.068Z</time></trkpt><trkpt lat="39.176217" lon="-9.066367"><ele>572.882</ele><time>2024-06-16T15:13:49.068Z</time></trkpt><trkpt lat="39.176199" lon="-9.066434"><ele>572.252</ele><time>2024-06-16T15:13:54.068Z</time></trkpt><trkpt lat="39.176192" lon="-9.066492"><ele>570.259</ele><time>2024-06-16T15:14:16.068Z</time></trkpt><trkpt lat="39.176182" lon="-9.066552"><ele>569.842</ele><time>2024-06-16T15:14:26.068Z</time></trkpt><trkpt lat="39.176175" lon="-9.066619"><ele>569.761</ele><time>2024-06-16T15:14:31.068Z</time></trkpt><trkpt lat="39.176170" lon="-9.066687"><ele>569.770</ele><time>2024-06-16T15:14:35.068Z</time></trkpt><trkpt lat="39.176167" lon="-9.066757"><ele>569.728</ele><time>2024-06-16T15:14:40.068Z</time></trkpt><trkpt lat="39.176175" lon="-9.066820"><ele>569.231</ele><time>2024-06-16T15:14:44.068Z</time></trkpt><trkpt lat="39.176165" lon="-9.066883"><ele>569.161</ele><time>2024-06-16T15:14:49.068Z</time></trkpt><trkpt lat="39.176150" lon="-9.066938"><ele>567.407</ele><time>2024-06-16T15:14:52.068Z</time></trkpt><trkpt lat="39.176130" lon="-9.066995"><ele>567.009</ele><time>2024-06-16T15:14:56.068Z</time></trkpt><trkpt lat="39.176095" lon="-9.067048"><ele>566.174</ele><time>2024-06-16T15:15:01.068Z</time></trkpt><trkpt lat="39.176073" lon="-9.067106"><ele>565.410</ele><time>2024-06-16T15:15:06.068Z</time></trkpt><trkpt lat="39.176058" lon="-9.067164"><ele>564.257</ele><time>2024-06-16T15:15:12.068Z</time></trkpt><trkpt lat="39.176048" lon="-9.067226"><ele>564.017</ele><time>2024-06-16T15:15:17.068Z</time></trkpt><trkpt lat="39.176036" lon="-9.067288"><ele>563.914</ele><time>2024-06-16T15:15:22.068Z</time></trkpt><trkpt lat="39.176013" lon="-9.067350"><ele>563.867</ele><time>2024-06-16T15:15:27.068Z</time></trkpt><trkpt lat="39.175996" lon="-9.067410"><ele>563.776</ele><time>2024-06-16T15:15:32.068Z</time></trkpt><trkpt lat="39.175978" lon="-9.067467"><ele>563.415</ele><time>2024-06-16T15:15:37.068Z</time></trkpt><trkpt lat="39.175968" lon="-9.067525"><ele>562.043</ele><time>2024-06-16T15:15:43.068Z</time></trkpt><trkpt lat="39.175950" lon="-9.067578"><ele>560.769</ele><time>2024-06-16T15:16:23.068Z</time></trkpt><trkpt lat="39.175937" lon="-9.067636"><ele>560.604</ele><time>2024-06-16T15:16:30.068Z</time></trkpt><trkpt lat="39.175922" lon="-9.067696"><ele>560.624</ele><time>2024-06-16T15:16:35.068Z</time></trkpt><trkpt lat="39.175904" lon="-9.067756"><ele>560.709</ele><time>2024-06-16T15:16:41.068Z</time></trkpt><trkpt lat="39.175886" lon="-9.067819"><ele>560.577</ele><time>2024-06-16T15:16:46.068Z</time></trkpt><trkpt lat="39.175873" lon="-9.067884"><ele>558.623</ele><time>2024-06-16T15:16:52.068Z</time></trkpt><trkpt lat="39.175860" lon="-9.067952"><ele>558.250</ele><time>2024-06-16T15:16:57.068Z</time></trkpt><trkpt lat="39.175845" lon="-9.068009"><ele>557.240</ele><time>2024-06-16T15:17:02.068Z</time></trkpt><trkpt lat="39.175870" lon="-9.068064"><ele>555.077</ele><time>2024-06-16T15:18:00.068Z</time></trkpt><trkpt lat="39.175848" lon="-9.068119"><ele>555.060</ele><time>2024-06-16T15:18:16.068Z</time></trkpt><trkpt lat="39.175855" lon="-9.068177"><ele>555.039</ele><time>2024-06-16T15:18:28.068Z</time></trkpt><trkpt lat="39.175857" lon="-9.068239"><ele>555.068</ele><time>2024-06-16T15:18:35.068Z</time></trkpt><trkpt lat="39.175859" lon="-9.068297"><ele>555.046</ele><time>2024-06-16T15:18:38.068Z</time></trkpt><trkpt lat="39.175864" lon="-9.068357"><ele>553.536</ele><time>2024-06-16T15:18:48.067Z</time></trkpt><trkpt lat="39.175881" lon="-9.068414"><ele>553.117</ele><time>2024-06-16T15:18:54.067Z</time></trkpt><trkpt lat="39.175873" lon="-9.068472"><ele>551.918</ele><time>2024-06-16T15:19:02.067Z</time></trkpt><trkpt lat="39.175866" lon="-9.068532"><ele>551.409</ele><time>2024-06-16T15:19:07.067Z</time></trkpt><trkpt lat="39.175838" lon="-9.068587"><ele>551.464</ele><time>2024-06-16T15:19:12.067Z</time></trkpt><trkpt lat="39.175808" lon="-9.068645"><ele>550.940</ele><time>2024-06-16T15:19:24.067Z</time></trkpt><trkpt lat="39.175776" lon="-9.068695"><ele>550.417</ele><time>2024-06-16T15:19:29.067Z</time></trkpt><trkpt lat="39.175744" lon="-9.068737"><ele>549.957</ele><time>2024-06-16T15:19:36.067Z</time></trkpt><trkpt lat="39.175724" lon="-9.068799"><ele>548.394</ele><time>2024-06-16T15:19:42.067Z</time></trkpt><trkpt lat="39.175687" lon="-9.068847"><ele>547.537</ele><time>2024-06-16T15:19:47.067Z</time></trkpt><trkpt lat="39.175647" lon="-9.068884"><ele>547.076</ele><time>2024-06-16T15:19:53.067Z</time></trkpt><trkpt lat="39.175604" lon="-9.068904"><ele>544.635</ele><time>2024-06-16T15:19:59.067Z</time></trkpt><trkpt lat="39.175559" lon="-9.068914"><ele>543.533</ele><time>2024-06-16T15:20:12.067Z</time></trkpt><trkpt lat="39.175507" lon="-9.068946"><ele>541.394</ele><time>2024-06-16T15:20:22.067Z</time></trkpt><trkpt lat="39.175475" lon="-9.068989"><ele>539.557</ele><time>2024-06-16T15:20:31.067Z</time></trkpt><trkpt lat="39.175430" lon="-9.069007"><ele>535.122</ele><time>2024-06-16T15:21:15.067Z</time></trkpt><trkpt lat="39.175378" lon="-9.069005"><ele>535.109</ele><time>2024-06-16T15:21:31.067Z</time></trkpt><trkpt lat="39.175330" lon="-9.069002"><ele>535.160</ele><time>2024-06-16T15:21:39.067Z</time></trkpt><trkpt lat="39.175287" lon="-9.069025"><ele>534.666</ele><time>2024-06-16T15:21:50.067Z</time></trkpt><trkpt lat="39.175239" lon="-9.069023"><ele>532.063</ele><time>2024-06-16T15:22:06.067Z</time></trkpt><trkpt lat="39.175194" lon="-9.069021"><ele>529.463</ele><time>2024-06-16T15:22:14.067Z</time></trkpt><trkpt lat="39.175149" lon="-9.068999"><ele>529.090</ele><time>2024-06-16T15:22:22.067Z</time></trkpt><trkpt lat="39.175099" lon="-9.068987"><ele>525.593</ele><time>2024-06-16T15:22:54.067Z</time></trkpt><trkpt lat="39.175076" lon="-9.068935"><ele>522.942</ele><time>2024-06-16T15:23:03.067Z</time></trkpt><trkpt lat="39.175041" lon="-9.068895"><ele>522.531</ele><time>2024-06-16T15:23:10.067Z</time></trkpt><trkpt lat="39.174996" lon="-9.068897"><ele>522.559</ele><time>2024-06-16T15:23:30.067Z</time></trkpt><trkpt lat="39.174969" lon="-9.068954"><ele>522.458</ele><time>2024-06-16T15:23:38.067Z</time></trkpt><trkpt lat="39.174932" lon="-9.069006"><ele>522.152</ele><time>2024-06-16T15:23:46.067Z</time></trkpt><trkpt lat="39.174890" lon="-9.069041"><ele>520.217</ele><time>2024-06-16T15:24:12.067Z</time></trkpt><trkpt lat="39.174845" lon="-9.069046"><ele>516.209</ele><time>2024-06-16T15:24:21.067Z</time></trkpt><trkpt lat="39.174827" lon="-9.068979"><ele>515.356</ele><time>2024-06-16T15:24:41.067Z</time></trkpt><trkpt lat="39.174820" lon="-9.068919"><ele>515.232</ele><time>2024-06-16T15:24:47.067Z</time></trkpt><trkpt lat="39.174790" lon="-9.068872"><ele>514.439</ele><time>2024-06-16T15:24:55.067Z</time></trkpt><trkpt lat="39.174745" lon="-9.068872"><ele>513.989</ele><time>2024-06-16T15:25:05.066Z</time></trkpt><trkpt lat="39.174673" lon="-9.068864"><ele>511.536</ele><time>2024-06-16T15:25:51.066Z</time></trkpt><trkpt lat="39.174635" lon="-9.068831"><ele>511.599</ele><time>2024-06-16T15:26:01.066Z</time></trkpt><trkpt lat="39.174580" lon="-9.068804"><ele>511.158</ele><time>2024-06-16T15:26:51.066Z</time></trkpt><trkpt lat="39.174523" lon="-9.068801"><ele>509.327</ele><time>2024-06-16T15:27:15.066Z</time></trkpt><trkpt lat="39.174478" lon="-9.068811"><ele>507.515</ele><time>2024-06-16T15:27:36.066Z</time></trkpt><trkpt lat="39.174433" lon="-9.068798"><ele>507.588</ele><time>2024-06-16T15:27:42.066Z</time></trkpt><trkpt lat="39.174383" lon="-9.068758"><ele>504.824</ele><time>2024-06-16T15:28:13.066Z</time></trkpt><trkpt lat="39.174325" lon="-9.068763"><ele>494.126</ele><time>2024-06-16T15:28:43.066Z</time></trkpt><trkpt lat="39.174275" lon="-9.068776"><ele>492.509</ele><time>2024-06-16T15:28:49.066Z</time></trkpt><trkpt lat="39.174253" lon="-9.068719"><ele>487.779</ele><time>2024-06-16T15:29:02.066Z</time></trkpt><trkpt lat="39.174205" lon="-9.068706"><ele>487.535</ele><time>2024-06-16T15:29:16.066Z</time></trkpt><trkpt lat="39.174168" lon="-9.068664"><ele>486.232</ele><time>2024-06-16T15:29:24.066Z</time></trkpt><trkpt lat="39.174110" lon="-9.068636"><ele>485.232</ele><time>2024-06-16T15:29:45.065Z</time></trkpt><trkpt lat="39.174075" lon="-9.068588"><ele>485.149</ele><time>2024-06-16T15:29:49.065Z</time></trkpt><trkpt lat="39.174023" lon="-9.068538"><ele>478.022</ele><time>2024-06-16T15:30:31.065Z</time></trkpt><trkpt lat="39.173973" lon="-9.068516"><ele>477.331</ele><time>2024-06-16T15:30:37.065Z</time></trkpt><trkpt lat="39.173928" lon="-9.068504"><ele>476.910</ele><time>2024-06-16T15:30:43.065Z</time></trkpt><trkpt lat="39.173871" lon="-9.068479"><ele>477.418</ele><time>2024-06-16T15:31:10.065Z</time></trkpt><trkpt lat="39.173821" lon="-9.068484"><ele>478.398</ele><time>2024-06-16T15:31:17.065Z</time></trkpt><trkpt lat="39.173774" lon="-9.068516"><ele>478.215</ele><time>2024-06-16T15:31:23.065Z</time></trkpt><trkpt lat="39.173727" lon="-9.068539"><ele>477.426</ele><time>2024-06-16T15:31:29.065Z</time></trkpt><trkpt lat="39.173687" lon="-9.068566"><ele>477.109</ele><time>2024-06-16T15:31:37.065Z</time></trkpt><trkpt lat="39.173647" lon="-9.068599"><ele>475.890</ele><time>2024-06-16T15:31:41.065Z</time></trkpt><trkpt lat="39.173607" lon="-9.068627"><ele>475.436</ele><time>2024-06-16T15:31:47.065Z</time></trkpt><trkpt lat="39.173557" lon="-9.068640"><ele>473.713</ele><time>2024-06-16T15:31:59.065Z</time></trkpt><trkpt lat="39.173509" lon="-9.068652"><ele>471.783</ele><time>2024-06-16T15:32:05.065Z</time></trkpt><trkpt lat="39.173459" lon="-9.068670"><ele>470.030</ele><time>2024-06-16T15:32:11.065Z</time></trkpt><trkpt lat="39.173409" lon="-9.068700"><ele>469.273</ele><time>2024-06-16T15:32:34.065Z</time></trkpt><trkpt lat="39.173369" lon="-9.068728"><ele>469.052</ele><time>2024-06-16T15:32:38.065Z</time></trkpt><trkpt lat="39.173327" lon="-9.068753"><ele>468.811</ele><time>2024-06-16T15:32:43.065Z</time></trkpt><trkpt lat="39.173280" lon="-9.068770"><ele>466.819</ele><time>2024-06-16T15:32:51.065Z</time></trkpt><trkpt lat="39.173233" lon="-9.068792"><ele>465.864</ele><time>2024-06-16T15:32:58.065Z</time></trkpt><trkpt lat="39.173188" lon="-9.068800"><ele>465.306</ele><time>2024-06-16T15:33:07.065Z</time></trkpt><trkpt lat="39.173138" lon="-9.068823"><ele>465.216</ele><time>2024-06-16T15:33:16.065Z</time></trkpt><trkpt lat="39.173076" lon="-9.068836"><ele>457.309</ele><time>2024-06-16T15:35:06.064Z</time></trkpt><trkpt lat="39.173029" lon="-9.068843"><ele>457.387</ele><time>2024-06-16T15:35:15.064Z</time></trkpt><trkpt lat="39.172992" lon="-9.068881"><ele>457.383</ele><time>2024-06-16T15:35:20.064Z</time></trkpt><trkpt lat="39.172952" lon="-9.068913"><ele>457.390</ele><time>2024-06-16T15:35:26.064Z</time></trkpt><trkpt lat="39.172909" lon="-9.068956"><ele>458.360</ele><time>2024-06-16T15:35:33.064Z</time></trkpt><trkpt lat="39.172857" lon="-9.068979"><ele>461.117</ele><time>2024-06-16T15:35:37.064Z</time></trkpt><trkpt lat="39.172827" lon="-9.069032"><ele>458.920</ele><time>2024-06-16T15:35:55.064Z</time></trkpt><trkpt lat="39.172790" lon="-9.069072"><ele>457.259</ele><time>2024-06-16T15:36:00.064Z</time></trkpt><trkpt lat="39.172782" lon="-9.069135"><ele>456.458</ele><time>2024-06-16T15:36:07.064Z</time></trkpt><trkpt lat="39.172745" lon="-9.069173"><ele>455.986</ele><time>2024-06-16T15:36:31.064Z</time></trkpt><trkpt lat="39.172708" lon="-9.069221"><ele>455.738</ele><time>2024-06-16T15:36:38.064Z</time></trkpt><trkpt lat="39.172658" lon="-9.069234"><ele>455.570</ele><time>2024-06-16T15:36:43.064Z</time></trkpt><trkpt lat="39.172596" lon="-9.069237"><ele>454.517</ele><time>2024-06-16T15:36:56.064Z</time></trkpt><trkpt lat="39.172551" lon="-9.069230"><ele>453.509</ele><time>2024-06-16T15:37:05.064Z</time></trkpt><trkpt lat="39.172503" lon="-9.069250"><ele>451.944</ele><time>2024-06-16T15:37:11.064Z</time></trkpt><trkpt lat="39.172455" lon="-9.069257"><ele>450.260</ele><time>2024-06-16T15:37:16.064Z</time></trkpt><trkpt lat="39.172408" lon="-9.069269"><ele>449.597</ele><time>2024-06-16T15:37:22.064Z</time></trkpt><trkpt lat="39.172356" lon="-9.069279"><ele>448.947</ele><time>2024-06-16T15:37:28.064Z</time></trkpt><trkpt lat="39.172306" lon="-9.069287"><ele>448.834</ele><time>2024-06-16T15:37:34.064Z</time></trkpt><trkpt lat="39.172254" lon="-9.069285"><ele>448.597</ele><time>2024-06-16T15:37:39.064Z</time></trkpt><trkpt lat="39.172211" lon="-9.069320"><ele>448.276</ele><time>2024-06-16T15:37:46.064Z</time></trkpt><trkpt lat="39.172169" lon="-9.069363"><ele>446.945</ele><time>2024-06-16T15:37:53.064Z</time></trkpt><trkpt lat="39.172126" lon="-9.069383"><ele>444.793</ele><time>2024-06-16T15:38:06.064Z</time></trkpt><trkpt lat="39.172084" lon="-9.069408"><ele>442.491</ele><time>2024-06-16T15:38:15.064Z</time></trkpt><trkpt lat="39.172039" lon="-9.069420"><ele>440.981</ele><time>2024-06-16T15:38:22.064Z</time></trkpt><trkpt lat="39.171986" lon="-9.069437"><ele>438.819</ele><time>2024-06-16T15:38:28.064Z</time></trkpt><trkpt lat="39.171933" lon="-9.069459"><ele>438.209</ele><time>2024-06-16T15:38:34.064Z</time></trkpt><trkpt lat="39.171895" lon="-9.069501"><ele>437.640</ele><time>2024-06-16T15:39:01.063Z</time></trkpt><trkpt lat="39.171868" lon="-9.069549"><ele>437.846</ele><time>2024-06-16T15:39:07.063Z</time></trkpt><trkpt lat="39.171820" lon="-9.069551"><ele>438.113</ele><time>2024-06-16T15:39:26.063Z</time></trkpt><trkpt lat="39.171780" lon="-9.069596"><ele>436.783</ele><time>2024-06-16T15:39:34.063Z</time></trkpt><trkpt lat="39.171745" lon="-9.069636"><ele>437.650</ele><time>2024-06-16T15:39:40.063Z</time></trkpt><trkpt lat="39.171708" lon="-9.069674"><ele>436.753</ele><time>2024-06-16T15:39:47.063Z</time></trkpt><trkpt lat="39.171675" lon="-9.069716"><ele>434.052</ele><time>2024-06-16T15:39:56.063Z</time></trkpt><trkpt lat="39.171642" lon="-9.069756"><ele>430.881</ele><time>2024-06-16T15:40:26.063Z</time></trkpt><trkpt lat="39.171610" lon="-9.069799"><ele>430.469</ele><time>2024-06-16T15:40:32.063Z</time></trkpt><trkpt lat="39.171577" lon="-9.069839"><ele>430.844</ele><time>2024-06-16T15:40:44.063Z</time></trkpt><trkpt lat="39.171522" lon="-9.069832"><ele>429.805</ele><time>2024-06-16T15:40:53.063Z</time></trkpt><trkpt lat="39.171489" lon="-9.069874"><ele>430.215</ele><time>2024-06-16T15:40:59.063Z</time></trkpt><trkpt lat="39.171444" lon="-9.069876"><ele>430.009</ele><time>2024-06-16T15:41:08.063Z</time></trkpt><trkpt lat="39.171406" lon="-9.069908"><ele>424.855</ele><time>2024-06-16T15:41:19.063Z</time></trkpt><trkpt lat="39.171379" lon="-9.069956"><ele>421.261</ele><time>2024-06-16T15:41:34.063Z</time></trkpt><trkpt lat="39.171349" lon="-9.069999"><ele>419.768</ele><time>2024-06-16T15:41:38.063Z</time></trkpt><trkpt lat="39.171329" lon="-9.070074"><ele>418.588</ele><time>2024-06-16T15:42:00.063Z</time></trkpt><trkpt lat="39.171314" lon="-9.070149"><ele>418.525</ele><time>2024-06-16T15:42:17.063Z</time></trkpt><trkpt lat="39.171312" lon="-9.070226"><ele>425.028</ele><time>2024-06-16T15:42:51.063Z</time></trkpt><trkpt lat="39.171275" lon="-9.070298"><ele>425.097</ele><time>2024-06-16T15:43:25.062Z</time></trkpt><trkpt lat="39.171283" lon="-9.070356"><ele>424.736</ele><time>2024-06-16T15:43:33.062Z</time></trkpt><trkpt lat="39.171250" lon="-9.070403"><ele>424.224</ele><time>2024-06-16T15:43:49.062Z</time></trkpt><trkpt lat="39.171285" lon="-9.070450"><ele>415.141</ele><time>2024-06-16T15:43:55.062Z</time></trkpt><trkpt lat="39.171247" lon="-9.070515"><ele>415.181</ele><time>2024-06-16T15:44:17.062Z</time></trkpt><trkpt lat="39.171284" lon="-9.070550"><ele>415.909</ele><time>2024-06-16T15:44:26.062Z</time></trkpt><trkpt lat="39.171262" lon="-9.070618"><ele>415.309</ele><time>2024-06-16T15:44:43.062Z</time></trkpt><trkpt lat="39.171245" lon="-9.070681"><ele>413.665</ele><time>2024-06-16T15:45:00.062Z</time></trkpt><trkpt lat="39.171220" lon="-9.070734"><ele>411.411</ele><time>2024-06-16T15:45:08.062Z</time></trkpt><trkpt lat="39.171183" lon="-9.070781"><ele>404.218</ele><time>2024-06-16T15:45:23.062Z</time></trkpt><trkpt lat="39.171145" lon="-9.070831"><ele>401.978</ele><time>2024-06-16T15:45:28.062Z</time></trkpt><trkpt lat="39.171090" lon="-9.070866"><ele>400.615</ele><time>2024-06-16T15:45:33.062Z</time></trkpt><trkpt lat="39.171110" lon="-9.070924"><ele>393.748</ele><time>2024-06-16T15:46:24.062Z</time></trkpt><trkpt lat="39.171155" lon="-9.070959"><ele>393.587</ele><time>2024-06-16T15:46:32.062Z</time></trkpt><trkpt lat="39.171165" lon="-9.071016"><ele>393.136</ele><time>2024-06-16T15:46:38.062Z</time></trkpt><trkpt lat="39.171185" lon="-9.071084"><ele>393.534</ele><time>2024-06-16T15:46:43.062Z</time></trkpt><trkpt lat="39.171175" lon="-9.071142"><ele>391.557</ele><time>2024-06-16T15:46:47.062Z</time></trkpt><trkpt lat="39.171143" lon="-9.071195"><ele>393.600</ele><time>2024-06-16T15:46:53.062Z</time></trkpt><trkpt lat="39.171095" lon="-9.071225"><ele>394.520</ele><time>2024-06-16T15:46:59.062Z</time></trkpt><trkpt lat="39.171083" lon="-9.071292"><ele>397.009</ele><time>2024-06-16T15:47:18.062Z</time></trkpt><trkpt lat="39.171053" lon="-9.071344"><ele>397.046</ele><time>2024-06-16T15:47:24.062Z</time></trkpt><trkpt lat="39.171035" lon="-9.071397"><ele>397.052</ele><time>2024-06-16T15:47:30.062Z</time></trkpt><trkpt lat="39.171002" lon="-9.071449"><ele>396.879</ele><time>2024-06-16T15:47:35.062Z</time></trkpt><trkpt lat="39.170967" lon="-9.071487"><ele>396.589</ele><time>2024-06-16T15:47:38.061Z</time></trkpt><trkpt lat="39.170937" lon="-9.071532"><ele>395.856</ele><time>2024-06-16T15:47:47.061Z</time></trkpt><trkpt lat="39.170882" lon="-9.071495"><ele>395.869</ele><time>2024-06-16T15:47:50.061Z</time></trkpt><trkpt lat="39.170882" lon="-9.071567"><ele>396.418</ele><time>2024-06-16T15:47:55.061Z</time></trkpt><trkpt lat="39.170855" lon="-9.071632"><ele>396.867</ele><time>2024-06-16T15:47:59.061Z</time></trkpt><trkpt lat="39.170820" lon="-9.071672"><ele>404.425</ele><time>2024-06-16T15:48:05.061Z</time></trkpt><trkpt lat="39.170795" lon="-9.071722"><ele>405.714</ele><time>2024-06-16T15:48:09.061Z</time></trkpt><trkpt lat="39.170745" lon="-9.071769"><ele>399.354</ele><time>2024-06-16T15:48:29.061Z</time></trkpt><trkpt lat="39.170698" lon="-9.071809"><ele>397.009</ele><time>2024-06-16T15:48:33.061Z</time></trkpt><trkpt lat="39.170656" lon="-9.071844"><ele>396.009</ele><time>2024-06-16T15:48:37.061Z</time></trkpt><trkpt lat="39.170628" lon="-9.071904"><ele>395.952</ele><time>2024-06-16T15:48:42.061Z</time></trkpt><trkpt lat="39.170588" lon="-9.071939"><ele>394.528</ele><time>2024-06-16T15:48:46.061Z</time></trkpt><trkpt lat="39.170541" lon="-9.071956"><ele>392.285</ele><time>2024-06-16T15:48:53.061Z</time></trkpt><trkpt lat="39.170519" lon="-9.072008"><ele>390.235</ele><time>2024-06-16T15:48:59.061Z</time></trkpt><trkpt lat="39.170486" lon="-9.072056"><ele>389.612</ele><time>2024-06-16T15:49:06.061Z</time></trkpt><trkpt lat="39.170443" lon="-9.072084"><ele>386.755</ele><time>2024-06-16T15:49:40.061Z</time></trkpt><trkpt lat="39.170408" lon="-9.072131"><ele>386.744</ele><time>2024-06-16T15:49:48.061Z</time></trkpt><trkpt lat="39.170368" lon="-9.072204"><ele>386.793</ele><time>2024-06-16T15:50:28.061Z</time></trkpt><trkpt lat="39.170318" lon="-9.072237"><ele>386.411</ele><time>2024-06-16T15:50:34.061Z</time></trkpt><trkpt lat="39.170276" lon="-9.072269"><ele>386.367</ele><time>2024-06-16T15:50:40.061Z</time></trkpt><trkpt lat="39.170239" lon="-9.072314"><ele>386.381</ele><time>2024-06-16T15:50:47.061Z</time></trkpt><trkpt lat="39.170214" lon="-9.072366"><ele>386.319</ele><time>2024-06-16T15:50:53.061Z</time></trkpt><trkpt lat="39.170192" lon="-9.072428"><ele>386.009</ele><time>2024-06-16T15:50:57.061Z</time></trkpt><trkpt lat="39.170154" lon="-9.072483"><ele>386.087</ele><time>2024-06-16T15:51:02.061Z</time></trkpt><trkpt lat="39.170114" lon="-9.072521"><ele>386.033</ele><time>2024-06-16T15:51:08.061Z</time></trkpt><trkpt lat="39.170086" lon="-9.072573"><ele>385.230</ele><time>2024-06-16T15:51:15.061Z</time></trkpt><trkpt lat="39.170044" lon="-9.072611"><ele>385.070</ele><time>2024-06-16T15:51:20.061Z</time></trkpt><trkpt lat="39.169996" lon="-9.072639"><ele>385.127</ele><time>2024-06-16T15:51:26.061Z</time></trkpt><trkpt lat="39.169953" lon="-9.072679"><ele>385.240</ele><time>2024-06-16T15:51:31.061Z</time></trkpt><trkpt lat="39.169913" lon="-9.072712"><ele>385.549</ele><time>2024-06-16T15:51:36.061Z</time></trkpt><trkpt lat="39.169863" lon="-9.072725"><ele>385.788</ele><time>2024-06-16T15:51:41.061Z</time></trkpt><trkpt lat="39.169811" lon="-9.072728"><ele>386.396</ele><time>2024-06-16T15:51:46.061Z</time></trkpt><trkpt lat="39.169766" lon="-9.072753"><ele>386.778</ele><time>2024-06-16T15:51:50.061Z</time></trkpt><trkpt lat="39.169719" lon="-9.072750"><ele>387.133</ele><time>2024-06-16T15:51:55.061Z</time></trkpt><trkpt lat="39.169677" lon="-9.072780"><ele>388.626</ele><time>2024-06-16T15:52:01.061Z</time></trkpt><trkpt lat="39.169630" lon="-9.072798"><ele>389.209</ele><time>2024-06-16T15:52:08.061Z</time></trkpt><trkpt lat="39.169583" lon="-9.072808"><ele>389.178</ele><time>2024-06-16T15:52:15.061Z</time></trkpt><trkpt lat="39.169545" lon="-9.072845"><ele>389.134</ele><time>2024-06-16T15:52:19.061Z</time></trkpt><trkpt lat="39.169500" lon="-9.072870"><ele>388.851</ele><time>2024-06-16T15:52:25.061Z</time></trkpt><trkpt lat="39.169462" lon="-9.072902"><ele>387.311</ele><time>2024-06-16T15:52:33.060Z</time></trkpt><trkpt lat="39.169427" lon="-9.072947"><ele>385.968</ele><time>2024-06-16T15:52:45.060Z</time></trkpt><trkpt lat="39.169394" lon="-9.072987"><ele>385.041</ele><time>2024-06-16T15:52:52.060Z</time></trkpt><trkpt lat="39.169376" lon="-9.073045"><ele>384.520</ele><time>2024-06-16T15:52:58.060Z</time></trkpt><trkpt lat="39.169344" lon="-9.073093"><ele>384.419</ele><time>2024-06-16T15:53:05.060Z</time></trkpt><trkpt lat="39.169314" lon="-9.073155"><ele>384.467</ele><time>2024-06-16T15:53:10.060Z</time></trkpt><trkpt lat="39.169286" lon="-9.073205"><ele>384.412</ele><time>2024-06-16T15:53:14.060Z</time></trkpt><trkpt lat="39.169256" lon="-9.073252"><ele>384.632</ele><time>2024-06-16T15:53:20.060Z</time></trkpt><trkpt lat="39.169231" lon="-9.073305"><ele>384.605</ele><time>2024-06-16T15:53:24.060Z</time></trkpt><trkpt lat="39.169203" lon="-9.073360"><ele>384.509</ele><time>2024-06-16T15:53:32.060Z</time></trkpt><trkpt lat="39.169166" lon="-9.073408"><ele>383.222</ele><time>2024-06-16T15:53:38.060Z</time></trkpt><trkpt lat="39.169146" lon="-9.073468"><ele>381.318</ele><time>2024-06-16T15:53:45.060Z</time></trkpt><trkpt lat="39.169101" lon="-9.073495"><ele>381.755</ele><time>2024-06-16T15:54:02.060Z</time></trkpt><trkpt lat="39.169113" lon="-9.073572"><ele>380.975</ele><time>2024-06-16T15:54:57.060Z</time></trkpt><trkpt lat="39.169091" lon="-9.073624"><ele>380.922</ele><time>2024-06-16T15:55:02.060Z</time></trkpt><trkpt lat="39.169066" lon="-9.073677"><ele>380.815</ele><time>2024-06-16T15:55:06.060Z</time></trkpt><trkpt lat="39.169048" lon="-9.073747"><ele>380.744</ele><time>2024-06-16T15:55:10.060Z</time></trkpt><trkpt lat="39.169016" lon="-9.073794"><ele>378.063</ele><time>2024-06-16T15:55:15.060Z</time></trkpt><trkpt lat="39.168979" lon="-9.073846"><ele>376.321</ele><time>2024-06-16T15:55:21.060Z</time></trkpt><trkpt lat="39.168942" lon="-9.073899"><ele>375.837</ele><time>2024-06-16T15:55:30.060Z</time></trkpt><trkpt lat="39.168912" lon="-9.073952"><ele>375.649</ele><time>2024-06-16T15:55:34.060Z</time></trkpt><trkpt lat="39.168890" lon="-9.074005"><ele>375.313</ele><time>2024-06-16T15:55:39.060Z</time></trkpt><trkpt lat="39.168865" lon="-9.074068"><ele>375.009</ele><time>2024-06-16T15:55:44.060Z</time></trkpt><trkpt lat="39.168838" lon="-9.074118"><ele>374.614</ele><time>2024-06-16T15:55:49.060Z</time></trkpt><trkpt lat="39.168793" lon="-9.074161"><ele>374.310</ele><time>2024-06-16T15:55:54.060Z</time></trkpt><trkpt lat="39.168760" lon="-9.074218"><ele>374.357</ele><time>2024-06-16T15:55:58.060Z</time></trkpt><trkpt lat="39.168738" lon="-9.074273"><ele>374.157</ele><time>2024-06-16T15:56:03.060Z</time></trkpt><trkpt lat="39.168713" lon="-9.074328"><ele>374.214</ele><time>2024-06-16T15:56:07.060Z</time></trkpt><trkpt lat="39.168715" lon="-9.074386"><ele>374.177</ele><time>2024-06-16T15:56:13.060Z</time></trkpt><trkpt lat="39.168707" lon="-9.074448"><ele>374.476</ele><time>2024-06-16T15:56:20.060Z</time></trkpt><trkpt lat="39.168712" lon="-9.074508"><ele>374.595</ele><time>2024-06-16T15:56:25.060Z</time></trkpt><trkpt lat="39.168707" lon="-9.074568"><ele>375.173</ele><time>2024-06-16T15:56:30.060Z</time></trkpt><trkpt lat="39.168700" lon="-9.074641"><ele>376.859</ele><time>2024-06-16T15:56:36.060Z</time></trkpt><trkpt lat="39.168695" lon="-9.074709"><ele>377.903</ele><time>2024-06-16T15:56:41.060Z</time></trkpt><trkpt lat="39.168692" lon="-9.074772"><ele>377.923</ele><time>2024-06-16T15:56:47.060Z</time></trkpt><trkpt lat="39.168702" lon="-9.074840"><ele>377.309</ele><time>2024-06-16T15:56:59.060Z</time></trkpt><trkpt lat="39.168720" lon="-9.074898"><ele>377.076</ele><time>2024-06-16T15:57:02.060Z</time></trkpt><trkpt lat="39.168727" lon="-9.074961"><ele>376.082</ele><time>2024-06-16T15:57:07.060Z</time></trkpt><trkpt lat="39.168737" lon="-9.075021"><ele>375.819</ele><time>2024-06-16T15:57:13.060Z</time></trkpt><trkpt lat="39.168762" lon="-9.075074"><ele>375.569</ele><time>2024-06-16T15:57:18.060Z</time></trkpt><trkpt lat="39.168780" lon="-9.075134"><ele>374.816</ele><time>2024-06-16T15:57:23.060Z</time></trkpt><trkpt lat="39.168800" lon="-9.075194"><ele>373.759</ele><time>2024-06-16T15:57:30.060Z</time></trkpt><trkpt lat="39.168838" lon="-9.075237"><ele>373.028</ele><time>2024-06-16T15:57:34.060Z</time></trkpt><trkpt lat="39.168838" lon="-9.075304"><ele>372.847</ele><time>2024-06-16T15:57:39.060Z</time></trkpt><trkpt lat="39.168853" lon="-9.075359"><ele>372.815</ele><time>2024-06-16T15:57:45.060Z</time></trkpt><trkpt lat="39.168863" lon="-9.075422"><ele>373.577</ele><time>2024-06-16T15:57:51.060Z</time></trkpt><trkpt lat="39.168876" lon="-9.075484"><ele>374.161</ele><time>2024-06-16T15:57:56.060Z</time></trkpt><trkpt lat="39.168871" lon="-9.075544"><ele>374.127</ele><time>2024-06-16T15:58:00.060Z</time></trkpt><trkpt lat="39.168873" lon="-9.075607"><ele>374.009</ele><time>2024-06-16T15:58:05.060Z</time></trkpt><trkpt lat="39.168880" lon="-9.075677"><ele>373.978</ele><time>2024-06-16T15:58:10.060Z</time></trkpt><trkpt lat="39.168880" lon="-9.075737"><ele>373.874</ele><time>2024-06-16T15:58:15.060Z</time></trkpt><trkpt lat="39.168880" lon="-9.075810"><ele>373.831</ele><time>2024-06-16T15:58:21.060Z</time></trkpt><trkpt lat="39.168883" lon="-9.075875"><ele>373.911</ele><time>2024-06-16T15:58:26.060Z</time></trkpt><trkpt lat="39.168886" lon="-9.075940"><ele>373.958</ele><time>2024-06-16T15:58:31.060Z</time></trkpt><trkpt lat="39.168884" lon="-9.075998"><ele>373.891</ele><time>2024-06-16T15:58:36.060Z</time></trkpt><trkpt lat="39.168882" lon="-9.076056"><ele>373.770</ele><time>2024-06-16T15:58:40.060Z</time></trkpt><trkpt lat="39.168870" lon="-9.076123"><ele>373.899</ele><time>2024-06-16T15:58:45.060Z</time></trkpt><trkpt lat="39.168865" lon="-9.076185"><ele>373.877</ele><time>2024-06-16T15:58:55.060Z</time></trkpt><trkpt lat="39.168868" lon="-9.076250"><ele>373.965</ele><time>2024-06-16T15:59:00.059Z</time></trkpt><trkpt lat="39.168886" lon="-9.076303"><ele>374.368</ele><time>2024-06-16T15:59:04.059Z</time></trkpt><trkpt lat="39.168921" lon="-9.076350"><ele>374.514</ele><time>2024-06-16T15:59:09.059Z</time></trkpt><trkpt lat="39.168949" lon="-9.076398"><ele>374.609</ele><time>2024-06-16T15:59:15.059Z</time></trkpt><trkpt lat="39.168991" lon="-9.076445"><ele>374.767</ele><time>2024-06-16T15:59:26.059Z</time></trkpt><trkpt lat="39.169038" lon="-9.076487"><ele>374.833</ele><time>2024-06-16T15:59:30.059Z</time></trkpt><trkpt lat="39.169075" lon="-9.076522"><ele>374.920</ele><time>2024-06-16T15:59:33.059Z</time></trkpt><trkpt lat="39.169120" lon="-9.076560"><ele>375.010</ele><time>2024-06-16T15:59:37.059Z</time></trkpt><trkpt lat="39.169155" lon="-9.076600"><ele>375.267</ele><time>2024-06-16T15:59:40.059Z</time></trkpt><trkpt lat="39.169195" lon="-9.076637"><ele>376.630</ele><time>2024-06-16T15:59:44.059Z</time></trkpt><trkpt lat="39.169233" lon="-9.076692"><ele>376.619</ele><time>2024-06-16T15:59:50.059Z</time></trkpt><trkpt lat="39.169285" lon="-9.076719"><ele>376.568</ele><time>2024-06-16T15:59:54.059Z</time></trkpt><trkpt lat="39.169323" lon="-9.076759"><ele>376.056</ele><time>2024-06-16T16:00:00.059Z</time></trkpt><trkpt lat="39.169361" lon="-9.076811"><ele>375.829</ele><time>2024-06-16T16:00:05.059Z</time></trkpt><trkpt lat="39.169406" lon="-9.076849"><ele>375.600</ele><time>2024-06-16T16:00:09.059Z</time></trkpt><trkpt lat="39.169448" lon="-9.076887"><ele>375.520</ele><time>2024-06-16T16:00:14.059Z</time></trkpt><trkpt lat="39.169486" lon="-9.076924"><ele>375.409</ele><time>2024-06-16T16:00:18.059Z</time></trkpt><trkpt lat="39.169536" lon="-9.076967"><ele>375.153</ele><time>2024-06-16T16:00:22.059Z</time></trkpt><trkpt lat="39.169579" lon="-9.076997"><ele>375.449</ele><time>2024-06-16T16:00:25.059Z</time></trkpt><trkpt lat="39.169621" lon="-9.077042"><ele>374.816</ele><time>2024-06-16T16:00:29.059Z</time></trkpt><trkpt lat="39.169654" lon="-9.077097"><ele>374.526</ele><time>2024-06-16T16:00:36.059Z</time></trkpt><trkpt lat="39.169696" lon="-9.077132"><ele>374.933</ele><time>2024-06-16T16:00:40.059Z</time></trkpt><trkpt lat="39.169743" lon="-9.077169"><ele>374.866</ele><time>2024-06-16T16:00:44.059Z</time></trkpt><trkpt lat="39.169786" lon="-9.077199"><ele>374.835</ele><time>2024-06-16T16:00:48.059Z</time></trkpt><trkpt lat="39.169826" lon="-9.077232"><ele>374.454</ele><time>2024-06-16T16:00:52.059Z</time></trkpt><trkpt lat="39.169868" lon="-9.077275"><ele>374.582</ele><time>2024-06-16T16:00:57.059Z</time></trkpt><trkpt lat="39.169910" lon="-9.077305"><ele>374.857</ele><time>2024-06-16T16:01:01.059Z</time></trkpt><trkpt lat="39.169955" lon="-9.077330"><ele>374.800</ele><time>2024-06-16T16:01:05.059Z</time></trkpt><trkpt lat="39.170005" lon="-9.077362"><ele>374.220</ele><time>2024-06-16T16:01:09.059Z</time></trkpt><trkpt lat="39.170048" lon="-9.077404"><ele>373.909</ele><time>2024-06-16T16:01:13.059Z</time></trkpt><trkpt lat="39.170090" lon="-9.077429"><ele>374.416</ele><time>2024-06-16T16:01:17.059Z</time></trkpt><trkpt lat="39.170135" lon="-9.077452"><ele>375.052</ele><time>2024-06-16T16:01:22.059Z</time></trkpt><trkpt lat="39.170175" lon="-9.077479"><ele>375.129</ele><time>2024-06-16T16:01:27.059Z</time></trkpt><trkpt lat="39.170225" lon="-9.077499"><ele>374.949</ele><time>2024-06-16T16:01:32.059Z</time></trkpt><trkpt lat="39.170270" lon="-9.077509"><ele>374.836</ele><time>2024-06-16T16:01:37.059Z</time></trkpt><trkpt lat="39.170322" lon="-9.077529"><ele>374.799</ele><time>2024-06-16T16:01:43.059Z</time></trkpt><trkpt lat="39.170367" lon="-9.077561"><ele>374.778</ele><time>2024-06-16T16:01:49.059Z</time></trkpt><trkpt lat="39.170415" lon="-9.077581"><ele>374.797</ele><time>2024-06-16T16:01:53.059Z</time></trkpt><trkpt lat="39.170473" lon="-9.077578"><ele>374.875</ele><time>2024-06-16T16:01:58.059Z</time></trkpt><trkpt lat="39.170520" lon="-9.077571"><ele>374.977</ele><time>2024-06-16T16:02:01.059Z</time></trkpt><trkpt lat="39.170560" lon="-9.077598"><ele>374.961</ele><time>2024-06-16T16:02:06.059Z</time></trkpt><trkpt lat="39.170610" lon="-9.077601"><ele>374.427</ele><time>2024-06-16T16:02:10.059Z</time></trkpt><trkpt lat="39.170657" lon="-9.077618"><ele>374.109</ele><time>2024-06-16T16:02:15.059Z</time></trkpt><trkpt lat="39.170702" lon="-9.077630"><ele>374.268</ele><time>2024-06-16T16:02:20.059Z</time></trkpt><trkpt lat="39.170755" lon="-9.077640"><ele>374.644</ele><time>2024-06-16T16:02:25.059Z</time></trkpt><trkpt lat="39.170800" lon="-9.077653"><ele>375.941</ele><time>2024-06-16T16:02:30.059Z</time></trkpt><trkpt lat="39.170845" lon="-9.077671"><ele>376.551</ele><time>2024-06-16T16:02:36.059Z</time></trkpt><trkpt lat="39.170892" lon="-9.077686"><ele>376.358</ele><time>2024-06-16T16:02:41.059Z</time></trkpt><trkpt lat="39.170942" lon="-9.077706"><ele>376.571</ele><time>2024-06-16T16:02:46.059Z</time></trkpt><trkpt lat="39.170995" lon="-9.077721"><ele>375.750</ele><time>2024-06-16T16:02:52.059Z</time></trkpt><trkpt lat="39.171042" lon="-9.077731"><ele>375.839</ele><time>2024-06-16T16:02:57.059Z</time></trkpt><trkpt lat="39.171092" lon="-9.077763"><ele>375.737</ele><time>2024-06-16T16:03:02.059Z</time></trkpt><trkpt lat="39.171132" lon="-9.077793"><ele>377.068</ele><time>2024-06-16T16:03:06.059Z</time></trkpt><trkpt lat="39.171180" lon="-9.077828"><ele>377.442</ele><time>2024-06-16T16:03:12.059Z</time></trkpt><trkpt lat="39.171223" lon="-9.077845"><ele>377.826</ele><time>2024-06-16T16:03:17.059Z</time></trkpt><trkpt lat="39.171278" lon="-9.077882"><ele>377.809</ele><time>2024-06-16T16:03:23.059Z</time></trkpt><trkpt lat="39.171323" lon="-9.077894"><ele>378.297</ele><time>2024-06-16T16:03:27.059Z</time></trkpt><trkpt lat="39.171373" lon="-9.077929"><ele>378.143</ele><time>2024-06-16T16:03:32.059Z</time></trkpt><trkpt lat="39.171423" lon="-9.077956"><ele>378.150</ele><time>2024-06-16T16:03:38.059Z</time></trkpt><trkpt lat="39.171473" lon="-9.077986"><ele>378.370</ele><time>2024-06-16T16:03:42.059Z</time></trkpt><trkpt lat="39.171516" lon="-9.078013"><ele>378.777</ele><time>2024-06-16T16:03:45.059Z</time></trkpt><trkpt lat="39.171556" lon="-9.078066"><ele>378.670</ele><time>2024-06-16T16:03:50.059Z</time></trkpt><trkpt lat="39.171591" lon="-9.078109"><ele>378.649</ele><time>2024-06-16T16:03:55.059Z</time></trkpt><trkpt lat="39.171631" lon="-9.078156"><ele>377.098</ele><time>2024-06-16T16:04:00.059Z</time></trkpt><trkpt lat="39.171654" lon="-9.078206"><ele>375.626</ele><time>2024-06-16T16:04:04.059Z</time></trkpt><trkpt lat="39.171684" lon="-9.078261"><ele>374.474</ele><time>2024-06-16T16:04:09.059Z</time></trkpt><trkpt lat="39.171704" lon="-9.078324"><ele>373.156</ele><time>2024-06-16T16:04:16.059Z</time></trkpt><trkpt lat="39.171731" lon="-9.078377"><ele>372.921</ele><time>2024-06-16T16:04:20.059Z</time></trkpt><trkpt lat="39.171771" lon="-9.078434"><ele>372.809</ele><time>2024-06-16T16:04:25.059Z</time></trkpt><trkpt lat="39.171804" lon="-9.078477"><ele>372.728</ele><time>2024-06-16T16:04:29.059Z</time></trkpt><trkpt lat="39.171842" lon="-9.078525"><ele>372.844</ele><time>2024-06-16T16:04:34.059Z</time></trkpt><trkpt lat="39.171874" lon="-9.078573"><ele>372.961</ele><time>2024-06-16T16:04:38.059Z</time></trkpt><trkpt lat="39.171861" lon="-9.078633"><ele>374.481</ele><time>2024-06-16T16:04:53.059Z</time></trkpt><trkpt lat="39.171908" lon="-9.078653"><ele>374.478</ele><time>2024-06-16T16:04:56.059Z</time></trkpt><trkpt lat="39.171951" lon="-9.078698"><ele>374.441</ele><time>2024-06-16T16:05:00.059Z</time></trkpt><trkpt lat="39.171986" lon="-9.078738"><ele>374.410</ele><time>2024-06-16T16:05:03.059Z</time></trkpt><trkpt lat="39.172014" lon="-9.078795"><ele>374.419</ele><time>2024-06-16T16:05:06.059Z</time></trkpt><trkpt lat="39.172046" lon="-9.078857"><ele>373.647</ele><time>2024-06-16T16:05:10.059Z</time></trkpt><trkpt lat="39.172078" lon="-9.078907"><ele>375.473</ele><time>2024-06-16T16:05:15.059Z</time></trkpt><trkpt lat="39.172118" lon="-9.078955"><ele>377.285</ele><time>2024-06-16T16:05:20.059Z</time></trkpt><trkpt lat="39.172148" lon="-9.078998"><ele>377.213</ele><time>2024-06-16T16:05:24.059Z</time></trkpt><trkpt lat="39.172178" lon="-9.079045"><ele>377.009</ele><time>2024-06-16T16:05:28.059Z</time></trkpt><trkpt lat="39.172226" lon="-9.079092"><ele>376.988</ele><time>2024-06-16T16:05:32.059Z</time></trkpt><trkpt lat="39.172259" lon="-9.079134"><ele>376.484</ele><time>2024-06-16T16:05:35.059Z</time></trkpt><trkpt lat="39.172297" lon="-9.079177"><ele>375.321</ele><time>2024-06-16T16:05:39.059Z</time></trkpt><trkpt lat="39.172334" lon="-9.079219"><ele>374.661</ele><time>2024-06-16T16:05:42.059Z</time></trkpt><trkpt lat="39.172369" lon="-9.079274"><ele>374.628</ele><time>2024-06-16T16:05:46.059Z</time></trkpt><trkpt lat="39.172409" lon="-9.079322"><ele>374.681</ele><time>2024-06-16T16:05:52.059Z</time></trkpt><trkpt lat="39.172441" lon="-9.079375"><ele>376.540</ele><time>2024-06-16T16:05:59.059Z</time></trkpt><trkpt lat="39.172483" lon="-9.079410"><ele>377.349</ele><time>2024-06-16T16:06:05.059Z</time></trkpt><trkpt lat="39.172515" lon="-9.079463"><ele>377.787</ele><time>2024-06-16T16:06:10.059Z</time></trkpt><trkpt lat="39.172547" lon="-9.079513"><ele>377.992</ele><time>2024-06-16T16:06:15.059Z</time></trkpt><trkpt lat="39.172579" lon="-9.079568"><ele>378.273</ele><time>2024-06-16T16:06:20.058Z</time></trkpt><trkpt lat="39.172612" lon="-9.079626"><ele>380.220</ele><time>2024-06-16T16:06:24.058Z</time></trkpt><trkpt lat="39.172629" lon="-9.079693"><ele>381.109</ele><time>2024-06-16T16:06:29.058Z</time></trkpt><trkpt lat="39.172662" lon="-9.079735"><ele>381.580</ele><time>2024-06-16T16:06:33.058Z</time></trkpt><trkpt lat="39.172680" lon="-9.079795"><ele>383.386</ele><time>2024-06-16T16:06:38.058Z</time></trkpt><trkpt lat="39.172708" lon="-9.079850"><ele>384.023</ele><time>2024-06-16T16:06:43.058Z</time></trkpt><trkpt lat="39.172741" lon="-9.079912"><ele>384.953</ele><time>2024-06-16T16:06:48.058Z</time></trkpt><trkpt lat="39.172768" lon="-9.079960"><ele>385.160</ele><time>2024-06-16T16:06:52.058Z</time></trkpt><trkpt lat="39.172810" lon="-9.080007"><ele>385.193</ele><time>2024-06-16T16:06:57.058Z</time></trkpt><trkpt lat="39.172840" lon="-9.080057"><ele>385.162</ele><time>2024-06-16T16:07:01.058Z</time></trkpt><trkpt lat="39.172870" lon="-9.080104"><ele>385.121</ele><time>2024-06-16T16:07:05.058Z</time></trkpt><trkpt lat="39.172897" lon="-9.080166"><ele>384.689</ele><time>2024-06-16T16:07:25.058Z</time></trkpt><trkpt lat="39.172942" lon="-9.080211"><ele>384.623</ele><time>2024-06-16T16:07:29.058Z</time></trkpt><trkpt lat="39.172972" lon="-9.080254"><ele>384.583</ele><time>2024-06-16T16:07:32.058Z</time></trkpt><trkpt lat="39.173019" lon="-9.080289"><ele>384.411</ele><time>2024-06-16T16:07:36.058Z</time></trkpt><trkpt lat="39.173064" lon="-9.080312"><ele>384.209</ele><time>2024-06-16T16:07:40.058Z</time></trkpt><trkpt lat="39.173117" lon="-9.080322"><ele>383.873</ele><time>2024-06-16T16:07:44.058Z</time></trkpt><trkpt lat="39.173165" lon="-9.080337"><ele>383.669</ele><time>2024-06-16T16:07:48.058Z</time></trkpt><trkpt lat="39.173208" lon="-9.080355"><ele>383.856</ele><time>2024-06-16T16:07:53.058Z</time></trkpt><trkpt lat="39.173253" lon="-9.080370"><ele>384.186</ele><time>2024-06-16T16:07:58.058Z</time></trkpt><trkpt lat="39.173308" lon="-9.080373"><ele>384.823</ele><time>2024-06-16T16:08:02.058Z</time></trkpt><trkpt lat="39.173355" lon="-9.080400"><ele>383.696</ele><time>2024-06-16T16:09:20.058Z</time></trkpt><trkpt lat="39.173405" lon="-9.080425"><ele>383.695</ele><time>2024-06-16T16:09:26.058Z</time></trkpt><trkpt lat="39.173450" lon="-9.080453"><ele>383.694</ele><time>2024-06-16T16:09:32.058Z</time></trkpt><trkpt lat="39.173485" lon="-9.080495"><ele>383.692</ele><time>2024-06-16T16:09:51.058Z</time></trkpt><trkpt lat="39.173513" lon="-9.080547"><ele>383.636</ele><time>2024-06-16T16:09:57.058Z</time></trkpt><trkpt lat="39.173536" lon="-9.080610"><ele>384.917</ele><time>2024-06-16T16:10:03.058Z</time></trkpt><trkpt lat="39.173574" lon="-9.080650"><ele>385.118</ele><time>2024-06-16T16:10:06.058Z</time></trkpt><trkpt lat="39.173597" lon="-9.080703"><ele>386.509</ele><time>2024-06-16T16:10:11.058Z</time></trkpt><trkpt lat="39.173629" lon="-9.080756"><ele>387.644</ele><time>2024-06-16T16:10:16.058Z</time></trkpt><trkpt lat="39.173662" lon="-9.080818"><ele>388.180</ele><time>2024-06-16T16:10:21.058Z</time></trkpt><trkpt lat="39.173680" lon="-9.080876"><ele>388.387</ele><time>2024-06-16T16:10:26.058Z</time></trkpt><trkpt lat="39.173698" lon="-9.080933"><ele>388.477</ele><time>2024-06-16T16:10:30.058Z</time></trkpt><trkpt lat="39.173708" lon="-9.080990"><ele>388.764</ele><time>2024-06-16T16:10:35.058Z</time></trkpt><trkpt lat="39.173725" lon="-9.081055"><ele>388.837</ele><time>2024-06-16T16:10:39.058Z</time></trkpt><trkpt lat="39.173733" lon="-9.081117"><ele>389.856</ele><time>2024-06-16T16:10:45.058Z</time></trkpt><trkpt lat="39.173760" lon="-9.081165"><ele>390.395</ele><time>2024-06-16T16:10:50.058Z</time></trkpt><trkpt lat="39.173783" lon="-9.081223"><ele>390.373</ele><time>2024-06-16T16:11:04.058Z</time></trkpt><trkpt lat="39.173825" lon="-9.081256"><ele>390.369</ele><time>2024-06-16T16:11:10.058Z</time></trkpt><trkpt lat="39.173858" lon="-9.081216"><ele>390.504</ele><time>2024-06-16T16:11:17.058Z</time></trkpt><trkpt lat="39.173865" lon="-9.081158"><ele>390.624</ele><time>2024-06-16T16:11:24.058Z</time></trkpt><trkpt lat="39.173875" lon="-9.081101"><ele>391.209</ele><time>2024-06-16T16:11:40.058Z</time></trkpt><trkpt lat="39.173878" lon="-9.081039"><ele>392.267</ele><time>2024-06-16T16:11:46.058Z</time></trkpt><trkpt lat="39.173896" lon="-9.080979"><ele>393.253</ele><time>2024-06-16T16:11:58.058Z</time></trkpt><trkpt lat="39.173899" lon="-9.080919"><ele>394.120</ele><time>2024-06-16T16:12:03.058Z</time></trkpt><trkpt lat="39.173909" lon="-9.080857"><ele>394.770</ele><time>2024-06-16T16:12:09.058Z</time></trkpt><trkpt lat="39.173914" lon="-9.080799"><ele>395.257</ele><time>2024-06-16T16:12:15.058Z</time></trkpt><trkpt lat="39.173917" lon="-9.080731"><ele>395.480</ele><time>2024-06-16T16:12:21.058Z</time></trkpt><trkpt lat="39.173919" lon="-9.080666"><ele>396.769</ele><time>2024-06-16T16:12:27.058Z</time></trkpt><trkpt lat="39.173926" lon="-9.080599"><ele>399.298</ele><time>2024-06-16T16:13:53.058Z</time></trkpt><trkpt lat="39.173919" lon="-9.080537"><ele>399.716</ele><time>2024-06-16T16:15:22.057Z</time></trkpt><trkpt lat="39.173912" lon="-9.080474"><ele>399.732</ele><time>2024-06-16T16:15:32.057Z</time></trkpt><trkpt lat="39.173910" lon="-9.080414"><ele>399.792</ele><time>2024-06-16T16:15:38.057Z</time></trkpt><trkpt lat="39.173915" lon="-9.080352"><ele>399.711</ele><time>2024-06-16T16:15:46.057Z</time></trkpt><trkpt lat="39.173907" lon="-9.080287"><ele>399.709</ele><time>2024-06-16T16:16:01.057Z</time></trkpt><trkpt lat="39.173930" lon="-9.080234"><ele>405.354</ele><time>2024-06-16T16:16:09.057Z</time></trkpt><trkpt lat="39.173923" lon="-9.080174"><ele>405.430</ele><time>2024-06-16T16:16:16.057Z</time></trkpt><trkpt lat="39.173920" lon="-9.080114"><ele>405.517</ele><time>2024-06-16T16:16:23.057Z</time></trkpt><trkpt lat="39.173930" lon="-9.080056"><ele>406.577</ele><time>2024-06-16T16:16:29.057Z</time></trkpt><trkpt lat="39.173927" lon="-9.079991"><ele>409.394</ele><time>2024-06-16T16:16:38.057Z</time></trkpt><trkpt lat="39.173939" lon="-9.079933"><ele>411.627</ele><time>2024-06-16T16:16:44.057Z</time></trkpt><trkpt lat="39.173944" lon="-9.079870"><ele>413.796</ele><time>2024-06-16T16:17:09.057Z</time></trkpt><trkpt lat="39.173949" lon="-9.079810"><ele>415.595</ele><time>2024-06-16T16:17:19.057Z</time></trkpt><trkpt lat="39.173961" lon="-9.079753"><ele>416.713</ele><time>2024-06-16T16:17:29.057Z</time></trkpt><trkpt lat="39.173974" lon="-9.079696"><ele>416.746</ele><time>2024-06-16T16:17:40.057Z</time></trkpt><trkpt lat="39.173989" lon="-9.079629"><ele>416.688</ele><time>2024-06-16T16:17:50.057Z</time></trkpt><trkpt lat="39.173982" lon="-9.079569"><ele>416.716</ele><time>2024-06-16T16:17:57.057Z</time></trkpt><trkpt lat="39.173992" lon="-9.079472"><ele>417.109</ele><time>2024-06-16T16:18:15.057Z</time></trkpt><trkpt lat="39.173999" lon="-9.079414"><ele>418.875</ele><time>2024-06-16T16:18:25.057Z</time></trkpt><trkpt lat="39.174002" lon="-9.079341"><ele>420.631</ele><time>2024-06-16T16:18:37.057Z</time></trkpt><trkpt lat="39.173967" lon="-9.079304"><ele>423.848</ele><time>2024-06-16T16:18:51.057Z</time></trkpt><trkpt lat="39.173965" lon="-9.079246"><ele>424.918</ele><time>2024-06-16T16:18:57.057Z</time></trkpt><trkpt lat="39.173967" lon="-9.079181"><ele>427.945</ele><time>2024-06-16T16:19:05.057Z</time></trkpt><trkpt lat="39.173977" lon="-9.079124"><ele>428.288</ele><time>2024-06-16T16:19:10.057Z</time></trkpt><trkpt lat="39.173970" lon="-9.079057"><ele>431.057</ele><time>2024-06-16T16:19:19.057Z</time></trkpt><trkpt lat="39.173960" lon="-9.078997"><ele>432.436</ele><time>2024-06-16T16:19:27.057Z</time></trkpt><trkpt lat="39.173965" lon="-9.078939"><ele>433.584</ele><time>2024-06-16T16:19:34.057Z</time></trkpt><trkpt lat="39.173975" lon="-9.078882"><ele>434.135</ele><time>2024-06-16T16:19:42.057Z</time></trkpt><trkpt lat="39.173987" lon="-9.078825"><ele>435.386</ele><time>2024-06-16T16:19:49.057Z</time></trkpt><trkpt lat="39.173990" lon="-9.078765"><ele>435.514</ele><time>2024-06-16T16:19:58.057Z</time></trkpt><trkpt lat="39.174023" lon="-9.078723"><ele>433.909</ele><time>2024-06-16T16:20:42.057Z</time></trkpt><trkpt lat="39.174045" lon="-9.078668"><ele>433.794</ele><time>2024-06-16T16:20:48.057Z</time></trkpt><trkpt lat="39.174070" lon="-9.078593"><ele>433.740</ele><time>2024-06-16T16:21:08.057Z</time></trkpt><trkpt lat="39.174065" lon="-9.078523"><ele>433.747</ele><time>2024-06-16T16:21:14.057Z</time></trkpt><trkpt lat="39.174062" lon="-9.078451"><ele>433.427</ele><time>2024-06-16T16:21:20.057Z</time></trkpt><trkpt lat="39.174072" lon="-9.078386"><ele>434.114</ele><time>2024-06-16T16:21:27.057Z</time></trkpt><trkpt lat="39.174074" lon="-9.078326"><ele>436.957</ele><time>2024-06-16T16:21:33.057Z</time></trkpt><trkpt lat="39.174086" lon="-9.078268"><ele>438.696</ele><time>2024-06-16T16:21:39.057Z</time></trkpt><trkpt lat="39.174101" lon="-9.078211"><ele>439.595</ele><time>2024-06-16T16:21:45.057Z</time></trkpt><trkpt lat="39.174123" lon="-9.078149"><ele>439.893</ele><time>2024-06-16T16:21:51.057Z</time></trkpt><trkpt lat="39.174131" lon="-9.078087"><ele>440.593</ele><time>2024-06-16T16:22:04.057Z</time></trkpt><trkpt lat="39.174159" lon="-9.078040"><ele>441.165</ele><time>2024-06-16T16:22:11.057Z</time></trkpt><trkpt lat="39.174201" lon="-9.078003"><ele>441.621</ele><time>2024-06-16T16:22:20.057Z</time></trkpt><trkpt lat="39.174251" lon="-9.077983"><ele>443.509</ele><time>2024-06-16T16:23:12.057Z</time></trkpt><trkpt lat="39.174291" lon="-9.077950"><ele>443.510</ele><time>2024-06-16T16:23:18.057Z</time></trkpt><trkpt lat="39.174338" lon="-9.077965"><ele>443.566</ele><time>2024-06-16T16:23:28.057Z</time></trkpt><trkpt lat="39.174335" lon="-9.077898"><ele>443.533</ele><time>2024-06-16T16:23:36.057Z</time></trkpt><trkpt lat="39.174357" lon="-9.077840"><ele>443.573</ele><time>2024-06-16T16:23:43.056Z</time></trkpt><trkpt lat="39.174392" lon="-9.077788"><ele>447.280</ele><time>2024-06-16T16:23:51.056Z</time></trkpt><trkpt lat="39.174437" lon="-9.077798"><ele>447.523</ele><time>2024-06-16T16:23:59.056Z</time></trkpt><trkpt lat="39.174475" lon="-9.077830"><ele>448.022</ele><time>2024-06-16T16:24:04.056Z</time></trkpt><trkpt lat="39.174528" lon="-9.077805"><ele>452.251</ele><time>2024-06-16T16:24:46.056Z</time></trkpt><trkpt lat="39.174553" lon="-9.077750"><ele>457.049</ele><time>2024-06-16T16:25:58.056Z</time></trkpt><trkpt lat="39.174588" lon="-9.077712"><ele>457.012</ele><time>2024-06-16T16:26:04.056Z</time></trkpt><trkpt lat="39.174623" lon="-9.077674"><ele>457.032</ele><time>2024-06-16T16:26:13.056Z</time></trkpt><trkpt lat="39.174658" lon="-9.077629"><ele>457.005</ele><time>2024-06-16T16:26:22.056Z</time></trkpt><trkpt lat="39.174683" lon="-9.077577"><ele>457.009</ele><time>2024-06-16T16:26:30.056Z</time></trkpt><trkpt lat="39.174728" lon="-9.077524"><ele>458.552</ele><time>2024-06-16T16:27:07.056Z</time></trkpt><trkpt lat="39.174748" lon="-9.077469"><ele>461.488</ele><time>2024-06-16T16:29:12.056Z</time></trkpt><trkpt lat="39.174795" lon="-9.077449"><ele>461.455</ele><time>2024-06-16T16:29:20.056Z</time></trkpt><trkpt lat="39.174830" lon="-9.077411"><ele>461.435</ele><time>2024-06-16T16:29:27.056Z</time></trkpt><trkpt lat="39.174865" lon="-9.077371"><ele>461.492</ele><time>2024-06-16T16:29:37.056Z</time></trkpt><trkpt lat="39.174898" lon="-9.077331"><ele>461.425</ele><time>2024-06-16T16:29:48.056Z</time></trkpt><trkpt lat="39.174940" lon="-9.077303"><ele>463.094</ele><time>2024-06-16T16:29:57.056Z</time></trkpt><trkpt lat="39.174975" lon="-9.077255"><ele>464.283</ele><time>2024-06-16T16:30:06.056Z</time></trkpt><trkpt lat="39.174983" lon="-9.077195"><ele>465.971</ele><time>2024-06-16T16:30:18.056Z</time></trkpt><trkpt lat="39.175011" lon="-9.077142"><ele>468.587</ele><time>2024-06-16T16:30:28.056Z</time></trkpt><trkpt lat="39.175003" lon="-9.077079"><ele>471.242</ele><time>2024-06-16T16:30:36.056Z</time></trkpt><trkpt lat="39.175005" lon="-9.077011"><ele>472.026</ele><time>2024-06-16T16:30:43.056Z</time></trkpt><trkpt lat="39.175025" lon="-9.076954"><ele>473.109</ele><time>2024-06-16T16:30:52.056Z</time></trkpt><trkpt lat="39.175053" lon="-9.076904"><ele>474.459</ele><time>2024-06-16T16:31:00.056Z</time></trkpt><trkpt lat="39.175090" lon="-9.076854"><ele>474.715</ele><time>2024-06-16T16:31:09.056Z</time></trkpt><trkpt lat="39.175123" lon="-9.076804"><ele>474.992</ele><time>2024-06-16T16:31:15.056Z</time></trkpt><trkpt lat="39.175150" lon="-9.076754"><ele>475.052</ele><time>2024-06-16T16:31:21.056Z</time></trkpt><trkpt lat="39.175147" lon="-9.076694"><ele>475.889</ele><time>2024-06-16T16:31:26.056Z</time></trkpt><trkpt lat="39.175139" lon="-9.076624"><ele>477.492</ele><time>2024-06-16T16:31:32.055Z</time></trkpt><trkpt lat="39.175149" lon="-9.076557"><ele>478.791</ele><time>2024-06-16T16:31:40.055Z</time></trkpt><trkpt lat="39.175171" lon="-9.076499"><ele>481.460</ele><time>2024-06-16T16:31:47.055Z</time></trkpt><trkpt lat="39.175196" lon="-9.076449"><ele>481.728</ele><time>2024-06-16T16:31:54.055Z</time></trkpt><trkpt lat="39.175226" lon="-9.076402"><ele>481.915</ele><time>2024-06-16T16:31:59.055Z</time></trkpt><trkpt lat="39.175254" lon="-9.076349"><ele>484.065</ele><time>2024-06-16T16:32:06.055Z</time></trkpt><trkpt lat="39.175279" lon="-9.076297"><ele>484.711</ele><time>2024-06-16T16:32:12.055Z</time></trkpt><trkpt lat="39.175297" lon="-9.076244"><ele>484.909</ele><time>2024-06-16T16:32:18.055Z</time></trkpt><trkpt lat="39.175325" lon="-9.076192"><ele>485.272</ele><time>2024-06-16T16:32:28.055Z</time></trkpt><trkpt lat="39.175347" lon="-9.076135"><ele>486.238</ele><time>2024-06-16T16:32:35.055Z</time></trkpt><trkpt lat="39.175360" lon="-9.076075"><ele>486.595</ele><time>2024-06-16T16:32:41.055Z</time></trkpt><trkpt lat="39.175382" lon="-9.076023"><ele>487.495</ele><time>2024-06-16T16:32:46.055Z</time></trkpt><trkpt lat="39.175400" lon="-9.075966"><ele>488.652</ele><time>2024-06-16T16:32:51.055Z</time></trkpt><trkpt lat="39.175407" lon="-9.075903"><ele>489.225</ele><time>2024-06-16T16:32:56.055Z</time></trkpt><trkpt lat="39.175405" lon="-9.075843"><ele>489.624</ele><time>2024-06-16T16:33:01.055Z</time></trkpt><trkpt lat="39.175407" lon="-9.075778"><ele>490.273</ele><time>2024-06-16T16:33:07.055Z</time></trkpt><trkpt lat="39.175399" lon="-9.075713"><ele>490.481</ele><time>2024-06-16T16:33:13.055Z</time></trkpt><trkpt lat="39.175419" lon="-9.075646"><ele>490.865</ele><time>2024-06-16T16:33:19.055Z</time></trkpt><trkpt lat="39.175431" lon="-9.075583"><ele>492.468</ele><time>2024-06-16T16:33:26.055Z</time></trkpt><trkpt lat="39.175456" lon="-9.075508"><ele>492.714</ele><time>2024-06-16T16:33:36.055Z</time></trkpt><trkpt lat="39.175471" lon="-9.075453"><ele>494.909</ele><time>2024-06-16T16:33:42.055Z</time></trkpt><trkpt lat="39.175478" lon="-9.075386"><ele>495.587</ele><time>2024-06-16T16:33:48.055Z</time></trkpt><trkpt lat="39.175481" lon="-9.075326"><ele>496.143</ele><time>2024-06-16T16:33:54.055Z</time></trkpt><trkpt lat="39.175466" lon="-9.075263"><ele>497.910</ele><time>2024-06-16T16:34:01.055Z</time></trkpt><trkpt lat="39.175473" lon="-9.075200"><ele>499.410</ele><time>2024-06-16T16:34:07.055Z</time></trkpt><trkpt lat="39.175485" lon="-9.075142"><ele>500.437</ele><time>2024-06-16T16:34:13.055Z</time></trkpt><trkpt lat="39.175502" lon="-9.075082"><ele>502.510</ele><time>2024-06-16T16:34:28.055Z</time></trkpt><trkpt lat="39.175530" lon="-9.075030"><ele>503.319</ele><time>2024-06-16T16:34:35.055Z</time></trkpt><trkpt lat="39.175558" lon="-9.074980"><ele>504.228</ele><time>2024-06-16T16:34:41.055Z</time></trkpt><trkpt lat="39.175560" lon="-9.074910"><ele>506.156</ele><time>2024-06-16T16:35:25.055Z</time></trkpt><trkpt lat="39.175542" lon="-9.074853"><ele>506.538</ele><time>2024-06-16T16:35:30.055Z</time></trkpt><trkpt lat="39.175517" lon="-9.074795"><ele>506.570</ele><time>2024-06-16T16:35:35.055Z</time></trkpt><trkpt lat="39.175514" lon="-9.074733"><ele>506.517</ele><time>2024-06-16T16:35:42.055Z</time></trkpt><trkpt lat="39.175529" lon="-9.074676"><ele>506.509</ele><time>2024-06-16T16:35:54.055Z</time></trkpt><trkpt lat="39.175537" lon="-9.074613"><ele>506.534</ele><time>2024-06-16T16:35:59.055Z</time></trkpt><trkpt lat="39.175539" lon="-9.074550"><ele>508.220</ele><time>2024-06-16T16:36:04.055Z</time></trkpt><trkpt lat="39.175546" lon="-9.074488"><ele>512.127</ele><time>2024-06-16T16:36:45.055Z</time></trkpt><trkpt lat="39.175548" lon="-9.074421"><ele>512.357</ele><time>2024-06-16T16:36:54.055Z</time></trkpt><trkpt lat="39.175546" lon="-9.074363"><ele>512.354</ele><time>2024-06-16T16:36:59.055Z</time></trkpt><trkpt lat="39.175543" lon="-9.074298"><ele>512.317</ele><time>2024-06-16T16:37:06.055Z</time></trkpt><trkpt lat="39.175528" lon="-9.074235"><ele>512.396</ele><time>2024-06-16T16:37:13.055Z</time></trkpt><trkpt lat="39.175536" lon="-9.074167"><ele>515.095</ele><time>2024-06-16T16:37:18.055Z</time></trkpt><trkpt lat="39.175528" lon="-9.074104"><ele>515.923</ele><time>2024-06-16T16:37:23.055Z</time></trkpt><trkpt lat="39.175535" lon="-9.074041"><ele>516.545</ele><time>2024-06-16T16:37:26.055Z</time></trkpt><trkpt lat="39.175522" lon="-9.073983"><ele>517.747</ele><time>2024-06-16T16:37:29.055Z</time></trkpt><trkpt lat="39.175502" lon="-9.073920"><ele>519.811</ele><time>2024-06-16T16:37:45.055Z</time></trkpt><trkpt lat="39.175500" lon="-9.073860"><ele>520.009</ele><time>2024-06-16T16:37:50.055Z</time></trkpt><trkpt lat="39.175497" lon="-9.073798"><ele>520.135</ele><time>2024-06-16T16:37:55.055Z</time></trkpt><trkpt lat="39.175489" lon="-9.073731"><ele>520.521</ele><time>2024-06-16T16:38:02.055Z</time></trkpt><trkpt lat="39.175482" lon="-9.073666"><ele>520.928</ele><time>2024-06-16T16:38:08.055Z</time></trkpt><trkpt lat="39.175465" lon="-9.073598"><ele>522.648</ele><time>2024-06-16T16:38:17.055Z</time></trkpt><trkpt lat="39.175447" lon="-9.073535"><ele>523.765</ele><time>2024-06-16T16:38:22.055Z</time></trkpt><trkpt lat="39.175437" lon="-9.073477"><ele>524.818</ele><time>2024-06-16T16:38:30.055Z</time></trkpt><trkpt lat="39.175415" lon="-9.073425"><ele>525.017</ele><time>2024-06-16T16:38:34.055Z</time></trkpt><trkpt lat="39.175397" lon="-9.073367"><ele>525.336</ele><time>2024-06-16T16:38:39.055Z</time></trkpt><trkpt lat="39.175387" lon="-9.073302"><ele>525.414</ele><time>2024-06-16T16:38:44.055Z</time></trkpt><trkpt lat="39.175382" lon="-9.073244"><ele>525.672</ele><time>2024-06-16T16:38:49.055Z</time></trkpt><trkpt lat="39.175375" lon="-9.073179"><ele>526.713</ele><time>2024-06-16T16:38:55.055Z</time></trkpt><trkpt lat="39.175358" lon="-9.073114"><ele>527.114</ele><time>2024-06-16T16:39:01.055Z</time></trkpt><trkpt lat="39.175350" lon="-9.073054"><ele>527.209</ele><time>2024-06-16T16:39:06.054Z</time></trkpt><trkpt lat="39.175335" lon="-9.072994"><ele>527.328</ele><time>2024-06-16T16:39:13.054Z</time></trkpt><trkpt lat="39.175312" lon="-9.072941"><ele>527.584</ele><time>2024-06-16T16:39:20.054Z</time></trkpt><trkpt lat="39.175297" lon="-9.072886"><ele>527.691</ele><time>2024-06-16T16:39:25.054Z</time></trkpt><trkpt lat="39.175274" lon="-9.072824"><ele>528.871</ele><time>2024-06-16T16:39:29.054Z</time></trkpt><trkpt lat="39.175257" lon="-9.072757"><ele>528.938</ele><time>2024-06-16T16:39:34.054Z</time></trkpt><trkpt lat="39.175249" lon="-9.072690"><ele>528.931</ele><time>2024-06-16T16:39:40.054Z</time></trkpt><trkpt lat="39.175249" lon="-9.072625"><ele>528.710</ele><time>2024-06-16T16:39:46.054Z</time></trkpt><trkpt lat="39.175246" lon="-9.072565"><ele>528.629</ele><time>2024-06-16T16:39:51.054Z</time></trkpt><trkpt lat="39.175244" lon="-9.072505"><ele>528.677</ele><time>2024-06-16T16:39:56.054Z</time></trkpt><trkpt lat="39.175254" lon="-9.072438"><ele>530.617</ele><time>2024-06-16T16:40:19.054Z</time></trkpt><trkpt lat="39.175254" lon="-9.072380"><ele>530.687</ele><time>2024-06-16T16:40:24.054Z</time></trkpt><trkpt lat="39.175276" lon="-9.072315"><ele>530.815</ele><time>2024-06-16T16:40:29.054Z</time></trkpt><trkpt lat="39.175279" lon="-9.072252"><ele>531.109</ele><time>2024-06-16T16:40:33.054Z</time></trkpt><trkpt lat="39.175301" lon="-9.072195"><ele>531.522</ele><time>2024-06-16T16:40:38.054Z</time></trkpt><trkpt lat="39.175314" lon="-9.072128"><ele>531.968</ele><time>2024-06-16T16:40:42.054Z</time></trkpt><trkpt lat="39.175317" lon="-9.072063"><ele>532.095</ele><time>2024-06-16T16:40:46.054Z</time></trkpt><trkpt lat="39.175314" lon="-9.072003"><ele>532.625</ele><time>2024-06-16T16:40:51.054Z</time></trkpt><trkpt lat="39.175326" lon="-9.071938"><ele>532.942</ele><time>2024-06-16T16:40:56.054Z</time></trkpt><trkpt lat="39.175324" lon="-9.071876"><ele>533.055</ele><time>2024-06-16T16:41:00.054Z</time></trkpt><trkpt lat="39.175321" lon="-9.071816"><ele>533.134</ele><time>2024-06-16T16:41:04.054Z</time></trkpt><trkpt lat="39.175311" lon="-9.071749"><ele>533.113</ele><time>2024-06-16T16:41:09.054Z</time></trkpt><trkpt lat="39.175319" lon="-9.071681"><ele>533.161</ele><time>2024-06-16T16:41:14.054Z</time></trkpt><trkpt lat="39.175341" lon="-9.071628"><ele>534.433</ele><time>2024-06-16T16:41:19.054Z</time></trkpt><trkpt lat="39.175368" lon="-9.071575"><ele>535.623</ele><time>2024-06-16T16:41:23.054Z</time></trkpt><trkpt lat="39.175378" lon="-9.071513"><ele>536.715</ele><time>2024-06-16T16:41:28.054Z</time></trkpt><trkpt lat="39.175378" lon="-9.071451"><ele>536.809</ele><time>2024-06-16T16:41:32.054Z</time></trkpt><trkpt lat="39.175381" lon="-9.071389"><ele>537.184</ele><time>2024-06-16T16:41:37.054Z</time></trkpt><trkpt lat="39.175379" lon="-9.071329"><ele>537.650</ele><time>2024-06-16T16:41:41.054Z</time></trkpt><trkpt lat="39.175397" lon="-9.071269"><ele>538.227</ele><time>2024-06-16T16:41:47.054Z</time></trkpt><trkpt lat="39.175425" lon="-9.071212"><ele>538.437</ele><time>2024-06-16T16:41:52.054Z</time></trkpt><trkpt lat="39.175447" lon="-9.071150"><ele>538.494</ele><time>2024-06-16T16:41:57.054Z</time></trkpt><trkpt lat="39.175465" lon="-9.071078"><ele>538.627</ele><time>2024-06-16T16:42:01.054Z</time></trkpt><trkpt lat="39.175460" lon="-9.071011"><ele>538.966</ele><time>2024-06-16T16:42:07.054Z</time></trkpt><trkpt lat="39.175480" lon="-9.070956"><ele>538.975</ele><time>2024-06-16T16:42:12.054Z</time></trkpt><trkpt lat="39.175503" lon="-9.070889"><ele>541.123</ele><time>2024-06-16T16:42:21.054Z</time></trkpt><trkpt lat="39.175526" lon="-9.070822"><ele>541.134</ele><time>2024-06-16T16:42:27.054Z</time></trkpt><trkpt lat="39.175551" lon="-9.070764"><ele>540.955</ele><time>2024-06-16T16:42:33.054Z</time></trkpt><trkpt lat="39.175568" lon="-9.070702"><ele>541.510</ele><time>2024-06-16T16:42:44.054Z</time></trkpt><trkpt lat="39.175590" lon="-9.070647"><ele>541.509</ele><time>2024-06-16T16:42:48.054Z</time></trkpt><trkpt lat="39.175598" lon="-9.070579"><ele>541.474</ele><time>2024-06-16T16:42:53.054Z</time></trkpt><trkpt lat="39.175613" lon="-9.070514"><ele>541.640</ele><time>2024-06-16T16:42:58.054Z</time></trkpt><trkpt lat="39.175623" lon="-9.070447"><ele>541.767</ele><time>2024-06-16T16:43:03.054Z</time></trkpt><trkpt lat="39.175631" lon="-9.070380"><ele>541.887</ele><time>2024-06-16T16:43:08.054Z</time></trkpt><trkpt lat="39.175634" lon="-9.070322"><ele>541.994</ele><time>2024-06-16T16:43:13.054Z</time></trkpt><trkpt lat="39.175646" lon="-9.070252"><ele>542.677</ele><time>2024-06-16T16:43:18.054Z</time></trkpt><trkpt lat="39.175656" lon="-9.070190"><ele>543.286</ele><time>2024-06-16T16:43:23.054Z</time></trkpt><trkpt lat="39.175683" lon="-9.070133"><ele>543.485</ele><time>2024-06-16T16:43:28.054Z</time></trkpt><trkpt lat="39.175701" lon="-9.070070"><ele>544.723</ele><time>2024-06-16T16:43:33.054Z</time></trkpt><trkpt lat="39.175724" lon="-9.070005"><ele>545.144</ele><time>2024-06-16T16:43:38.054Z</time></trkpt><trkpt lat="39.175739" lon="-9.069950"><ele>545.305</ele><time>2024-06-16T16:43:42.054Z</time></trkpt><trkpt lat="39.175742" lon="-9.069885"><ele>545.515</ele><time>2024-06-16T16:43:47.054Z</time></trkpt><trkpt lat="39.175757" lon="-9.069830"><ele>545.809</ele><time>2024-06-16T16:43:52.054Z</time></trkpt><trkpt lat="39.175767" lon="-9.069773"><ele>545.915</ele><time>2024-06-16T16:44:00.054Z</time></trkpt><trkpt lat="39.175787" lon="-9.069710"><ele>545.971</ele><time>2024-06-16T16:44:05.054Z</time></trkpt><trkpt lat="39.175789" lon="-9.069638"><ele>546.488</ele><time>2024-06-16T16:44:15.054Z</time></trkpt><trkpt lat="39.175807" lon="-9.069563"><ele>546.498</ele><time>2024-06-16T16:44:20.054Z</time></trkpt><trkpt lat="39.175825" lon="-9.069506"><ele>547.515</ele><time>2024-06-16T16:44:24.054Z</time></trkpt><trkpt lat="39.175837" lon="-9.069446"><ele>548.168</ele><time>2024-06-16T16:44:29.054Z</time></trkpt><trkpt lat="39.175857" lon="-9.069391"><ele>548.417</ele><time>2024-06-16T16:44:33.054Z</time></trkpt><trkpt lat="39.175889" lon="-9.069341"><ele>548.556</ele><time>2024-06-16T16:44:38.054Z</time></trkpt><trkpt lat="39.175914" lon="-9.069286"><ele>548.454</ele><time>2024-06-16T16:44:43.054Z</time></trkpt><trkpt lat="39.175949" lon="-9.069239"><ele>548.045</ele><time>2024-06-16T16:44:48.054Z</time></trkpt><trkpt lat="39.175991" lon="-9.069197"><ele>547.547</ele><time>2024-06-16T16:44:53.054Z</time></trkpt><trkpt lat="39.176021" lon="-9.069140"><ele>547.511</ele><time>2024-06-16T16:44:58.054Z</time></trkpt><trkpt lat="39.176041" lon="-9.069083"><ele>547.509</ele><time>2024-06-16T16:45:03.054Z</time></trkpt><trkpt lat="39.176074" lon="-9.069040"><ele>548.265</ele><time>2024-06-16T16:45:08.054Z</time></trkpt><trkpt lat="39.176102" lon="-9.068992"><ele>548.621</ele><time>2024-06-16T16:45:13.054Z</time></trkpt><trkpt lat="39.176127" lon="-9.068942"><ele>549.188</ele><time>2024-06-16T16:45:18.054Z</time></trkpt><trkpt lat="39.176145" lon="-9.068887"><ele>549.558</ele><time>2024-06-16T16:45:22.054Z</time></trkpt><trkpt lat="39.176163" lon="-9.068824"><ele>549.815</ele><time>2024-06-16T16:45:27.054Z</time></trkpt><trkpt lat="39.176173" lon="-9.068759"><ele>549.938</ele><time>2024-06-16T16:45:32.054Z</time></trkpt><trkpt lat="39.176183" lon="-9.068699"><ele>550.557</ele><time>2024-06-16T16:45:36.054Z</time></trkpt><trkpt lat="39.176193" lon="-9.068629"><ele>551.066</ele><time>2024-06-16T16:45:41.054Z</time></trkpt><trkpt lat="39.176191" lon="-9.068562"><ele>551.724</ele><time>2024-06-16T16:45:46.054Z</time></trkpt><trkpt lat="39.176199" lon="-9.068495"><ele>552.574</ele><time>2024-06-16T16:45:50.054Z</time></trkpt><trkpt lat="39.176199" lon="-9.068430"><ele>553.856</ele><time>2024-06-16T16:45:55.054Z</time></trkpt><trkpt lat="39.176191" lon="-9.068370"><ele>554.321</ele><time>2024-06-16T16:46:00.054Z</time></trkpt><trkpt lat="39.176188" lon="-9.068312"><ele>555.109</ele><time>2024-06-16T16:46:12.054Z</time></trkpt><trkpt lat="39.176165" lon="-9.068245"><ele>555.038</ele><time>2024-06-16T16:46:36.054Z</time></trkpt><trkpt lat="39.176155" lon="-9.068182"><ele>555.174</ele><time>2024-06-16T16:46:41.054Z</time></trkpt><trkpt lat="39.176150" lon="-9.068117"><ele>555.121</ele><time>2024-06-16T16:46:47.054Z</time></trkpt><trkpt lat="39.176147" lon="-9.068054"><ele>555.041</ele><time>2024-06-16T16:46:53.054Z</time></trkpt><trkpt lat="39.176180" lon="-9.068014"><ele>557.428</ele><time>2024-06-16T16:47:12.054Z</time></trkpt><trkpt lat="39.176223" lon="-9.067979"><ele>557.291</ele><time>2024-06-16T16:47:24.054Z</time></trkpt><trkpt lat="39.176263" lon="-9.067946"><ele>557.570</ele><time>2024-06-16T16:47:30.053Z</time></trkpt><trkpt lat="39.176290" lon="-9.067898"><ele>558.089</ele><time>2024-06-16T16:47:45.053Z</time></trkpt><trkpt lat="39.176317" lon="-9.067850"><ele>558.147</ele><time>2024-06-16T16:47:53.053Z</time></trkpt><trkpt lat="39.176349" lon="-9.067808"><ele>559.656</ele><time>2024-06-16T16:48:38.053Z</time></trkpt><trkpt lat="39.176401" lon="-9.067790"><ele>559.759</ele><time>2024-06-16T16:48:44.053Z</time></trkpt><trkpt lat="39.176436" lon="-9.067740"><ele>560.014</ele><time>2024-06-16T16:48:50.053Z</time></trkpt><trkpt lat="39.176453" lon="-9.067677"><ele>560.009</ele><time>2024-06-16T16:48:55.053Z</time></trkpt><trkpt lat="39.176495" lon="-9.067639"><ele>560.076</ele><time>2024-06-16T16:49:00.053Z</time></trkpt><trkpt lat="39.176545" lon="-9.067631"><ele>562.332</ele><time>2024-06-16T16:49:05.053Z</time></trkpt><trkpt lat="39.176598" lon="-9.067634"><ele>563.889</ele><time>2024-06-16T16:49:10.053Z</time></trkpt><trkpt lat="39.176650" lon="-9.067634"><ele>563.969</ele><time>2024-06-16T16:49:14.053Z</time></trkpt><trkpt lat="39.176697" lon="-9.067631"><ele>563.966</ele><time>2024-06-16T16:49:19.053Z</time></trkpt><trkpt lat="39.176747" lon="-9.067628"><ele>564.089</ele><time>2024-06-16T16:49:30.053Z</time></trkpt><trkpt lat="39.176802" lon="-9.067606"><ele>564.028</ele><time>2024-06-16T16:49:35.053Z</time></trkpt><trkpt lat="39.176842" lon="-9.067566"><ele>563.997</ele><time>2024-06-16T16:49:40.053Z</time></trkpt><trkpt lat="39.176885" lon="-9.067539"><ele>563.945</ele><time>2024-06-16T16:49:45.053Z</time></trkpt><trkpt lat="39.176933" lon="-9.067511"><ele>564.117</ele><time>2024-06-16T16:49:50.053Z</time></trkpt><trkpt lat="39.176965" lon="-9.067464"><ele>564.187</ele><time>2024-06-16T16:50:04.053Z</time></trkpt><trkpt lat="39.177002" lon="-9.067424"><ele>564.015</ele><time>2024-06-16T16:50:09.053Z</time></trkpt><trkpt lat="39.177014" lon="-9.067364"><ele>564.109</ele><time>2024-06-16T16:50:14.053Z</time></trkpt><trkpt lat="39.177026" lon="-9.067307"><ele>564.352</ele><time>2024-06-16T16:50:20.053Z</time></trkpt><trkpt lat="39.177038" lon="-9.067244"><ele>564.738</ele><time>2024-06-16T16:50:25.053Z</time></trkpt><trkpt lat="39.177071" lon="-9.067192"><ele>566.595</ele><time>2024-06-16T16:50:30.053Z</time></trkpt><trkpt lat="39.177104" lon="-9.067149"><ele>567.175</ele><time>2024-06-16T16:50:43.053Z</time></trkpt><trkpt lat="39.177146" lon="-9.067122"><ele>567.142</ele><time>2024-06-16T16:50:47.053Z</time></trkpt><trkpt lat="39.177188" lon="-9.067090"><ele>567.215</ele><time>2024-06-16T16:50:51.053Z</time></trkpt><trkpt lat="39.177221" lon="-9.067042"><ele>567.324</ele><time>2024-06-16T16:50:55.053Z</time></trkpt><trkpt lat="39.177264" lon="-9.067004"><ele>565.743</ele><time>2024-06-16T16:51:00.053Z</time></trkpt><trkpt lat="39.177301" lon="-9.066969"><ele>565.071</ele><time>2024-06-16T16:51:05.053Z</time></trkpt><trkpt lat="39.177326" lon="-9.066906"><ele>565.354</ele><time>2024-06-16T16:51:22.053Z</time></trkpt><trkpt lat="39.177364" lon="-9.066869"><ele>565.156</ele><time>2024-06-16T16:51:26.053Z</time></trkpt><trkpt lat="39.177397" lon="-9.066819"><ele>565.111</ele><time>2024-06-16T16:51:30.053Z</time></trkpt><trkpt lat="39.177422" lon="-9.066762"><ele>565.209</ele><time>2024-06-16T16:51:34.053Z</time></trkpt><trkpt lat="39.177457" lon="-9.066714"><ele>565.186</ele><time>2024-06-16T16:51:38.053Z</time></trkpt><trkpt lat="39.177499" lon="-9.066682"><ele>562.612</ele><time>2024-06-16T16:51:46.053Z</time></trkpt><trkpt lat="39.177537" lon="-9.066634"><ele>561.819</ele><time>2024-06-16T16:51:51.053Z</time></trkpt><trkpt lat="39.177570" lon="-9.066589"><ele>561.919</ele><time>2024-06-16T16:51:56.053Z</time></trkpt><trkpt lat="39.177608" lon="-9.066542"><ele>562.066</ele><time>2024-06-16T16:52:01.053Z</time></trkpt><trkpt lat="39.177641" lon="-9.066489"><ele>562.199</ele><time>2024-06-16T16:52:06.053Z</time></trkpt><trkpt lat="39.177681" lon="-9.066442"><ele>562.628</ele><time>2024-06-16T16:52:11.053Z</time></trkpt><trkpt lat="39.177718" lon="-9.066404"><ele>562.857</ele><time>2024-06-16T16:52:30.053Z</time></trkpt><trkpt lat="39.177746" lon="-9.066342"><ele>562.975</ele><time>2024-06-16T16:52:46.053Z</time></trkpt><trkpt lat="39.177769" lon="-9.066290"><ele>563.067</ele><time>2024-06-16T16:52:50.053Z</time></trkpt><trkpt lat="39.177806" lon="-9.066243"><ele>562.981</ele><time>2024-06-16T16:52:58.053Z</time></trkpt><trkpt lat="39.177856" lon="-9.066201"><ele>562.919</ele><time>2024-06-16T16:53:05.053Z</time></trkpt><trkpt lat="39.177903" lon="-9.066158"><ele>562.209</ele><time>2024-06-16T16:53:09.053Z</time></trkpt><trkpt lat="39.177948" lon="-9.066125"><ele>561.457</ele><time>2024-06-16T16:53:13.053Z</time></trkpt><trkpt lat="39.177991" lon="-9.066093"><ele>560.833</ele><time>2024-06-16T16:53:17.053Z</time></trkpt><trkpt lat="39.178021" lon="-9.066045"><ele>557.970</ele><time>2024-06-16T16:53:43.053Z</time></trkpt><trkpt lat="39.178054" lon="-9.066005"><ele>557.790</ele><time>2024-06-16T16:53:46.053Z</time></trkpt><trkpt lat="39.178106" lon="-9.065972"><ele>557.717</ele><time>2024-06-16T16:53:50.053Z</time></trkpt><trkpt lat="39.178153" lon="-9.065925"><ele>557.710</ele><time>2024-06-16T16:53:54.053Z</time></trkpt><trkpt lat="39.178191" lon="-9.065883"><ele>555.919</ele><time>2024-06-16T16:53:59.053Z</time></trkpt><trkpt lat="39.178238" lon="-9.065853"><ele>556.148</ele><time>2024-06-16T16:54:05.052Z</time></trkpt><trkpt lat="39.178273" lon="-9.065805"><ele>556.136</ele><time>2024-06-16T16:54:10.052Z</time></trkpt><trkpt lat="39.178318" lon="-9.065760"><ele>556.266</ele><time>2024-06-16T16:54:13.052Z</time></trkpt><trkpt lat="39.178348" lon="-9.065712"><ele>556.229</ele><time>2024-06-16T16:54:16.052Z</time></trkpt><trkpt lat="39.178385" lon="-9.065660"><ele>555.321</ele><time>2024-06-16T16:54:20.052Z</time></trkpt><trkpt lat="39.178427" lon="-9.065618"><ele>555.109</ele><time>2024-06-16T16:54:24.052Z</time></trkpt><trkpt lat="39.178464" lon="-9.065575"><ele>554.797</ele><time>2024-06-16T16:54:29.052Z</time></trkpt><trkpt lat="39.178507" lon="-9.065538"><ele>554.683</ele><time>2024-06-16T16:54:34.052Z</time></trkpt><trkpt lat="39.178540" lon="-9.065491"><ele>552.640</ele><time>2024-06-16T16:54:49.052Z</time></trkpt><trkpt lat="39.178578" lon="-9.065458"><ele>552.460</ele><time>2024-06-16T16:55:03.052Z</time></trkpt><trkpt lat="39.178623" lon="-9.065410"><ele>552.397</ele><time>2024-06-16T16:55:09.052Z</time></trkpt><trkpt lat="39.178666" lon="-9.065383"><ele>552.210</ele><time>2024-06-16T16:55:12.052Z</time></trkpt><trkpt lat="39.178704" lon="-9.065340"><ele>552.069</ele><time>2024-06-16T16:55:16.052Z</time></trkpt><trkpt lat="39.178746" lon="-9.065310"><ele>552.138</ele><time>2024-06-16T16:55:20.052Z</time></trkpt><trkpt lat="39.178793" lon="-9.065267"><ele>552.056</ele><time>2024-06-16T16:55:24.052Z</time></trkpt><trkpt lat="39.178826" lon="-9.065227"><ele>551.568</ele><time>2024-06-16T16:55:27.052Z</time></trkpt><trkpt lat="39.178873" lon="-9.065187"><ele>551.442</ele><time>2024-06-16T16:55:31.052Z</time></trkpt><trkpt lat="39.178915" lon="-9.065155"><ele>551.426</ele><time>2024-06-16T16:55:35.052Z</time></trkpt><trkpt lat="39.178958" lon="-9.065117"><ele>551.309</ele><time>2024-06-16T16:55:40.052Z</time></trkpt><trkpt lat="39.179005" lon="-9.065070"><ele>549.687</ele><time>2024-06-16T16:55:54.052Z</time></trkpt><trkpt lat="39.179052" lon="-9.065032"><ele>549.313</ele><time>2024-06-16T16:55:59.052Z</time></trkpt><trkpt lat="39.179085" lon="-9.064989"><ele>548.130</ele><time>2024-06-16T16:56:18.052Z</time></trkpt><trkpt lat="39.179122" lon="-9.064939"><ele>547.420</ele><time>2024-06-16T16:56:22.052Z</time></trkpt><trkpt lat="39.179150" lon="-9.064891"><ele>546.497</ele><time>2024-06-16T16:56:30.052Z</time></trkpt><trkpt lat="39.179163" lon="-9.064819"><ele>546.160</ele><time>2024-06-16T16:56:35.052Z</time></trkpt><trkpt lat="39.179170" lon="-9.064751"><ele>546.529</ele><time>2024-06-16T16:56:53.052Z</time></trkpt><trkpt lat="39.179168" lon="-9.064684"><ele>546.478</ele><time>2024-06-16T16:56:57.052Z</time></trkpt><trkpt lat="39.179181" lon="-9.064617"><ele>546.936</ele><time>2024-06-16T16:57:03.052Z</time></trkpt><trkpt lat="39.179193" lon="-9.064557"><ele>546.944</ele><time>2024-06-16T16:57:07.052Z</time></trkpt><trkpt lat="39.179201" lon="-9.064499"><ele>546.905</ele><time>2024-06-16T16:57:12.052Z</time></trkpt><trkpt lat="39.179231" lon="-9.064442"><ele>546.915</ele><time>2024-06-16T16:57:16.052Z</time></trkpt><trkpt lat="39.179244" lon="-9.064382"><ele>546.709</ele><time>2024-06-16T16:57:21.052Z</time></trkpt><trkpt lat="39.179254" lon="-9.064322"><ele>546.135</ele><time>2024-06-16T16:57:25.052Z</time></trkpt><trkpt lat="39.179262" lon="-9.064264"><ele>545.091</ele><time>2024-06-16T16:57:29.052Z</time></trkpt><trkpt lat="39.179267" lon="-9.064189"><ele>545.098</ele><time>2024-06-16T16:57:34.052Z</time></trkpt><trkpt lat="39.179279" lon="-9.064132"><ele>544.958</ele><time>2024-06-16T16:57:39.052Z</time></trkpt><trkpt lat="39.179289" lon="-9.064065"><ele>544.585</ele><time>2024-06-16T16:57:43.052Z</time></trkpt><trkpt lat="39.179309" lon="-9.064010"><ele>544.628</ele><time>2024-06-16T16:57:47.052Z</time></trkpt><trkpt lat="39.179337" lon="-9.063962"><ele>544.637</ele><time>2024-06-16T16:57:51.052Z</time></trkpt><trkpt lat="39.179355" lon="-9.063904"><ele>544.216</ele><time>2024-06-16T16:57:56.052Z</time></trkpt><trkpt lat="39.179392" lon="-9.063852"><ele>543.224</ele><time>2024-06-16T16:58:03.052Z</time></trkpt><trkpt lat="39.179417" lon="-9.063794"><ele>541.462</ele><time>2024-06-16T16:58:07.052Z</time></trkpt><trkpt lat="39.179435" lon="-9.063739"><ele>539.983</ele><time>2024-06-16T16:58:12.052Z</time></trkpt><trkpt lat="39.179447" lon="-9.063681"><ele>538.211</ele><time>2024-06-16T16:58:17.052Z</time></trkpt><trkpt lat="39.179484" lon="-9.063634"><ele>538.109</ele><time>2024-06-16T16:58:23.052Z</time></trkpt><trkpt lat="39.179509" lon="-9.063586"><ele>538.057</ele><time>2024-06-16T16:58:26.052Z</time></trkpt><trkpt lat="39.179532" lon="-9.063523"><ele>537.893</ele><time>2024-06-16T16:58:30.052Z</time></trkpt><trkpt lat="39.179560" lon="-9.063468"><ele>537.890</ele><time>2024-06-16T16:58:34.052Z</time></trkpt><trkpt lat="39.179592" lon="-9.063415"><ele>537.910</ele><time>2024-06-16T16:58:38.052Z</time></trkpt><trkpt lat="39.179625" lon="-9.063363"><ele>538.267</ele><time>2024-06-16T16:58:42.052Z</time></trkpt><trkpt lat="39.179660" lon="-9.063316"><ele>538.260</ele><time>2024-06-16T16:58:47.052Z</time></trkpt><trkpt lat="39.179688" lon="-9.063264"><ele>538.119</ele><time>2024-06-16T16:58:53.052Z</time></trkpt><trkpt lat="39.179720" lon="-9.063212"><ele>537.368</ele><time>2024-06-16T16:58:59.052Z</time></trkpt><trkpt lat="39.179748" lon="-9.063162"><ele>536.026</ele><time>2024-06-16T16:59:03.052Z</time></trkpt><trkpt lat="39.179776" lon="-9.063114"><ele>535.012</ele><time>2024-06-16T16:59:07.052Z</time></trkpt><trkpt lat="39.179803" lon="-9.063066"><ele>534.932</ele><time>2024-06-16T16:59:10.052Z</time></trkpt><trkpt lat="39.179826" lon="-9.063001"><ele>534.705</ele><time>2024-06-16T16:59:14.052Z</time></trkpt><trkpt lat="39.179853" lon="-9.062939"><ele>534.609</ele><time>2024-06-16T16:59:18.052Z</time></trkpt><trkpt lat="39.179890" lon="-9.062886"><ele>534.652</ele><time>2024-06-16T16:59:23.052Z</time></trkpt><trkpt lat="39.179927" lon="-9.062839"><ele>535.018</ele><time>2024-06-16T16:59:28.052Z</time></trkpt><trkpt lat="39.179959" lon="-9.062779"><ele>534.865</ele><time>2024-06-16T16:59:33.052Z</time></trkpt><trkpt lat="39.179997" lon="-9.062739"><ele>534.865</ele><time>2024-06-16T16:59:38.052Z</time></trkpt><trkpt lat="39.180027" lon="-9.062687"><ele>533.982</ele><time>2024-06-16T16:59:43.052Z</time></trkpt><trkpt lat="39.180062" lon="-9.062630"><ele>531.515</ele><time>2024-06-16T16:59:48.052Z</time></trkpt><trkpt lat="39.180085" lon="-9.062575"><ele>530.664</ele><time>2024-06-16T16:59:52.052Z</time></trkpt><trkpt lat="39.180117" lon="-9.062533"><ele>530.163</ele><time>2024-06-16T16:59:56.052Z</time></trkpt><trkpt lat="39.180139" lon="-9.062478"><ele>529.491</ele><time>2024-06-16T17:00:00.052Z</time></trkpt><trkpt lat="39.180162" lon="-9.062421"><ele>529.227</ele><time>2024-06-16T17:00:04.052Z</time></trkpt><trkpt lat="39.180185" lon="-9.062363"><ele>529.168</ele><time>2024-06-16T17:00:07.052Z</time></trkpt><trkpt lat="39.180203" lon="-9.062303"><ele>528.714</ele><time>2024-06-16T17:00:11.052Z</time></trkpt><trkpt lat="39.180215" lon="-9.062245"><ele>528.609</ele><time>2024-06-16T17:00:15.052Z</time></trkpt><trkpt lat="39.180237" lon="-9.062180"><ele>528.613</ele><time>2024-06-16T17:00:19.052Z</time></trkpt><trkpt lat="39.180257" lon="-9.062127"><ele>528.759</ele><time>2024-06-16T17:00:24.052Z</time></trkpt><trkpt lat="39.180270" lon="-9.062069"><ele>528.686</ele><time>2024-06-16T17:00:29.052Z</time></trkpt><trkpt lat="39.180292" lon="-9.062004"><ele>528.536</ele><time>2024-06-16T17:00:34.052Z</time></trkpt><trkpt lat="39.180309" lon="-9.061941"><ele>527.223</ele><time>2024-06-16T17:00:39.052Z</time></trkpt><trkpt lat="39.180327" lon="-9.061876"><ele>526.536</ele><time>2024-06-16T17:00:44.052Z</time></trkpt><trkpt lat="39.180345" lon="-9.061808"><ele>525.635</ele><time>2024-06-16T17:00:49.052Z</time></trkpt><trkpt lat="39.180355" lon="-9.061736"><ele>524.034</ele><time>2024-06-16T17:00:53.051Z</time></trkpt><trkpt lat="39.180345" lon="-9.061679"><ele>523.692</ele><time>2024-06-16T17:00:56.051Z</time></trkpt><trkpt lat="39.180347" lon="-9.061619"><ele>523.613</ele><time>2024-06-16T17:00:59.051Z</time></trkpt><trkpt lat="39.180354" lon="-9.061554"><ele>523.643</ele><time>2024-06-16T17:01:03.051Z</time></trkpt><trkpt lat="39.180351" lon="-9.061496"><ele>524.007</ele><time>2024-06-16T17:01:07.051Z</time></trkpt><trkpt lat="39.180354" lon="-9.061434"><ele>524.109</ele><time>2024-06-16T17:01:11.051Z</time></trkpt><trkpt lat="39.180349" lon="-9.061376"><ele>524.352</ele><time>2024-06-16T17:01:15.051Z</time></trkpt><trkpt lat="39.180341" lon="-9.061301"><ele>524.338</ele><time>2024-06-16T17:01:19.051Z</time></trkpt><trkpt lat="39.180326" lon="-9.061244"><ele>524.255</ele><time>2024-06-16T17:01:23.051Z</time></trkpt><trkpt lat="39.180316" lon="-9.061187"><ele>524.125</ele><time>2024-06-16T17:01:27.051Z</time></trkpt><trkpt lat="39.180311" lon="-9.061125"><ele>523.992</ele><time>2024-06-16T17:01:32.051Z</time></trkpt><trkpt lat="39.180289" lon="-9.061070"><ele>523.025</ele><time>2024-06-16T17:01:48.051Z</time></trkpt><trkpt lat="39.180272" lon="-9.061003"><ele>522.914</ele><time>2024-06-16T17:01:54.051Z</time></trkpt><trkpt lat="39.180257" lon="-9.060948"><ele>522.923</ele><time>2024-06-16T17:01:58.051Z</time></trkpt><trkpt lat="39.180229" lon="-9.060888"><ele>522.971</ele><time>2024-06-16T17:02:02.051Z</time></trkpt><trkpt lat="39.180201" lon="-9.060835"><ele>522.927</ele><time>2024-06-16T17:02:07.051Z</time></trkpt><trkpt lat="39.180173" lon="-9.060783"><ele>523.068</ele><time>2024-06-16T17:02:11.051Z</time></trkpt><trkpt lat="39.180141" lon="-9.060733"><ele>523.114</ele><time>2024-06-16T17:02:15.051Z</time></trkpt><trkpt lat="39.180101" lon="-9.060678"><ele>523.009</ele><time>2024-06-16T17:02:20.051Z</time></trkpt><trkpt lat="39.180071" lon="-9.060635"><ele>523.043</ele><time>2024-06-16T17:02:23.051Z</time></trkpt><trkpt lat="39.180029" lon="-9.060590"><ele>522.429</ele><time>2024-06-16T17:02:28.051Z</time></trkpt><trkpt lat="39.179986" lon="-9.060533"><ele>521.516</ele><time>2024-06-16T17:02:33.051Z</time></trkpt><trkpt lat="39.179944" lon="-9.060501"><ele>520.566</ele><time>2024-06-16T17:02:37.051Z</time></trkpt><trkpt lat="39.179901" lon="-9.060468"><ele>518.773</ele><time>2024-06-16T17:02:45.051Z</time></trkpt><trkpt lat="39.179861" lon="-9.060433"><ele>518.876</ele><time>2024-06-16T17:02:53.051Z</time></trkpt><trkpt lat="39.179818" lon="-9.060395"><ele>518.765</ele><time>2024-06-16T17:02:57.051Z</time></trkpt><trkpt lat="39.179768" lon="-9.060360"><ele>518.654</ele><time>2024-06-16T17:03:01.051Z</time></trkpt><trkpt lat="39.179725" lon="-9.060340"><ele>518.612</ele><time>2024-06-16T17:03:04.051Z</time></trkpt><trkpt lat="39.179680" lon="-9.060313"><ele>518.444</ele><time>2024-06-16T17:03:08.051Z</time></trkpt><trkpt lat="39.179632" lon="-9.060285"><ele>517.205</ele><time>2024-06-16T17:03:16.051Z</time></trkpt><trkpt lat="39.179587" lon="-9.060243"><ele>517.015</ele><time>2024-06-16T17:03:20.051Z</time></trkpt><trkpt lat="39.179545" lon="-9.060213"><ele>516.809</ele><time>2024-06-16T17:03:23.051Z</time></trkpt><trkpt lat="39.179498" lon="-9.060181"><ele>516.765</ele><time>2024-06-16T17:03:26.051Z</time></trkpt><trkpt lat="39.179456" lon="-9.060146"><ele>516.421</ele><time>2024-06-16T17:03:29.051Z</time></trkpt><trkpt lat="39.179409" lon="-9.060111"><ele>515.058</ele><time>2024-06-16T17:03:33.051Z</time></trkpt><trkpt lat="39.179362" lon="-9.060083"><ele>513.778</ele><time>2024-06-16T17:03:37.051Z</time></trkpt><trkpt lat="39.179314" lon="-9.060045"><ele>513.655</ele><time>2024-06-16T17:03:41.051Z</time></trkpt><trkpt lat="39.179269" lon="-9.060022"><ele>513.488</ele><time>2024-06-16T17:03:46.051Z</time></trkpt><trkpt lat="39.179229" lon="-9.059992"><ele>513.387</ele><time>2024-06-16T17:03:50.051Z</time></trkpt><trkpt lat="39.179194" lon="-9.059952"><ele>513.286</ele><time>2024-06-16T17:03:54.051Z</time></trkpt><trkpt lat="39.179156" lon="-9.059912"><ele>511.714</ele><time>2024-06-16T17:03:58.051Z</time></trkpt><trkpt lat="39.179119" lon="-9.059874"><ele>510.297</ele><time>2024-06-16T17:04:01.051Z</time></trkpt><trkpt lat="39.179087" lon="-9.059821"><ele>508.723</ele><time>2024-06-16T17:04:05.051Z</time></trkpt><trkpt lat="39.179060" lon="-9.059763"><ele>508.225</ele><time>2024-06-16T17:04:10.051Z</time></trkpt><trkpt lat="39.179063" lon="-9.059696"><ele>508.009</ele><time>2024-06-16T17:04:14.051Z</time></trkpt><trkpt lat="39.179063" lon="-9.059634"><ele>507.930</ele><time>2024-06-16T17:04:18.051Z</time></trkpt><trkpt lat="39.179078" lon="-9.059572"><ele>508.376</ele><time>2024-06-16T17:04:22.051Z</time></trkpt><trkpt lat="39.179111" lon="-9.059532"><ele>510.363</ele><time>2024-06-16T17:04:27.051Z</time></trkpt><trkpt lat="39.179134" lon="-9.059480"><ele>510.863</ele><time>2024-06-16T17:04:31.051Z</time></trkpt><trkpt lat="39.179156" lon="-9.059425"><ele>511.010</ele><time>2024-06-16T17:04:34.051Z</time></trkpt><trkpt lat="39.179203" lon="-9.059385"><ele>511.353</ele><time>2024-06-16T17:04:39.051Z</time></trkpt><trkpt lat="39.179236" lon="-9.059338"><ele>511.432</ele><time>2024-06-16T17:04:43.051Z</time></trkpt><trkpt lat="39.179276" lon="-9.059300"><ele>511.651</ele><time>2024-06-16T17:04:47.051Z</time></trkpt><trkpt lat="39.179316" lon="-9.059268"><ele>511.969</ele><time>2024-06-16T17:04:52.051Z</time></trkpt><trkpt lat="39.179359" lon="-9.059225"><ele>512.812</ele><time>2024-06-16T17:04:56.051Z</time></trkpt><trkpt lat="39.179397" lon="-9.059183"><ele>513.032</ele><time>2024-06-16T17:05:00.051Z</time></trkpt><trkpt lat="39.179439" lon="-9.059141"><ele>514.005</ele><time>2024-06-16T17:05:05.051Z</time></trkpt><trkpt lat="39.179476" lon="-9.059093"><ele>515.109</ele><time>2024-06-16T17:05:10.051Z</time></trkpt><trkpt lat="39.179514" lon="-9.059053"><ele>515.532</ele><time>2024-06-16T17:05:14.051Z</time></trkpt><trkpt lat="39.179557" lon="-9.059015"><ele>515.638</ele><time>2024-06-16T17:05:19.051Z</time></trkpt><trkpt lat="39.179589" lon="-9.058958"><ele>515.715</ele><time>2024-06-16T17:05:23.051Z</time></trkpt><trkpt lat="39.179622" lon="-9.058915"><ele>516.485</ele><time>2024-06-16T17:05:29.051Z</time></trkpt><trkpt lat="39.179660" lon="-9.058863"><ele>516.822</ele><time>2024-06-16T17:05:33.051Z</time></trkpt><trkpt lat="39.179710" lon="-9.058835"><ele>516.955</ele><time>2024-06-16T17:05:38.051Z</time></trkpt><trkpt lat="39.179743" lon="-9.058785"><ele>517.264</ele><time>2024-06-16T17:05:42.051Z</time></trkpt><trkpt lat="39.179771" lon="-9.058730"><ele>517.223</ele><time>2024-06-16T17:05:46.051Z</time></trkpt><trkpt lat="39.179808" lon="-9.058680"><ele>517.931</ele><time>2024-06-16T17:05:52.051Z</time></trkpt><trkpt lat="39.179843" lon="-9.058625"><ele>517.842</ele><time>2024-06-16T17:05:57.051Z</time></trkpt><trkpt lat="39.179880" lon="-9.058577"><ele>517.922</ele><time>2024-06-16T17:06:00.051Z</time></trkpt><trkpt lat="39.179890" lon="-9.058510"><ele>518.214</ele><time>2024-06-16T17:06:04.051Z</time></trkpt><trkpt lat="39.179920" lon="-9.058460"><ele>518.209</ele><time>2024-06-16T17:06:08.051Z</time></trkpt><trkpt lat="39.179970" lon="-9.058445"><ele>518.745</ele><time>2024-06-16T17:06:13.051Z</time></trkpt><trkpt lat="39.179965" lon="-9.058382"><ele>519.251</ele><time>2024-06-16T17:06:20.051Z</time></trkpt><trkpt lat="39.179990" lon="-9.058319"><ele>519.178</ele><time>2024-06-16T17:06:24.051Z</time></trkpt><trkpt lat="39.180013" lon="-9.058266"><ele>519.088</ele><time>2024-06-16T17:06:28.051Z</time></trkpt><trkpt lat="39.180041" lon="-9.058211"><ele>518.535</ele><time>2024-06-16T17:06:32.051Z</time></trkpt><trkpt lat="39.180066" lon="-9.058159"><ele>518.568</ele><time>2024-06-16T17:06:36.051Z</time></trkpt><trkpt lat="39.180093" lon="-9.058111"><ele>518.547</ele><time>2024-06-16T17:06:40.051Z</time></trkpt><trkpt lat="39.180126" lon="-9.058058"><ele>519.446</ele><time>2024-06-16T17:06:44.051Z</time></trkpt><trkpt lat="39.180141" lon="-9.058003"><ele>520.094</ele><time>2024-06-16T17:06:49.051Z</time></trkpt><trkpt lat="39.180161" lon="-9.057935"><ele>520.498</ele><time>2024-06-16T17:06:53.051Z</time></trkpt><trkpt lat="39.180184" lon="-9.057875"><ele>520.515</ele><time>2024-06-16T17:06:57.051Z</time></trkpt><trkpt lat="39.180214" lon="-9.057817"><ele>520.626</ele><time>2024-06-16T17:07:03.051Z</time></trkpt><trkpt lat="39.180232" lon="-9.057757"><ele>520.609</ele><time>2024-06-16T17:07:07.051Z</time></trkpt><trkpt lat="39.180237" lon="-9.057682"><ele>520.630</ele><time>2024-06-16T17:07:11.051Z</time></trkpt><trkpt lat="39.180255" lon="-9.057615"><ele>520.626</ele><time>2024-06-16T17:07:15.051Z</time></trkpt><trkpt lat="39.180240" lon="-9.057553"><ele>520.683</ele><time>2024-06-16T17:07:19.051Z</time></trkpt><trkpt lat="39.180243" lon="-9.057491"><ele>520.773</ele><time>2024-06-16T17:07:23.051Z</time></trkpt><trkpt lat="39.180235" lon="-9.057418"><ele>521.130</ele><time>2024-06-16T17:07:28.051Z</time></trkpt><trkpt lat="39.180225" lon="-9.057355"><ele>521.633</ele><time>2024-06-16T17:07:32.051Z</time></trkpt><trkpt lat="39.180222" lon="-9.057297"><ele>522.082</ele><time>2024-06-16T17:07:37.051Z</time></trkpt><trkpt lat="39.180189" lon="-9.057252"><ele>523.321</ele><time>2024-06-16T17:07:52.051Z</time></trkpt><trkpt lat="39.180152" lon="-9.057205"><ele>523.819</ele><time>2024-06-16T17:07:56.051Z</time></trkpt><trkpt lat="39.180110" lon="-9.057165"><ele>524.842</ele><time>2024-06-16T17:08:00.051Z</time></trkpt><trkpt lat="39.180080" lon="-9.057120"><ele>525.122</ele><time>2024-06-16T17:08:04.051Z</time></trkpt><trkpt lat="39.180042" lon="-9.057065"><ele>525.614</ele><time>2024-06-16T17:08:09.051Z</time></trkpt><trkpt lat="39.180005" lon="-9.057020"><ele>528.409</ele><time>2024-06-16T17:08:13.051Z</time></trkpt><trkpt lat="39.179965" lon="-9.056975"><ele>529.675</ele><time>2024-06-16T17:08:17.051Z</time></trkpt><trkpt lat="39.179930" lon="-9.056920"><ele>530.411</ele><time>2024-06-16T17:08:23.051Z</time></trkpt><trkpt lat="39.179893" lon="-9.056872"><ele>530.768</ele><time>2024-06-16T17:08:28.050Z</time></trkpt><trkpt lat="39.179861" lon="-9.056820"><ele>531.258</ele><time>2024-06-16T17:08:32.050Z</time></trkpt><trkpt lat="39.179833" lon="-9.056770"><ele>531.565</ele><time>2024-06-16T17:08:35.050Z</time></trkpt><trkpt lat="39.179801" lon="-9.056727"><ele>531.928</ele><time>2024-06-16T17:08:39.050Z</time></trkpt><trkpt lat="39.179773" lon="-9.056677"><ele>531.787</ele><time>2024-06-16T17:08:44.050Z</time></trkpt><trkpt lat="39.179736" lon="-9.056622"><ele>531.736</ele><time>2024-06-16T17:08:49.050Z</time></trkpt><trkpt lat="39.179723" lon="-9.056564"><ele>531.964</ele><time>2024-06-16T17:08:53.050Z</time></trkpt><trkpt lat="39.179703" lon="-9.056501"><ele>532.076</ele><time>2024-06-16T17:08:57.050Z</time></trkpt><trkpt lat="39.179675" lon="-9.056438"><ele>532.090</ele><time>2024-06-16T17:09:02.050Z</time></trkpt><trkpt lat="39.179653" lon="-9.056383"><ele>532.219</ele><time>2024-06-16T17:09:06.050Z</time></trkpt><trkpt lat="39.179643" lon="-9.056320"><ele>532.309</ele><time>2024-06-16T17:09:10.050Z</time></trkpt><trkpt lat="39.179643" lon="-9.056252"><ele>532.178</ele><time>2024-06-16T17:09:15.050Z</time></trkpt><trkpt lat="39.179633" lon="-9.056187"><ele>531.734</ele><time>2024-06-16T17:09:20.050Z</time></trkpt><trkpt lat="39.179651" lon="-9.056122"><ele>531.361</ele><time>2024-06-16T17:09:24.050Z</time></trkpt><trkpt lat="39.179674" lon="-9.056069"><ele>530.571</ele><time>2024-06-16T17:09:27.050Z</time></trkpt><trkpt lat="39.179696" lon="-9.056007"><ele>530.228</ele><time>2024-06-16T17:09:32.050Z</time></trkpt><trkpt lat="39.179719" lon="-9.055950"><ele>529.171</ele><time>2024-06-16T17:09:37.050Z</time></trkpt><trkpt lat="39.179734" lon="-9.055888"><ele>528.990</ele><time>2024-06-16T17:09:43.050Z</time></trkpt><trkpt lat="39.179756" lon="-9.055818"><ele>528.939</ele><time>2024-06-16T17:09:48.050Z</time></trkpt><trkpt lat="39.179771" lon="-9.055753"><ele>528.917</ele><time>2024-06-16T17:09:52.050Z</time></trkpt><trkpt lat="39.179793" lon="-9.055683"><ele>528.797</ele><time>2024-06-16T17:09:56.050Z</time></trkpt><trkpt lat="39.179806" lon="-9.055625"><ele>528.723</ele><time>2024-06-16T17:09:59.050Z</time></trkpt><trkpt lat="39.179818" lon="-9.055567"><ele>528.725</ele><time>2024-06-16T17:10:03.050Z</time></trkpt><trkpt lat="39.179835" lon="-9.055509"><ele>528.109</ele><time>2024-06-16T17:10:07.050Z</time></trkpt><trkpt lat="39.179852" lon="-9.055442"><ele>527.520</ele><time>2024-06-16T17:10:11.050Z</time></trkpt><trkpt lat="39.179869" lon="-9.055374"><ele>527.296</ele><time>2024-06-16T17:10:15.050Z</time></trkpt><trkpt lat="39.179882" lon="-9.055311"><ele>527.193</ele><time>2024-06-16T17:10:19.050Z</time></trkpt><trkpt lat="39.179895" lon="-9.055249"><ele>527.113</ele><time>2024-06-16T17:10:23.050Z</time></trkpt><trkpt lat="39.179913" lon="-9.055181"><ele>527.330</ele><time>2024-06-16T17:10:27.050Z</time></trkpt><trkpt lat="39.179931" lon="-9.055108"><ele>527.353</ele><time>2024-06-16T17:10:32.050Z</time></trkpt><trkpt lat="39.179944" lon="-9.055043"><ele>527.312</ele><time>2024-06-16T17:10:36.050Z</time></trkpt><trkpt lat="39.179962" lon="-9.054981"><ele>527.161</ele><time>2024-06-16T17:10:41.050Z</time></trkpt><trkpt lat="39.179974" lon="-9.054911"><ele>526.679</ele><time>2024-06-16T17:10:45.050Z</time></trkpt><trkpt lat="39.179994" lon="-9.054844"><ele>526.267</ele><time>2024-06-16T17:10:50.050Z</time></trkpt><trkpt lat="39.180016" lon="-9.054782"><ele>526.281</ele><time>2024-06-16T17:10:55.050Z</time></trkpt><trkpt lat="39.180039" lon="-9.054722"><ele>526.119</ele><time>2024-06-16T17:11:00.050Z</time></trkpt><trkpt lat="39.180059" lon="-9.054664"><ele>526.009</ele><time>2024-06-16T17:11:04.050Z</time></trkpt><trkpt lat="39.180069" lon="-9.054604"><ele>525.487</ele><time>2024-06-16T17:11:08.050Z</time></trkpt><trkpt lat="39.180072" lon="-9.054544"><ele>525.343</ele><time>2024-06-16T17:11:11.050Z</time></trkpt><trkpt lat="39.180064" lon="-9.054482"><ele>525.220</ele><time>2024-06-16T17:11:14.050Z</time></trkpt><trkpt lat="39.180066" lon="-9.054422"><ele>525.740</ele><time>2024-06-16T17:11:19.050Z</time></trkpt><trkpt lat="39.180051" lon="-9.054362"><ele>526.137</ele><time>2024-06-16T17:11:24.050Z</time></trkpt><trkpt lat="39.180043" lon="-9.054294"><ele>526.120</ele><time>2024-06-16T17:11:28.050Z</time></trkpt><trkpt lat="39.180023" lon="-9.054237"><ele>525.919</ele><time>2024-06-16T17:11:33.050Z</time></trkpt><trkpt lat="39.180006" lon="-9.054174"><ele>525.428</ele><time>2024-06-16T17:11:38.050Z</time></trkpt><trkpt lat="39.179993" lon="-9.054109"><ele>525.186</ele><time>2024-06-16T17:11:43.050Z</time></trkpt><trkpt lat="39.179973" lon="-9.054049"><ele>524.951</ele><time>2024-06-16T17:11:47.050Z</time></trkpt><trkpt lat="39.179950" lon="-9.053984"><ele>524.901</ele><time>2024-06-16T17:11:51.050Z</time></trkpt><trkpt lat="39.179923" lon="-9.053924"><ele>524.711</ele><time>2024-06-16T17:11:55.050Z</time></trkpt><trkpt lat="39.179905" lon="-9.053864"><ele>524.609</ele><time>2024-06-16T17:11:59.050Z</time></trkpt><trkpt lat="39.179892" lon="-9.053801"><ele>524.596</ele><time>2024-06-16T17:12:04.050Z</time></trkpt><trkpt lat="39.179880" lon="-9.053736"><ele>524.582</ele><time>2024-06-16T17:12:09.050Z</time></trkpt><trkpt lat="39.179857" lon="-9.053669"><ele>524.489</ele><time>2024-06-16T17:12:13.050Z</time></trkpt><trkpt lat="39.179847" lon="-9.053607"><ele>524.539</ele><time>2024-06-16T17:12:17.050Z</time></trkpt><trkpt lat="39.179820" lon="-9.053550"><ele>524.746</ele><time>2024-06-16T17:12:23.050Z</time></trkpt><trkpt lat="39.179798" lon="-9.053482"><ele>526.069</ele><time>2024-06-16T17:12:34.050Z</time></trkpt><trkpt lat="39.179791" lon="-9.053420"><ele>526.138</ele><time>2024-06-16T17:12:38.050Z</time></trkpt><trkpt lat="39.179783" lon="-9.053362"><ele>526.057</ele><time>2024-06-16T17:12:43.050Z</time></trkpt><trkpt lat="39.179765" lon="-9.053300"><ele>525.865</ele><time>2024-06-16T17:12:47.050Z</time></trkpt><trkpt lat="39.179763" lon="-9.053235"><ele>525.488</ele><time>2024-06-16T17:12:52.050Z</time></trkpt><trkpt lat="39.179736" lon="-9.053177"><ele>525.224</ele><time>2024-06-16T17:12:56.050Z</time></trkpt><trkpt lat="39.179723" lon="-9.053119"><ele>525.226</ele><time>2024-06-16T17:13:00.050Z</time></trkpt><trkpt lat="39.179716" lon="-9.053049"><ele>525.209</ele><time>2024-06-16T17:13:04.050Z</time></trkpt><trkpt lat="39.179694" lon="-9.052981"><ele>525.639</ele><time>2024-06-16T17:13:08.050Z</time></trkpt><trkpt lat="39.179689" lon="-9.052914"><ele>526.395</ele><time>2024-06-16T17:13:12.050Z</time></trkpt><trkpt lat="39.179681" lon="-9.052854"><ele>526.792</ele><time>2024-06-16T17:13:15.050Z</time></trkpt><trkpt lat="39.179693" lon="-9.052789"><ele>527.082</ele><time>2024-06-16T17:13:19.050Z</time></trkpt><trkpt lat="39.179715" lon="-9.052734"><ele>527.979</ele><time>2024-06-16T17:13:23.050Z</time></trkpt><trkpt lat="39.179737" lon="-9.052667"><ele>528.492</ele><time>2024-06-16T17:13:28.050Z</time></trkpt><trkpt lat="39.179757" lon="-9.052612"><ele>528.881</ele><time>2024-06-16T17:13:31.050Z</time></trkpt><trkpt lat="39.179787" lon="-9.052562"><ele>529.030</ele><time>2024-06-16T17:13:36.050Z</time></trkpt><trkpt lat="39.179815" lon="-9.052497"><ele>530.118</ele><time>2024-06-16T17:13:41.050Z</time></trkpt><trkpt lat="39.179852" lon="-9.052454"><ele>531.692</ele><time>2024-06-16T17:13:46.050Z</time></trkpt><trkpt lat="39.179899" lon="-9.052411"><ele>531.673</ele><time>2024-06-16T17:13:51.050Z</time></trkpt><trkpt lat="39.179944" lon="-9.052373"><ele>531.620</ele><time>2024-06-16T17:13:55.050Z</time></trkpt><trkpt lat="39.179986" lon="-9.052348"><ele>531.709</ele><time>2024-06-16T17:14:00.050Z</time></trkpt><trkpt lat="39.180036" lon="-9.052335"><ele>531.460</ele><time>2024-06-16T17:14:05.050Z</time></trkpt><trkpt lat="39.180076" lon="-9.052303"><ele>531.366</ele><time>2024-06-16T17:14:08.050Z</time></trkpt><trkpt lat="39.180128" lon="-9.052275"><ele>531.123</ele><time>2024-06-16T17:14:12.050Z</time></trkpt><trkpt lat="39.180175" lon="-9.052262"><ele>530.513</ele><time>2024-06-16T17:14:17.050Z</time></trkpt><trkpt lat="39.180222" lon="-9.052244"><ele>530.540</ele><time>2024-06-16T17:14:22.050Z</time></trkpt><trkpt lat="39.180264" lon="-9.052214"><ele>530.553</ele><time>2024-06-16T17:14:26.050Z</time></trkpt><trkpt lat="39.180317" lon="-9.052181"><ele>530.532</ele><time>2024-06-16T17:14:30.050Z</time></trkpt><trkpt lat="39.180367" lon="-9.052174"><ele>530.551</ele><time>2024-06-16T17:14:35.050Z</time></trkpt><trkpt lat="39.180412" lon="-9.052147"><ele>530.549</ele><time>2024-06-16T17:14:39.050Z</time></trkpt><trkpt lat="39.180462" lon="-9.052117"><ele>530.372</ele><time>2024-06-16T17:14:43.050Z</time></trkpt><trkpt lat="39.180505" lon="-9.052089"><ele>530.213</ele><time>2024-06-16T17:14:48.050Z</time></trkpt><trkpt lat="39.180535" lon="-9.052039"><ele>530.014</ele><time>2024-06-16T17:14:52.050Z</time></trkpt><trkpt lat="39.180565" lon="-9.051994"><ele>530.209</ele><time>2024-06-16T17:14:57.050Z</time></trkpt><trkpt lat="39.180577" lon="-9.051931"><ele>530.318</ele><time>2024-06-16T17:15:01.050Z</time></trkpt><trkpt lat="39.180612" lon="-9.051874"><ele>530.574</ele><time>2024-06-16T17:15:06.050Z</time></trkpt><trkpt lat="39.180622" lon="-9.051811"><ele>531.651</ele><time>2024-06-16T17:15:11.050Z</time></trkpt><trkpt lat="39.180617" lon="-9.051744"><ele>532.021</ele><time>2024-06-16T17:15:15.050Z</time></trkpt><trkpt lat="39.180609" lon="-9.051684"><ele>532.538</ele><time>2024-06-16T17:15:18.050Z</time></trkpt><trkpt lat="39.180597" lon="-9.051617"><ele>532.731</ele><time>2024-06-16T17:15:22.050Z</time></trkpt><trkpt lat="39.180597" lon="-9.051552"><ele>532.860</ele><time>2024-06-16T17:15:26.050Z</time></trkpt><trkpt lat="39.180584" lon="-9.051492"><ele>532.459</ele><time>2024-06-16T17:15:30.050Z</time></trkpt><trkpt lat="39.180566" lon="-9.051435"><ele>531.867</ele><time>2024-06-16T17:15:33.050Z</time></trkpt><trkpt lat="39.180546" lon="-9.051378"><ele>531.261</ele><time>2024-06-16T17:15:37.050Z</time></trkpt><trkpt lat="39.180526" lon="-9.051320"><ele>531.121</ele><time>2024-06-16T17:15:41.050Z</time></trkpt><trkpt lat="39.180528" lon="-9.051255"><ele>530.813</ele><time>2024-06-16T17:15:48.050Z</time></trkpt><trkpt lat="39.180521" lon="-9.051195"><ele>530.509</ele><time>2024-06-16T17:15:53.050Z</time></trkpt><trkpt lat="39.180513" lon="-9.051130"><ele>530.047</ele><time>2024-06-16T17:15:57.050Z</time></trkpt><trkpt lat="39.180483" lon="-9.051077"><ele>529.753</ele><time>2024-06-16T17:16:00.050Z</time></trkpt><trkpt lat="39.180448" lon="-9.051032"><ele>529.760</ele><time>2024-06-16T17:16:03.050Z</time></trkpt><trkpt lat="39.180436" lon="-9.050964"><ele>529.760</ele><time>2024-06-16T17:16:09.050Z</time></trkpt><trkpt lat="39.180403" lon="-9.050919"><ele>530.327</ele><time>2024-06-16T17:16:12.050Z</time></trkpt><trkpt lat="39.180398" lon="-9.050861"><ele>530.310</ele><time>2024-06-16T17:16:16.050Z</time></trkpt><trkpt lat="39.180380" lon="-9.050791"><ele>530.359</ele><time>2024-06-16T17:16:21.050Z</time></trkpt><trkpt lat="39.180343" lon="-9.050746"><ele>530.258</ele><time>2024-06-16T17:16:24.050Z</time></trkpt><trkpt lat="39.180343" lon="-9.050683"><ele>529.216</ele><time>2024-06-16T17:16:29.050Z</time></trkpt><trkpt lat="39.180318" lon="-9.050635"><ele>529.263</ele><time>2024-06-16T17:16:33.050Z</time></trkpt><trkpt lat="39.180286" lon="-9.050568"><ele>529.244</ele><time>2024-06-16T17:16:39.050Z</time></trkpt><trkpt lat="39.180259" lon="-9.050515"><ele>529.218</ele><time>2024-06-16T17:16:45.050Z</time></trkpt><trkpt lat="39.180222" lon="-9.050472"><ele>529.209</ele><time>2024-06-16T17:16:49.050Z</time></trkpt><trkpt lat="39.180185" lon="-9.050437"><ele>529.277</ele><time>2024-06-16T17:16:54.050Z</time></trkpt><trkpt lat="39.180147" lon="-9.050394"><ele>529.333</ele><time>2024-06-16T17:17:01.050Z</time></trkpt><trkpt lat="39.180100" lon="-9.050374"><ele>529.360</ele><time>2024-06-16T17:17:04.050Z</time></trkpt><trkpt lat="39.180055" lon="-9.050359"><ele>529.680</ele><time>2024-06-16T17:17:09.050Z</time></trkpt></trkseg></trk></gpx>