<?xml version="1.0" encoding="UTF-8"?><gpx creator="Wikiloc - https://www.wikiloc.com" version="1.1" xmlns="http://www.topografix.com/GPX/1/1" xmlns:xsi="http://www.w3.org/2001/XMLSchema-instance" xsi:schemaLocation="http://www.topografix.com/GPX/1/1 http://www.topografix.com/GPX/1/1/gpx.xsd"><metadata><name>Wikiloc - Santiago - Cuesta Chacabuco - Los Andes - Laguna del Inca</name><author><name>Job Segeth</name><link href="https://www.wikiloc.com/wikiloc/user.do?id=6248270"><text>Job Segeth on Wikiloc</text></link></author><link href="https://www.wikiloc.com/motorcycling-trails/santiago-cuesta-chacabuco-los-andes-laguna-del-inca-48169107"><text>Santiago - Cuesta Chacabuco - Los Andes - Laguna del Inca on Wikiloc</text></link><time>2020-04-01T00:25:56.263Z</time></metadata><wpt lat="-33.425343" lon="-70.585508"><ele>652.2</ele><time>2020-04-01T00:25:56.263Z</time><name>-33.4253429,-70.5855084</name><cmt></cmt><desc></desc></wpt><wpt lat="-33.016018" lon="-70.700267"><ele>708.5</ele><time>2020-04-01T00:25:56.263Z</time><name>Cuesta Chacabuco, Casas de Chacabuco, Colina</name><cmt></cmt><desc></desc></wpt><wpt lat="-32.833799" lon="-70.597218"><ele>834.1</ele><time>2020-04-01T00:25:56.263Z</time><name>Los Andes</name><cmt></cmt><desc></desc></wpt><wpt lat="-32.820833" lon="-70.133611"><ele>2850.0</ele><time>2020-04-01T00:25:56.263Z</time><name>Laguna del Inca, Los Andes</name><cmt></cmt><desc></desc></wpt><trk><name>Santiago - Cuesta Chacabuco - Los Andes - Laguna del Inca - ...</name><cmt></cmt><desc></desc><trkseg><trkpt lat="-33.425350" lon="-70.585540"><ele>652.313</ele><time>2020-04-01T02:26:03Z</time></trkpt><trkpt lat="-33.425400" lon="-70.585520"><ele>652.043</ele><time>2020-04-01T02:26:23Z</time></trkpt><trkpt lat="-33.425430" lon="-70.585510"><ele>651.907</ele><time>2020-04-01T02:26:43Z</time></trkpt><trkpt lat="-33.425710" lon="-70.585380"><ele>651.408</ele><time>2020-04-01T02:27:03Z</time></trkpt><trkpt lat="-33.425900" lon="-70.585290"><ele>651.445</ele><time>2020-04-01T02:27:23Z</time></trkpt><trkpt lat="-33.426080" lon="-70.585210"><ele>650.699</ele><time>2020-04-01T02:27:43Z</time></trkpt><trkpt lat="-33.426420" lon="-70.585060"><ele>649.392</ele><time>2020-04-01T02:28:03Z</time></trkpt><trkpt lat="-33.426800" lon="-70.584870"><ele>647.687</ele><time>2020-04-01T02:28:23Z</time></trkpt><trkpt lat="-33.426800" lon="-70.584870"><ele>647.630</ele><time>2020-04-01T02:28:43Z</time></trkpt><trkpt lat="-33.427010" lon="-70.585700"><ele>641.432</ele><time>2020-04-01T02:29:03Z</time></trkpt><trkpt lat="-33.427060" lon="-70.585930"><ele>640.661</ele><time>2020-04-01T02:29:23Z</time></trkpt><trkpt lat="-33.427150" lon="-70.586310"><ele>640.858</ele><time>2020-04-01T02:29:43Z</time></trkpt><trkpt lat="-33.427260" lon="-70.586800"><ele>641.157</ele><time>2020-04-01T02:30:03Z</time></trkpt><trkpt lat="-33.427340" lon="-70.587150"><ele>641.200</ele><time>2020-04-01T02:30:23Z</time></trkpt><trkpt lat="-33.427360" lon="-70.587230"><ele>641.220</ele><time>2020-04-01T02:30:43Z</time></trkpt><trkpt lat="-33.427390" lon="-70.587380"><ele>641.208</ele><time>2020-04-01T02:31:03Z</time></trkpt><trkpt lat="-33.427400" lon="-70.587430"><ele>641.239</ele><time>2020-04-01T02:31:23Z</time></trkpt><trkpt lat="-33.427450" lon="-70.587610"><ele>640.973</ele><time>2020-04-01T02:31:43Z</time></trkpt><trkpt lat="-33.427450" lon="-70.587610"><ele>640.996</ele><time>2020-04-01T02:32:03Z</time></trkpt><trkpt lat="-33.426860" lon="-70.587820"><ele>641.841</ele><time>2020-04-01T02:32:23Z</time></trkpt><trkpt lat="-33.425550" lon="-70.588280"><ele>646.714</ele><time>2020-04-01T02:32:43Z</time></trkpt><trkpt lat="-33.425550" lon="-70.588280"><ele>646.746</ele><time>2020-04-01T02:33:03Z</time></trkpt><trkpt lat="-33.425690" lon="-70.588970"><ele>646.565</ele><time>2020-04-01T02:33:23Z</time></trkpt><trkpt lat="-33.425790" lon="-70.589400"><ele>644.092</ele><time>2020-04-01T02:33:43Z</time></trkpt><trkpt lat="-33.425960" lon="-70.590110"><ele>639.557</ele><time>2020-04-01T02:34:03Z</time></trkpt><trkpt lat="-33.426090" lon="-70.590650"><ele>637.700</ele><time>2020-04-01T02:34:23Z</time></trkpt><trkpt lat="-33.426110" lon="-70.590780"><ele>637.220</ele><time>2020-04-01T02:34:43Z</time></trkpt><trkpt lat="-33.426140" lon="-70.590860"><ele>636.908</ele><time>2020-04-01T02:35:03Z</time></trkpt><trkpt lat="-33.426140" lon="-70.590880"><ele>636.859</ele><time>2020-04-01T02:35:23Z</time></trkpt><trkpt lat="-33.426200" lon="-70.590960"><ele>636.653</ele><time>2020-04-01T02:35:43Z</time></trkpt><trkpt lat="-33.426290" lon="-70.591100"><ele>636.296</ele><time>2020-04-01T02:36:03Z</time></trkpt><trkpt lat="-33.426290" lon="-70.591100"><ele>636.271</ele><time>2020-04-01T02:36:23Z</time></trkpt><trkpt lat="-33.425650" lon="-70.591940"><ele>636.464</ele><time>2020-04-01T02:36:43Z</time></trkpt><trkpt lat="-33.425570" lon="-70.592040"><ele>636.516</ele><time>2020-04-01T02:37:03Z</time></trkpt><trkpt lat="-33.425100" lon="-70.592630"><ele>637.015</ele><time>2020-04-01T02:37:23Z</time></trkpt><trkpt lat="-33.424910" lon="-70.592870"><ele>638.592</ele><time>2020-04-01T02:37:43Z</time></trkpt><trkpt lat="-33.424850" lon="-70.592950"><ele>638.855</ele><time>2020-04-01T02:38:03Z</time></trkpt><trkpt lat="-33.424770" lon="-70.593070"><ele>639.107</ele><time>2020-04-01T02:38:23Z</time></trkpt><trkpt lat="-33.424630" lon="-70.593240"><ele>639.117</ele><time>2020-04-01T02:38:43Z</time></trkpt><trkpt lat="-33.423950" lon="-70.594100"><ele>636.708</ele><time>2020-04-01T02:39:03Z</time></trkpt><trkpt lat="-33.423490" lon="-70.594670"><ele>636.819</ele><time>2020-04-01T02:39:23Z</time></trkpt><trkpt lat="-33.423190" lon="-70.595040"><ele>636.723</ele><time>2020-04-01T02:39:43Z</time></trkpt><trkpt lat="-33.423120" lon="-70.595120"><ele>636.546</ele><time>2020-04-01T02:40:03Z</time></trkpt><trkpt lat="-33.422720" lon="-70.595630"><ele>634.811</ele><time>2020-04-01T02:40:23Z</time></trkpt><trkpt lat="-33.422660" lon="-70.595700"><ele>634.564</ele><time>2020-04-01T02:40:43Z</time></trkpt><trkpt lat="-33.422620" lon="-70.595750"><ele>634.356</ele><time>2020-04-01T02:41:03Z</time></trkpt><trkpt lat="-33.422390" lon="-70.596040"><ele>634.275</ele><time>2020-04-01T02:41:23Z</time></trkpt><trkpt lat="-33.422340" lon="-70.596110"><ele>634.372</ele><time>2020-04-01T02:41:43Z</time></trkpt><trkpt lat="-33.421740" lon="-70.596870"><ele>635.513</ele><time>2020-04-01T02:42:03Z</time></trkpt><trkpt lat="-33.421590" lon="-70.597060"><ele>636.043</ele><time>2020-04-01T02:42:23Z</time></trkpt><trkpt lat="-33.421460" lon="-70.597230"><ele>636.407</ele><time>2020-04-01T02:42:43Z</time></trkpt><trkpt lat="-33.421440" lon="-70.597260"><ele>636.508</ele><time>2020-04-01T02:43:03Z</time></trkpt><trkpt lat="-33.421340" lon="-70.597390"><ele>636.855</ele><time>2020-04-01T02:43:23Z</time></trkpt><trkpt lat="-33.421290" lon="-70.597450"><ele>636.979</ele><time>2020-04-01T02:43:43Z</time></trkpt><trkpt lat="-33.421220" lon="-70.597550"><ele>637.072</ele><time>2020-04-01T02:44:03Z</time></trkpt><trkpt lat="-33.421090" lon="-70.597710"><ele>637.377</ele><time>2020-04-01T02:44:23Z</time></trkpt><trkpt lat="-33.420970" lon="-70.597860"><ele>637.720</ele><time>2020-04-01T02:44:43Z</time></trkpt><trkpt lat="-33.420850" lon="-70.598020"><ele>638.222</ele><time>2020-04-01T02:45:03Z</time></trkpt><trkpt lat="-33.420800" lon="-70.598090"><ele>638.991</ele><time>2020-04-01T02:45:23Z</time></trkpt><trkpt lat="-33.420690" lon="-70.598260"><ele>640.968</ele><time>2020-04-01T02:45:43Z</time></trkpt><trkpt lat="-33.420580" lon="-70.598430"><ele>642.128</ele><time>2020-04-01T02:46:03Z</time></trkpt><trkpt lat="-33.420460" lon="-70.598600"><ele>642.489</ele><time>2020-04-01T02:46:23Z</time></trkpt><trkpt lat="-33.420350" lon="-70.598760"><ele>642.317</ele><time>2020-04-01T02:46:43Z</time></trkpt><trkpt lat="-33.420330" lon="-70.598800"><ele>642.108</ele><time>2020-04-01T02:47:03Z</time></trkpt><trkpt lat="-33.420090" lon="-70.599090"><ele>640.676</ele><time>2020-04-01T02:47:23Z</time></trkpt><trkpt lat="-33.420000" lon="-70.599220"><ele>640.190</ele><time>2020-04-01T02:47:43Z</time></trkpt><trkpt lat="-33.419610" lon="-70.599750"><ele>638.413</ele><time>2020-04-01T02:48:03Z</time></trkpt><trkpt lat="-33.419440" lon="-70.599970"><ele>636.418</ele><time>2020-04-01T02:48:23Z</time></trkpt><trkpt lat="-33.418910" lon="-70.600720"><ele>639.451</ele><time>2020-04-01T02:48:43Z</time></trkpt><trkpt lat="-33.418890" lon="-70.600750"><ele>639.523</ele><time>2020-04-01T02:49:03Z</time></trkpt><trkpt lat="-33.418620" lon="-70.601100"><ele>638.542</ele><time>2020-04-01T02:49:23Z</time></trkpt><trkpt lat="-33.418440" lon="-70.601260"><ele>637.789</ele><time>2020-04-01T02:49:43Z</time></trkpt><trkpt lat="-33.418200" lon="-70.601430"><ele>636.927</ele><time>2020-04-01T02:50:03Z</time></trkpt><trkpt lat="-33.418200" lon="-70.601430"><ele>636.968</ele><time>2020-04-01T02:50:23Z</time></trkpt><trkpt lat="-33.418000" lon="-70.601550"><ele>636.314</ele><time>2020-04-01T02:50:43Z</time></trkpt><trkpt lat="-33.417840" lon="-70.601690"><ele>635.908</ele><time>2020-04-01T02:51:03Z</time></trkpt><trkpt lat="-33.417840" lon="-70.601690"><ele>635.926</ele><time>2020-04-01T02:51:23Z</time></trkpt><trkpt lat="-33.417680" lon="-70.601920"><ele>636.630</ele><time>2020-04-01T02:51:43Z</time></trkpt><trkpt lat="-33.417660" lon="-70.601960"><ele>636.883</ele><time>2020-04-01T02:52:03Z</time></trkpt><trkpt lat="-33.417600" lon="-70.602100"><ele>637.328</ele><time>2020-04-01T02:52:23Z</time></trkpt><trkpt lat="-33.417480" lon="-70.602400"><ele>638.731</ele><time>2020-04-01T02:52:43Z</time></trkpt><trkpt lat="-33.417400" lon="-70.602610"><ele>639.843</ele><time>2020-04-01T02:53:03Z</time></trkpt><trkpt lat="-33.417300" lon="-70.602980"><ele>640.442</ele><time>2020-04-01T02:53:23Z</time></trkpt><trkpt lat="-33.417270" lon="-70.603170"><ele>640.499</ele><time>2020-04-01T02:53:43Z</time></trkpt><trkpt lat="-33.417230" lon="-70.603500"><ele>639.861</ele><time>2020-04-01T02:54:03Z</time></trkpt><trkpt lat="-33.417220" lon="-70.603600"><ele>639.521</ele><time>2020-04-01T02:54:23Z</time></trkpt><trkpt lat="-33.417200" lon="-70.603880"><ele>638.613</ele><time>2020-04-01T02:54:43Z</time></trkpt><trkpt lat="-33.417180" lon="-70.604030"><ele>638.208</ele><time>2020-04-01T02:55:03Z</time></trkpt><trkpt lat="-33.417150" lon="-70.604190"><ele>637.780</ele><time>2020-04-01T02:55:23Z</time></trkpt><trkpt lat="-33.417130" lon="-70.604290"><ele>637.164</ele><time>2020-04-01T02:55:43Z</time></trkpt><trkpt lat="-33.417110" lon="-70.604380"><ele>636.697</ele><time>2020-04-01T02:56:03Z</time></trkpt><trkpt lat="-33.417080" lon="-70.604470"><ele>636.272</ele><time>2020-04-01T02:56:23Z</time></trkpt><trkpt lat="-33.417010" lon="-70.604630"><ele>635.915</ele><time>2020-04-01T02:56:43Z</time></trkpt><trkpt lat="-33.416920" lon="-70.604820"><ele>636.037</ele><time>2020-04-01T02:57:03Z</time></trkpt><trkpt lat="-33.416590" lon="-70.605580"><ele>639.136</ele><time>2020-04-01T02:57:23Z</time></trkpt><trkpt lat="-33.416430" lon="-70.605890"><ele>637.293</ele><time>2020-04-01T02:57:43Z</time></trkpt><trkpt lat="-33.416300" lon="-70.606140"><ele>634.621</ele><time>2020-04-01T02:58:03Z</time></trkpt><trkpt lat="-33.416150" lon="-70.606430"><ele>631.441</ele><time>2020-04-01T02:58:23Z</time></trkpt><trkpt lat="-33.416130" lon="-70.606450"><ele>631.105</ele><time>2020-04-01T02:58:43Z</time></trkpt><trkpt lat="-33.416030" lon="-70.606710"><ele>628.508</ele><time>2020-04-01T02:59:03Z</time></trkpt><trkpt lat="-33.416040" lon="-70.606830"><ele>628.296</ele><time>2020-04-01T02:59:23Z</time></trkpt><trkpt lat="-33.416020" lon="-70.607320"><ele>626.530</ele><time>2020-04-01T02:59:43Z</time></trkpt><trkpt lat="-33.416020" lon="-70.607810"><ele>625.813</ele><time>2020-04-01T03:00:03Z</time></trkpt><trkpt lat="-33.416010" lon="-70.607880"><ele>625.868</ele><time>2020-04-01T03:00:23Z</time></trkpt><trkpt lat="-33.416010" lon="-70.607950"><ele>625.831</ele><time>2020-04-01T03:00:43Z</time></trkpt><trkpt lat="-33.416020" lon="-70.608040"><ele>625.713</ele><time>2020-04-01T03:01:03Z</time></trkpt><trkpt lat="-33.416020" lon="-70.608100"><ele>625.762</ele><time>2020-04-01T03:01:23Z</time></trkpt><trkpt lat="-33.416030" lon="-70.608140"><ele>625.769</ele><time>2020-04-01T03:01:43Z</time></trkpt><trkpt lat="-33.416040" lon="-70.608180"><ele>625.631</ele><time>2020-04-01T03:02:03Z</time></trkpt><trkpt lat="-33.416040" lon="-70.608210"><ele>625.661</ele><time>2020-04-01T03:02:23Z</time></trkpt><trkpt lat="-33.416040" lon="-70.608210"><ele>625.607</ele><time>2020-04-01T03:02:43Z</time></trkpt><trkpt lat="-33.416140" lon="-70.608370"><ele>624.808</ele><time>2020-04-01T03:03:03Z</time></trkpt><trkpt lat="-33.416150" lon="-70.608410"><ele>624.847</ele><time>2020-04-01T03:03:23Z</time></trkpt><trkpt lat="-33.416170" lon="-70.608460"><ele>624.721</ele><time>2020-04-01T03:03:43Z</time></trkpt><trkpt lat="-33.416190" lon="-70.608520"><ele>624.734</ele><time>2020-04-01T03:04:03Z</time></trkpt><trkpt lat="-33.416200" lon="-70.608560"><ele>624.659</ele><time>2020-04-01T03:04:23Z</time></trkpt><trkpt lat="-33.416200" lon="-70.608590"><ele>624.782</ele><time>2020-04-01T03:04:43Z</time></trkpt><trkpt lat="-33.416210" lon="-70.608630"><ele>624.644</ele><time>2020-04-01T03:05:03Z</time></trkpt><trkpt lat="-33.416220" lon="-70.608700"><ele>624.743</ele><time>2020-04-01T03:05:23Z</time></trkpt><trkpt lat="-33.416230" lon="-70.608760"><ele>624.750</ele><time>2020-04-01T03:05:43Z</time></trkpt><trkpt lat="-33.416240" lon="-70.608830"><ele>624.743</ele><time>2020-04-01T03:06:03Z</time></trkpt><trkpt lat="-33.416230" lon="-70.608990"><ele>624.964</ele><time>2020-04-01T03:06:23Z</time></trkpt><trkpt lat="-33.416210" lon="-70.609090"><ele>625.210</ele><time>2020-04-01T03:06:43Z</time></trkpt><trkpt lat="-33.416170" lon="-70.609250"><ele>625.608</ele><time>2020-04-01T03:07:03Z</time></trkpt><trkpt lat="-33.416140" lon="-70.609370"><ele>625.878</ele><time>2020-04-01T03:07:23Z</time></trkpt><trkpt lat="-33.416090" lon="-70.609530"><ele>626.162</ele><time>2020-04-01T03:07:43Z</time></trkpt><trkpt lat="-33.416040" lon="-70.609820"><ele>626.395</ele><time>2020-04-01T03:08:03Z</time></trkpt><trkpt lat="-33.415970" lon="-70.610090"><ele>625.990</ele><time>2020-04-01T03:08:23Z</time></trkpt><trkpt lat="-33.415860" lon="-70.610630"><ele>622.533</ele><time>2020-04-01T03:08:43Z</time></trkpt><trkpt lat="-33.415680" lon="-70.611590"><ele>621.415</ele><time>2020-04-01T03:09:03Z</time></trkpt><trkpt lat="-33.415680" lon="-70.611590"><ele>621.474</ele><time>2020-04-01T03:09:23Z</time></trkpt><trkpt lat="-33.415560" lon="-70.612040"><ele>622.221</ele><time>2020-04-01T03:09:43Z</time></trkpt><trkpt lat="-33.415500" lon="-70.612250"><ele>622.937</ele><time>2020-04-01T03:10:03Z</time></trkpt><trkpt lat="-33.415470" lon="-70.612340"><ele>623.349</ele><time>2020-04-01T03:10:23Z</time></trkpt><trkpt lat="-33.415440" lon="-70.612410"><ele>623.613</ele><time>2020-04-01T03:10:43Z</time></trkpt><trkpt lat="-33.415430" lon="-70.612450"><ele>623.808</ele><time>2020-04-01T03:11:03Z</time></trkpt><trkpt lat="-33.415390" lon="-70.612540"><ele>624.137</ele><time>2020-04-01T03:11:23Z</time></trkpt><trkpt lat="-33.415320" lon="-70.612660"><ele>624.461</ele><time>2020-04-01T03:11:43Z</time></trkpt><trkpt lat="-33.415320" lon="-70.612660"><ele>624.464</ele><time>2020-04-01T03:12:03Z</time></trkpt><trkpt lat="-33.415260" lon="-70.612780"><ele>624.639</ele><time>2020-04-01T03:12:23Z</time></trkpt><trkpt lat="-33.415200" lon="-70.612890"><ele>624.772</ele><time>2020-04-01T03:12:43Z</time></trkpt><trkpt lat="-33.415130" lon="-70.612980"><ele>625.084</ele><time>2020-04-01T03:13:03Z</time></trkpt><trkpt lat="-33.415000" lon="-70.613110"><ele>625.563</ele><time>2020-04-01T03:13:23Z</time></trkpt><trkpt lat="-33.414880" lon="-70.613230"><ele>628.150</ele><time>2020-04-01T03:13:43Z</time></trkpt><trkpt lat="-33.414870" lon="-70.613230"><ele>628.438</ele><time>2020-04-01T03:14:03Z</time></trkpt><trkpt lat="-33.414730" lon="-70.613380"><ele>631.970</ele><time>2020-04-01T03:14:23Z</time></trkpt><trkpt lat="-33.414660" lon="-70.613430"><ele>633.917</ele><time>2020-04-01T03:14:43Z</time></trkpt><trkpt lat="-33.414520" lon="-70.613540"><ele>638.108</ele><time>2020-04-01T03:15:03Z</time></trkpt><trkpt lat="-33.414470" lon="-70.613570"><ele>639.667</ele><time>2020-04-01T03:15:23Z</time></trkpt><trkpt lat="-33.414420" lon="-70.613600"><ele>641.281</ele><time>2020-04-01T03:15:43Z</time></trkpt><trkpt lat="-33.414390" lon="-70.613620"><ele>642.194</ele><time>2020-04-01T03:16:03Z</time></trkpt><trkpt lat="-33.414330" lon="-70.613660"><ele>644.179</ele><time>2020-04-01T03:16:23Z</time></trkpt><trkpt lat="-33.414080" lon="-70.613960"><ele>654.032</ele><time>2020-04-01T03:16:43Z</time></trkpt><trkpt lat="-33.414040" lon="-70.614000"><ele>655.634</ele><time>2020-04-01T03:17:03Z</time></trkpt><trkpt lat="-33.413840" lon="-70.614170"><ele>663.283</ele><time>2020-04-01T03:17:23Z</time></trkpt><trkpt lat="-33.413400" lon="-70.614520"><ele>677.290</ele><time>2020-04-01T03:17:43Z</time></trkpt><trkpt lat="-33.412940" lon="-70.614740"><ele>688.868</ele><time>2020-04-01T03:18:03Z</time></trkpt><trkpt lat="-33.412350" lon="-70.615000"><ele>703.342</ele><time>2020-04-01T03:18:23Z</time></trkpt><trkpt lat="-33.411730" lon="-70.615170"><ele>721.526</ele><time>2020-04-01T03:18:43Z</time></trkpt><trkpt lat="-33.411620" lon="-70.615180"><ele>724.708</ele><time>2020-04-01T03:19:03Z</time></trkpt><trkpt lat="-33.411320" lon="-70.615200"><ele>733.130</ele><time>2020-04-01T03:19:23Z</time></trkpt><trkpt lat="-33.411010" lon="-70.615220"><ele>741.614</ele><time>2020-04-01T03:19:43Z</time></trkpt><trkpt lat="-33.410030" lon="-70.615090"><ele>765.677</ele><time>2020-04-01T03:20:03Z</time></trkpt><trkpt lat="-33.409500" lon="-70.614940"><ele>770.072</ele><time>2020-04-01T03:20:23Z</time></trkpt><trkpt lat="-33.409000" lon="-70.614710"><ele>772.695</ele><time>2020-04-01T03:20:43Z</time></trkpt><trkpt lat="-33.408400" lon="-70.614380"><ele>761.477</ele><time>2020-04-01T03:21:03Z</time></trkpt><trkpt lat="-33.407440" lon="-70.613900"><ele>723.436</ele><time>2020-04-01T03:21:23Z</time></trkpt><trkpt lat="-33.406410" lon="-70.613370"><ele>712.983</ele><time>2020-04-01T03:21:43Z</time></trkpt><trkpt lat="-33.405920" lon="-70.613110"><ele>719.859</ele><time>2020-04-01T03:22:03Z</time></trkpt><trkpt lat="-33.405580" lon="-70.612940"><ele>721.903</ele><time>2020-04-01T03:22:23Z</time></trkpt><trkpt lat="-33.404370" lon="-70.612590"><ele>716.123</ele><time>2020-04-01T03:22:43Z</time></trkpt><trkpt lat="-33.403790" lon="-70.612510"><ele>717.108</ele><time>2020-04-01T03:23:03Z</time></trkpt><trkpt lat="-33.403470" lon="-70.612520"><ele>717.949</ele><time>2020-04-01T03:23:23Z</time></trkpt><trkpt lat="-33.403110" lon="-70.612530"><ele>716.493</ele><time>2020-04-01T03:23:43Z</time></trkpt><trkpt lat="-33.403010" lon="-70.612530"><ele>715.676</ele><time>2020-04-01T03:24:03Z</time></trkpt><trkpt lat="-33.402930" lon="-70.612550"><ele>714.451</ele><time>2020-04-01T03:24:23Z</time></trkpt><trkpt lat="-33.402480" lon="-70.612600"><ele>709.144</ele><time>2020-04-01T03:24:43Z</time></trkpt><trkpt lat="-33.401790" lon="-70.612840"><ele>690.236</ele><time>2020-04-01T03:25:03Z</time></trkpt><trkpt lat="-33.401270" lon="-70.613030"><ele>679.565</ele><time>2020-04-01T03:25:23Z</time></trkpt><trkpt lat="-33.400840" lon="-70.613260"><ele>671.552</ele><time>2020-04-01T03:25:43Z</time></trkpt><trkpt lat="-33.400390" lon="-70.613530"><ele>662.265</ele><time>2020-04-01T03:26:03Z</time></trkpt><trkpt lat="-33.400130" lon="-70.613730"><ele>653.068</ele><time>2020-04-01T03:26:23Z</time></trkpt><trkpt lat="-33.399820" lon="-70.614000"><ele>633.914</ele><time>2020-04-01T03:26:43Z</time></trkpt><trkpt lat="-33.399370" lon="-70.614470"><ele>604.008</ele><time>2020-04-01T03:27:03Z</time></trkpt><trkpt lat="-33.399100" lon="-70.614720"><ele>589.830</ele><time>2020-04-01T03:27:23Z</time></trkpt><trkpt lat="-33.398670" lon="-70.615220"><ele>576.144</ele><time>2020-04-01T03:27:43Z</time></trkpt><trkpt lat="-33.398570" lon="-70.615320"><ele>574.657</ele><time>2020-04-01T03:28:03Z</time></trkpt><trkpt lat="-33.398190" lon="-70.615730"><ele>568.962</ele><time>2020-04-01T03:28:23Z</time></trkpt><trkpt lat="-33.397990" lon="-70.615930"><ele>567.445</ele><time>2020-04-01T03:28:43Z</time></trkpt><trkpt lat="-33.397620" lon="-70.616340"><ele>565.197</ele><time>2020-04-01T03:29:03Z</time></trkpt><trkpt lat="-33.397490" lon="-70.616490"><ele>563.246</ele><time>2020-04-01T03:29:23Z</time></trkpt><trkpt lat="-33.397270" lon="-70.616800"><ele>562.513</ele><time>2020-04-01T03:29:43Z</time></trkpt><trkpt lat="-33.397080" lon="-70.617160"><ele>561.967</ele><time>2020-04-01T03:30:03Z</time></trkpt><trkpt lat="-33.397040" lon="-70.617290"><ele>562.081</ele><time>2020-04-01T03:30:23Z</time></trkpt><trkpt lat="-33.397000" lon="-70.617420"><ele>561.919</ele><time>2020-04-01T03:30:43Z</time></trkpt><trkpt lat="-33.396970" lon="-70.617530"><ele>561.408</ele><time>2020-04-01T03:31:03Z</time></trkpt><trkpt lat="-33.396890" lon="-70.617880"><ele>557.570</ele><time>2020-04-01T03:31:23Z</time></trkpt><trkpt lat="-33.396820" lon="-70.618230"><ele>553.744</ele><time>2020-04-01T03:31:43Z</time></trkpt><trkpt lat="-33.396780" lon="-70.618430"><ele>551.937</ele><time>2020-04-01T03:32:03Z</time></trkpt><trkpt lat="-33.396750" lon="-70.618640"><ele>551.422</ele><time>2020-04-01T03:32:23Z</time></trkpt><trkpt lat="-33.396730" lon="-70.618710"><ele>550.925</ele><time>2020-04-01T03:32:43Z</time></trkpt><trkpt lat="-33.396710" lon="-70.618830"><ele>550.687</ele><time>2020-04-01T03:33:03Z</time></trkpt><trkpt lat="-33.396680" lon="-70.618980"><ele>550.416</ele><time>2020-04-01T03:33:23Z</time></trkpt><trkpt lat="-33.396640" lon="-70.619120"><ele>549.983</ele><time>2020-04-01T03:33:43Z</time></trkpt><trkpt lat="-33.396590" lon="-70.619290"><ele>549.565</ele><time>2020-04-01T03:34:03Z</time></trkpt><trkpt lat="-33.396560" lon="-70.619390"><ele>549.268</ele><time>2020-04-01T03:34:23Z</time></trkpt><trkpt lat="-33.396520" lon="-70.619540"><ele>549.014</ele><time>2020-04-01T03:34:43Z</time></trkpt><trkpt lat="-33.396450" lon="-70.619730"><ele>548.108</ele><time>2020-04-01T03:35:03Z</time></trkpt><trkpt lat="-33.396340" lon="-70.620010"><ele>546.470</ele><time>2020-04-01T03:35:23Z</time></trkpt><trkpt lat="-33.396140" lon="-70.620520"><ele>543.594</ele><time>2020-04-01T03:35:43Z</time></trkpt><trkpt lat="-33.395550" lon="-70.621650"><ele>535.647</ele><time>2020-04-01T03:36:03Z</time></trkpt><trkpt lat="-33.395420" lon="-70.621900"><ele>533.632</ele><time>2020-04-01T03:36:23Z</time></trkpt><trkpt lat="-33.394900" lon="-70.622990"><ele>529.375</ele><time>2020-04-01T03:36:43Z</time></trkpt><trkpt lat="-33.394860" lon="-70.623080"><ele>528.897</ele><time>2020-04-01T03:37:03Z</time></trkpt><trkpt lat="-33.394840" lon="-70.623110"><ele>528.776</ele><time>2020-04-01T03:37:23Z</time></trkpt><trkpt lat="-33.394770" lon="-70.623260"><ele>528.113</ele><time>2020-04-01T03:37:43Z</time></trkpt><trkpt lat="-33.394220" lon="-70.624430"><ele>524.182</ele><time>2020-04-01T03:38:03Z</time></trkpt><trkpt lat="-33.394180" lon="-70.624520"><ele>523.543</ele><time>2020-04-01T03:38:23Z</time></trkpt><trkpt lat="-33.394130" lon="-70.624620"><ele>522.617</ele><time>2020-04-01T03:38:43Z</time></trkpt><trkpt lat="-33.394030" lon="-70.624830"><ele>520.308</ele><time>2020-04-01T03:39:03Z</time></trkpt><trkpt lat="-33.394010" lon="-70.624870"><ele>519.962</ele><time>2020-04-01T03:39:23Z</time></trkpt><trkpt lat="-33.393980" lon="-70.624930"><ele>519.276</ele><time>2020-04-01T03:39:43Z</time></trkpt><trkpt lat="-33.393970" lon="-70.624960"><ele>518.959</ele><time>2020-04-01T03:40:03Z</time></trkpt><trkpt lat="-33.393830" lon="-70.625240"><ele>518.194</ele><time>2020-04-01T03:40:23Z</time></trkpt><trkpt lat="-33.393790" lon="-70.625330"><ele>518.187</ele><time>2020-04-01T03:40:43Z</time></trkpt><trkpt lat="-33.393750" lon="-70.625410"><ele>518.049</ele><time>2020-04-01T03:41:03Z</time></trkpt><trkpt lat="-33.393700" lon="-70.625500"><ele>518.018</ele><time>2020-04-01T03:41:23Z</time></trkpt><trkpt lat="-33.393650" lon="-70.625620"><ele>517.955</ele><time>2020-04-01T03:41:43Z</time></trkpt><trkpt lat="-33.393610" lon="-70.625700"><ele>517.965</ele><time>2020-04-01T03:42:03Z</time></trkpt><trkpt lat="-33.393590" lon="-70.625740"><ele>518.068</ele><time>2020-04-01T03:42:23Z</time></trkpt><trkpt lat="-33.393570" lon="-70.625770"><ele>518.014</ele><time>2020-04-01T03:42:43Z</time></trkpt><trkpt lat="-33.392950" lon="-70.626900"><ele>519.608</ele><time>2020-04-01T03:43:03Z</time></trkpt><trkpt lat="-33.392240" lon="-70.628030"><ele>519.360</ele><time>2020-04-01T03:43:23Z</time></trkpt><trkpt lat="-33.392190" lon="-70.628100"><ele>519.164</ele><time>2020-04-01T03:43:43Z</time></trkpt><trkpt lat="-33.392070" lon="-70.628270"><ele>518.537</ele><time>2020-04-01T03:44:03Z</time></trkpt><trkpt lat="-33.391730" lon="-70.628750"><ele>517.732</ele><time>2020-04-01T03:44:23Z</time></trkpt><trkpt lat="-33.391250" lon="-70.629430"><ele>517.525</ele><time>2020-04-01T03:44:43Z</time></trkpt><trkpt lat="-33.391030" lon="-70.629720"><ele>517.677</ele><time>2020-04-01T03:45:03Z</time></trkpt><trkpt lat="-33.390540" lon="-70.630380"><ele>517.846</ele><time>2020-04-01T03:45:23Z</time></trkpt><trkpt lat="-33.389570" lon="-70.631700"><ele>518.553</ele><time>2020-04-01T03:45:43Z</time></trkpt><trkpt lat="-33.389200" lon="-70.632200"><ele>518.058</ele><time>2020-04-01T03:46:03Z</time></trkpt><trkpt lat="-33.388930" lon="-70.632570"><ele>518.652</ele><time>2020-04-01T03:46:23Z</time></trkpt><trkpt lat="-33.387970" lon="-70.633860"><ele>519.817</ele><time>2020-04-01T03:46:43Z</time></trkpt><trkpt lat="-33.387650" lon="-70.634280"><ele>519.908</ele><time>2020-04-01T03:47:03Z</time></trkpt><trkpt lat="-33.387520" lon="-70.634470"><ele>519.649</ele><time>2020-04-01T03:47:23Z</time></trkpt><trkpt lat="-33.386070" lon="-70.636560"><ele>520.143</ele><time>2020-04-01T03:47:43Z</time></trkpt><trkpt lat="-33.385400" lon="-70.637420"><ele>519.676</ele><time>2020-04-01T03:48:03Z</time></trkpt><trkpt lat="-33.384890" lon="-70.638080"><ele>518.761</ele><time>2020-04-01T03:48:23Z</time></trkpt><trkpt lat="-33.384600" lon="-70.638450"><ele>518.584</ele><time>2020-04-01T03:48:43Z</time></trkpt><trkpt lat="-33.383450" lon="-70.640050"><ele>518.136</ele><time>2020-04-01T03:49:03Z</time></trkpt><trkpt lat="-33.383240" lon="-70.640360"><ele>518.325</ele><time>2020-04-01T03:49:23Z</time></trkpt><trkpt lat="-33.382860" lon="-70.640930"><ele>517.922</ele><time>2020-04-01T03:49:43Z</time></trkpt><trkpt lat="-33.382390" lon="-70.641710"><ele>518.081</ele><time>2020-04-01T03:50:03Z</time></trkpt><trkpt lat="-33.382000" lon="-70.642370"><ele>517.561</ele><time>2020-04-01T03:50:23Z</time></trkpt><trkpt lat="-33.381860" lon="-70.642620"><ele>517.217</ele><time>2020-04-01T03:50:43Z</time></trkpt><trkpt lat="-33.381770" lon="-70.642800"><ele>517.108</ele><time>2020-04-01T03:51:03Z</time></trkpt><trkpt lat="-33.381500" lon="-70.643290"><ele>517.062</ele><time>2020-04-01T03:51:23Z</time></trkpt><trkpt lat="-33.381100" lon="-70.644110"><ele>518.366</ele><time>2020-04-01T03:51:43Z</time></trkpt><trkpt lat="-33.380620" lon="-70.645240"><ele>519.579</ele><time>2020-04-01T03:52:03Z</time></trkpt><trkpt lat="-33.380290" lon="-70.646210"><ele>519.944</ele><time>2020-04-01T03:52:23Z</time></trkpt><trkpt lat="-33.380050" lon="-70.646840"><ele>518.627</ele><time>2020-04-01T03:52:43Z</time></trkpt><trkpt lat="-33.379780" lon="-70.647490"><ele>516.819</ele><time>2020-04-01T03:53:03Z</time></trkpt><trkpt lat="-33.379450" lon="-70.648280"><ele>517.618</ele><time>2020-04-01T03:53:23Z</time></trkpt><trkpt lat="-33.379400" lon="-70.648400"><ele>517.485</ele><time>2020-04-01T03:53:43Z</time></trkpt><trkpt lat="-33.378730" lon="-70.650220"><ele>515.189</ele><time>2020-04-01T03:54:03Z</time></trkpt><trkpt lat="-33.378500" lon="-70.650870"><ele>515.306</ele><time>2020-04-01T03:54:23Z</time></trkpt><trkpt lat="-33.378340" lon="-70.651310"><ele>516.526</ele><time>2020-04-01T03:54:43Z</time></trkpt><trkpt lat="-33.378140" lon="-70.651860"><ele>516.808</ele><time>2020-04-01T03:55:03Z</time></trkpt><trkpt lat="-33.377960" lon="-70.652310"><ele>516.242</ele><time>2020-04-01T03:55:23Z</time></trkpt><trkpt lat="-33.377700" lon="-70.652980"><ele>515.886</ele><time>2020-04-01T03:55:43Z</time></trkpt><trkpt lat="-33.377320" lon="-70.653960"><ele>515.899</ele><time>2020-04-01T03:56:03Z</time></trkpt><trkpt lat="-33.377300" lon="-70.654000"><ele>515.874</ele><time>2020-04-01T03:56:23Z</time></trkpt><trkpt lat="-33.376980" lon="-70.654920"><ele>514.597</ele><time>2020-04-01T03:56:43Z</time></trkpt><trkpt lat="-33.376650" lon="-70.655910"><ele>513.169</ele><time>2020-04-01T03:57:03Z</time></trkpt><trkpt lat="-33.376470" lon="-70.656390"><ele>514.198</ele><time>2020-04-01T03:57:23Z</time></trkpt><trkpt lat="-33.376440" lon="-70.656490"><ele>514.365</ele><time>2020-04-01T03:57:43Z</time></trkpt><trkpt lat="-33.376270" lon="-70.656960"><ele>515.565</ele><time>2020-04-01T03:58:03Z</time></trkpt><trkpt lat="-33.376110" lon="-70.657370"><ele>516.568</ele><time>2020-04-01T03:58:23Z</time></trkpt><trkpt lat="-33.376040" lon="-70.657540"><ele>516.714</ele><time>2020-04-01T03:58:43Z</time></trkpt><trkpt lat="-33.376000" lon="-70.657650"><ele>516.808</ele><time>2020-04-01T03:59:03Z</time></trkpt><trkpt lat="-33.375950" lon="-70.657770"><ele>516.870</ele><time>2020-04-01T03:59:23Z</time></trkpt><trkpt lat="-33.375850" lon="-70.658050"><ele>517.044</ele><time>2020-04-01T03:59:43Z</time></trkpt><trkpt lat="-33.375510" lon="-70.658940"><ele>515.597</ele><time>2020-04-01T04:00:03Z</time></trkpt><trkpt lat="-33.375220" lon="-70.659690"><ele>515.332</ele><time>2020-04-01T04:00:23Z</time></trkpt><trkpt lat="-33.374910" lon="-70.660530"><ele>516.465</ele><time>2020-04-01T04:00:43Z</time></trkpt><trkpt lat="-33.374450" lon="-70.661790"><ele>516.627</ele><time>2020-04-01T04:01:03Z</time></trkpt><trkpt lat="-33.374360" lon="-70.662050"><ele>516.026</ele><time>2020-04-01T04:01:23Z</time></trkpt><trkpt lat="-33.373900" lon="-70.663260"><ele>512.873</ele><time>2020-04-01T04:01:43Z</time></trkpt><trkpt lat="-33.373460" lon="-70.664400"><ele>514.744</ele><time>2020-04-01T04:02:03Z</time></trkpt><trkpt lat="-33.373040" lon="-70.665430"><ele>511.105</ele><time>2020-04-01T04:02:23Z</time></trkpt><trkpt lat="-33.372840" lon="-70.665920"><ele>509.215</ele><time>2020-04-01T04:02:43Z</time></trkpt><trkpt lat="-33.372840" lon="-70.665930"><ele>509.208</ele><time>2020-04-01T04:03:03Z</time></trkpt><trkpt lat="-33.372620" lon="-70.666480"><ele>508.358</ele><time>2020-04-01T04:03:23Z</time></trkpt><trkpt lat="-33.372370" lon="-70.667080"><ele>509.392</ele><time>2020-04-01T04:03:43Z</time></trkpt><trkpt lat="-33.372050" lon="-70.667980"><ele>509.625</ele><time>2020-04-01T04:04:03Z</time></trkpt><trkpt lat="-33.371740" lon="-70.668870"><ele>509.480</ele><time>2020-04-01T04:04:23Z</time></trkpt><trkpt lat="-33.371670" lon="-70.669090"><ele>509.833</ele><time>2020-04-01T04:04:43Z</time></trkpt><trkpt lat="-33.371230" lon="-70.670340"><ele>509.895</ele><time>2020-04-01T04:05:03Z</time></trkpt><trkpt lat="-33.371030" lon="-70.670860"><ele>508.754</ele><time>2020-04-01T04:05:23Z</time></trkpt><trkpt lat="-33.370510" lon="-70.672260"><ele>507.981</ele><time>2020-04-01T04:05:43Z</time></trkpt><trkpt lat="-33.370370" lon="-70.672650"><ele>507.835</ele><time>2020-04-01T04:06:03Z</time></trkpt><trkpt lat="-33.369990" lon="-70.673550"><ele>507.086</ele><time>2020-04-01T04:06:23Z</time></trkpt><trkpt lat="-33.369490" lon="-70.674920"><ele>506.414</ele><time>2020-04-01T04:06:43Z</time></trkpt><trkpt lat="-33.369170" lon="-70.675840"><ele>507.008</ele><time>2020-04-01T04:07:03Z</time></trkpt><trkpt lat="-33.368890" lon="-70.676590"><ele>507.327</ele><time>2020-04-01T04:07:23Z</time></trkpt><trkpt lat="-33.368580" lon="-70.677380"><ele>506.551</ele><time>2020-04-01T04:07:43Z</time></trkpt><trkpt lat="-33.368370" lon="-70.677950"><ele>505.544</ele><time>2020-04-01T04:08:03Z</time></trkpt><trkpt lat="-33.368150" lon="-70.678530"><ele>504.569</ele><time>2020-04-01T04:08:23Z</time></trkpt><trkpt lat="-33.367570" lon="-70.680080"><ele>505.932</ele><time>2020-04-01T04:08:43Z</time></trkpt><trkpt lat="-33.367240" lon="-70.681000"><ele>505.614</ele><time>2020-04-01T04:09:03Z</time></trkpt><trkpt lat="-33.367130" lon="-70.681300"><ele>506.393</ele><time>2020-04-01T04:09:23Z</time></trkpt><trkpt lat="-33.366840" lon="-70.682090"><ele>506.450</ele><time>2020-04-01T04:09:43Z</time></trkpt><trkpt lat="-33.366710" lon="-70.682580"><ele>506.118</ele><time>2020-04-01T04:10:03Z</time></trkpt><trkpt lat="-33.366620" lon="-70.683000"><ele>507.198</ele><time>2020-04-01T04:10:23Z</time></trkpt><trkpt lat="-33.366550" lon="-70.683400"><ele>507.717</ele><time>2020-04-01T04:10:43Z</time></trkpt><trkpt lat="-33.366500" lon="-70.683800"><ele>507.208</ele><time>2020-04-01T04:11:03Z</time></trkpt><trkpt lat="-33.366460" lon="-70.684120"><ele>506.845</ele><time>2020-04-01T04:11:23Z</time></trkpt><trkpt lat="-33.366420" lon="-70.684440"><ele>506.589</ele><time>2020-04-01T04:11:43Z</time></trkpt><trkpt lat="-33.366370" lon="-70.684980"><ele>506.012</ele><time>2020-04-01T04:12:03Z</time></trkpt><trkpt lat="-33.366280" lon="-70.686230"><ele>504.877</ele><time>2020-04-01T04:12:23Z</time></trkpt><trkpt lat="-33.366280" lon="-70.686230"><ele>504.870</ele><time>2020-04-01T04:12:43Z</time></trkpt><trkpt lat="-33.366220" lon="-70.686440"><ele>504.352</ele><time>2020-04-01T04:13:03Z</time></trkpt><trkpt lat="-33.366140" lon="-70.686900"><ele>503.751</ele><time>2020-04-01T04:13:23Z</time></trkpt><trkpt lat="-33.366110" lon="-70.687290"><ele>503.798</ele><time>2020-04-01T04:13:43Z</time></trkpt><trkpt lat="-33.366080" lon="-70.687580"><ele>503.841</ele><time>2020-04-01T04:14:03Z</time></trkpt><trkpt lat="-33.366070" lon="-70.687670"><ele>504.081</ele><time>2020-04-01T04:14:23Z</time></trkpt><trkpt lat="-33.366050" lon="-70.687860"><ele>504.409</ele><time>2020-04-01T04:14:43Z</time></trkpt><trkpt lat="-33.366030" lon="-70.688000"><ele>504.708</ele><time>2020-04-01T04:15:03Z</time></trkpt><trkpt lat="-33.365990" lon="-70.688350"><ele>505.488</ele><time>2020-04-01T04:15:23Z</time></trkpt><trkpt lat="-33.365980" lon="-70.688390"><ele>505.372</ele><time>2020-04-01T04:15:43Z</time></trkpt><trkpt lat="-33.365970" lon="-70.688420"><ele>505.245</ele><time>2020-04-01T04:16:03Z</time></trkpt><trkpt lat="-33.365950" lon="-70.688470"><ele>505.180</ele><time>2020-04-01T04:16:23Z</time></trkpt><trkpt lat="-33.365930" lon="-70.688510"><ele>505.073</ele><time>2020-04-01T04:16:43Z</time></trkpt><trkpt lat="-33.365900" lon="-70.688570"><ele>504.925</ele><time>2020-04-01T04:17:03Z</time></trkpt><trkpt lat="-33.365850" lon="-70.688640"><ele>504.774</ele><time>2020-04-01T04:17:23Z</time></trkpt><trkpt lat="-33.365830" lon="-70.688670"><ele>504.651</ele><time>2020-04-01T04:17:43Z</time></trkpt><trkpt lat="-33.365810" lon="-70.688690"><ele>504.678</ele><time>2020-04-01T04:18:03Z</time></trkpt><trkpt lat="-33.365760" lon="-70.688750"><ele>504.533</ele><time>2020-04-01T04:18:23Z</time></trkpt><trkpt lat="-33.365740" lon="-70.688770"><ele>504.526</ele><time>2020-04-01T04:18:43Z</time></trkpt><trkpt lat="-33.365650" lon="-70.688840"><ele>504.408</ele><time>2020-04-01T04:19:03Z</time></trkpt><trkpt lat="-33.365610" lon="-70.688880"><ele>504.481</ele><time>2020-04-01T04:19:23Z</time></trkpt><trkpt lat="-33.365590" lon="-70.688890"><ele>504.475</ele><time>2020-04-01T04:19:43Z</time></trkpt><trkpt lat="-33.365520" lon="-70.688950"><ele>504.458</ele><time>2020-04-01T04:20:03Z</time></trkpt><trkpt lat="-33.365440" lon="-70.689000"><ele>504.563</ele><time>2020-04-01T04:20:23Z</time></trkpt><trkpt lat="-33.365380" lon="-70.689050"><ele>504.576</ele><time>2020-04-01T04:20:43Z</time></trkpt><trkpt lat="-33.365050" lon="-70.689280"><ele>504.818</ele><time>2020-04-01T04:21:03Z</time></trkpt><trkpt lat="-33.364910" lon="-70.689370"><ele>504.747</ele><time>2020-04-01T04:21:23Z</time></trkpt><trkpt lat="-33.364890" lon="-70.689380"><ele>504.764</ele><time>2020-04-01T04:21:43Z</time></trkpt><trkpt lat="-33.364810" lon="-70.689420"><ele>504.629</ele><time>2020-04-01T04:22:03Z</time></trkpt><trkpt lat="-33.364680" lon="-70.689480"><ele>504.500</ele><time>2020-04-01T04:22:23Z</time></trkpt><trkpt lat="-33.364580" lon="-70.689500"><ele>504.520</ele><time>2020-04-01T04:22:43Z</time></trkpt><trkpt lat="-33.364460" lon="-70.689520"><ele>504.508</ele><time>2020-04-01T04:23:03Z</time></trkpt><trkpt lat="-33.364210" lon="-70.689530"><ele>504.496</ele><time>2020-04-01T04:23:23Z</time></trkpt><trkpt lat="-33.364070" lon="-70.689530"><ele>504.310</ele><time>2020-04-01T04:23:43Z</time></trkpt><trkpt lat="-33.363470" lon="-70.689560"><ele>503.633</ele><time>2020-04-01T04:24:03Z</time></trkpt><trkpt lat="-33.363290" lon="-70.689570"><ele>503.488</ele><time>2020-04-01T04:24:23Z</time></trkpt><trkpt lat="-33.363040" lon="-70.689600"><ele>503.251</ele><time>2020-04-01T04:24:43Z</time></trkpt><trkpt lat="-33.362960" lon="-70.689610"><ele>503.173</ele><time>2020-04-01T04:25:03Z</time></trkpt><trkpt lat="-33.362960" lon="-70.689610"><ele>503.112</ele><time>2020-04-01T04:25:23Z</time></trkpt><trkpt lat="-33.362740" lon="-70.689650"><ele>502.869</ele><time>2020-04-01T04:25:43Z</time></trkpt><trkpt lat="-33.362590" lon="-70.689690"><ele>502.561</ele><time>2020-04-01T04:26:03Z</time></trkpt><trkpt lat="-33.362370" lon="-70.689760"><ele>502.321</ele><time>2020-04-01T04:26:23Z</time></trkpt><trkpt lat="-33.362180" lon="-70.689820"><ele>502.213</ele><time>2020-04-01T04:26:43Z</time></trkpt><trkpt lat="-33.361850" lon="-70.689940"><ele>502.108</ele><time>2020-04-01T04:27:03Z</time></trkpt><trkpt lat="-33.361500" lon="-70.690060"><ele>502.040</ele><time>2020-04-01T04:27:23Z</time></trkpt><trkpt lat="-33.361270" lon="-70.690140"><ele>501.884</ele><time>2020-04-01T04:27:43Z</time></trkpt><trkpt lat="-33.361010" lon="-70.690230"><ele>501.667</ele><time>2020-04-01T04:28:03Z</time></trkpt><trkpt lat="-33.360710" lon="-70.690330"><ele>501.232</ele><time>2020-04-01T04:28:23Z</time></trkpt><trkpt lat="-33.360210" lon="-70.690510"><ele>500.995</ele><time>2020-04-01T04:28:43Z</time></trkpt><trkpt lat="-33.359970" lon="-70.690590"><ele>500.967</ele><time>2020-04-01T04:29:03Z</time></trkpt><trkpt lat="-33.359610" lon="-70.690710"><ele>500.256</ele><time>2020-04-01T04:29:23Z</time></trkpt><trkpt lat="-33.359350" lon="-70.690800"><ele>499.563</ele><time>2020-04-01T04:29:43Z</time></trkpt><trkpt lat="-33.358930" lon="-70.690950"><ele>499.336</ele><time>2020-04-01T04:30:03Z</time></trkpt><trkpt lat="-33.358370" lon="-70.691150"><ele>499.617</ele><time>2020-04-01T04:30:23Z</time></trkpt><trkpt lat="-33.358100" lon="-70.691240"><ele>499.618</ele><time>2020-04-01T04:30:43Z</time></trkpt><trkpt lat="-33.357870" lon="-70.691320"><ele>499.708</ele><time>2020-04-01T04:31:03Z</time></trkpt><trkpt lat="-33.357670" lon="-70.691390"><ele>499.917</ele><time>2020-04-01T04:31:23Z</time></trkpt><trkpt lat="-33.357300" lon="-70.691520"><ele>500.251</ele><time>2020-04-01T04:31:43Z</time></trkpt><trkpt lat="-33.357120" lon="-70.691590"><ele>500.524</ele><time>2020-04-01T04:32:03Z</time></trkpt><trkpt lat="-33.356920" lon="-70.691660"><ele>500.799</ele><time>2020-04-01T04:32:23Z</time></trkpt><trkpt lat="-33.356600" lon="-70.691750"><ele>500.822</ele><time>2020-04-01T04:32:43Z</time></trkpt><trkpt lat="-33.356270" lon="-70.691850"><ele>500.464</ele><time>2020-04-01T04:33:03Z</time></trkpt><trkpt lat="-33.356070" lon="-70.691890"><ele>500.213</ele><time>2020-04-01T04:33:23Z</time></trkpt><trkpt lat="-33.355910" lon="-70.691930"><ele>500.130</ele><time>2020-04-01T04:33:43Z</time></trkpt><trkpt lat="-33.355770" lon="-70.691960"><ele>499.754</ele><time>2020-04-01T04:34:03Z</time></trkpt><trkpt lat="-33.355450" lon="-70.692010"><ele>498.456</ele><time>2020-04-01T04:34:23Z</time></trkpt><trkpt lat="-33.355180" lon="-70.692060"><ele>497.211</ele><time>2020-04-01T04:34:43Z</time></trkpt><trkpt lat="-33.354970" lon="-70.692090"><ele>496.508</ele><time>2020-04-01T04:35:03Z</time></trkpt><trkpt lat="-33.354720" lon="-70.692140"><ele>496.739</ele><time>2020-04-01T04:35:23Z</time></trkpt><trkpt lat="-33.354690" lon="-70.692140"><ele>496.753</ele><time>2020-04-01T04:35:43Z</time></trkpt><trkpt lat="-33.354550" lon="-70.692170"><ele>496.856</ele><time>2020-04-01T04:36:03Z</time></trkpt><trkpt lat="-33.354340" lon="-70.692210"><ele>496.911</ele><time>2020-04-01T04:36:23Z</time></trkpt><trkpt lat="-33.354130" lon="-70.692240"><ele>497.114</ele><time>2020-04-01T04:36:43Z</time></trkpt><trkpt lat="-33.353870" lon="-70.692300"><ele>498.246</ele><time>2020-04-01T04:37:03Z</time></trkpt><trkpt lat="-33.353710" lon="-70.692340"><ele>498.765</ele><time>2020-04-01T04:37:23Z</time></trkpt><trkpt lat="-33.353510" lon="-70.692390"><ele>499.532</ele><time>2020-04-01T04:37:43Z</time></trkpt><trkpt lat="-33.353390" lon="-70.692420"><ele>499.922</ele><time>2020-04-01T04:38:03Z</time></trkpt><trkpt lat="-33.353320" lon="-70.692440"><ele>500.162</ele><time>2020-04-01T04:38:23Z</time></trkpt><trkpt lat="-33.353110" lon="-70.692510"><ele>501.108</ele><time>2020-04-01T04:38:43Z</time></trkpt><trkpt lat="-33.352970" lon="-70.692560"><ele>501.608</ele><time>2020-04-01T04:39:03Z</time></trkpt><trkpt lat="-33.352760" lon="-70.692630"><ele>502.376</ele><time>2020-04-01T04:39:23Z</time></trkpt><trkpt lat="-33.352670" lon="-70.692670"><ele>502.580</ele><time>2020-04-01T04:39:43Z</time></trkpt><trkpt lat="-33.352490" lon="-70.692740"><ele>503.143</ele><time>2020-04-01T04:40:03Z</time></trkpt><trkpt lat="-33.352350" lon="-70.692800"><ele>505.698</ele><time>2020-04-01T04:40:23Z</time></trkpt><trkpt lat="-33.352260" lon="-70.692850"><ele>506.831</ele><time>2020-04-01T04:40:43Z</time></trkpt><trkpt lat="-33.352150" lon="-70.692910"><ele>508.083</ele><time>2020-04-01T04:41:03Z</time></trkpt><trkpt lat="-33.352070" lon="-70.692950"><ele>508.732</ele><time>2020-04-01T04:41:23Z</time></trkpt><trkpt lat="-33.351970" lon="-70.693000"><ele>509.249</ele><time>2020-04-01T04:41:43Z</time></trkpt><trkpt lat="-33.351660" lon="-70.693160"><ele>509.197</ele><time>2020-04-01T04:42:03Z</time></trkpt><trkpt lat="-33.351550" lon="-70.693210"><ele>508.623</ele><time>2020-04-01T04:42:23Z</time></trkpt><trkpt lat="-33.351510" lon="-70.693240"><ele>508.025</ele><time>2020-04-01T04:42:43Z</time></trkpt><trkpt lat="-33.351090" lon="-70.693400"><ele>506.808</ele><time>2020-04-01T04:43:03Z</time></trkpt><trkpt lat="-33.350750" lon="-70.693520"><ele>507.333</ele><time>2020-04-01T04:43:23Z</time></trkpt><trkpt lat="-33.350220" lon="-70.693670"><ele>508.617</ele><time>2020-04-01T04:43:43Z</time></trkpt><trkpt lat="-33.350020" lon="-70.693720"><ele>508.960</ele><time>2020-04-01T04:44:03Z</time></trkpt><trkpt lat="-33.349610" lon="-70.693780"><ele>506.665</ele><time>2020-04-01T04:44:23Z</time></trkpt><trkpt lat="-33.348350" lon="-70.693900"><ele>499.058</ele><time>2020-04-01T04:44:43Z</time></trkpt><trkpt lat="-33.347130" lon="-70.693990"><ele>495.370</ele><time>2020-04-01T04:45:03Z</time></trkpt><trkpt lat="-33.346250" lon="-70.694040"><ele>495.069</ele><time>2020-04-01T04:45:23Z</time></trkpt><trkpt lat="-33.345180" lon="-70.694110"><ele>496.366</ele><time>2020-04-01T04:45:43Z</time></trkpt><trkpt lat="-33.344990" lon="-70.694120"><ele>496.519</ele><time>2020-04-01T04:46:03Z</time></trkpt><trkpt lat="-33.344940" lon="-70.694130"><ele>496.709</ele><time>2020-04-01T04:46:23Z</time></trkpt><trkpt lat="-33.343690" lon="-70.694230"><ele>501.119</ele><time>2020-04-01T04:46:43Z</time></trkpt><trkpt lat="-33.343480" lon="-70.694250"><ele>501.208</ele><time>2020-04-01T04:47:03Z</time></trkpt><trkpt lat="-33.343170" lon="-70.694230"><ele>501.935</ele><time>2020-04-01T04:47:23Z</time></trkpt><trkpt lat="-33.342990" lon="-70.694220"><ele>502.429</ele><time>2020-04-01T04:47:43Z</time></trkpt><trkpt lat="-33.342890" lon="-70.694200"><ele>502.812</ele><time>2020-04-01T04:48:03Z</time></trkpt><trkpt lat="-33.342780" lon="-70.694180"><ele>503.237</ele><time>2020-04-01T04:48:23Z</time></trkpt><trkpt lat="-33.342570" lon="-70.694140"><ele>504.850</ele><time>2020-04-01T04:48:43Z</time></trkpt><trkpt lat="-33.342430" lon="-70.694120"><ele>505.462</ele><time>2020-04-01T04:49:03Z</time></trkpt><trkpt lat="-33.342110" lon="-70.694000"><ele>507.331</ele><time>2020-04-01T04:49:23Z</time></trkpt><trkpt lat="-33.341930" lon="-70.693930"><ele>507.368</ele><time>2020-04-01T04:49:43Z</time></trkpt><trkpt lat="-33.341720" lon="-70.693810"><ele>506.745</ele><time>2020-04-01T04:50:03Z</time></trkpt><trkpt lat="-33.341610" lon="-70.693730"><ele>506.347</ele><time>2020-04-01T04:50:23Z</time></trkpt><trkpt lat="-33.341380" lon="-70.693590"><ele>505.811</ele><time>2020-04-01T04:50:43Z</time></trkpt><trkpt lat="-33.340930" lon="-70.693300"><ele>504.208</ele><time>2020-04-01T04:51:03Z</time></trkpt><trkpt lat="-33.340570" lon="-70.693070"><ele>504.588</ele><time>2020-04-01T04:51:23Z</time></trkpt><trkpt lat="-33.340120" lon="-70.692810"><ele>504.782</ele><time>2020-04-01T04:51:43Z</time></trkpt><trkpt lat="-33.339910" lon="-70.692710"><ele>504.955</ele><time>2020-04-01T04:52:03Z</time></trkpt><trkpt lat="-33.339660" lon="-70.692620"><ele>505.620</ele><time>2020-04-01T04:52:23Z</time></trkpt><trkpt lat="-33.339290" lon="-70.692510"><ele>506.123</ele><time>2020-04-01T04:52:43Z</time></trkpt><trkpt lat="-33.339090" lon="-70.692460"><ele>506.325</ele><time>2020-04-01T04:53:03Z</time></trkpt><trkpt lat="-33.338710" lon="-70.692410"><ele>506.564</ele><time>2020-04-01T04:53:23Z</time></trkpt><trkpt lat="-33.338520" lon="-70.692400"><ele>506.521</ele><time>2020-04-01T04:53:43Z</time></trkpt><trkpt lat="-33.338300" lon="-70.692400"><ele>506.495</ele><time>2020-04-01T04:54:03Z</time></trkpt><trkpt lat="-33.338060" lon="-70.692420"><ele>506.749</ele><time>2020-04-01T04:54:23Z</time></trkpt><trkpt lat="-33.337750" lon="-70.692470"><ele>506.823</ele><time>2020-04-01T04:54:43Z</time></trkpt><trkpt lat="-33.337570" lon="-70.692500"><ele>506.808</ele><time>2020-04-01T04:55:03Z</time></trkpt><trkpt lat="-33.337070" lon="-70.692630"><ele>505.713</ele><time>2020-04-01T04:55:23Z</time></trkpt><trkpt lat="-33.336510" lon="-70.692810"><ele>505.167</ele><time>2020-04-01T04:55:43Z</time></trkpt><trkpt lat="-33.336130" lon="-70.692920"><ele>505.920</ele><time>2020-04-01T04:56:03Z</time></trkpt><trkpt lat="-33.336080" lon="-70.692940"><ele>506.065</ele><time>2020-04-01T04:56:23Z</time></trkpt><trkpt lat="-33.335970" lon="-70.692980"><ele>506.198</ele><time>2020-04-01T04:56:43Z</time></trkpt><trkpt lat="-33.334520" lon="-70.693450"><ele>510.780</ele><time>2020-04-01T04:57:03Z</time></trkpt><trkpt lat="-33.334160" lon="-70.693580"><ele>510.759</ele><time>2020-04-01T04:57:23Z</time></trkpt><trkpt lat="-33.333950" lon="-70.693660"><ele>512.296</ele><time>2020-04-01T04:57:43Z</time></trkpt><trkpt lat="-33.333470" lon="-70.693910"><ele>512.587</ele><time>2020-04-01T04:58:03Z</time></trkpt><trkpt lat="-33.333000" lon="-70.694230"><ele>511.442</ele><time>2020-04-01T04:58:23Z</time></trkpt><trkpt lat="-33.332730" lon="-70.694490"><ele>512.026</ele><time>2020-04-01T04:58:43Z</time></trkpt><trkpt lat="-33.332710" lon="-70.694520"><ele>511.908</ele><time>2020-04-01T04:59:03Z</time></trkpt><trkpt lat="-33.332370" lon="-70.694890"><ele>511.682</ele><time>2020-04-01T04:59:23Z</time></trkpt><trkpt lat="-33.331680" lon="-70.695810"><ele>509.136</ele><time>2020-04-01T04:59:43Z</time></trkpt><trkpt lat="-33.330130" lon="-70.697810"><ele>500.469</ele><time>2020-04-01T05:00:03Z</time></trkpt><trkpt lat="-33.330010" lon="-70.697970"><ele>499.414</ele><time>2020-04-01T05:00:23Z</time></trkpt><trkpt lat="-33.329730" lon="-70.698320"><ele>499.487</ele><time>2020-04-01T05:00:43Z</time></trkpt><trkpt lat="-33.329520" lon="-70.698600"><ele>500.349</ele><time>2020-04-01T05:01:03Z</time></trkpt><trkpt lat="-33.329400" lon="-70.698760"><ele>500.598</ele><time>2020-04-01T05:01:23Z</time></trkpt><trkpt lat="-33.328450" lon="-70.700000"><ele>501.425</ele><time>2020-04-01T05:01:43Z</time></trkpt><trkpt lat="-33.328420" lon="-70.700040"><ele>501.437</ele><time>2020-04-01T05:02:03Z</time></trkpt><trkpt lat="-33.328380" lon="-70.700090"><ele>501.249</ele><time>2020-04-01T05:02:23Z</time></trkpt><trkpt lat="-33.328020" lon="-70.700560"><ele>501.613</ele><time>2020-04-01T05:02:43Z</time></trkpt><trkpt lat="-33.327290" lon="-70.701510"><ele>505.708</ele><time>2020-04-01T05:03:03Z</time></trkpt><trkpt lat="-33.327040" lon="-70.701830"><ele>507.557</ele><time>2020-04-01T05:03:23Z</time></trkpt><trkpt lat="-33.326800" lon="-70.702140"><ele>508.221</ele><time>2020-04-01T05:03:43Z</time></trkpt><trkpt lat="-33.326650" lon="-70.702340"><ele>508.654</ele><time>2020-04-01T05:04:03Z</time></trkpt><trkpt lat="-33.326560" lon="-70.702460"><ele>510.019</ele><time>2020-04-01T05:04:23Z</time></trkpt><trkpt lat="-33.326460" lon="-70.702590"><ele>511.382</ele><time>2020-04-01T05:04:43Z</time></trkpt><trkpt lat="-33.325830" lon="-70.703420"><ele>514.014</ele><time>2020-04-01T05:05:03Z</time></trkpt><trkpt lat="-33.325710" lon="-70.703580"><ele>514.243</ele><time>2020-04-01T05:05:23Z</time></trkpt><trkpt lat="-33.325620" lon="-70.703690"><ele>514.360</ele><time>2020-04-01T05:05:43Z</time></trkpt><trkpt lat="-33.325250" lon="-70.704170"><ele>512.798</ele><time>2020-04-01T05:06:03Z</time></trkpt><trkpt lat="-33.325100" lon="-70.704350"><ele>513.015</ele><time>2020-04-01T05:06:23Z</time></trkpt><trkpt lat="-33.325010" lon="-70.704430"><ele>513.426</ele><time>2020-04-01T05:06:43Z</time></trkpt><trkpt lat="-33.324780" lon="-70.704640"><ele>515.508</ele><time>2020-04-01T05:07:03Z</time></trkpt><trkpt lat="-33.324550" lon="-70.704810"><ele>517.593</ele><time>2020-04-01T05:07:23Z</time></trkpt><trkpt lat="-33.324250" lon="-70.705010"><ele>519.637</ele><time>2020-04-01T05:07:43Z</time></trkpt><trkpt lat="-33.324110" lon="-70.705090"><ele>520.590</ele><time>2020-04-01T05:08:03Z</time></trkpt><trkpt lat="-33.323850" lon="-70.705200"><ele>521.045</ele><time>2020-04-01T05:08:23Z</time></trkpt><trkpt lat="-33.323620" lon="-70.705300"><ele>521.138</ele><time>2020-04-01T05:08:43Z</time></trkpt><trkpt lat="-33.322930" lon="-70.705550"><ele>519.220</ele><time>2020-04-01T05:09:03Z</time></trkpt><trkpt lat="-33.321940" lon="-70.705900"><ele>514.439</ele><time>2020-04-01T05:09:23Z</time></trkpt><trkpt lat="-33.321160" lon="-70.706150"><ele>514.316</ele><time>2020-04-01T05:09:43Z</time></trkpt><trkpt lat="-33.321130" lon="-70.706150"><ele>514.417</ele><time>2020-04-01T05:10:03Z</time></trkpt><trkpt lat="-33.320980" lon="-70.706210"><ele>514.487</ele><time>2020-04-01T05:10:23Z</time></trkpt><trkpt lat="-33.320430" lon="-70.706420"><ele>517.615</ele><time>2020-04-01T05:10:43Z</time></trkpt><trkpt lat="-33.319880" lon="-70.706610"><ele>520.008</ele><time>2020-04-01T05:11:03Z</time></trkpt><trkpt lat="-33.319540" lon="-70.706710"><ele>518.635</ele><time>2020-04-01T05:11:23Z</time></trkpt><trkpt lat="-33.319210" lon="-70.706780"><ele>517.869</ele><time>2020-04-01T05:11:43Z</time></trkpt><trkpt lat="-33.318980" lon="-70.706810"><ele>517.852</ele><time>2020-04-01T05:12:03Z</time></trkpt><trkpt lat="-33.318770" lon="-70.706800"><ele>518.217</ele><time>2020-04-01T05:12:23Z</time></trkpt><trkpt lat="-33.318450" lon="-70.706780"><ele>518.790</ele><time>2020-04-01T05:12:43Z</time></trkpt><trkpt lat="-33.318140" lon="-70.706740"><ele>517.662</ele><time>2020-04-01T05:13:03Z</time></trkpt><trkpt lat="-33.317990" lon="-70.706700"><ele>516.561</ele><time>2020-04-01T05:13:23Z</time></trkpt><trkpt lat="-33.317870" lon="-70.706670"><ele>515.748</ele><time>2020-04-01T05:13:43Z</time></trkpt><trkpt lat="-33.317620" lon="-70.706580"><ele>514.656</ele><time>2020-04-01T05:14:03Z</time></trkpt><trkpt lat="-33.317250" lon="-70.706400"><ele>514.659</ele><time>2020-04-01T05:14:23Z</time></trkpt><trkpt lat="-33.317040" lon="-70.706270"><ele>515.414</ele><time>2020-04-01T05:14:43Z</time></trkpt><trkpt lat="-33.316800" lon="-70.706110"><ele>516.308</ele><time>2020-04-01T05:15:03Z</time></trkpt><trkpt lat="-33.316540" lon="-70.705900"><ele>516.919</ele><time>2020-04-01T05:15:23Z</time></trkpt><trkpt lat="-33.316270" lon="-70.705660"><ele>517.013</ele><time>2020-04-01T05:15:43Z</time></trkpt><trkpt lat="-33.316050" lon="-70.705430"><ele>517.316</ele><time>2020-04-01T05:16:03Z</time></trkpt><trkpt lat="-33.315910" lon="-70.705300"><ele>517.461</ele><time>2020-04-01T05:16:23Z</time></trkpt><trkpt lat="-33.315340" lon="-70.704780"><ele>519.014</ele><time>2020-04-01T05:16:43Z</time></trkpt><trkpt lat="-33.315160" lon="-70.704620"><ele>519.446</ele><time>2020-04-01T05:17:03Z</time></trkpt><trkpt lat="-33.314980" lon="-70.704460"><ele>519.435</ele><time>2020-04-01T05:17:23Z</time></trkpt><trkpt lat="-33.314600" lon="-70.704130"><ele>519.292</ele><time>2020-04-01T05:17:43Z</time></trkpt><trkpt lat="-33.314540" lon="-70.704090"><ele>519.352</ele><time>2020-04-01T05:18:03Z</time></trkpt><trkpt lat="-33.314260" lon="-70.703890"><ele>519.353</ele><time>2020-04-01T05:18:23Z</time></trkpt><trkpt lat="-33.313740" lon="-70.703610"><ele>517.908</ele><time>2020-04-01T05:18:43Z</time></trkpt><trkpt lat="-33.313380" lon="-70.703490"><ele>515.908</ele><time>2020-04-01T05:19:03Z</time></trkpt><trkpt lat="-33.313160" lon="-70.703440"><ele>515.479</ele><time>2020-04-01T05:19:23Z</time></trkpt><trkpt lat="-33.313030" lon="-70.703410"><ele>515.253</ele><time>2020-04-01T05:19:43Z</time></trkpt><trkpt lat="-33.312790" lon="-70.703380"><ele>514.646</ele><time>2020-04-01T05:20:03Z</time></trkpt><trkpt lat="-33.312670" lon="-70.703360"><ele>514.421</ele><time>2020-04-01T05:20:23Z</time></trkpt><trkpt lat="-33.312590" lon="-70.703350"><ele>514.214</ele><time>2020-04-01T05:20:43Z</time></trkpt><trkpt lat="-33.312410" lon="-70.703290"><ele>514.266</ele><time>2020-04-01T05:21:03Z</time></trkpt><trkpt lat="-33.312400" lon="-70.703290"><ele>514.235</ele><time>2020-04-01T05:21:23Z</time></trkpt><trkpt lat="-33.312180" lon="-70.703180"><ele>514.422</ele><time>2020-04-01T05:21:43Z</time></trkpt><trkpt lat="-33.311990" lon="-70.703070"><ele>514.522</ele><time>2020-04-01T05:22:03Z</time></trkpt><trkpt lat="-33.311800" lon="-70.702940"><ele>514.562</ele><time>2020-04-01T05:22:23Z</time></trkpt><trkpt lat="-33.311550" lon="-70.702760"><ele>514.208</ele><time>2020-04-01T05:22:43Z</time></trkpt><trkpt lat="-33.311260" lon="-70.702560"><ele>513.408</ele><time>2020-04-01T05:23:03Z</time></trkpt><trkpt lat="-33.311120" lon="-70.702460"><ele>513.066</ele><time>2020-04-01T05:23:23Z</time></trkpt><trkpt lat="-33.310570" lon="-70.702130"><ele>512.990</ele><time>2020-04-01T05:23:43Z</time></trkpt><trkpt lat="-33.310140" lon="-70.701880"><ele>513.993</ele><time>2020-04-01T05:24:03Z</time></trkpt><trkpt lat="-33.309750" lon="-70.701640"><ele>513.998</ele><time>2020-04-01T05:24:23Z</time></trkpt><trkpt lat="-33.308910" lon="-70.701120"><ele>512.991</ele><time>2020-04-01T05:24:43Z</time></trkpt><trkpt lat="-33.308490" lon="-70.700840"><ele>514.033</ele><time>2020-04-01T05:25:03Z</time></trkpt><trkpt lat="-33.308150" lon="-70.700610"><ele>517.492</ele><time>2020-04-01T05:25:23Z</time></trkpt><trkpt lat="-33.307640" lon="-70.700280"><ele>517.189</ele><time>2020-04-01T05:25:43Z</time></trkpt><trkpt lat="-33.307360" lon="-70.700100"><ele>516.699</ele><time>2020-04-01T05:26:03Z</time></trkpt><trkpt lat="-33.306950" lon="-70.699820"><ele>516.307</ele><time>2020-04-01T05:26:23Z</time></trkpt><trkpt lat="-33.306870" lon="-70.699780"><ele>516.027</ele><time>2020-04-01T05:26:43Z</time></trkpt><trkpt lat="-33.306810" lon="-70.699730"><ele>515.708</ele><time>2020-04-01T05:27:03Z</time></trkpt><trkpt lat="-33.306730" lon="-70.699690"><ele>515.383</ele><time>2020-04-01T05:27:23Z</time></trkpt><trkpt lat="-33.306690" lon="-70.699670"><ele>515.167</ele><time>2020-04-01T05:27:43Z</time></trkpt><trkpt lat="-33.306570" lon="-70.699610"><ele>514.820</ele><time>2020-04-01T05:28:03Z</time></trkpt><trkpt lat="-33.306430" lon="-70.699540"><ele>514.675</ele><time>2020-04-01T05:28:23Z</time></trkpt><trkpt lat="-33.305810" lon="-70.699350"><ele>513.748</ele><time>2020-04-01T05:28:43Z</time></trkpt><trkpt lat="-33.305480" lon="-70.699320"><ele>513.350</ele><time>2020-04-01T05:29:03Z</time></trkpt><trkpt lat="-33.305170" lon="-70.699300"><ele>512.949</ele><time>2020-04-01T05:29:23Z</time></trkpt><trkpt lat="-33.305070" lon="-70.699300"><ele>512.836</ele><time>2020-04-01T05:29:43Z</time></trkpt><trkpt lat="-33.304960" lon="-70.699300"><ele>512.674</ele><time>2020-04-01T05:30:03Z</time></trkpt><trkpt lat="-33.304690" lon="-70.699340"><ele>512.356</ele><time>2020-04-01T05:30:23Z</time></trkpt><trkpt lat="-33.304540" lon="-70.699360"><ele>512.121</ele><time>2020-04-01T05:30:43Z</time></trkpt><trkpt lat="-33.303620" lon="-70.699520"><ele>511.308</ele><time>2020-04-01T05:31:03Z</time></trkpt><trkpt lat="-33.303390" lon="-70.699560"><ele>511.151</ele><time>2020-04-01T05:31:23Z</time></trkpt><trkpt lat="-33.302950" lon="-70.699640"><ele>511.675</ele><time>2020-04-01T05:31:43Z</time></trkpt><trkpt lat="-33.302760" lon="-70.699670"><ele>511.928</ele><time>2020-04-01T05:32:03Z</time></trkpt><trkpt lat="-33.302640" lon="-70.699690"><ele>512.113</ele><time>2020-04-01T05:32:23Z</time></trkpt><trkpt lat="-33.301700" lon="-70.699880"><ele>511.516</ele><time>2020-04-01T05:32:43Z</time></trkpt><trkpt lat="-33.301580" lon="-70.699910"><ele>511.698</ele><time>2020-04-01T05:33:03Z</time></trkpt><trkpt lat="-33.300870" lon="-70.700050"><ele>513.877</ele><time>2020-04-01T05:33:23Z</time></trkpt><trkpt lat="-33.300690" lon="-70.700080"><ele>513.814</ele><time>2020-04-01T05:33:43Z</time></trkpt><trkpt lat="-33.300290" lon="-70.700160"><ele>513.741</ele><time>2020-04-01T05:34:03Z</time></trkpt><trkpt lat="-33.298980" lon="-70.700420"><ele>513.881</ele><time>2020-04-01T05:34:23Z</time></trkpt><trkpt lat="-33.298210" lon="-70.700590"><ele>512.609</ele><time>2020-04-01T05:34:43Z</time></trkpt><trkpt lat="-33.297820" lon="-70.700680"><ele>512.508</ele><time>2020-04-01T05:35:03Z</time></trkpt><trkpt lat="-33.296860" lon="-70.700910"><ele>511.998</ele><time>2020-04-01T05:35:23Z</time></trkpt><trkpt lat="-33.295860" lon="-70.701150"><ele>512.612</ele><time>2020-04-01T05:35:43Z</time></trkpt><trkpt lat="-33.294910" lon="-70.701380"><ele>513.375</ele><time>2020-04-01T05:36:03Z</time></trkpt><trkpt lat="-33.294100" lon="-70.701570"><ele>513.180</ele><time>2020-04-01T05:36:23Z</time></trkpt><trkpt lat="-33.294040" lon="-70.701590"><ele>513.143</ele><time>2020-04-01T05:36:43Z</time></trkpt><trkpt lat="-33.293730" lon="-70.701670"><ele>513.065</ele><time>2020-04-01T05:37:03Z</time></trkpt><trkpt lat="-33.293310" lon="-70.701750"><ele>513.084</ele><time>2020-04-01T05:37:23Z</time></trkpt><trkpt lat="-33.293150" lon="-70.701770"><ele>513.221</ele><time>2020-04-01T05:37:43Z</time></trkpt><trkpt lat="-33.293090" lon="-70.701780"><ele>513.355</ele><time>2020-04-01T05:38:03Z</time></trkpt><trkpt lat="-33.292970" lon="-70.701790"><ele>513.407</ele><time>2020-04-01T05:38:23Z</time></trkpt><trkpt lat="-33.292810" lon="-70.701800"><ele>513.517</ele><time>2020-04-01T05:38:43Z</time></trkpt><trkpt lat="-33.292540" lon="-70.701810"><ele>513.808</ele><time>2020-04-01T05:39:03Z</time></trkpt><trkpt lat="-33.291920" lon="-70.701800"><ele>514.429</ele><time>2020-04-01T05:39:23Z</time></trkpt><trkpt lat="-33.291280" lon="-70.701770"><ele>513.853</ele><time>2020-04-01T05:39:43Z</time></trkpt><trkpt lat="-33.290620" lon="-70.701740"><ele>512.996</ele><time>2020-04-01T05:40:03Z</time></trkpt><trkpt lat="-33.290340" lon="-70.701730"><ele>512.921</ele><time>2020-04-01T05:40:23Z</time></trkpt><trkpt lat="-33.289430" lon="-70.701720"><ele>513.034</ele><time>2020-04-01T05:40:43Z</time></trkpt><trkpt lat="-33.289270" lon="-70.701710"><ele>513.076</ele><time>2020-04-01T05:41:03Z</time></trkpt><trkpt lat="-33.288180" lon="-70.701670"><ele>514.485</ele><time>2020-04-01T05:41:23Z</time></trkpt><trkpt lat="-33.288010" lon="-70.701660"><ele>514.842</ele><time>2020-04-01T05:41:43Z</time></trkpt><trkpt lat="-33.287210" lon="-70.701630"><ele>516.072</ele><time>2020-04-01T05:42:03Z</time></trkpt><trkpt lat="-33.286120" lon="-70.701570"><ele>516.713</ele><time>2020-04-01T05:42:23Z</time></trkpt><trkpt lat="-33.285830" lon="-70.701550"><ele>517.014</ele><time>2020-04-01T05:42:43Z</time></trkpt><trkpt lat="-33.285590" lon="-70.701550"><ele>517.008</ele><time>2020-04-01T05:43:03Z</time></trkpt><trkpt lat="-33.285470" lon="-70.701550"><ele>516.961</ele><time>2020-04-01T05:43:23Z</time></trkpt><trkpt lat="-33.285250" lon="-70.701550"><ele>516.995</ele><time>2020-04-01T05:43:43Z</time></trkpt><trkpt lat="-33.285130" lon="-70.701560"><ele>516.938</ele><time>2020-04-01T05:44:03Z</time></trkpt><trkpt lat="-33.284720" lon="-70.701600"><ele>517.013</ele><time>2020-04-01T05:44:23Z</time></trkpt><trkpt lat="-33.284430" lon="-70.701650"><ele>517.086</ele><time>2020-04-01T05:44:43Z</time></trkpt><trkpt lat="-33.284270" lon="-70.701680"><ele>517.088</ele><time>2020-04-01T05:45:03Z</time></trkpt><trkpt lat="-33.284010" lon="-70.701760"><ele>517.177</ele><time>2020-04-01T05:45:23Z</time></trkpt><trkpt lat="-33.283780" lon="-70.701830"><ele>517.274</ele><time>2020-04-01T05:45:43Z</time></trkpt><trkpt lat="-33.283360" lon="-70.702000"><ele>517.461</ele><time>2020-04-01T05:46:03Z</time></trkpt><trkpt lat="-33.282740" lon="-70.702250"><ele>517.221</ele><time>2020-04-01T05:46:23Z</time></trkpt><trkpt lat="-33.282640" lon="-70.702290"><ele>517.113</ele><time>2020-04-01T05:46:43Z</time></trkpt><trkpt lat="-33.282210" lon="-70.702470"><ele>516.708</ele><time>2020-04-01T05:47:03Z</time></trkpt><trkpt lat="-33.282030" lon="-70.702540"><ele>516.490</ele><time>2020-04-01T05:47:23Z</time></trkpt><trkpt lat="-33.281860" lon="-70.702600"><ele>516.294</ele><time>2020-04-01T05:47:43Z</time></trkpt><trkpt lat="-33.281640" lon="-70.702660"><ele>516.057</ele><time>2020-04-01T05:48:03Z</time></trkpt><trkpt lat="-33.281530" lon="-70.702680"><ele>516.182</ele><time>2020-04-01T05:48:23Z</time></trkpt><trkpt lat="-33.281490" lon="-70.702700"><ele>516.235</ele><time>2020-04-01T05:48:43Z</time></trkpt><trkpt lat="-33.281240" lon="-70.702750"><ele>516.467</ele><time>2020-04-01T05:49:03Z</time></trkpt><trkpt lat="-33.280760" lon="-70.702800"><ele>516.896</ele><time>2020-04-01T05:49:23Z</time></trkpt><trkpt lat="-33.280520" lon="-70.702810"><ele>517.123</ele><time>2020-04-01T05:49:43Z</time></trkpt><trkpt lat="-33.280270" lon="-70.702810"><ele>517.636</ele><time>2020-04-01T05:50:03Z</time></trkpt><trkpt lat="-33.279530" lon="-70.702770"><ele>518.617</ele><time>2020-04-01T05:50:23Z</time></trkpt><trkpt lat="-33.278880" lon="-70.702700"><ele>519.018</ele><time>2020-04-01T05:50:43Z</time></trkpt><trkpt lat="-33.278790" lon="-70.702690"><ele>519.008</ele><time>2020-04-01T05:51:03Z</time></trkpt><trkpt lat="-33.278540" lon="-70.702660"><ele>519.037</ele><time>2020-04-01T05:51:23Z</time></trkpt><trkpt lat="-33.278290" lon="-70.702620"><ele>519.011</ele><time>2020-04-01T05:51:43Z</time></trkpt><trkpt lat="-33.278040" lon="-70.702580"><ele>519.084</ele><time>2020-04-01T05:52:03Z</time></trkpt><trkpt lat="-33.277800" lon="-70.702540"><ele>519.069</ele><time>2020-04-01T05:52:23Z</time></trkpt><trkpt lat="-33.277550" lon="-70.702490"><ele>519.022</ele><time>2020-04-01T05:52:43Z</time></trkpt><trkpt lat="-33.277050" lon="-70.702380"><ele>519.324</ele><time>2020-04-01T05:53:03Z</time></trkpt><trkpt lat="-33.276340" lon="-70.702190"><ele>520.473</ele><time>2020-04-01T05:53:23Z</time></trkpt><trkpt lat="-33.276310" lon="-70.702170"><ele>520.550</ele><time>2020-04-01T05:53:43Z</time></trkpt><trkpt lat="-33.276160" lon="-70.702130"><ele>520.892</ele><time>2020-04-01T05:54:03Z</time></trkpt><trkpt lat="-33.274590" lon="-70.701680"><ele>523.073</ele><time>2020-04-01T05:54:23Z</time></trkpt><trkpt lat="-33.272720" lon="-70.701130"><ele>522.620</ele><time>2020-04-01T05:54:43Z</time></trkpt><trkpt lat="-33.272450" lon="-70.701050"><ele>522.408</ele><time>2020-04-01T05:55:03Z</time></trkpt><trkpt lat="-33.272150" lon="-70.700950"><ele>522.993</ele><time>2020-04-01T05:55:23Z</time></trkpt><trkpt lat="-33.271970" lon="-70.700890"><ele>523.367</ele><time>2020-04-01T05:55:43Z</time></trkpt><trkpt lat="-33.271280" lon="-70.700650"><ele>524.630</ele><time>2020-04-01T05:56:03Z</time></trkpt><trkpt lat="-33.269750" lon="-70.700110"><ele>525.485</ele><time>2020-04-01T05:56:23Z</time></trkpt><trkpt lat="-33.269480" lon="-70.700020"><ele>525.678</ele><time>2020-04-01T05:56:43Z</time></trkpt><trkpt lat="-33.269380" lon="-70.700000"><ele>525.720</ele><time>2020-04-01T05:57:03Z</time></trkpt><trkpt lat="-33.269210" lon="-70.699950"><ele>526.189</ele><time>2020-04-01T05:57:23Z</time></trkpt><trkpt lat="-33.268920" lon="-70.699880"><ele>526.666</ele><time>2020-04-01T05:57:43Z</time></trkpt><trkpt lat="-33.268640" lon="-70.699830"><ele>526.927</ele><time>2020-04-01T05:58:03Z</time></trkpt><trkpt lat="-33.267600" lon="-70.699670"><ele>527.968</ele><time>2020-04-01T05:58:23Z</time></trkpt><trkpt lat="-33.265100" lon="-70.699310"><ele>528.814</ele><time>2020-04-01T05:58:43Z</time></trkpt><trkpt lat="-33.264330" lon="-70.699190"><ele>529.808</ele><time>2020-04-01T05:59:03Z</time></trkpt><trkpt lat="-33.263500" lon="-70.699100"><ele>530.296</ele><time>2020-04-01T05:59:23Z</time></trkpt><trkpt lat="-33.263140" lon="-70.699060"><ele>530.810</ele><time>2020-04-01T05:59:43Z</time></trkpt><trkpt lat="-33.262420" lon="-70.698990"><ele>532.213</ele><time>2020-04-01T06:00:03Z</time></trkpt><trkpt lat="-33.261160" lon="-70.698890"><ele>531.958</ele><time>2020-04-01T06:00:23Z</time></trkpt><trkpt lat="-33.260270" lon="-70.698810"><ele>532.591</ele><time>2020-04-01T06:00:43Z</time></trkpt><trkpt lat="-33.259990" lon="-70.698780"><ele>532.973</ele><time>2020-04-01T06:01:03Z</time></trkpt><trkpt lat="-33.259730" lon="-70.698750"><ele>533.032</ele><time>2020-04-01T06:01:23Z</time></trkpt><trkpt lat="-33.259440" lon="-70.698700"><ele>533.099</ele><time>2020-04-01T06:01:43Z</time></trkpt><trkpt lat="-33.259160" lon="-70.698650"><ele>533.027</ele><time>2020-04-01T06:02:03Z</time></trkpt><trkpt lat="-33.258890" lon="-70.698590"><ele>533.768</ele><time>2020-04-01T06:02:23Z</time></trkpt><trkpt lat="-33.258670" lon="-70.698530"><ele>534.214</ele><time>2020-04-01T06:02:43Z</time></trkpt><trkpt lat="-33.258490" lon="-70.698480"><ele>534.608</ele><time>2020-04-01T06:03:03Z</time></trkpt><trkpt lat="-33.258180" lon="-70.698400"><ele>535.046</ele><time>2020-04-01T06:03:23Z</time></trkpt><trkpt lat="-33.258070" lon="-70.698360"><ele>535.030</ele><time>2020-04-01T06:03:43Z</time></trkpt><trkpt lat="-33.257800" lon="-70.698280"><ele>535.023</ele><time>2020-04-01T06:04:03Z</time></trkpt><trkpt lat="-33.257540" lon="-70.698200"><ele>534.838</ele><time>2020-04-01T06:04:23Z</time></trkpt><trkpt lat="-33.257270" lon="-70.698120"><ele>534.811</ele><time>2020-04-01T06:04:43Z</time></trkpt><trkpt lat="-33.257000" lon="-70.698050"><ele>534.953</ele><time>2020-04-01T06:05:03Z</time></trkpt><trkpt lat="-33.256740" lon="-70.697980"><ele>535.022</ele><time>2020-04-01T06:05:23Z</time></trkpt><trkpt lat="-33.256470" lon="-70.697930"><ele>535.429</ele><time>2020-04-01T06:05:43Z</time></trkpt><trkpt lat="-33.256190" lon="-70.697890"><ele>535.832</ele><time>2020-04-01T06:06:03Z</time></trkpt><trkpt lat="-33.255920" lon="-70.697850"><ele>536.392</ele><time>2020-04-01T06:06:23Z</time></trkpt><trkpt lat="-33.255590" lon="-70.697830"><ele>537.211</ele><time>2020-04-01T06:06:43Z</time></trkpt><trkpt lat="-33.255530" lon="-70.697830"><ele>537.308</ele><time>2020-04-01T06:07:03Z</time></trkpt><trkpt lat="-33.255050" lon="-70.697830"><ele>538.897</ele><time>2020-04-01T06:07:23Z</time></trkpt><trkpt lat="-33.253840" lon="-70.697830"><ele>539.271</ele><time>2020-04-01T06:07:43Z</time></trkpt><trkpt lat="-33.253320" lon="-70.697830"><ele>538.684</ele><time>2020-04-01T06:08:03Z</time></trkpt><trkpt lat="-33.250650" lon="-70.697840"><ele>538.239</ele><time>2020-04-01T06:08:23Z</time></trkpt><trkpt lat="-33.249790" lon="-70.697830"><ele>540.032</ele><time>2020-04-01T06:08:43Z</time></trkpt><trkpt lat="-33.249050" lon="-70.697830"><ele>540.494</ele><time>2020-04-01T06:09:03Z</time></trkpt><trkpt lat="-33.248280" lon="-70.697820"><ele>540.323</ele><time>2020-04-01T06:09:23Z</time></trkpt><trkpt lat="-33.247520" lon="-70.697780"><ele>541.610</ele><time>2020-04-01T06:09:43Z</time></trkpt><trkpt lat="-33.246640" lon="-70.697720"><ele>541.397</ele><time>2020-04-01T06:10:03Z</time></trkpt><trkpt lat="-33.245410" lon="-70.697630"><ele>543.123</ele><time>2020-04-01T06:10:23Z</time></trkpt><trkpt lat="-33.244680" lon="-70.697570"><ele>544.625</ele><time>2020-04-01T06:10:43Z</time></trkpt><trkpt lat="-33.243900" lon="-70.697520"><ele>547.008</ele><time>2020-04-01T06:11:03Z</time></trkpt><trkpt lat="-33.243530" lon="-70.697510"><ele>547.083</ele><time>2020-04-01T06:11:23Z</time></trkpt><trkpt lat="-33.243220" lon="-70.697500"><ele>547.147</ele><time>2020-04-01T06:11:43Z</time></trkpt><trkpt lat="-33.242750" lon="-70.697480"><ele>547.790</ele><time>2020-04-01T06:12:03Z</time></trkpt><trkpt lat="-33.242210" lon="-70.697470"><ele>548.025</ele><time>2020-04-01T06:12:23Z</time></trkpt><trkpt lat="-33.241660" lon="-70.697450"><ele>547.928</ele><time>2020-04-01T06:12:43Z</time></trkpt><trkpt lat="-33.241540" lon="-70.697440"><ele>548.050</ele><time>2020-04-01T06:13:03Z</time></trkpt><trkpt lat="-33.241430" lon="-70.697440"><ele>548.159</ele><time>2020-04-01T06:13:23Z</time></trkpt><trkpt lat="-33.241300" lon="-70.697430"><ele>548.346</ele><time>2020-04-01T06:13:43Z</time></trkpt><trkpt lat="-33.241040" lon="-70.697420"><ele>548.649</ele><time>2020-04-01T06:14:03Z</time></trkpt><trkpt lat="-33.240810" lon="-70.697410"><ele>548.802</ele><time>2020-04-01T06:14:23Z</time></trkpt><trkpt lat="-33.240510" lon="-70.697380"><ele>548.822</ele><time>2020-04-01T06:14:43Z</time></trkpt><trkpt lat="-33.240240" lon="-70.697340"><ele>548.808</ele><time>2020-04-01T06:15:03Z</time></trkpt><trkpt lat="-33.239980" lon="-70.697300"><ele>548.778</ele><time>2020-04-01T06:15:23Z</time></trkpt><trkpt lat="-33.239710" lon="-70.697240"><ele>548.222</ele><time>2020-04-01T06:15:43Z</time></trkpt><trkpt lat="-33.239520" lon="-70.697190"><ele>547.955</ele><time>2020-04-01T06:16:03Z</time></trkpt><trkpt lat="-33.239450" lon="-70.697180"><ele>547.840</ele><time>2020-04-01T06:16:23Z</time></trkpt><trkpt lat="-33.239190" lon="-70.697100"><ele>547.513</ele><time>2020-04-01T06:16:43Z</time></trkpt><trkpt lat="-33.239120" lon="-70.697080"><ele>547.685</ele><time>2020-04-01T06:17:03Z</time></trkpt><trkpt lat="-33.238930" lon="-70.697010"><ele>548.034</ele><time>2020-04-01T06:17:23Z</time></trkpt><trkpt lat="-33.238720" lon="-70.696930"><ele>548.481</ele><time>2020-04-01T06:17:43Z</time></trkpt><trkpt lat="-33.238470" lon="-70.696830"><ele>548.898</ele><time>2020-04-01T06:18:03Z</time></trkpt><trkpt lat="-33.238310" lon="-70.696760"><ele>549.015</ele><time>2020-04-01T06:18:23Z</time></trkpt><trkpt lat="-33.238020" lon="-70.696630"><ele>549.426</ele><time>2020-04-01T06:18:43Z</time></trkpt><trkpt lat="-33.237920" lon="-70.696570"><ele>549.508</ele><time>2020-04-01T06:19:03Z</time></trkpt><trkpt lat="-33.237380" lon="-70.696270"><ele>550.183</ele><time>2020-04-01T06:19:23Z</time></trkpt><trkpt lat="-33.237120" lon="-70.696100"><ele>550.177</ele><time>2020-04-01T06:19:43Z</time></trkpt><trkpt lat="-33.236870" lon="-70.695910"><ele>550.110</ele><time>2020-04-01T06:20:03Z</time></trkpt><trkpt lat="-33.236580" lon="-70.695690"><ele>550.875</ele><time>2020-04-01T06:20:23Z</time></trkpt><trkpt lat="-33.236250" lon="-70.695400"><ele>551.818</ele><time>2020-04-01T06:20:43Z</time></trkpt><trkpt lat="-33.236030" lon="-70.695200"><ele>552.160</ele><time>2020-04-01T06:21:03Z</time></trkpt><trkpt lat="-33.235370" lon="-70.694620"><ele>552.399</ele><time>2020-04-01T06:21:23Z</time></trkpt><trkpt lat="-33.234610" lon="-70.693960"><ele>552.126</ele><time>2020-04-01T06:21:43Z</time></trkpt><trkpt lat="-33.234370" lon="-70.693760"><ele>552.427</ele><time>2020-04-01T06:22:03Z</time></trkpt><trkpt lat="-33.233980" lon="-70.693390"><ele>553.668</ele><time>2020-04-01T06:22:23Z</time></trkpt><trkpt lat="-33.233840" lon="-70.693240"><ele>554.214</ele><time>2020-04-01T06:22:43Z</time></trkpt><trkpt lat="-33.233720" lon="-70.693110"><ele>554.408</ele><time>2020-04-01T06:23:03Z</time></trkpt><trkpt lat="-33.233640" lon="-70.693010"><ele>554.556</ele><time>2020-04-01T06:23:23Z</time></trkpt><trkpt lat="-33.233410" lon="-70.692770"><ele>554.620</ele><time>2020-04-01T06:23:43Z</time></trkpt><trkpt lat="-33.233010" lon="-70.692330"><ele>555.053</ele><time>2020-04-01T06:24:03Z</time></trkpt><trkpt lat="-33.232580" lon="-70.691840"><ele>556.618</ele><time>2020-04-01T06:24:23Z</time></trkpt><trkpt lat="-33.232110" lon="-70.691290"><ele>557.121</ele><time>2020-04-01T06:24:43Z</time></trkpt><trkpt lat="-33.231730" lon="-70.690840"><ele>559.753</ele><time>2020-04-01T06:25:03Z</time></trkpt><trkpt lat="-33.231150" lon="-70.690140"><ele>560.032</ele><time>2020-04-01T06:25:23Z</time></trkpt><trkpt lat="-33.230980" lon="-70.689930"><ele>560.219</ele><time>2020-04-01T06:25:43Z</time></trkpt><trkpt lat="-33.230730" lon="-70.689600"><ele>559.147</ele><time>2020-04-01T06:26:03Z</time></trkpt><trkpt lat="-33.230580" lon="-70.689380"><ele>558.329</ele><time>2020-04-01T06:26:23Z</time></trkpt><trkpt lat="-33.230420" lon="-70.689140"><ele>558.121</ele><time>2020-04-01T06:26:43Z</time></trkpt><trkpt lat="-33.230060" lon="-70.688540"><ele>561.008</ele><time>2020-04-01T06:27:03Z</time></trkpt><trkpt lat="-33.229670" lon="-70.687800"><ele>562.268</ele><time>2020-04-01T06:27:23Z</time></trkpt><trkpt lat="-33.229310" lon="-70.687130"><ele>563.542</ele><time>2020-04-01T06:27:43Z</time></trkpt><trkpt lat="-33.228990" lon="-70.686550"><ele>563.365</ele><time>2020-04-01T06:28:03Z</time></trkpt><trkpt lat="-33.228750" lon="-70.686180"><ele>563.440</ele><time>2020-04-01T06:28:23Z</time></trkpt><trkpt lat="-33.228660" lon="-70.686050"><ele>563.563</ele><time>2020-04-01T06:28:43Z</time></trkpt><trkpt lat="-33.228460" lon="-70.685770"><ele>563.675</ele><time>2020-04-01T06:29:03Z</time></trkpt><trkpt lat="-33.228310" lon="-70.685570"><ele>563.494</ele><time>2020-04-01T06:29:23Z</time></trkpt><trkpt lat="-33.227510" lon="-70.684750"><ele>564.761</ele><time>2020-04-01T06:29:43Z</time></trkpt><trkpt lat="-33.224160" lon="-70.681470"><ele>568.076</ele><time>2020-04-01T06:30:03Z</time></trkpt><trkpt lat="-33.223500" lon="-70.680840"><ele>569.690</ele><time>2020-04-01T06:30:23Z</time></trkpt><trkpt lat="-33.222060" lon="-70.679450"><ele>571.819</ele><time>2020-04-01T06:30:43Z</time></trkpt><trkpt lat="-33.221880" lon="-70.679280"><ele>572.408</ele><time>2020-04-01T06:31:03Z</time></trkpt><trkpt lat="-33.221440" lon="-70.678860"><ele>572.741</ele><time>2020-04-01T06:31:23Z</time></trkpt><trkpt lat="-33.220680" lon="-70.678130"><ele>573.725</ele><time>2020-04-01T06:31:43Z</time></trkpt><trkpt lat="-33.220090" lon="-70.677620"><ele>573.758</ele><time>2020-04-01T06:32:03Z</time></trkpt><trkpt lat="-33.219950" lon="-70.677510"><ele>574.223</ele><time>2020-04-01T06:32:23Z</time></trkpt><trkpt lat="-33.219500" lon="-70.677160"><ele>576.096</ele><time>2020-04-01T06:32:43Z</time></trkpt><trkpt lat="-33.218910" lon="-70.676700"><ele>577.398</ele><time>2020-04-01T06:33:03Z</time></trkpt><trkpt lat="-33.218310" lon="-70.676260"><ele>579.087</ele><time>2020-04-01T06:33:23Z</time></trkpt><trkpt lat="-33.218190" lon="-70.676160"><ele>579.474</ele><time>2020-04-01T06:33:43Z</time></trkpt><trkpt lat="-33.217530" lon="-70.675660"><ele>580.226</ele><time>2020-04-01T06:34:03Z</time></trkpt><trkpt lat="-33.216580" lon="-70.674940"><ele>581.247</ele><time>2020-04-01T06:34:23Z</time></trkpt><trkpt lat="-33.216010" lon="-70.674520"><ele>582.611</ele><time>2020-04-01T06:34:43Z</time></trkpt><trkpt lat="-33.215940" lon="-70.674470"><ele>582.708</ele><time>2020-04-01T06:35:03Z</time></trkpt><trkpt lat="-33.214310" lon="-70.673230"><ele>586.896</ele><time>2020-04-01T06:35:23Z</time></trkpt><trkpt lat="-33.213620" lon="-70.672680"><ele>588.080</ele><time>2020-04-01T06:35:43Z</time></trkpt><trkpt lat="-33.211900" lon="-70.671240"><ele>590.313</ele><time>2020-04-01T06:36:03Z</time></trkpt><trkpt lat="-33.210930" lon="-70.670430"><ele>592.798</ele><time>2020-04-01T06:36:23Z</time></trkpt><trkpt lat="-33.210730" lon="-70.670270"><ele>593.711</ele><time>2020-04-01T06:36:43Z</time></trkpt><trkpt lat="-33.210460" lon="-70.670090"><ele>594.563</ele><time>2020-04-01T06:37:03Z</time></trkpt><trkpt lat="-33.209340" lon="-70.669120"><ele>598.572</ele><time>2020-04-01T06:37:23Z</time></trkpt><trkpt lat="-33.207620" lon="-70.667640"><ele>604.449</ele><time>2020-04-01T06:37:43Z</time></trkpt><trkpt lat="-33.207500" lon="-70.667560"><ele>604.987</ele><time>2020-04-01T06:38:03Z</time></trkpt><trkpt lat="-33.207390" lon="-70.667480"><ele>605.142</ele><time>2020-04-01T06:38:23Z</time></trkpt><trkpt lat="-33.204020" lon="-70.664640"><ele>612.726</ele><time>2020-04-01T06:38:43Z</time></trkpt><trkpt lat="-33.203870" lon="-70.664510"><ele>612.908</ele><time>2020-04-01T06:39:03Z</time></trkpt><trkpt lat="-33.200950" lon="-70.662050"><ele>619.282</ele><time>2020-04-01T06:39:23Z</time></trkpt><trkpt lat="-33.200640" lon="-70.661790"><ele>620.086</ele><time>2020-04-01T06:39:43Z</time></trkpt><trkpt lat="-33.199040" lon="-70.660420"><ele>625.229</ele><time>2020-04-01T06:40:03Z</time></trkpt><trkpt lat="-33.198890" lon="-70.660300"><ele>625.374</ele><time>2020-04-01T06:40:23Z</time></trkpt><trkpt lat="-33.197240" lon="-70.658890"><ele>628.027</ele><time>2020-04-01T06:40:43Z</time></trkpt><trkpt lat="-33.195450" lon="-70.657390"><ele>636.469</ele><time>2020-04-01T06:41:03Z</time></trkpt><trkpt lat="-33.194220" lon="-70.656330"><ele>641.718</ele><time>2020-04-01T06:41:23Z</time></trkpt><trkpt lat="-33.193180" lon="-70.655450"><ele>645.375</ele><time>2020-04-01T06:41:43Z</time></trkpt><trkpt lat="-33.193150" lon="-70.655420"><ele>645.464</ele><time>2020-04-01T06:42:03Z</time></trkpt><trkpt lat="-33.192000" lon="-70.654450"><ele>649.906</ele><time>2020-04-01T06:42:23Z</time></trkpt><trkpt lat="-33.191310" lon="-70.653800"><ele>652.616</ele><time>2020-04-01T06:42:43Z</time></trkpt><trkpt lat="-33.191140" lon="-70.653620"><ele>653.208</ele><time>2020-04-01T06:43:03Z</time></trkpt><trkpt lat="-33.190990" lon="-70.653450"><ele>653.770</ele><time>2020-04-01T06:43:23Z</time></trkpt><trkpt lat="-33.190810" lon="-70.653250"><ele>654.014</ele><time>2020-04-01T06:43:43Z</time></trkpt><trkpt lat="-33.190520" lon="-70.652890"><ele>654.627</ele><time>2020-04-01T06:44:03Z</time></trkpt><trkpt lat="-33.190510" lon="-70.652880"><ele>654.752</ele><time>2020-04-01T06:44:23Z</time></trkpt><trkpt lat="-33.190290" lon="-70.652560"><ele>655.685</ele><time>2020-04-01T06:44:43Z</time></trkpt><trkpt lat="-33.190120" lon="-70.652330"><ele>656.467</ele><time>2020-04-01T06:45:03Z</time></trkpt><trkpt lat="-33.189910" lon="-70.652000"><ele>657.286</ele><time>2020-04-01T06:45:23Z</time></trkpt><trkpt lat="-33.189730" lon="-70.651700"><ele>657.693</ele><time>2020-04-01T06:45:43Z</time></trkpt><trkpt lat="-33.189590" lon="-70.651450"><ele>658.663</ele><time>2020-04-01T06:46:03Z</time></trkpt><trkpt lat="-33.189440" lon="-70.651130"><ele>660.144</ele><time>2020-04-01T06:46:23Z</time></trkpt><trkpt lat="-33.189200" lon="-70.650580"><ele>662.218</ele><time>2020-04-01T06:46:43Z</time></trkpt><trkpt lat="-33.189070" lon="-70.650250"><ele>663.108</ele><time>2020-04-01T06:47:03Z</time></trkpt><trkpt lat="-33.188970" lon="-70.649910"><ele>663.720</ele><time>2020-04-01T06:47:23Z</time></trkpt><trkpt lat="-33.188750" lon="-70.649260"><ele>664.944</ele><time>2020-04-01T06:47:43Z</time></trkpt><trkpt lat="-33.188580" lon="-70.648760"><ele>668.117</ele><time>2020-04-01T06:48:03Z</time></trkpt><trkpt lat="-33.188390" lon="-70.648310"><ele>671.882</ele><time>2020-04-01T06:48:23Z</time></trkpt><trkpt lat="-33.188180" lon="-70.647920"><ele>675.295</ele><time>2020-04-01T06:48:43Z</time></trkpt><trkpt lat="-33.188100" lon="-70.647800"><ele>676.657</ele><time>2020-04-01T06:49:03Z</time></trkpt><trkpt lat="-33.187990" lon="-70.647640"><ele>678.656</ele><time>2020-04-01T06:49:23Z</time></trkpt><trkpt lat="-33.187980" lon="-70.647640"><ele>678.783</ele><time>2020-04-01T06:49:43Z</time></trkpt><trkpt lat="-33.187790" lon="-70.647390"><ele>682.528</ele><time>2020-04-01T06:50:03Z</time></trkpt><trkpt lat="-33.187540" lon="-70.647120"><ele>687.289</ele><time>2020-04-01T06:50:23Z</time></trkpt><trkpt lat="-33.187300" lon="-70.646910"><ele>689.917</ele><time>2020-04-01T06:50:43Z</time></trkpt><trkpt lat="-33.187070" lon="-70.646750"><ele>691.408</ele><time>2020-04-01T06:51:03Z</time></trkpt><trkpt lat="-33.187000" lon="-70.646700"><ele>691.816</ele><time>2020-04-01T06:51:23Z</time></trkpt><trkpt lat="-33.186850" lon="-70.646610"><ele>693.550</ele><time>2020-04-01T06:51:43Z</time></trkpt><trkpt lat="-33.186600" lon="-70.646470"><ele>696.763</ele><time>2020-04-01T06:52:03Z</time></trkpt><trkpt lat="-33.186370" lon="-70.646370"><ele>696.888</ele><time>2020-04-01T06:52:23Z</time></trkpt><trkpt lat="-33.186150" lon="-70.646290"><ele>696.111</ele><time>2020-04-01T06:52:43Z</time></trkpt><trkpt lat="-33.185920" lon="-70.646210"><ele>694.943</ele><time>2020-04-01T06:53:03Z</time></trkpt><trkpt lat="-33.185830" lon="-70.646190"><ele>694.132</ele><time>2020-04-01T06:53:23Z</time></trkpt><trkpt lat="-33.185690" lon="-70.646160"><ele>693.259</ele><time>2020-04-01T06:53:43Z</time></trkpt><trkpt lat="-33.185510" lon="-70.646140"><ele>691.836</ele><time>2020-04-01T06:54:03Z</time></trkpt><trkpt lat="-33.185400" lon="-70.646120"><ele>691.017</ele><time>2020-04-01T06:54:23Z</time></trkpt><trkpt lat="-33.185080" lon="-70.646100"><ele>688.018</ele><time>2020-04-01T06:54:43Z</time></trkpt><trkpt lat="-33.184760" lon="-70.646090"><ele>685.608</ele><time>2020-04-01T06:55:03Z</time></trkpt><trkpt lat="-33.184440" lon="-70.646090"><ele>683.197</ele><time>2020-04-01T06:55:23Z</time></trkpt><trkpt lat="-33.184060" lon="-70.646090"><ele>681.281</ele><time>2020-04-01T06:55:43Z</time></trkpt><trkpt lat="-33.183740" lon="-70.646100"><ele>681.484</ele><time>2020-04-01T06:56:03Z</time></trkpt><trkpt lat="-33.183320" lon="-70.646090"><ele>681.789</ele><time>2020-04-01T06:56:23Z</time></trkpt><trkpt lat="-33.182950" lon="-70.646080"><ele>682.652</ele><time>2020-04-01T06:56:43Z</time></trkpt><trkpt lat="-33.182820" lon="-70.646070"><ele>682.994</ele><time>2020-04-01T06:57:03Z</time></trkpt><trkpt lat="-33.182380" lon="-70.646030"><ele>683.943</ele><time>2020-04-01T06:57:23Z</time></trkpt><trkpt lat="-33.182060" lon="-70.645980"><ele>684.430</ele><time>2020-04-01T06:57:43Z</time></trkpt><trkpt lat="-33.181990" lon="-70.645970"><ele>684.498</ele><time>2020-04-01T06:58:03Z</time></trkpt><trkpt lat="-33.181610" lon="-70.645910"><ele>685.015</ele><time>2020-04-01T06:58:23Z</time></trkpt><trkpt lat="-33.181260" lon="-70.645840"><ele>686.026</ele><time>2020-04-01T06:58:43Z</time></trkpt><trkpt lat="-33.180960" lon="-70.645800"><ele>686.708</ele><time>2020-04-01T06:59:03Z</time></trkpt><trkpt lat="-33.180640" lon="-70.645740"><ele>687.543</ele><time>2020-04-01T06:59:23Z</time></trkpt><trkpt lat="-33.180300" lon="-70.645680"><ele>688.367</ele><time>2020-04-01T06:59:43Z</time></trkpt><trkpt lat="-33.180090" lon="-70.645660"><ele>688.830</ele><time>2020-04-01T07:00:03Z</time></trkpt><trkpt lat="-33.180060" lon="-70.645660"><ele>688.965</ele><time>2020-04-01T07:00:23Z</time></trkpt><trkpt lat="-33.179980" lon="-70.645650"><ele>689.148</ele><time>2020-04-01T07:00:43Z</time></trkpt><trkpt lat="-33.179900" lon="-70.645650"><ele>689.340</ele><time>2020-04-01T07:01:03Z</time></trkpt><trkpt lat="-33.179590" lon="-70.645670"><ele>690.199</ele><time>2020-04-01T07:01:23Z</time></trkpt><trkpt lat="-33.179440" lon="-70.645690"><ele>690.586</ele><time>2020-04-01T07:01:43Z</time></trkpt><trkpt lat="-33.179270" lon="-70.645720"><ele>690.926</ele><time>2020-04-01T07:02:03Z</time></trkpt><trkpt lat="-33.179140" lon="-70.645750"><ele>691.247</ele><time>2020-04-01T07:02:23Z</time></trkpt><trkpt lat="-33.179020" lon="-70.645780"><ele>691.411</ele><time>2020-04-01T07:02:43Z</time></trkpt><trkpt lat="-33.178840" lon="-70.645830"><ele>691.808</ele><time>2020-04-01T07:03:03Z</time></trkpt><trkpt lat="-33.178650" lon="-70.645900"><ele>692.066</ele><time>2020-04-01T07:03:23Z</time></trkpt><trkpt lat="-33.178400" lon="-70.646020"><ele>692.460</ele><time>2020-04-01T07:03:43Z</time></trkpt><trkpt lat="-33.178220" lon="-70.646120"><ele>692.453</ele><time>2020-04-01T07:04:03Z</time></trkpt><trkpt lat="-33.178060" lon="-70.646220"><ele>692.458</ele><time>2020-04-01T07:04:23Z</time></trkpt><trkpt lat="-33.177910" lon="-70.646320"><ele>692.461</ele><time>2020-04-01T07:04:43Z</time></trkpt><trkpt lat="-33.177860" lon="-70.646360"><ele>692.573</ele><time>2020-04-01T07:05:03Z</time></trkpt><trkpt lat="-33.177730" lon="-70.646460"><ele>692.622</ele><time>2020-04-01T07:05:23Z</time></trkpt><trkpt lat="-33.177520" lon="-70.646650"><ele>693.079</ele><time>2020-04-01T07:05:43Z</time></trkpt><trkpt lat="-33.177380" lon="-70.646790"><ele>693.625</ele><time>2020-04-01T07:06:03Z</time></trkpt><trkpt lat="-33.177290" lon="-70.646890"><ele>694.226</ele><time>2020-04-01T07:06:23Z</time></trkpt><trkpt lat="-33.177170" lon="-70.647040"><ele>695.008</ele><time>2020-04-01T07:06:43Z</time></trkpt><trkpt lat="-33.177160" lon="-70.647050"><ele>695.108</ele><time>2020-04-01T07:07:03Z</time></trkpt><trkpt lat="-33.177000" lon="-70.647260"><ele>696.576</ele><time>2020-04-01T07:07:23Z</time></trkpt><trkpt lat="-33.176740" lon="-70.647650"><ele>698.640</ele><time>2020-04-01T07:07:43Z</time></trkpt><trkpt lat="-33.176710" lon="-70.647700"><ele>698.853</ele><time>2020-04-01T07:08:03Z</time></trkpt><trkpt lat="-33.176600" lon="-70.647870"><ele>700.218</ele><time>2020-04-01T07:08:23Z</time></trkpt><trkpt lat="-33.176400" lon="-70.648190"><ele>703.241</ele><time>2020-04-01T07:08:43Z</time></trkpt><trkpt lat="-33.176130" lon="-70.648600"><ele>707.193</ele><time>2020-04-01T07:09:03Z</time></trkpt><trkpt lat="-33.175900" lon="-70.648930"><ele>710.032</ele><time>2020-04-01T07:09:23Z</time></trkpt><trkpt lat="-33.175690" lon="-70.649160"><ele>712.379</ele><time>2020-04-01T07:09:43Z</time></trkpt><trkpt lat="-33.175600" lon="-70.649280"><ele>713.047</ele><time>2020-04-01T07:10:03Z</time></trkpt><trkpt lat="-33.175480" lon="-70.649400"><ele>714.129</ele><time>2020-04-01T07:10:23Z</time></trkpt><trkpt lat="-33.175270" lon="-70.649570"><ele>715.721</ele><time>2020-04-01T07:10:43Z</time></trkpt><trkpt lat="-33.174990" lon="-70.649790"><ele>717.208</ele><time>2020-04-01T07:11:03Z</time></trkpt><trkpt lat="-33.174750" lon="-70.649930"><ele>719.068</ele><time>2020-04-01T07:11:23Z</time></trkpt><trkpt lat="-33.174430" lon="-70.650110"><ele>723.782</ele><time>2020-04-01T07:11:43Z</time></trkpt><trkpt lat="-33.174000" lon="-70.650320"><ele>728.745</ele><time>2020-04-01T07:12:03Z</time></trkpt><trkpt lat="-33.173530" lon="-70.650540"><ele>730.680</ele><time>2020-04-01T07:12:23Z</time></trkpt><trkpt lat="-33.173030" lon="-70.650780"><ele>732.473</ele><time>2020-04-01T07:12:43Z</time></trkpt><trkpt lat="-33.172790" lon="-70.650900"><ele>734.465</ele><time>2020-04-01T07:13:03Z</time></trkpt><trkpt lat="-33.172760" lon="-70.650920"><ele>734.784</ele><time>2020-04-01T07:13:23Z</time></trkpt><trkpt lat="-33.172470" lon="-70.651060"><ele>737.611</ele><time>2020-04-01T07:13:43Z</time></trkpt><trkpt lat="-33.172090" lon="-70.651250"><ele>738.032</ele><time>2020-04-01T07:14:03Z</time></trkpt><trkpt lat="-33.171930" lon="-70.651320"><ele>737.992</ele><time>2020-04-01T07:14:23Z</time></trkpt><trkpt lat="-33.171650" lon="-70.651430"><ele>737.411</ele><time>2020-04-01T07:14:43Z</time></trkpt><trkpt lat="-33.171510" lon="-70.651480"><ele>737.408</ele><time>2020-04-01T07:15:03Z</time></trkpt><trkpt lat="-33.171300" lon="-70.651530"><ele>737.497</ele><time>2020-04-01T07:15:23Z</time></trkpt><trkpt lat="-33.171270" lon="-70.651530"><ele>737.451</ele><time>2020-04-01T07:15:43Z</time></trkpt><trkpt lat="-33.171080" lon="-70.651570"><ele>737.254</ele><time>2020-04-01T07:16:03Z</time></trkpt><trkpt lat="-33.170790" lon="-70.651620"><ele>737.049</ele><time>2020-04-01T07:16:23Z</time></trkpt><trkpt lat="-33.170590" lon="-70.651630"><ele>737.082</ele><time>2020-04-01T07:16:43Z</time></trkpt><trkpt lat="-33.170420" lon="-70.651640"><ele>737.024</ele><time>2020-04-01T07:17:03Z</time></trkpt><trkpt lat="-33.170150" lon="-70.651640"><ele>736.923</ele><time>2020-04-01T07:17:23Z</time></trkpt><trkpt lat="-33.169850" lon="-70.651610"><ele>736.720</ele><time>2020-04-01T07:17:43Z</time></trkpt><trkpt lat="-33.169700" lon="-70.651590"><ele>736.557</ele><time>2020-04-01T07:18:03Z</time></trkpt><trkpt lat="-33.169660" lon="-70.651580"><ele>736.500</ele><time>2020-04-01T07:18:23Z</time></trkpt><trkpt lat="-33.169590" lon="-70.651570"><ele>736.420</ele><time>2020-04-01T07:18:43Z</time></trkpt><trkpt lat="-33.169270" lon="-70.651500"><ele>736.108</ele><time>2020-04-01T07:19:03Z</time></trkpt><trkpt lat="-33.168870" lon="-70.651350"><ele>736.469</ele><time>2020-04-01T07:19:23Z</time></trkpt><trkpt lat="-33.168650" lon="-70.651260"><ele>736.623</ele><time>2020-04-01T07:19:43Z</time></trkpt><trkpt lat="-33.168380" lon="-70.651120"><ele>736.976</ele><time>2020-04-01T07:20:03Z</time></trkpt><trkpt lat="-33.168120" lon="-70.650950"><ele>737.111</ele><time>2020-04-01T07:20:23Z</time></trkpt><trkpt lat="-33.167830" lon="-70.650730"><ele>737.724</ele><time>2020-04-01T07:20:43Z</time></trkpt><trkpt lat="-33.167630" lon="-70.650560"><ele>738.246</ele><time>2020-04-01T07:21:03Z</time></trkpt><trkpt lat="-33.167570" lon="-70.650510"><ele>738.365</ele><time>2020-04-01T07:21:23Z</time></trkpt><trkpt lat="-33.167280" lon="-70.650220"><ele>738.772</ele><time>2020-04-01T07:21:43Z</time></trkpt><trkpt lat="-33.166310" lon="-70.649260"><ele>741.455</ele><time>2020-04-01T07:22:03Z</time></trkpt><trkpt lat="-33.165200" lon="-70.648180"><ele>744.007</ele><time>2020-04-01T07:22:23Z</time></trkpt><trkpt lat="-33.164840" lon="-70.647890"><ele>744.917</ele><time>2020-04-01T07:22:43Z</time></trkpt><trkpt lat="-33.164410" lon="-70.647630"><ele>746.408</ele><time>2020-04-01T07:23:03Z</time></trkpt><trkpt lat="-33.164180" lon="-70.647500"><ele>747.069</ele><time>2020-04-01T07:23:23Z</time></trkpt><trkpt lat="-33.163800" lon="-70.647320"><ele>748.183</ele><time>2020-04-01T07:23:43Z</time></trkpt><trkpt lat="-33.163600" lon="-70.647250"><ele>748.846</ele><time>2020-04-01T07:24:03Z</time></trkpt><trkpt lat="-33.163220" lon="-70.647130"><ele>750.191</ele><time>2020-04-01T07:24:23Z</time></trkpt><trkpt lat="-33.163150" lon="-70.647110"><ele>750.364</ele><time>2020-04-01T07:24:43Z</time></trkpt><trkpt lat="-33.162940" lon="-70.647070"><ele>750.736</ele><time>2020-04-01T07:25:03Z</time></trkpt><trkpt lat="-33.162670" lon="-70.647020"><ele>751.415</ele><time>2020-04-01T07:25:23Z</time></trkpt><trkpt lat="-33.162630" lon="-70.647010"><ele>751.582</ele><time>2020-04-01T07:25:43Z</time></trkpt><trkpt lat="-33.162210" lon="-70.646970"><ele>751.728</ele><time>2020-04-01T07:26:03Z</time></trkpt><trkpt lat="-33.161830" lon="-70.646970"><ele>751.389</ele><time>2020-04-01T07:26:23Z</time></trkpt><trkpt lat="-33.161540" lon="-70.646990"><ele>750.817</ele><time>2020-04-01T07:26:43Z</time></trkpt><trkpt lat="-33.161410" lon="-70.647000"><ele>750.508</ele><time>2020-04-01T07:27:03Z</time></trkpt><trkpt lat="-33.161170" lon="-70.647040"><ele>749.866</ele><time>2020-04-01T07:27:23Z</time></trkpt><trkpt lat="-33.160940" lon="-70.647090"><ele>749.220</ele><time>2020-04-01T07:27:43Z</time></trkpt><trkpt lat="-33.160730" lon="-70.647150"><ele>748.953</ele><time>2020-04-01T07:28:03Z</time></trkpt><trkpt lat="-33.160570" lon="-70.647190"><ele>749.158</ele><time>2020-04-01T07:28:23Z</time></trkpt><trkpt lat="-33.160340" lon="-70.647270"><ele>749.411</ele><time>2020-04-01T07:28:43Z</time></trkpt><trkpt lat="-33.160130" lon="-70.647360"><ele>749.863</ele><time>2020-04-01T07:29:03Z</time></trkpt><trkpt lat="-33.159880" lon="-70.647480"><ele>750.022</ele><time>2020-04-01T07:29:23Z</time></trkpt><trkpt lat="-33.159770" lon="-70.647540"><ele>750.259</ele><time>2020-04-01T07:29:43Z</time></trkpt><trkpt lat="-33.159530" lon="-70.647670"><ele>750.776</ele><time>2020-04-01T07:30:03Z</time></trkpt><trkpt lat="-33.159190" lon="-70.647910"><ele>751.590</ele><time>2020-04-01T07:30:23Z</time></trkpt><trkpt lat="-33.157990" lon="-70.648850"><ele>748.219</ele><time>2020-04-01T07:30:43Z</time></trkpt><trkpt lat="-33.157660" lon="-70.649110"><ele>746.908</ele><time>2020-04-01T07:31:03Z</time></trkpt><trkpt lat="-33.156400" lon="-70.650110"><ele>743.221</ele><time>2020-04-01T07:31:23Z</time></trkpt><trkpt lat="-33.155820" lon="-70.650570"><ele>742.265</ele><time>2020-04-01T07:31:43Z</time></trkpt><trkpt lat="-33.154710" lon="-70.651450"><ele>739.348</ele><time>2020-04-01T07:32:03Z</time></trkpt><trkpt lat="-33.154170" lon="-70.651880"><ele>738.263</ele><time>2020-04-01T07:32:23Z</time></trkpt><trkpt lat="-33.153610" lon="-70.652320"><ele>737.286</ele><time>2020-04-01T07:32:43Z</time></trkpt><trkpt lat="-33.153050" lon="-70.652760"><ele>736.048</ele><time>2020-04-01T07:33:03Z</time></trkpt><trkpt lat="-33.152520" lon="-70.653190"><ele>735.367</ele><time>2020-04-01T07:33:23Z</time></trkpt><trkpt lat="-33.151840" lon="-70.653720"><ele>732.424</ele><time>2020-04-01T07:33:43Z</time></trkpt><trkpt lat="-33.151170" lon="-70.654230"><ele>731.479</ele><time>2020-04-01T07:34:03Z</time></trkpt><trkpt lat="-33.150930" lon="-70.654400"><ele>731.105</ele><time>2020-04-01T07:34:23Z</time></trkpt><trkpt lat="-33.150780" lon="-70.654520"><ele>730.825</ele><time>2020-04-01T07:34:43Z</time></trkpt><trkpt lat="-33.149120" lon="-70.655750"><ele>728.208</ele><time>2020-04-01T07:35:03Z</time></trkpt><trkpt lat="-33.148190" lon="-70.656450"><ele>726.321</ele><time>2020-04-01T07:35:23Z</time></trkpt><trkpt lat="-33.147720" lon="-70.656800"><ele>725.665</ele><time>2020-04-01T07:35:43Z</time></trkpt><trkpt lat="-33.147050" lon="-70.657330"><ele>723.648</ele><time>2020-04-01T07:36:03Z</time></trkpt><trkpt lat="-33.145580" lon="-70.658470"><ele>720.433</ele><time>2020-04-01T07:36:23Z</time></trkpt><trkpt lat="-33.145470" lon="-70.658570"><ele>719.716</ele><time>2020-04-01T07:36:43Z</time></trkpt><trkpt lat="-33.145390" lon="-70.658630"><ele>719.278</ele><time>2020-04-01T07:37:03Z</time></trkpt><trkpt lat="-33.145320" lon="-70.658680"><ele>718.827</ele><time>2020-04-01T07:37:23Z</time></trkpt><trkpt lat="-33.144840" lon="-70.659050"><ele>717.244</ele><time>2020-04-01T07:37:43Z</time></trkpt><trkpt lat="-33.144680" lon="-70.659190"><ele>717.048</ele><time>2020-04-01T07:38:03Z</time></trkpt><trkpt lat="-33.143980" lon="-70.659750"><ele>716.561</ele><time>2020-04-01T07:38:23Z</time></trkpt><trkpt lat="-33.143310" lon="-70.660290"><ele>716.617</ele><time>2020-04-01T07:38:43Z</time></trkpt><trkpt lat="-33.143220" lon="-70.660350"><ele>716.508</ele><time>2020-04-01T07:39:03Z</time></trkpt><trkpt lat="-33.142880" lon="-70.660630"><ele>715.868</ele><time>2020-04-01T07:39:23Z</time></trkpt><trkpt lat="-33.142530" lon="-70.660900"><ele>714.822</ele><time>2020-04-01T07:39:43Z</time></trkpt><trkpt lat="-33.142090" lon="-70.661250"><ele>713.585</ele><time>2020-04-01T07:40:03Z</time></trkpt><trkpt lat="-33.141750" lon="-70.661530"><ele>712.580</ele><time>2020-04-01T07:40:23Z</time></trkpt><trkpt lat="-33.141410" lon="-70.661790"><ele>712.243</ele><time>2020-04-01T07:40:43Z</time></trkpt><trkpt lat="-33.141070" lon="-70.662060"><ele>712.025</ele><time>2020-04-01T07:41:03Z</time></trkpt><trkpt lat="-33.140750" lon="-70.662320"><ele>711.784</ele><time>2020-04-01T07:41:23Z</time></trkpt><trkpt lat="-33.139900" lon="-70.662990"><ele>709.731</ele><time>2020-04-01T07:41:43Z</time></trkpt><trkpt lat="-33.139720" lon="-70.663130"><ele>709.262</ele><time>2020-04-01T07:42:03Z</time></trkpt><trkpt lat="-33.139450" lon="-70.663340"><ele>708.683</ele><time>2020-04-01T07:42:23Z</time></trkpt><trkpt lat="-33.139180" lon="-70.663560"><ele>707.611</ele><time>2020-04-01T07:42:43Z</time></trkpt><trkpt lat="-33.138990" lon="-70.663710"><ele>706.708</ele><time>2020-04-01T07:43:03Z</time></trkpt><trkpt lat="-33.138720" lon="-70.663930"><ele>705.740</ele><time>2020-04-01T07:43:23Z</time></trkpt><trkpt lat="-33.138470" lon="-70.664120"><ele>705.014</ele><time>2020-04-01T07:43:43Z</time></trkpt><trkpt lat="-33.138270" lon="-70.664280"><ele>704.747</ele><time>2020-04-01T07:44:03Z</time></trkpt><trkpt lat="-33.138000" lon="-70.664490"><ele>704.562</ele><time>2020-04-01T07:44:23Z</time></trkpt><trkpt lat="-33.137780" lon="-70.664660"><ele>704.265</ele><time>2020-04-01T07:44:43Z</time></trkpt><trkpt lat="-33.137400" lon="-70.664930"><ele>703.627</ele><time>2020-04-01T07:45:03Z</time></trkpt><trkpt lat="-33.137160" lon="-70.665100"><ele>703.576</ele><time>2020-04-01T07:45:23Z</time></trkpt><trkpt lat="-33.136980" lon="-70.665250"><ele>703.543</ele><time>2020-04-01T07:45:43Z</time></trkpt><trkpt lat="-33.136720" lon="-70.665450"><ele>703.343</ele><time>2020-04-01T07:46:03Z</time></trkpt><trkpt lat="-33.136460" lon="-70.665660"><ele>703.164</ele><time>2020-04-01T07:46:23Z</time></trkpt><trkpt lat="-33.136190" lon="-70.665860"><ele>703.110</ele><time>2020-04-01T07:46:43Z</time></trkpt><trkpt lat="-33.135910" lon="-70.666070"><ele>703.008</ele><time>2020-04-01T07:47:03Z</time></trkpt><trkpt lat="-33.135630" lon="-70.666270"><ele>702.348</ele><time>2020-04-01T07:47:23Z</time></trkpt><trkpt lat="-33.135530" lon="-70.666340"><ele>702.022</ele><time>2020-04-01T07:47:43Z</time></trkpt><trkpt lat="-33.135370" lon="-70.666490"><ele>701.225</ele><time>2020-04-01T07:48:03Z</time></trkpt><trkpt lat="-33.135100" lon="-70.666730"><ele>700.030</ele><time>2020-04-01T07:48:23Z</time></trkpt><trkpt lat="-33.134830" lon="-70.666980"><ele>699.623</ele><time>2020-04-01T07:48:43Z</time></trkpt><trkpt lat="-33.134680" lon="-70.667120"><ele>699.595</ele><time>2020-04-01T07:49:03Z</time></trkpt><trkpt lat="-33.134470" lon="-70.667280"><ele>699.364</ele><time>2020-04-01T07:49:23Z</time></trkpt><trkpt lat="-33.134120" lon="-70.667560"><ele>698.991</ele><time>2020-04-01T07:49:43Z</time></trkpt><trkpt lat="-33.133650" lon="-70.667920"><ele>697.946</ele><time>2020-04-01T07:50:03Z</time></trkpt><trkpt lat="-33.129890" lon="-70.670910"><ele>689.788</ele><time>2020-04-01T07:50:23Z</time></trkpt><trkpt lat="-33.129040" lon="-70.671540"><ele>688.416</ele><time>2020-04-01T07:50:43Z</time></trkpt><trkpt lat="-33.128380" lon="-70.672030"><ele>686.708</ele><time>2020-04-01T07:51:03Z</time></trkpt><trkpt lat="-33.127400" lon="-70.672710"><ele>684.358</ele><time>2020-04-01T07:51:23Z</time></trkpt><trkpt lat="-33.127000" lon="-70.673030"><ele>683.522</ele><time>2020-04-01T07:51:43Z</time></trkpt><trkpt lat="-33.126850" lon="-70.673150"><ele>683.345</ele><time>2020-04-01T07:52:03Z</time></trkpt><trkpt lat="-33.126770" lon="-70.673210"><ele>683.250</ele><time>2020-04-01T07:52:23Z</time></trkpt><trkpt lat="-33.126140" lon="-70.673740"><ele>682.253</ele><time>2020-04-01T07:52:43Z</time></trkpt><trkpt lat="-33.125540" lon="-70.674260"><ele>681.045</ele><time>2020-04-01T07:53:03Z</time></trkpt><trkpt lat="-33.125530" lon="-70.674280"><ele>681.064</ele><time>2020-04-01T07:53:23Z</time></trkpt><trkpt lat="-33.125100" lon="-70.674660"><ele>681.541</ele><time>2020-04-01T07:53:43Z</time></trkpt><trkpt lat="-33.124900" lon="-70.674840"><ele>681.992</ele><time>2020-04-01T07:54:03Z</time></trkpt><trkpt lat="-33.124200" lon="-70.675460"><ele>680.973</ele><time>2020-04-01T07:54:23Z</time></trkpt><trkpt lat="-33.123570" lon="-70.676020"><ele>680.220</ele><time>2020-04-01T07:54:43Z</time></trkpt><trkpt lat="-33.122930" lon="-70.676590"><ele>681.508</ele><time>2020-04-01T07:55:03Z</time></trkpt><trkpt lat="-33.122410" lon="-70.677060"><ele>681.593</ele><time>2020-04-01T07:55:23Z</time></trkpt><trkpt lat="-33.121620" lon="-70.677750"><ele>679.567</ele><time>2020-04-01T07:55:43Z</time></trkpt><trkpt lat="-33.120990" lon="-70.678310"><ele>678.970</ele><time>2020-04-01T07:56:03Z</time></trkpt><trkpt lat="-33.120620" lon="-70.678630"><ele>679.395</ele><time>2020-04-01T07:56:23Z</time></trkpt><trkpt lat="-33.120480" lon="-70.678760"><ele>679.548</ele><time>2020-04-01T07:56:43Z</time></trkpt><trkpt lat="-33.120470" lon="-70.678770"><ele>679.660</ele><time>2020-04-01T07:57:03Z</time></trkpt><trkpt lat="-33.119960" lon="-70.679230"><ele>680.119</ele><time>2020-04-01T07:57:23Z</time></trkpt><trkpt lat="-33.119930" lon="-70.679260"><ele>680.296</ele><time>2020-04-01T07:57:43Z</time></trkpt><trkpt lat="-33.119220" lon="-70.679890"><ele>682.738</ele><time>2020-04-01T07:58:03Z</time></trkpt><trkpt lat="-33.118900" lon="-70.680170"><ele>681.770</ele><time>2020-04-01T07:58:23Z</time></trkpt><trkpt lat="-33.118460" lon="-70.680550"><ele>680.317</ele><time>2020-04-01T07:58:43Z</time></trkpt><trkpt lat="-33.118380" lon="-70.680620"><ele>680.208</ele><time>2020-04-01T07:59:03Z</time></trkpt><trkpt lat="-33.118340" lon="-70.680650"><ele>680.217</ele><time>2020-04-01T07:59:23Z</time></trkpt><trkpt lat="-33.118240" lon="-70.680740"><ele>680.271</ele><time>2020-04-01T07:59:43Z</time></trkpt><trkpt lat="-33.118080" lon="-70.680880"><ele>680.274</ele><time>2020-04-01T08:00:03Z</time></trkpt><trkpt lat="-33.117650" lon="-70.681260"><ele>679.749</ele><time>2020-04-01T08:00:23Z</time></trkpt><trkpt lat="-33.117290" lon="-70.681570"><ele>679.792</ele><time>2020-04-01T08:00:43Z</time></trkpt><trkpt lat="-33.116940" lon="-70.681880"><ele>680.374</ele><time>2020-04-01T08:01:03Z</time></trkpt><trkpt lat="-33.116700" lon="-70.682090"><ele>680.983</ele><time>2020-04-01T08:01:23Z</time></trkpt><trkpt lat="-33.116420" lon="-70.682350"><ele>681.640</ele><time>2020-04-01T08:01:43Z</time></trkpt><trkpt lat="-33.116160" lon="-70.682590"><ele>682.214</ele><time>2020-04-01T08:02:03Z</time></trkpt><trkpt lat="-33.116060" lon="-70.682680"><ele>682.554</ele><time>2020-04-01T08:02:23Z</time></trkpt><trkpt lat="-33.115900" lon="-70.682820"><ele>682.809</ele><time>2020-04-01T08:02:43Z</time></trkpt><trkpt lat="-33.115720" lon="-70.682970"><ele>683.008</ele><time>2020-04-01T08:03:03Z</time></trkpt><trkpt lat="-33.115510" lon="-70.683160"><ele>682.985</ele><time>2020-04-01T08:03:23Z</time></trkpt><trkpt lat="-33.115270" lon="-70.683360"><ele>682.439</ele><time>2020-04-01T08:03:43Z</time></trkpt><trkpt lat="-33.115100" lon="-70.683510"><ele>682.582</ele><time>2020-04-01T08:04:03Z</time></trkpt><trkpt lat="-33.114920" lon="-70.683680"><ele>683.177</ele><time>2020-04-01T08:04:23Z</time></trkpt><trkpt lat="-33.114750" lon="-70.683840"><ele>683.780</ele><time>2020-04-01T08:04:43Z</time></trkpt><trkpt lat="-33.114410" lon="-70.684130"><ele>684.042</ele><time>2020-04-01T08:05:03Z</time></trkpt><trkpt lat="-33.113800" lon="-70.684670"><ele>684.511</ele><time>2020-04-01T08:05:23Z</time></trkpt><trkpt lat="-33.113450" lon="-70.684990"><ele>684.788</ele><time>2020-04-01T08:05:43Z</time></trkpt><trkpt lat="-33.113090" lon="-70.685300"><ele>684.971</ele><time>2020-04-01T08:06:03Z</time></trkpt><trkpt lat="-33.112660" lon="-70.685680"><ele>685.041</ele><time>2020-04-01T08:06:23Z</time></trkpt><trkpt lat="-33.112300" lon="-70.686000"><ele>685.815</ele><time>2020-04-01T08:06:43Z</time></trkpt><trkpt lat="-33.111870" lon="-70.686390"><ele>686.508</ele><time>2020-04-01T08:07:03Z</time></trkpt><trkpt lat="-33.111420" lon="-70.686780"><ele>685.871</ele><time>2020-04-01T08:07:23Z</time></trkpt><trkpt lat="-33.110980" lon="-70.687180"><ele>685.495</ele><time>2020-04-01T08:07:43Z</time></trkpt><trkpt lat="-33.110630" lon="-70.687480"><ele>685.868</ele><time>2020-04-01T08:08:03Z</time></trkpt><trkpt lat="-33.110460" lon="-70.687640"><ele>686.343</ele><time>2020-04-01T08:08:23Z</time></trkpt><trkpt lat="-33.110380" lon="-70.687710"><ele>686.656</ele><time>2020-04-01T08:08:43Z</time></trkpt><trkpt lat="-33.110290" lon="-70.687790"><ele>687.088</ele><time>2020-04-01T08:09:03Z</time></trkpt><trkpt lat="-33.110200" lon="-70.687870"><ele>687.367</ele><time>2020-04-01T08:09:23Z</time></trkpt><trkpt lat="-33.110120" lon="-70.687950"><ele>687.654</ele><time>2020-04-01T08:09:43Z</time></trkpt><trkpt lat="-33.110030" lon="-70.688020"><ele>687.927</ele><time>2020-04-01T08:10:03Z</time></trkpt><trkpt lat="-33.109750" lon="-70.688250"><ele>688.668</ele><time>2020-04-01T08:10:23Z</time></trkpt><trkpt lat="-33.109570" lon="-70.688370"><ele>688.914</ele><time>2020-04-01T08:10:43Z</time></trkpt><trkpt lat="-33.109380" lon="-70.688520"><ele>688.608</ele><time>2020-04-01T08:11:03Z</time></trkpt><trkpt lat="-33.109190" lon="-70.688630"><ele>688.516</ele><time>2020-04-01T08:11:23Z</time></trkpt><trkpt lat="-33.109090" lon="-70.688700"><ele>688.460</ele><time>2020-04-01T08:11:43Z</time></trkpt><trkpt lat="-33.108990" lon="-70.688750"><ele>688.343</ele><time>2020-04-01T08:12:03Z</time></trkpt><trkpt lat="-33.108790" lon="-70.688870"><ele>688.288</ele><time>2020-04-01T08:12:23Z</time></trkpt><trkpt lat="-33.108690" lon="-70.688930"><ele>688.171</ele><time>2020-04-01T08:12:43Z</time></trkpt><trkpt lat="-33.108550" lon="-70.689000"><ele>688.163</ele><time>2020-04-01T08:13:03Z</time></trkpt><trkpt lat="-33.108290" lon="-70.689130"><ele>688.272</ele><time>2020-04-01T08:13:23Z</time></trkpt><trkpt lat="-33.108080" lon="-70.689220"><ele>688.569</ele><time>2020-04-01T08:13:43Z</time></trkpt><trkpt lat="-33.107940" lon="-70.689280"><ele>688.772</ele><time>2020-04-01T08:14:03Z</time></trkpt><trkpt lat="-33.107810" lon="-70.689330"><ele>688.913</ele><time>2020-04-01T08:14:23Z</time></trkpt><trkpt lat="-33.107770" lon="-70.689350"><ele>688.914</ele><time>2020-04-01T08:14:43Z</time></trkpt><trkpt lat="-33.107560" lon="-70.689420"><ele>689.208</ele><time>2020-04-01T08:15:03Z</time></trkpt><trkpt lat="-33.107370" lon="-70.689470"><ele>689.491</ele><time>2020-04-01T08:15:23Z</time></trkpt><trkpt lat="-33.107130" lon="-70.689540"><ele>689.565</ele><time>2020-04-01T08:15:43Z</time></trkpt><trkpt lat="-33.106810" lon="-70.689620"><ele>689.798</ele><time>2020-04-01T08:16:03Z</time></trkpt><trkpt lat="-33.106500" lon="-70.689700"><ele>689.833</ele><time>2020-04-01T08:16:23Z</time></trkpt><trkpt lat="-33.106050" lon="-70.689820"><ele>689.616</ele><time>2020-04-01T08:16:43Z</time></trkpt><trkpt lat="-33.105760" lon="-70.689900"><ele>689.538</ele><time>2020-04-01T08:17:03Z</time></trkpt><trkpt lat="-33.105250" lon="-70.690020"><ele>689.627</ele><time>2020-04-01T08:17:23Z</time></trkpt><trkpt lat="-33.104770" lon="-70.690150"><ele>689.844</ele><time>2020-04-01T08:17:43Z</time></trkpt><trkpt lat="-33.104370" lon="-70.690260"><ele>690.362</ele><time>2020-04-01T08:18:03Z</time></trkpt><trkpt lat="-33.104340" lon="-70.690270"><ele>690.383</ele><time>2020-04-01T08:18:23Z</time></trkpt><trkpt lat="-33.103590" lon="-70.690460"><ele>691.511</ele><time>2020-04-01T08:18:43Z</time></trkpt><trkpt lat="-33.102690" lon="-70.690690"><ele>692.408</ele><time>2020-04-01T08:19:03Z</time></trkpt><trkpt lat="-33.102120" lon="-70.690850"><ele>692.010</ele><time>2020-04-01T08:19:23Z</time></trkpt><trkpt lat="-33.101590" lon="-70.690980"><ele>691.894</ele><time>2020-04-01T08:19:43Z</time></trkpt><trkpt lat="-33.100740" lon="-70.691210"><ele>692.277</ele><time>2020-04-01T08:20:03Z</time></trkpt><trkpt lat="-33.100100" lon="-70.691370"><ele>693.512</ele><time>2020-04-01T08:20:23Z</time></trkpt><trkpt lat="-33.099350" lon="-70.691570"><ele>693.265</ele><time>2020-04-01T08:20:43Z</time></trkpt><trkpt lat="-33.098360" lon="-70.691830"><ele>693.837</ele><time>2020-04-01T08:21:03Z</time></trkpt><trkpt lat="-33.098000" lon="-70.691930"><ele>693.556</ele><time>2020-04-01T08:21:23Z</time></trkpt><trkpt lat="-33.097580" lon="-70.692040"><ele>693.543</ele><time>2020-04-01T08:21:43Z</time></trkpt><trkpt lat="-33.096560" lon="-70.692280"><ele>693.769</ele><time>2020-04-01T08:22:03Z</time></trkpt><trkpt lat="-33.095930" lon="-70.692440"><ele>694.804</ele><time>2020-04-01T08:22:23Z</time></trkpt><trkpt lat="-33.095300" lon="-70.692610"><ele>694.424</ele><time>2020-04-01T08:22:43Z</time></trkpt><trkpt lat="-33.094930" lon="-70.692710"><ele>693.808</ele><time>2020-04-01T08:23:03Z</time></trkpt><trkpt lat="-33.094860" lon="-70.692730"><ele>693.760</ele><time>2020-04-01T08:23:23Z</time></trkpt><trkpt lat="-33.094780" lon="-70.692750"><ele>693.714</ele><time>2020-04-01T08:23:43Z</time></trkpt><trkpt lat="-33.094200" lon="-70.692890"><ele>693.647</ele><time>2020-04-01T08:24:03Z</time></trkpt><trkpt lat="-33.093540" lon="-70.693030"><ele>693.312</ele><time>2020-04-01T08:24:23Z</time></trkpt><trkpt lat="-33.093230" lon="-70.693100"><ele>693.195</ele><time>2020-04-01T08:24:43Z</time></trkpt><trkpt lat="-33.093050" lon="-70.693140"><ele>692.697</ele><time>2020-04-01T08:25:03Z</time></trkpt><trkpt lat="-33.092840" lon="-70.693190"><ele>692.126</ele><time>2020-04-01T08:25:23Z</time></trkpt><trkpt lat="-33.092530" lon="-70.693240"><ele>691.333</ele><time>2020-04-01T08:25:43Z</time></trkpt><trkpt lat="-33.092210" lon="-70.693300"><ele>691.139</ele><time>2020-04-01T08:26:03Z</time></trkpt><trkpt lat="-33.091990" lon="-70.693330"><ele>691.001</ele><time>2020-04-01T08:26:23Z</time></trkpt><trkpt lat="-33.091900" lon="-70.693340"><ele>691.021</ele><time>2020-04-01T08:26:43Z</time></trkpt><trkpt lat="-33.091780" lon="-70.693360"><ele>690.908</ele><time>2020-04-01T08:27:03Z</time></trkpt><trkpt lat="-33.091570" lon="-70.693400"><ele>690.857</ele><time>2020-04-01T08:27:23Z</time></trkpt><trkpt lat="-33.091350" lon="-70.693440"><ele>690.941</ele><time>2020-04-01T08:27:43Z</time></trkpt><trkpt lat="-33.091160" lon="-70.693470"><ele>691.084</ele><time>2020-04-01T08:28:03Z</time></trkpt><trkpt lat="-33.090960" lon="-70.693490"><ele>691.179</ele><time>2020-04-01T08:28:23Z</time></trkpt><trkpt lat="-33.090650" lon="-70.693550"><ele>690.682</ele><time>2020-04-01T08:28:43Z</time></trkpt><trkpt lat="-33.090200" lon="-70.693620"><ele>689.444</ele><time>2020-04-01T08:29:03Z</time></trkpt><trkpt lat="-33.090000" lon="-70.693650"><ele>688.923</ele><time>2020-04-01T08:29:23Z</time></trkpt><trkpt lat="-33.089790" lon="-70.693690"><ele>688.360</ele><time>2020-04-01T08:29:43Z</time></trkpt><trkpt lat="-33.089570" lon="-70.693720"><ele>687.828</ele><time>2020-04-01T08:30:03Z</time></trkpt><trkpt lat="-33.089070" lon="-70.693810"><ele>686.889</ele><time>2020-04-01T08:30:23Z</time></trkpt><trkpt lat="-33.088540" lon="-70.693890"><ele>686.417</ele><time>2020-04-01T08:30:43Z</time></trkpt><trkpt lat="-33.087700" lon="-70.694020"><ele>686.308</ele><time>2020-04-01T08:31:03Z</time></trkpt><trkpt lat="-33.086660" lon="-70.694190"><ele>685.926</ele><time>2020-04-01T08:31:23Z</time></trkpt><trkpt lat="-33.086330" lon="-70.694240"><ele>684.750</ele><time>2020-04-01T08:31:43Z</time></trkpt><trkpt lat="-33.085900" lon="-70.694320"><ele>683.133</ele><time>2020-04-01T08:32:03Z</time></trkpt><trkpt lat="-33.085580" lon="-70.694370"><ele>682.928</ele><time>2020-04-01T08:32:23Z</time></trkpt><trkpt lat="-33.085210" lon="-70.694430"><ele>683.091</ele><time>2020-04-01T08:32:43Z</time></trkpt><trkpt lat="-33.084840" lon="-70.694490"><ele>683.113</ele><time>2020-04-01T08:33:03Z</time></trkpt><trkpt lat="-33.084610" lon="-70.694530"><ele>683.372</ele><time>2020-04-01T08:33:23Z</time></trkpt><trkpt lat="-33.084380" lon="-70.694570"><ele>683.639</ele><time>2020-04-01T08:33:43Z</time></trkpt><trkpt lat="-33.084090" lon="-70.694610"><ele>684.186</ele><time>2020-04-01T08:34:03Z</time></trkpt><trkpt lat="-33.083780" lon="-70.694660"><ele>684.860</ele><time>2020-04-01T08:34:23Z</time></trkpt><trkpt lat="-33.083470" lon="-70.694710"><ele>685.626</ele><time>2020-04-01T08:34:43Z</time></trkpt><trkpt lat="-33.083150" lon="-70.694750"><ele>686.008</ele><time>2020-04-01T08:35:03Z</time></trkpt><trkpt lat="-33.082950" lon="-70.694770"><ele>686.062</ele><time>2020-04-01T08:35:23Z</time></trkpt><trkpt lat="-33.082770" lon="-70.694780"><ele>685.926</ele><time>2020-04-01T08:35:43Z</time></trkpt><trkpt lat="-33.082500" lon="-70.694790"><ele>685.799</ele><time>2020-04-01T08:36:03Z</time></trkpt><trkpt lat="-33.082370" lon="-70.694790"><ele>686.334</ele><time>2020-04-01T08:36:23Z</time></trkpt><trkpt lat="-33.081950" lon="-70.694800"><ele>688.197</ele><time>2020-04-01T08:36:43Z</time></trkpt><trkpt lat="-33.081390" lon="-70.694820"><ele>689.489</ele><time>2020-04-01T08:37:03Z</time></trkpt><trkpt lat="-33.081030" lon="-70.694830"><ele>689.448</ele><time>2020-04-01T08:37:23Z</time></trkpt><trkpt lat="-33.079490" lon="-70.694820"><ele>683.535</ele><time>2020-04-01T08:37:43Z</time></trkpt><trkpt lat="-33.079440" lon="-70.694820"><ele>683.315</ele><time>2020-04-01T08:38:03Z</time></trkpt><trkpt lat="-33.078900" lon="-70.694810"><ele>682.365</ele><time>2020-04-01T08:38:23Z</time></trkpt><trkpt lat="-33.078280" lon="-70.694790"><ele>681.411</ele><time>2020-04-01T08:38:43Z</time></trkpt><trkpt lat="-33.078140" lon="-70.694780"><ele>681.308</ele><time>2020-04-01T08:39:03Z</time></trkpt><trkpt lat="-33.077610" lon="-70.694770"><ele>680.795</ele><time>2020-04-01T08:39:23Z</time></trkpt><trkpt lat="-33.077020" lon="-70.694760"><ele>680.769</ele><time>2020-04-01T08:39:43Z</time></trkpt><trkpt lat="-33.076960" lon="-70.694760"><ele>680.862</ele><time>2020-04-01T08:40:03Z</time></trkpt><trkpt lat="-33.076830" lon="-70.694750"><ele>680.857</ele><time>2020-04-01T08:40:23Z</time></trkpt><trkpt lat="-33.076610" lon="-70.694750"><ele>680.830</ele><time>2020-04-01T08:40:43Z</time></trkpt><trkpt lat="-33.075490" lon="-70.694780"><ele>677.412</ele><time>2020-04-01T08:41:03Z</time></trkpt><trkpt lat="-33.074780" lon="-70.694800"><ele>675.861</ele><time>2020-04-01T08:41:23Z</time></trkpt><trkpt lat="-33.074380" lon="-70.694810"><ele>676.498</ele><time>2020-04-01T08:41:43Z</time></trkpt><trkpt lat="-33.072940" lon="-70.694850"><ele>674.519</ele><time>2020-04-01T08:42:03Z</time></trkpt><trkpt lat="-33.071320" lon="-70.694880"><ele>674.009</ele><time>2020-04-01T08:42:23Z</time></trkpt><trkpt lat="-33.065930" lon="-70.695000"><ele>670.119</ele><time>2020-04-01T08:42:43Z</time></trkpt><trkpt lat="-33.063910" lon="-70.695040"><ele>670.508</ele><time>2020-04-01T08:43:03Z</time></trkpt><trkpt lat="-33.063610" lon="-70.695050"><ele>671.255</ele><time>2020-04-01T08:43:23Z</time></trkpt><trkpt lat="-33.062890" lon="-70.695070"><ele>672.449</ele><time>2020-04-01T08:43:43Z</time></trkpt><trkpt lat="-33.062190" lon="-70.695080"><ele>672.642</ele><time>2020-04-01T08:44:03Z</time></trkpt><trkpt lat="-33.061120" lon="-70.695110"><ele>673.457</ele><time>2020-04-01T08:44:23Z</time></trkpt><trkpt lat="-33.060310" lon="-70.695130"><ele>675.180</ele><time>2020-04-01T08:44:43Z</time></trkpt><trkpt lat="-33.059590" lon="-70.695150"><ele>675.732</ele><time>2020-04-01T08:45:03Z</time></trkpt><trkpt lat="-33.059410" lon="-70.695150"><ele>675.821</ele><time>2020-04-01T08:45:23Z</time></trkpt><trkpt lat="-33.059330" lon="-70.695150"><ele>675.888</ele><time>2020-04-01T08:45:43Z</time></trkpt><trkpt lat="-33.058600" lon="-70.695170"><ele>675.014</ele><time>2020-04-01T08:46:03Z</time></trkpt><trkpt lat="-33.057860" lon="-70.695190"><ele>674.754</ele><time>2020-04-01T08:46:23Z</time></trkpt><trkpt lat="-33.056760" lon="-70.695220"><ele>676.509</ele><time>2020-04-01T08:46:43Z</time></trkpt><trkpt lat="-33.056400" lon="-70.695220"><ele>677.408</ele><time>2020-04-01T08:47:03Z</time></trkpt><trkpt lat="-33.055420" lon="-70.695230"><ele>678.825</ele><time>2020-04-01T08:47:23Z</time></trkpt><trkpt lat="-33.055300" lon="-70.695230"><ele>678.899</ele><time>2020-04-01T08:47:43Z</time></trkpt><trkpt lat="-33.054560" lon="-70.695220"><ele>678.132</ele><time>2020-04-01T08:48:03Z</time></trkpt><trkpt lat="-33.053040" lon="-70.695130"><ele>675.937</ele><time>2020-04-01T08:48:23Z</time></trkpt><trkpt lat="-33.051740" lon="-70.695040"><ele>675.950</ele><time>2020-04-01T08:48:43Z</time></trkpt><trkpt lat="-33.051460" lon="-70.695020"><ele>676.032</ele><time>2020-04-01T08:49:03Z</time></trkpt><trkpt lat="-33.051290" lon="-70.695010"><ele>676.041</ele><time>2020-04-01T08:49:23Z</time></trkpt><trkpt lat="-33.050820" lon="-70.694980"><ele>676.088</ele><time>2020-04-01T08:49:43Z</time></trkpt><trkpt lat="-33.049410" lon="-70.694890"><ele>675.243</ele><time>2020-04-01T08:50:03Z</time></trkpt><trkpt lat="-33.048530" lon="-70.694860"><ele>676.064</ele><time>2020-04-01T08:50:23Z</time></trkpt><trkpt lat="-33.048390" lon="-70.694850"><ele>676.110</ele><time>2020-04-01T08:50:43Z</time></trkpt><trkpt lat="-33.047530" lon="-70.694850"><ele>676.008</ele><time>2020-04-01T08:51:03Z</time></trkpt><trkpt lat="-33.046470" lon="-70.694830"><ele>676.858</ele><time>2020-04-01T08:51:23Z</time></trkpt><trkpt lat="-33.045380" lon="-70.694780"><ele>678.962</ele><time>2020-04-01T08:51:43Z</time></trkpt><trkpt lat="-33.045280" lon="-70.694770"><ele>679.285</ele><time>2020-04-01T08:52:03Z</time></trkpt><trkpt lat="-33.044610" lon="-70.694730"><ele>681.140</ele><time>2020-04-01T08:52:23Z</time></trkpt><trkpt lat="-33.044260" lon="-70.694710"><ele>682.113</ele><time>2020-04-01T08:52:43Z</time></trkpt><trkpt lat="-33.043910" lon="-70.694690"><ele>683.185</ele><time>2020-04-01T08:53:03Z</time></trkpt><trkpt lat="-33.043570" lon="-70.694660"><ele>684.184</ele><time>2020-04-01T08:53:23Z</time></trkpt><trkpt lat="-33.043220" lon="-70.694640"><ele>685.131</ele><time>2020-04-01T08:53:43Z</time></trkpt><trkpt lat="-33.042880" lon="-70.694610"><ele>686.037</ele><time>2020-04-01T08:54:03Z</time></trkpt><trkpt lat="-33.042590" lon="-70.694580"><ele>686.849</ele><time>2020-04-01T08:54:23Z</time></trkpt><trkpt lat="-33.042540" lon="-70.694570"><ele>686.913</ele><time>2020-04-01T08:54:43Z</time></trkpt><trkpt lat="-33.042190" lon="-70.694530"><ele>686.608</ele><time>2020-04-01T08:55:03Z</time></trkpt><trkpt lat="-33.041480" lon="-70.694410"><ele>686.497</ele><time>2020-04-01T08:55:23Z</time></trkpt><trkpt lat="-33.039780" lon="-70.694080"><ele>687.311</ele><time>2020-04-01T08:55:43Z</time></trkpt><trkpt lat="-33.039720" lon="-70.694070"><ele>687.554</ele><time>2020-04-01T08:56:03Z</time></trkpt><trkpt lat="-33.038670" lon="-70.693870"><ele>690.839</ele><time>2020-04-01T08:56:23Z</time></trkpt><trkpt lat="-33.038190" lon="-70.693770"><ele>691.552</ele><time>2020-04-01T08:56:43Z</time></trkpt><trkpt lat="-33.037100" lon="-70.693560"><ele>692.224</ele><time>2020-04-01T08:57:03Z</time></trkpt><trkpt lat="-33.036680" lon="-70.693480"><ele>692.873</ele><time>2020-04-01T08:57:23Z</time></trkpt><trkpt lat="-33.036030" lon="-70.693360"><ele>695.290</ele><time>2020-04-01T08:57:43Z</time></trkpt><trkpt lat="-33.035700" lon="-70.693290"><ele>696.212</ele><time>2020-04-01T08:58:03Z</time></trkpt><trkpt lat="-33.035070" lon="-70.693220"><ele>696.732</ele><time>2020-04-01T08:58:23Z</time></trkpt><trkpt lat="-33.034750" lon="-70.693220"><ele>696.605</ele><time>2020-04-01T08:58:43Z</time></trkpt><trkpt lat="-33.034440" lon="-70.693260"><ele>696.308</ele><time>2020-04-01T08:59:03Z</time></trkpt><trkpt lat="-33.034230" lon="-70.693290"><ele>696.295</ele><time>2020-04-01T08:59:23Z</time></trkpt><trkpt lat="-33.033000" lon="-70.693640"><ele>700.239</ele><time>2020-04-01T08:59:43Z</time></trkpt><trkpt lat="-33.032840" lon="-70.693680"><ele>700.912</ele><time>2020-04-01T09:00:03Z</time></trkpt><trkpt lat="-33.032210" lon="-70.693880"><ele>703.977</ele><time>2020-04-01T09:00:23Z</time></trkpt><trkpt lat="-33.031590" lon="-70.694110"><ele>706.050</ele><time>2020-04-01T09:00:43Z</time></trkpt><trkpt lat="-33.031470" lon="-70.694160"><ele>706.532</ele><time>2020-04-01T09:01:03Z</time></trkpt><trkpt lat="-33.031300" lon="-70.694240"><ele>707.141</ele><time>2020-04-01T09:01:23Z</time></trkpt><trkpt lat="-33.030740" lon="-70.694540"><ele>707.948</ele><time>2020-04-01T09:01:43Z</time></trkpt><trkpt lat="-33.030470" lon="-70.694710"><ele>707.682</ele><time>2020-04-01T09:02:03Z</time></trkpt><trkpt lat="-33.030160" lon="-70.694920"><ele>707.243</ele><time>2020-04-01T09:02:23Z</time></trkpt><trkpt lat="-33.029050" lon="-70.695680"><ele>709.617</ele><time>2020-04-01T09:02:43Z</time></trkpt><trkpt lat="-33.029010" lon="-70.695710"><ele>709.708</ele><time>2020-04-01T09:03:03Z</time></trkpt><trkpt lat="-33.028940" lon="-70.695760"><ele>709.872</ele><time>2020-04-01T09:03:23Z</time></trkpt><trkpt lat="-33.028830" lon="-70.695830"><ele>710.026</ele><time>2020-04-01T09:03:43Z</time></trkpt><trkpt lat="-33.028610" lon="-70.695930"><ele>709.819</ele><time>2020-04-01T09:04:03Z</time></trkpt><trkpt lat="-33.028160" lon="-70.696090"><ele>709.724</ele><time>2020-04-01T09:04:23Z</time></trkpt><trkpt lat="-33.028040" lon="-70.696120"><ele>709.787</ele><time>2020-04-01T09:04:43Z</time></trkpt><trkpt lat="-33.027920" lon="-70.696140"><ele>709.619</ele><time>2020-04-01T09:05:03Z</time></trkpt><trkpt lat="-33.027760" lon="-70.696160"><ele>709.618</ele><time>2020-04-01T09:05:23Z</time></trkpt><trkpt lat="-33.027590" lon="-70.696180"><ele>709.665</ele><time>2020-04-01T09:05:43Z</time></trkpt><trkpt lat="-33.027440" lon="-70.696200"><ele>709.435</ele><time>2020-04-01T09:06:03Z</time></trkpt><trkpt lat="-33.027340" lon="-70.696210"><ele>709.386</ele><time>2020-04-01T09:06:23Z</time></trkpt><trkpt lat="-33.027190" lon="-70.696210"><ele>709.014</ele><time>2020-04-01T09:06:43Z</time></trkpt><trkpt lat="-33.027030" lon="-70.696190"><ele>708.708</ele><time>2020-04-01T09:07:03Z</time></trkpt><trkpt lat="-33.026860" lon="-70.696180"><ele>708.487</ele><time>2020-04-01T09:07:23Z</time></trkpt><trkpt lat="-33.026670" lon="-70.696150"><ele>708.051</ele><time>2020-04-01T09:07:43Z</time></trkpt><trkpt lat="-33.026430" lon="-70.696100"><ele>708.014</ele><time>2020-04-01T09:08:03Z</time></trkpt><trkpt lat="-33.026180" lon="-70.696020"><ele>708.089</ele><time>2020-04-01T09:08:23Z</time></trkpt><trkpt lat="-33.025930" lon="-70.695930"><ele>708.062</ele><time>2020-04-01T09:08:43Z</time></trkpt><trkpt lat="-33.025690" lon="-70.695810"><ele>707.824</ele><time>2020-04-01T09:09:03Z</time></trkpt><trkpt lat="-33.025440" lon="-70.695680"><ele>707.563</ele><time>2020-04-01T09:09:23Z</time></trkpt><trkpt lat="-33.025190" lon="-70.695550"><ele>707.210</ele><time>2020-04-01T09:09:43Z</time></trkpt><trkpt lat="-33.025140" lon="-70.695520"><ele>707.248</ele><time>2020-04-01T09:10:03Z</time></trkpt><trkpt lat="-33.024950" lon="-70.695420"><ele>707.161</ele><time>2020-04-01T09:10:23Z</time></trkpt><trkpt lat="-33.024710" lon="-70.695290"><ele>707.617</ele><time>2020-04-01T09:10:43Z</time></trkpt><trkpt lat="-33.024490" lon="-70.695160"><ele>708.108</ele><time>2020-04-01T09:11:03Z</time></trkpt><trkpt lat="-33.024280" lon="-70.695040"><ele>708.768</ele><time>2020-04-01T09:11:23Z</time></trkpt><trkpt lat="-33.024060" lon="-70.694940"><ele>709.032</ele><time>2020-04-01T09:11:43Z</time></trkpt><trkpt lat="-33.023950" lon="-70.694890"><ele>709.065</ele><time>2020-04-01T09:12:03Z</time></trkpt><trkpt lat="-33.023720" lon="-70.694780"><ele>708.920</ele><time>2020-04-01T09:12:23Z</time></trkpt><trkpt lat="-33.023550" lon="-70.694710"><ele>708.743</ele><time>2020-04-01T09:12:43Z</time></trkpt><trkpt lat="-33.023370" lon="-70.694640"><ele>708.655</ele><time>2020-04-01T09:13:03Z</time></trkpt><trkpt lat="-33.023170" lon="-70.694580"><ele>708.594</ele><time>2020-04-01T09:13:23Z</time></trkpt><trkpt lat="-33.022960" lon="-70.694530"><ele>708.481</ele><time>2020-04-01T09:13:43Z</time></trkpt><trkpt lat="-33.022570" lon="-70.694450"><ele>708.351</ele><time>2020-04-01T09:14:03Z</time></trkpt><trkpt lat="-33.021470" lon="-70.694240"><ele>712.701</ele><time>2020-04-01T09:14:23Z</time></trkpt><trkpt lat="-33.020580" lon="-70.694080"><ele>716.911</ele><time>2020-04-01T09:14:43Z</time></trkpt><trkpt lat="-33.020100" lon="-70.693990"><ele>718.008</ele><time>2020-04-01T09:15:03Z</time></trkpt><trkpt lat="-33.020100" lon="-70.693990"><ele>718.049</ele><time>2020-04-01T09:15:23Z</time></trkpt><trkpt lat="-33.020030" lon="-70.694110"><ele>718.023</ele><time>2020-04-01T09:15:43Z</time></trkpt><trkpt lat="-33.019920" lon="-70.694270"><ele>717.586</ele><time>2020-04-01T09:16:03Z</time></trkpt><trkpt lat="-33.019840" lon="-70.694360"><ele>717.251</ele><time>2020-04-01T09:16:23Z</time></trkpt><trkpt lat="-33.019800" lon="-70.694400"><ele>717.044</ele><time>2020-04-01T09:16:43Z</time></trkpt><trkpt lat="-33.019690" lon="-70.694500"><ele>716.796</ele><time>2020-04-01T09:17:03Z</time></trkpt><trkpt lat="-33.019640" lon="-70.694560"><ele>716.595</ele><time>2020-04-01T09:17:23Z</time></trkpt><trkpt lat="-33.019600" lon="-70.694600"><ele>716.362</ele><time>2020-04-01T09:17:43Z</time></trkpt><trkpt lat="-33.019530" lon="-70.694680"><ele>716.091</ele><time>2020-04-01T09:18:03Z</time></trkpt><trkpt lat="-33.019160" lon="-70.695110"><ele>714.181</ele><time>2020-04-01T09:18:23Z</time></trkpt><trkpt lat="-33.019100" lon="-70.695180"><ele>713.619</ele><time>2020-04-01T09:18:43Z</time></trkpt><trkpt lat="-33.018960" lon="-70.695330"><ele>712.708</ele><time>2020-04-01T09:19:03Z</time></trkpt><trkpt lat="-33.018850" lon="-70.695440"><ele>712.193</ele><time>2020-04-01T09:19:23Z</time></trkpt><trkpt lat="-33.018570" lon="-70.695740"><ele>710.227</ele><time>2020-04-01T09:19:43Z</time></trkpt><trkpt lat="-33.018320" lon="-70.696020"><ele>708.940</ele><time>2020-04-01T09:20:03Z</time></trkpt><trkpt lat="-33.018130" lon="-70.696250"><ele>708.035</ele><time>2020-04-01T09:20:23Z</time></trkpt><trkpt lat="-33.018110" lon="-70.696280"><ele>707.958</ele><time>2020-04-01T09:20:43Z</time></trkpt><trkpt lat="-33.018080" lon="-70.696300"><ele>707.840</ele><time>2020-04-01T09:21:03Z</time></trkpt><trkpt lat="-33.018060" lon="-70.696330"><ele>707.739</ele><time>2020-04-01T09:21:23Z</time></trkpt><trkpt lat="-33.018030" lon="-70.696360"><ele>707.666</ele><time>2020-04-01T09:21:43Z</time></trkpt><trkpt lat="-33.018010" lon="-70.696390"><ele>707.415</ele><time>2020-04-01T09:22:03Z</time></trkpt><trkpt lat="-33.017990" lon="-70.696420"><ele>707.365</ele><time>2020-04-01T09:22:23Z</time></trkpt><trkpt lat="-33.017960" lon="-70.696450"><ele>707.211</ele><time>2020-04-01T09:22:43Z</time></trkpt><trkpt lat="-33.017940" lon="-70.696480"><ele>707.108</ele><time>2020-04-01T09:23:03Z</time></trkpt><trkpt lat="-33.017920" lon="-70.696500"><ele>707.015</ele><time>2020-04-01T09:23:23Z</time></trkpt><trkpt lat="-33.017890" lon="-70.696530"><ele>706.969</ele><time>2020-04-01T09:23:43Z</time></trkpt><trkpt lat="-33.017870" lon="-70.696560"><ele>706.822</ele><time>2020-04-01T09:24:03Z</time></trkpt><trkpt lat="-33.017840" lon="-70.696590"><ele>706.617</ele><time>2020-04-01T09:24:23Z</time></trkpt><trkpt lat="-33.017820" lon="-70.696620"><ele>706.560</ele><time>2020-04-01T09:24:43Z</time></trkpt><trkpt lat="-33.017800" lon="-70.696650"><ele>706.412</ele><time>2020-04-01T09:25:03Z</time></trkpt><trkpt lat="-33.017770" lon="-70.696680"><ele>706.361</ele><time>2020-04-01T09:25:23Z</time></trkpt><trkpt lat="-33.017750" lon="-70.696710"><ele>706.378</ele><time>2020-04-01T09:25:43Z</time></trkpt><trkpt lat="-33.017730" lon="-70.696740"><ele>706.448</ele><time>2020-04-01T09:26:03Z</time></trkpt><trkpt lat="-33.017700" lon="-70.696760"><ele>706.461</ele><time>2020-04-01T09:26:23Z</time></trkpt><trkpt lat="-33.017680" lon="-70.696790"><ele>706.417</ele><time>2020-04-01T09:26:43Z</time></trkpt><trkpt lat="-33.017670" lon="-70.696800"><ele>706.408</ele><time>2020-04-01T09:27:03Z</time></trkpt><trkpt lat="-33.017650" lon="-70.696820"><ele>706.588</ele><time>2020-04-01T09:27:23Z</time></trkpt><trkpt lat="-33.017630" lon="-70.696850"><ele>706.572</ele><time>2020-04-01T09:27:43Z</time></trkpt><trkpt lat="-33.017610" lon="-70.696880"><ele>706.555</ele><time>2020-04-01T09:28:03Z</time></trkpt><trkpt lat="-33.017590" lon="-70.696910"><ele>706.550</ele><time>2020-04-01T09:28:23Z</time></trkpt><trkpt lat="-33.017570" lon="-70.696940"><ele>706.583</ele><time>2020-04-01T09:28:43Z</time></trkpt><trkpt lat="-33.017550" lon="-70.696960"><ele>706.565</ele><time>2020-04-01T09:29:03Z</time></trkpt><trkpt lat="-33.017540" lon="-70.696970"><ele>706.564</ele><time>2020-04-01T09:29:23Z</time></trkpt><trkpt lat="-33.017520" lon="-70.697000"><ele>706.661</ele><time>2020-04-01T09:29:43Z</time></trkpt><trkpt lat="-33.017500" lon="-70.697030"><ele>706.614</ele><time>2020-04-01T09:30:03Z</time></trkpt><trkpt lat="-33.017480" lon="-70.697060"><ele>706.554</ele><time>2020-04-01T09:30:23Z</time></trkpt><trkpt lat="-33.017450" lon="-70.697100"><ele>706.509</ele><time>2020-04-01T09:30:43Z</time></trkpt><trkpt lat="-33.017430" lon="-70.697130"><ele>706.508</ele><time>2020-04-01T09:31:03Z</time></trkpt><trkpt lat="-33.017410" lon="-70.697160"><ele>706.545</ele><time>2020-04-01T09:31:23Z</time></trkpt><trkpt lat="-33.017390" lon="-70.697190"><ele>706.429</ele><time>2020-04-01T09:31:43Z</time></trkpt><trkpt lat="-33.017370" lon="-70.697230"><ele>706.482</ele><time>2020-04-01T09:32:03Z</time></trkpt><trkpt lat="-33.017360" lon="-70.697260"><ele>706.367</ele><time>2020-04-01T09:32:23Z</time></trkpt><trkpt lat="-33.017340" lon="-70.697290"><ele>706.380</ele><time>2020-04-01T09:32:43Z</time></trkpt><trkpt lat="-33.017320" lon="-70.697330"><ele>706.232</ele><time>2020-04-01T09:33:03Z</time></trkpt><trkpt lat="-33.017320" lon="-70.697340"><ele>706.221</ele><time>2020-04-01T09:33:23Z</time></trkpt><trkpt lat="-33.017300" lon="-70.697360"><ele>706.258</ele><time>2020-04-01T09:33:43Z</time></trkpt><trkpt lat="-33.017290" lon="-70.697400"><ele>706.134</ele><time>2020-04-01T09:34:03Z</time></trkpt><trkpt lat="-33.017270" lon="-70.697440"><ele>706.155</ele><time>2020-04-01T09:34:23Z</time></trkpt><trkpt lat="-33.017260" lon="-70.697470"><ele>706.010</ele><time>2020-04-01T09:34:43Z</time></trkpt><trkpt lat="-33.017240" lon="-70.697510"><ele>706.008</ele><time>2020-04-01T09:35:03Z</time></trkpt><trkpt lat="-33.017230" lon="-70.697540"><ele>706.177</ele><time>2020-04-01T09:35:23Z</time></trkpt><trkpt lat="-33.017210" lon="-70.697580"><ele>706.191</ele><time>2020-04-01T09:35:43Z</time></trkpt><trkpt lat="-33.017200" lon="-70.697620"><ele>706.214</ele><time>2020-04-01T09:36:03Z</time></trkpt><trkpt lat="-33.017190" lon="-70.697650"><ele>706.219</ele><time>2020-04-01T09:36:23Z</time></trkpt><trkpt lat="-33.017170" lon="-70.697690"><ele>706.382</ele><time>2020-04-01T09:36:43Z</time></trkpt><trkpt lat="-33.017160" lon="-70.697730"><ele>706.474</ele><time>2020-04-01T09:37:03Z</time></trkpt><trkpt lat="-33.017150" lon="-70.697770"><ele>706.523</ele><time>2020-04-01T09:37:23Z</time></trkpt><trkpt lat="-33.017130" lon="-70.697800"><ele>706.570</ele><time>2020-04-01T09:37:43Z</time></trkpt><trkpt lat="-33.017120" lon="-70.697840"><ele>706.666</ele><time>2020-04-01T09:38:03Z</time></trkpt><trkpt lat="-33.017100" lon="-70.697880"><ele>706.729</ele><time>2020-04-01T09:38:23Z</time></trkpt><trkpt lat="-33.017090" lon="-70.697910"><ele>706.721</ele><time>2020-04-01T09:38:43Z</time></trkpt><trkpt lat="-33.017080" lon="-70.697950"><ele>706.808</ele><time>2020-04-01T09:39:03Z</time></trkpt><trkpt lat="-33.017070" lon="-70.697990"><ele>706.930</ele><time>2020-04-01T09:39:23Z</time></trkpt><trkpt lat="-33.017050" lon="-70.698030"><ele>707.014</ele><time>2020-04-01T09:39:43Z</time></trkpt><trkpt lat="-33.017040" lon="-70.698060"><ele>707.077</ele><time>2020-04-01T09:40:03Z</time></trkpt><trkpt lat="-33.017030" lon="-70.698100"><ele>707.192</ele><time>2020-04-01T09:40:23Z</time></trkpt><trkpt lat="-33.017010" lon="-70.698140"><ele>707.295</ele><time>2020-04-01T09:40:43Z</time></trkpt><trkpt lat="-33.017000" lon="-70.698170"><ele>707.387</ele><time>2020-04-01T09:41:03Z</time></trkpt><trkpt lat="-33.016990" lon="-70.698210"><ele>707.416</ele><time>2020-04-01T09:41:23Z</time></trkpt><trkpt lat="-33.016980" lon="-70.698250"><ele>707.573</ele><time>2020-04-01T09:41:43Z</time></trkpt><trkpt lat="-33.016960" lon="-70.698290"><ele>707.659</ele><time>2020-04-01T09:42:03Z</time></trkpt><trkpt lat="-33.016950" lon="-70.698320"><ele>707.603</ele><time>2020-04-01T09:42:23Z</time></trkpt><trkpt lat="-33.016940" lon="-70.698360"><ele>707.723</ele><time>2020-04-01T09:42:43Z</time></trkpt><trkpt lat="-33.016920" lon="-70.698400"><ele>707.708</ele><time>2020-04-01T09:43:03Z</time></trkpt><trkpt lat="-33.016910" lon="-70.698440"><ele>707.739</ele><time>2020-04-01T09:43:23Z</time></trkpt><trkpt lat="-33.016900" lon="-70.698470"><ele>707.763</ele><time>2020-04-01T09:43:43Z</time></trkpt><trkpt lat="-33.016740" lon="-70.698930"><ele>707.896</ele><time>2020-04-01T09:44:03Z</time></trkpt><trkpt lat="-33.016620" lon="-70.699220"><ele>708.291</ele><time>2020-04-01T09:44:23Z</time></trkpt><trkpt lat="-33.016540" lon="-70.699390"><ele>708.364</ele><time>2020-04-01T09:44:43Z</time></trkpt><trkpt lat="-33.016470" lon="-70.699530"><ele>708.566</ele><time>2020-04-01T09:45:03Z</time></trkpt><trkpt lat="-33.016430" lon="-70.699590"><ele>708.685</ele><time>2020-04-01T09:45:23Z</time></trkpt><trkpt lat="-33.016390" lon="-70.699660"><ele>708.772</ele><time>2020-04-01T09:45:43Z</time></trkpt><trkpt lat="-33.016380" lon="-70.699670"><ele>708.847</ele><time>2020-04-01T09:46:03Z</time></trkpt><trkpt lat="-33.016360" lon="-70.699700"><ele>708.829</ele><time>2020-04-01T09:46:23Z</time></trkpt><trkpt lat="-33.016340" lon="-70.699740"><ele>708.921</ele><time>2020-04-01T09:46:43Z</time></trkpt><trkpt lat="-33.016330" lon="-70.699770"><ele>708.908</ele><time>2020-04-01T09:47:03Z</time></trkpt><trkpt lat="-33.016310" lon="-70.699800"><ele>709.058</ele><time>2020-04-01T09:47:23Z</time></trkpt><trkpt lat="-33.016290" lon="-70.699830"><ele>709.082</ele><time>2020-04-01T09:47:43Z</time></trkpt><trkpt lat="-33.016270" lon="-70.699860"><ele>709.165</ele><time>2020-04-01T09:48:03Z</time></trkpt><trkpt lat="-33.016250" lon="-70.699890"><ele>709.120</ele><time>2020-04-01T09:48:23Z</time></trkpt><trkpt lat="-33.016230" lon="-70.699920"><ele>709.293</ele><time>2020-04-01T09:48:43Z</time></trkpt><trkpt lat="-33.016210" lon="-70.699960"><ele>709.215</ele><time>2020-04-01T09:49:03Z</time></trkpt><trkpt lat="-33.016190" lon="-70.699990"><ele>709.364</ele><time>2020-04-01T09:49:23Z</time></trkpt><trkpt lat="-33.016170" lon="-70.700020"><ele>709.311</ele><time>2020-04-01T09:49:43Z</time></trkpt><trkpt lat="-33.016150" lon="-70.700050"><ele>709.242</ele><time>2020-04-01T09:50:03Z</time></trkpt><trkpt lat="-33.016130" lon="-70.700080"><ele>709.122</ele><time>2020-04-01T09:50:23Z</time></trkpt><trkpt lat="-33.016110" lon="-70.700110"><ele>709.114</ele><time>2020-04-01T09:50:43Z</time></trkpt><trkpt lat="-33.016100" lon="-70.700140"><ele>708.908</ele><time>2020-04-01T09:51:03Z</time></trkpt><trkpt lat="-33.016080" lon="-70.700170"><ele>708.858</ele><time>2020-04-01T09:51:23Z</time></trkpt><trkpt lat="-33.016060" lon="-70.700210"><ele>708.732</ele><time>2020-04-01T09:51:43Z</time></trkpt><trkpt lat="-33.016040" lon="-70.700240"><ele>708.695</ele><time>2020-04-01T09:52:03Z</time></trkpt><trkpt lat="-33.016020" lon="-70.700270"><ele>708.530</ele><time>2020-04-01T09:52:23Z</time></trkpt><trkpt lat="-33.016020" lon="-70.700270"><ele>708.563</ele><time>2020-04-01T09:52:43Z</time></trkpt><trkpt lat="-33.016040" lon="-70.700240"><ele>708.695</ele><time>2020-04-01T09:53:03Z</time></trkpt><trkpt lat="-33.016060" lon="-70.700210"><ele>708.784</ele><time>2020-04-01T09:53:23Z</time></trkpt><trkpt lat="-33.016080" lon="-70.700170"><ele>708.871</ele><time>2020-04-01T09:53:43Z</time></trkpt><trkpt lat="-33.016100" lon="-70.700140"><ele>708.997</ele><time>2020-04-01T09:54:03Z</time></trkpt><trkpt lat="-33.016110" lon="-70.700110"><ele>709.123</ele><time>2020-04-01T09:54:23Z</time></trkpt><trkpt lat="-33.016130" lon="-70.700080"><ele>709.125</ele><time>2020-04-01T09:54:43Z</time></trkpt><trkpt lat="-33.016150" lon="-70.700050"><ele>709.208</ele><time>2020-04-01T09:55:03Z</time></trkpt><trkpt lat="-33.016170" lon="-70.700020"><ele>709.343</ele><time>2020-04-01T09:55:23Z</time></trkpt><trkpt lat="-33.016190" lon="-70.699990"><ele>709.357</ele><time>2020-04-01T09:55:43Z</time></trkpt><trkpt lat="-33.016210" lon="-70.699960"><ele>709.280</ele><time>2020-04-01T09:56:03Z</time></trkpt><trkpt lat="-33.016230" lon="-70.699920"><ele>709.285</ele><time>2020-04-01T09:56:23Z</time></trkpt><trkpt lat="-33.016250" lon="-70.699890"><ele>709.198</ele><time>2020-04-01T09:56:43Z</time></trkpt><trkpt lat="-33.016270" lon="-70.699860"><ele>709.140</ele><time>2020-04-01T09:57:03Z</time></trkpt><trkpt lat="-33.016290" lon="-70.699830"><ele>709.029</ele><time>2020-04-01T09:57:23Z</time></trkpt><trkpt lat="-33.016310" lon="-70.699800"><ele>709.076</ele><time>2020-04-01T09:57:43Z</time></trkpt><trkpt lat="-33.016330" lon="-70.699770"><ele>708.997</ele><time>2020-04-01T09:58:03Z</time></trkpt><trkpt lat="-33.016340" lon="-70.699740"><ele>708.923</ele><time>2020-04-01T09:58:23Z</time></trkpt><trkpt lat="-33.016360" lon="-70.699700"><ele>708.825</ele><time>2020-04-01T09:58:43Z</time></trkpt><trkpt lat="-33.016380" lon="-70.699670"><ele>708.808</ele><time>2020-04-01T09:59:03Z</time></trkpt><trkpt lat="-33.016390" lon="-70.699660"><ele>708.773</ele><time>2020-04-01T09:59:23Z</time></trkpt><trkpt lat="-33.016430" lon="-70.699590"><ele>708.627</ele><time>2020-04-01T09:59:43Z</time></trkpt><trkpt lat="-33.016470" lon="-70.699530"><ele>708.570</ele><time>2020-04-01T10:00:03Z</time></trkpt><trkpt lat="-33.016540" lon="-70.699390"><ele>708.355</ele><time>2020-04-01T10:00:23Z</time></trkpt><trkpt lat="-33.016620" lon="-70.699220"><ele>708.298</ele><time>2020-04-01T10:00:43Z</time></trkpt><trkpt lat="-33.016740" lon="-70.698930"><ele>707.840</ele><time>2020-04-01T10:01:03Z</time></trkpt><trkpt lat="-33.016900" lon="-70.698470"><ele>707.729</ele><time>2020-04-01T10:01:23Z</time></trkpt><trkpt lat="-33.016910" lon="-70.698440"><ele>707.756</ele><time>2020-04-01T10:01:43Z</time></trkpt><trkpt lat="-33.016920" lon="-70.698400"><ele>707.733</ele><time>2020-04-01T10:02:03Z</time></trkpt><trkpt lat="-33.016940" lon="-70.698360"><ele>707.723</ele><time>2020-04-01T10:02:23Z</time></trkpt><trkpt lat="-33.016950" lon="-70.698320"><ele>707.615</ele><time>2020-04-01T10:02:43Z</time></trkpt><trkpt lat="-33.016960" lon="-70.698290"><ele>707.608</ele><time>2020-04-01T10:03:03Z</time></trkpt><trkpt lat="-33.016980" lon="-70.698250"><ele>707.587</ele><time>2020-04-01T10:03:23Z</time></trkpt><trkpt lat="-33.016990" lon="-70.698210"><ele>707.411</ele><time>2020-04-01T10:03:43Z</time></trkpt><trkpt lat="-33.017000" lon="-70.698170"><ele>707.374</ele><time>2020-04-01T10:04:03Z</time></trkpt><trkpt lat="-33.017010" lon="-70.698140"><ele>707.289</ele><time>2020-04-01T10:04:23Z</time></trkpt><trkpt lat="-33.017030" lon="-70.698100"><ele>707.182</ele><time>2020-04-01T10:04:43Z</time></trkpt><trkpt lat="-33.017040" lon="-70.698060"><ele>707.074</ele><time>2020-04-01T10:05:03Z</time></trkpt><trkpt lat="-33.017050" lon="-70.698030"><ele>707.033</ele><time>2020-04-01T10:05:23Z</time></trkpt><trkpt lat="-33.017070" lon="-70.697990"><ele>706.960</ele><time>2020-04-01T10:05:43Z</time></trkpt><trkpt lat="-33.017080" lon="-70.697950"><ele>706.863</ele><time>2020-04-01T10:06:03Z</time></trkpt><trkpt lat="-33.017090" lon="-70.697910"><ele>706.744</ele><time>2020-04-01T10:06:23Z</time></trkpt><trkpt lat="-33.017100" lon="-70.697880"><ele>706.718</ele><time>2020-04-01T10:06:43Z</time></trkpt><trkpt lat="-33.017120" lon="-70.697840"><ele>706.608</ele><time>2020-04-01T10:07:03Z</time></trkpt><trkpt lat="-33.017130" lon="-70.697800"><ele>706.570</ele><time>2020-04-01T10:07:23Z</time></trkpt><trkpt lat="-33.017150" lon="-70.697770"><ele>706.534</ele><time>2020-04-01T10:07:43Z</time></trkpt><trkpt lat="-33.017160" lon="-70.697730"><ele>706.437</ele><time>2020-04-01T10:08:03Z</time></trkpt><trkpt lat="-33.017170" lon="-70.697690"><ele>706.352</ele><time>2020-04-01T10:08:23Z</time></trkpt><trkpt lat="-33.017190" lon="-70.697650"><ele>706.215</ele><time>2020-04-01T10:08:43Z</time></trkpt><trkpt lat="-33.017200" lon="-70.697620"><ele>706.257</ele><time>2020-04-01T10:09:03Z</time></trkpt><trkpt lat="-33.017210" lon="-70.697580"><ele>706.136</ele><time>2020-04-01T10:09:23Z</time></trkpt><trkpt lat="-33.017230" lon="-70.697540"><ele>706.113</ele><time>2020-04-01T10:09:43Z</time></trkpt><trkpt lat="-33.017240" lon="-70.697510"><ele>706.097</ele><time>2020-04-01T10:10:03Z</time></trkpt><trkpt lat="-33.017260" lon="-70.697470"><ele>706.023</ele><time>2020-04-01T10:10:23Z</time></trkpt><trkpt lat="-33.017270" lon="-70.697440"><ele>706.125</ele><time>2020-04-01T10:10:43Z</time></trkpt><trkpt lat="-33.017290" lon="-70.697400"><ele>706.108</ele><time>2020-04-01T10:11:03Z</time></trkpt><trkpt lat="-33.017300" lon="-70.697360"><ele>706.253</ele><time>2020-04-01T10:11:23Z</time></trkpt><trkpt lat="-33.017320" lon="-70.697340"><ele>706.257</ele><time>2020-04-01T10:11:43Z</time></trkpt><trkpt lat="-33.017320" lon="-70.697330"><ele>706.280</ele><time>2020-04-01T10:12:03Z</time></trkpt><trkpt lat="-33.017340" lon="-70.697290"><ele>706.375</ele><time>2020-04-01T10:12:23Z</time></trkpt><trkpt lat="-33.017360" lon="-70.697260"><ele>706.368</ele><time>2020-04-01T10:12:43Z</time></trkpt><trkpt lat="-33.017370" lon="-70.697230"><ele>706.450</ele><time>2020-04-01T10:13:03Z</time></trkpt><trkpt lat="-33.017390" lon="-70.697190"><ele>706.469</ele><time>2020-04-01T10:13:23Z</time></trkpt><trkpt lat="-33.017410" lon="-70.697160"><ele>706.596</ele><time>2020-04-01T10:13:43Z</time></trkpt><trkpt lat="-33.017430" lon="-70.697130"><ele>706.547</ele><time>2020-04-01T10:14:03Z</time></trkpt><trkpt lat="-33.017450" lon="-70.697100"><ele>706.529</ele><time>2020-04-01T10:14:23Z</time></trkpt><trkpt lat="-33.017480" lon="-70.697060"><ele>706.521</ele><time>2020-04-01T10:14:43Z</time></trkpt><trkpt lat="-33.017500" lon="-70.697030"><ele>706.608</ele><time>2020-04-01T10:15:03Z</time></trkpt><trkpt lat="-33.017520" lon="-70.697000"><ele>706.638</ele><time>2020-04-01T10:15:23Z</time></trkpt><trkpt lat="-33.017540" lon="-70.696970"><ele>706.542</ele><time>2020-04-01T10:15:43Z</time></trkpt><trkpt lat="-33.017550" lon="-70.696960"><ele>706.565</ele><time>2020-04-01T10:16:03Z</time></trkpt><trkpt lat="-33.017570" lon="-70.696940"><ele>706.510</ele><time>2020-04-01T10:16:23Z</time></trkpt><trkpt lat="-33.017590" lon="-70.696910"><ele>706.523</ele><time>2020-04-01T10:16:43Z</time></trkpt><trkpt lat="-33.017610" lon="-70.696880"><ele>706.565</ele><time>2020-04-01T10:17:03Z</time></trkpt><trkpt lat="-33.017630" lon="-70.696850"><ele>706.544</ele><time>2020-04-01T10:17:23Z</time></trkpt><trkpt lat="-33.017650" lon="-70.696820"><ele>706.511</ele><time>2020-04-01T10:17:43Z</time></trkpt><trkpt lat="-33.017670" lon="-70.696800"><ele>706.493</ele><time>2020-04-01T10:18:03Z</time></trkpt><trkpt lat="-33.017680" lon="-70.696790"><ele>706.465</ele><time>2020-04-01T10:18:23Z</time></trkpt><trkpt lat="-33.017700" lon="-70.696760"><ele>706.421</ele><time>2020-04-01T10:18:43Z</time></trkpt><trkpt lat="-33.017730" lon="-70.696740"><ele>706.408</ele><time>2020-04-01T10:19:03Z</time></trkpt><trkpt lat="-33.017750" lon="-70.696710"><ele>706.363</ele><time>2020-04-01T10:19:23Z</time></trkpt><trkpt lat="-33.017770" lon="-70.696680"><ele>706.347</ele><time>2020-04-01T10:19:43Z</time></trkpt><trkpt lat="-33.017800" lon="-70.696650"><ele>706.440</ele><time>2020-04-01T10:20:03Z</time></trkpt><trkpt lat="-33.017820" lon="-70.696620"><ele>706.575</ele><time>2020-04-01T10:20:23Z</time></trkpt><trkpt lat="-33.017840" lon="-70.696590"><ele>706.698</ele><time>2020-04-01T10:20:43Z</time></trkpt><trkpt lat="-33.017870" lon="-70.696560"><ele>706.870</ele><time>2020-04-01T10:21:03Z</time></trkpt><trkpt lat="-33.017890" lon="-70.696530"><ele>706.949</ele><time>2020-04-01T10:21:23Z</time></trkpt><trkpt lat="-33.017920" lon="-70.696500"><ele>707.086</ele><time>2020-04-01T10:21:43Z</time></trkpt><trkpt lat="-33.017940" lon="-70.696480"><ele>707.176</ele><time>2020-04-01T10:22:03Z</time></trkpt><trkpt lat="-33.017960" lon="-70.696450"><ele>707.290</ele><time>2020-04-01T10:22:23Z</time></trkpt><trkpt lat="-33.017990" lon="-70.696420"><ele>707.319</ele><time>2020-04-01T10:22:43Z</time></trkpt><trkpt lat="-33.018010" lon="-70.696390"><ele>707.408</ele><time>2020-04-01T10:23:03Z</time></trkpt><trkpt lat="-33.018030" lon="-70.696360"><ele>707.621</ele><time>2020-04-01T10:23:23Z</time></trkpt><trkpt lat="-33.018060" lon="-70.696330"><ele>707.745</ele><time>2020-04-01T10:23:43Z</time></trkpt><trkpt lat="-33.018080" lon="-70.696300"><ele>707.868</ele><time>2020-04-01T10:24:03Z</time></trkpt><trkpt lat="-33.018110" lon="-70.696280"><ele>707.993</ele><time>2020-04-01T10:24:23Z</time></trkpt><trkpt lat="-33.018130" lon="-70.696250"><ele>708.016</ele><time>2020-04-01T10:24:43Z</time></trkpt><trkpt lat="-33.018320" lon="-70.696020"><ele>708.988</ele><time>2020-04-01T10:25:03Z</time></trkpt><trkpt lat="-33.018570" lon="-70.695740"><ele>710.227</ele><time>2020-04-01T10:25:23Z</time></trkpt><trkpt lat="-33.018850" lon="-70.695440"><ele>712.184</ele><time>2020-04-01T10:25:43Z</time></trkpt><trkpt lat="-33.018960" lon="-70.695330"><ele>712.765</ele><time>2020-04-01T10:26:03Z</time></trkpt><trkpt lat="-33.019100" lon="-70.695180"><ele>713.668</ele><time>2020-04-01T10:26:23Z</time></trkpt><trkpt lat="-33.019160" lon="-70.695110"><ele>714.114</ele><time>2020-04-01T10:26:43Z</time></trkpt><trkpt lat="-33.019530" lon="-70.694680"><ele>716.008</ele><time>2020-04-01T10:27:03Z</time></trkpt><trkpt lat="-33.019600" lon="-70.694600"><ele>716.370</ele><time>2020-04-01T10:27:23Z</time></trkpt><trkpt lat="-33.019640" lon="-70.694560"><ele>716.524</ele><time>2020-04-01T10:27:43Z</time></trkpt><trkpt lat="-33.019690" lon="-70.694500"><ele>716.767</ele><time>2020-04-01T10:28:03Z</time></trkpt><trkpt lat="-33.019800" lon="-70.694400"><ele>717.082</ele><time>2020-04-01T10:28:23Z</time></trkpt><trkpt lat="-33.019840" lon="-70.694360"><ele>717.235</ele><time>2020-04-01T10:28:43Z</time></trkpt><trkpt lat="-33.019920" lon="-70.694270"><ele>717.527</ele><time>2020-04-01T10:29:03Z</time></trkpt><trkpt lat="-33.020030" lon="-70.694110"><ele>718.066</ele><time>2020-04-01T10:29:23Z</time></trkpt><trkpt lat="-33.020030" lon="-70.694110"><ele>718.023</ele><time>2020-04-01T10:29:43Z</time></trkpt><trkpt lat="-33.020100" lon="-70.693990"><ele>718.013</ele><time>2020-04-01T10:30:03Z</time></trkpt><trkpt lat="-33.019420" lon="-70.693880"><ele>720.743</ele><time>2020-04-01T10:30:23Z</time></trkpt><trkpt lat="-33.019240" lon="-70.693850"><ele>721.507</ele><time>2020-04-01T10:30:43Z</time></trkpt><trkpt lat="-33.019060" lon="-70.693820"><ele>722.108</ele><time>2020-04-01T10:31:03Z</time></trkpt><trkpt lat="-33.018790" lon="-70.693780"><ele>722.825</ele><time>2020-04-01T10:31:23Z</time></trkpt><trkpt lat="-33.018730" lon="-70.693780"><ele>723.089</ele><time>2020-04-01T10:31:43Z</time></trkpt><trkpt lat="-33.018490" lon="-70.693780"><ele>723.682</ele><time>2020-04-01T10:32:03Z</time></trkpt><trkpt lat="-33.018440" lon="-70.693770"><ele>723.727</ele><time>2020-04-01T10:32:23Z</time></trkpt><trkpt lat="-33.018220" lon="-70.693730"><ele>724.640</ele><time>2020-04-01T10:32:43Z</time></trkpt><trkpt lat="-33.017680" lon="-70.693640"><ele>727.472</ele><time>2020-04-01T10:33:03Z</time></trkpt><trkpt lat="-33.016970" lon="-70.693520"><ele>730.371</ele><time>2020-04-01T10:33:23Z</time></trkpt><trkpt lat="-33.016440" lon="-70.693420"><ele>731.948</ele><time>2020-04-01T10:33:43Z</time></trkpt><trkpt lat="-33.016030" lon="-70.693350"><ele>732.738</ele><time>2020-04-01T10:34:03Z</time></trkpt><trkpt lat="-33.015410" lon="-70.693200"><ele>734.070</ele><time>2020-04-01T10:34:23Z</time></trkpt><trkpt lat="-33.014890" lon="-70.693050"><ele>735.117</ele><time>2020-04-01T10:34:43Z</time></trkpt><trkpt lat="-33.014100" lon="-70.692780"><ele>728.508</ele><time>2020-04-01T10:35:03Z</time></trkpt><trkpt lat="-33.013310" lon="-70.692450"><ele>729.577</ele><time>2020-04-01T10:35:23Z</time></trkpt><trkpt lat="-33.012630" lon="-70.692160"><ele>734.131</ele><time>2020-04-01T10:35:43Z</time></trkpt><trkpt lat="-33.012470" lon="-70.692090"><ele>735.474</ele><time>2020-04-01T10:36:03Z</time></trkpt><trkpt lat="-33.010930" lon="-70.691460"><ele>737.059</ele><time>2020-04-01T10:36:23Z</time></trkpt><trkpt lat="-33.010080" lon="-70.691110"><ele>738.912</ele><time>2020-04-01T10:36:43Z</time></trkpt><trkpt lat="-33.009740" lon="-70.690970"><ele>739.964</ele><time>2020-04-01T10:37:03Z</time></trkpt><trkpt lat="-33.009410" lon="-70.690840"><ele>741.493</ele><time>2020-04-01T10:37:23Z</time></trkpt><trkpt lat="-33.008050" lon="-70.690270"><ele>751.010</ele><time>2020-04-01T10:37:43Z</time></trkpt><trkpt lat="-33.007480" lon="-70.690020"><ele>756.811</ele><time>2020-04-01T10:38:03Z</time></trkpt><trkpt lat="-33.007030" lon="-70.689840"><ele>759.321</ele><time>2020-04-01T10:38:23Z</time></trkpt><trkpt lat="-33.006520" lon="-70.689630"><ele>761.103</ele><time>2020-04-01T10:38:43Z</time></trkpt><trkpt lat="-33.005850" lon="-70.689360"><ele>761.208</ele><time>2020-04-01T10:39:03Z</time></trkpt><trkpt lat="-33.005820" lon="-70.689350"><ele>761.365</ele><time>2020-04-01T10:39:23Z</time></trkpt><trkpt lat="-33.005110" lon="-70.689050"><ele>766.439</ele><time>2020-04-01T10:39:43Z</time></trkpt><trkpt lat="-33.004320" lon="-70.688730"><ele>768.032</ele><time>2020-04-01T10:40:03Z</time></trkpt><trkpt lat="-33.004150" lon="-70.688660"><ele>768.297</ele><time>2020-04-01T10:40:23Z</time></trkpt><trkpt lat="-33.003890" lon="-70.688560"><ele>768.220</ele><time>2020-04-01T10:40:43Z</time></trkpt><trkpt lat="-33.002830" lon="-70.688130"><ele>768.392</ele><time>2020-04-01T10:41:03Z</time></trkpt><trkpt lat="-33.001980" lon="-70.687790"><ele>768.191</ele><time>2020-04-01T10:41:23Z</time></trkpt><trkpt lat="-33.001810" lon="-70.687720"><ele>768.288</ele><time>2020-04-01T10:41:43Z</time></trkpt><trkpt lat="-33.001490" lon="-70.687580"><ele>768.972</ele><time>2020-04-01T10:42:03Z</time></trkpt><trkpt lat="-33.001370" lon="-70.687540"><ele>769.213</ele><time>2020-04-01T10:42:23Z</time></trkpt><trkpt lat="-33.000800" lon="-70.687320"><ele>770.214</ele><time>2020-04-01T10:42:43Z</time></trkpt><trkpt lat="-33.000700" lon="-70.687280"><ele>770.108</ele><time>2020-04-01T10:43:03Z</time></trkpt><trkpt lat="-33.000280" lon="-70.687080"><ele>770.491</ele><time>2020-04-01T10:43:23Z</time></trkpt><trkpt lat="-33.000060" lon="-70.686970"><ele>770.635</ele><time>2020-04-01T10:43:43Z</time></trkpt><trkpt lat="-32.999900" lon="-70.686910"><ele>770.688</ele><time>2020-04-01T10:44:03Z</time></trkpt><trkpt lat="-32.999800" lon="-70.686860"><ele>770.733</ele><time>2020-04-01T10:44:23Z</time></trkpt><trkpt lat="-32.999060" lon="-70.686540"><ele>771.046</ele><time>2020-04-01T10:44:43Z</time></trkpt><trkpt lat="-32.998690" lon="-70.686400"><ele>770.578</ele><time>2020-04-01T10:45:03Z</time></trkpt><trkpt lat="-32.998470" lon="-70.686300"><ele>770.357</ele><time>2020-04-01T10:45:23Z</time></trkpt><trkpt lat="-32.998220" lon="-70.686210"><ele>770.444</ele><time>2020-04-01T10:45:43Z</time></trkpt><trkpt lat="-32.998150" lon="-70.686150"><ele>770.914</ele><time>2020-04-01T10:46:03Z</time></trkpt><trkpt lat="-32.998090" lon="-70.686130"><ele>771.154</ele><time>2020-04-01T10:46:23Z</time></trkpt><trkpt lat="-32.997800" lon="-70.686000"><ele>771.809</ele><time>2020-04-01T10:46:43Z</time></trkpt><trkpt lat="-32.996960" lon="-70.685670"><ele>772.108</ele><time>2020-04-01T10:47:03Z</time></trkpt><trkpt lat="-32.996430" lon="-70.685470"><ele>774.295</ele><time>2020-04-01T10:47:23Z</time></trkpt><trkpt lat="-32.996400" lon="-70.685460"><ele>774.459</ele><time>2020-04-01T10:47:43Z</time></trkpt><trkpt lat="-32.996000" lon="-70.685340"><ele>777.442</ele><time>2020-04-01T10:48:03Z</time></trkpt><trkpt lat="-32.995660" lon="-70.685260"><ele>780.037</ele><time>2020-04-01T10:48:23Z</time></trkpt><trkpt lat="-32.995270" lon="-70.685190"><ele>783.450</ele><time>2020-04-01T10:48:43Z</time></trkpt><trkpt lat="-32.995230" lon="-70.685180"><ele>783.732</ele><time>2020-04-01T10:49:03Z</time></trkpt><trkpt lat="-32.994900" lon="-70.685140"><ele>786.481</ele><time>2020-04-01T10:49:23Z</time></trkpt><trkpt lat="-32.994180" lon="-70.685070"><ele>791.298</ele><time>2020-04-01T10:49:43Z</time></trkpt><trkpt lat="-32.994020" lon="-70.685060"><ele>792.382</ele><time>2020-04-01T10:50:03Z</time></trkpt><trkpt lat="-32.993470" lon="-70.685030"><ele>795.943</ele><time>2020-04-01T10:50:23Z</time></trkpt><trkpt lat="-32.992790" lon="-70.684990"><ele>801.617</ele><time>2020-04-01T10:50:43Z</time></trkpt><trkpt lat="-32.992110" lon="-70.684950"><ele>805.008</ele><time>2020-04-01T10:51:03Z</time></trkpt><trkpt lat="-32.991680" lon="-70.684940"><ele>806.122</ele><time>2020-04-01T10:51:23Z</time></trkpt><trkpt lat="-32.991420" lon="-70.684930"><ele>808.736</ele><time>2020-04-01T10:51:43Z</time></trkpt><trkpt lat="-32.991330" lon="-70.684920"><ele>809.879</ele><time>2020-04-01T10:52:03Z</time></trkpt><trkpt lat="-32.991070" lon="-70.684900"><ele>812.824</ele><time>2020-04-01T10:52:23Z</time></trkpt><trkpt lat="-32.990800" lon="-70.684890"><ele>815.557</ele><time>2020-04-01T10:52:43Z</time></trkpt><trkpt lat="-32.990740" lon="-70.684910"><ele>815.279</ele><time>2020-04-01T10:53:03Z</time></trkpt><trkpt lat="-32.990720" lon="-70.684920"><ele>815.148</ele><time>2020-04-01T10:53:23Z</time></trkpt><trkpt lat="-32.990120" lon="-70.684870"><ele>818.275</ele><time>2020-04-01T10:53:43Z</time></trkpt><trkpt lat="-32.990040" lon="-70.684870"><ele>818.536</ele><time>2020-04-01T10:54:03Z</time></trkpt><trkpt lat="-32.989620" lon="-70.684840"><ele>818.617</ele><time>2020-04-01T10:54:23Z</time></trkpt><trkpt lat="-32.988950" lon="-70.684790"><ele>819.518</ele><time>2020-04-01T10:54:43Z</time></trkpt><trkpt lat="-32.987820" lon="-70.684710"><ele>826.408</ele><time>2020-04-01T10:55:03Z</time></trkpt><trkpt lat="-32.987530" lon="-70.684690"><ele>828.137</ele><time>2020-04-01T10:55:23Z</time></trkpt><trkpt lat="-32.987420" lon="-70.684690"><ele>829.151</ele><time>2020-04-01T10:55:43Z</time></trkpt><trkpt lat="-32.986970" lon="-70.684680"><ele>834.464</ele><time>2020-04-01T10:56:03Z</time></trkpt><trkpt lat="-32.986530" lon="-70.684710"><ele>838.889</ele><time>2020-04-01T10:56:23Z</time></trkpt><trkpt lat="-32.986210" lon="-70.684750"><ele>841.352</ele><time>2020-04-01T10:56:43Z</time></trkpt><trkpt lat="-32.985960" lon="-70.684800"><ele>842.774</ele><time>2020-04-01T10:57:03Z</time></trkpt><trkpt lat="-32.985710" lon="-70.684870"><ele>843.423</ele><time>2020-04-01T10:57:23Z</time></trkpt><trkpt lat="-32.985340" lon="-70.684980"><ele>844.420</ele><time>2020-04-01T10:57:43Z</time></trkpt><trkpt lat="-32.985060" lon="-70.685090"><ele>845.351</ele><time>2020-04-01T10:58:03Z</time></trkpt><trkpt lat="-32.984540" lon="-70.685320"><ele>847.701</ele><time>2020-04-01T10:58:23Z</time></trkpt><trkpt lat="-32.983920" lon="-70.685570"><ele>852.111</ele><time>2020-04-01T10:58:43Z</time></trkpt><trkpt lat="-32.983440" lon="-70.685770"><ele>855.308</ele><time>2020-04-01T10:59:03Z</time></trkpt><trkpt lat="-32.983190" lon="-70.685880"><ele>855.549</ele><time>2020-04-01T10:59:23Z</time></trkpt><trkpt lat="-32.983020" lon="-70.685950"><ele>855.063</ele><time>2020-04-01T10:59:43Z</time></trkpt><trkpt lat="-32.982870" lon="-70.686020"><ele>854.896</ele><time>2020-04-01T11:00:03Z</time></trkpt><trkpt lat="-32.982140" lon="-70.686330"><ele>858.471</ele><time>2020-04-01T11:00:23Z</time></trkpt><trkpt lat="-32.981400" lon="-70.686630"><ele>869.174</ele><time>2020-04-01T11:00:43Z</time></trkpt><trkpt lat="-32.980640" lon="-70.686950"><ele>882.966</ele><time>2020-04-01T11:01:03Z</time></trkpt><trkpt lat="-32.978990" lon="-70.687640"><ele>896.155</ele><time>2020-04-01T11:01:23Z</time></trkpt><trkpt lat="-32.978430" lon="-70.687870"><ele>900.212</ele><time>2020-04-01T11:01:43Z</time></trkpt><trkpt lat="-32.977880" lon="-70.688100"><ele>907.235</ele><time>2020-04-01T11:02:03Z</time></trkpt><trkpt lat="-32.977330" lon="-70.688330"><ele>912.286</ele><time>2020-04-01T11:02:23Z</time></trkpt><trkpt lat="-32.976780" lon="-70.688570"><ele>911.514</ele><time>2020-04-01T11:02:43Z</time></trkpt><trkpt lat="-32.976330" lon="-70.688760"><ele>913.508</ele><time>2020-04-01T11:03:03Z</time></trkpt><trkpt lat="-32.976240" lon="-70.688800"><ele>914.217</ele><time>2020-04-01T11:03:23Z</time></trkpt><trkpt lat="-32.976160" lon="-70.688830"><ele>914.991</ele><time>2020-04-01T11:03:43Z</time></trkpt><trkpt lat="-32.975600" lon="-70.689060"><ele>921.714</ele><time>2020-04-01T11:04:03Z</time></trkpt><trkpt lat="-32.974550" lon="-70.689530"><ele>934.869</ele><time>2020-04-01T11:04:23Z</time></trkpt><trkpt lat="-32.974520" lon="-70.689540"><ele>935.192</ele><time>2020-04-01T11:04:43Z</time></trkpt><trkpt lat="-32.974380" lon="-70.689610"><ele>936.254</ele><time>2020-04-01T11:05:03Z</time></trkpt><trkpt lat="-32.974040" lon="-70.689760"><ele>938.933</ele><time>2020-04-01T11:05:23Z</time></trkpt><trkpt lat="-32.973950" lon="-70.689800"><ele>939.530</ele><time>2020-04-01T11:05:43Z</time></trkpt><trkpt lat="-32.973700" lon="-70.689880"><ele>941.045</ele><time>2020-04-01T11:06:03Z</time></trkpt><trkpt lat="-32.973520" lon="-70.689940"><ele>941.747</ele><time>2020-04-01T11:06:23Z</time></trkpt><trkpt lat="-32.973410" lon="-70.689980"><ele>941.811</ele><time>2020-04-01T11:06:43Z</time></trkpt><trkpt lat="-32.973350" lon="-70.690000"><ele>941.908</ele><time>2020-04-01T11:07:03Z</time></trkpt><trkpt lat="-32.972850" lon="-70.690110"><ele>946.978</ele><time>2020-04-01T11:07:23Z</time></trkpt><trkpt lat="-32.972820" lon="-70.690120"><ele>947.112</ele><time>2020-04-01T11:07:43Z</time></trkpt><trkpt lat="-32.972640" lon="-70.690140"><ele>949.045</ele><time>2020-04-01T11:08:03Z</time></trkpt><trkpt lat="-32.972560" lon="-70.690150"><ele>949.830</ele><time>2020-04-01T11:08:23Z</time></trkpt><trkpt lat="-32.972460" lon="-70.690160"><ele>950.513</ele><time>2020-04-01T11:08:43Z</time></trkpt><trkpt lat="-32.972280" lon="-70.690170"><ele>951.185</ele><time>2020-04-01T11:09:03Z</time></trkpt><trkpt lat="-32.972240" lon="-70.690170"><ele>951.344</ele><time>2020-04-01T11:09:23Z</time></trkpt><trkpt lat="-32.971970" lon="-70.690180"><ele>952.351</ele><time>2020-04-01T11:09:43Z</time></trkpt><trkpt lat="-32.971600" lon="-70.690150"><ele>954.511</ele><time>2020-04-01T11:10:03Z</time></trkpt><trkpt lat="-32.971300" lon="-70.690120"><ele>955.921</ele><time>2020-04-01T11:10:23Z</time></trkpt><trkpt lat="-32.969920" lon="-70.689920"><ele>960.903</ele><time>2020-04-01T11:10:43Z</time></trkpt><trkpt lat="-32.969600" lon="-70.689870"><ele>961.308</ele><time>2020-04-01T11:11:03Z</time></trkpt><trkpt lat="-32.968720" lon="-70.689730"><ele>963.565</ele><time>2020-04-01T11:11:23Z</time></trkpt><trkpt lat="-32.968220" lon="-70.689670"><ele>964.789</ele><time>2020-04-01T11:11:43Z</time></trkpt><trkpt lat="-32.968130" lon="-70.689650"><ele>965.412</ele><time>2020-04-01T11:12:03Z</time></trkpt><trkpt lat="-32.967550" lon="-70.689570"><ele>969.027</ele><time>2020-04-01T11:12:23Z</time></trkpt><trkpt lat="-32.967190" lon="-70.689520"><ele>969.370</ele><time>2020-04-01T11:12:43Z</time></trkpt><trkpt lat="-32.966950" lon="-70.689490"><ele>969.212</ele><time>2020-04-01T11:13:03Z</time></trkpt><trkpt lat="-32.966380" lon="-70.689420"><ele>973.121</ele><time>2020-04-01T11:13:23Z</time></trkpt><trkpt lat="-32.965780" lon="-70.689340"><ele>982.478</ele><time>2020-04-01T11:13:43Z</time></trkpt><trkpt lat="-32.965200" lon="-70.689220"><ele>992.334</ele><time>2020-04-01T11:14:03Z</time></trkpt><trkpt lat="-32.964640" lon="-70.689070"><ele>999.555</ele><time>2020-04-01T11:14:23Z</time></trkpt><trkpt lat="-32.964130" lon="-70.688900"><ele>1006.510</ele><time>2020-04-01T11:14:43Z</time></trkpt><trkpt lat="-32.963560" lon="-70.688720"><ele>1017.108</ele><time>2020-04-01T11:15:03Z</time></trkpt><trkpt lat="-32.960960" lon="-70.687870"><ele>1110.197</ele><time>2020-04-01T11:15:23Z</time></trkpt><trkpt lat="-32.960610" lon="-70.687750"><ele>1121.181</ele><time>2020-04-01T11:15:43Z</time></trkpt><trkpt lat="-32.959740" lon="-70.687460"><ele>1156.494</ele><time>2020-04-01T11:16:03Z</time></trkpt><trkpt lat="-32.959570" lon="-70.687410"><ele>1165.749</ele><time>2020-04-01T11:16:23Z</time></trkpt><trkpt lat="-32.958530" lon="-70.687060"><ele>1213.372</ele><time>2020-04-01T11:16:43Z</time></trkpt><trkpt lat="-32.958360" lon="-70.687010"><ele>1221.284</ele><time>2020-04-01T11:17:03Z</time></trkpt><trkpt lat="-32.955930" lon="-70.686210"><ele>1300.723</ele><time>2020-04-01T11:17:23Z</time></trkpt><trkpt lat="-32.954500" lon="-70.685790"><ele>1261.810</ele><time>2020-04-01T11:17:43Z</time></trkpt><trkpt lat="-32.952550" lon="-70.685250"><ele>1212.829</ele><time>2020-04-01T11:18:03Z</time></trkpt><trkpt lat="-32.952380" lon="-70.685200"><ele>1208.700</ele><time>2020-04-01T11:18:23Z</time></trkpt><trkpt lat="-32.950800" lon="-70.684760"><ele>1161.420</ele><time>2020-04-01T11:18:43Z</time></trkpt><trkpt lat="-32.949750" lon="-70.684470"><ele>1139.308</ele><time>2020-04-01T11:19:03Z</time></trkpt><trkpt lat="-32.949580" lon="-70.684420"><ele>1136.626</ele><time>2020-04-01T11:19:23Z</time></trkpt><trkpt lat="-32.947650" lon="-70.683880"><ele>1109.730</ele><time>2020-04-01T11:19:43Z</time></trkpt><trkpt lat="-32.947470" lon="-70.683830"><ele>1108.513</ele><time>2020-04-01T11:20:03Z</time></trkpt><trkpt lat="-32.947300" lon="-70.683780"><ele>1107.348</ele><time>2020-04-01T11:20:23Z</time></trkpt><trkpt lat="-32.947120" lon="-70.683740"><ele>1106.141</ele><time>2020-04-01T11:20:43Z</time></trkpt><trkpt lat="-32.945720" lon="-70.683340"><ele>1087.413</ele><time>2020-04-01T11:21:03Z</time></trkpt><trkpt lat="-32.944970" lon="-70.683090"><ele>1087.352</ele><time>2020-04-01T11:21:23Z</time></trkpt><trkpt lat="-32.944480" lon="-70.682890"><ele>1082.929</ele><time>2020-04-01T11:21:43Z</time></trkpt><trkpt lat="-32.944460" lon="-70.682890"><ele>1082.539</ele><time>2020-04-01T11:22:03Z</time></trkpt><trkpt lat="-32.943710" lon="-70.682560"><ele>1075.301</ele><time>2020-04-01T11:22:23Z</time></trkpt><trkpt lat="-32.942960" lon="-70.682210"><ele>1069.921</ele><time>2020-04-01T11:22:43Z</time></trkpt><trkpt lat="-32.942850" lon="-70.682160"><ele>1069.108</ele><time>2020-04-01T11:23:03Z</time></trkpt><trkpt lat="-32.942330" lon="-70.681930"><ele>1065.197</ele><time>2020-04-01T11:23:23Z</time></trkpt><trkpt lat="-32.938620" lon="-70.680200"><ele>1045.641</ele><time>2020-04-01T11:23:43Z</time></trkpt><trkpt lat="-32.937430" lon="-70.679640"><ele>1033.544</ele><time>2020-04-01T11:24:03Z</time></trkpt><trkpt lat="-32.937260" lon="-70.679570"><ele>1032.489</ele><time>2020-04-01T11:24:23Z</time></trkpt><trkpt lat="-32.936760" lon="-70.679330"><ele>1029.122</ele><time>2020-04-01T11:24:43Z</time></trkpt><trkpt lat="-32.936590" lon="-70.679250"><ele>1027.764</ele><time>2020-04-01T11:25:03Z</time></trkpt><trkpt lat="-32.935920" lon="-70.678940"><ele>1021.513</ele><time>2020-04-01T11:25:23Z</time></trkpt><trkpt lat="-32.934750" lon="-70.678400"><ele>1021.490</ele><time>2020-04-01T11:25:43Z</time></trkpt><trkpt lat="-32.934280" lon="-70.678170"><ele>1019.139</ele><time>2020-04-01T11:26:03Z</time></trkpt><trkpt lat="-32.934200" lon="-70.678100"><ele>1018.901</ele><time>2020-04-01T11:26:23Z</time></trkpt><trkpt lat="-32.933940" lon="-70.677980"><ele>1016.321</ele><time>2020-04-01T11:26:43Z</time></trkpt><trkpt lat="-32.933550" lon="-70.677800"><ele>1011.008</ele><time>2020-04-01T11:27:03Z</time></trkpt><trkpt lat="-32.933320" lon="-70.677710"><ele>1007.317</ele><time>2020-04-01T11:27:23Z</time></trkpt><trkpt lat="-32.933180" lon="-70.677640"><ele>1005.861</ele><time>2020-04-01T11:27:43Z</time></trkpt><trkpt lat="-32.933020" lon="-70.677560"><ele>1004.014</ele><time>2020-04-01T11:28:03Z</time></trkpt><trkpt lat="-32.932830" lon="-70.677470"><ele>1002.289</ele><time>2020-04-01T11:28:23Z</time></trkpt><trkpt lat="-32.932430" lon="-70.677270"><ele>999.372</ele><time>2020-04-01T11:28:43Z</time></trkpt><trkpt lat="-32.932030" lon="-70.677070"><ele>998.334</ele><time>2020-04-01T11:29:03Z</time></trkpt><trkpt lat="-32.931620" lon="-70.676860"><ele>996.463</ele><time>2020-04-01T11:29:23Z</time></trkpt><trkpt lat="-32.931460" lon="-70.676770"><ele>994.430</ele><time>2020-04-01T11:29:43Z</time></trkpt><trkpt lat="-32.930980" lon="-70.676530"><ele>988.722</ele><time>2020-04-01T11:30:03Z</time></trkpt><trkpt lat="-32.930580" lon="-70.676340"><ele>985.562</ele><time>2020-04-01T11:30:23Z</time></trkpt><trkpt lat="-32.930440" lon="-70.676270"><ele>984.808</ele><time>2020-04-01T11:30:43Z</time></trkpt><trkpt lat="-32.929480" lon="-70.675820"><ele>978.208</ele><time>2020-04-01T11:31:03Z</time></trkpt><trkpt lat="-32.929020" lon="-70.675600"><ele>976.166</ele><time>2020-04-01T11:31:23Z</time></trkpt><trkpt lat="-32.928680" lon="-70.675440"><ele>972.840</ele><time>2020-04-01T11:31:43Z</time></trkpt><trkpt lat="-32.928350" lon="-70.675280"><ele>968.793</ele><time>2020-04-01T11:32:03Z</time></trkpt><trkpt lat="-32.928030" lon="-70.675130"><ele>967.998</ele><time>2020-04-01T11:32:23Z</time></trkpt><trkpt lat="-32.927980" lon="-70.675110"><ele>967.741</ele><time>2020-04-01T11:32:43Z</time></trkpt><trkpt lat="-32.927670" lon="-70.675000"><ele>965.893</ele><time>2020-04-01T11:33:03Z</time></trkpt><trkpt lat="-32.927350" lon="-70.674920"><ele>965.682</ele><time>2020-04-01T11:33:23Z</time></trkpt><trkpt lat="-32.927330" lon="-70.674910"><ele>965.929</ele><time>2020-04-01T11:33:43Z</time></trkpt><trkpt lat="-32.926990" lon="-70.674900"><ele>965.191</ele><time>2020-04-01T11:34:03Z</time></trkpt><trkpt lat="-32.926970" lon="-70.674900"><ele>965.081</ele><time>2020-04-01T11:34:23Z</time></trkpt><trkpt lat="-32.926610" lon="-70.674900"><ele>963.819</ele><time>2020-04-01T11:34:43Z</time></trkpt><trkpt lat="-32.926220" lon="-70.674950"><ele>959.908</ele><time>2020-04-01T11:35:03Z</time></trkpt><trkpt lat="-32.925810" lon="-70.675010"><ele>955.973</ele><time>2020-04-01T11:35:23Z</time></trkpt><trkpt lat="-32.925370" lon="-70.675060"><ele>955.067</ele><time>2020-04-01T11:35:43Z</time></trkpt><trkpt lat="-32.924920" lon="-70.675060"><ele>953.210</ele><time>2020-04-01T11:36:03Z</time></trkpt><trkpt lat="-32.924900" lon="-70.675050"><ele>953.125</ele><time>2020-04-01T11:36:23Z</time></trkpt><trkpt lat="-32.924460" lon="-70.675010"><ele>947.288</ele><time>2020-04-01T11:36:43Z</time></trkpt><trkpt lat="-32.924000" lon="-70.674920"><ele>943.390</ele><time>2020-04-01T11:37:03Z</time></trkpt><trkpt lat="-32.923760" lon="-70.674880"><ele>941.759</ele><time>2020-04-01T11:37:23Z</time></trkpt><trkpt lat="-32.923580" lon="-70.674830"><ele>940.846</ele><time>2020-04-01T11:37:43Z</time></trkpt><trkpt lat="-32.923520" lon="-70.674820"><ele>940.348</ele><time>2020-04-01T11:38:03Z</time></trkpt><trkpt lat="-32.923050" lon="-70.674720"><ele>938.461</ele><time>2020-04-01T11:38:23Z</time></trkpt><trkpt lat="-32.922610" lon="-70.674620"><ele>937.317</ele><time>2020-04-01T11:38:43Z</time></trkpt><trkpt lat="-32.922170" lon="-70.674540"><ele>938.008</ele><time>2020-04-01T11:39:03Z</time></trkpt><trkpt lat="-32.922000" lon="-70.674520"><ele>938.668</ele><time>2020-04-01T11:39:23Z</time></trkpt><trkpt lat="-32.921750" lon="-70.674500"><ele>939.472</ele><time>2020-04-01T11:39:43Z</time></trkpt><trkpt lat="-32.921350" lon="-70.674500"><ele>939.725</ele><time>2020-04-01T11:40:03Z</time></trkpt><trkpt lat="-32.921100" lon="-70.674520"><ele>939.240</ele><time>2020-04-01T11:40:23Z</time></trkpt><trkpt lat="-32.920960" lon="-70.674530"><ele>939.083</ele><time>2020-04-01T11:40:43Z</time></trkpt><trkpt lat="-32.920740" lon="-70.674550"><ele>938.365</ele><time>2020-04-01T11:41:03Z</time></trkpt><trkpt lat="-32.920550" lon="-70.674580"><ele>937.454</ele><time>2020-04-01T11:41:23Z</time></trkpt><trkpt lat="-32.920380" lon="-70.674600"><ele>936.881</ele><time>2020-04-01T11:41:43Z</time></trkpt><trkpt lat="-32.920320" lon="-70.674610"><ele>936.648</ele><time>2020-04-01T11:42:03Z</time></trkpt><trkpt lat="-32.920200" lon="-70.674640"><ele>935.961</ele><time>2020-04-01T11:42:23Z</time></trkpt><trkpt lat="-32.920150" lon="-70.674650"><ele>935.717</ele><time>2020-04-01T11:42:43Z</time></trkpt><trkpt lat="-32.920030" lon="-70.674670"><ele>935.308</ele><time>2020-04-01T11:43:03Z</time></trkpt><trkpt lat="-32.919940" lon="-70.674690"><ele>935.078</ele><time>2020-04-01T11:43:23Z</time></trkpt><trkpt lat="-32.919740" lon="-70.674720"><ele>934.522</ele><time>2020-04-01T11:43:43Z</time></trkpt><trkpt lat="-32.919340" lon="-70.674800"><ele>933.515</ele><time>2020-04-01T11:44:03Z</time></trkpt><trkpt lat="-32.918940" lon="-70.674870"><ele>932.980</ele><time>2020-04-01T11:44:23Z</time></trkpt><trkpt lat="-32.918560" lon="-70.674950"><ele>932.383</ele><time>2020-04-01T11:44:43Z</time></trkpt><trkpt lat="-32.918160" lon="-70.675020"><ele>931.595</ele><time>2020-04-01T11:45:03Z</time></trkpt><trkpt lat="-32.918080" lon="-70.675030"><ele>931.384</ele><time>2020-04-01T11:45:23Z</time></trkpt><trkpt lat="-32.917750" lon="-70.675090"><ele>930.131</ele><time>2020-04-01T11:45:43Z</time></trkpt><trkpt lat="-32.917540" lon="-70.675130"><ele>929.214</ele><time>2020-04-01T11:46:03Z</time></trkpt><trkpt lat="-32.917340" lon="-70.675170"><ele>928.254</ele><time>2020-04-01T11:46:23Z</time></trkpt><trkpt lat="-32.916910" lon="-70.675250"><ele>926.209</ele><time>2020-04-01T11:46:43Z</time></trkpt><trkpt lat="-32.916480" lon="-70.675330"><ele>923.508</ele><time>2020-04-01T11:47:03Z</time></trkpt><trkpt lat="-32.916290" lon="-70.675360"><ele>922.035</ele><time>2020-04-01T11:47:23Z</time></trkpt><trkpt lat="-32.916020" lon="-70.675410"><ele>919.729</ele><time>2020-04-01T11:47:43Z</time></trkpt><trkpt lat="-32.916010" lon="-70.675420"><ele>919.572</ele><time>2020-04-01T11:48:03Z</time></trkpt><trkpt lat="-32.915540" lon="-70.675500"><ele>916.277</ele><time>2020-04-01T11:48:23Z</time></trkpt><trkpt lat="-32.915140" lon="-70.675570"><ele>913.790</ele><time>2020-04-01T11:48:43Z</time></trkpt><trkpt lat="-32.915050" lon="-70.675590"><ele>913.122</ele><time>2020-04-01T11:49:03Z</time></trkpt><trkpt lat="-32.914770" lon="-70.675640"><ele>911.371</ele><time>2020-04-01T11:49:23Z</time></trkpt><trkpt lat="-32.914660" lon="-70.675660"><ele>910.688</ele><time>2020-04-01T11:49:43Z</time></trkpt><trkpt lat="-32.914230" lon="-70.675740"><ele>908.037</ele><time>2020-04-01T11:50:03Z</time></trkpt><trkpt lat="-32.913700" lon="-70.675840"><ele>904.749</ele><time>2020-04-01T11:50:23Z</time></trkpt><trkpt lat="-32.913270" lon="-70.675930"><ele>901.313</ele><time>2020-04-01T11:50:43Z</time></trkpt><trkpt lat="-32.913000" lon="-70.675970"><ele>898.408</ele><time>2020-04-01T11:51:03Z</time></trkpt><trkpt lat="-32.912630" lon="-70.676010"><ele>894.647</ele><time>2020-04-01T11:51:23Z</time></trkpt><trkpt lat="-32.912430" lon="-70.676030"><ele>892.541</ele><time>2020-04-01T11:51:43Z</time></trkpt><trkpt lat="-32.912270" lon="-70.676040"><ele>890.894</ele><time>2020-04-01T11:52:03Z</time></trkpt><trkpt lat="-32.911910" lon="-70.676040"><ele>887.459</ele><time>2020-04-01T11:52:23Z</time></trkpt><trkpt lat="-32.911190" lon="-70.675990"><ele>883.022</ele><time>2020-04-01T11:52:43Z</time></trkpt><trkpt lat="-32.911010" lon="-70.675980"><ele>882.134</ele><time>2020-04-01T11:53:03Z</time></trkpt><trkpt lat="-32.910650" lon="-70.675950"><ele>879.893</ele><time>2020-04-01T11:53:23Z</time></trkpt><trkpt lat="-32.910320" lon="-70.675920"><ele>877.450</ele><time>2020-04-01T11:53:43Z</time></trkpt><trkpt lat="-32.910160" lon="-70.675910"><ele>876.177</ele><time>2020-04-01T11:54:03Z</time></trkpt><trkpt lat="-32.909890" lon="-70.675890"><ele>873.961</ele><time>2020-04-01T11:54:23Z</time></trkpt><trkpt lat="-32.909450" lon="-70.675860"><ele>869.727</ele><time>2020-04-01T11:54:43Z</time></trkpt><trkpt lat="-32.909010" lon="-70.675830"><ele>866.108</ele><time>2020-04-01T11:55:03Z</time></trkpt><trkpt lat="-32.908560" lon="-70.675800"><ele>863.961</ele><time>2020-04-01T11:55:23Z</time></trkpt><trkpt lat="-32.908540" lon="-70.675800"><ele>863.825</ele><time>2020-04-01T11:55:43Z</time></trkpt><trkpt lat="-32.908120" lon="-70.675770"><ele>863.268</ele><time>2020-04-01T11:56:03Z</time></trkpt><trkpt lat="-32.907710" lon="-70.675740"><ele>864.083</ele><time>2020-04-01T11:56:23Z</time></trkpt><trkpt lat="-32.907310" lon="-70.675710"><ele>863.036</ele><time>2020-04-01T11:56:43Z</time></trkpt><trkpt lat="-32.906980" lon="-70.675670"><ele>860.888</ele><time>2020-04-01T11:57:03Z</time></trkpt><trkpt lat="-32.906720" lon="-70.675620"><ele>859.527</ele><time>2020-04-01T11:57:23Z</time></trkpt><trkpt lat="-32.906530" lon="-70.675580"><ele>858.364</ele><time>2020-04-01T11:57:43Z</time></trkpt><trkpt lat="-32.906360" lon="-70.675530"><ele>857.471</ele><time>2020-04-01T11:58:03Z</time></trkpt><trkpt lat="-32.906120" lon="-70.675440"><ele>856.441</ele><time>2020-04-01T11:58:23Z</time></trkpt><trkpt lat="-32.905840" lon="-70.675330"><ele>855.315</ele><time>2020-04-01T11:58:43Z</time></trkpt><trkpt lat="-32.905340" lon="-70.675120"><ele>855.108</ele><time>2020-04-01T11:59:03Z</time></trkpt><trkpt lat="-32.904320" lon="-70.674710"><ele>850.291</ele><time>2020-04-01T11:59:23Z</time></trkpt><trkpt lat="-32.904080" lon="-70.674630"><ele>850.215</ele><time>2020-04-01T11:59:43Z</time></trkpt><trkpt lat="-32.903770" lon="-70.674550"><ele>851.118</ele><time>2020-04-01T12:00:03Z</time></trkpt><trkpt lat="-32.903620" lon="-70.674540"><ele>851.013</ele><time>2020-04-01T12:00:23Z</time></trkpt><trkpt lat="-32.903460" lon="-70.674540"><ele>850.566</ele><time>2020-04-01T12:00:43Z</time></trkpt><trkpt lat="-32.903090" lon="-70.674590"><ele>848.718</ele><time>2020-04-01T12:01:03Z</time></trkpt><trkpt lat="-32.902700" lon="-70.674680"><ele>845.847</ele><time>2020-04-01T12:01:23Z</time></trkpt><trkpt lat="-32.902300" lon="-70.674760"><ele>842.884</ele><time>2020-04-01T12:01:43Z</time></trkpt><trkpt lat="-32.901490" lon="-70.674930"><ele>835.956</ele><time>2020-04-01T12:02:03Z</time></trkpt><trkpt lat="-32.901460" lon="-70.674940"><ele>835.559</ele><time>2020-04-01T12:02:23Z</time></trkpt><trkpt lat="-32.901320" lon="-70.674970"><ele>834.014</ele><time>2020-04-01T12:02:43Z</time></trkpt><trkpt lat="-32.901020" lon="-70.675030"><ele>831.508</ele><time>2020-04-01T12:03:03Z</time></trkpt><trkpt lat="-32.900570" lon="-70.675090"><ele>828.079</ele><time>2020-04-01T12:03:23Z</time></trkpt><trkpt lat="-32.900090" lon="-70.675100"><ele>824.563</ele><time>2020-04-01T12:03:43Z</time></trkpt><trkpt lat="-32.899610" lon="-70.675050"><ele>821.786</ele><time>2020-04-01T12:04:03Z</time></trkpt><trkpt lat="-32.899150" lon="-70.674940"><ele>819.691</ele><time>2020-04-01T12:04:23Z</time></trkpt><trkpt lat="-32.899090" lon="-70.674920"><ele>819.384</ele><time>2020-04-01T12:04:43Z</time></trkpt><trkpt lat="-32.898660" lon="-70.674750"><ele>817.296</ele><time>2020-04-01T12:05:03Z</time></trkpt><trkpt lat="-32.898530" lon="-70.674680"><ele>816.625</ele><time>2020-04-01T12:05:23Z</time></trkpt><trkpt lat="-32.898330" lon="-70.674590"><ele>815.452</ele><time>2020-04-01T12:05:43Z</time></trkpt><trkpt lat="-32.897930" lon="-70.674330"><ele>814.214</ele><time>2020-04-01T12:06:03Z</time></trkpt><trkpt lat="-32.897570" lon="-70.674090"><ele>811.654</ele><time>2020-04-01T12:06:23Z</time></trkpt><trkpt lat="-32.896780" lon="-70.673550"><ele>803.809</ele><time>2020-04-01T12:06:43Z</time></trkpt><trkpt lat="-32.896750" lon="-70.673530"><ele>803.508</ele><time>2020-04-01T12:07:03Z</time></trkpt><trkpt lat="-32.896660" lon="-70.673470"><ele>802.535</ele><time>2020-04-01T12:07:23Z</time></trkpt><trkpt lat="-32.896340" lon="-70.673270"><ele>801.149</ele><time>2020-04-01T12:07:43Z</time></trkpt><trkpt lat="-32.895780" lon="-70.672910"><ele>799.972</ele><time>2020-04-01T12:08:03Z</time></trkpt><trkpt lat="-32.895230" lon="-70.672550"><ele>798.897</ele><time>2020-04-01T12:08:23Z</time></trkpt><trkpt lat="-32.895210" lon="-70.672540"><ele>798.760</ele><time>2020-04-01T12:08:43Z</time></trkpt><trkpt lat="-32.894840" lon="-70.672290"><ele>798.662</ele><time>2020-04-01T12:09:03Z</time></trkpt><trkpt lat="-32.894470" lon="-70.672030"><ele>798.231</ele><time>2020-04-01T12:09:23Z</time></trkpt><trkpt lat="-32.894300" lon="-70.671900"><ele>798.138</ele><time>2020-04-01T12:09:43Z</time></trkpt><trkpt lat="-32.894150" lon="-70.671780"><ele>798.142</ele><time>2020-04-01T12:10:03Z</time></trkpt><trkpt lat="-32.894120" lon="-70.671760"><ele>798.022</ele><time>2020-04-01T12:10:23Z</time></trkpt><trkpt lat="-32.893790" lon="-70.671460"><ele>796.614</ele><time>2020-04-01T12:10:43Z</time></trkpt><trkpt lat="-32.893470" lon="-70.671120"><ele>794.208</ele><time>2020-04-01T12:11:03Z</time></trkpt><trkpt lat="-32.893190" lon="-70.670780"><ele>792.488</ele><time>2020-04-01T12:11:23Z</time></trkpt><trkpt lat="-32.893170" lon="-70.670750"><ele>792.422</ele><time>2020-04-01T12:11:43Z</time></trkpt><trkpt lat="-32.892870" lon="-70.670370"><ele>791.085</ele><time>2020-04-01T12:12:03Z</time></trkpt><trkpt lat="-32.892550" lon="-70.670000"><ele>788.430</ele><time>2020-04-01T12:12:23Z</time></trkpt><trkpt lat="-32.892230" lon="-70.669610"><ele>786.563</ele><time>2020-04-01T12:12:43Z</time></trkpt><trkpt lat="-32.892180" lon="-70.669550"><ele>786.315</ele><time>2020-04-01T12:13:03Z</time></trkpt><trkpt lat="-32.892060" lon="-70.669400"><ele>785.764</ele><time>2020-04-01T12:13:23Z</time></trkpt><trkpt lat="-32.891920" lon="-70.669240"><ele>785.211</ele><time>2020-04-01T12:13:43Z</time></trkpt><trkpt lat="-32.891610" lon="-70.668870"><ele>784.183</ele><time>2020-04-01T12:14:03Z</time></trkpt><trkpt lat="-32.891310" lon="-70.668510"><ele>782.825</ele><time>2020-04-01T12:14:23Z</time></trkpt><trkpt lat="-32.891020" lon="-70.668160"><ele>781.617</ele><time>2020-04-01T12:14:43Z</time></trkpt><trkpt lat="-32.890730" lon="-70.667810"><ele>780.308</ele><time>2020-04-01T12:15:03Z</time></trkpt><trkpt lat="-32.890520" lon="-70.667560"><ele>779.872</ele><time>2020-04-01T12:15:23Z</time></trkpt><trkpt lat="-32.889890" lon="-70.666800"><ele>777.016</ele><time>2020-04-01T12:15:43Z</time></trkpt><trkpt lat="-32.889000" lon="-70.665740"><ele>773.559</ele><time>2020-04-01T12:16:03Z</time></trkpt><trkpt lat="-32.888830" lon="-70.665530"><ele>773.014</ele><time>2020-04-01T12:16:23Z</time></trkpt><trkpt lat="-32.888810" lon="-70.665510"><ele>772.987</ele><time>2020-04-01T12:16:43Z</time></trkpt><trkpt lat="-32.888550" lon="-70.665200"><ele>772.399</ele><time>2020-04-01T12:17:03Z</time></trkpt><trkpt lat="-32.888300" lon="-70.664890"><ele>771.588</ele><time>2020-04-01T12:17:23Z</time></trkpt><trkpt lat="-32.888050" lon="-70.664590"><ele>770.265</ele><time>2020-04-01T12:17:43Z</time></trkpt><trkpt lat="-32.887950" lon="-70.664470"><ele>769.849</ele><time>2020-04-01T12:18:03Z</time></trkpt><trkpt lat="-32.887800" lon="-70.664290"><ele>769.302</ele><time>2020-04-01T12:18:23Z</time></trkpt><trkpt lat="-32.887550" lon="-70.664000"><ele>769.022</ele><time>2020-04-01T12:18:43Z</time></trkpt><trkpt lat="-32.887330" lon="-70.663720"><ele>769.008</ele><time>2020-04-01T12:19:03Z</time></trkpt><trkpt lat="-32.887300" lon="-70.663690"><ele>769.038</ele><time>2020-04-01T12:19:23Z</time></trkpt><trkpt lat="-32.887040" lon="-70.663380"><ele>769.572</ele><time>2020-04-01T12:19:43Z</time></trkpt><trkpt lat="-32.886770" lon="-70.663050"><ele>768.965</ele><time>2020-04-01T12:20:03Z</time></trkpt><trkpt lat="-32.886500" lon="-70.662730"><ele>767.250</ele><time>2020-04-01T12:20:23Z</time></trkpt><trkpt lat="-32.886220" lon="-70.662390"><ele>765.363</ele><time>2020-04-01T12:20:43Z</time></trkpt><trkpt lat="-32.886190" lon="-70.662350"><ele>765.165</ele><time>2020-04-01T12:21:03Z</time></trkpt><trkpt lat="-32.885940" lon="-70.662060"><ele>764.274</ele><time>2020-04-01T12:21:23Z</time></trkpt><trkpt lat="-32.885670" lon="-70.661730"><ele>763.851</ele><time>2020-04-01T12:21:43Z</time></trkpt><trkpt lat="-32.885400" lon="-70.661400"><ele>764.553</ele><time>2020-04-01T12:22:03Z</time></trkpt><trkpt lat="-32.885260" lon="-70.661250"><ele>765.004</ele><time>2020-04-01T12:22:23Z</time></trkpt><trkpt lat="-32.885220" lon="-70.661200"><ele>765.214</ele><time>2020-04-01T12:22:43Z</time></trkpt><trkpt lat="-32.884840" lon="-70.660780"><ele>766.308</ele><time>2020-04-01T12:23:03Z</time></trkpt><trkpt lat="-32.884170" lon="-70.659970"><ele>765.199</ele><time>2020-04-01T12:23:23Z</time></trkpt><trkpt lat="-32.883730" lon="-70.659430"><ele>767.733</ele><time>2020-04-01T12:23:43Z</time></trkpt><trkpt lat="-32.883370" lon="-70.659000"><ele>768.596</ele><time>2020-04-01T12:24:03Z</time></trkpt><trkpt lat="-32.883370" lon="-70.659000"><ele>768.581</ele><time>2020-04-01T12:24:23Z</time></trkpt><trkpt lat="-32.883320" lon="-70.658860"><ele>768.364</ele><time>2020-04-01T12:24:43Z</time></trkpt><trkpt lat="-32.883190" lon="-70.658640"><ele>767.786</ele><time>2020-04-01T12:25:03Z</time></trkpt><trkpt lat="-32.882930" lon="-70.658200"><ele>766.935</ele><time>2020-04-01T12:25:23Z</time></trkpt><trkpt lat="-32.882810" lon="-70.657980"><ele>766.882</ele><time>2020-04-01T12:25:43Z</time></trkpt><trkpt lat="-32.882710" lon="-70.657760"><ele>766.867</ele><time>2020-04-01T12:26:03Z</time></trkpt><trkpt lat="-32.882590" lon="-70.657500"><ele>766.981</ele><time>2020-04-01T12:26:23Z</time></trkpt><trkpt lat="-32.882390" lon="-70.656970"><ele>767.619</ele><time>2020-04-01T12:26:43Z</time></trkpt><trkpt lat="-32.882240" lon="-70.656580"><ele>767.608</ele><time>2020-04-01T12:27:03Z</time></trkpt><trkpt lat="-32.881890" lon="-70.655600"><ele>767.420</ele><time>2020-04-01T12:27:23Z</time></trkpt><trkpt lat="-32.881740" lon="-70.655200"><ele>767.874</ele><time>2020-04-01T12:27:43Z</time></trkpt><trkpt lat="-32.881700" lon="-70.655100"><ele>767.937</ele><time>2020-04-01T12:28:03Z</time></trkpt><trkpt lat="-32.881640" lon="-70.654970"><ele>768.222</ele><time>2020-04-01T12:28:23Z</time></trkpt><trkpt lat="-32.881600" lon="-70.654900"><ele>768.695</ele><time>2020-04-01T12:28:43Z</time></trkpt><trkpt lat="-32.881550" lon="-70.654820"><ele>769.077</ele><time>2020-04-01T12:29:03Z</time></trkpt><trkpt lat="-32.881490" lon="-70.654750"><ele>769.586</ele><time>2020-04-01T12:29:23Z</time></trkpt><trkpt lat="-32.881390" lon="-70.654650"><ele>770.183</ele><time>2020-04-01T12:29:43Z</time></trkpt><trkpt lat="-32.881310" lon="-70.654590"><ele>770.567</ele><time>2020-04-01T12:30:03Z</time></trkpt><trkpt lat="-32.881230" lon="-70.654540"><ele>770.981</ele><time>2020-04-01T12:30:23Z</time></trkpt><trkpt lat="-32.881060" lon="-70.654450"><ele>771.719</ele><time>2020-04-01T12:30:43Z</time></trkpt><trkpt lat="-32.880740" lon="-70.654440"><ele>772.408</ele><time>2020-04-01T12:31:03Z</time></trkpt><trkpt lat="-32.880670" lon="-70.654460"><ele>772.430</ele><time>2020-04-01T12:31:23Z</time></trkpt><trkpt lat="-32.880530" lon="-70.654470"><ele>772.574</ele><time>2020-04-01T12:31:43Z</time></trkpt><trkpt lat="-32.880490" lon="-70.654470"><ele>772.547</ele><time>2020-04-01T12:32:03Z</time></trkpt><trkpt lat="-32.880350" lon="-70.654470"><ele>772.622</ele><time>2020-04-01T12:32:23Z</time></trkpt><trkpt lat="-32.880350" lon="-70.654470"><ele>772.615</ele><time>2020-04-01T12:32:43Z</time></trkpt><trkpt lat="-32.880230" lon="-70.654460"><ele>772.867</ele><time>2020-04-01T12:33:03Z</time></trkpt><trkpt lat="-32.880120" lon="-70.654450"><ele>772.986</ele><time>2020-04-01T12:33:23Z</time></trkpt><trkpt lat="-32.880000" lon="-70.654440"><ele>773.083</ele><time>2020-04-01T12:33:43Z</time></trkpt><trkpt lat="-32.879920" lon="-70.654420"><ele>773.538</ele><time>2020-04-01T12:34:03Z</time></trkpt><trkpt lat="-32.879830" lon="-70.654400"><ele>773.970</ele><time>2020-04-01T12:34:23Z</time></trkpt><trkpt lat="-32.879710" lon="-70.654360"><ele>774.617</ele><time>2020-04-01T12:34:43Z</time></trkpt><trkpt lat="-32.879620" lon="-70.654320"><ele>775.108</ele><time>2020-04-01T12:35:03Z</time></trkpt><trkpt lat="-32.879600" lon="-70.654310"><ele>775.227</ele><time>2020-04-01T12:35:23Z</time></trkpt><trkpt lat="-32.879570" lon="-70.654300"><ele>775.311</ele><time>2020-04-01T12:35:43Z</time></trkpt><trkpt lat="-32.879550" lon="-70.654300"><ele>775.474</ele><time>2020-04-01T12:36:03Z</time></trkpt><trkpt lat="-32.879520" lon="-70.654300"><ele>775.549</ele><time>2020-04-01T12:36:23Z</time></trkpt><trkpt lat="-32.879520" lon="-70.654300"><ele>775.522</ele><time>2020-04-01T12:36:43Z</time></trkpt><trkpt lat="-32.879480" lon="-70.654280"><ele>775.794</ele><time>2020-04-01T12:37:03Z</time></trkpt><trkpt lat="-32.879430" lon="-70.654230"><ele>776.083</ele><time>2020-04-01T12:37:23Z</time></trkpt><trkpt lat="-32.879360" lon="-70.654160"><ele>776.340</ele><time>2020-04-01T12:37:43Z</time></trkpt><trkpt lat="-32.879260" lon="-70.654060"><ele>776.278</ele><time>2020-04-01T12:38:03Z</time></trkpt><trkpt lat="-32.879180" lon="-70.653970"><ele>776.033</ele><time>2020-04-01T12:38:23Z</time></trkpt><trkpt lat="-32.878690" lon="-70.653390"><ele>773.926</ele><time>2020-04-01T12:38:43Z</time></trkpt><trkpt lat="-32.878460" lon="-70.653110"><ele>773.608</ele><time>2020-04-01T12:39:03Z</time></trkpt><trkpt lat="-32.877490" lon="-70.651960"><ele>774.321</ele><time>2020-04-01T12:39:23Z</time></trkpt><trkpt lat="-32.876790" lon="-70.651150"><ele>774.115</ele><time>2020-04-01T12:39:43Z</time></trkpt><trkpt lat="-32.876660" lon="-70.651010"><ele>774.058</ele><time>2020-04-01T12:40:03Z</time></trkpt><trkpt lat="-32.876570" lon="-70.650900"><ele>773.833</ele><time>2020-04-01T12:40:23Z</time></trkpt><trkpt lat="-32.875690" lon="-70.649910"><ele>773.256</ele><time>2020-04-01T12:40:43Z</time></trkpt><trkpt lat="-32.875360" lon="-70.649540"><ele>774.478</ele><time>2020-04-01T12:41:03Z</time></trkpt><trkpt lat="-32.875220" lon="-70.649390"><ele>775.057</ele><time>2020-04-01T12:41:23Z</time></trkpt><trkpt lat="-32.875080" lon="-70.649250"><ele>775.634</ele><time>2020-04-01T12:41:43Z</time></trkpt><trkpt lat="-32.874840" lon="-70.648980"><ele>775.754</ele><time>2020-04-01T12:42:03Z</time></trkpt><trkpt lat="-32.874270" lon="-70.648360"><ele>775.156</ele><time>2020-04-01T12:42:23Z</time></trkpt><trkpt lat="-32.874170" lon="-70.648260"><ele>775.011</ele><time>2020-04-01T12:42:43Z</time></trkpt><trkpt lat="-32.873850" lon="-70.647890"><ele>775.008</ele><time>2020-04-01T12:43:03Z</time></trkpt><trkpt lat="-32.873550" lon="-70.647570"><ele>775.679</ele><time>2020-04-01T12:43:23Z</time></trkpt><trkpt lat="-32.873340" lon="-70.647340"><ele>776.293</ele><time>2020-04-01T12:43:43Z</time></trkpt><trkpt lat="-32.873190" lon="-70.647170"><ele>776.146</ele><time>2020-04-01T12:44:03Z</time></trkpt><trkpt lat="-32.873030" lon="-70.646970"><ele>775.951</ele><time>2020-04-01T12:44:23Z</time></trkpt><trkpt lat="-32.873010" lon="-70.646940"><ele>775.934</ele><time>2020-04-01T12:44:43Z</time></trkpt><trkpt lat="-32.872890" lon="-70.646780"><ele>775.836</ele><time>2020-04-01T12:45:03Z</time></trkpt><trkpt lat="-32.872790" lon="-70.646670"><ele>775.765</ele><time>2020-04-01T12:45:23Z</time></trkpt><trkpt lat="-32.872690" lon="-70.646560"><ele>775.832</ele><time>2020-04-01T12:45:43Z</time></trkpt><trkpt lat="-32.872090" lon="-70.645910"><ele>776.826</ele><time>2020-04-01T12:46:03Z</time></trkpt><trkpt lat="-32.871630" lon="-70.645370"><ele>778.247</ele><time>2020-04-01T12:46:23Z</time></trkpt><trkpt lat="-32.870550" lon="-70.644120"><ele>778.711</ele><time>2020-04-01T12:46:43Z</time></trkpt><trkpt lat="-32.869730" lon="-70.643130"><ele>778.608</ele><time>2020-04-01T12:47:03Z</time></trkpt><trkpt lat="-32.869460" lon="-70.642810"><ele>778.276</ele><time>2020-04-01T12:47:23Z</time></trkpt><trkpt lat="-32.869340" lon="-70.642660"><ele>778.030</ele><time>2020-04-01T12:47:43Z</time></trkpt><trkpt lat="-32.869300" lon="-70.642610"><ele>778.043</ele><time>2020-04-01T12:48:03Z</time></trkpt><trkpt lat="-32.868680" lon="-70.641900"><ele>778.048</ele><time>2020-04-01T12:48:23Z</time></trkpt><trkpt lat="-32.868040" lon="-70.641190"><ele>778.131</ele><time>2020-04-01T12:48:43Z</time></trkpt><trkpt lat="-32.867150" lon="-70.640200"><ele>779.973</ele><time>2020-04-01T12:49:03Z</time></trkpt><trkpt lat="-32.866160" lon="-70.639090"><ele>780.312</ele><time>2020-04-01T12:49:23Z</time></trkpt><trkpt lat="-32.865750" lon="-70.638660"><ele>780.999</ele><time>2020-04-01T12:49:43Z</time></trkpt><trkpt lat="-32.865450" lon="-70.638330"><ele>780.514</ele><time>2020-04-01T12:50:03Z</time></trkpt><trkpt lat="-32.865320" lon="-70.638200"><ele>780.354</ele><time>2020-04-01T12:50:23Z</time></trkpt><trkpt lat="-32.865200" lon="-70.638060"><ele>780.109</ele><time>2020-04-01T12:50:43Z</time></trkpt><trkpt lat="-32.864690" lon="-70.637470"><ele>779.408</ele><time>2020-04-01T12:51:03Z</time></trkpt><trkpt lat="-32.864230" lon="-70.636930"><ele>780.045</ele><time>2020-04-01T12:51:23Z</time></trkpt><trkpt lat="-32.863870" lon="-70.636520"><ele>780.159</ele><time>2020-04-01T12:51:43Z</time></trkpt><trkpt lat="-32.863540" lon="-70.636140"><ele>781.042</ele><time>2020-04-01T12:52:03Z</time></trkpt><trkpt lat="-32.863160" lon="-70.635680"><ele>781.687</ele><time>2020-04-01T12:52:23Z</time></trkpt><trkpt lat="-32.863020" lon="-70.635520"><ele>781.590</ele><time>2020-04-01T12:52:43Z</time></trkpt><trkpt lat="-32.862990" lon="-70.635490"><ele>781.582</ele><time>2020-04-01T12:53:03Z</time></trkpt><trkpt lat="-32.862960" lon="-70.635460"><ele>781.591</ele><time>2020-04-01T12:53:23Z</time></trkpt><trkpt lat="-32.862940" lon="-70.635430"><ele>781.528</ele><time>2020-04-01T12:53:43Z</time></trkpt><trkpt lat="-32.862910" lon="-70.635390"><ele>781.538</ele><time>2020-04-01T12:54:03Z</time></trkpt><trkpt lat="-32.862880" lon="-70.635360"><ele>781.670</ele><time>2020-04-01T12:54:23Z</time></trkpt><trkpt lat="-32.862860" lon="-70.635330"><ele>781.617</ele><time>2020-04-01T12:54:43Z</time></trkpt><trkpt lat="-32.862830" lon="-70.635300"><ele>781.608</ele><time>2020-04-01T12:55:03Z</time></trkpt><trkpt lat="-32.862800" lon="-70.635270"><ele>781.627</ele><time>2020-04-01T12:55:23Z</time></trkpt><trkpt lat="-32.862770" lon="-70.635240"><ele>781.691</ele><time>2020-04-01T12:55:43Z</time></trkpt><trkpt lat="-32.862750" lon="-70.635210"><ele>781.714</ele><time>2020-04-01T12:56:03Z</time></trkpt><trkpt lat="-32.862720" lon="-70.635180"><ele>781.799</ele><time>2020-04-01T12:56:23Z</time></trkpt><trkpt lat="-32.862690" lon="-70.635150"><ele>781.822</ele><time>2020-04-01T12:56:43Z</time></trkpt><trkpt lat="-32.862670" lon="-70.635110"><ele>781.964</ele><time>2020-04-01T12:57:03Z</time></trkpt><trkpt lat="-32.862640" lon="-70.635080"><ele>781.913</ele><time>2020-04-01T12:57:23Z</time></trkpt><trkpt lat="-32.862610" lon="-70.635050"><ele>782.090</ele><time>2020-04-01T12:57:43Z</time></trkpt><trkpt lat="-32.862580" lon="-70.635020"><ele>782.064</ele><time>2020-04-01T12:58:03Z</time></trkpt><trkpt lat="-32.862560" lon="-70.634990"><ele>782.106</ele><time>2020-04-01T12:58:23Z</time></trkpt><trkpt lat="-32.862530" lon="-70.634960"><ele>782.116</ele><time>2020-04-01T12:58:43Z</time></trkpt><trkpt lat="-32.862500" lon="-70.634930"><ele>782.108</ele><time>2020-04-01T12:59:03Z</time></trkpt><trkpt lat="-32.862480" lon="-70.634900"><ele>782.190</ele><time>2020-04-01T12:59:23Z</time></trkpt><trkpt lat="-32.862450" lon="-70.634870"><ele>782.164</ele><time>2020-04-01T12:59:43Z</time></trkpt><trkpt lat="-32.862420" lon="-70.634830"><ele>782.177</ele><time>2020-04-01T13:00:03Z</time></trkpt><trkpt lat="-32.862400" lon="-70.634800"><ele>782.142</ele><time>2020-04-01T13:00:23Z</time></trkpt><trkpt lat="-32.862370" lon="-70.634770"><ele>782.185</ele><time>2020-04-01T13:00:43Z</time></trkpt><trkpt lat="-32.862340" lon="-70.634740"><ele>782.167</ele><time>2020-04-01T13:01:03Z</time></trkpt><trkpt lat="-32.862310" lon="-70.634710"><ele>782.136</ele><time>2020-04-01T13:01:23Z</time></trkpt><trkpt lat="-32.862290" lon="-70.634680"><ele>782.123</ele><time>2020-04-01T13:01:43Z</time></trkpt><trkpt lat="-32.862260" lon="-70.634650"><ele>782.116</ele><time>2020-04-01T13:02:03Z</time></trkpt><trkpt lat="-32.862230" lon="-70.634620"><ele>782.176</ele><time>2020-04-01T13:02:23Z</time></trkpt><trkpt lat="-32.862210" lon="-70.634580"><ele>782.213</ele><time>2020-04-01T13:02:43Z</time></trkpt><trkpt lat="-32.862180" lon="-70.634550"><ele>782.208</ele><time>2020-04-01T13:03:03Z</time></trkpt><trkpt lat="-32.862150" lon="-70.634520"><ele>782.255</ele><time>2020-04-01T13:03:23Z</time></trkpt><trkpt lat="-32.862130" lon="-70.634490"><ele>782.289</ele><time>2020-04-01T13:03:43Z</time></trkpt><trkpt lat="-32.862100" lon="-70.634460"><ele>782.212</ele><time>2020-04-01T13:04:03Z</time></trkpt><trkpt lat="-32.862070" lon="-70.634430"><ele>782.247</ele><time>2020-04-01T13:04:23Z</time></trkpt><trkpt lat="-32.862040" lon="-70.634400"><ele>782.230</ele><time>2020-04-01T13:04:43Z</time></trkpt><trkpt lat="-32.862020" lon="-70.634370"><ele>782.232</ele><time>2020-04-01T13:05:03Z</time></trkpt><trkpt lat="-32.861990" lon="-70.634340"><ele>782.251</ele><time>2020-04-01T13:05:23Z</time></trkpt><trkpt lat="-32.861960" lon="-70.634300"><ele>782.238</ele><time>2020-04-01T13:05:43Z</time></trkpt><trkpt lat="-32.861940" lon="-70.634270"><ele>782.256</ele><time>2020-04-01T13:06:03Z</time></trkpt><trkpt lat="-32.861910" lon="-70.634240"><ele>782.259</ele><time>2020-04-01T13:06:23Z</time></trkpt><trkpt lat="-32.861880" lon="-70.634210"><ele>782.214</ele><time>2020-04-01T13:06:43Z</time></trkpt><trkpt lat="-32.861860" lon="-70.634180"><ele>782.208</ele><time>2020-04-01T13:07:03Z</time></trkpt><trkpt lat="-32.861830" lon="-70.634150"><ele>782.249</ele><time>2020-04-01T13:07:23Z</time></trkpt><trkpt lat="-32.861800" lon="-70.634120"><ele>782.263</ele><time>2020-04-01T13:07:43Z</time></trkpt><trkpt lat="-32.861770" lon="-70.634090"><ele>782.226</ele><time>2020-04-01T13:08:03Z</time></trkpt><trkpt lat="-32.861750" lon="-70.634050"><ele>782.271</ele><time>2020-04-01T13:08:23Z</time></trkpt><trkpt lat="-32.861720" lon="-70.634020"><ele>782.264</ele><time>2020-04-01T13:08:43Z</time></trkpt><trkpt lat="-32.861690" lon="-70.633990"><ele>782.246</ele><time>2020-04-01T13:09:03Z</time></trkpt><trkpt lat="-32.861670" lon="-70.633960"><ele>782.375</ele><time>2020-04-01T13:09:23Z</time></trkpt><trkpt lat="-32.861640" lon="-70.633930"><ele>782.292</ele><time>2020-04-01T13:09:43Z</time></trkpt><trkpt lat="-32.861610" lon="-70.633900"><ele>782.228</ele><time>2020-04-01T13:10:03Z</time></trkpt><trkpt lat="-32.861590" lon="-70.633870"><ele>782.289</ele><time>2020-04-01T13:10:23Z</time></trkpt><trkpt lat="-32.861560" lon="-70.633840"><ele>782.217</ele><time>2020-04-01T13:10:43Z</time></trkpt><trkpt lat="-32.861530" lon="-70.633810"><ele>782.208</ele><time>2020-04-01T13:11:03Z</time></trkpt><trkpt lat="-32.861500" lon="-70.633770"><ele>782.216</ele><time>2020-04-01T13:11:23Z</time></trkpt><trkpt lat="-32.861480" lon="-70.633740"><ele>782.230</ele><time>2020-04-01T13:11:43Z</time></trkpt><trkpt lat="-32.861450" lon="-70.633710"><ele>782.113</ele><time>2020-04-01T13:12:03Z</time></trkpt><trkpt lat="-32.861420" lon="-70.633680"><ele>782.128</ele><time>2020-04-01T13:12:23Z</time></trkpt><trkpt lat="-32.861400" lon="-70.633650"><ele>782.161</ele><time>2020-04-01T13:12:43Z</time></trkpt><trkpt lat="-32.861370" lon="-70.633620"><ele>782.113</ele><time>2020-04-01T13:13:03Z</time></trkpt><trkpt lat="-32.861340" lon="-70.633590"><ele>782.012</ele><time>2020-04-01T13:13:23Z</time></trkpt><trkpt lat="-32.861320" lon="-70.633550"><ele>782.049</ele><time>2020-04-01T13:13:43Z</time></trkpt><trkpt lat="-32.861290" lon="-70.633520"><ele>782.057</ele><time>2020-04-01T13:14:03Z</time></trkpt><trkpt lat="-32.861260" lon="-70.633490"><ele>781.900</ele><time>2020-04-01T13:14:23Z</time></trkpt><trkpt lat="-32.861240" lon="-70.633460"><ele>781.920</ele><time>2020-04-01T13:14:43Z</time></trkpt><trkpt lat="-32.861210" lon="-70.633430"><ele>781.908</ele><time>2020-04-01T13:15:03Z</time></trkpt><trkpt lat="-32.861180" lon="-70.633400"><ele>781.899</ele><time>2020-04-01T13:15:23Z</time></trkpt><trkpt lat="-32.861160" lon="-70.633370"><ele>781.833</ele><time>2020-04-01T13:15:43Z</time></trkpt><trkpt lat="-32.861130" lon="-70.633330"><ele>781.796</ele><time>2020-04-01T13:16:03Z</time></trkpt><trkpt lat="-32.861100" lon="-70.633300"><ele>781.641</ele><time>2020-04-01T13:16:23Z</time></trkpt><trkpt lat="-32.861080" lon="-70.633270"><ele>781.694</ele><time>2020-04-01T13:16:43Z</time></trkpt><trkpt lat="-32.861050" lon="-70.633240"><ele>781.526</ele><time>2020-04-01T13:17:03Z</time></trkpt><trkpt lat="-32.861020" lon="-70.633210"><ele>781.585</ele><time>2020-04-01T13:17:23Z</time></trkpt><trkpt lat="-32.861000" lon="-70.633180"><ele>781.512</ele><time>2020-04-01T13:17:43Z</time></trkpt><trkpt lat="-32.860970" lon="-70.633150"><ele>781.437</ele><time>2020-04-01T13:18:03Z</time></trkpt><trkpt lat="-32.860940" lon="-70.633110"><ele>781.449</ele><time>2020-04-01T13:18:23Z</time></trkpt><trkpt lat="-32.860920" lon="-70.633080"><ele>781.413</ele><time>2020-04-01T13:18:43Z</time></trkpt><trkpt lat="-32.860890" lon="-70.633050"><ele>781.408</ele><time>2020-04-01T13:19:03Z</time></trkpt><trkpt lat="-32.860860" lon="-70.633010"><ele>781.467</ele><time>2020-04-01T13:19:23Z</time></trkpt><trkpt lat="-32.860830" lon="-70.632980"><ele>781.481</ele><time>2020-04-01T13:19:43Z</time></trkpt><trkpt lat="-32.860810" lon="-70.632950"><ele>781.454</ele><time>2020-04-01T13:20:03Z</time></trkpt><trkpt lat="-32.860780" lon="-70.632920"><ele>781.459</ele><time>2020-04-01T13:20:23Z</time></trkpt><trkpt lat="-32.860750" lon="-70.632890"><ele>781.442</ele><time>2020-04-01T13:20:43Z</time></trkpt><trkpt lat="-32.860730" lon="-70.632860"><ele>781.474</ele><time>2020-04-01T13:21:03Z</time></trkpt><trkpt lat="-32.860700" lon="-70.632820"><ele>781.593</ele><time>2020-04-01T13:21:23Z</time></trkpt><trkpt lat="-32.860670" lon="-70.632790"><ele>781.570</ele><time>2020-04-01T13:21:43Z</time></trkpt><trkpt lat="-32.860650" lon="-70.632760"><ele>781.589</ele><time>2020-04-01T13:22:03Z</time></trkpt><trkpt lat="-32.860620" lon="-70.632730"><ele>781.506</ele><time>2020-04-01T13:22:23Z</time></trkpt><trkpt lat="-32.860590" lon="-70.632700"><ele>781.526</ele><time>2020-04-01T13:22:43Z</time></trkpt><trkpt lat="-32.860560" lon="-70.632670"><ele>781.508</ele><time>2020-04-01T13:23:03Z</time></trkpt><trkpt lat="-32.860540" lon="-70.632640"><ele>781.572</ele><time>2020-04-01T13:23:23Z</time></trkpt><trkpt lat="-32.860510" lon="-70.632610"><ele>781.536</ele><time>2020-04-01T13:23:43Z</time></trkpt><trkpt lat="-32.860480" lon="-70.632580"><ele>781.539</ele><time>2020-04-01T13:24:03Z</time></trkpt><trkpt lat="-32.860450" lon="-70.632550"><ele>781.514</ele><time>2020-04-01T13:24:23Z</time></trkpt><trkpt lat="-32.860430" lon="-70.632510"><ele>781.597</ele><time>2020-04-01T13:24:43Z</time></trkpt><trkpt lat="-32.860400" lon="-70.632480"><ele>781.569</ele><time>2020-04-01T13:25:03Z</time></trkpt><trkpt lat="-32.860370" lon="-70.632450"><ele>781.598</ele><time>2020-04-01T13:25:23Z</time></trkpt><trkpt lat="-32.860350" lon="-70.632420"><ele>781.565</ele><time>2020-04-01T13:25:43Z</time></trkpt><trkpt lat="-32.860320" lon="-70.632400"><ele>781.547</ele><time>2020-04-01T13:26:03Z</time></trkpt><trkpt lat="-32.860220" lon="-70.632290"><ele>781.429</ele><time>2020-04-01T13:26:23Z</time></trkpt><trkpt lat="-32.859930" lon="-70.631960"><ele>781.621</ele><time>2020-04-01T13:26:43Z</time></trkpt><trkpt lat="-32.859700" lon="-70.631690"><ele>781.608</ele><time>2020-04-01T13:27:03Z</time></trkpt><trkpt lat="-32.859460" lon="-70.631420"><ele>781.848</ele><time>2020-04-01T13:27:23Z</time></trkpt><trkpt lat="-32.859340" lon="-70.631280"><ele>781.862</ele><time>2020-04-01T13:27:43Z</time></trkpt><trkpt lat="-32.859240" lon="-70.631160"><ele>781.815</ele><time>2020-04-01T13:28:03Z</time></trkpt><trkpt lat="-32.858940" lon="-70.630820"><ele>782.330</ele><time>2020-04-01T13:28:23Z</time></trkpt><trkpt lat="-32.858650" lon="-70.630480"><ele>782.973</ele><time>2020-04-01T13:28:43Z</time></trkpt><trkpt lat="-32.858490" lon="-70.630300"><ele>783.365</ele><time>2020-04-01T13:29:03Z</time></trkpt><trkpt lat="-32.858330" lon="-70.630120"><ele>783.914</ele><time>2020-04-01T13:29:23Z</time></trkpt><trkpt lat="-32.858160" lon="-70.629920"><ele>784.391</ele><time>2020-04-01T13:29:43Z</time></trkpt><trkpt lat="-32.857970" lon="-70.629710"><ele>784.857</ele><time>2020-04-01T13:30:03Z</time></trkpt><trkpt lat="-32.857770" lon="-70.629480"><ele>785.300</ele><time>2020-04-01T13:30:23Z</time></trkpt><trkpt lat="-32.857560" lon="-70.629240"><ele>785.820</ele><time>2020-04-01T13:30:43Z</time></trkpt><trkpt lat="-32.857550" lon="-70.629230"><ele>785.908</ele><time>2020-04-01T13:31:03Z</time></trkpt><trkpt lat="-32.857330" lon="-70.628980"><ele>785.629</ele><time>2020-04-01T13:31:23Z</time></trkpt><trkpt lat="-32.857120" lon="-70.628740"><ele>785.313</ele><time>2020-04-01T13:31:43Z</time></trkpt><trkpt lat="-32.856900" lon="-70.628500"><ele>785.196</ele><time>2020-04-01T13:32:03Z</time></trkpt><trkpt lat="-32.856820" lon="-70.628410"><ele>785.061</ele><time>2020-04-01T13:32:23Z</time></trkpt><trkpt lat="-32.856700" lon="-70.628270"><ele>785.274</ele><time>2020-04-01T13:32:43Z</time></trkpt><trkpt lat="-32.856510" lon="-70.628050"><ele>785.666</ele><time>2020-04-01T13:33:03Z</time></trkpt><trkpt lat="-32.856320" lon="-70.627840"><ele>785.975</ele><time>2020-04-01T13:33:23Z</time></trkpt><trkpt lat="-32.856180" lon="-70.627660"><ele>786.162</ele><time>2020-04-01T13:33:43Z</time></trkpt><trkpt lat="-32.856140" lon="-70.627610"><ele>786.212</ele><time>2020-04-01T13:34:03Z</time></trkpt><trkpt lat="-32.855950" lon="-70.627380"><ele>786.132</ele><time>2020-04-01T13:34:23Z</time></trkpt><trkpt lat="-32.855780" lon="-70.627170"><ele>786.105</ele><time>2020-04-01T13:34:43Z</time></trkpt><trkpt lat="-32.855490" lon="-70.626810"><ele>786.708</ele><time>2020-04-01T13:35:03Z</time></trkpt><trkpt lat="-32.855290" lon="-70.626570"><ele>787.535</ele><time>2020-04-01T13:35:23Z</time></trkpt><trkpt lat="-32.854960" lon="-70.626160"><ele>788.559</ele><time>2020-04-01T13:35:43Z</time></trkpt><trkpt lat="-32.854900" lon="-70.626080"><ele>788.592</ele><time>2020-04-01T13:36:03Z</time></trkpt><trkpt lat="-32.854730" lon="-70.625870"><ele>788.347</ele><time>2020-04-01T13:36:23Z</time></trkpt><trkpt lat="-32.854620" lon="-70.625750"><ele>788.420</ele><time>2020-04-01T13:36:43Z</time></trkpt><trkpt lat="-32.854350" lon="-70.625420"><ele>789.272</ele><time>2020-04-01T13:37:03Z</time></trkpt><trkpt lat="-32.854220" lon="-70.625270"><ele>789.721</ele><time>2020-04-01T13:37:23Z</time></trkpt><trkpt lat="-32.852900" lon="-70.623720"><ele>790.828</ele><time>2020-04-01T13:37:43Z</time></trkpt><trkpt lat="-32.852600" lon="-70.623380"><ele>791.071</ele><time>2020-04-01T13:38:03Z</time></trkpt><trkpt lat="-32.852320" lon="-70.623040"><ele>792.141</ele><time>2020-04-01T13:38:23Z</time></trkpt><trkpt lat="-32.851600" lon="-70.622250"><ele>793.115</ele><time>2020-04-01T13:38:43Z</time></trkpt><trkpt lat="-32.850850" lon="-70.621320"><ele>794.408</ele><time>2020-04-01T13:39:03Z</time></trkpt><trkpt lat="-32.850770" lon="-70.621230"><ele>794.671</ele><time>2020-04-01T13:39:23Z</time></trkpt><trkpt lat="-32.850560" lon="-70.620990"><ele>794.985</ele><time>2020-04-01T13:39:43Z</time></trkpt><trkpt lat="-32.850190" lon="-70.620540"><ele>795.558</ele><time>2020-04-01T13:40:03Z</time></trkpt><trkpt lat="-32.849680" lon="-70.619960"><ele>797.063</ele><time>2020-04-01T13:40:23Z</time></trkpt><trkpt lat="-32.849640" lon="-70.619910"><ele>797.176</ele><time>2020-04-01T13:40:43Z</time></trkpt><trkpt lat="-32.849380" lon="-70.619590"><ele>797.188</ele><time>2020-04-01T13:41:03Z</time></trkpt><trkpt lat="-32.849190" lon="-70.619370"><ele>797.047</ele><time>2020-04-01T13:41:23Z</time></trkpt><trkpt lat="-32.848800" lon="-70.618910"><ele>798.534</ele><time>2020-04-01T13:41:43Z</time></trkpt><trkpt lat="-32.848500" lon="-70.618600"><ele>800.029</ele><time>2020-04-01T13:42:03Z</time></trkpt><trkpt lat="-32.848140" lon="-70.618180"><ele>801.000</ele><time>2020-04-01T13:42:23Z</time></trkpt><trkpt lat="-32.847790" lon="-70.617770"><ele>801.020</ele><time>2020-04-01T13:42:43Z</time></trkpt><trkpt lat="-32.847540" lon="-70.617470"><ele>801.008</ele><time>2020-04-01T13:43:03Z</time></trkpt><trkpt lat="-32.847390" lon="-70.617290"><ele>801.046</ele><time>2020-04-01T13:43:23Z</time></trkpt><trkpt lat="-32.847110" lon="-70.616930"><ele>801.160</ele><time>2020-04-01T13:43:43Z</time></trkpt><trkpt lat="-32.846760" lon="-70.616530"><ele>801.623</ele><time>2020-04-01T13:44:03Z</time></trkpt><trkpt lat="-32.846610" lon="-70.616360"><ele>802.018</ele><time>2020-04-01T13:44:23Z</time></trkpt><trkpt lat="-32.846330" lon="-70.616030"><ele>802.981</ele><time>2020-04-01T13:44:43Z</time></trkpt><trkpt lat="-32.845970" lon="-70.615600"><ele>803.483</ele><time>2020-04-01T13:45:03Z</time></trkpt><trkpt lat="-32.845850" lon="-70.615460"><ele>803.592</ele><time>2020-04-01T13:45:23Z</time></trkpt><trkpt lat="-32.845590" lon="-70.615160"><ele>803.829</ele><time>2020-04-01T13:45:43Z</time></trkpt><trkpt lat="-32.845130" lon="-70.614610"><ele>804.957</ele><time>2020-04-01T13:46:03Z</time></trkpt><trkpt lat="-32.844420" lon="-70.613780"><ele>806.700</ele><time>2020-04-01T13:46:23Z</time></trkpt><trkpt lat="-32.844420" lon="-70.613780"><ele>806.720</ele><time>2020-04-01T13:46:43Z</time></trkpt><trkpt lat="-32.844190" lon="-70.613510"><ele>806.208</ele><time>2020-04-01T13:47:03Z</time></trkpt><trkpt lat="-32.843710" lon="-70.612960"><ele>807.929</ele><time>2020-04-01T13:47:23Z</time></trkpt><trkpt lat="-32.843310" lon="-70.612480"><ele>809.933</ele><time>2020-04-01T13:47:43Z</time></trkpt><trkpt lat="-32.843310" lon="-70.612480"><ele>809.936</ele><time>2020-04-01T13:48:03Z</time></trkpt><trkpt lat="-32.842780" lon="-70.611830"><ele>809.121</ele><time>2020-04-01T13:48:23Z</time></trkpt><trkpt lat="-32.842420" lon="-70.611430"><ele>809.934</ele><time>2020-04-01T13:48:43Z</time></trkpt><trkpt lat="-32.842110" lon="-70.611080"><ele>810.686</ele><time>2020-04-01T13:49:03Z</time></trkpt><trkpt lat="-32.841700" lon="-70.610600"><ele>810.365</ele><time>2020-04-01T13:49:23Z</time></trkpt><trkpt lat="-32.841260" lon="-70.610080"><ele>811.062</ele><time>2020-04-01T13:49:43Z</time></trkpt><trkpt lat="-32.840870" lon="-70.609630"><ele>811.451</ele><time>2020-04-01T13:50:03Z</time></trkpt><trkpt lat="-32.839600" lon="-70.608120"><ele>816.901</ele><time>2020-04-01T13:50:23Z</time></trkpt><trkpt lat="-32.839380" lon="-70.607890"><ele>817.211</ele><time>2020-04-01T13:50:43Z</time></trkpt><trkpt lat="-32.839240" lon="-70.607750"><ele>817.408</ele><time>2020-04-01T13:51:03Z</time></trkpt><trkpt lat="-32.839020" lon="-70.607500"><ele>817.899</ele><time>2020-04-01T13:51:23Z</time></trkpt><trkpt lat="-32.838710" lon="-70.607130"><ele>817.353</ele><time>2020-04-01T13:51:43Z</time></trkpt><trkpt lat="-32.838590" lon="-70.607000"><ele>817.156</ele><time>2020-04-01T13:52:03Z</time></trkpt><trkpt lat="-32.838440" lon="-70.606830"><ele>817.061</ele><time>2020-04-01T13:52:23Z</time></trkpt><trkpt lat="-32.838310" lon="-70.606680"><ele>817.094</ele><time>2020-04-01T13:52:43Z</time></trkpt><trkpt lat="-32.837780" lon="-70.606100"><ele>817.756</ele><time>2020-04-01T13:53:03Z</time></trkpt><trkpt lat="-32.837500" lon="-70.605800"><ele>819.155</ele><time>2020-04-01T13:53:23Z</time></trkpt><trkpt lat="-32.837280" lon="-70.605510"><ele>821.052</ele><time>2020-04-01T13:53:43Z</time></trkpt><trkpt lat="-32.837000" lon="-70.605170"><ele>821.953</ele><time>2020-04-01T13:54:03Z</time></trkpt><trkpt lat="-32.836710" lon="-70.604830"><ele>822.304</ele><time>2020-04-01T13:54:23Z</time></trkpt><trkpt lat="-32.836520" lon="-70.604610"><ele>822.914</ele><time>2020-04-01T13:54:43Z</time></trkpt><trkpt lat="-32.836450" lon="-70.604530"><ele>823.108</ele><time>2020-04-01T13:55:03Z</time></trkpt><trkpt lat="-32.836340" lon="-70.604420"><ele>823.449</ele><time>2020-04-01T13:55:23Z</time></trkpt><trkpt lat="-32.836280" lon="-70.604360"><ele>823.513</ele><time>2020-04-01T13:55:43Z</time></trkpt><trkpt lat="-32.836210" lon="-70.604290"><ele>823.786</ele><time>2020-04-01T13:56:03Z</time></trkpt><trkpt lat="-32.836170" lon="-70.604250"><ele>823.881</ele><time>2020-04-01T13:56:23Z</time></trkpt><trkpt lat="-32.836170" lon="-70.604250"><ele>823.884</ele><time>2020-04-01T13:56:43Z</time></trkpt><trkpt lat="-32.836090" lon="-70.604130"><ele>824.176</ele><time>2020-04-01T13:57:03Z</time></trkpt><trkpt lat="-32.836510" lon="-70.602760"><ele>826.165</ele><time>2020-04-01T13:57:23Z</time></trkpt><trkpt lat="-32.836770" lon="-70.601780"><ele>826.752</ele><time>2020-04-01T13:57:43Z</time></trkpt><trkpt lat="-32.836840" lon="-70.601540"><ele>827.187</ele><time>2020-04-01T13:58:03Z</time></trkpt><trkpt lat="-32.836980" lon="-70.601100"><ele>827.742</ele><time>2020-04-01T13:58:23Z</time></trkpt><trkpt lat="-32.837210" lon="-70.600310"><ele>828.926</ele><time>2020-04-01T13:58:43Z</time></trkpt><trkpt lat="-32.837570" lon="-70.599080"><ele>828.908</ele><time>2020-04-01T13:59:03Z</time></trkpt><trkpt lat="-32.837570" lon="-70.599080"><ele>828.992</ele><time>2020-04-01T13:59:23Z</time></trkpt><trkpt lat="-32.837310" lon="-70.598980"><ele>829.786</ele><time>2020-04-01T13:59:43Z</time></trkpt><trkpt lat="-32.836490" lon="-70.598640"><ele>831.819</ele><time>2020-04-01T14:00:03Z</time></trkpt><trkpt lat="-32.835450" lon="-70.598220"><ele>833.154</ele><time>2020-04-01T14:00:23Z</time></trkpt><trkpt lat="-32.834400" lon="-70.597770"><ele>833.787</ele><time>2020-04-01T14:00:43Z</time></trkpt><trkpt lat="-32.833720" lon="-70.597490"><ele>834.099</ele><time>2020-04-01T14:01:03Z</time></trkpt><trkpt lat="-32.833720" lon="-70.597490"><ele>834.068</ele><time>2020-04-01T14:01:23Z</time></trkpt><trkpt lat="-32.833360" lon="-70.597350"><ele>834.225</ele><time>2020-04-01T14:01:43Z</time></trkpt><trkpt lat="-32.832320" lon="-70.596920"><ele>835.024</ele><time>2020-04-01T14:02:03Z</time></trkpt><trkpt lat="-32.831290" lon="-70.596460"><ele>834.104</ele><time>2020-04-01T14:02:23Z</time></trkpt><trkpt lat="-32.830210" lon="-70.596040"><ele>833.314</ele><time>2020-04-01T14:02:43Z</time></trkpt><trkpt lat="-32.830210" lon="-70.596040"><ele>833.308</ele><time>2020-04-01T14:03:03Z</time></trkpt><trkpt lat="-32.830560" lon="-70.594810"><ele>836.626</ele><time>2020-04-01T14:03:23Z</time></trkpt><trkpt lat="-32.830870" lon="-70.593780"><ele>838.450</ele><time>2020-04-01T14:03:43Z</time></trkpt><trkpt lat="-32.830930" lon="-70.593580"><ele>838.723</ele><time>2020-04-01T14:04:03Z</time></trkpt><trkpt lat="-32.831290" lon="-70.592320"><ele>839.378</ele><time>2020-04-01T14:04:23Z</time></trkpt><trkpt lat="-32.831310" lon="-70.592040"><ele>839.081</ele><time>2020-04-01T14:04:43Z</time></trkpt><trkpt lat="-32.831340" lon="-70.591800"><ele>838.763</ele><time>2020-04-01T14:05:03Z</time></trkpt><trkpt lat="-32.831360" lon="-70.591670"><ele>838.682</ele><time>2020-04-01T14:05:23Z</time></trkpt><trkpt lat="-32.831400" lon="-70.591500"><ele>838.789</ele><time>2020-04-01T14:05:43Z</time></trkpt><trkpt lat="-32.831470" lon="-70.591300"><ele>838.999</ele><time>2020-04-01T14:06:03Z</time></trkpt><trkpt lat="-32.831620" lon="-70.591070"><ele>839.507</ele><time>2020-04-01T14:06:23Z</time></trkpt><trkpt lat="-32.831640" lon="-70.591030"><ele>839.727</ele><time>2020-04-01T14:06:43Z</time></trkpt><trkpt lat="-32.831740" lon="-70.590880"><ele>840.008</ele><time>2020-04-01T14:07:03Z</time></trkpt><trkpt lat="-32.831760" lon="-70.590860"><ele>840.193</ele><time>2020-04-01T14:07:23Z</time></trkpt><trkpt lat="-32.831980" lon="-70.590600"><ele>840.297</ele><time>2020-04-01T14:07:43Z</time></trkpt><trkpt lat="-32.831980" lon="-70.590600"><ele>840.220</ele><time>2020-04-01T14:08:03Z</time></trkpt><trkpt lat="-32.832120" lon="-70.590450"><ele>840.365</ele><time>2020-04-01T14:08:23Z</time></trkpt><trkpt lat="-32.832220" lon="-70.590350"><ele>840.518</ele><time>2020-04-01T14:08:43Z</time></trkpt><trkpt lat="-32.832370" lon="-70.590230"><ele>840.720</ele><time>2020-04-01T14:09:03Z</time></trkpt><trkpt lat="-32.832620" lon="-70.590030"><ele>841.089</ele><time>2020-04-01T14:09:23Z</time></trkpt><trkpt lat="-32.832660" lon="-70.590000"><ele>841.036</ele><time>2020-04-01T14:09:43Z</time></trkpt><trkpt lat="-32.832810" lon="-70.589880"><ele>840.869</ele><time>2020-04-01T14:10:03Z</time></trkpt><trkpt lat="-32.833110" lon="-70.589640"><ele>841.004</ele><time>2020-04-01T14:10:23Z</time></trkpt><trkpt lat="-32.833340" lon="-70.589450"><ele>841.724</ele><time>2020-04-01T14:10:43Z</time></trkpt><trkpt lat="-32.833450" lon="-70.589350"><ele>842.208</ele><time>2020-04-01T14:11:03Z</time></trkpt><trkpt lat="-32.833520" lon="-70.589290"><ele>842.590</ele><time>2020-04-01T14:11:23Z</time></trkpt><trkpt lat="-32.833710" lon="-70.589090"><ele>843.394</ele><time>2020-04-01T14:11:43Z</time></trkpt><trkpt lat="-32.833820" lon="-70.588960"><ele>843.727</ele><time>2020-04-01T14:12:03Z</time></trkpt><trkpt lat="-32.833920" lon="-70.588830"><ele>844.252</ele><time>2020-04-01T14:12:23Z</time></trkpt><trkpt lat="-32.834010" lon="-70.588710"><ele>844.725</ele><time>2020-04-01T14:12:43Z</time></trkpt><trkpt lat="-32.834090" lon="-70.588590"><ele>845.247</ele><time>2020-04-01T14:13:03Z</time></trkpt><trkpt lat="-32.834240" lon="-70.588330"><ele>847.216</ele><time>2020-04-01T14:13:23Z</time></trkpt><trkpt lat="-32.834300" lon="-70.588210"><ele>848.143</ele><time>2020-04-01T14:13:43Z</time></trkpt><trkpt lat="-32.834360" lon="-70.588080"><ele>849.189</ele><time>2020-04-01T14:14:03Z</time></trkpt><trkpt lat="-32.834470" lon="-70.587810"><ele>850.906</ele><time>2020-04-01T14:14:23Z</time></trkpt><trkpt lat="-32.834470" lon="-70.587810"><ele>850.926</ele><time>2020-04-01T14:14:43Z</time></trkpt><trkpt lat="-32.834540" lon="-70.587620"><ele>852.208</ele><time>2020-04-01T14:15:03Z</time></trkpt><trkpt lat="-32.834550" lon="-70.587560"><ele>852.472</ele><time>2020-04-01T14:15:23Z</time></trkpt><trkpt lat="-32.834760" lon="-70.586520"><ele>853.066</ele><time>2020-04-01T14:15:43Z</time></trkpt><trkpt lat="-32.834860" lon="-70.586080"><ele>850.479</ele><time>2020-04-01T14:16:03Z</time></trkpt><trkpt lat="-32.834910" lon="-70.585880"><ele>849.254</ele><time>2020-04-01T14:16:23Z</time></trkpt><trkpt lat="-32.834950" lon="-70.585740"><ele>848.757</ele><time>2020-04-01T14:16:43Z</time></trkpt><trkpt lat="-32.834960" lon="-70.585740"><ele>848.979</ele><time>2020-04-01T14:17:03Z</time></trkpt><trkpt lat="-32.835420" lon="-70.584580"><ele>854.188</ele><time>2020-04-01T14:17:23Z</time></trkpt><trkpt lat="-32.835510" lon="-70.584380"><ele>855.275</ele><time>2020-04-01T14:17:43Z</time></trkpt><trkpt lat="-32.835630" lon="-70.584160"><ele>856.617</ele><time>2020-04-01T14:18:03Z</time></trkpt><trkpt lat="-32.836170" lon="-70.583270"><ele>857.987</ele><time>2020-04-01T14:18:23Z</time></trkpt><trkpt lat="-32.836380" lon="-70.582930"><ele>859.015</ele><time>2020-04-01T14:18:43Z</time></trkpt><trkpt lat="-32.836590" lon="-70.582580"><ele>859.008</ele><time>2020-04-01T14:19:03Z</time></trkpt><trkpt lat="-32.836760" lon="-70.582260"><ele>857.825</ele><time>2020-04-01T14:19:23Z</time></trkpt><trkpt lat="-32.836990" lon="-70.581840"><ele>856.129</ele><time>2020-04-01T14:19:43Z</time></trkpt><trkpt lat="-32.837090" lon="-70.581590"><ele>855.612</ele><time>2020-04-01T14:20:03Z</time></trkpt><trkpt lat="-32.837120" lon="-70.581500"><ele>855.737</ele><time>2020-04-01T14:20:23Z</time></trkpt><trkpt lat="-32.837120" lon="-70.581490"><ele>855.760</ele><time>2020-04-01T14:20:43Z</time></trkpt><trkpt lat="-32.837140" lon="-70.581410"><ele>855.852</ele><time>2020-04-01T14:21:03Z</time></trkpt><trkpt lat="-32.837170" lon="-70.581280"><ele>856.011</ele><time>2020-04-01T14:21:23Z</time></trkpt><trkpt lat="-32.837170" lon="-70.581260"><ele>856.088</ele><time>2020-04-01T14:21:43Z</time></trkpt><trkpt lat="-32.837180" lon="-70.581140"><ele>856.225</ele><time>2020-04-01T14:22:03Z</time></trkpt><trkpt lat="-32.837180" lon="-70.580910"><ele>856.426</ele><time>2020-04-01T14:22:23Z</time></trkpt><trkpt lat="-32.837160" lon="-70.580440"><ele>856.608</ele><time>2020-04-01T14:22:43Z</time></trkpt><trkpt lat="-32.837090" lon="-70.579120"><ele>856.208</ele><time>2020-04-01T14:23:03Z</time></trkpt><trkpt lat="-32.837070" lon="-70.578970"><ele>856.816</ele><time>2020-04-01T14:23:23Z</time></trkpt><trkpt lat="-32.837050" lon="-70.578840"><ele>857.490</ele><time>2020-04-01T14:23:43Z</time></trkpt><trkpt lat="-32.836990" lon="-70.578580"><ele>858.433</ele><time>2020-04-01T14:24:03Z</time></trkpt><trkpt lat="-32.836650" lon="-70.577720"><ele>860.598</ele><time>2020-04-01T14:24:23Z</time></trkpt><trkpt lat="-32.836460" lon="-70.577190"><ele>861.111</ele><time>2020-04-01T14:24:43Z</time></trkpt><trkpt lat="-32.836330" lon="-70.576820"><ele>861.453</ele><time>2020-04-01T14:25:03Z</time></trkpt><trkpt lat="-32.836220" lon="-70.576390"><ele>861.182</ele><time>2020-04-01T14:25:23Z</time></trkpt><trkpt lat="-32.836010" lon="-70.575510"><ele>860.329</ele><time>2020-04-01T14:25:43Z</time></trkpt><trkpt lat="-32.835880" lon="-70.574920"><ele>860.132</ele><time>2020-04-01T14:26:03Z</time></trkpt><trkpt lat="-32.835870" lon="-70.574890"><ele>860.192</ele><time>2020-04-01T14:26:23Z</time></trkpt><trkpt lat="-32.835790" lon="-70.574620"><ele>860.011</ele><time>2020-04-01T14:26:43Z</time></trkpt><trkpt lat="-32.835790" lon="-70.574620"><ele>860.008</ele><time>2020-04-01T14:27:03Z</time></trkpt><trkpt lat="-32.835710" lon="-70.574460"><ele>859.957</ele><time>2020-04-01T14:27:23Z</time></trkpt><trkpt lat="-32.835500" lon="-70.574020"><ele>859.971</ele><time>2020-04-01T14:27:43Z</time></trkpt><trkpt lat="-32.835140" lon="-70.573290"><ele>859.384</ele><time>2020-04-01T14:28:03Z</time></trkpt><trkpt lat="-32.834220" lon="-70.571430"><ele>864.399</ele><time>2020-04-01T14:28:23Z</time></trkpt><trkpt lat="-32.833960" lon="-70.570880"><ele>863.162</ele><time>2020-04-01T14:28:43Z</time></trkpt><trkpt lat="-32.833870" lon="-70.570700"><ele>864.054</ele><time>2020-04-01T14:29:03Z</time></trkpt><trkpt lat="-32.833780" lon="-70.570510"><ele>865.253</ele><time>2020-04-01T14:29:23Z</time></trkpt><trkpt lat="-32.833410" lon="-70.569800"><ele>868.950</ele><time>2020-04-01T14:29:43Z</time></trkpt><trkpt lat="-32.833190" lon="-70.569360"><ele>871.315</ele><time>2020-04-01T14:30:03Z</time></trkpt><trkpt lat="-32.832610" lon="-70.568180"><ele>869.765</ele><time>2020-04-01T14:30:23Z</time></trkpt><trkpt lat="-32.832010" lon="-70.566950"><ele>872.311</ele><time>2020-04-01T14:30:43Z</time></trkpt><trkpt lat="-32.831860" lon="-70.566610"><ele>871.308</ele><time>2020-04-01T14:31:03Z</time></trkpt><trkpt lat="-32.831820" lon="-70.566530"><ele>871.075</ele><time>2020-04-01T14:31:23Z</time></trkpt><trkpt lat="-32.831660" lon="-70.566210"><ele>869.029</ele><time>2020-04-01T14:31:43Z</time></trkpt><trkpt lat="-32.831530" lon="-70.565950"><ele>869.292</ele><time>2020-04-01T14:32:03Z</time></trkpt><trkpt lat="-32.831450" lon="-70.565800"><ele>869.437</ele><time>2020-04-01T14:32:23Z</time></trkpt><trkpt lat="-32.831380" lon="-70.565630"><ele>870.420</ele><time>2020-04-01T14:32:43Z</time></trkpt><trkpt lat="-32.831310" lon="-70.565480"><ele>871.272</ele><time>2020-04-01T14:33:03Z</time></trkpt><trkpt lat="-32.831250" lon="-70.565320"><ele>872.071</ele><time>2020-04-01T14:33:23Z</time></trkpt><trkpt lat="-32.831180" lon="-70.565120"><ele>872.958</ele><time>2020-04-01T14:33:43Z</time></trkpt><trkpt lat="-32.831130" lon="-70.564940"><ele>873.847</ele><time>2020-04-01T14:34:03Z</time></trkpt><trkpt lat="-32.831080" lon="-70.564730"><ele>875.129</ele><time>2020-04-01T14:34:23Z</time></trkpt><trkpt lat="-32.831050" lon="-70.564570"><ele>875.921</ele><time>2020-04-01T14:34:43Z</time></trkpt><trkpt lat="-32.831020" lon="-70.564410"><ele>876.508</ele><time>2020-04-01T14:35:03Z</time></trkpt><trkpt lat="-32.831010" lon="-70.564250"><ele>877.368</ele><time>2020-04-01T14:35:23Z</time></trkpt><trkpt lat="-32.831000" lon="-70.564180"><ele>877.572</ele><time>2020-04-01T14:35:43Z</time></trkpt><trkpt lat="-32.830990" lon="-70.564090"><ele>877.575</ele><time>2020-04-01T14:36:03Z</time></trkpt><trkpt lat="-32.830990" lon="-70.563920"><ele>877.870</ele><time>2020-04-01T14:36:23Z</time></trkpt><trkpt lat="-32.830980" lon="-70.563740"><ele>877.833</ele><time>2020-04-01T14:36:43Z</time></trkpt><trkpt lat="-32.830990" lon="-70.563550"><ele>878.315</ele><time>2020-04-01T14:37:03Z</time></trkpt><trkpt lat="-32.831000" lon="-70.563340"><ele>878.824</ele><time>2020-04-01T14:37:23Z</time></trkpt><trkpt lat="-32.831020" lon="-70.563130"><ele>879.361</ele><time>2020-04-01T14:37:43Z</time></trkpt><trkpt lat="-32.831050" lon="-70.562910"><ele>880.117</ele><time>2020-04-01T14:38:03Z</time></trkpt><trkpt lat="-32.831080" lon="-70.562700"><ele>880.887</ele><time>2020-04-01T14:38:23Z</time></trkpt><trkpt lat="-32.831110" lon="-70.562470"><ele>881.715</ele><time>2020-04-01T14:38:43Z</time></trkpt><trkpt lat="-32.831110" lon="-70.562440"><ele>881.808</ele><time>2020-04-01T14:39:03Z</time></trkpt><trkpt lat="-32.831170" lon="-70.562020"><ele>884.175</ele><time>2020-04-01T14:39:23Z</time></trkpt><trkpt lat="-32.831270" lon="-70.561240"><ele>887.429</ele><time>2020-04-01T14:39:43Z</time></trkpt><trkpt lat="-32.831360" lon="-70.560580"><ele>891.222</ele><time>2020-04-01T14:40:03Z</time></trkpt><trkpt lat="-32.831470" lon="-70.559800"><ele>897.737</ele><time>2020-04-01T14:40:23Z</time></trkpt><trkpt lat="-32.831470" lon="-70.559760"><ele>897.910</ele><time>2020-04-01T14:40:43Z</time></trkpt><trkpt lat="-32.831530" lon="-70.559330"><ele>900.482</ele><time>2020-04-01T14:41:03Z</time></trkpt><trkpt lat="-32.831540" lon="-70.559240"><ele>900.931</ele><time>2020-04-01T14:41:23Z</time></trkpt><trkpt lat="-32.831550" lon="-70.559120"><ele>901.658</ele><time>2020-04-01T14:41:43Z</time></trkpt><trkpt lat="-32.831580" lon="-70.558910"><ele>903.435</ele><time>2020-04-01T14:42:03Z</time></trkpt><trkpt lat="-32.831630" lon="-70.558490"><ele>906.786</ele><time>2020-04-01T14:42:23Z</time></trkpt><trkpt lat="-32.831670" lon="-70.558240"><ele>908.514</ele><time>2020-04-01T14:42:43Z</time></trkpt><trkpt lat="-32.831690" lon="-70.558060"><ele>909.808</ele><time>2020-04-01T14:43:03Z</time></trkpt><trkpt lat="-32.831720" lon="-70.557850"><ele>911.477</ele><time>2020-04-01T14:43:23Z</time></trkpt><trkpt lat="-32.831760" lon="-70.557520"><ele>913.911</ele><time>2020-04-01T14:43:43Z</time></trkpt><trkpt lat="-32.831770" lon="-70.557430"><ele>913.964</ele><time>2020-04-01T14:44:03Z</time></trkpt><trkpt lat="-32.831800" lon="-70.557220"><ele>913.329</ele><time>2020-04-01T14:44:23Z</time></trkpt><trkpt lat="-32.831860" lon="-70.556760"><ele>911.882</ele><time>2020-04-01T14:44:43Z</time></trkpt><trkpt lat="-32.831860" lon="-70.556730"><ele>911.654</ele><time>2020-04-01T14:45:03Z</time></trkpt><trkpt lat="-32.831880" lon="-70.556520"><ele>909.853</ele><time>2020-04-01T14:45:23Z</time></trkpt><trkpt lat="-32.831910" lon="-70.556300"><ele>907.660</ele><time>2020-04-01T14:45:43Z</time></trkpt><trkpt lat="-32.831930" lon="-70.556210"><ele>906.963</ele><time>2020-04-01T14:46:03Z</time></trkpt><trkpt lat="-32.831960" lon="-70.556000"><ele>905.044</ele><time>2020-04-01T14:46:23Z</time></trkpt><trkpt lat="-32.832010" lon="-70.555580"><ele>901.618</ele><time>2020-04-01T14:46:43Z</time></trkpt><trkpt lat="-32.832050" lon="-70.555280"><ele>899.608</ele><time>2020-04-01T14:47:03Z</time></trkpt><trkpt lat="-32.832090" lon="-70.555030"><ele>897.950</ele><time>2020-04-01T14:47:23Z</time></trkpt><trkpt lat="-32.832100" lon="-70.555010"><ele>897.954</ele><time>2020-04-01T14:47:43Z</time></trkpt><trkpt lat="-32.832140" lon="-70.554830"><ele>898.337</ele><time>2020-04-01T14:48:03Z</time></trkpt><trkpt lat="-32.832140" lon="-70.554820"><ele>898.382</ele><time>2020-04-01T14:48:23Z</time></trkpt><trkpt lat="-32.832200" lon="-70.554620"><ele>898.925</ele><time>2020-04-01T14:48:43Z</time></trkpt><trkpt lat="-32.832240" lon="-70.554480"><ele>899.297</ele><time>2020-04-01T14:49:03Z</time></trkpt><trkpt lat="-32.832260" lon="-70.554420"><ele>899.316</ele><time>2020-04-01T14:49:23Z</time></trkpt><trkpt lat="-32.832310" lon="-70.554260"><ele>899.413</ele><time>2020-04-01T14:49:43Z</time></trkpt><trkpt lat="-32.832330" lon="-70.554220"><ele>899.562</ele><time>2020-04-01T14:50:03Z</time></trkpt><trkpt lat="-32.832410" lon="-70.554030"><ele>899.783</ele><time>2020-04-01T14:50:23Z</time></trkpt><trkpt lat="-32.832430" lon="-70.553980"><ele>899.811</ele><time>2020-04-01T14:50:43Z</time></trkpt><trkpt lat="-32.832490" lon="-70.553840"><ele>899.808</ele><time>2020-04-01T14:51:03Z</time></trkpt><trkpt lat="-32.832520" lon="-70.553770"><ele>899.610</ele><time>2020-04-01T14:51:23Z</time></trkpt><trkpt lat="-32.832580" lon="-70.553650"><ele>899.444</ele><time>2020-04-01T14:51:43Z</time></trkpt><trkpt lat="-32.832640" lon="-70.553510"><ele>898.927</ele><time>2020-04-01T14:52:03Z</time></trkpt><trkpt lat="-32.832760" lon="-70.553240"><ele>898.372</ele><time>2020-04-01T14:52:23Z</time></trkpt><trkpt lat="-32.832780" lon="-70.553190"><ele>898.445</ele><time>2020-04-01T14:52:43Z</time></trkpt><trkpt lat="-32.832890" lon="-70.552950"><ele>898.747</ele><time>2020-04-01T14:53:03Z</time></trkpt><trkpt lat="-32.832920" lon="-70.552900"><ele>898.826</ele><time>2020-04-01T14:53:23Z</time></trkpt><trkpt lat="-32.832990" lon="-70.552740"><ele>899.083</ele><time>2020-04-01T14:53:43Z</time></trkpt><trkpt lat="-32.833060" lon="-70.552590"><ele>899.335</ele><time>2020-04-01T14:54:03Z</time></trkpt><trkpt lat="-32.833210" lon="-70.552260"><ele>898.886</ele><time>2020-04-01T14:54:23Z</time></trkpt><trkpt lat="-32.833550" lon="-70.551490"><ele>896.614</ele><time>2020-04-01T14:54:43Z</time></trkpt><trkpt lat="-32.833650" lon="-70.551260"><ele>896.508</ele><time>2020-04-01T14:55:03Z</time></trkpt><trkpt lat="-32.833800" lon="-70.550950"><ele>896.547</ele><time>2020-04-01T14:55:23Z</time></trkpt><trkpt lat="-32.834000" lon="-70.550530"><ele>896.691</ele><time>2020-04-01T14:55:43Z</time></trkpt><trkpt lat="-32.834040" lon="-70.550510"><ele>896.784</ele><time>2020-04-01T14:56:03Z</time></trkpt><trkpt lat="-32.834040" lon="-70.550500"><ele>896.719</ele><time>2020-04-01T14:56:23Z</time></trkpt><trkpt lat="-32.834130" lon="-70.550360"><ele>896.972</ele><time>2020-04-01T14:56:43Z</time></trkpt><trkpt lat="-32.834330" lon="-70.549990"><ele>897.434</ele><time>2020-04-01T14:57:03Z</time></trkpt><trkpt lat="-32.834330" lon="-70.549990"><ele>897.493</ele><time>2020-04-01T14:57:23Z</time></trkpt><trkpt lat="-32.834480" lon="-70.549650"><ele>897.050</ele><time>2020-04-01T14:57:43Z</time></trkpt><trkpt lat="-32.834590" lon="-70.549430"><ele>897.028</ele><time>2020-04-01T14:58:03Z</time></trkpt><trkpt lat="-32.835150" lon="-70.548050"><ele>899.689</ele><time>2020-04-01T14:58:23Z</time></trkpt><trkpt lat="-32.835160" lon="-70.548010"><ele>899.617</ele><time>2020-04-01T14:58:43Z</time></trkpt><trkpt lat="-32.835170" lon="-70.547940"><ele>899.708</ele><time>2020-04-01T14:59:03Z</time></trkpt><trkpt lat="-32.835210" lon="-70.547840"><ele>899.966</ele><time>2020-04-01T14:59:23Z</time></trkpt><trkpt lat="-32.835290" lon="-70.547630"><ele>900.350</ele><time>2020-04-01T14:59:43Z</time></trkpt><trkpt lat="-32.835380" lon="-70.547420"><ele>901.043</ele><time>2020-04-01T15:00:03Z</time></trkpt><trkpt lat="-32.835380" lon="-70.547410"><ele>901.048</ele><time>2020-04-01T15:00:23Z</time></trkpt><trkpt lat="-32.835410" lon="-70.547300"><ele>901.381</ele><time>2020-04-01T15:00:43Z</time></trkpt><trkpt lat="-32.835440" lon="-70.547190"><ele>901.713</ele><time>2020-04-01T15:01:03Z</time></trkpt><trkpt lat="-32.835470" lon="-70.547000"><ele>902.252</ele><time>2020-04-01T15:01:23Z</time></trkpt><trkpt lat="-32.835490" lon="-70.546780"><ele>902.749</ele><time>2020-04-01T15:01:43Z</time></trkpt><trkpt lat="-32.835490" lon="-70.546540"><ele>902.632</ele><time>2020-04-01T15:02:03Z</time></trkpt><trkpt lat="-32.835490" lon="-70.546300"><ele>902.092</ele><time>2020-04-01T15:02:23Z</time></trkpt><trkpt lat="-32.835490" lon="-70.546190"><ele>901.811</ele><time>2020-04-01T15:02:43Z</time></trkpt><trkpt lat="-32.835490" lon="-70.546000"><ele>901.308</ele><time>2020-04-01T15:03:03Z</time></trkpt><trkpt lat="-32.835490" lon="-70.545870"><ele>901.087</ele><time>2020-04-01T15:03:23Z</time></trkpt><trkpt lat="-32.835490" lon="-70.545820"><ele>900.961</ele><time>2020-04-01T15:03:43Z</time></trkpt><trkpt lat="-32.835490" lon="-70.545660"><ele>901.284</ele><time>2020-04-01T15:04:03Z</time></trkpt><trkpt lat="-32.835510" lon="-70.545480"><ele>901.739</ele><time>2020-04-01T15:04:23Z</time></trkpt><trkpt lat="-32.835530" lon="-70.545360"><ele>902.222</ele><time>2020-04-01T15:04:43Z</time></trkpt><trkpt lat="-32.835560" lon="-70.545220"><ele>903.074</ele><time>2020-04-01T15:05:03Z</time></trkpt><trkpt lat="-32.835620" lon="-70.545010"><ele>904.493</ele><time>2020-04-01T15:05:23Z</time></trkpt><trkpt lat="-32.835940" lon="-70.544060"><ele>904.590</ele><time>2020-04-01T15:05:43Z</time></trkpt><trkpt lat="-32.836270" lon="-70.543050"><ele>906.528</ele><time>2020-04-01T15:06:03Z</time></trkpt><trkpt lat="-32.836840" lon="-70.541350"><ele>909.889</ele><time>2020-04-01T15:06:23Z</time></trkpt><trkpt lat="-32.837260" lon="-70.540040"><ele>912.717</ele><time>2020-04-01T15:06:43Z</time></trkpt><trkpt lat="-32.837450" lon="-70.539450"><ele>913.208</ele><time>2020-04-01T15:07:03Z</time></trkpt><trkpt lat="-32.837640" lon="-70.538850"><ele>916.026</ele><time>2020-04-01T15:07:23Z</time></trkpt><trkpt lat="-32.837650" lon="-70.538810"><ele>916.190</ele><time>2020-04-01T15:07:43Z</time></trkpt><trkpt lat="-32.838030" lon="-70.537660"><ele>915.373</ele><time>2020-04-01T15:08:03Z</time></trkpt><trkpt lat="-32.838100" lon="-70.537460"><ele>915.068</ele><time>2020-04-01T15:08:23Z</time></trkpt><trkpt lat="-32.838390" lon="-70.536580"><ele>915.281</ele><time>2020-04-01T15:08:43Z</time></trkpt><trkpt lat="-32.838560" lon="-70.536070"><ele>918.033</ele><time>2020-04-01T15:09:03Z</time></trkpt><trkpt lat="-32.838630" lon="-70.535870"><ele>918.652</ele><time>2020-04-01T15:09:23Z</time></trkpt><trkpt lat="-32.838960" lon="-70.534870"><ele>916.449</ele><time>2020-04-01T15:09:43Z</time></trkpt><trkpt lat="-32.839030" lon="-70.534680"><ele>916.861</ele><time>2020-04-01T15:10:03Z</time></trkpt><trkpt lat="-32.839160" lon="-70.534280"><ele>917.821</ele><time>2020-04-01T15:10:23Z</time></trkpt><trkpt lat="-32.839230" lon="-70.534080"><ele>918.613</ele><time>2020-04-01T15:10:43Z</time></trkpt><trkpt lat="-32.839560" lon="-70.533090"><ele>919.008</ele><time>2020-04-01T15:11:03Z</time></trkpt><trkpt lat="-32.839570" lon="-70.533090"><ele>919.070</ele><time>2020-04-01T15:11:23Z</time></trkpt><trkpt lat="-32.839630" lon="-70.532890"><ele>918.814</ele><time>2020-04-01T15:11:43Z</time></trkpt><trkpt lat="-32.839830" lon="-70.532290"><ele>919.017</ele><time>2020-04-01T15:12:03Z</time></trkpt><trkpt lat="-32.839900" lon="-70.532090"><ele>919.752</ele><time>2020-04-01T15:12:23Z</time></trkpt><trkpt lat="-32.840240" lon="-70.531050"><ele>921.735</ele><time>2020-04-01T15:12:43Z</time></trkpt><trkpt lat="-32.840340" lon="-70.530760"><ele>921.877</ele><time>2020-04-01T15:13:03Z</time></trkpt><trkpt lat="-32.840450" lon="-70.530450"><ele>921.986</ele><time>2020-04-01T15:13:23Z</time></trkpt><trkpt lat="-32.840840" lon="-70.529260"><ele>923.933</ele><time>2020-04-01T15:13:43Z</time></trkpt><trkpt lat="-32.840870" lon="-70.529160"><ele>924.189</ele><time>2020-04-01T15:14:03Z</time></trkpt><trkpt lat="-32.840910" lon="-70.529060"><ele>924.106</ele><time>2020-04-01T15:14:23Z</time></trkpt><trkpt lat="-32.841080" lon="-70.528570"><ele>924.326</ele><time>2020-04-01T15:14:43Z</time></trkpt><trkpt lat="-32.841250" lon="-70.528160"><ele>924.808</ele><time>2020-04-01T15:15:03Z</time></trkpt><trkpt lat="-32.841360" lon="-70.527930"><ele>924.412</ele><time>2020-04-01T15:15:23Z</time></trkpt><trkpt lat="-32.841490" lon="-70.527650"><ele>923.516</ele><time>2020-04-01T15:15:43Z</time></trkpt><trkpt lat="-32.841690" lon="-70.527260"><ele>922.979</ele><time>2020-04-01T15:16:03Z</time></trkpt><trkpt lat="-32.841830" lon="-70.527020"><ele>926.574</ele><time>2020-04-01T15:16:23Z</time></trkpt><trkpt lat="-32.842500" lon="-70.525770"><ele>930.517</ele><time>2020-04-01T15:16:43Z</time></trkpt><trkpt lat="-32.843090" lon="-70.524620"><ele>934.689</ele><time>2020-04-01T15:17:03Z</time></trkpt><trkpt lat="-32.843380" lon="-70.524040"><ele>932.698</ele><time>2020-04-01T15:17:23Z</time></trkpt><trkpt lat="-32.843400" lon="-70.524000"><ele>932.985</ele><time>2020-04-01T15:17:43Z</time></trkpt><trkpt lat="-32.843440" lon="-70.523930"><ele>933.495</ele><time>2020-04-01T15:18:03Z</time></trkpt><trkpt lat="-32.843690" lon="-70.523440"><ele>933.949</ele><time>2020-04-01T15:18:23Z</time></trkpt><trkpt lat="-32.844100" lon="-70.522660"><ele>930.123</ele><time>2020-04-01T15:18:43Z</time></trkpt><trkpt lat="-32.844430" lon="-70.521980"><ele>936.508</ele><time>2020-04-01T15:19:03Z</time></trkpt><trkpt lat="-32.844490" lon="-70.521850"><ele>936.783</ele><time>2020-04-01T15:19:23Z</time></trkpt><trkpt lat="-32.844550" lon="-70.521760"><ele>936.957</ele><time>2020-04-01T15:19:43Z</time></trkpt><trkpt lat="-32.844600" lon="-70.521680"><ele>936.660</ele><time>2020-04-01T15:20:03Z</time></trkpt><trkpt lat="-32.844660" lon="-70.521610"><ele>937.155</ele><time>2020-04-01T15:20:23Z</time></trkpt><trkpt lat="-32.844700" lon="-70.521560"><ele>937.568</ele><time>2020-04-01T15:20:43Z</time></trkpt><trkpt lat="-32.844810" lon="-70.521440"><ele>938.390</ele><time>2020-04-01T15:21:03Z</time></trkpt><trkpt lat="-32.845010" lon="-70.521230"><ele>938.699</ele><time>2020-04-01T15:21:23Z</time></trkpt><trkpt lat="-32.845250" lon="-70.520980"><ele>940.746</ele><time>2020-04-01T15:21:43Z</time></trkpt><trkpt lat="-32.845350" lon="-70.520880"><ele>940.573</ele><time>2020-04-01T15:22:03Z</time></trkpt><trkpt lat="-32.845480" lon="-70.520770"><ele>940.985</ele><time>2020-04-01T15:22:23Z</time></trkpt><trkpt lat="-32.845610" lon="-70.520670"><ele>941.513</ele><time>2020-04-01T15:22:43Z</time></trkpt><trkpt lat="-32.845810" lon="-70.520540"><ele>941.808</ele><time>2020-04-01T15:23:03Z</time></trkpt><trkpt lat="-32.846000" lon="-70.520420"><ele>941.431</ele><time>2020-04-01T15:23:23Z</time></trkpt><trkpt lat="-32.846240" lon="-70.520260"><ele>941.175</ele><time>2020-04-01T15:23:43Z</time></trkpt><trkpt lat="-32.846440" lon="-70.520100"><ele>940.768</ele><time>2020-04-01T15:24:03Z</time></trkpt><trkpt lat="-32.846770" lon="-70.519880"><ele>942.263</ele><time>2020-04-01T15:24:23Z</time></trkpt><trkpt lat="-32.846900" lon="-70.519780"><ele>942.876</ele><time>2020-04-01T15:24:43Z</time></trkpt><trkpt lat="-32.847020" lon="-70.519680"><ele>943.398</ele><time>2020-04-01T15:25:03Z</time></trkpt><trkpt lat="-32.847140" lon="-70.519580"><ele>943.637</ele><time>2020-04-01T15:25:23Z</time></trkpt><trkpt lat="-32.847190" lon="-70.519520"><ele>943.684</ele><time>2020-04-01T15:25:43Z</time></trkpt><trkpt lat="-32.847230" lon="-70.519470"><ele>943.526</ele><time>2020-04-01T15:26:03Z</time></trkpt><trkpt lat="-32.847300" lon="-70.519380"><ele>943.347</ele><time>2020-04-01T15:26:23Z</time></trkpt><trkpt lat="-32.847430" lon="-70.519190"><ele>942.511</ele><time>2020-04-01T15:26:43Z</time></trkpt><trkpt lat="-32.847570" lon="-70.518940"><ele>942.208</ele><time>2020-04-01T15:27:03Z</time></trkpt><trkpt lat="-32.847830" lon="-70.518480"><ele>942.586</ele><time>2020-04-01T15:27:23Z</time></trkpt><trkpt lat="-32.848190" lon="-70.517780"><ele>944.150</ele><time>2020-04-01T15:27:43Z</time></trkpt><trkpt lat="-32.848310" lon="-70.517530"><ele>944.043</ele><time>2020-04-01T15:28:03Z</time></trkpt><trkpt lat="-32.848520" lon="-70.516970"><ele>945.968</ele><time>2020-04-01T15:28:23Z</time></trkpt><trkpt lat="-32.848660" lon="-70.516570"><ele>947.211</ele><time>2020-04-01T15:28:43Z</time></trkpt><trkpt lat="-32.848680" lon="-70.516490"><ele>947.353</ele><time>2020-04-01T15:29:03Z</time></trkpt><trkpt lat="-32.848830" lon="-70.516120"><ele>949.112</ele><time>2020-04-01T15:29:23Z</time></trkpt><trkpt lat="-32.849010" lon="-70.515650"><ele>949.759</ele><time>2020-04-01T15:29:43Z</time></trkpt><trkpt lat="-32.849280" lon="-70.514970"><ele>945.759</ele><time>2020-04-01T15:30:03Z</time></trkpt><trkpt lat="-32.849490" lon="-70.514440"><ele>947.703</ele><time>2020-04-01T15:30:23Z</time></trkpt><trkpt lat="-32.849650" lon="-70.514050"><ele>948.523</ele><time>2020-04-01T15:30:43Z</time></trkpt><trkpt lat="-32.849920" lon="-70.513350"><ele>952.808</ele><time>2020-04-01T15:31:03Z</time></trkpt><trkpt lat="-32.850150" lon="-70.512810"><ele>956.679</ele><time>2020-04-01T15:31:23Z</time></trkpt><trkpt lat="-32.850220" lon="-70.512650"><ele>957.413</ele><time>2020-04-01T15:31:43Z</time></trkpt><trkpt lat="-32.850400" lon="-70.512350"><ele>958.326</ele><time>2020-04-01T15:32:03Z</time></trkpt><trkpt lat="-32.850460" lon="-70.512240"><ele>958.451</ele><time>2020-04-01T15:32:23Z</time></trkpt><trkpt lat="-32.850500" lon="-70.512170"><ele>958.584</ele><time>2020-04-01T15:32:43Z</time></trkpt><trkpt lat="-32.850800" lon="-70.511730"><ele>959.866</ele><time>2020-04-01T15:33:03Z</time></trkpt><trkpt lat="-32.851480" lon="-70.510910"><ele>963.855</ele><time>2020-04-01T15:33:23Z</time></trkpt><trkpt lat="-32.851640" lon="-70.510720"><ele>964.022</ele><time>2020-04-01T15:33:43Z</time></trkpt><trkpt lat="-32.851680" lon="-70.510680"><ele>964.078</ele><time>2020-04-01T15:34:03Z</time></trkpt><trkpt lat="-32.852400" lon="-70.509810"><ele>964.633</ele><time>2020-04-01T15:34:23Z</time></trkpt><trkpt lat="-32.852770" lon="-70.509360"><ele>968.526</ele><time>2020-04-01T15:34:43Z</time></trkpt><trkpt lat="-32.852790" lon="-70.509330"><ele>968.608</ele><time>2020-04-01T15:35:03Z</time></trkpt><trkpt lat="-32.853090" lon="-70.508960"><ele>970.171</ele><time>2020-04-01T15:35:23Z</time></trkpt><trkpt lat="-32.853410" lon="-70.508560"><ele>971.515</ele><time>2020-04-01T15:35:43Z</time></trkpt><trkpt lat="-32.853950" lon="-70.507880"><ele>975.698</ele><time>2020-04-01T15:36:03Z</time></trkpt><trkpt lat="-32.854080" lon="-70.507710"><ele>975.553</ele><time>2020-04-01T15:36:23Z</time></trkpt><trkpt lat="-32.854180" lon="-70.507560"><ele>975.016</ele><time>2020-04-01T15:36:43Z</time></trkpt><trkpt lat="-32.854300" lon="-70.507380"><ele>975.988</ele><time>2020-04-01T15:37:03Z</time></trkpt><trkpt lat="-32.854390" lon="-70.507210"><ele>976.887</ele><time>2020-04-01T15:37:23Z</time></trkpt><trkpt lat="-32.854400" lon="-70.507200"><ele>976.944</ele><time>2020-04-01T15:37:43Z</time></trkpt><trkpt lat="-32.854470" lon="-70.507070"><ele>977.545</ele><time>2020-04-01T15:38:03Z</time></trkpt><trkpt lat="-32.854490" lon="-70.507020"><ele>977.647</ele><time>2020-04-01T15:38:23Z</time></trkpt><trkpt lat="-32.854640" lon="-70.506760"><ele>978.711</ele><time>2020-04-01T15:38:43Z</time></trkpt><trkpt lat="-32.854750" lon="-70.506540"><ele>978.808</ele><time>2020-04-01T15:39:03Z</time></trkpt><trkpt lat="-32.854810" lon="-70.506410"><ele>978.698</ele><time>2020-04-01T15:39:23Z</time></trkpt><trkpt lat="-32.854860" lon="-70.506290"><ele>978.432</ele><time>2020-04-01T15:39:43Z</time></trkpt><trkpt lat="-32.854880" lon="-70.506260"><ele>978.595</ele><time>2020-04-01T15:40:03Z</time></trkpt><trkpt lat="-32.854900" lon="-70.506190"><ele>978.290</ele><time>2020-04-01T15:40:23Z</time></trkpt><trkpt lat="-32.854930" lon="-70.506120"><ele>978.133</ele><time>2020-04-01T15:40:43Z</time></trkpt><trkpt lat="-32.854940" lon="-70.506100"><ele>978.185</ele><time>2020-04-01T15:41:03Z</time></trkpt><trkpt lat="-32.855100" lon="-70.505700"><ele>977.824</ele><time>2020-04-01T15:41:23Z</time></trkpt><trkpt lat="-32.855210" lon="-70.505390"><ele>977.581</ele><time>2020-04-01T15:41:43Z</time></trkpt><trkpt lat="-32.855290" lon="-70.505170"><ele>977.012</ele><time>2020-04-01T15:42:03Z</time></trkpt><trkpt lat="-32.855580" lon="-70.504400"><ele>974.732</ele><time>2020-04-01T15:42:23Z</time></trkpt><trkpt lat="-32.855670" lon="-70.504180"><ele>973.905</ele><time>2020-04-01T15:42:43Z</time></trkpt><trkpt lat="-32.856030" lon="-70.503200"><ele>976.508</ele><time>2020-04-01T15:43:03Z</time></trkpt><trkpt lat="-32.856110" lon="-70.503010"><ele>975.765</ele><time>2020-04-01T15:43:23Z</time></trkpt><trkpt lat="-32.856300" lon="-70.502500"><ele>972.759</ele><time>2020-04-01T15:43:43Z</time></trkpt><trkpt lat="-32.856330" lon="-70.502420"><ele>972.782</ele><time>2020-04-01T15:44:03Z</time></trkpt><trkpt lat="-32.856620" lon="-70.501640"><ele>973.867</ele><time>2020-04-01T15:44:23Z</time></trkpt><trkpt lat="-32.857020" lon="-70.500540"><ele>978.220</ele><time>2020-04-01T15:44:43Z</time></trkpt><trkpt lat="-32.857170" lon="-70.500160"><ele>977.182</ele><time>2020-04-01T15:45:03Z</time></trkpt><trkpt lat="-32.857450" lon="-70.499380"><ele>976.611</ele><time>2020-04-01T15:45:23Z</time></trkpt><trkpt lat="-32.857550" lon="-70.499120"><ele>977.818</ele><time>2020-04-01T15:45:43Z</time></trkpt><trkpt lat="-32.857590" lon="-70.498970"><ele>978.169</ele><time>2020-04-01T15:46:03Z</time></trkpt><trkpt lat="-32.857610" lon="-70.498910"><ele>978.404</ele><time>2020-04-01T15:46:23Z</time></trkpt><trkpt lat="-32.857630" lon="-70.498830"><ele>978.524</ele><time>2020-04-01T15:46:43Z</time></trkpt><trkpt lat="-32.857640" lon="-70.498760"><ele>978.508</ele><time>2020-04-01T15:47:03Z</time></trkpt><trkpt lat="-32.857650" lon="-70.498730"><ele>978.750</ele><time>2020-04-01T15:47:23Z</time></trkpt><trkpt lat="-32.857700" lon="-70.498490"><ele>979.014</ele><time>2020-04-01T15:47:43Z</time></trkpt><trkpt lat="-32.857740" lon="-70.498270"><ele>978.717</ele><time>2020-04-01T15:48:03Z</time></trkpt><trkpt lat="-32.857750" lon="-70.498140"><ele>977.752</ele><time>2020-04-01T15:48:23Z</time></trkpt><trkpt lat="-32.857770" lon="-70.498010"><ele>977.015</ele><time>2020-04-01T15:48:43Z</time></trkpt><trkpt lat="-32.857780" lon="-70.497920"><ele>976.437</ele><time>2020-04-01T15:49:03Z</time></trkpt><trkpt lat="-32.857810" lon="-70.497650"><ele>974.836</ele><time>2020-04-01T15:49:23Z</time></trkpt><trkpt lat="-32.857860" lon="-70.497160"><ele>974.663</ele><time>2020-04-01T15:49:43Z</time></trkpt><trkpt lat="-32.857870" lon="-70.497050"><ele>974.711</ele><time>2020-04-01T15:50:03Z</time></trkpt><trkpt lat="-32.857950" lon="-70.496410"><ele>977.021</ele><time>2020-04-01T15:50:23Z</time></trkpt><trkpt lat="-32.858020" lon="-70.495780"><ele>980.803</ele><time>2020-04-01T15:50:43Z</time></trkpt><trkpt lat="-32.858050" lon="-70.495570"><ele>982.408</ele><time>2020-04-01T15:51:03Z</time></trkpt><trkpt lat="-32.858100" lon="-70.495140"><ele>985.895</ele><time>2020-04-01T15:51:23Z</time></trkpt><trkpt lat="-32.858170" lon="-70.494620"><ele>986.919</ele><time>2020-04-01T15:51:43Z</time></trkpt><trkpt lat="-32.858260" lon="-70.494060"><ele>986.062</ele><time>2020-04-01T15:52:03Z</time></trkpt><trkpt lat="-32.858270" lon="-70.493980"><ele>985.977</ele><time>2020-04-01T15:52:23Z</time></trkpt><trkpt lat="-32.858270" lon="-70.493970"><ele>985.970</ele><time>2020-04-01T15:52:43Z</time></trkpt><trkpt lat="-32.858310" lon="-70.493730"><ele>985.922</ele><time>2020-04-01T15:53:03Z</time></trkpt><trkpt lat="-32.858320" lon="-70.493610"><ele>985.731</ele><time>2020-04-01T15:53:23Z</time></trkpt><trkpt lat="-32.858380" lon="-70.493180"><ele>986.948</ele><time>2020-04-01T15:53:43Z</time></trkpt><trkpt lat="-32.858420" lon="-70.492950"><ele>988.149</ele><time>2020-04-01T15:54:03Z</time></trkpt><trkpt lat="-32.858460" lon="-70.492640"><ele>988.702</ele><time>2020-04-01T15:54:23Z</time></trkpt><trkpt lat="-32.858480" lon="-70.492520"><ele>988.922</ele><time>2020-04-01T15:54:43Z</time></trkpt><trkpt lat="-32.858530" lon="-70.492150"><ele>990.308</ele><time>2020-04-01T15:55:03Z</time></trkpt><trkpt lat="-32.858630" lon="-70.491460"><ele>989.678</ele><time>2020-04-01T15:55:23Z</time></trkpt><trkpt lat="-32.858670" lon="-70.491160"><ele>986.392</ele><time>2020-04-01T15:55:43Z</time></trkpt><trkpt lat="-32.858720" lon="-70.490800"><ele>982.845</ele><time>2020-04-01T15:56:03Z</time></trkpt><trkpt lat="-32.858770" lon="-70.490420"><ele>981.330</ele><time>2020-04-01T15:56:23Z</time></trkpt><trkpt lat="-32.858780" lon="-70.490410"><ele>981.333</ele><time>2020-04-01T15:56:43Z</time></trkpt><trkpt lat="-32.858790" lon="-70.490170"><ele>979.945</ele><time>2020-04-01T15:57:03Z</time></trkpt><trkpt lat="-32.858790" lon="-70.490050"><ele>979.234</ele><time>2020-04-01T15:57:23Z</time></trkpt><trkpt lat="-32.858780" lon="-70.489880"><ele>978.581</ele><time>2020-04-01T15:57:43Z</time></trkpt><trkpt lat="-32.858760" lon="-70.489740"><ele>978.077</ele><time>2020-04-01T15:58:03Z</time></trkpt><trkpt lat="-32.858730" lon="-70.489590"><ele>977.361</ele><time>2020-04-01T15:58:23Z</time></trkpt><trkpt lat="-32.858700" lon="-70.489480"><ele>976.827</ele><time>2020-04-01T15:58:43Z</time></trkpt><trkpt lat="-32.858450" lon="-70.488860"><ele>973.808</ele><time>2020-04-01T15:59:03Z</time></trkpt><trkpt lat="-32.858370" lon="-70.488640"><ele>973.241</ele><time>2020-04-01T15:59:23Z</time></trkpt><trkpt lat="-32.858260" lon="-70.488370"><ele>975.475</ele><time>2020-04-01T15:59:43Z</time></trkpt><trkpt lat="-32.858210" lon="-70.488260"><ele>977.458</ele><time>2020-04-01T16:00:03Z</time></trkpt><trkpt lat="-32.857840" lon="-70.487360"><ele>986.873</ele><time>2020-04-01T16:00:23Z</time></trkpt><trkpt lat="-32.857810" lon="-70.487300"><ele>986.576</ele><time>2020-04-01T16:00:43Z</time></trkpt><trkpt lat="-32.857770" lon="-70.487230"><ele>986.018</ele><time>2020-04-01T16:01:03Z</time></trkpt><trkpt lat="-32.857740" lon="-70.487180"><ele>985.717</ele><time>2020-04-01T16:01:23Z</time></trkpt><trkpt lat="-32.857700" lon="-70.487130"><ele>985.374</ele><time>2020-04-01T16:01:43Z</time></trkpt><trkpt lat="-32.857580" lon="-70.487000"><ele>984.268</ele><time>2020-04-01T16:02:03Z</time></trkpt><trkpt lat="-32.857500" lon="-70.486930"><ele>983.342</ele><time>2020-04-01T16:02:23Z</time></trkpt><trkpt lat="-32.857350" lon="-70.486840"><ele>982.926</ele><time>2020-04-01T16:02:43Z</time></trkpt><trkpt lat="-32.857280" lon="-70.486810"><ele>982.908</ele><time>2020-04-01T16:03:03Z</time></trkpt><trkpt lat="-32.857070" lon="-70.486710"><ele>982.020</ele><time>2020-04-01T16:03:23Z</time></trkpt><trkpt lat="-32.857000" lon="-70.486670"><ele>981.324</ele><time>2020-04-01T16:03:43Z</time></trkpt><trkpt lat="-32.856930" lon="-70.486650"><ele>981.797</ele><time>2020-04-01T16:04:03Z</time></trkpt><trkpt lat="-32.856760" lon="-70.486570"><ele>982.312</ele><time>2020-04-01T16:04:23Z</time></trkpt><trkpt lat="-32.856550" lon="-70.486450"><ele>986.095</ele><time>2020-04-01T16:04:43Z</time></trkpt><trkpt lat="-32.856440" lon="-70.486360"><ele>989.157</ele><time>2020-04-01T16:05:03Z</time></trkpt><trkpt lat="-32.856360" lon="-70.486280"><ele>991.086</ele><time>2020-04-01T16:05:23Z</time></trkpt><trkpt lat="-32.856290" lon="-70.486190"><ele>992.473</ele><time>2020-04-01T16:05:43Z</time></trkpt><trkpt lat="-32.856170" lon="-70.486010"><ele>994.022</ele><time>2020-04-01T16:06:03Z</time></trkpt><trkpt lat="-32.856100" lon="-70.485860"><ele>994.162</ele><time>2020-04-01T16:06:23Z</time></trkpt><trkpt lat="-32.856090" lon="-70.485830"><ele>994.108</ele><time>2020-04-01T16:06:43Z</time></trkpt><trkpt lat="-32.856040" lon="-70.485660"><ele>995.508</ele><time>2020-04-01T16:07:03Z</time></trkpt><trkpt lat="-32.856030" lon="-70.485600"><ele>995.716</ele><time>2020-04-01T16:07:23Z</time></trkpt><trkpt lat="-32.856000" lon="-70.485410"><ele>996.210</ele><time>2020-04-01T16:07:43Z</time></trkpt><trkpt lat="-32.856000" lon="-70.485280"><ele>995.943</ele><time>2020-04-01T16:08:03Z</time></trkpt><trkpt lat="-32.856000" lon="-70.485230"><ele>995.818</ele><time>2020-04-01T16:08:23Z</time></trkpt><trkpt lat="-32.856000" lon="-70.485150"><ele>995.691</ele><time>2020-04-01T16:08:43Z</time></trkpt><trkpt lat="-32.856020" lon="-70.484970"><ele>994.733</ele><time>2020-04-01T16:09:03Z</time></trkpt><trkpt lat="-32.856050" lon="-70.484810"><ele>993.872</ele><time>2020-04-01T16:09:23Z</time></trkpt><trkpt lat="-32.856100" lon="-70.484540"><ele>992.259</ele><time>2020-04-01T16:09:43Z</time></trkpt><trkpt lat="-32.856160" lon="-70.484270"><ele>990.295</ele><time>2020-04-01T16:10:03Z</time></trkpt><trkpt lat="-32.856170" lon="-70.484180"><ele>989.749</ele><time>2020-04-01T16:10:23Z</time></trkpt><trkpt lat="-32.856200" lon="-70.484040"><ele>990.423</ele><time>2020-04-01T16:10:43Z</time></trkpt><trkpt lat="-32.856260" lon="-70.483770"><ele>992.008</ele><time>2020-04-01T16:11:03Z</time></trkpt><trkpt lat="-32.856270" lon="-70.483700"><ele>992.533</ele><time>2020-04-01T16:11:23Z</time></trkpt><trkpt lat="-32.856370" lon="-70.483260"><ele>994.887</ele><time>2020-04-01T16:11:43Z</time></trkpt><trkpt lat="-32.856470" lon="-70.482770"><ele>996.930</ele><time>2020-04-01T16:12:03Z</time></trkpt><trkpt lat="-32.856530" lon="-70.482440"><ele>997.845</ele><time>2020-04-01T16:12:23Z</time></trkpt><trkpt lat="-32.856570" lon="-70.482270"><ele>997.438</ele><time>2020-04-01T16:12:43Z</time></trkpt><trkpt lat="-32.856610" lon="-70.482040"><ele>997.260</ele><time>2020-04-01T16:13:03Z</time></trkpt><trkpt lat="-32.856630" lon="-70.481880"><ele>997.329</ele><time>2020-04-01T16:13:23Z</time></trkpt><trkpt lat="-32.856640" lon="-70.481770"><ele>997.686</ele><time>2020-04-01T16:13:43Z</time></trkpt><trkpt lat="-32.856650" lon="-70.481720"><ele>997.417</ele><time>2020-04-01T16:14:03Z</time></trkpt><trkpt lat="-32.856660" lon="-70.481620"><ele>997.387</ele><time>2020-04-01T16:14:23Z</time></trkpt><trkpt lat="-32.856670" lon="-70.481490"><ele>997.015</ele><time>2020-04-01T16:14:43Z</time></trkpt><trkpt lat="-32.856670" lon="-70.481380"><ele>997.008</ele><time>2020-04-01T16:15:03Z</time></trkpt><trkpt lat="-32.856680" lon="-70.481140"><ele>996.965</ele><time>2020-04-01T16:15:23Z</time></trkpt><trkpt lat="-32.856690" lon="-70.480910"><ele>996.769</ele><time>2020-04-01T16:15:43Z</time></trkpt><trkpt lat="-32.856700" lon="-70.480470"><ele>999.652</ele><time>2020-04-01T16:16:03Z</time></trkpt><trkpt lat="-32.856700" lon="-70.480440"><ele>999.997</ele><time>2020-04-01T16:16:23Z</time></trkpt><trkpt lat="-32.856710" lon="-70.480240"><ele>1001.530</ele><time>2020-04-01T16:16:43Z</time></trkpt><trkpt lat="-32.856720" lon="-70.479900"><ele>1003.012</ele><time>2020-04-01T16:17:03Z</time></trkpt><trkpt lat="-32.856730" lon="-70.479790"><ele>1002.431</ele><time>2020-04-01T16:17:23Z</time></trkpt><trkpt lat="-32.856730" lon="-70.479740"><ele>1002.178</ele><time>2020-04-01T16:17:43Z</time></trkpt><trkpt lat="-32.856730" lon="-70.479590"><ele>1001.554</ele><time>2020-04-01T16:18:03Z</time></trkpt><trkpt lat="-32.856730" lon="-70.479580"><ele>1001.456</ele><time>2020-04-01T16:18:23Z</time></trkpt><trkpt lat="-32.856720" lon="-70.479450"><ele>1000.911</ele><time>2020-04-01T16:18:43Z</time></trkpt><trkpt lat="-32.856700" lon="-70.479330"><ele>1000.508</ele><time>2020-04-01T16:19:03Z</time></trkpt><trkpt lat="-32.856670" lon="-70.479200"><ele>1000.189</ele><time>2020-04-01T16:19:23Z</time></trkpt><trkpt lat="-32.856650" lon="-70.479080"><ele>999.493</ele><time>2020-04-01T16:19:43Z</time></trkpt><trkpt lat="-32.856610" lon="-70.478950"><ele>999.276</ele><time>2020-04-01T16:20:03Z</time></trkpt><trkpt lat="-32.856520" lon="-70.478630"><ele>998.161</ele><time>2020-04-01T16:20:23Z</time></trkpt><trkpt lat="-32.856430" lon="-70.478320"><ele>997.394</ele><time>2020-04-01T16:20:43Z</time></trkpt><trkpt lat="-32.856370" lon="-70.478090"><ele>999.176</ele><time>2020-04-01T16:21:03Z</time></trkpt><trkpt lat="-32.856330" lon="-70.477910"><ele>1000.025</ele><time>2020-04-01T16:21:23Z</time></trkpt><trkpt lat="-32.856290" lon="-70.477730"><ele>1000.782</ele><time>2020-04-01T16:21:43Z</time></trkpt><trkpt lat="-32.856250" lon="-70.477540"><ele>1001.218</ele><time>2020-04-01T16:22:03Z</time></trkpt><trkpt lat="-32.856220" lon="-70.477380"><ele>1000.898</ele><time>2020-04-01T16:22:23Z</time></trkpt><trkpt lat="-32.856200" lon="-70.477320"><ele>1000.817</ele><time>2020-04-01T16:22:43Z</time></trkpt><trkpt lat="-32.856170" lon="-70.477210"><ele>1000.308</ele><time>2020-04-01T16:23:03Z</time></trkpt><trkpt lat="-32.856130" lon="-70.477120"><ele>1000.245</ele><time>2020-04-01T16:23:23Z</time></trkpt><trkpt lat="-32.856130" lon="-70.477110"><ele>1000.169</ele><time>2020-04-01T16:23:43Z</time></trkpt><trkpt lat="-32.856090" lon="-70.477030"><ele>999.942</ele><time>2020-04-01T16:24:03Z</time></trkpt><trkpt lat="-32.856050" lon="-70.476950"><ele>999.417</ele><time>2020-04-01T16:24:23Z</time></trkpt><trkpt lat="-32.855970" lon="-70.476840"><ele>998.970</ele><time>2020-04-01T16:24:43Z</time></trkpt><trkpt lat="-32.855900" lon="-70.476770"><ele>998.542</ele><time>2020-04-01T16:25:03Z</time></trkpt><trkpt lat="-32.855820" lon="-70.476710"><ele>998.871</ele><time>2020-04-01T16:25:23Z</time></trkpt><trkpt lat="-32.855700" lon="-70.476620"><ele>1004.278</ele><time>2020-04-01T16:25:43Z</time></trkpt><trkpt lat="-32.855530" lon="-70.476510"><ele>1010.915</ele><time>2020-04-01T16:26:03Z</time></trkpt><trkpt lat="-32.855450" lon="-70.476450"><ele>1013.065</ele><time>2020-04-01T16:26:23Z</time></trkpt><trkpt lat="-32.855280" lon="-70.476340"><ele>1016.111</ele><time>2020-04-01T16:26:43Z</time></trkpt><trkpt lat="-32.854860" lon="-70.476030"><ele>1013.908</ele><time>2020-04-01T16:27:03Z</time></trkpt><trkpt lat="-32.854660" lon="-70.475860"><ele>1010.685</ele><time>2020-04-01T16:27:23Z</time></trkpt><trkpt lat="-32.854600" lon="-70.475820"><ele>1010.759</ele><time>2020-04-01T16:27:43Z</time></trkpt><trkpt lat="-32.854560" lon="-70.475790"><ele>1011.522</ele><time>2020-04-01T16:28:03Z</time></trkpt><trkpt lat="-32.854530" lon="-70.475760"><ele>1011.917</ele><time>2020-04-01T16:28:23Z</time></trkpt><trkpt lat="-32.854480" lon="-70.475710"><ele>1012.530</ele><time>2020-04-01T16:28:43Z</time></trkpt><trkpt lat="-32.854410" lon="-70.475620"><ele>1012.692</ele><time>2020-04-01T16:29:03Z</time></trkpt><trkpt lat="-32.854340" lon="-70.475520"><ele>1012.131</ele><time>2020-04-01T16:29:23Z</time></trkpt><trkpt lat="-32.854250" lon="-70.475380"><ele>1010.668</ele><time>2020-04-01T16:29:43Z</time></trkpt><trkpt lat="-32.854140" lon="-70.475210"><ele>1009.082</ele><time>2020-04-01T16:30:03Z</time></trkpt><trkpt lat="-32.854030" lon="-70.475050"><ele>1011.143</ele><time>2020-04-01T16:30:23Z</time></trkpt><trkpt lat="-32.854020" lon="-70.475030"><ele>1011.117</ele><time>2020-04-01T16:30:43Z</time></trkpt><trkpt lat="-32.853960" lon="-70.474940"><ele>1012.908</ele><time>2020-04-01T16:31:03Z</time></trkpt><trkpt lat="-32.853850" lon="-70.474740"><ele>1015.752</ele><time>2020-04-01T16:31:23Z</time></trkpt><trkpt lat="-32.853760" lon="-70.474540"><ele>1016.586</ele><time>2020-04-01T16:31:43Z</time></trkpt><trkpt lat="-32.853700" lon="-70.474400"><ele>1016.529</ele><time>2020-04-01T16:32:03Z</time></trkpt><trkpt lat="-32.853610" lon="-70.474140"><ele>1014.814</ele><time>2020-04-01T16:32:23Z</time></trkpt><trkpt lat="-32.853570" lon="-70.473960"><ele>1014.397</ele><time>2020-04-01T16:32:43Z</time></trkpt><trkpt lat="-32.853490" lon="-70.473600"><ele>1012.049</ele><time>2020-04-01T16:33:03Z</time></trkpt><trkpt lat="-32.853370" lon="-70.473120"><ele>1008.868</ele><time>2020-04-01T16:33:23Z</time></trkpt><trkpt lat="-32.853300" lon="-70.472870"><ele>1008.915</ele><time>2020-04-01T16:33:43Z</time></trkpt><trkpt lat="-32.853220" lon="-70.472500"><ele>1009.823</ele><time>2020-04-01T16:34:03Z</time></trkpt><trkpt lat="-32.853140" lon="-70.472160"><ele>1010.783</ele><time>2020-04-01T16:34:23Z</time></trkpt><trkpt lat="-32.853100" lon="-70.471950"><ele>1010.811</ele><time>2020-04-01T16:34:43Z</time></trkpt><trkpt lat="-32.853090" lon="-70.471820"><ele>1010.008</ele><time>2020-04-01T16:35:03Z</time></trkpt><trkpt lat="-32.853090" lon="-70.471800"><ele>1009.826</ele><time>2020-04-01T16:35:23Z</time></trkpt><trkpt lat="-32.853070" lon="-70.471700"><ele>1009.960</ele><time>2020-04-01T16:35:43Z</time></trkpt><trkpt lat="-32.853050" lon="-70.471460"><ele>1012.033</ele><time>2020-04-01T16:36:03Z</time></trkpt><trkpt lat="-32.853030" lon="-70.471180"><ele>1015.098</ele><time>2020-04-01T16:36:23Z</time></trkpt><trkpt lat="-32.853030" lon="-70.470730"><ele>1017.391</ele><time>2020-04-01T16:36:43Z</time></trkpt><trkpt lat="-32.853020" lon="-70.470100"><ele>1017.463</ele><time>2020-04-01T16:37:03Z</time></trkpt><trkpt lat="-32.853020" lon="-70.470010"><ele>1017.392</ele><time>2020-04-01T16:37:23Z</time></trkpt><trkpt lat="-32.853020" lon="-70.469890"><ele>1016.469</ele><time>2020-04-01T16:37:43Z</time></trkpt><trkpt lat="-32.853010" lon="-70.469860"><ele>1016.723</ele><time>2020-04-01T16:38:03Z</time></trkpt><trkpt lat="-32.853010" lon="-70.469840"><ele>1016.583</ele><time>2020-04-01T16:38:23Z</time></trkpt><trkpt lat="-32.853000" lon="-70.469580"><ele>1014.911</ele><time>2020-04-01T16:38:43Z</time></trkpt><trkpt lat="-32.852990" lon="-70.469450"><ele>1014.308</ele><time>2020-04-01T16:39:03Z</time></trkpt><trkpt lat="-32.852960" lon="-70.468960"><ele>1012.136</ele><time>2020-04-01T16:39:23Z</time></trkpt><trkpt lat="-32.852960" lon="-70.468930"><ele>1011.910</ele><time>2020-04-01T16:39:43Z</time></trkpt><trkpt lat="-32.852940" lon="-70.468560"><ele>1010.773</ele><time>2020-04-01T16:40:03Z</time></trkpt><trkpt lat="-32.852920" lon="-70.468190"><ele>1010.288</ele><time>2020-04-01T16:40:23Z</time></trkpt><trkpt lat="-32.852930" lon="-70.468080"><ele>1010.261</ele><time>2020-04-01T16:40:43Z</time></trkpt><trkpt lat="-32.852930" lon="-70.467980"><ele>1010.463</ele><time>2020-04-01T16:41:03Z</time></trkpt><trkpt lat="-32.852940" lon="-70.467870"><ele>1010.412</ele><time>2020-04-01T16:41:23Z</time></trkpt><trkpt lat="-32.852940" lon="-70.467780"><ele>1010.529</ele><time>2020-04-01T16:41:43Z</time></trkpt><trkpt lat="-32.852990" lon="-70.467470"><ele>1010.378</ele><time>2020-04-01T16:42:03Z</time></trkpt><trkpt lat="-32.853020" lon="-70.467330"><ele>1010.233</ele><time>2020-04-01T16:42:23Z</time></trkpt><trkpt lat="-32.853060" lon="-70.467160"><ele>1010.026</ele><time>2020-04-01T16:42:43Z</time></trkpt><trkpt lat="-32.853300" lon="-70.466440"><ele>1006.508</ele><time>2020-04-01T16:43:03Z</time></trkpt><trkpt lat="-32.853470" lon="-70.465980"><ele>1003.971</ele><time>2020-04-01T16:43:23Z</time></trkpt><trkpt lat="-32.853580" lon="-70.465650"><ele>1004.385</ele><time>2020-04-01T16:43:43Z</time></trkpt><trkpt lat="-32.853620" lon="-70.465510"><ele>1004.878</ele><time>2020-04-01T16:44:03Z</time></trkpt><trkpt lat="-32.853640" lon="-70.465460"><ele>1005.043</ele><time>2020-04-01T16:44:23Z</time></trkpt><trkpt lat="-32.853710" lon="-70.465160"><ele>1005.866</ele><time>2020-04-01T16:44:43Z</time></trkpt><trkpt lat="-32.853750" lon="-70.464960"><ele>1006.268</ele><time>2020-04-01T16:45:03Z</time></trkpt><trkpt lat="-32.853820" lon="-70.464620"><ele>1007.337</ele><time>2020-04-01T16:45:23Z</time></trkpt><trkpt lat="-32.853840" lon="-70.464490"><ele>1007.894</ele><time>2020-04-01T16:45:43Z</time></trkpt><trkpt lat="-32.853900" lon="-70.464160"><ele>1009.036</ele><time>2020-04-01T16:46:03Z</time></trkpt><trkpt lat="-32.853930" lon="-70.463940"><ele>1009.717</ele><time>2020-04-01T16:46:23Z</time></trkpt><trkpt lat="-32.854020" lon="-70.463430"><ele>1011.918</ele><time>2020-04-01T16:46:43Z</time></trkpt><trkpt lat="-32.854030" lon="-70.463360"><ele>1012.208</ele><time>2020-04-01T16:47:03Z</time></trkpt><trkpt lat="-32.854080" lon="-70.463110"><ele>1012.267</ele><time>2020-04-01T16:47:23Z</time></trkpt><trkpt lat="-32.854130" lon="-70.462800"><ele>1011.721</ele><time>2020-04-01T16:47:43Z</time></trkpt><trkpt lat="-32.854150" lon="-70.462710"><ele>1011.574</ele><time>2020-04-01T16:48:03Z</time></trkpt><trkpt lat="-32.854170" lon="-70.462590"><ele>1011.289</ele><time>2020-04-01T16:48:23Z</time></trkpt><trkpt lat="-32.854210" lon="-70.462360"><ele>1011.782</ele><time>2020-04-01T16:48:43Z</time></trkpt><trkpt lat="-32.854240" lon="-70.462180"><ele>1012.524</ele><time>2020-04-01T16:49:03Z</time></trkpt><trkpt lat="-32.854290" lon="-70.461890"><ele>1013.713</ele><time>2020-04-01T16:49:23Z</time></trkpt><trkpt lat="-32.854340" lon="-70.461570"><ele>1015.160</ele><time>2020-04-01T16:49:43Z</time></trkpt><trkpt lat="-32.854390" lon="-70.461330"><ele>1016.422</ele><time>2020-04-01T16:50:03Z</time></trkpt><trkpt lat="-32.854460" lon="-70.460920"><ele>1018.562</ele><time>2020-04-01T16:50:23Z</time></trkpt><trkpt lat="-32.854600" lon="-70.460120"><ele>1019.608</ele><time>2020-04-01T16:50:43Z</time></trkpt><trkpt lat="-32.854610" lon="-70.460010"><ele>1019.708</ele><time>2020-04-01T16:51:03Z</time></trkpt><trkpt lat="-32.854620" lon="-70.459900"><ele>1019.576</ele><time>2020-04-01T16:51:23Z</time></trkpt><trkpt lat="-32.854630" lon="-70.459740"><ele>1019.210</ele><time>2020-04-01T16:51:43Z</time></trkpt><trkpt lat="-32.854640" lon="-70.459520"><ele>1018.913</ele><time>2020-04-01T16:52:03Z</time></trkpt><trkpt lat="-32.854630" lon="-70.459380"><ele>1018.888</ele><time>2020-04-01T16:52:23Z</time></trkpt><trkpt lat="-32.854620" lon="-70.459180"><ele>1018.711</ele><time>2020-04-01T16:52:43Z</time></trkpt><trkpt lat="-32.854600" lon="-70.458920"><ele>1020.513</ele><time>2020-04-01T16:53:03Z</time></trkpt><trkpt lat="-32.854600" lon="-70.458910"><ele>1020.632</ele><time>2020-04-01T16:53:23Z</time></trkpt><trkpt lat="-32.854590" lon="-70.458850"><ele>1021.099</ele><time>2020-04-01T16:53:43Z</time></trkpt><trkpt lat="-32.854580" lon="-70.458700"><ele>1022.186</ele><time>2020-04-01T16:54:03Z</time></trkpt><trkpt lat="-32.854580" lon="-70.458680"><ele>1022.260</ele><time>2020-04-01T16:54:23Z</time></trkpt><trkpt lat="-32.854560" lon="-70.458460"><ele>1023.826</ele><time>2020-04-01T16:54:43Z</time></trkpt><trkpt lat="-32.854530" lon="-70.458220"><ele>1024.408</ele><time>2020-04-01T16:55:03Z</time></trkpt><trkpt lat="-32.854510" lon="-70.457970"><ele>1023.982</ele><time>2020-04-01T16:55:23Z</time></trkpt><trkpt lat="-32.854500" lon="-70.457820"><ele>1023.616</ele><time>2020-04-01T16:55:43Z</time></trkpt><trkpt lat="-32.854500" lon="-70.457580"><ele>1023.099</ele><time>2020-04-01T16:56:03Z</time></trkpt><trkpt lat="-32.854520" lon="-70.457390"><ele>1022.964</ele><time>2020-04-01T16:56:23Z</time></trkpt><trkpt lat="-32.854530" lon="-70.457240"><ele>1023.197</ele><time>2020-04-01T16:56:43Z</time></trkpt><trkpt lat="-32.854560" lon="-70.457100"><ele>1023.339</ele><time>2020-04-01T16:57:03Z</time></trkpt><trkpt lat="-32.854590" lon="-70.457000"><ele>1023.458</ele><time>2020-04-01T16:57:23Z</time></trkpt><trkpt lat="-32.854630" lon="-70.456870"><ele>1023.615</ele><time>2020-04-01T16:57:43Z</time></trkpt><trkpt lat="-32.854670" lon="-70.456760"><ele>1023.825</ele><time>2020-04-01T16:58:03Z</time></trkpt><trkpt lat="-32.854740" lon="-70.456540"><ele>1023.926</ele><time>2020-04-01T16:58:23Z</time></trkpt><trkpt lat="-32.854780" lon="-70.456430"><ele>1023.708</ele><time>2020-04-01T16:58:43Z</time></trkpt><trkpt lat="-32.854890" lon="-70.456140"><ele>1023.108</ele><time>2020-04-01T16:59:03Z</time></trkpt><trkpt lat="-32.854930" lon="-70.456030"><ele>1022.736</ele><time>2020-04-01T16:59:23Z</time></trkpt><trkpt lat="-32.854980" lon="-70.455880"><ele>1022.270</ele><time>2020-04-01T16:59:43Z</time></trkpt><trkpt lat="-32.855090" lon="-70.455580"><ele>1022.693</ele><time>2020-04-01T17:00:03Z</time></trkpt><trkpt lat="-32.855230" lon="-70.455170"><ele>1023.428</ele><time>2020-04-01T17:00:23Z</time></trkpt><trkpt lat="-32.855330" lon="-70.454910"><ele>1024.461</ele><time>2020-04-01T17:00:43Z</time></trkpt><trkpt lat="-32.855330" lon="-70.454900"><ele>1024.513</ele><time>2020-04-01T17:01:03Z</time></trkpt><trkpt lat="-32.855380" lon="-70.454750"><ele>1025.492</ele><time>2020-04-01T17:01:23Z</time></trkpt><trkpt lat="-32.855470" lon="-70.454520"><ele>1026.079</ele><time>2020-04-01T17:01:43Z</time></trkpt><trkpt lat="-32.855530" lon="-70.454340"><ele>1025.929</ele><time>2020-04-01T17:02:03Z</time></trkpt><trkpt lat="-32.855630" lon="-70.454070"><ele>1026.500</ele><time>2020-04-01T17:02:23Z</time></trkpt><trkpt lat="-32.855690" lon="-70.453890"><ele>1028.820</ele><time>2020-04-01T17:02:43Z</time></trkpt><trkpt lat="-32.855730" lon="-70.453780"><ele>1029.808</ele><time>2020-04-01T17:03:03Z</time></trkpt><trkpt lat="-32.855750" lon="-70.453700"><ele>1030.686</ele><time>2020-04-01T17:03:23Z</time></trkpt><trkpt lat="-32.855790" lon="-70.453580"><ele>1031.530</ele><time>2020-04-01T17:03:43Z</time></trkpt><trkpt lat="-32.855810" lon="-70.453490"><ele>1032.363</ele><time>2020-04-01T17:04:03Z</time></trkpt><trkpt lat="-32.855830" lon="-70.453400"><ele>1033.078</ele><time>2020-04-01T17:04:23Z</time></trkpt><trkpt lat="-32.855840" lon="-70.453370"><ele>1033.361</ele><time>2020-04-01T17:04:43Z</time></trkpt><trkpt lat="-32.855850" lon="-70.453310"><ele>1034.133</ele><time>2020-04-01T17:05:03Z</time></trkpt><trkpt lat="-32.855900" lon="-70.453090"><ele>1035.352</ele><time>2020-04-01T17:05:23Z</time></trkpt><trkpt lat="-32.855930" lon="-70.452920"><ele>1036.329</ele><time>2020-04-01T17:05:43Z</time></trkpt><trkpt lat="-32.855960" lon="-70.452770"><ele>1036.929</ele><time>2020-04-01T17:06:03Z</time></trkpt><trkpt lat="-32.855960" lon="-70.452750"><ele>1037.100</ele><time>2020-04-01T17:06:23Z</time></trkpt><trkpt lat="-32.855980" lon="-70.452680"><ele>1037.320</ele><time>2020-04-01T17:06:43Z</time></trkpt><trkpt lat="-32.856000" lon="-70.452560"><ele>1037.808</ele><time>2020-04-01T17:07:03Z</time></trkpt><trkpt lat="-32.856000" lon="-70.452490"><ele>1038.386</ele><time>2020-04-01T17:07:23Z</time></trkpt><trkpt lat="-32.856010" lon="-70.452410"><ele>1038.850</ele><time>2020-04-01T17:07:43Z</time></trkpt><trkpt lat="-32.856010" lon="-70.452250"><ele>1040.133</ele><time>2020-04-01T17:08:03Z</time></trkpt><trkpt lat="-32.856010" lon="-70.452110"><ele>1041.368</ele><time>2020-04-01T17:08:23Z</time></trkpt><trkpt lat="-32.856010" lon="-70.452060"><ele>1041.721</ele><time>2020-04-01T17:08:43Z</time></trkpt><trkpt lat="-32.856000" lon="-70.451900"><ele>1043.263</ele><time>2020-04-01T17:09:03Z</time></trkpt><trkpt lat="-32.855990" lon="-70.451690"><ele>1045.352</ele><time>2020-04-01T17:09:23Z</time></trkpt><trkpt lat="-32.855990" lon="-70.451470"><ele>1044.099</ele><time>2020-04-01T17:09:43Z</time></trkpt><trkpt lat="-32.855990" lon="-70.451450"><ele>1043.893</ele><time>2020-04-01T17:10:03Z</time></trkpt><trkpt lat="-32.855980" lon="-70.451280"><ele>1042.865</ele><time>2020-04-01T17:10:23Z</time></trkpt><trkpt lat="-32.855980" lon="-70.451140"><ele>1041.721</ele><time>2020-04-01T17:10:43Z</time></trkpt><trkpt lat="-32.856000" lon="-70.451000"><ele>1040.208</ele><time>2020-04-01T17:11:03Z</time></trkpt><trkpt lat="-32.856020" lon="-70.450830"><ele>1038.623</ele><time>2020-04-01T17:11:23Z</time></trkpt><trkpt lat="-32.856030" lon="-70.450780"><ele>1038.457</ele><time>2020-04-01T17:11:43Z</time></trkpt><trkpt lat="-32.856060" lon="-70.450620"><ele>1037.740</ele><time>2020-04-01T17:12:03Z</time></trkpt><trkpt lat="-32.856110" lon="-70.450440"><ele>1036.785</ele><time>2020-04-01T17:12:23Z</time></trkpt><trkpt lat="-32.856140" lon="-70.450340"><ele>1036.248</ele><time>2020-04-01T17:12:43Z</time></trkpt><trkpt lat="-32.856160" lon="-70.450270"><ele>1035.810</ele><time>2020-04-01T17:13:03Z</time></trkpt><trkpt lat="-32.856320" lon="-70.449780"><ele>1035.349</ele><time>2020-04-01T17:13:23Z</time></trkpt><trkpt lat="-32.856380" lon="-70.449620"><ele>1035.756</ele><time>2020-04-01T17:13:43Z</time></trkpt><trkpt lat="-32.856580" lon="-70.448990"><ele>1038.372</ele><time>2020-04-01T17:14:03Z</time></trkpt><trkpt lat="-32.856650" lon="-70.448780"><ele>1040.013</ele><time>2020-04-01T17:14:23Z</time></trkpt><trkpt lat="-32.856720" lon="-70.448570"><ele>1041.814</ele><time>2020-04-01T17:14:43Z</time></trkpt><trkpt lat="-32.856870" lon="-70.448120"><ele>1043.508</ele><time>2020-04-01T17:15:03Z</time></trkpt><trkpt lat="-32.856920" lon="-70.447970"><ele>1043.431</ele><time>2020-04-01T17:15:23Z</time></trkpt><trkpt lat="-32.856960" lon="-70.447820"><ele>1043.495</ele><time>2020-04-01T17:15:43Z</time></trkpt><trkpt lat="-32.856980" lon="-70.447740"><ele>1043.428</ele><time>2020-04-01T17:16:03Z</time></trkpt><trkpt lat="-32.856990" lon="-70.447690"><ele>1043.423</ele><time>2020-04-01T17:16:23Z</time></trkpt><trkpt lat="-32.857010" lon="-70.447620"><ele>1043.346</ele><time>2020-04-01T17:16:43Z</time></trkpt><trkpt lat="-32.857030" lon="-70.447500"><ele>1043.468</ele><time>2020-04-01T17:17:03Z</time></trkpt><trkpt lat="-32.857050" lon="-70.447390"><ele>1043.247</ele><time>2020-04-01T17:17:23Z</time></trkpt><trkpt lat="-32.857060" lon="-70.447220"><ele>1043.484</ele><time>2020-04-01T17:17:43Z</time></trkpt><trkpt lat="-32.857070" lon="-70.447110"><ele>1043.527</ele><time>2020-04-01T17:18:03Z</time></trkpt><trkpt lat="-32.857070" lon="-70.446980"><ele>1043.968</ele><time>2020-04-01T17:18:23Z</time></trkpt><trkpt lat="-32.857070" lon="-70.446880"><ele>1044.214</ele><time>2020-04-01T17:18:43Z</time></trkpt><trkpt lat="-32.857060" lon="-70.446750"><ele>1044.808</ele><time>2020-04-01T17:19:03Z</time></trkpt><trkpt lat="-32.857020" lon="-70.446400"><ele>1044.336</ele><time>2020-04-01T17:19:23Z</time></trkpt><trkpt lat="-32.857000" lon="-70.446220"><ele>1043.660</ele><time>2020-04-01T17:19:43Z</time></trkpt><trkpt lat="-32.856960" lon="-70.445960"><ele>1042.813</ele><time>2020-04-01T17:20:03Z</time></trkpt><trkpt lat="-32.856900" lon="-70.445580"><ele>1042.388</ele><time>2020-04-01T17:20:23Z</time></trkpt><trkpt lat="-32.856880" lon="-70.445410"><ele>1042.071</ele><time>2020-04-01T17:20:43Z</time></trkpt><trkpt lat="-32.856850" lon="-70.445200"><ele>1041.523</ele><time>2020-04-01T17:21:03Z</time></trkpt><trkpt lat="-32.856840" lon="-70.445140"><ele>1041.412</ele><time>2020-04-01T17:21:23Z</time></trkpt><trkpt lat="-32.856810" lon="-70.444910"><ele>1041.059</ele><time>2020-04-01T17:21:43Z</time></trkpt><trkpt lat="-32.856780" lon="-70.444730"><ele>1041.189</ele><time>2020-04-01T17:22:03Z</time></trkpt><trkpt lat="-32.856750" lon="-70.444510"><ele>1041.106</ele><time>2020-04-01T17:22:23Z</time></trkpt><trkpt lat="-32.856750" lon="-70.444370"><ele>1040.826</ele><time>2020-04-01T17:22:43Z</time></trkpt><trkpt lat="-32.856750" lon="-70.444350"><ele>1040.808</ele><time>2020-04-01T17:23:03Z</time></trkpt><trkpt lat="-32.856750" lon="-70.444210"><ele>1040.642</ele><time>2020-04-01T17:23:23Z</time></trkpt><trkpt lat="-32.856750" lon="-70.444080"><ele>1041.026</ele><time>2020-04-01T17:23:43Z</time></trkpt><trkpt lat="-32.856760" lon="-70.443990"><ele>1041.469</ele><time>2020-04-01T17:24:03Z</time></trkpt><trkpt lat="-32.856770" lon="-70.443880"><ele>1041.974</ele><time>2020-04-01T17:24:23Z</time></trkpt><trkpt lat="-32.856800" lon="-70.443760"><ele>1042.317</ele><time>2020-04-01T17:24:43Z</time></trkpt><trkpt lat="-32.856870" lon="-70.443390"><ele>1043.519</ele><time>2020-04-01T17:25:03Z</time></trkpt><trkpt lat="-32.856940" lon="-70.443080"><ele>1043.828</ele><time>2020-04-01T17:25:23Z</time></trkpt><trkpt lat="-32.856980" lon="-70.442890"><ele>1043.975</ele><time>2020-04-01T17:25:43Z</time></trkpt><trkpt lat="-32.857160" lon="-70.442080"><ele>1046.793</ele><time>2020-04-01T17:26:03Z</time></trkpt><trkpt lat="-32.857220" lon="-70.441820"><ele>1047.865</ele><time>2020-04-01T17:26:23Z</time></trkpt><trkpt lat="-32.857300" lon="-70.441490"><ele>1049.121</ele><time>2020-04-01T17:26:43Z</time></trkpt><trkpt lat="-32.857340" lon="-70.441340"><ele>1049.708</ele><time>2020-04-01T17:27:03Z</time></trkpt><trkpt lat="-32.857450" lon="-70.440950"><ele>1050.943</ele><time>2020-04-01T17:27:23Z</time></trkpt><trkpt lat="-32.857530" lon="-70.440660"><ele>1051.537</ele><time>2020-04-01T17:27:43Z</time></trkpt><trkpt lat="-32.857580" lon="-70.440450"><ele>1051.710</ele><time>2020-04-01T17:28:03Z</time></trkpt><trkpt lat="-32.857630" lon="-70.440290"><ele>1051.735</ele><time>2020-04-01T17:28:23Z</time></trkpt><trkpt lat="-32.857720" lon="-70.439970"><ele>1051.778</ele><time>2020-04-01T17:28:43Z</time></trkpt><trkpt lat="-32.857790" lon="-70.439720"><ele>1051.560</ele><time>2020-04-01T17:29:03Z</time></trkpt><trkpt lat="-32.857880" lon="-70.439400"><ele>1051.579</ele><time>2020-04-01T17:29:23Z</time></trkpt><trkpt lat="-32.857960" lon="-70.439100"><ele>1051.536</ele><time>2020-04-01T17:29:43Z</time></trkpt><trkpt lat="-32.858040" lon="-70.438830"><ele>1050.515</ele><time>2020-04-01T17:30:03Z</time></trkpt><trkpt lat="-32.858050" lon="-70.438760"><ele>1050.465</ele><time>2020-04-01T17:30:23Z</time></trkpt><trkpt lat="-32.858180" lon="-70.438320"><ele>1049.411</ele><time>2020-04-01T17:30:43Z</time></trkpt><trkpt lat="-32.858280" lon="-70.437940"><ele>1050.108</ele><time>2020-04-01T17:31:03Z</time></trkpt><trkpt lat="-32.858450" lon="-70.437330"><ele>1051.385</ele><time>2020-04-01T17:31:23Z</time></trkpt><trkpt lat="-32.858460" lon="-70.437290"><ele>1051.579</ele><time>2020-04-01T17:31:43Z</time></trkpt><trkpt lat="-32.858520" lon="-70.437090"><ele>1052.252</ele><time>2020-04-01T17:32:03Z</time></trkpt><trkpt lat="-32.858560" lon="-70.436960"><ele>1052.797</ele><time>2020-04-01T17:32:23Z</time></trkpt><trkpt lat="-32.858680" lon="-70.436610"><ele>1053.770</ele><time>2020-04-01T17:32:43Z</time></trkpt><trkpt lat="-32.858800" lon="-70.436310"><ele>1053.492</ele><time>2020-04-01T17:33:03Z</time></trkpt><trkpt lat="-32.858910" lon="-70.436070"><ele>1053.041</ele><time>2020-04-01T17:33:23Z</time></trkpt><trkpt lat="-32.859060" lon="-70.435740"><ele>1052.728</ele><time>2020-04-01T17:33:43Z</time></trkpt><trkpt lat="-32.859060" lon="-70.435730"><ele>1052.893</ele><time>2020-04-01T17:34:03Z</time></trkpt><trkpt lat="-32.859090" lon="-70.435680"><ele>1052.765</ele><time>2020-04-01T17:34:23Z</time></trkpt><trkpt lat="-32.859140" lon="-70.435550"><ele>1052.621</ele><time>2020-04-01T17:34:43Z</time></trkpt><trkpt lat="-32.859270" lon="-70.435260"><ele>1052.608</ele><time>2020-04-01T17:35:03Z</time></trkpt><trkpt lat="-32.859410" lon="-70.434930"><ele>1053.733</ele><time>2020-04-01T17:35:23Z</time></trkpt><trkpt lat="-32.859550" lon="-70.434640"><ele>1056.537</ele><time>2020-04-01T17:35:43Z</time></trkpt><trkpt lat="-32.859650" lon="-70.434410"><ele>1057.670</ele><time>2020-04-01T17:36:03Z</time></trkpt><trkpt lat="-32.859760" lon="-70.434150"><ele>1057.585</ele><time>2020-04-01T17:36:23Z</time></trkpt><trkpt lat="-32.859870" lon="-70.433900"><ele>1056.128</ele><time>2020-04-01T17:36:43Z</time></trkpt><trkpt lat="-32.859940" lon="-70.433720"><ele>1054.840</ele><time>2020-04-01T17:37:03Z</time></trkpt><trkpt lat="-32.859960" lon="-70.433620"><ele>1054.519</ele><time>2020-04-01T17:37:23Z</time></trkpt><trkpt lat="-32.859980" lon="-70.433510"><ele>1054.266</ele><time>2020-04-01T17:37:43Z</time></trkpt><trkpt lat="-32.859990" lon="-70.433430"><ele>1054.147</ele><time>2020-04-01T17:38:03Z</time></trkpt><trkpt lat="-32.859990" lon="-70.433380"><ele>1054.329</ele><time>2020-04-01T17:38:23Z</time></trkpt><trkpt lat="-32.860000" lon="-70.433300"><ele>1054.221</ele><time>2020-04-01T17:38:43Z</time></trkpt><trkpt lat="-32.860010" lon="-70.433160"><ele>1055.008</ele><time>2020-04-01T17:39:03Z</time></trkpt><trkpt lat="-32.860010" lon="-70.432950"><ele>1056.248</ele><time>2020-04-01T17:39:23Z</time></trkpt><trkpt lat="-32.860020" lon="-70.431770"><ele>1057.292</ele><time>2020-04-01T17:39:43Z</time></trkpt><trkpt lat="-32.860020" lon="-70.431640"><ele>1056.975</ele><time>2020-04-01T17:40:03Z</time></trkpt><trkpt lat="-32.860020" lon="-70.431460"><ele>1056.980</ele><time>2020-04-01T17:40:23Z</time></trkpt><trkpt lat="-32.860030" lon="-70.431280"><ele>1056.963</ele><time>2020-04-01T17:40:43Z</time></trkpt><trkpt lat="-32.860040" lon="-70.431210"><ele>1056.985</ele><time>2020-04-01T17:41:03Z</time></trkpt><trkpt lat="-32.860050" lon="-70.431110"><ele>1056.934</ele><time>2020-04-01T17:41:23Z</time></trkpt><trkpt lat="-32.860060" lon="-70.431010"><ele>1057.071</ele><time>2020-04-01T17:41:43Z</time></trkpt><trkpt lat="-32.860060" lon="-70.430920"><ele>1057.056</ele><time>2020-04-01T17:42:03Z</time></trkpt><trkpt lat="-32.860070" lon="-70.430850"><ele>1057.059</ele><time>2020-04-01T17:42:23Z</time></trkpt><trkpt lat="-32.860080" lon="-70.430780"><ele>1057.714</ele><time>2020-04-01T17:42:43Z</time></trkpt><trkpt lat="-32.860130" lon="-70.430490"><ele>1061.108</ele><time>2020-04-01T17:43:03Z</time></trkpt><trkpt lat="-32.860160" lon="-70.430250"><ele>1063.729</ele><time>2020-04-01T17:43:23Z</time></trkpt><trkpt lat="-32.860200" lon="-70.430040"><ele>1065.513</ele><time>2020-04-01T17:43:43Z</time></trkpt><trkpt lat="-32.860240" lon="-70.429740"><ele>1067.786</ele><time>2020-04-01T17:44:03Z</time></trkpt><trkpt lat="-32.860300" lon="-70.429330"><ele>1069.961</ele><time>2020-04-01T17:44:23Z</time></trkpt><trkpt lat="-32.860310" lon="-70.429220"><ele>1070.594</ele><time>2020-04-01T17:44:43Z</time></trkpt><trkpt lat="-32.860320" lon="-70.429130"><ele>1070.976</ele><time>2020-04-01T17:45:03Z</time></trkpt><trkpt lat="-32.860320" lon="-70.429050"><ele>1071.485</ele><time>2020-04-01T17:45:23Z</time></trkpt><trkpt lat="-32.860320" lon="-70.429000"><ele>1071.852</ele><time>2020-04-01T17:45:43Z</time></trkpt><trkpt lat="-32.860320" lon="-70.428920"><ele>1072.345</ele><time>2020-04-01T17:46:03Z</time></trkpt><trkpt lat="-32.860320" lon="-70.428840"><ele>1072.847</ele><time>2020-04-01T17:46:23Z</time></trkpt><trkpt lat="-32.860300" lon="-70.428610"><ele>1075.011</ele><time>2020-04-01T17:46:43Z</time></trkpt><trkpt lat="-32.860280" lon="-70.428350"><ele>1077.508</ele><time>2020-04-01T17:47:03Z</time></trkpt><trkpt lat="-32.860270" lon="-70.428290"><ele>1077.948</ele><time>2020-04-01T17:47:23Z</time></trkpt><trkpt lat="-32.860260" lon="-70.428140"><ele>1078.152</ele><time>2020-04-01T17:47:43Z</time></trkpt><trkpt lat="-32.860250" lon="-70.427990"><ele>1078.365</ele><time>2020-04-01T17:48:03Z</time></trkpt><trkpt lat="-32.860250" lon="-70.427860"><ele>1078.290</ele><time>2020-04-01T17:48:23Z</time></trkpt><trkpt lat="-32.860250" lon="-70.427740"><ele>1078.123</ele><time>2020-04-01T17:48:43Z</time></trkpt><trkpt lat="-32.860250" lon="-70.427590"><ele>1078.085</ele><time>2020-04-01T17:49:03Z</time></trkpt><trkpt lat="-32.860260" lon="-70.427450"><ele>1077.524</ele><time>2020-04-01T17:49:23Z</time></trkpt><trkpt lat="-32.860270" lon="-70.427320"><ele>1076.891</ele><time>2020-04-01T17:49:43Z</time></trkpt><trkpt lat="-32.860280" lon="-70.427190"><ele>1076.233</ele><time>2020-04-01T17:50:03Z</time></trkpt><trkpt lat="-32.860300" lon="-70.427060"><ele>1075.223</ele><time>2020-04-01T17:50:23Z</time></trkpt><trkpt lat="-32.860320" lon="-70.426950"><ele>1074.315</ele><time>2020-04-01T17:50:43Z</time></trkpt><trkpt lat="-32.860330" lon="-70.426850"><ele>1073.708</ele><time>2020-04-01T17:51:03Z</time></trkpt><trkpt lat="-32.860330" lon="-70.426840"><ele>1073.787</ele><time>2020-04-01T17:51:23Z</time></trkpt><trkpt lat="-32.860360" lon="-70.426730"><ele>1072.551</ele><time>2020-04-01T17:51:43Z</time></trkpt><trkpt lat="-32.860380" lon="-70.426640"><ele>1072.274</ele><time>2020-04-01T17:52:03Z</time></trkpt><trkpt lat="-32.860480" lon="-70.426230"><ele>1075.939</ele><time>2020-04-01T17:52:23Z</time></trkpt><trkpt lat="-32.860510" lon="-70.426100"><ele>1076.742</ele><time>2020-04-01T17:52:43Z</time></trkpt><trkpt lat="-32.860700" lon="-70.425380"><ele>1079.334</ele><time>2020-04-01T17:53:03Z</time></trkpt><trkpt lat="-32.860800" lon="-70.425000"><ele>1081.663</ele><time>2020-04-01T17:53:23Z</time></trkpt><trkpt lat="-32.860960" lon="-70.424390"><ele>1084.060</ele><time>2020-04-01T17:53:43Z</time></trkpt><trkpt lat="-32.861010" lon="-70.424210"><ele>1084.737</ele><time>2020-04-01T17:54:03Z</time></trkpt><trkpt lat="-32.861050" lon="-70.424070"><ele>1085.849</ele><time>2020-04-01T17:54:23Z</time></trkpt><trkpt lat="-32.861100" lon="-70.423940"><ele>1086.713</ele><time>2020-04-01T17:54:43Z</time></trkpt><trkpt lat="-32.861140" lon="-70.423820"><ele>1087.508</ele><time>2020-04-01T17:55:03Z</time></trkpt><trkpt lat="-32.861190" lon="-70.423670"><ele>1088.327</ele><time>2020-04-01T17:55:23Z</time></trkpt><trkpt lat="-32.861240" lon="-70.423530"><ele>1088.881</ele><time>2020-04-01T17:55:43Z</time></trkpt><trkpt lat="-32.861370" lon="-70.423200"><ele>1087.694</ele><time>2020-04-01T17:56:03Z</time></trkpt><trkpt lat="-32.861690" lon="-70.422430"><ele>1083.639</ele><time>2020-04-01T17:56:23Z</time></trkpt><trkpt lat="-32.861730" lon="-70.422340"><ele>1084.172</ele><time>2020-04-01T17:56:43Z</time></trkpt><trkpt lat="-32.861770" lon="-70.422240"><ele>1084.864</ele><time>2020-04-01T17:57:03Z</time></trkpt><trkpt lat="-32.861810" lon="-70.422140"><ele>1085.393</ele><time>2020-04-01T17:57:23Z</time></trkpt><trkpt lat="-32.861840" lon="-70.422040"><ele>1086.040</ele><time>2020-04-01T17:57:43Z</time></trkpt><trkpt lat="-32.861870" lon="-70.421950"><ele>1086.487</ele><time>2020-04-01T17:58:03Z</time></trkpt><trkpt lat="-32.861920" lon="-70.421790"><ele>1087.242</ele><time>2020-04-01T17:58:23Z</time></trkpt><trkpt lat="-32.861930" lon="-70.421770"><ele>1087.326</ele><time>2020-04-01T17:58:43Z</time></trkpt><trkpt lat="-32.861960" lon="-70.421630"><ele>1087.708</ele><time>2020-04-01T17:59:03Z</time></trkpt><trkpt lat="-32.861980" lon="-70.421560"><ele>1087.362</ele><time>2020-04-01T17:59:23Z</time></trkpt><trkpt lat="-32.862000" lon="-70.421420"><ele>1086.836</ele><time>2020-04-01T17:59:43Z</time></trkpt><trkpt lat="-32.862010" lon="-70.421350"><ele>1086.629</ele><time>2020-04-01T18:00:03Z</time></trkpt><trkpt lat="-32.862030" lon="-70.421260"><ele>1086.244</ele><time>2020-04-01T18:00:23Z</time></trkpt><trkpt lat="-32.862040" lon="-70.421130"><ele>1085.997</ele><time>2020-04-01T18:00:43Z</time></trkpt><trkpt lat="-32.862070" lon="-70.420890"><ele>1085.329</ele><time>2020-04-01T18:01:03Z</time></trkpt><trkpt lat="-32.862120" lon="-70.420470"><ele>1086.128</ele><time>2020-04-01T18:01:23Z</time></trkpt><trkpt lat="-32.862170" lon="-70.420070"><ele>1087.285</ele><time>2020-04-01T18:01:43Z</time></trkpt><trkpt lat="-32.862250" lon="-70.419410"><ele>1084.694</ele><time>2020-04-01T18:02:03Z</time></trkpt><trkpt lat="-32.862310" lon="-70.418860"><ele>1081.457</ele><time>2020-04-01T18:02:23Z</time></trkpt><trkpt lat="-32.862380" lon="-70.418300"><ele>1077.422</ele><time>2020-04-01T18:02:43Z</time></trkpt><trkpt lat="-32.862390" lon="-70.418260"><ele>1077.208</ele><time>2020-04-01T18:03:03Z</time></trkpt><trkpt lat="-32.862390" lon="-70.418200"><ele>1077.243</ele><time>2020-04-01T18:03:23Z</time></trkpt><trkpt lat="-32.862500" lon="-70.417240"><ele>1078.237</ele><time>2020-04-01T18:03:43Z</time></trkpt><trkpt lat="-32.862590" lon="-70.416480"><ele>1084.280</ele><time>2020-04-01T18:04:03Z</time></trkpt><trkpt lat="-32.862600" lon="-70.416420"><ele>1084.765</ele><time>2020-04-01T18:04:23Z</time></trkpt><trkpt lat="-32.862610" lon="-70.416330"><ele>1085.598</ele><time>2020-04-01T18:04:43Z</time></trkpt><trkpt lat="-32.862620" lon="-70.416230"><ele>1086.340</ele><time>2020-04-01T18:05:03Z</time></trkpt><trkpt lat="-32.862640" lon="-70.416120"><ele>1087.149</ele><time>2020-04-01T18:05:23Z</time></trkpt><trkpt lat="-32.862650" lon="-70.416040"><ele>1087.796</ele><time>2020-04-01T18:05:43Z</time></trkpt><trkpt lat="-32.862670" lon="-70.415950"><ele>1088.383</ele><time>2020-04-01T18:06:03Z</time></trkpt><trkpt lat="-32.862690" lon="-70.415840"><ele>1089.025</ele><time>2020-04-01T18:06:23Z</time></trkpt><trkpt lat="-32.862720" lon="-70.415740"><ele>1089.017</ele><time>2020-04-01T18:06:43Z</time></trkpt><trkpt lat="-32.862740" lon="-70.415640"><ele>1089.108</ele><time>2020-04-01T18:07:03Z</time></trkpt><trkpt lat="-32.862820" lon="-70.415400"><ele>1088.832</ele><time>2020-04-01T18:07:23Z</time></trkpt><trkpt lat="-32.862890" lon="-70.415200"><ele>1088.316</ele><time>2020-04-01T18:07:43Z</time></trkpt><trkpt lat="-32.862940" lon="-70.415080"><ele>1087.789</ele><time>2020-04-01T18:08:03Z</time></trkpt><trkpt lat="-32.863060" lon="-70.414800"><ele>1088.614</ele><time>2020-04-01T18:08:23Z</time></trkpt><trkpt lat="-32.863150" lon="-70.414560"><ele>1089.627</ele><time>2020-04-01T18:08:43Z</time></trkpt><trkpt lat="-32.863300" lon="-70.414210"><ele>1088.869</ele><time>2020-04-01T18:09:03Z</time></trkpt><trkpt lat="-32.863530" lon="-70.413650"><ele>1092.328</ele><time>2020-04-01T18:09:23Z</time></trkpt><trkpt lat="-32.863700" lon="-70.413230"><ele>1093.395</ele><time>2020-04-01T18:09:43Z</time></trkpt><trkpt lat="-32.863850" lon="-70.412860"><ele>1093.685</ele><time>2020-04-01T18:10:03Z</time></trkpt><trkpt lat="-32.863940" lon="-70.412650"><ele>1093.289</ele><time>2020-04-01T18:10:23Z</time></trkpt><trkpt lat="-32.863990" lon="-70.412510"><ele>1093.017</ele><time>2020-04-01T18:10:43Z</time></trkpt><trkpt lat="-32.864010" lon="-70.412470"><ele>1092.708</ele><time>2020-04-01T18:11:03Z</time></trkpt><trkpt lat="-32.864080" lon="-70.412280"><ele>1091.242</ele><time>2020-04-01T18:11:23Z</time></trkpt><trkpt lat="-32.864140" lon="-70.412100"><ele>1089.676</ele><time>2020-04-01T18:11:43Z</time></trkpt><trkpt lat="-32.864150" lon="-70.412090"><ele>1089.279</ele><time>2020-04-01T18:12:03Z</time></trkpt><trkpt lat="-32.864210" lon="-70.411880"><ele>1088.924</ele><time>2020-04-01T18:12:23Z</time></trkpt><trkpt lat="-32.864280" lon="-70.411630"><ele>1088.777</ele><time>2020-04-01T18:12:43Z</time></trkpt><trkpt lat="-32.864320" lon="-70.411480"><ele>1088.189</ele><time>2020-04-01T18:13:03Z</time></trkpt><trkpt lat="-32.864430" lon="-70.411070"><ele>1086.948</ele><time>2020-04-01T18:13:23Z</time></trkpt><trkpt lat="-32.864600" lon="-70.410400"><ele>1088.335</ele><time>2020-04-01T18:13:43Z</time></trkpt><trkpt lat="-32.864690" lon="-70.410100"><ele>1087.626</ele><time>2020-04-01T18:14:03Z</time></trkpt><trkpt lat="-32.864720" lon="-70.409980"><ele>1087.647</ele><time>2020-04-01T18:14:23Z</time></trkpt><trkpt lat="-32.864750" lon="-70.409890"><ele>1088.811</ele><time>2020-04-01T18:14:43Z</time></trkpt><trkpt lat="-32.864770" lon="-70.409820"><ele>1089.808</ele><time>2020-04-01T18:15:03Z</time></trkpt><trkpt lat="-32.864800" lon="-70.409750"><ele>1090.416</ele><time>2020-04-01T18:15:23Z</time></trkpt><trkpt lat="-32.864840" lon="-70.409660"><ele>1091.070</ele><time>2020-04-01T18:15:43Z</time></trkpt><trkpt lat="-32.864890" lon="-70.409560"><ele>1091.263</ele><time>2020-04-01T18:16:03Z</time></trkpt><trkpt lat="-32.864940" lon="-70.409470"><ele>1091.068</ele><time>2020-04-01T18:16:23Z</time></trkpt><trkpt lat="-32.865010" lon="-70.409380"><ele>1090.211</ele><time>2020-04-01T18:16:43Z</time></trkpt><trkpt lat="-32.865070" lon="-70.409300"><ele>1091.533</ele><time>2020-04-01T18:17:03Z</time></trkpt><trkpt lat="-32.865210" lon="-70.409170"><ele>1092.952</ele><time>2020-04-01T18:17:23Z</time></trkpt><trkpt lat="-32.865250" lon="-70.409130"><ele>1093.559</ele><time>2020-04-01T18:17:43Z</time></trkpt><trkpt lat="-32.865350" lon="-70.409060"><ele>1093.922</ele><time>2020-04-01T18:18:03Z</time></trkpt><trkpt lat="-32.865370" lon="-70.409050"><ele>1093.962</ele><time>2020-04-01T18:18:23Z</time></trkpt><trkpt lat="-32.865680" lon="-70.408870"><ele>1091.908</ele><time>2020-04-01T18:18:43Z</time></trkpt><trkpt lat="-32.865700" lon="-70.408860"><ele>1091.608</ele><time>2020-04-01T18:19:03Z</time></trkpt><trkpt lat="-32.866020" lon="-70.408720"><ele>1091.826</ele><time>2020-04-01T18:19:23Z</time></trkpt><trkpt lat="-32.866070" lon="-70.408690"><ele>1092.180</ele><time>2020-04-01T18:19:43Z</time></trkpt><trkpt lat="-32.866280" lon="-70.408580"><ele>1093.093</ele><time>2020-04-01T18:20:03Z</time></trkpt><trkpt lat="-32.866390" lon="-70.408520"><ele>1092.948</ele><time>2020-04-01T18:20:23Z</time></trkpt><trkpt lat="-32.866450" lon="-70.408480"><ele>1092.511</ele><time>2020-04-01T18:20:43Z</time></trkpt><trkpt lat="-32.866500" lon="-70.408440"><ele>1092.073</ele><time>2020-04-01T18:21:03Z</time></trkpt><trkpt lat="-32.866570" lon="-70.408380"><ele>1090.922</ele><time>2020-04-01T18:21:23Z</time></trkpt><trkpt lat="-32.866650" lon="-70.408300"><ele>1090.169</ele><time>2020-04-01T18:21:43Z</time></trkpt><trkpt lat="-32.866730" lon="-70.408200"><ele>1091.648</ele><time>2020-04-01T18:22:03Z</time></trkpt><trkpt lat="-32.866770" lon="-70.408130"><ele>1092.361</ele><time>2020-04-01T18:22:23Z</time></trkpt><trkpt lat="-32.866810" lon="-70.408060"><ele>1092.817</ele><time>2020-04-01T18:22:43Z</time></trkpt><trkpt lat="-32.866870" lon="-70.407940"><ele>1093.208</ele><time>2020-04-01T18:23:03Z</time></trkpt><trkpt lat="-32.867390" lon="-70.406820"><ele>1093.238</ele><time>2020-04-01T18:23:23Z</time></trkpt><trkpt lat="-32.867490" lon="-70.406590"><ele>1092.942</ele><time>2020-04-01T18:23:43Z</time></trkpt><trkpt lat="-32.868060" lon="-70.405400"><ele>1099.715</ele><time>2020-04-01T18:24:03Z</time></trkpt><trkpt lat="-32.868190" lon="-70.405110"><ele>1093.740</ele><time>2020-04-01T18:24:23Z</time></trkpt><trkpt lat="-32.868430" lon="-70.404620"><ele>1096.273</ele><time>2020-04-01T18:24:43Z</time></trkpt><trkpt lat="-32.868730" lon="-70.404010"><ele>1103.585</ele><time>2020-04-01T18:25:03Z</time></trkpt><trkpt lat="-32.868780" lon="-70.403930"><ele>1104.054</ele><time>2020-04-01T18:25:23Z</time></trkpt><trkpt lat="-32.868840" lon="-70.403840"><ele>1104.311</ele><time>2020-04-01T18:25:43Z</time></trkpt><trkpt lat="-32.868890" lon="-70.403770"><ele>1104.253</ele><time>2020-04-01T18:26:03Z</time></trkpt><trkpt lat="-32.868980" lon="-70.403660"><ele>1103.204</ele><time>2020-04-01T18:26:23Z</time></trkpt><trkpt lat="-32.869090" lon="-70.403530"><ele>1101.214</ele><time>2020-04-01T18:26:43Z</time></trkpt><trkpt lat="-32.869220" lon="-70.403430"><ele>1099.708</ele><time>2020-04-01T18:27:03Z</time></trkpt><trkpt lat="-32.869370" lon="-70.403310"><ele>1101.959</ele><time>2020-04-01T18:27:23Z</time></trkpt><trkpt lat="-32.869680" lon="-70.403090"><ele>1110.723</ele><time>2020-04-01T18:27:43Z</time></trkpt><trkpt lat="-32.869990" lon="-70.402880"><ele>1113.096</ele><time>2020-04-01T18:28:03Z</time></trkpt><trkpt lat="-32.870190" lon="-70.402740"><ele>1114.481</ele><time>2020-04-01T18:28:23Z</time></trkpt><trkpt lat="-32.870310" lon="-70.402660"><ele>1114.664</ele><time>2020-04-01T18:28:43Z</time></trkpt><trkpt lat="-32.870340" lon="-70.402640"><ele>1114.616</ele><time>2020-04-01T18:29:03Z</time></trkpt><trkpt lat="-32.870370" lon="-70.402620"><ele>1114.565</ele><time>2020-04-01T18:29:23Z</time></trkpt><trkpt lat="-32.870410" lon="-70.402590"><ele>1114.542</ele><time>2020-04-01T18:29:43Z</time></trkpt><trkpt lat="-32.870440" lon="-70.402560"><ele>1114.573</ele><time>2020-04-01T18:30:03Z</time></trkpt><trkpt lat="-32.870730" lon="-70.402330"><ele>1116.185</ele><time>2020-04-01T18:30:23Z</time></trkpt><trkpt lat="-32.870880" lon="-70.402210"><ele>1117.013</ele><time>2020-04-01T18:30:43Z</time></trkpt><trkpt lat="-32.870920" lon="-70.402180"><ele>1117.108</ele><time>2020-04-01T18:31:03Z</time></trkpt><trkpt lat="-32.871720" lon="-70.401480"><ele>1112.961</ele><time>2020-04-01T18:31:23Z</time></trkpt><trkpt lat="-32.871750" lon="-70.401450"><ele>1113.565</ele><time>2020-04-01T18:31:43Z</time></trkpt><trkpt lat="-32.871970" lon="-70.401260"><ele>1115.098</ele><time>2020-04-01T18:32:03Z</time></trkpt><trkpt lat="-32.872090" lon="-70.401150"><ele>1114.863</ele><time>2020-04-01T18:32:23Z</time></trkpt><trkpt lat="-32.872200" lon="-70.401050"><ele>1113.876</ele><time>2020-04-01T18:32:43Z</time></trkpt><trkpt lat="-32.872300" lon="-70.400940"><ele>1112.628</ele><time>2020-04-01T18:33:03Z</time></trkpt><trkpt lat="-32.872390" lon="-70.400830"><ele>1111.117</ele><time>2020-04-01T18:33:23Z</time></trkpt><trkpt lat="-32.872520" lon="-70.400660"><ele>1112.834</ele><time>2020-04-01T18:33:43Z</time></trkpt><trkpt lat="-32.872680" lon="-70.400430"><ele>1118.376</ele><time>2020-04-01T18:34:03Z</time></trkpt><trkpt lat="-32.872740" lon="-70.400320"><ele>1120.090</ele><time>2020-04-01T18:34:23Z</time></trkpt><trkpt lat="-32.873130" lon="-70.399620"><ele>1118.419</ele><time>2020-04-01T18:34:43Z</time></trkpt><trkpt lat="-32.873420" lon="-70.399110"><ele>1116.508</ele><time>2020-04-01T18:35:03Z</time></trkpt><trkpt lat="-32.873580" lon="-70.398830"><ele>1124.981</ele><time>2020-04-01T18:35:23Z</time></trkpt><trkpt lat="-32.873660" lon="-70.398710"><ele>1126.785</ele><time>2020-04-01T18:35:43Z</time></trkpt><trkpt lat="-32.873930" lon="-70.398230"><ele>1127.828</ele><time>2020-04-01T18:36:03Z</time></trkpt><trkpt lat="-32.874030" lon="-70.398050"><ele>1127.913</ele><time>2020-04-01T18:36:23Z</time></trkpt><trkpt lat="-32.874230" lon="-70.397700"><ele>1128.286</ele><time>2020-04-01T18:36:43Z</time></trkpt><trkpt lat="-32.874330" lon="-70.397520"><ele>1129.828</ele><time>2020-04-01T18:37:03Z</time></trkpt><trkpt lat="-32.874340" lon="-70.397510"><ele>1129.817</ele><time>2020-04-01T18:37:23Z</time></trkpt><trkpt lat="-32.874440" lon="-70.397350"><ele>1130.664</ele><time>2020-04-01T18:37:43Z</time></trkpt><trkpt lat="-32.874510" lon="-70.397250"><ele>1131.081</ele><time>2020-04-01T18:38:03Z</time></trkpt><trkpt lat="-32.874560" lon="-70.397190"><ele>1131.161</ele><time>2020-04-01T18:38:23Z</time></trkpt><trkpt lat="-32.874640" lon="-70.397080"><ele>1131.517</ele><time>2020-04-01T18:38:43Z</time></trkpt><trkpt lat="-32.874820" lon="-70.396870"><ele>1131.808</ele><time>2020-04-01T18:39:03Z</time></trkpt><trkpt lat="-32.875060" lon="-70.396590"><ele>1132.372</ele><time>2020-04-01T18:39:23Z</time></trkpt><trkpt lat="-32.875060" lon="-70.396580"><ele>1132.596</ele><time>2020-04-01T18:39:43Z</time></trkpt><trkpt lat="-32.875200" lon="-70.396430"><ele>1132.329</ele><time>2020-04-01T18:40:03Z</time></trkpt><trkpt lat="-32.875350" lon="-70.396250"><ele>1131.874</ele><time>2020-04-01T18:40:23Z</time></trkpt><trkpt lat="-32.875590" lon="-70.395990"><ele>1129.297</ele><time>2020-04-01T18:40:43Z</time></trkpt><trkpt lat="-32.875630" lon="-70.395950"><ele>1128.639</ele><time>2020-04-01T18:41:03Z</time></trkpt><trkpt lat="-32.875710" lon="-70.395860"><ele>1127.398</ele><time>2020-04-01T18:41:23Z</time></trkpt><trkpt lat="-32.875720" lon="-70.395840"><ele>1127.245</ele><time>2020-04-01T18:41:43Z</time></trkpt><trkpt lat="-32.875800" lon="-70.395740"><ele>1128.036</ele><time>2020-04-01T18:42:03Z</time></trkpt><trkpt lat="-32.875860" lon="-70.395650"><ele>1130.217</ele><time>2020-04-01T18:42:23Z</time></trkpt><trkpt lat="-32.875910" lon="-70.395540"><ele>1133.618</ele><time>2020-04-01T18:42:43Z</time></trkpt><trkpt lat="-32.875990" lon="-70.395370"><ele>1137.908</ele><time>2020-04-01T18:43:03Z</time></trkpt><trkpt lat="-32.876020" lon="-70.395300"><ele>1139.367</ele><time>2020-04-01T18:43:23Z</time></trkpt><trkpt lat="-32.876070" lon="-70.395120"><ele>1142.711</ele><time>2020-04-01T18:43:43Z</time></trkpt><trkpt lat="-32.876070" lon="-70.395110"><ele>1143.074</ele><time>2020-04-01T18:44:03Z</time></trkpt><trkpt lat="-32.876130" lon="-70.394900"><ele>1143.779</ele><time>2020-04-01T18:44:23Z</time></trkpt><trkpt lat="-32.876140" lon="-70.394830"><ele>1143.442</ele><time>2020-04-01T18:44:43Z</time></trkpt><trkpt lat="-32.876250" lon="-70.394440"><ele>1139.224</ele><time>2020-04-01T18:45:03Z</time></trkpt><trkpt lat="-32.876320" lon="-70.394210"><ele>1135.953</ele><time>2020-04-01T18:45:23Z</time></trkpt><trkpt lat="-32.876380" lon="-70.394000"><ele>1135.430</ele><time>2020-04-01T18:45:43Z</time></trkpt><trkpt lat="-32.876430" lon="-70.393860"><ele>1134.921</ele><time>2020-04-01T18:46:03Z</time></trkpt><trkpt lat="-32.876510" lon="-70.393700"><ele>1133.341</ele><time>2020-04-01T18:46:23Z</time></trkpt><trkpt lat="-32.876580" lon="-70.393570"><ele>1131.605</ele><time>2020-04-01T18:46:43Z</time></trkpt><trkpt lat="-32.876660" lon="-70.393470"><ele>1129.008</ele><time>2020-04-01T18:47:03Z</time></trkpt><trkpt lat="-32.876760" lon="-70.393350"><ele>1129.266</ele><time>2020-04-01T18:47:23Z</time></trkpt><trkpt lat="-32.876870" lon="-70.393230"><ele>1131.460</ele><time>2020-04-01T18:47:43Z</time></trkpt><trkpt lat="-32.877090" lon="-70.392980"><ele>1134.783</ele><time>2020-04-01T18:48:03Z</time></trkpt><trkpt lat="-32.878050" lon="-70.391920"><ele>1135.438</ele><time>2020-04-01T18:48:23Z</time></trkpt><trkpt lat="-32.878180" lon="-70.391770"><ele>1133.261</ele><time>2020-04-01T18:48:43Z</time></trkpt><trkpt lat="-32.878710" lon="-70.391190"><ele>1137.333</ele><time>2020-04-01T18:49:03Z</time></trkpt><trkpt lat="-32.878850" lon="-70.391050"><ele>1136.812</ele><time>2020-04-01T18:49:23Z</time></trkpt><trkpt lat="-32.878980" lon="-70.390900"><ele>1135.189</ele><time>2020-04-01T18:49:43Z</time></trkpt><trkpt lat="-32.879110" lon="-70.390750"><ele>1134.434</ele><time>2020-04-01T18:50:03Z</time></trkpt><trkpt lat="-32.879370" lon="-70.390460"><ele>1139.255</ele><time>2020-04-01T18:50:23Z</time></trkpt><trkpt lat="-32.879530" lon="-70.390300"><ele>1140.410</ele><time>2020-04-01T18:50:43Z</time></trkpt><trkpt lat="-32.879750" lon="-70.390060"><ele>1139.508</ele><time>2020-04-01T18:51:03Z</time></trkpt><trkpt lat="-32.879790" lon="-70.390020"><ele>1139.097</ele><time>2020-04-01T18:51:23Z</time></trkpt><trkpt lat="-32.879820" lon="-70.389990"><ele>1138.741</ele><time>2020-04-01T18:51:43Z</time></trkpt><trkpt lat="-32.879870" lon="-70.389950"><ele>1138.574</ele><time>2020-04-01T18:52:03Z</time></trkpt><trkpt lat="-32.879960" lon="-70.389880"><ele>1138.289</ele><time>2020-04-01T18:52:23Z</time></trkpt><trkpt lat="-32.879990" lon="-70.389850"><ele>1138.382</ele><time>2020-04-01T18:52:43Z</time></trkpt><trkpt lat="-32.880030" lon="-70.389830"><ele>1138.554</ele><time>2020-04-01T18:53:03Z</time></trkpt><trkpt lat="-32.880140" lon="-70.389750"><ele>1140.433</ele><time>2020-04-01T18:53:23Z</time></trkpt><trkpt lat="-32.880160" lon="-70.389740"><ele>1140.670</ele><time>2020-04-01T18:53:43Z</time></trkpt><trkpt lat="-32.880330" lon="-70.389650"><ele>1143.334</ele><time>2020-04-01T18:54:03Z</time></trkpt><trkpt lat="-32.880590" lon="-70.389530"><ele>1148.055</ele><time>2020-04-01T18:54:23Z</time></trkpt><trkpt lat="-32.880730" lon="-70.389470"><ele>1150.710</ele><time>2020-04-01T18:54:43Z</time></trkpt><trkpt lat="-32.880890" lon="-70.389390"><ele>1153.408</ele><time>2020-04-01T18:55:03Z</time></trkpt><trkpt lat="-32.880900" lon="-70.389390"><ele>1153.267</ele><time>2020-04-01T18:55:23Z</time></trkpt><trkpt lat="-32.881280" lon="-70.389200"><ele>1150.761</ele><time>2020-04-01T18:55:43Z</time></trkpt><trkpt lat="-32.881440" lon="-70.389120"><ele>1149.294</ele><time>2020-04-01T18:56:03Z</time></trkpt><trkpt lat="-32.881570" lon="-70.389040"><ele>1149.369</ele><time>2020-04-01T18:56:23Z</time></trkpt><trkpt lat="-32.881710" lon="-70.388940"><ele>1150.512</ele><time>2020-04-01T18:56:43Z</time></trkpt><trkpt lat="-32.881780" lon="-70.388900"><ele>1151.134</ele><time>2020-04-01T18:57:03Z</time></trkpt><trkpt lat="-32.882200" lon="-70.388540"><ele>1151.763</ele><time>2020-04-01T18:57:23Z</time></trkpt><trkpt lat="-32.882550" lon="-70.388220"><ele>1148.780</ele><time>2020-04-01T18:57:43Z</time></trkpt><trkpt lat="-32.882740" lon="-70.388050"><ele>1152.681</ele><time>2020-04-01T18:58:03Z</time></trkpt><trkpt lat="-32.883250" lon="-70.387540"><ele>1149.261</ele><time>2020-04-01T18:58:23Z</time></trkpt><trkpt lat="-32.883290" lon="-70.387510"><ele>1147.817</ele><time>2020-04-01T18:58:43Z</time></trkpt><trkpt lat="-32.884080" lon="-70.386720"><ele>1155.608</ele><time>2020-04-01T18:59:03Z</time></trkpt><trkpt lat="-32.884260" lon="-70.386550"><ele>1156.852</ele><time>2020-04-01T18:59:23Z</time></trkpt><trkpt lat="-32.884410" lon="-70.386400"><ele>1158.556</ele><time>2020-04-01T18:59:43Z</time></trkpt><trkpt lat="-32.884430" lon="-70.386390"><ele>1158.549</ele><time>2020-04-01T19:00:03Z</time></trkpt><trkpt lat="-32.884440" lon="-70.386370"><ele>1158.754</ele><time>2020-04-01T19:00:23Z</time></trkpt><trkpt lat="-32.884480" lon="-70.386330"><ele>1159.077</ele><time>2020-04-01T19:00:43Z</time></trkpt><trkpt lat="-32.884500" lon="-70.386310"><ele>1159.139</ele><time>2020-04-01T19:01:03Z</time></trkpt><trkpt lat="-32.884510" lon="-70.386300"><ele>1159.248</ele><time>2020-04-01T19:01:23Z</time></trkpt><trkpt lat="-32.884530" lon="-70.386280"><ele>1159.345</ele><time>2020-04-01T19:01:43Z</time></trkpt><trkpt lat="-32.884540" lon="-70.386260"><ele>1159.574</ele><time>2020-04-01T19:02:03Z</time></trkpt><trkpt lat="-32.884610" lon="-70.386170"><ele>1159.956</ele><time>2020-04-01T19:02:23Z</time></trkpt><trkpt lat="-32.884620" lon="-70.386150"><ele>1160.021</ele><time>2020-04-01T19:02:43Z</time></trkpt><trkpt lat="-32.884640" lon="-70.386130"><ele>1160.108</ele><time>2020-04-01T19:03:03Z</time></trkpt><trkpt lat="-32.884700" lon="-70.386030"><ele>1160.421</ele><time>2020-04-01T19:03:23Z</time></trkpt><trkpt lat="-32.884710" lon="-70.386010"><ele>1160.575</ele><time>2020-04-01T19:03:43Z</time></trkpt><trkpt lat="-32.884720" lon="-70.385990"><ele>1160.658</ele><time>2020-04-01T19:04:03Z</time></trkpt><trkpt lat="-32.884730" lon="-70.385970"><ele>1160.623</ele><time>2020-04-01T19:04:23Z</time></trkpt><trkpt lat="-32.884740" lon="-70.385950"><ele>1160.786</ele><time>2020-04-01T19:04:43Z</time></trkpt><trkpt lat="-32.884790" lon="-70.385840"><ele>1161.048</ele><time>2020-04-01T19:05:03Z</time></trkpt><trkpt lat="-32.884810" lon="-70.385780"><ele>1160.837</ele><time>2020-04-01T19:05:23Z</time></trkpt><trkpt lat="-32.884820" lon="-70.385760"><ele>1160.724</ele><time>2020-04-01T19:05:43Z</time></trkpt><trkpt lat="-32.884830" lon="-70.385730"><ele>1160.635</ele><time>2020-04-01T19:06:03Z</time></trkpt><trkpt lat="-32.884860" lon="-70.385650"><ele>1160.386</ele><time>2020-04-01T19:06:23Z</time></trkpt><trkpt lat="-32.884870" lon="-70.385600"><ele>1160.214</ele><time>2020-04-01T19:06:43Z</time></trkpt><trkpt lat="-32.884880" lon="-70.385560"><ele>1160.108</ele><time>2020-04-01T19:07:03Z</time></trkpt><trkpt lat="-32.884900" lon="-70.385460"><ele>1159.897</ele><time>2020-04-01T19:07:23Z</time></trkpt><trkpt lat="-32.884910" lon="-70.385380"><ele>1159.731</ele><time>2020-04-01T19:07:43Z</time></trkpt><trkpt lat="-32.884920" lon="-70.385340"><ele>1159.564</ele><time>2020-04-01T19:08:03Z</time></trkpt><trkpt lat="-32.884920" lon="-70.385300"><ele>1159.659</ele><time>2020-04-01T19:08:23Z</time></trkpt><trkpt lat="-32.884930" lon="-70.385260"><ele>1159.472</ele><time>2020-04-01T19:08:43Z</time></trkpt><trkpt lat="-32.884930" lon="-70.385220"><ele>1159.464</ele><time>2020-04-01T19:09:03Z</time></trkpt><trkpt lat="-32.884930" lon="-70.385160"><ele>1159.513</ele><time>2020-04-01T19:09:23Z</time></trkpt><trkpt lat="-32.884930" lon="-70.385100"><ele>1159.530</ele><time>2020-04-01T19:09:43Z</time></trkpt><trkpt lat="-32.884940" lon="-70.383450"><ele>1166.891</ele><time>2020-04-01T19:10:03Z</time></trkpt><trkpt lat="-32.884940" lon="-70.382750"><ele>1168.281</ele><time>2020-04-01T19:10:23Z</time></trkpt><trkpt lat="-32.884950" lon="-70.382520"><ele>1167.819</ele><time>2020-04-01T19:10:43Z</time></trkpt><trkpt lat="-32.884960" lon="-70.382330"><ele>1169.308</ele><time>2020-04-01T19:11:03Z</time></trkpt><trkpt lat="-32.885000" lon="-70.382140"><ele>1169.353</ele><time>2020-04-01T19:11:23Z</time></trkpt><trkpt lat="-32.885000" lon="-70.382120"><ele>1169.677</ele><time>2020-04-01T19:11:43Z</time></trkpt><trkpt lat="-32.885050" lon="-70.381960"><ele>1170.970</ele><time>2020-04-01T19:12:03Z</time></trkpt><trkpt lat="-32.885110" lon="-70.381800"><ele>1171.815</ele><time>2020-04-01T19:12:23Z</time></trkpt><trkpt lat="-32.885120" lon="-70.381780"><ele>1171.888</ele><time>2020-04-01T19:12:43Z</time></trkpt><trkpt lat="-32.885130" lon="-70.381750"><ele>1172.020</ele><time>2020-04-01T19:13:03Z</time></trkpt><trkpt lat="-32.885210" lon="-70.381600"><ele>1173.029</ele><time>2020-04-01T19:13:23Z</time></trkpt><trkpt lat="-32.885230" lon="-70.381580"><ele>1173.166</ele><time>2020-04-01T19:13:43Z</time></trkpt><trkpt lat="-32.885320" lon="-70.381420"><ele>1174.483</ele><time>2020-04-01T19:14:03Z</time></trkpt><trkpt lat="-32.885330" lon="-70.381420"><ele>1174.125</ele><time>2020-04-01T19:14:23Z</time></trkpt><trkpt lat="-32.885340" lon="-70.381400"><ele>1174.217</ele><time>2020-04-01T19:14:43Z</time></trkpt><trkpt lat="-32.885430" lon="-70.381260"><ele>1173.908</ele><time>2020-04-01T19:15:03Z</time></trkpt><trkpt lat="-32.885520" lon="-70.381130"><ele>1172.642</ele><time>2020-04-01T19:15:23Z</time></trkpt><trkpt lat="-32.885790" lon="-70.380760"><ele>1167.386</ele><time>2020-04-01T19:15:43Z</time></trkpt><trkpt lat="-32.885860" lon="-70.380650"><ele>1171.449</ele><time>2020-04-01T19:16:03Z</time></trkpt><trkpt lat="-32.885910" lon="-70.380600"><ele>1173.644</ele><time>2020-04-01T19:16:23Z</time></trkpt><trkpt lat="-32.886140" lon="-70.380330"><ele>1181.257</ele><time>2020-04-01T19:16:43Z</time></trkpt><trkpt lat="-32.886300" lon="-70.380170"><ele>1180.949</ele><time>2020-04-01T19:17:03Z</time></trkpt><trkpt lat="-32.886500" lon="-70.380020"><ele>1175.148</ele><time>2020-04-01T19:17:23Z</time></trkpt><trkpt lat="-32.886750" lon="-70.379850"><ele>1176.245</ele><time>2020-04-01T19:17:43Z</time></trkpt><trkpt lat="-32.886770" lon="-70.379840"><ele>1176.616</ele><time>2020-04-01T19:18:03Z</time></trkpt><trkpt lat="-32.886790" lon="-70.379830"><ele>1177.076</ele><time>2020-04-01T19:18:23Z</time></trkpt><trkpt lat="-32.886940" lon="-70.379760"><ele>1179.113</ele><time>2020-04-01T19:18:43Z</time></trkpt><trkpt lat="-32.886950" lon="-70.379760"><ele>1179.008</ele><time>2020-04-01T19:19:03Z</time></trkpt><trkpt lat="-32.886970" lon="-70.379750"><ele>1179.265</ele><time>2020-04-01T19:19:23Z</time></trkpt><trkpt lat="-32.887080" lon="-70.379730"><ele>1178.529</ele><time>2020-04-01T19:19:43Z</time></trkpt><trkpt lat="-32.887110" lon="-70.379720"><ele>1178.592</ele><time>2020-04-01T19:20:03Z</time></trkpt><trkpt lat="-32.887200" lon="-70.379700"><ele>1177.957</ele><time>2020-04-01T19:20:23Z</time></trkpt><trkpt lat="-32.887250" lon="-70.379690"><ele>1177.480</ele><time>2020-04-01T19:20:43Z</time></trkpt><trkpt lat="-32.887270" lon="-70.379690"><ele>1177.032</ele><time>2020-04-01T19:21:03Z</time></trkpt><trkpt lat="-32.887290" lon="-70.379690"><ele>1176.761</ele><time>2020-04-01T19:21:23Z</time></trkpt><trkpt lat="-32.887330" lon="-70.379690"><ele>1176.048</ele><time>2020-04-01T19:21:43Z</time></trkpt><trkpt lat="-32.887360" lon="-70.379690"><ele>1175.483</ele><time>2020-04-01T19:22:03Z</time></trkpt><trkpt lat="-32.887390" lon="-70.379690"><ele>1174.925</ele><time>2020-04-01T19:22:23Z</time></trkpt><trkpt lat="-32.887440" lon="-70.379680"><ele>1174.317</ele><time>2020-04-01T19:22:43Z</time></trkpt><trkpt lat="-32.887470" lon="-70.379690"><ele>1173.508</ele><time>2020-04-01T19:23:03Z</time></trkpt><trkpt lat="-32.887480" lon="-70.379690"><ele>1173.342</ele><time>2020-04-01T19:23:23Z</time></trkpt><trkpt lat="-32.887500" lon="-70.379690"><ele>1172.936</ele><time>2020-04-01T19:23:43Z</time></trkpt><trkpt lat="-32.887520" lon="-70.379690"><ele>1173.439</ele><time>2020-04-01T19:24:03Z</time></trkpt><trkpt lat="-32.887560" lon="-70.379690"><ele>1174.284</ele><time>2020-04-01T19:24:23Z</time></trkpt><trkpt lat="-32.887600" lon="-70.379700"><ele>1174.847</ele><time>2020-04-01T19:24:43Z</time></trkpt><trkpt lat="-32.887790" lon="-70.379750"><ele>1177.029</ele><time>2020-04-01T19:25:03Z</time></trkpt><trkpt lat="-32.888180" lon="-70.379840"><ele>1180.618</ele><time>2020-04-01T19:25:23Z</time></trkpt><trkpt lat="-32.888350" lon="-70.379880"><ele>1181.415</ele><time>2020-04-01T19:25:43Z</time></trkpt><trkpt lat="-32.888720" lon="-70.379970"><ele>1180.764</ele><time>2020-04-01T19:26:03Z</time></trkpt><trkpt lat="-32.888930" lon="-70.380000"><ele>1181.406</ele><time>2020-04-01T19:26:23Z</time></trkpt><trkpt lat="-32.889060" lon="-70.380000"><ele>1182.816</ele><time>2020-04-01T19:26:43Z</time></trkpt><trkpt lat="-32.889120" lon="-70.380000"><ele>1183.508</ele><time>2020-04-01T19:27:03Z</time></trkpt><trkpt lat="-32.889320" lon="-70.379980"><ele>1184.990</ele><time>2020-04-01T19:27:23Z</time></trkpt><trkpt lat="-32.890820" lon="-70.379770"><ele>1190.254</ele><time>2020-04-01T19:27:43Z</time></trkpt><trkpt lat="-32.890950" lon="-70.379740"><ele>1190.347</ele><time>2020-04-01T19:28:03Z</time></trkpt><trkpt lat="-32.891070" lon="-70.379700"><ele>1190.652</ele><time>2020-04-01T19:28:23Z</time></trkpt><trkpt lat="-32.891200" lon="-70.379640"><ele>1191.275</ele><time>2020-04-01T19:28:43Z</time></trkpt><trkpt lat="-32.891230" lon="-70.379630"><ele>1191.287</ele><time>2020-04-01T19:29:03Z</time></trkpt><trkpt lat="-32.891330" lon="-70.379560"><ele>1192.166</ele><time>2020-04-01T19:29:23Z</time></trkpt><trkpt lat="-32.891440" lon="-70.379470"><ele>1193.213</ele><time>2020-04-01T19:29:43Z</time></trkpt><trkpt lat="-32.891500" lon="-70.379420"><ele>1193.768</ele><time>2020-04-01T19:30:03Z</time></trkpt><trkpt lat="-32.891570" lon="-70.379350"><ele>1194.442</ele><time>2020-04-01T19:30:23Z</time></trkpt><trkpt lat="-32.891640" lon="-70.379280"><ele>1195.026</ele><time>2020-04-01T19:30:43Z</time></trkpt><trkpt lat="-32.892650" lon="-70.378110"><ele>1206.008</ele><time>2020-04-01T19:31:03Z</time></trkpt><trkpt lat="-32.892840" lon="-70.377900"><ele>1207.570</ele><time>2020-04-01T19:31:23Z</time></trkpt><trkpt lat="-32.892870" lon="-70.377860"><ele>1207.714</ele><time>2020-04-01T19:31:43Z</time></trkpt><trkpt lat="-32.892890" lon="-70.377840"><ele>1207.737</ele><time>2020-04-01T19:32:03Z</time></trkpt><trkpt lat="-32.892950" lon="-70.377750"><ele>1208.372</ele><time>2020-04-01T19:32:23Z</time></trkpt><trkpt lat="-32.893020" lon="-70.377660"><ele>1208.315</ele><time>2020-04-01T19:32:43Z</time></trkpt><trkpt lat="-32.893070" lon="-70.377580"><ele>1208.627</ele><time>2020-04-01T19:33:03Z</time></trkpt><trkpt lat="-32.893120" lon="-70.377500"><ele>1208.726</ele><time>2020-04-01T19:33:23Z</time></trkpt><trkpt lat="-32.893190" lon="-70.377360"><ele>1208.533</ele><time>2020-04-01T19:33:43Z</time></trkpt><trkpt lat="-32.893230" lon="-70.377270"><ele>1208.743</ele><time>2020-04-01T19:34:03Z</time></trkpt><trkpt lat="-32.893300" lon="-70.377090"><ele>1209.764</ele><time>2020-04-01T19:34:23Z</time></trkpt><trkpt lat="-32.893340" lon="-70.376990"><ele>1210.410</ele><time>2020-04-01T19:34:43Z</time></trkpt><trkpt lat="-32.893410" lon="-70.376780"><ele>1212.308</ele><time>2020-04-01T19:35:03Z</time></trkpt><trkpt lat="-32.893430" lon="-70.376700"><ele>1213.098</ele><time>2020-04-01T19:35:23Z</time></trkpt><trkpt lat="-32.893460" lon="-70.376590"><ele>1214.022</ele><time>2020-04-01T19:35:43Z</time></trkpt><trkpt lat="-32.893810" lon="-70.375500"><ele>1218.875</ele><time>2020-04-01T19:36:03Z</time></trkpt><trkpt lat="-32.893990" lon="-70.374930"><ele>1221.030</ele><time>2020-04-01T19:36:23Z</time></trkpt><trkpt lat="-32.894040" lon="-70.374760"><ele>1223.193</ele><time>2020-04-01T19:36:43Z</time></trkpt><trkpt lat="-32.894120" lon="-70.374560"><ele>1225.065</ele><time>2020-04-01T19:37:03Z</time></trkpt><trkpt lat="-32.894250" lon="-70.374280"><ele>1228.164</ele><time>2020-04-01T19:37:23Z</time></trkpt><trkpt lat="-32.894320" lon="-70.374130"><ele>1229.891</ele><time>2020-04-01T19:37:43Z</time></trkpt><trkpt lat="-32.894390" lon="-70.373990"><ele>1231.756</ele><time>2020-04-01T19:38:03Z</time></trkpt><trkpt lat="-32.894570" lon="-70.373670"><ele>1235.759</ele><time>2020-04-01T19:38:23Z</time></trkpt><trkpt lat="-32.894720" lon="-70.373420"><ele>1238.914</ele><time>2020-04-01T19:38:43Z</time></trkpt><trkpt lat="-32.894870" lon="-70.373160"><ele>1241.408</ele><time>2020-04-01T19:39:03Z</time></trkpt><trkpt lat="-32.894950" lon="-70.373010"><ele>1242.499</ele><time>2020-04-01T19:39:23Z</time></trkpt><trkpt lat="-32.895170" lon="-70.372610"><ele>1244.093</ele><time>2020-04-01T19:39:43Z</time></trkpt><trkpt lat="-32.895330" lon="-70.372320"><ele>1246.086</ele><time>2020-04-01T19:40:03Z</time></trkpt><trkpt lat="-32.895420" lon="-70.372190"><ele>1246.381</ele><time>2020-04-01T19:40:23Z</time></trkpt><trkpt lat="-32.895430" lon="-70.372170"><ele>1246.534</ele><time>2020-04-01T19:40:43Z</time></trkpt><trkpt lat="-32.895690" lon="-70.371820"><ele>1246.446</ele><time>2020-04-01T19:41:03Z</time></trkpt><trkpt lat="-32.895980" lon="-70.371460"><ele>1248.575</ele><time>2020-04-01T19:41:23Z</time></trkpt><trkpt lat="-32.896530" lon="-70.370800"><ele>1264.542</ele><time>2020-04-01T19:41:43Z</time></trkpt><trkpt lat="-32.896740" lon="-70.370550"><ele>1266.713</ele><time>2020-04-01T19:42:03Z</time></trkpt><trkpt lat="-32.896900" lon="-70.370360"><ele>1266.743</ele><time>2020-04-01T19:42:23Z</time></trkpt><trkpt lat="-32.897150" lon="-70.370110"><ele>1268.307</ele><time>2020-04-01T19:42:43Z</time></trkpt><trkpt lat="-32.897330" lon="-70.369940"><ele>1270.308</ele><time>2020-04-01T19:43:03Z</time></trkpt><trkpt lat="-32.897370" lon="-70.369890"><ele>1271.015</ele><time>2020-04-01T19:43:23Z</time></trkpt><trkpt lat="-32.897460" lon="-70.369810"><ele>1271.639</ele><time>2020-04-01T19:43:43Z</time></trkpt><trkpt lat="-32.897520" lon="-70.369760"><ele>1271.622</ele><time>2020-04-01T19:44:03Z</time></trkpt><trkpt lat="-32.897690" lon="-70.369610"><ele>1270.777</ele><time>2020-04-01T19:44:23Z</time></trkpt><trkpt lat="-32.897890" lon="-70.369440"><ele>1270.410</ele><time>2020-04-01T19:44:43Z</time></trkpt><trkpt lat="-32.898320" lon="-70.369060"><ele>1272.832</ele><time>2020-04-01T19:45:03Z</time></trkpt><trkpt lat="-32.898390" lon="-70.369010"><ele>1272.021</ele><time>2020-04-01T19:45:23Z</time></trkpt><trkpt lat="-32.898680" lon="-70.368750"><ele>1271.938</ele><time>2020-04-01T19:45:43Z</time></trkpt><trkpt lat="-32.898830" lon="-70.368610"><ele>1273.045</ele><time>2020-04-01T19:46:03Z</time></trkpt><trkpt lat="-32.898910" lon="-70.368540"><ele>1273.747</ele><time>2020-04-01T19:46:23Z</time></trkpt><trkpt lat="-32.898960" lon="-70.368490"><ele>1274.511</ele><time>2020-04-01T19:46:43Z</time></trkpt><trkpt lat="-32.898980" lon="-70.368470"><ele>1274.808</ele><time>2020-04-01T19:47:03Z</time></trkpt><trkpt lat="-32.899050" lon="-70.368390"><ele>1276.788</ele><time>2020-04-01T19:47:23Z</time></trkpt><trkpt lat="-32.899090" lon="-70.368340"><ele>1278.062</ele><time>2020-04-01T19:47:43Z</time></trkpt><trkpt lat="-32.899120" lon="-70.368290"><ele>1278.525</ele><time>2020-04-01T19:48:03Z</time></trkpt><trkpt lat="-32.899150" lon="-70.368250"><ele>1278.560</ele><time>2020-04-01T19:48:23Z</time></trkpt><trkpt lat="-32.899170" lon="-70.368200"><ele>1279.043</ele><time>2020-04-01T19:48:43Z</time></trkpt><trkpt lat="-32.899200" lon="-70.368160"><ele>1278.595</ele><time>2020-04-01T19:49:03Z</time></trkpt><trkpt lat="-32.899220" lon="-70.368110"><ele>1278.674</ele><time>2020-04-01T19:49:23Z</time></trkpt><trkpt lat="-32.899240" lon="-70.368080"><ele>1278.321</ele><time>2020-04-01T19:49:43Z</time></trkpt><trkpt lat="-32.899260" lon="-70.368030"><ele>1278.563</ele><time>2020-04-01T19:50:03Z</time></trkpt><trkpt lat="-32.899280" lon="-70.367970"><ele>1278.944</ele><time>2020-04-01T19:50:23Z</time></trkpt><trkpt lat="-32.899300" lon="-70.367890"><ele>1279.818</ele><time>2020-04-01T19:50:43Z</time></trkpt><trkpt lat="-32.899320" lon="-70.367840"><ele>1279.908</ele><time>2020-04-01T19:51:03Z</time></trkpt><trkpt lat="-32.899330" lon="-70.367770"><ele>1281.030</ele><time>2020-04-01T19:51:23Z</time></trkpt><trkpt lat="-32.899340" lon="-70.367760"><ele>1280.784</ele><time>2020-04-01T19:51:43Z</time></trkpt><trkpt lat="-32.899350" lon="-70.367720"><ele>1281.277</ele><time>2020-04-01T19:52:03Z</time></trkpt><trkpt lat="-32.899360" lon="-70.367660"><ele>1282.082</ele><time>2020-04-01T19:52:23Z</time></trkpt><trkpt lat="-32.899430" lon="-70.367360"><ele>1285.025</ele><time>2020-04-01T19:52:43Z</time></trkpt><trkpt lat="-32.899480" lon="-70.367150"><ele>1286.687</ele><time>2020-04-01T19:53:03Z</time></trkpt><trkpt lat="-32.899530" lon="-70.366950"><ele>1287.726</ele><time>2020-04-01T19:53:23Z</time></trkpt><trkpt lat="-32.899830" lon="-70.365710"><ele>1297.943</ele><time>2020-04-01T19:53:43Z</time></trkpt><trkpt lat="-32.899880" lon="-70.365510"><ele>1301.064</ele><time>2020-04-01T19:54:03Z</time></trkpt><trkpt lat="-32.899930" lon="-70.365310"><ele>1304.706</ele><time>2020-04-01T19:54:23Z</time></trkpt><trkpt lat="-32.899950" lon="-70.365230"><ele>1306.316</ele><time>2020-04-01T19:54:43Z</time></trkpt><trkpt lat="-32.899960" lon="-70.365180"><ele>1307.508</ele><time>2020-04-01T19:55:03Z</time></trkpt><trkpt lat="-32.899980" lon="-70.365140"><ele>1307.850</ele><time>2020-04-01T19:55:23Z</time></trkpt><trkpt lat="-32.899990" lon="-70.365110"><ele>1308.314</ele><time>2020-04-01T19:55:43Z</time></trkpt><trkpt lat="-32.900000" lon="-70.365080"><ele>1308.867</ele><time>2020-04-01T19:56:03Z</time></trkpt><trkpt lat="-32.900020" lon="-70.365040"><ele>1310.232</ele><time>2020-04-01T19:56:23Z</time></trkpt><trkpt lat="-32.900050" lon="-70.365000"><ele>1311.595</ele><time>2020-04-01T19:56:43Z</time></trkpt><trkpt lat="-32.900070" lon="-70.364960"><ele>1311.717</ele><time>2020-04-01T19:57:03Z</time></trkpt><trkpt lat="-32.900090" lon="-70.364930"><ele>1312.066</ele><time>2020-04-01T19:57:23Z</time></trkpt><trkpt lat="-32.900100" lon="-70.364930"><ele>1311.913</ele><time>2020-04-01T19:57:43Z</time></trkpt><trkpt lat="-32.900130" lon="-70.364890"><ele>1312.318</ele><time>2020-04-01T19:58:03Z</time></trkpt><trkpt lat="-32.900170" lon="-70.364860"><ele>1312.798</ele><time>2020-04-01T19:58:23Z</time></trkpt><trkpt lat="-32.900210" lon="-70.364840"><ele>1313.017</ele><time>2020-04-01T19:58:43Z</time></trkpt><trkpt lat="-32.900240" lon="-70.364820"><ele>1313.408</ele><time>2020-04-01T19:59:03Z</time></trkpt><trkpt lat="-32.900280" lon="-70.364800"><ele>1313.935</ele><time>2020-04-01T19:59:23Z</time></trkpt><trkpt lat="-32.900320" lon="-70.364790"><ele>1314.269</ele><time>2020-04-01T19:59:43Z</time></trkpt><trkpt lat="-32.900380" lon="-70.364780"><ele>1314.662</ele><time>2020-04-01T20:00:03Z</time></trkpt><trkpt lat="-32.900430" lon="-70.364780"><ele>1314.717</ele><time>2020-04-01T20:00:23Z</time></trkpt><trkpt lat="-32.900490" lon="-70.364790"><ele>1314.480</ele><time>2020-04-01T20:00:43Z</time></trkpt><trkpt lat="-32.900530" lon="-70.364800"><ele>1314.112</ele><time>2020-04-01T20:01:03Z</time></trkpt><trkpt lat="-32.900570" lon="-70.364820"><ele>1313.371</ele><time>2020-04-01T20:01:23Z</time></trkpt><trkpt lat="-32.900580" lon="-70.364820"><ele>1313.338</ele><time>2020-04-01T20:01:43Z</time></trkpt><trkpt lat="-32.900620" lon="-70.364840"><ele>1312.451</ele><time>2020-04-01T20:02:03Z</time></trkpt><trkpt lat="-32.900700" lon="-70.364900"><ele>1309.301</ele><time>2020-04-01T20:02:23Z</time></trkpt><trkpt lat="-32.900750" lon="-70.364950"><ele>1306.511</ele><time>2020-04-01T20:02:43Z</time></trkpt><trkpt lat="-32.900810" lon="-70.365000"><ele>1303.308</ele><time>2020-04-01T20:03:03Z</time></trkpt><trkpt lat="-32.900840" lon="-70.365030"><ele>1301.829</ele><time>2020-04-01T20:03:23Z</time></trkpt><trkpt lat="-32.900870" lon="-70.365060"><ele>1300.783</ele><time>2020-04-01T20:03:43Z</time></trkpt><trkpt lat="-32.900900" lon="-70.365080"><ele>1300.116</ele><time>2020-04-01T20:04:03Z</time></trkpt><trkpt lat="-32.900940" lon="-70.365100"><ele>1299.571</ele><time>2020-04-01T20:04:23Z</time></trkpt><trkpt lat="-32.900950" lon="-70.365120"><ele>1298.774</ele><time>2020-04-01T20:04:43Z</time></trkpt><trkpt lat="-32.900970" lon="-70.365130"><ele>1298.556</ele><time>2020-04-01T20:05:03Z</time></trkpt><trkpt lat="-32.901010" lon="-70.365150"><ele>1297.945</ele><time>2020-04-01T20:05:23Z</time></trkpt><trkpt lat="-32.901040" lon="-70.365160"><ele>1297.842</ele><time>2020-04-01T20:05:43Z</time></trkpt><trkpt lat="-32.901060" lon="-70.365170"><ele>1297.558</ele><time>2020-04-01T20:06:03Z</time></trkpt><trkpt lat="-32.901070" lon="-70.365170"><ele>1297.652</ele><time>2020-04-01T20:06:23Z</time></trkpt><trkpt lat="-32.901090" lon="-70.365180"><ele>1297.317</ele><time>2020-04-01T20:06:43Z</time></trkpt><trkpt lat="-32.901120" lon="-70.365190"><ele>1297.208</ele><time>2020-04-01T20:07:03Z</time></trkpt><trkpt lat="-32.901150" lon="-70.365190"><ele>1297.459</ele><time>2020-04-01T20:07:23Z</time></trkpt><trkpt lat="-32.901180" lon="-70.365200"><ele>1297.353</ele><time>2020-04-01T20:07:43Z</time></trkpt><trkpt lat="-32.901190" lon="-70.365200"><ele>1297.336</ele><time>2020-04-01T20:08:03Z</time></trkpt><trkpt lat="-32.901200" lon="-70.365200"><ele>1297.451</ele><time>2020-04-01T20:08:23Z</time></trkpt><trkpt lat="-32.901230" lon="-70.365200"><ele>1297.714</ele><time>2020-04-01T20:08:43Z</time></trkpt><trkpt lat="-32.901270" lon="-70.365200"><ele>1298.016</ele><time>2020-04-01T20:09:03Z</time></trkpt><trkpt lat="-32.901310" lon="-70.365190"><ele>1298.745</ele><time>2020-04-01T20:09:23Z</time></trkpt><trkpt lat="-32.901330" lon="-70.365190"><ele>1298.912</ele><time>2020-04-01T20:09:43Z</time></trkpt><trkpt lat="-32.901370" lon="-70.365180"><ele>1299.667</ele><time>2020-04-01T20:10:03Z</time></trkpt><trkpt lat="-32.901410" lon="-70.365160"><ele>1300.881</ele><time>2020-04-01T20:10:23Z</time></trkpt><trkpt lat="-32.901460" lon="-70.365140"><ele>1302.019</ele><time>2020-04-01T20:10:43Z</time></trkpt><trkpt lat="-32.901490" lon="-70.365120"><ele>1303.008</ele><time>2020-04-01T20:11:03Z</time></trkpt><trkpt lat="-32.901510" lon="-70.365110"><ele>1303.560</ele><time>2020-04-01T20:11:23Z</time></trkpt><trkpt lat="-32.901530" lon="-70.365090"><ele>1304.584</ele><time>2020-04-01T20:11:43Z</time></trkpt><trkpt lat="-32.901550" lon="-70.365080"><ele>1305.087</ele><time>2020-04-01T20:12:03Z</time></trkpt><trkpt lat="-32.901570" lon="-70.365060"><ele>1306.062</ele><time>2020-04-01T20:12:23Z</time></trkpt><trkpt lat="-32.901590" lon="-70.365040"><ele>1306.955</ele><time>2020-04-01T20:12:43Z</time></trkpt><trkpt lat="-32.901620" lon="-70.365000"><ele>1308.767</ele><time>2020-04-01T20:13:03Z</time></trkpt><trkpt lat="-32.901650" lon="-70.364970"><ele>1309.856</ele><time>2020-04-01T20:13:23Z</time></trkpt><trkpt lat="-32.901680" lon="-70.364920"><ele>1310.643</ele><time>2020-04-01T20:13:43Z</time></trkpt><trkpt lat="-32.901690" lon="-70.364910"><ele>1310.429</ele><time>2020-04-01T20:14:03Z</time></trkpt><trkpt lat="-32.901710" lon="-70.364890"><ele>1309.900</ele><time>2020-04-01T20:14:23Z</time></trkpt><trkpt lat="-32.901740" lon="-70.364830"><ele>1310.120</ele><time>2020-04-01T20:14:43Z</time></trkpt><trkpt lat="-32.901890" lon="-70.364570"><ele>1311.308</ele><time>2020-04-01T20:15:03Z</time></trkpt><trkpt lat="-32.902170" lon="-70.364050"><ele>1319.616</ele><time>2020-04-01T20:15:23Z</time></trkpt><trkpt lat="-32.902190" lon="-70.364020"><ele>1319.910</ele><time>2020-04-01T20:15:43Z</time></trkpt><trkpt lat="-32.902200" lon="-70.363990"><ele>1320.623</ele><time>2020-04-01T20:16:03Z</time></trkpt><trkpt lat="-32.902250" lon="-70.363920"><ele>1321.158</ele><time>2020-04-01T20:16:23Z</time></trkpt><trkpt lat="-32.902300" lon="-70.363840"><ele>1321.871</ele><time>2020-04-01T20:16:43Z</time></trkpt><trkpt lat="-32.902360" lon="-70.363750"><ele>1322.293</ele><time>2020-04-01T20:17:03Z</time></trkpt><trkpt lat="-32.902430" lon="-70.363660"><ele>1322.012</ele><time>2020-04-01T20:17:23Z</time></trkpt><trkpt lat="-32.902470" lon="-70.363610"><ele>1321.859</ele><time>2020-04-01T20:17:43Z</time></trkpt><trkpt lat="-32.902640" lon="-70.363420"><ele>1320.996</ele><time>2020-04-01T20:18:03Z</time></trkpt><trkpt lat="-32.902710" lon="-70.363360"><ele>1320.531</ele><time>2020-04-01T20:18:23Z</time></trkpt><trkpt lat="-32.902790" lon="-70.363290"><ele>1321.024</ele><time>2020-04-01T20:18:43Z</time></trkpt><trkpt lat="-32.902820" lon="-70.363270"><ele>1321.108</ele><time>2020-04-01T20:19:03Z</time></trkpt><trkpt lat="-32.903130" lon="-70.363040"><ele>1321.663</ele><time>2020-04-01T20:19:23Z</time></trkpt><trkpt lat="-32.903200" lon="-70.362990"><ele>1321.467</ele><time>2020-04-01T20:19:43Z</time></trkpt><trkpt lat="-32.903280" lon="-70.362930"><ele>1321.140</ele><time>2020-04-01T20:20:03Z</time></trkpt><trkpt lat="-32.903660" lon="-70.362670"><ele>1317.715</ele><time>2020-04-01T20:20:23Z</time></trkpt><trkpt lat="-32.903750" lon="-70.362600"><ele>1317.938</ele><time>2020-04-01T20:20:43Z</time></trkpt><trkpt lat="-32.903900" lon="-70.362490"><ele>1318.250</ele><time>2020-04-01T20:21:03Z</time></trkpt><trkpt lat="-32.904060" lon="-70.362390"><ele>1318.119</ele><time>2020-04-01T20:21:23Z</time></trkpt><trkpt lat="-32.904510" lon="-70.362070"><ele>1320.696</ele><time>2020-04-01T20:21:43Z</time></trkpt><trkpt lat="-32.904690" lon="-70.361960"><ele>1319.956</ele><time>2020-04-01T20:22:03Z</time></trkpt><trkpt lat="-32.904780" lon="-70.361910"><ele>1319.059</ele><time>2020-04-01T20:22:23Z</time></trkpt><trkpt lat="-32.904850" lon="-70.361880"><ele>1317.814</ele><time>2020-04-01T20:22:43Z</time></trkpt><trkpt lat="-32.904880" lon="-70.361870"><ele>1317.208</ele><time>2020-04-01T20:23:03Z</time></trkpt><trkpt lat="-32.904910" lon="-70.361860"><ele>1316.589</ele><time>2020-04-01T20:23:23Z</time></trkpt><trkpt lat="-32.904940" lon="-70.361840"><ele>1316.343</ele><time>2020-04-01T20:23:43Z</time></trkpt><trkpt lat="-32.905150" lon="-70.361770"><ele>1315.626</ele><time>2020-04-01T20:24:03Z</time></trkpt><trkpt lat="-32.905190" lon="-70.361760"><ele>1315.741</ele><time>2020-04-01T20:24:23Z</time></trkpt><trkpt lat="-32.905210" lon="-70.361750"><ele>1316.084</ele><time>2020-04-01T20:24:43Z</time></trkpt><trkpt lat="-32.905300" lon="-70.361730"><ele>1315.976</ele><time>2020-04-01T20:25:03Z</time></trkpt><trkpt lat="-32.905360" lon="-70.361720"><ele>1315.795</ele><time>2020-04-01T20:25:23Z</time></trkpt><trkpt lat="-32.905420" lon="-70.361710"><ele>1315.512</ele><time>2020-04-01T20:25:43Z</time></trkpt><trkpt lat="-32.905450" lon="-70.361700"><ele>1315.777</ele><time>2020-04-01T20:26:03Z</time></trkpt><trkpt lat="-32.905480" lon="-70.361700"><ele>1315.461</ele><time>2020-04-01T20:26:23Z</time></trkpt><trkpt lat="-32.905590" lon="-70.361690"><ele>1314.627</ele><time>2020-04-01T20:26:43Z</time></trkpt><trkpt lat="-32.905630" lon="-70.361690"><ele>1314.108</ele><time>2020-04-01T20:27:03Z</time></trkpt><trkpt lat="-32.905690" lon="-70.361690"><ele>1313.441</ele><time>2020-04-01T20:27:23Z</time></trkpt><trkpt lat="-32.905730" lon="-70.361690"><ele>1312.985</ele><time>2020-04-01T20:27:43Z</time></trkpt><trkpt lat="-32.905800" lon="-70.361690"><ele>1312.038</ele><time>2020-04-01T20:28:03Z</time></trkpt><trkpt lat="-32.905900" lon="-70.361690"><ele>1312.433</ele><time>2020-04-01T20:28:23Z</time></trkpt><trkpt lat="-32.906090" lon="-70.361700"><ele>1314.246</ele><time>2020-04-01T20:28:43Z</time></trkpt><trkpt lat="-32.906100" lon="-70.361700"><ele>1314.368</ele><time>2020-04-01T20:29:03Z</time></trkpt><trkpt lat="-32.906140" lon="-70.361700"><ele>1314.897</ele><time>2020-04-01T20:29:23Z</time></trkpt><trkpt lat="-32.906200" lon="-70.361710"><ele>1314.934</ele><time>2020-04-01T20:29:43Z</time></trkpt><trkpt lat="-32.906450" lon="-70.361740"><ele>1316.385</ele><time>2020-04-01T20:30:03Z</time></trkpt><trkpt lat="-32.906700" lon="-70.361780"><ele>1317.989</ele><time>2020-04-01T20:30:23Z</time></trkpt><trkpt lat="-32.906750" lon="-70.361790"><ele>1319.017</ele><time>2020-04-01T20:30:43Z</time></trkpt><trkpt lat="-32.906810" lon="-70.361800"><ele>1320.408</ele><time>2020-04-01T20:31:03Z</time></trkpt><trkpt lat="-32.906960" lon="-70.361830"><ele>1323.732</ele><time>2020-04-01T20:31:23Z</time></trkpt><trkpt lat="-32.907020" lon="-70.361840"><ele>1325.296</ele><time>2020-04-01T20:31:43Z</time></trkpt><trkpt lat="-32.907080" lon="-70.361860"><ele>1326.299</ele><time>2020-04-01T20:32:03Z</time></trkpt><trkpt lat="-32.907120" lon="-70.361870"><ele>1327.114</ele><time>2020-04-01T20:32:23Z</time></trkpt><trkpt lat="-32.907150" lon="-70.361880"><ele>1327.697</ele><time>2020-04-01T20:32:43Z</time></trkpt><trkpt lat="-32.907180" lon="-70.361890"><ele>1328.219</ele><time>2020-04-01T20:33:03Z</time></trkpt><trkpt lat="-32.907230" lon="-70.361910"><ele>1328.928</ele><time>2020-04-01T20:33:23Z</time></trkpt><trkpt lat="-32.907300" lon="-70.361940"><ele>1330.075</ele><time>2020-04-01T20:33:43Z</time></trkpt><trkpt lat="-32.907350" lon="-70.361970"><ele>1330.466</ele><time>2020-04-01T20:34:03Z</time></trkpt><trkpt lat="-32.907450" lon="-70.362020"><ele>1331.829</ele><time>2020-04-01T20:34:23Z</time></trkpt><trkpt lat="-32.907520" lon="-70.362060"><ele>1332.321</ele><time>2020-04-01T20:34:43Z</time></trkpt><trkpt lat="-32.907640" lon="-70.362140"><ele>1331.408</ele><time>2020-04-01T20:35:03Z</time></trkpt><trkpt lat="-32.907790" lon="-70.362270"><ele>1329.390</ele><time>2020-04-01T20:35:23Z</time></trkpt><trkpt lat="-32.907810" lon="-70.362290"><ele>1329.054</ele><time>2020-04-01T20:35:43Z</time></trkpt><trkpt lat="-32.908050" lon="-70.362500"><ele>1326.517</ele><time>2020-04-01T20:36:03Z</time></trkpt><trkpt lat="-32.908130" lon="-70.362560"><ele>1326.952</ele><time>2020-04-01T20:36:23Z</time></trkpt><trkpt lat="-32.908160" lon="-70.362570"><ele>1327.475</ele><time>2020-04-01T20:36:43Z</time></trkpt><trkpt lat="-32.908180" lon="-70.362580"><ele>1327.677</ele><time>2020-04-01T20:37:03Z</time></trkpt><trkpt lat="-32.908210" lon="-70.362590"><ele>1328.146</ele><time>2020-04-01T20:37:23Z</time></trkpt><trkpt lat="-32.908240" lon="-70.362600"><ele>1328.633</ele><time>2020-04-01T20:37:43Z</time></trkpt><trkpt lat="-32.908280" lon="-70.362610"><ele>1329.462</ele><time>2020-04-01T20:38:03Z</time></trkpt><trkpt lat="-32.908370" lon="-70.362610"><ele>1328.983</ele><time>2020-04-01T20:38:23Z</time></trkpt><trkpt lat="-32.908400" lon="-70.362600"><ele>1327.511</ele><time>2020-04-01T20:38:43Z</time></trkpt><trkpt lat="-32.908440" lon="-70.362600"><ele>1325.408</ele><time>2020-04-01T20:39:03Z</time></trkpt><trkpt lat="-32.908480" lon="-70.362590"><ele>1323.540</ele><time>2020-04-01T20:39:23Z</time></trkpt><trkpt lat="-32.908530" lon="-70.362570"><ele>1321.074</ele><time>2020-04-01T20:39:43Z</time></trkpt><trkpt lat="-32.908570" lon="-70.362560"><ele>1318.987</ele><time>2020-04-01T20:40:03Z</time></trkpt><trkpt lat="-32.908610" lon="-70.362530"><ele>1316.982</ele><time>2020-04-01T20:40:23Z</time></trkpt><trkpt lat="-32.908640" lon="-70.362510"><ele>1315.345</ele><time>2020-04-01T20:40:43Z</time></trkpt><trkpt lat="-32.908700" lon="-70.362470"><ele>1312.727</ele><time>2020-04-01T20:41:03Z</time></trkpt><trkpt lat="-32.908730" lon="-70.362450"><ele>1311.646</ele><time>2020-04-01T20:41:23Z</time></trkpt><trkpt lat="-32.908760" lon="-70.362420"><ele>1310.723</ele><time>2020-04-01T20:41:43Z</time></trkpt><trkpt lat="-32.908800" lon="-70.362360"><ele>1310.057</ele><time>2020-04-01T20:42:03Z</time></trkpt><trkpt lat="-32.908830" lon="-70.362310"><ele>1309.600</ele><time>2020-04-01T20:42:23Z</time></trkpt><trkpt lat="-32.908850" lon="-70.362270"><ele>1309.520</ele><time>2020-04-01T20:42:43Z</time></trkpt><trkpt lat="-32.908860" lon="-70.362260"><ele>1309.208</ele><time>2020-04-01T20:43:03Z</time></trkpt><trkpt lat="-32.908870" lon="-70.362230"><ele>1309.469</ele><time>2020-04-01T20:43:23Z</time></trkpt><trkpt lat="-32.908890" lon="-70.362180"><ele>1309.573</ele><time>2020-04-01T20:43:43Z</time></trkpt><trkpt lat="-32.908910" lon="-70.362120"><ele>1309.936</ele><time>2020-04-01T20:44:03Z</time></trkpt><trkpt lat="-32.908920" lon="-70.362070"><ele>1310.631</ele><time>2020-04-01T20:44:23Z</time></trkpt><trkpt lat="-32.908920" lon="-70.362050"><ele>1311.164</ele><time>2020-04-01T20:44:43Z</time></trkpt><trkpt lat="-32.908920" lon="-70.362030"><ele>1311.776</ele><time>2020-04-01T20:45:03Z</time></trkpt><trkpt lat="-32.908920" lon="-70.361980"><ele>1313.095</ele><time>2020-04-01T20:45:23Z</time></trkpt><trkpt lat="-32.908920" lon="-70.361940"><ele>1314.092</ele><time>2020-04-01T20:45:43Z</time></trkpt><trkpt lat="-32.908920" lon="-70.361890"><ele>1315.465</ele><time>2020-04-01T20:46:03Z</time></trkpt><trkpt lat="-32.908920" lon="-70.361710"><ele>1320.168</ele><time>2020-04-01T20:46:23Z</time></trkpt><trkpt lat="-32.908920" lon="-70.361640"><ele>1322.414</ele><time>2020-04-01T20:46:43Z</time></trkpt><trkpt lat="-32.908920" lon="-70.361630"><ele>1322.808</ele><time>2020-04-01T20:47:03Z</time></trkpt><trkpt lat="-32.908920" lon="-70.361600"><ele>1324.050</ele><time>2020-04-01T20:47:23Z</time></trkpt><trkpt lat="-32.908930" lon="-70.361560"><ele>1325.044</ele><time>2020-04-01T20:47:43Z</time></trkpt><trkpt lat="-32.908930" lon="-70.361530"><ele>1326.287</ele><time>2020-04-01T20:48:03Z</time></trkpt><trkpt lat="-32.908950" lon="-70.361480"><ele>1327.072</ele><time>2020-04-01T20:48:23Z</time></trkpt><trkpt lat="-32.908960" lon="-70.361440"><ele>1328.065</ele><time>2020-04-01T20:48:43Z</time></trkpt><trkpt lat="-32.908970" lon="-70.361420"><ele>1328.167</ele><time>2020-04-01T20:49:03Z</time></trkpt><trkpt lat="-32.908980" lon="-70.361390"><ele>1328.746</ele><time>2020-04-01T20:49:23Z</time></trkpt><trkpt lat="-32.909000" lon="-70.361350"><ele>1329.193</ele><time>2020-04-01T20:49:43Z</time></trkpt><trkpt lat="-32.909020" lon="-70.361300"><ele>1329.817</ele><time>2020-04-01T20:50:03Z</time></trkpt><trkpt lat="-32.909050" lon="-70.361250"><ele>1330.087</ele><time>2020-04-01T20:50:23Z</time></trkpt><trkpt lat="-32.909050" lon="-70.361240"><ele>1330.415</ele><time>2020-04-01T20:50:43Z</time></trkpt><trkpt lat="-32.909090" lon="-70.361190"><ele>1329.908</ele><time>2020-04-01T20:51:03Z</time></trkpt><trkpt lat="-32.909120" lon="-70.361140"><ele>1330.125</ele><time>2020-04-01T20:51:23Z</time></trkpt><trkpt lat="-32.909170" lon="-70.361080"><ele>1329.549</ele><time>2020-04-01T20:51:43Z</time></trkpt><trkpt lat="-32.909180" lon="-70.361080"><ele>1329.322</ele><time>2020-04-01T20:52:03Z</time></trkpt><trkpt lat="-32.909200" lon="-70.361060"><ele>1329.557</ele><time>2020-04-01T20:52:23Z</time></trkpt><trkpt lat="-32.909230" lon="-70.361030"><ele>1330.070</ele><time>2020-04-01T20:52:43Z</time></trkpt><trkpt lat="-32.909260" lon="-70.361010"><ele>1330.022</ele><time>2020-04-01T20:53:03Z</time></trkpt><trkpt lat="-32.909290" lon="-70.360980"><ele>1330.491</ele><time>2020-04-01T20:53:23Z</time></trkpt><trkpt lat="-32.909340" lon="-70.360950"><ele>1330.388</ele><time>2020-04-01T20:53:43Z</time></trkpt><trkpt lat="-32.909380" lon="-70.360920"><ele>1330.461</ele><time>2020-04-01T20:54:03Z</time></trkpt><trkpt lat="-32.909430" lon="-70.360900"><ele>1329.921</ele><time>2020-04-01T20:54:23Z</time></trkpt><trkpt lat="-32.909490" lon="-70.360880"><ele>1329.113</ele><time>2020-04-01T20:54:43Z</time></trkpt><trkpt lat="-32.909530" lon="-70.360860"><ele>1328.808</ele><time>2020-04-01T20:55:03Z</time></trkpt><trkpt lat="-32.909590" lon="-70.360840"><ele>1328.010</ele><time>2020-04-01T20:55:23Z</time></trkpt><trkpt lat="-32.909630" lon="-70.360830"><ele>1327.414</ele><time>2020-04-01T20:55:43Z</time></trkpt><trkpt lat="-32.909760" lon="-70.360790"><ele>1326.187</ele><time>2020-04-01T20:56:03Z</time></trkpt><trkpt lat="-32.909840" lon="-70.360770"><ele>1325.012</ele><time>2020-04-01T20:56:23Z</time></trkpt><trkpt lat="-32.909910" lon="-70.360750"><ele>1324.215</ele><time>2020-04-01T20:56:43Z</time></trkpt><trkpt lat="-32.909970" lon="-70.360740"><ele>1323.067</ele><time>2020-04-01T20:57:03Z</time></trkpt><trkpt lat="-32.910000" lon="-70.360740"><ele>1322.236</ele><time>2020-04-01T20:57:23Z</time></trkpt><trkpt lat="-32.910020" lon="-70.360740"><ele>1322.413</ele><time>2020-04-01T20:57:43Z</time></trkpt><trkpt lat="-32.910030" lon="-70.360740"><ele>1322.586</ele><time>2020-04-01T20:58:03Z</time></trkpt><trkpt lat="-32.910070" lon="-70.360740"><ele>1322.960</ele><time>2020-04-01T20:58:23Z</time></trkpt><trkpt lat="-32.910120" lon="-70.360740"><ele>1323.526</ele><time>2020-04-01T20:58:43Z</time></trkpt><trkpt lat="-32.910150" lon="-70.360750"><ele>1323.308</ele><time>2020-04-01T20:59:03Z</time></trkpt><trkpt lat="-32.910180" lon="-70.360760"><ele>1323.292</ele><time>2020-04-01T20:59:23Z</time></trkpt><trkpt lat="-32.910230" lon="-70.360770"><ele>1323.326</ele><time>2020-04-01T20:59:43Z</time></trkpt><trkpt lat="-32.910280" lon="-70.360780"><ele>1323.529</ele><time>2020-04-01T21:00:03Z</time></trkpt><trkpt lat="-32.910310" lon="-70.360800"><ele>1322.924</ele><time>2020-04-01T21:00:23Z</time></trkpt><trkpt lat="-32.910330" lon="-70.360810"><ele>1322.817</ele><time>2020-04-01T21:00:43Z</time></trkpt><trkpt lat="-32.910370" lon="-70.360840"><ele>1322.159</ele><time>2020-04-01T21:01:03Z</time></trkpt><trkpt lat="-32.910410" lon="-70.360870"><ele>1321.468</ele><time>2020-04-01T21:01:23Z</time></trkpt><trkpt lat="-32.910460" lon="-70.360920"><ele>1320.135</ele><time>2020-04-01T21:01:43Z</time></trkpt><trkpt lat="-32.910540" lon="-70.360980"><ele>1318.868</ele><time>2020-04-01T21:02:03Z</time></trkpt><trkpt lat="-32.910640" lon="-70.361070"><ele>1316.642</ele><time>2020-04-01T21:02:23Z</time></trkpt><trkpt lat="-32.910670" lon="-70.361090"><ele>1316.326</ele><time>2020-04-01T21:02:43Z</time></trkpt><trkpt lat="-32.910690" lon="-70.361100"><ele>1316.208</ele><time>2020-04-01T21:03:03Z</time></trkpt><trkpt lat="-32.910770" lon="-70.361120"><ele>1316.790</ele><time>2020-04-01T21:03:23Z</time></trkpt><trkpt lat="-32.910780" lon="-70.361130"><ele>1316.484</ele><time>2020-04-01T21:03:43Z</time></trkpt><trkpt lat="-32.910790" lon="-70.361130"><ele>1316.677</ele><time>2020-04-01T21:04:03Z</time></trkpt><trkpt lat="-32.910870" lon="-70.361130"><ele>1316.152</ele><time>2020-04-01T21:04:23Z</time></trkpt><trkpt lat="-32.910880" lon="-70.361130"><ele>1315.785</ele><time>2020-04-01T21:04:43Z</time></trkpt><trkpt lat="-32.910960" lon="-70.361110"><ele>1313.897</ele><time>2020-04-01T21:05:03Z</time></trkpt><trkpt lat="-32.911000" lon="-70.361090"><ele>1313.126</ele><time>2020-04-01T21:05:23Z</time></trkpt><trkpt lat="-32.911040" lon="-70.361050"><ele>1312.993</ele><time>2020-04-01T21:05:43Z</time></trkpt><trkpt lat="-32.911070" lon="-70.361030"><ele>1312.421</ele><time>2020-04-01T21:06:03Z</time></trkpt><trkpt lat="-32.911090" lon="-70.361000"><ele>1312.541</ele><time>2020-04-01T21:06:23Z</time></trkpt><trkpt lat="-32.911120" lon="-70.360960"><ele>1312.305</ele><time>2020-04-01T21:06:43Z</time></trkpt><trkpt lat="-32.911140" lon="-70.360940"><ele>1312.008</ele><time>2020-04-01T21:07:03Z</time></trkpt><trkpt lat="-32.911140" lon="-70.360930"><ele>1312.316</ele><time>2020-04-01T21:07:23Z</time></trkpt><trkpt lat="-32.911160" lon="-70.360900"><ele>1312.160</ele><time>2020-04-01T21:07:43Z</time></trkpt><trkpt lat="-32.911170" lon="-70.360880"><ele>1312.233</ele><time>2020-04-01T21:08:03Z</time></trkpt><trkpt lat="-32.911180" lon="-70.360850"><ele>1312.418</ele><time>2020-04-01T21:08:23Z</time></trkpt><trkpt lat="-32.911200" lon="-70.360790"><ele>1313.291</ele><time>2020-04-01T21:08:43Z</time></trkpt><trkpt lat="-32.911210" lon="-70.360750"><ele>1314.083</ele><time>2020-04-01T21:09:03Z</time></trkpt><trkpt lat="-32.911260" lon="-70.360600"><ele>1316.572</ele><time>2020-04-01T21:09:23Z</time></trkpt><trkpt lat="-32.911310" lon="-70.360480"><ele>1318.219</ele><time>2020-04-01T21:09:43Z</time></trkpt><trkpt lat="-32.911330" lon="-70.360430"><ele>1319.071</ele><time>2020-04-01T21:10:03Z</time></trkpt><trkpt lat="-32.911360" lon="-70.360390"><ele>1319.141</ele><time>2020-04-01T21:10:23Z</time></trkpt><trkpt lat="-32.911400" lon="-70.360330"><ele>1319.515</ele><time>2020-04-01T21:10:43Z</time></trkpt><trkpt lat="-32.911430" lon="-70.360290"><ele>1319.608</ele><time>2020-04-01T21:11:03Z</time></trkpt><trkpt lat="-32.911470" lon="-70.360260"><ele>1319.111</ele><time>2020-04-01T21:11:23Z</time></trkpt><trkpt lat="-32.911500" lon="-70.360240"><ele>1318.665</ele><time>2020-04-01T21:11:43Z</time></trkpt><trkpt lat="-32.911530" lon="-70.360220"><ele>1318.178</ele><time>2020-04-01T21:12:03Z</time></trkpt><trkpt lat="-32.911560" lon="-70.360200"><ele>1317.713</ele><time>2020-04-01T21:12:23Z</time></trkpt><trkpt lat="-32.911590" lon="-70.360190"><ele>1316.966</ele><time>2020-04-01T21:12:43Z</time></trkpt><trkpt lat="-32.911630" lon="-70.360180"><ele>1315.748</ele><time>2020-04-01T21:13:03Z</time></trkpt><trkpt lat="-32.911660" lon="-70.360170"><ele>1314.997</ele><time>2020-04-01T21:13:23Z</time></trkpt><trkpt lat="-32.911700" lon="-70.360170"><ele>1314.934</ele><time>2020-04-01T21:13:43Z</time></trkpt><trkpt lat="-32.911730" lon="-70.360170"><ele>1315.244</ele><time>2020-04-01T21:14:03Z</time></trkpt><trkpt lat="-32.911760" lon="-70.360170"><ele>1315.405</ele><time>2020-04-01T21:14:23Z</time></trkpt><trkpt lat="-32.911830" lon="-70.360180"><ele>1315.615</ele><time>2020-04-01T21:14:43Z</time></trkpt><trkpt lat="-32.911890" lon="-70.360190"><ele>1315.708</ele><time>2020-04-01T21:15:03Z</time></trkpt><trkpt lat="-32.912010" lon="-70.360220"><ele>1315.318</ele><time>2020-04-01T21:15:23Z</time></trkpt><trkpt lat="-32.912210" lon="-70.360270"><ele>1314.572</ele><time>2020-04-01T21:15:43Z</time></trkpt><trkpt lat="-32.912340" lon="-70.360300"><ele>1313.945</ele><time>2020-04-01T21:16:03Z</time></trkpt><trkpt lat="-32.912520" lon="-70.360340"><ele>1312.420</ele><time>2020-04-01T21:16:23Z</time></trkpt><trkpt lat="-32.912580" lon="-70.360350"><ele>1310.463</ele><time>2020-04-01T21:16:43Z</time></trkpt><trkpt lat="-32.912670" lon="-70.360350"><ele>1308.265</ele><time>2020-04-01T21:17:03Z</time></trkpt><trkpt lat="-32.912730" lon="-70.360350"><ele>1306.774</ele><time>2020-04-01T21:17:23Z</time></trkpt><trkpt lat="-32.912790" lon="-70.360340"><ele>1305.881</ele><time>2020-04-01T21:17:43Z</time></trkpt><trkpt lat="-32.912870" lon="-70.360320"><ele>1304.873</ele><time>2020-04-01T21:18:03Z</time></trkpt><trkpt lat="-32.912940" lon="-70.360300"><ele>1304.185</ele><time>2020-04-01T21:18:23Z</time></trkpt><trkpt lat="-32.913000" lon="-70.360280"><ele>1303.713</ele><time>2020-04-01T21:18:43Z</time></trkpt><trkpt lat="-32.913080" lon="-70.360240"><ele>1303.808</ele><time>2020-04-01T21:19:03Z</time></trkpt><trkpt lat="-32.913140" lon="-70.360190"><ele>1304.971</ele><time>2020-04-01T21:19:23Z</time></trkpt><trkpt lat="-32.913260" lon="-70.360110"><ele>1306.175</ele><time>2020-04-01T21:19:43Z</time></trkpt><trkpt lat="-32.913400" lon="-70.360010"><ele>1305.818</ele><time>2020-04-01T21:20:03Z</time></trkpt><trkpt lat="-32.913550" lon="-70.359900"><ele>1302.793</ele><time>2020-04-01T21:20:23Z</time></trkpt><trkpt lat="-32.913650" lon="-70.359820"><ele>1301.336</ele><time>2020-04-01T21:20:43Z</time></trkpt><trkpt lat="-32.913860" lon="-70.359680"><ele>1298.028</ele><time>2020-04-01T21:21:03Z</time></trkpt><trkpt lat="-32.913890" lon="-70.359670"><ele>1297.157</ele><time>2020-04-01T21:21:23Z</time></trkpt><trkpt lat="-32.914110" lon="-70.359520"><ele>1295.364</ele><time>2020-04-01T21:21:43Z</time></trkpt><trkpt lat="-32.914390" lon="-70.359360"><ele>1296.213</ele><time>2020-04-01T21:22:03Z</time></trkpt><trkpt lat="-32.914620" lon="-70.359210"><ele>1296.343</ele><time>2020-04-01T21:22:23Z</time></trkpt><trkpt lat="-32.914770" lon="-70.359120"><ele>1294.707</ele><time>2020-04-01T21:22:43Z</time></trkpt><trkpt lat="-32.914820" lon="-70.359100"><ele>1293.708</ele><time>2020-04-01T21:23:03Z</time></trkpt><trkpt lat="-32.914900" lon="-70.359060"><ele>1292.475</ele><time>2020-04-01T21:23:23Z</time></trkpt><trkpt lat="-32.914940" lon="-70.359040"><ele>1291.839</ele><time>2020-04-01T21:23:43Z</time></trkpt><trkpt lat="-32.914980" lon="-70.359020"><ele>1291.192</ele><time>2020-04-01T21:24:03Z</time></trkpt><trkpt lat="-32.915020" lon="-70.359010"><ele>1290.697</ele><time>2020-04-01T21:24:23Z</time></trkpt><trkpt lat="-32.915060" lon="-70.358990"><ele>1290.950</ele><time>2020-04-01T21:24:43Z</time></trkpt><trkpt lat="-32.915460" lon="-70.358850"><ele>1290.712</ele><time>2020-04-01T21:25:03Z</time></trkpt><trkpt lat="-32.915830" lon="-70.358710"><ele>1288.971</ele><time>2020-04-01T21:25:23Z</time></trkpt><trkpt lat="-32.915900" lon="-70.358690"><ele>1288.748</ele><time>2020-04-01T21:25:43Z</time></trkpt><trkpt lat="-32.915970" lon="-70.358660"><ele>1288.881</ele><time>2020-04-01T21:26:03Z</time></trkpt><trkpt lat="-32.916040" lon="-70.358640"><ele>1288.761</ele><time>2020-04-01T21:26:23Z</time></trkpt><trkpt lat="-32.916120" lon="-70.358620"><ele>1288.517</ele><time>2020-04-01T21:26:43Z</time></trkpt><trkpt lat="-32.916140" lon="-70.358610"><ele>1288.608</ele><time>2020-04-01T21:27:03Z</time></trkpt><trkpt lat="-32.916250" lon="-70.358580"><ele>1288.412</ele><time>2020-04-01T21:27:23Z</time></trkpt><trkpt lat="-32.916290" lon="-70.358570"><ele>1288.376</ele><time>2020-04-01T21:27:43Z</time></trkpt><trkpt lat="-32.916540" lon="-70.358520"><ele>1287.599</ele><time>2020-04-01T21:28:03Z</time></trkpt><trkpt lat="-32.916830" lon="-70.358470"><ele>1283.894</ele><time>2020-04-01T21:28:23Z</time></trkpt><trkpt lat="-32.916990" lon="-70.358430"><ele>1280.677</ele><time>2020-04-01T21:28:43Z</time></trkpt><trkpt lat="-32.917070" lon="-70.358410"><ele>1278.849</ele><time>2020-04-01T21:29:03Z</time></trkpt><trkpt lat="-32.917200" lon="-70.358380"><ele>1275.848</ele><time>2020-04-01T21:29:23Z</time></trkpt><trkpt lat="-32.917280" lon="-70.358340"><ele>1274.045</ele><time>2020-04-01T21:29:43Z</time></trkpt><trkpt lat="-32.917390" lon="-70.358290"><ele>1273.087</ele><time>2020-04-01T21:30:03Z</time></trkpt><trkpt lat="-32.917530" lon="-70.358230"><ele>1272.742</ele><time>2020-04-01T21:30:23Z</time></trkpt><trkpt lat="-32.917650" lon="-70.358160"><ele>1275.226</ele><time>2020-04-01T21:30:43Z</time></trkpt><trkpt lat="-32.917680" lon="-70.358140"><ele>1275.908</ele><time>2020-04-01T21:31:03Z</time></trkpt><trkpt lat="-32.917710" lon="-70.358120"><ele>1276.492</ele><time>2020-04-01T21:31:23Z</time></trkpt><trkpt lat="-32.917800" lon="-70.358060"><ele>1277.836</ele><time>2020-04-01T21:31:43Z</time></trkpt><trkpt lat="-32.917880" lon="-70.358000"><ele>1278.999</ele><time>2020-04-01T21:32:03Z</time></trkpt><trkpt lat="-32.918140" lon="-70.357810"><ele>1279.824</ele><time>2020-04-01T21:32:23Z</time></trkpt><trkpt lat="-32.918220" lon="-70.357750"><ele>1279.217</ele><time>2020-04-01T21:32:43Z</time></trkpt><trkpt lat="-32.918290" lon="-70.357690"><ele>1278.699</ele><time>2020-04-01T21:33:03Z</time></trkpt><trkpt lat="-32.918600" lon="-70.357470"><ele>1281.468</ele><time>2020-04-01T21:33:23Z</time></trkpt><trkpt lat="-32.918620" lon="-70.357450"><ele>1282.395</ele><time>2020-04-01T21:33:43Z</time></trkpt><trkpt lat="-32.918790" lon="-70.357340"><ele>1285.987</ele><time>2020-04-01T21:34:03Z</time></trkpt><trkpt lat="-32.918870" lon="-70.357280"><ele>1287.042</ele><time>2020-04-01T21:34:23Z</time></trkpt><trkpt lat="-32.918960" lon="-70.357210"><ele>1287.726</ele><time>2020-04-01T21:34:43Z</time></trkpt><trkpt lat="-32.919110" lon="-70.357080"><ele>1287.508</ele><time>2020-04-01T21:35:03Z</time></trkpt><trkpt lat="-32.919200" lon="-70.356990"><ele>1287.112</ele><time>2020-04-01T21:35:23Z</time></trkpt><trkpt lat="-32.919240" lon="-70.356950"><ele>1287.316</ele><time>2020-04-01T21:35:43Z</time></trkpt><trkpt lat="-32.919310" lon="-70.356890"><ele>1287.429</ele><time>2020-04-01T21:36:03Z</time></trkpt><trkpt lat="-32.919460" lon="-70.356720"><ele>1287.624</ele><time>2020-04-01T21:36:23Z</time></trkpt><trkpt lat="-32.919520" lon="-70.356640"><ele>1288.187</ele><time>2020-04-01T21:36:43Z</time></trkpt><trkpt lat="-32.919620" lon="-70.356520"><ele>1289.679</ele><time>2020-04-01T21:37:03Z</time></trkpt><trkpt lat="-32.919710" lon="-70.356410"><ele>1290.128</ele><time>2020-04-01T21:37:23Z</time></trkpt><trkpt lat="-32.919720" lon="-70.356410"><ele>1289.985</ele><time>2020-04-01T21:37:43Z</time></trkpt><trkpt lat="-32.919940" lon="-70.356160"><ele>1286.815</ele><time>2020-04-01T21:38:03Z</time></trkpt><trkpt lat="-32.919980" lon="-70.356110"><ele>1285.865</ele><time>2020-04-01T21:38:23Z</time></trkpt><trkpt lat="-32.920060" lon="-70.356030"><ele>1285.211</ele><time>2020-04-01T21:38:43Z</time></trkpt><trkpt lat="-32.920110" lon="-70.355970"><ele>1285.308</ele><time>2020-04-01T21:39:03Z</time></trkpt><trkpt lat="-32.920180" lon="-70.355890"><ele>1285.295</ele><time>2020-04-01T21:39:23Z</time></trkpt><trkpt lat="-32.920260" lon="-70.355800"><ele>1285.989</ele><time>2020-04-01T21:39:43Z</time></trkpt><trkpt lat="-32.920340" lon="-70.355710"><ele>1287.842</ele><time>2020-04-01T21:40:03Z</time></trkpt><trkpt lat="-32.920400" lon="-70.355640"><ele>1289.187</ele><time>2020-04-01T21:40:23Z</time></trkpt><trkpt lat="-32.920450" lon="-70.355590"><ele>1289.740</ele><time>2020-04-01T21:40:43Z</time></trkpt><trkpt lat="-32.920520" lon="-70.355520"><ele>1290.372</ele><time>2020-04-01T21:41:03Z</time></trkpt><trkpt lat="-32.920570" lon="-70.355470"><ele>1290.641</ele><time>2020-04-01T21:41:23Z</time></trkpt><trkpt lat="-32.920630" lon="-70.355420"><ele>1290.618</ele><time>2020-04-01T21:41:43Z</time></trkpt><trkpt lat="-32.920690" lon="-70.355370"><ele>1290.384</ele><time>2020-04-01T21:42:03Z</time></trkpt><trkpt lat="-32.920750" lon="-70.355310"><ele>1290.107</ele><time>2020-04-01T21:42:23Z</time></trkpt><trkpt lat="-32.920850" lon="-70.355230"><ele>1289.217</ele><time>2020-04-01T21:42:43Z</time></trkpt><trkpt lat="-32.920940" lon="-70.355170"><ele>1288.808</ele><time>2020-04-01T21:43:03Z</time></trkpt><trkpt lat="-32.921020" lon="-70.355110"><ele>1288.372</ele><time>2020-04-01T21:43:23Z</time></trkpt><trkpt lat="-32.921110" lon="-70.355060"><ele>1287.336</ele><time>2020-04-01T21:43:43Z</time></trkpt><trkpt lat="-32.921250" lon="-70.354990"><ele>1285.649</ele><time>2020-04-01T21:44:03Z</time></trkpt><trkpt lat="-32.921400" lon="-70.354910"><ele>1287.494</ele><time>2020-04-01T21:44:23Z</time></trkpt><trkpt lat="-32.921440" lon="-70.354890"><ele>1287.767</ele><time>2020-04-01T21:44:43Z</time></trkpt><trkpt lat="-32.921520" lon="-70.354850"><ele>1288.299</ele><time>2020-04-01T21:45:03Z</time></trkpt><trkpt lat="-32.921600" lon="-70.354810"><ele>1288.618</ele><time>2020-04-01T21:45:23Z</time></trkpt><trkpt lat="-32.921830" lon="-70.354690"><ele>1291.795</ele><time>2020-04-01T21:45:43Z</time></trkpt><trkpt lat="-32.921970" lon="-70.354620"><ele>1292.878</ele><time>2020-04-01T21:46:03Z</time></trkpt><trkpt lat="-32.922100" lon="-70.354560"><ele>1292.633</ele><time>2020-04-01T21:46:23Z</time></trkpt><trkpt lat="-32.922240" lon="-70.354470"><ele>1292.026</ele><time>2020-04-01T21:46:43Z</time></trkpt><trkpt lat="-32.922690" lon="-70.354210"><ele>1287.408</ele><time>2020-04-01T21:47:03Z</time></trkpt><trkpt lat="-32.922850" lon="-70.354100"><ele>1289.621</ele><time>2020-04-01T21:47:23Z</time></trkpt><trkpt lat="-32.922980" lon="-70.353990"><ele>1292.545</ele><time>2020-04-01T21:47:43Z</time></trkpt><trkpt lat="-32.923080" lon="-70.353900"><ele>1294.268</ele><time>2020-04-01T21:48:03Z</time></trkpt><trkpt lat="-32.923190" lon="-70.353790"><ele>1295.573</ele><time>2020-04-01T21:48:23Z</time></trkpt><trkpt lat="-32.923310" lon="-70.353660"><ele>1296.216</ele><time>2020-04-01T21:48:43Z</time></trkpt><trkpt lat="-32.923370" lon="-70.353590"><ele>1296.848</ele><time>2020-04-01T21:49:03Z</time></trkpt><trkpt lat="-32.923440" lon="-70.353500"><ele>1297.697</ele><time>2020-04-01T21:49:23Z</time></trkpt><trkpt lat="-32.923460" lon="-70.353460"><ele>1298.094</ele><time>2020-04-01T21:49:43Z</time></trkpt><trkpt lat="-32.923790" lon="-70.353030"><ele>1301.531</ele><time>2020-04-01T21:50:03Z</time></trkpt><trkpt lat="-32.923980" lon="-70.352780"><ele>1301.361</ele><time>2020-04-01T21:50:23Z</time></trkpt><trkpt lat="-32.924050" lon="-70.352700"><ele>1300.307</ele><time>2020-04-01T21:50:43Z</time></trkpt><trkpt lat="-32.924210" lon="-70.352490"><ele>1299.108</ele><time>2020-04-01T21:51:03Z</time></trkpt><trkpt lat="-32.924370" lon="-70.352290"><ele>1304.147</ele><time>2020-04-01T21:51:23Z</time></trkpt><trkpt lat="-32.924660" lon="-70.351920"><ele>1307.751</ele><time>2020-04-01T21:51:43Z</time></trkpt><trkpt lat="-32.924680" lon="-70.351890"><ele>1307.834</ele><time>2020-04-01T21:52:03Z</time></trkpt><trkpt lat="-32.924750" lon="-70.351800"><ele>1307.419</ele><time>2020-04-01T21:52:23Z</time></trkpt><trkpt lat="-32.924790" lon="-70.351750"><ele>1307.092</ele><time>2020-04-01T21:52:43Z</time></trkpt><trkpt lat="-32.924820" lon="-70.351700"><ele>1306.874</ele><time>2020-04-01T21:53:03Z</time></trkpt><trkpt lat="-32.924850" lon="-70.351660"><ele>1306.333</ele><time>2020-04-01T21:53:23Z</time></trkpt><trkpt lat="-32.924880" lon="-70.351590"><ele>1306.230</ele><time>2020-04-01T21:53:43Z</time></trkpt><trkpt lat="-32.924920" lon="-70.351530"><ele>1305.433</ele><time>2020-04-01T21:54:03Z</time></trkpt><trkpt lat="-32.924940" lon="-70.351480"><ele>1305.223</ele><time>2020-04-01T21:54:23Z</time></trkpt><trkpt lat="-32.924960" lon="-70.351440"><ele>1304.815</ele><time>2020-04-01T21:54:43Z</time></trkpt><trkpt lat="-32.924960" lon="-70.351430"><ele>1304.908</ele><time>2020-04-01T21:55:03Z</time></trkpt><trkpt lat="-32.924980" lon="-70.351380"><ele>1304.617</ele><time>2020-04-01T21:55:23Z</time></trkpt><trkpt lat="-32.925000" lon="-70.351340"><ele>1304.161</ele><time>2020-04-01T21:55:43Z</time></trkpt><trkpt lat="-32.925020" lon="-70.351270"><ele>1304.644</ele><time>2020-04-01T21:56:03Z</time></trkpt><trkpt lat="-32.925040" lon="-70.351210"><ele>1305.089</ele><time>2020-04-01T21:56:23Z</time></trkpt><trkpt lat="-32.925070" lon="-70.351080"><ele>1305.982</ele><time>2020-04-01T21:56:43Z</time></trkpt><trkpt lat="-32.925080" lon="-70.350980"><ele>1306.754</ele><time>2020-04-01T21:57:03Z</time></trkpt><trkpt lat="-32.925090" lon="-70.350870"><ele>1307.573</ele><time>2020-04-01T21:57:23Z</time></trkpt><trkpt lat="-32.925090" lon="-70.350860"><ele>1307.660</ele><time>2020-04-01T21:57:43Z</time></trkpt><trkpt lat="-32.925090" lon="-70.350820"><ele>1307.888</ele><time>2020-04-01T21:58:03Z</time></trkpt><trkpt lat="-32.925090" lon="-70.350790"><ele>1307.824</ele><time>2020-04-01T21:58:23Z</time></trkpt><trkpt lat="-32.925090" lon="-70.350690"><ele>1307.626</ele><time>2020-04-01T21:58:43Z</time></trkpt><trkpt lat="-32.925090" lon="-70.350610"><ele>1307.508</ele><time>2020-04-01T21:59:03Z</time></trkpt><trkpt lat="-32.925090" lon="-70.350410"><ele>1307.382</ele><time>2020-04-01T21:59:23Z</time></trkpt><trkpt lat="-32.925090" lon="-70.350170"><ele>1307.076</ele><time>2020-04-01T21:59:43Z</time></trkpt><trkpt lat="-32.925080" lon="-70.349990"><ele>1307.019</ele><time>2020-04-01T22:00:03Z</time></trkpt><trkpt lat="-32.925080" lon="-70.349790"><ele>1307.624</ele><time>2020-04-01T22:00:23Z</time></trkpt><trkpt lat="-32.925070" lon="-70.349680"><ele>1308.197</ele><time>2020-04-01T22:00:43Z</time></trkpt><trkpt lat="-32.925060" lon="-70.349540"><ele>1308.799</ele><time>2020-04-01T22:01:03Z</time></trkpt><trkpt lat="-32.925060" lon="-70.349520"><ele>1308.818</ele><time>2020-04-01T22:01:23Z</time></trkpt><trkpt lat="-32.925030" lon="-70.349340"><ele>1309.985</ele><time>2020-04-01T22:01:43Z</time></trkpt><trkpt lat="-32.925000" lon="-70.349190"><ele>1310.956</ele><time>2020-04-01T22:02:03Z</time></trkpt><trkpt lat="-32.924930" lon="-70.349000"><ele>1315.459</ele><time>2020-04-01T22:02:23Z</time></trkpt><trkpt lat="-32.924730" lon="-70.348540"><ele>1328.814</ele><time>2020-04-01T22:02:43Z</time></trkpt><trkpt lat="-32.924560" lon="-70.348180"><ele>1338.308</ele><time>2020-04-01T22:03:03Z</time></trkpt><trkpt lat="-32.924540" lon="-70.348130"><ele>1338.629</ele><time>2020-04-01T22:03:23Z</time></trkpt><trkpt lat="-32.924320" lon="-70.347640"><ele>1338.993</ele><time>2020-04-01T22:03:43Z</time></trkpt><trkpt lat="-32.924310" lon="-70.347620"><ele>1338.826</ele><time>2020-04-01T22:04:03Z</time></trkpt><trkpt lat="-32.924220" lon="-70.347380"><ele>1334.241</ele><time>2020-04-01T22:04:23Z</time></trkpt><trkpt lat="-32.924170" lon="-70.347250"><ele>1330.554</ele><time>2020-04-01T22:04:43Z</time></trkpt><trkpt lat="-32.924160" lon="-70.347230"><ele>1330.376</ele><time>2020-04-01T22:05:03Z</time></trkpt><trkpt lat="-32.924130" lon="-70.347110"><ele>1327.735</ele><time>2020-04-01T22:05:23Z</time></trkpt><trkpt lat="-32.924110" lon="-70.346990"><ele>1324.082</ele><time>2020-04-01T22:05:43Z</time></trkpt><trkpt lat="-32.924070" lon="-70.346820"><ele>1319.798</ele><time>2020-04-01T22:06:03Z</time></trkpt><trkpt lat="-32.924010" lon="-70.346450"><ele>1316.515</ele><time>2020-04-01T22:06:23Z</time></trkpt><trkpt lat="-32.923970" lon="-70.346190"><ele>1317.326</ele><time>2020-04-01T22:06:43Z</time></trkpt><trkpt lat="-32.923950" lon="-70.346090"><ele>1317.608</ele><time>2020-04-01T22:07:03Z</time></trkpt><trkpt lat="-32.923920" lon="-70.345920"><ele>1317.473</ele><time>2020-04-01T22:07:23Z</time></trkpt><trkpt lat="-32.923900" lon="-70.345790"><ele>1317.127</ele><time>2020-04-01T22:07:43Z</time></trkpt><trkpt lat="-32.923890" lon="-70.345770"><ele>1317.420</ele><time>2020-04-01T22:08:03Z</time></trkpt><trkpt lat="-32.923890" lon="-70.345750"><ele>1317.325</ele><time>2020-04-01T22:08:23Z</time></trkpt><trkpt lat="-32.923850" lon="-70.345590"><ele>1318.198</ele><time>2020-04-01T22:08:43Z</time></trkpt><trkpt lat="-32.923810" lon="-70.345470"><ele>1318.840</ele><time>2020-04-01T22:09:03Z</time></trkpt><trkpt lat="-32.923780" lon="-70.345380"><ele>1319.179</ele><time>2020-04-01T22:09:23Z</time></trkpt><trkpt lat="-32.923740" lon="-70.345290"><ele>1319.596</ele><time>2020-04-01T22:09:43Z</time></trkpt><trkpt lat="-32.923680" lon="-70.345190"><ele>1320.169</ele><time>2020-04-01T22:10:03Z</time></trkpt><trkpt lat="-32.923670" lon="-70.345170"><ele>1320.104</ele><time>2020-04-01T22:10:23Z</time></trkpt><trkpt lat="-32.923620" lon="-70.345080"><ele>1320.124</ele><time>2020-04-01T22:10:43Z</time></trkpt><trkpt lat="-32.923520" lon="-70.344940"><ele>1320.208</ele><time>2020-04-01T22:11:03Z</time></trkpt><trkpt lat="-32.923330" lon="-70.344700"><ele>1318.880</ele><time>2020-04-01T22:11:23Z</time></trkpt><trkpt lat="-32.923250" lon="-70.344590"><ele>1320.924</ele><time>2020-04-01T22:11:43Z</time></trkpt><trkpt lat="-32.923160" lon="-70.344470"><ele>1323.157</ele><time>2020-04-01T22:12:03Z</time></trkpt><trkpt lat="-32.923110" lon="-70.344400"><ele>1324.022</ele><time>2020-04-01T22:12:23Z</time></trkpt><trkpt lat="-32.923100" lon="-70.344370"><ele>1323.845</ele><time>2020-04-01T22:12:43Z</time></trkpt><trkpt lat="-32.923070" lon="-70.344330"><ele>1324.487</ele><time>2020-04-01T22:13:03Z</time></trkpt><trkpt lat="-32.923030" lon="-70.344260"><ele>1324.636</ele><time>2020-04-01T22:13:23Z</time></trkpt><trkpt lat="-32.923010" lon="-70.344190"><ele>1323.923</ele><time>2020-04-01T22:13:43Z</time></trkpt><trkpt lat="-32.922980" lon="-70.344140"><ele>1324.582</ele><time>2020-04-01T22:14:03Z</time></trkpt><trkpt lat="-32.922960" lon="-70.344080"><ele>1324.943</ele><time>2020-04-01T22:14:23Z</time></trkpt><trkpt lat="-32.922930" lon="-70.343990"><ele>1325.517</ele><time>2020-04-01T22:14:43Z</time></trkpt><trkpt lat="-32.922910" lon="-70.343910"><ele>1325.608</ele><time>2020-04-01T22:15:03Z</time></trkpt><trkpt lat="-32.922890" lon="-70.343840"><ele>1325.852</ele><time>2020-04-01T22:15:23Z</time></trkpt><trkpt lat="-32.922880" lon="-70.343800"><ele>1325.886</ele><time>2020-04-01T22:15:43Z</time></trkpt><trkpt lat="-32.922870" lon="-70.343770"><ele>1325.939</ele><time>2020-04-01T22:16:03Z</time></trkpt><trkpt lat="-32.922850" lon="-70.343640"><ele>1325.394</ele><time>2020-04-01T22:16:23Z</time></trkpt><trkpt lat="-32.922830" lon="-70.343510"><ele>1324.737</ele><time>2020-04-01T22:16:43Z</time></trkpt><trkpt lat="-32.922780" lon="-70.343170"><ele>1325.269</ele><time>2020-04-01T22:17:03Z</time></trkpt><trkpt lat="-32.922780" lon="-70.343150"><ele>1325.338</ele><time>2020-04-01T22:17:23Z</time></trkpt><trkpt lat="-32.922750" lon="-70.342920"><ele>1327.455</ele><time>2020-04-01T22:17:43Z</time></trkpt><trkpt lat="-32.922660" lon="-70.342350"><ele>1331.256</ele><time>2020-04-01T22:18:03Z</time></trkpt><trkpt lat="-32.922650" lon="-70.342270"><ele>1331.159</ele><time>2020-04-01T22:18:23Z</time></trkpt><trkpt lat="-32.922630" lon="-70.342170"><ele>1331.114</ele><time>2020-04-01T22:18:43Z</time></trkpt><trkpt lat="-32.922620" lon="-70.342130"><ele>1331.108</ele><time>2020-04-01T22:19:03Z</time></trkpt><trkpt lat="-32.922610" lon="-70.342120"><ele>1331.269</ele><time>2020-04-01T22:19:23Z</time></trkpt><trkpt lat="-32.922600" lon="-70.342080"><ele>1331.333</ele><time>2020-04-01T22:19:43Z</time></trkpt><trkpt lat="-32.922560" lon="-70.341950"><ele>1331.486</ele><time>2020-04-01T22:20:03Z</time></trkpt><trkpt lat="-32.922550" lon="-70.341920"><ele>1331.581</ele><time>2020-04-01T22:20:23Z</time></trkpt><trkpt lat="-32.922530" lon="-70.341880"><ele>1331.754</ele><time>2020-04-01T22:20:43Z</time></trkpt><trkpt lat="-32.922500" lon="-70.341820"><ele>1331.916</ele><time>2020-04-01T22:21:03Z</time></trkpt><trkpt lat="-32.922470" lon="-70.341750"><ele>1332.165</ele><time>2020-04-01T22:21:23Z</time></trkpt><trkpt lat="-32.922440" lon="-70.341690"><ele>1332.362</ele><time>2020-04-01T22:21:43Z</time></trkpt><trkpt lat="-32.922390" lon="-70.341610"><ele>1332.185</ele><time>2020-04-01T22:22:03Z</time></trkpt><trkpt lat="-32.922330" lon="-70.341520"><ele>1331.589</ele><time>2020-04-01T22:22:23Z</time></trkpt><trkpt lat="-32.922270" lon="-70.341440"><ele>1331.117</ele><time>2020-04-01T22:22:43Z</time></trkpt><trkpt lat="-32.922210" lon="-70.341380"><ele>1330.908</ele><time>2020-04-01T22:23:03Z</time></trkpt><trkpt lat="-32.922160" lon="-70.341320"><ele>1330.532</ele><time>2020-04-01T22:23:23Z</time></trkpt><trkpt lat="-32.922090" lon="-70.341260"><ele>1330.476</ele><time>2020-04-01T22:23:43Z</time></trkpt><trkpt lat="-32.921860" lon="-70.341030"><ele>1328.559</ele><time>2020-04-01T22:24:03Z</time></trkpt><trkpt lat="-32.921680" lon="-70.340860"><ele>1326.544</ele><time>2020-04-01T22:24:23Z</time></trkpt><trkpt lat="-32.921320" lon="-70.340520"><ele>1335.267</ele><time>2020-04-01T22:24:43Z</time></trkpt><trkpt lat="-32.921010" lon="-70.340240"><ele>1339.579</ele><time>2020-04-01T22:25:03Z</time></trkpt><trkpt lat="-32.920700" lon="-70.339950"><ele>1345.248</ele><time>2020-04-01T22:25:23Z</time></trkpt><trkpt lat="-32.920510" lon="-70.339730"><ele>1350.485</ele><time>2020-04-01T22:25:43Z</time></trkpt><trkpt lat="-32.920440" lon="-70.339630"><ele>1350.935</ele><time>2020-04-01T22:26:03Z</time></trkpt><trkpt lat="-32.920320" lon="-70.339450"><ele>1350.186</ele><time>2020-04-01T22:26:23Z</time></trkpt><trkpt lat="-32.920170" lon="-70.339180"><ele>1344.914</ele><time>2020-04-01T22:26:43Z</time></trkpt><trkpt lat="-32.920060" lon="-70.338970"><ele>1343.908</ele><time>2020-04-01T22:27:03Z</time></trkpt><trkpt lat="-32.919830" lon="-70.338510"><ele>1346.357</ele><time>2020-04-01T22:27:23Z</time></trkpt><trkpt lat="-32.919680" lon="-70.338240"><ele>1348.521</ele><time>2020-04-01T22:27:43Z</time></trkpt><trkpt lat="-32.919620" lon="-70.338100"><ele>1348.634</ele><time>2020-04-01T22:28:03Z</time></trkpt><trkpt lat="-32.919600" lon="-70.338070"><ele>1348.939</ele><time>2020-04-01T22:28:23Z</time></trkpt><trkpt lat="-32.919560" lon="-70.338000"><ele>1349.132</ele><time>2020-04-01T22:28:43Z</time></trkpt><trkpt lat="-32.919530" lon="-70.337930"><ele>1348.874</ele><time>2020-04-01T22:29:03Z</time></trkpt><trkpt lat="-32.919480" lon="-70.337840"><ele>1348.733</ele><time>2020-04-01T22:29:23Z</time></trkpt><trkpt lat="-32.919440" lon="-70.337760"><ele>1348.360</ele><time>2020-04-01T22:29:43Z</time></trkpt><trkpt lat="-32.919250" lon="-70.337380"><ele>1344.837</ele><time>2020-04-01T22:30:03Z</time></trkpt><trkpt lat="-32.919190" lon="-70.337250"><ele>1343.249</ele><time>2020-04-01T22:30:23Z</time></trkpt><trkpt lat="-32.918940" lon="-70.336840"><ele>1345.313</ele><time>2020-04-01T22:30:43Z</time></trkpt><trkpt lat="-32.918630" lon="-70.336360"><ele>1351.408</ele><time>2020-04-01T22:31:03Z</time></trkpt><trkpt lat="-32.918550" lon="-70.336240"><ele>1351.677</ele><time>2020-04-01T22:31:23Z</time></trkpt><trkpt lat="-32.918520" lon="-70.336190"><ele>1351.391</ele><time>2020-04-01T22:31:43Z</time></trkpt><trkpt lat="-32.918420" lon="-70.336050"><ele>1350.244</ele><time>2020-04-01T22:32:03Z</time></trkpt><trkpt lat="-32.918310" lon="-70.335900"><ele>1348.539</ele><time>2020-04-01T22:32:23Z</time></trkpt><trkpt lat="-32.918070" lon="-70.335560"><ele>1354.212</ele><time>2020-04-01T22:32:43Z</time></trkpt><trkpt lat="-32.917760" lon="-70.335150"><ele>1359.314</ele><time>2020-04-01T22:33:03Z</time></trkpt><trkpt lat="-32.917570" lon="-70.334900"><ele>1359.863</ele><time>2020-04-01T22:33:23Z</time></trkpt><trkpt lat="-32.917520" lon="-70.334850"><ele>1359.810</ele><time>2020-04-01T22:33:43Z</time></trkpt><trkpt lat="-32.917430" lon="-70.334700"><ele>1359.192</ele><time>2020-04-01T22:34:03Z</time></trkpt><trkpt lat="-32.917380" lon="-70.334590"><ele>1358.073</ele><time>2020-04-01T22:34:23Z</time></trkpt><trkpt lat="-32.917330" lon="-70.334480"><ele>1356.920</ele><time>2020-04-01T22:34:43Z</time></trkpt><trkpt lat="-32.917300" lon="-70.334410"><ele>1356.108</ele><time>2020-04-01T22:35:03Z</time></trkpt><trkpt lat="-32.917300" lon="-70.334390"><ele>1355.413</ele><time>2020-04-01T22:35:23Z</time></trkpt><trkpt lat="-32.917280" lon="-70.334340"><ele>1354.797</ele><time>2020-04-01T22:35:43Z</time></trkpt><trkpt lat="-32.917260" lon="-70.334290"><ele>1354.050</ele><time>2020-04-01T22:36:03Z</time></trkpt><trkpt lat="-32.917240" lon="-70.334230"><ele>1353.015</ele><time>2020-04-01T22:36:23Z</time></trkpt><trkpt lat="-32.917230" lon="-70.334190"><ele>1352.158</ele><time>2020-04-01T22:36:43Z</time></trkpt><trkpt lat="-32.917220" lon="-70.334150"><ele>1351.710</ele><time>2020-04-01T22:37:03Z</time></trkpt><trkpt lat="-32.917210" lon="-70.334110"><ele>1352.179</ele><time>2020-04-01T22:37:23Z</time></trkpt><trkpt lat="-32.917200" lon="-70.334070"><ele>1352.586</ele><time>2020-04-01T22:37:43Z</time></trkpt><trkpt lat="-32.917160" lon="-70.333840"><ele>1353.859</ele><time>2020-04-01T22:38:03Z</time></trkpt><trkpt lat="-32.917010" lon="-70.333000"><ele>1355.003</ele><time>2020-04-01T22:38:23Z</time></trkpt><trkpt lat="-32.916980" lon="-70.332870"><ele>1354.623</ele><time>2020-04-01T22:38:43Z</time></trkpt><trkpt lat="-32.916820" lon="-70.332030"><ele>1354.108</ele><time>2020-04-01T22:39:03Z</time></trkpt><trkpt lat="-32.916670" lon="-70.331260"><ele>1356.539</ele><time>2020-04-01T22:39:23Z</time></trkpt><trkpt lat="-32.916430" lon="-70.329940"><ele>1360.923</ele><time>2020-04-01T22:39:43Z</time></trkpt><trkpt lat="-32.916260" lon="-70.329080"><ele>1363.576</ele><time>2020-04-01T22:40:03Z</time></trkpt><trkpt lat="-32.916200" lon="-70.328860"><ele>1364.131</ele><time>2020-04-01T22:40:23Z</time></trkpt><trkpt lat="-32.916150" lon="-70.328660"><ele>1364.474</ele><time>2020-04-01T22:40:43Z</time></trkpt><trkpt lat="-32.916100" lon="-70.328500"><ele>1364.946</ele><time>2020-04-01T22:41:03Z</time></trkpt><trkpt lat="-32.916080" lon="-70.328460"><ele>1365.245</ele><time>2020-04-01T22:41:23Z</time></trkpt><trkpt lat="-32.916030" lon="-70.328310"><ele>1365.542</ele><time>2020-04-01T22:41:43Z</time></trkpt><trkpt lat="-32.915830" lon="-70.327870"><ele>1363.433</ele><time>2020-04-01T22:42:03Z</time></trkpt><trkpt lat="-32.915410" lon="-70.326990"><ele>1366.923</ele><time>2020-04-01T22:42:23Z</time></trkpt><trkpt lat="-32.915330" lon="-70.326800"><ele>1368.115</ele><time>2020-04-01T22:42:43Z</time></trkpt><trkpt lat="-32.915190" lon="-70.326500"><ele>1369.508</ele><time>2020-04-01T22:43:03Z</time></trkpt><trkpt lat="-32.915140" lon="-70.326340"><ele>1369.447</ele><time>2020-04-01T22:43:23Z</time></trkpt><trkpt lat="-32.915090" lon="-70.326190"><ele>1369.181</ele><time>2020-04-01T22:43:43Z</time></trkpt><trkpt lat="-32.915050" lon="-70.326030"><ele>1368.314</ele><time>2020-04-01T22:44:03Z</time></trkpt><trkpt lat="-32.915000" lon="-70.325810"><ele>1366.979</ele><time>2020-04-01T22:44:23Z</time></trkpt><trkpt lat="-32.914890" lon="-70.325270"><ele>1371.812</ele><time>2020-04-01T22:44:43Z</time></trkpt><trkpt lat="-32.914830" lon="-70.324940"><ele>1373.734</ele><time>2020-04-01T22:45:03Z</time></trkpt><trkpt lat="-32.914750" lon="-70.324520"><ele>1374.223</ele><time>2020-04-01T22:45:23Z</time></trkpt><trkpt lat="-32.914550" lon="-70.323510"><ele>1375.650</ele><time>2020-04-01T22:45:43Z</time></trkpt><trkpt lat="-32.914540" lon="-70.323390"><ele>1374.979</ele><time>2020-04-01T22:46:03Z</time></trkpt><trkpt lat="-32.914440" lon="-70.322900"><ele>1374.305</ele><time>2020-04-01T22:46:23Z</time></trkpt><trkpt lat="-32.914430" lon="-70.322860"><ele>1374.225</ele><time>2020-04-01T22:46:43Z</time></trkpt><trkpt lat="-32.914400" lon="-70.322720"><ele>1373.708</ele><time>2020-04-01T22:47:03Z</time></trkpt><trkpt lat="-32.914380" lon="-70.322650"><ele>1373.511</ele><time>2020-04-01T22:47:23Z</time></trkpt><trkpt lat="-32.914330" lon="-70.322500"><ele>1372.815</ele><time>2020-04-01T22:47:43Z</time></trkpt><trkpt lat="-32.914270" lon="-70.322310"><ele>1372.468</ele><time>2020-04-01T22:48:03Z</time></trkpt><trkpt lat="-32.914190" lon="-70.322100"><ele>1370.453</ele><time>2020-04-01T22:48:23Z</time></trkpt><trkpt lat="-32.914110" lon="-70.321860"><ele>1370.546</ele><time>2020-04-01T22:48:43Z</time></trkpt><trkpt lat="-32.913860" lon="-70.321120"><ele>1380.458</ele><time>2020-04-01T22:49:03Z</time></trkpt><trkpt lat="-32.913790" lon="-70.320920"><ele>1383.487</ele><time>2020-04-01T22:49:23Z</time></trkpt><trkpt lat="-32.913760" lon="-70.320770"><ele>1384.464</ele><time>2020-04-01T22:49:43Z</time></trkpt><trkpt lat="-32.913730" lon="-70.320560"><ele>1384.587</ele><time>2020-04-01T22:50:03Z</time></trkpt><trkpt lat="-32.913710" lon="-70.320440"><ele>1384.742</ele><time>2020-04-01T22:50:23Z</time></trkpt><trkpt lat="-32.913680" lon="-70.320230"><ele>1384.626</ele><time>2020-04-01T22:50:43Z</time></trkpt><trkpt lat="-32.913650" lon="-70.320070"><ele>1384.608</ele><time>2020-04-01T22:51:03Z</time></trkpt><trkpt lat="-32.913650" lon="-70.320020"><ele>1384.412</ele><time>2020-04-01T22:51:23Z</time></trkpt><trkpt lat="-32.913630" lon="-70.319890"><ele>1384.876</ele><time>2020-04-01T22:51:43Z</time></trkpt><trkpt lat="-32.913600" lon="-70.319580"><ele>1385.429</ele><time>2020-04-01T22:52:03Z</time></trkpt><trkpt lat="-32.913590" lon="-70.319230"><ele>1385.384</ele><time>2020-04-01T22:52:23Z</time></trkpt><trkpt lat="-32.913580" lon="-70.318950"><ele>1384.217</ele><time>2020-04-01T22:52:43Z</time></trkpt><trkpt lat="-32.913580" lon="-70.318730"><ele>1382.939</ele><time>2020-04-01T22:53:03Z</time></trkpt><trkpt lat="-32.913570" lon="-70.318380"><ele>1381.028</ele><time>2020-04-01T22:53:23Z</time></trkpt><trkpt lat="-32.913550" lon="-70.317990"><ele>1381.935</ele><time>2020-04-01T22:53:43Z</time></trkpt><trkpt lat="-32.913540" lon="-70.317800"><ele>1382.675</ele><time>2020-04-01T22:54:03Z</time></trkpt><trkpt lat="-32.913530" lon="-70.317680"><ele>1383.028</ele><time>2020-04-01T22:54:23Z</time></trkpt><trkpt lat="-32.913510" lon="-70.317560"><ele>1383.420</ele><time>2020-04-01T22:54:43Z</time></trkpt><trkpt lat="-32.913480" lon="-70.317410"><ele>1383.508</ele><time>2020-04-01T22:55:03Z</time></trkpt><trkpt lat="-32.913450" lon="-70.317300"><ele>1383.221</ele><time>2020-04-01T22:55:23Z</time></trkpt><trkpt lat="-32.913420" lon="-70.317200"><ele>1382.885</ele><time>2020-04-01T22:55:43Z</time></trkpt><trkpt lat="-32.913370" lon="-70.317070"><ele>1381.928</ele><time>2020-04-01T22:56:03Z</time></trkpt><trkpt lat="-32.913360" lon="-70.317030"><ele>1381.723</ele><time>2020-04-01T22:56:23Z</time></trkpt><trkpt lat="-32.913320" lon="-70.316950"><ele>1381.296</ele><time>2020-04-01T22:56:43Z</time></trkpt><trkpt lat="-32.913290" lon="-70.316870"><ele>1381.578</ele><time>2020-04-01T22:57:03Z</time></trkpt><trkpt lat="-32.913240" lon="-70.316770"><ele>1382.057</ele><time>2020-04-01T22:57:23Z</time></trkpt><trkpt lat="-32.913230" lon="-70.316740"><ele>1382.174</ele><time>2020-04-01T22:57:43Z</time></trkpt><trkpt lat="-32.913190" lon="-70.316670"><ele>1382.637</ele><time>2020-04-01T22:58:03Z</time></trkpt><trkpt lat="-32.913130" lon="-70.316560"><ele>1384.049</ele><time>2020-04-01T22:58:23Z</time></trkpt><trkpt lat="-32.913000" lon="-70.316330"><ele>1386.413</ele><time>2020-04-01T22:58:43Z</time></trkpt><trkpt lat="-32.912750" lon="-70.315930"><ele>1388.708</ele><time>2020-04-01T22:59:03Z</time></trkpt><trkpt lat="-32.912490" lon="-70.315480"><ele>1387.257</ele><time>2020-04-01T22:59:23Z</time></trkpt><trkpt lat="-32.912410" lon="-70.315320"><ele>1387.771</ele><time>2020-04-01T22:59:43Z</time></trkpt><trkpt lat="-32.912360" lon="-70.315200"><ele>1388.084</ele><time>2020-04-01T23:00:03Z</time></trkpt><trkpt lat="-32.912310" lon="-70.315070"><ele>1388.399</ele><time>2020-04-01T23:00:23Z</time></trkpt><trkpt lat="-32.912260" lon="-70.314950"><ele>1389.352</ele><time>2020-04-01T23:00:43Z</time></trkpt><trkpt lat="-32.912150" lon="-70.314590"><ele>1392.574</ele><time>2020-04-01T23:01:03Z</time></trkpt><trkpt lat="-32.911860" lon="-70.313710"><ele>1393.673</ele><time>2020-04-01T23:01:23Z</time></trkpt><trkpt lat="-32.911790" lon="-70.313500"><ele>1392.860</ele><time>2020-04-01T23:01:43Z</time></trkpt><trkpt lat="-32.911700" lon="-70.313290"><ele>1391.296</ele><time>2020-04-01T23:02:03Z</time></trkpt><trkpt lat="-32.911580" lon="-70.313040"><ele>1391.231</ele><time>2020-04-01T23:02:23Z</time></trkpt><trkpt lat="-32.911310" lon="-70.312490"><ele>1392.624</ele><time>2020-04-01T23:02:43Z</time></trkpt><trkpt lat="-32.911130" lon="-70.312120"><ele>1396.508</ele><time>2020-04-01T23:03:03Z</time></trkpt><trkpt lat="-32.910990" lon="-70.311830"><ele>1397.173</ele><time>2020-04-01T23:03:23Z</time></trkpt><trkpt lat="-32.910560" lon="-70.311030"><ele>1399.137</ele><time>2020-04-01T23:03:43Z</time></trkpt><trkpt lat="-32.910390" lon="-70.310700"><ele>1401.110</ele><time>2020-04-01T23:04:03Z</time></trkpt><trkpt lat="-32.910000" lon="-70.309980"><ele>1398.965</ele><time>2020-04-01T23:04:23Z</time></trkpt><trkpt lat="-32.909940" lon="-70.309870"><ele>1399.988</ele><time>2020-04-01T23:04:43Z</time></trkpt><trkpt lat="-32.909790" lon="-70.309590"><ele>1401.780</ele><time>2020-04-01T23:05:03Z</time></trkpt><trkpt lat="-32.909750" lon="-70.309510"><ele>1402.079</ele><time>2020-04-01T23:05:23Z</time></trkpt><trkpt lat="-32.909720" lon="-70.309440"><ele>1402.176</ele><time>2020-04-01T23:05:43Z</time></trkpt><trkpt lat="-32.909680" lon="-70.309330"><ele>1402.136</ele><time>2020-04-01T23:06:03Z</time></trkpt><trkpt lat="-32.909670" lon="-70.309290"><ele>1402.017</ele><time>2020-04-01T23:06:23Z</time></trkpt><trkpt lat="-32.909650" lon="-70.309180"><ele>1401.618</ele><time>2020-04-01T23:06:43Z</time></trkpt><trkpt lat="-32.909640" lon="-70.309100"><ele>1401.908</ele><time>2020-04-01T23:07:03Z</time></trkpt><trkpt lat="-32.909630" lon="-70.309010"><ele>1402.477</ele><time>2020-04-01T23:07:23Z</time></trkpt><trkpt lat="-32.909630" lon="-70.308940"><ele>1402.751</ele><time>2020-04-01T23:07:43Z</time></trkpt><trkpt lat="-32.909630" lon="-70.308850"><ele>1403.164</ele><time>2020-04-01T23:08:03Z</time></trkpt><trkpt lat="-32.909640" lon="-70.308790"><ele>1403.249</ele><time>2020-04-01T23:08:23Z</time></trkpt><trkpt lat="-32.909650" lon="-70.308680"><ele>1403.642</ele><time>2020-04-01T23:08:43Z</time></trkpt><trkpt lat="-32.909660" lon="-70.308620"><ele>1403.724</ele><time>2020-04-01T23:09:03Z</time></trkpt><trkpt lat="-32.909730" lon="-70.308380"><ele>1403.713</ele><time>2020-04-01T23:09:23Z</time></trkpt><trkpt lat="-32.909760" lon="-70.308270"><ele>1403.980</ele><time>2020-04-01T23:09:43Z</time></trkpt><trkpt lat="-32.909820" lon="-70.308060"><ele>1404.548</ele><time>2020-04-01T23:10:03Z</time></trkpt><trkpt lat="-32.909880" lon="-70.307900"><ele>1405.061</ele><time>2020-04-01T23:10:23Z</time></trkpt><trkpt lat="-32.909900" lon="-70.307820"><ele>1405.417</ele><time>2020-04-01T23:10:43Z</time></trkpt><trkpt lat="-32.909920" lon="-70.307730"><ele>1405.908</ele><time>2020-04-01T23:11:03Z</time></trkpt><trkpt lat="-32.909930" lon="-70.307620"><ele>1406.628</ele><time>2020-04-01T23:11:23Z</time></trkpt><trkpt lat="-32.909940" lon="-70.307430"><ele>1407.552</ele><time>2020-04-01T23:11:43Z</time></trkpt><trkpt lat="-32.909940" lon="-70.307370"><ele>1407.585</ele><time>2020-04-01T23:12:03Z</time></trkpt><trkpt lat="-32.909930" lon="-70.307250"><ele>1407.640</ele><time>2020-04-01T23:12:23Z</time></trkpt><trkpt lat="-32.909920" lon="-70.307230"><ele>1407.743</ele><time>2020-04-01T23:12:43Z</time></trkpt><trkpt lat="-32.909920" lon="-70.307200"><ele>1407.785</ele><time>2020-04-01T23:13:03Z</time></trkpt><trkpt lat="-32.909900" lon="-70.307110"><ele>1407.994</ele><time>2020-04-01T23:13:23Z</time></trkpt><trkpt lat="-32.909890" lon="-70.307060"><ele>1408.081</ele><time>2020-04-01T23:13:43Z</time></trkpt><trkpt lat="-32.909880" lon="-70.307030"><ele>1408.189</ele><time>2020-04-01T23:14:03Z</time></trkpt><trkpt lat="-32.909870" lon="-70.307000"><ele>1408.206</ele><time>2020-04-01T23:14:23Z</time></trkpt><trkpt lat="-32.909850" lon="-70.306930"><ele>1408.426</ele><time>2020-04-01T23:14:43Z</time></trkpt><trkpt lat="-32.909800" lon="-70.306830"><ele>1408.908</ele><time>2020-04-01T23:15:03Z</time></trkpt><trkpt lat="-32.909750" lon="-70.306730"><ele>1409.412</ele><time>2020-04-01T23:15:23Z</time></trkpt><trkpt lat="-32.909700" lon="-70.306670"><ele>1409.946</ele><time>2020-04-01T23:15:43Z</time></trkpt><trkpt lat="-32.909630" lon="-70.306590"><ele>1411.129</ele><time>2020-04-01T23:16:03Z</time></trkpt><trkpt lat="-32.909490" lon="-70.306480"><ele>1412.724</ele><time>2020-04-01T23:16:23Z</time></trkpt><trkpt lat="-32.909360" lon="-70.306380"><ele>1413.867</ele><time>2020-04-01T23:16:43Z</time></trkpt><trkpt lat="-32.909100" lon="-70.306200"><ele>1415.439</ele><time>2020-04-01T23:17:03Z</time></trkpt><trkpt lat="-32.908970" lon="-70.306110"><ele>1416.818</ele><time>2020-04-01T23:17:23Z</time></trkpt><trkpt lat="-32.908760" lon="-70.305970"><ele>1418.095</ele><time>2020-04-01T23:17:43Z</time></trkpt><trkpt lat="-32.908490" lon="-70.305770"><ele>1417.974</ele><time>2020-04-01T23:18:03Z</time></trkpt><trkpt lat="-32.908450" lon="-70.305740"><ele>1417.956</ele><time>2020-04-01T23:18:23Z</time></trkpt><trkpt lat="-32.908430" lon="-70.305720"><ele>1417.921</ele><time>2020-04-01T23:18:43Z</time></trkpt><trkpt lat="-32.908410" lon="-70.305710"><ele>1418.008</ele><time>2020-04-01T23:19:03Z</time></trkpt><trkpt lat="-32.908400" lon="-70.305700"><ele>1418.031</ele><time>2020-04-01T23:19:23Z</time></trkpt><trkpt lat="-32.908340" lon="-70.305630"><ele>1417.865</ele><time>2020-04-01T23:19:43Z</time></trkpt><trkpt lat="-32.908290" lon="-70.305560"><ele>1420.888</ele><time>2020-04-01T23:20:03Z</time></trkpt><trkpt lat="-32.908250" lon="-70.305500"><ele>1423.753</ele><time>2020-04-01T23:20:23Z</time></trkpt><trkpt lat="-32.908230" lon="-70.305460"><ele>1425.186</ele><time>2020-04-01T23:20:43Z</time></trkpt><trkpt lat="-32.908200" lon="-70.305430"><ele>1427.458</ele><time>2020-04-01T23:21:03Z</time></trkpt><trkpt lat="-32.908180" lon="-70.305380"><ele>1428.767</ele><time>2020-04-01T23:21:23Z</time></trkpt><trkpt lat="-32.908160" lon="-70.305340"><ele>1430.294</ele><time>2020-04-01T23:21:43Z</time></trkpt><trkpt lat="-32.908140" lon="-70.305300"><ele>1431.676</ele><time>2020-04-01T23:22:03Z</time></trkpt><trkpt lat="-32.908130" lon="-70.305290"><ele>1432.490</ele><time>2020-04-01T23:22:23Z</time></trkpt><trkpt lat="-32.908120" lon="-70.305250"><ele>1433.019</ele><time>2020-04-01T23:22:43Z</time></trkpt><trkpt lat="-32.908040" lon="-70.305010"><ele>1438.708</ele><time>2020-04-01T23:23:03Z</time></trkpt><trkpt lat="-32.908000" lon="-70.304780"><ele>1441.581</ele><time>2020-04-01T23:23:23Z</time></trkpt><trkpt lat="-32.908000" lon="-70.304670"><ele>1441.375</ele><time>2020-04-01T23:23:43Z</time></trkpt><trkpt lat="-32.907990" lon="-70.304530"><ele>1441.828</ele><time>2020-04-01T23:24:03Z</time></trkpt><trkpt lat="-32.908010" lon="-70.304350"><ele>1439.753</ele><time>2020-04-01T23:24:23Z</time></trkpt><trkpt lat="-32.908040" lon="-70.304260"><ele>1436.986</ele><time>2020-04-01T23:24:43Z</time></trkpt><trkpt lat="-32.908070" lon="-70.304210"><ele>1434.278</ele><time>2020-04-01T23:25:03Z</time></trkpt><trkpt lat="-32.908120" lon="-70.304090"><ele>1430.077</ele><time>2020-04-01T23:25:23Z</time></trkpt><trkpt lat="-32.908240" lon="-70.303890"><ele>1420.924</ele><time>2020-04-01T23:25:43Z</time></trkpt><trkpt lat="-32.908260" lon="-70.303840"><ele>1419.772</ele><time>2020-04-01T23:26:03Z</time></trkpt><trkpt lat="-32.908310" lon="-70.303760"><ele>1416.313</ele><time>2020-04-01T23:26:23Z</time></trkpt><trkpt lat="-32.908340" lon="-70.303710"><ele>1414.914</ele><time>2020-04-01T23:26:43Z</time></trkpt><trkpt lat="-32.908340" lon="-70.303700"><ele>1415.008</ele><time>2020-04-01T23:27:03Z</time></trkpt><trkpt lat="-32.908370" lon="-70.303660"><ele>1415.661</ele><time>2020-04-01T23:27:23Z</time></trkpt><trkpt lat="-32.908380" lon="-70.303620"><ele>1416.065</ele><time>2020-04-01T23:27:43Z</time></trkpt><trkpt lat="-32.908390" lon="-70.303590"><ele>1416.498</ele><time>2020-04-01T23:28:03Z</time></trkpt><trkpt lat="-32.908400" lon="-70.303550"><ele>1416.743</ele><time>2020-04-01T23:28:23Z</time></trkpt><trkpt lat="-32.908410" lon="-70.303510"><ele>1417.146</ele><time>2020-04-01T23:28:43Z</time></trkpt><trkpt lat="-32.908420" lon="-70.303480"><ele>1417.458</ele><time>2020-04-01T23:29:03Z</time></trkpt><trkpt lat="-32.908430" lon="-70.303430"><ele>1417.987</ele><time>2020-04-01T23:29:23Z</time></trkpt><trkpt lat="-32.908430" lon="-70.303390"><ele>1418.254</ele><time>2020-04-01T23:29:43Z</time></trkpt><trkpt lat="-32.908430" lon="-70.303340"><ele>1418.532</ele><time>2020-04-01T23:30:03Z</time></trkpt><trkpt lat="-32.908430" lon="-70.303250"><ele>1418.892</ele><time>2020-04-01T23:30:23Z</time></trkpt><trkpt lat="-32.908430" lon="-70.303160"><ele>1419.011</ele><time>2020-04-01T23:30:43Z</time></trkpt><trkpt lat="-32.908420" lon="-70.303070"><ele>1419.108</ele><time>2020-04-01T23:31:03Z</time></trkpt><trkpt lat="-32.908420" lon="-70.302960"><ele>1419.457</ele><time>2020-04-01T23:31:23Z</time></trkpt><trkpt lat="-32.908420" lon="-70.302780"><ele>1419.881</ele><time>2020-04-01T23:31:43Z</time></trkpt><trkpt lat="-32.908420" lon="-70.302660"><ele>1420.114</ele><time>2020-04-01T23:32:03Z</time></trkpt><trkpt lat="-32.908420" lon="-70.302560"><ele>1420.369</ele><time>2020-04-01T23:32:23Z</time></trkpt><trkpt lat="-32.908420" lon="-70.302470"><ele>1420.622</ele><time>2020-04-01T23:32:43Z</time></trkpt><trkpt lat="-32.908420" lon="-70.302390"><ele>1421.064</ele><time>2020-04-01T23:33:03Z</time></trkpt><trkpt lat="-32.908430" lon="-70.302330"><ele>1421.323</ele><time>2020-04-01T23:33:23Z</time></trkpt><trkpt lat="-32.908420" lon="-70.302280"><ele>1421.620</ele><time>2020-04-01T23:33:43Z</time></trkpt><trkpt lat="-32.908420" lon="-70.302220"><ele>1421.969</ele><time>2020-04-01T23:34:03Z</time></trkpt><trkpt lat="-32.908450" lon="-70.302060"><ele>1422.804</ele><time>2020-04-01T23:34:23Z</time></trkpt><trkpt lat="-32.908470" lon="-70.301920"><ele>1423.524</ele><time>2020-04-01T23:34:43Z</time></trkpt><trkpt lat="-32.908480" lon="-70.301820"><ele>1423.908</ele><time>2020-04-01T23:35:03Z</time></trkpt><trkpt lat="-32.908510" lon="-70.301720"><ele>1424.320</ele><time>2020-04-01T23:35:23Z</time></trkpt><trkpt lat="-32.908530" lon="-70.301630"><ele>1424.794</ele><time>2020-04-01T23:35:43Z</time></trkpt><trkpt lat="-32.908590" lon="-70.301410"><ele>1425.787</ele><time>2020-04-01T23:36:03Z</time></trkpt><trkpt lat="-32.908780" lon="-70.300720"><ele>1427.042</ele><time>2020-04-01T23:36:23Z</time></trkpt><trkpt lat="-32.908820" lon="-70.300570"><ele>1427.155</ele><time>2020-04-01T23:36:43Z</time></trkpt><trkpt lat="-32.908830" lon="-70.300550"><ele>1427.097</ele><time>2020-04-01T23:37:03Z</time></trkpt><trkpt lat="-32.908860" lon="-70.300440"><ele>1427.136</ele><time>2020-04-01T23:37:23Z</time></trkpt><trkpt lat="-32.908890" lon="-70.300330"><ele>1427.173</ele><time>2020-04-01T23:37:43Z</time></trkpt><trkpt lat="-32.908900" lon="-70.300250"><ele>1427.256</ele><time>2020-04-01T23:38:03Z</time></trkpt><trkpt lat="-32.908920" lon="-70.300180"><ele>1427.259</ele><time>2020-04-01T23:38:23Z</time></trkpt><trkpt lat="-32.908930" lon="-70.300130"><ele>1427.214</ele><time>2020-04-01T23:38:43Z</time></trkpt><trkpt lat="-32.908930" lon="-70.300060"><ele>1427.408</ele><time>2020-04-01T23:39:03Z</time></trkpt><trkpt lat="-32.908940" lon="-70.299980"><ele>1427.619</ele><time>2020-04-01T23:39:23Z</time></trkpt><trkpt lat="-32.908940" lon="-70.299920"><ele>1428.023</ele><time>2020-04-01T23:39:43Z</time></trkpt><trkpt lat="-32.908940" lon="-70.299860"><ele>1428.556</ele><time>2020-04-01T23:40:03Z</time></trkpt><trkpt lat="-32.908930" lon="-70.299760"><ele>1429.241</ele><time>2020-04-01T23:40:23Z</time></trkpt><trkpt lat="-32.908930" lon="-70.299740"><ele>1429.464</ele><time>2020-04-01T23:40:43Z</time></trkpt><trkpt lat="-32.908920" lon="-70.299680"><ele>1429.956</ele><time>2020-04-01T23:41:03Z</time></trkpt><trkpt lat="-32.908910" lon="-70.299600"><ele>1430.525</ele><time>2020-04-01T23:41:23Z</time></trkpt><trkpt lat="-32.908890" lon="-70.299530"><ele>1431.012</ele><time>2020-04-01T23:41:43Z</time></trkpt><trkpt lat="-32.908870" lon="-70.299450"><ele>1431.659</ele><time>2020-04-01T23:42:03Z</time></trkpt><trkpt lat="-32.908850" lon="-70.299390"><ele>1431.903</ele><time>2020-04-01T23:42:23Z</time></trkpt><trkpt lat="-32.908830" lon="-70.299330"><ele>1432.323</ele><time>2020-04-01T23:42:43Z</time></trkpt><trkpt lat="-32.908810" lon="-70.299270"><ele>1432.608</ele><time>2020-04-01T23:43:03Z</time></trkpt><trkpt lat="-32.908780" lon="-70.299190"><ele>1433.069</ele><time>2020-04-01T23:43:23Z</time></trkpt><trkpt lat="-32.908750" lon="-70.299140"><ele>1433.153</ele><time>2020-04-01T23:43:43Z</time></trkpt><trkpt lat="-32.908720" lon="-70.299080"><ele>1433.436</ele><time>2020-04-01T23:44:03Z</time></trkpt><trkpt lat="-32.908690" lon="-70.299020"><ele>1433.681</ele><time>2020-04-01T23:44:23Z</time></trkpt><trkpt lat="-32.908650" lon="-70.298970"><ele>1433.774</ele><time>2020-04-01T23:44:43Z</time></trkpt><trkpt lat="-32.908610" lon="-70.298920"><ele>1433.756</ele><time>2020-04-01T23:45:03Z</time></trkpt><trkpt lat="-32.908580" lon="-70.298880"><ele>1433.835</ele><time>2020-04-01T23:45:23Z</time></trkpt><trkpt lat="-32.908550" lon="-70.298840"><ele>1433.822</ele><time>2020-04-01T23:45:43Z</time></trkpt><trkpt lat="-32.908520" lon="-70.298810"><ele>1433.895</ele><time>2020-04-01T23:46:03Z</time></trkpt><trkpt lat="-32.908500" lon="-70.298780"><ele>1433.849</ele><time>2020-04-01T23:46:23Z</time></trkpt><trkpt lat="-32.908460" lon="-70.298740"><ele>1433.723</ele><time>2020-04-01T23:46:43Z</time></trkpt><trkpt lat="-32.908250" lon="-70.298540"><ele>1434.708</ele><time>2020-04-01T23:47:03Z</time></trkpt><trkpt lat="-32.908000" lon="-70.298300"><ele>1437.963</ele><time>2020-04-01T23:47:23Z</time></trkpt><trkpt lat="-32.907850" lon="-70.298170"><ele>1440.067</ele><time>2020-04-01T23:47:43Z</time></trkpt><trkpt lat="-32.907820" lon="-70.298140"><ele>1440.350</ele><time>2020-04-01T23:48:03Z</time></trkpt><trkpt lat="-32.907680" lon="-70.298020"><ele>1440.955</ele><time>2020-04-01T23:48:23Z</time></trkpt><trkpt lat="-32.907600" lon="-70.297930"><ele>1440.748</ele><time>2020-04-01T23:48:43Z</time></trkpt><trkpt lat="-32.907550" lon="-70.297870"><ele>1440.470</ele><time>2020-04-01T23:49:03Z</time></trkpt><trkpt lat="-32.907510" lon="-70.297810"><ele>1439.989</ele><time>2020-04-01T23:49:23Z</time></trkpt><trkpt lat="-32.907470" lon="-70.297760"><ele>1440.786</ele><time>2020-04-01T23:49:43Z</time></trkpt><trkpt lat="-32.907420" lon="-70.297680"><ele>1442.236</ele><time>2020-04-01T23:50:03Z</time></trkpt><trkpt lat="-32.907390" lon="-70.297610"><ele>1442.817</ele><time>2020-04-01T23:50:23Z</time></trkpt><trkpt lat="-32.907360" lon="-70.297550"><ele>1443.618</ele><time>2020-04-01T23:50:43Z</time></trkpt><trkpt lat="-32.907350" lon="-70.297530"><ele>1443.808</ele><time>2020-04-01T23:51:03Z</time></trkpt><trkpt lat="-32.907320" lon="-70.297420"><ele>1444.787</ele><time>2020-04-01T23:51:23Z</time></trkpt><trkpt lat="-32.907300" lon="-70.297320"><ele>1445.531</ele><time>2020-04-01T23:51:43Z</time></trkpt><trkpt lat="-32.907300" lon="-70.297230"><ele>1445.564</ele><time>2020-04-01T23:52:03Z</time></trkpt><trkpt lat="-32.907300" lon="-70.297100"><ele>1445.649</ele><time>2020-04-01T23:52:23Z</time></trkpt><trkpt lat="-32.907340" lon="-70.296830"><ele>1444.522</ele><time>2020-04-01T23:52:43Z</time></trkpt><trkpt lat="-32.907400" lon="-70.296540"><ele>1443.454</ele><time>2020-04-01T23:53:03Z</time></trkpt><trkpt lat="-32.907510" lon="-70.296020"><ele>1443.213</ele><time>2020-04-01T23:53:23Z</time></trkpt><trkpt lat="-32.907570" lon="-70.295700"><ele>1444.950</ele><time>2020-04-01T23:53:43Z</time></trkpt><trkpt lat="-32.907580" lon="-70.295660"><ele>1445.059</ele><time>2020-04-01T23:54:03Z</time></trkpt><trkpt lat="-32.907580" lon="-70.295610"><ele>1445.203</ele><time>2020-04-01T23:54:23Z</time></trkpt><trkpt lat="-32.907590" lon="-70.295460"><ele>1445.623</ele><time>2020-04-01T23:54:43Z</time></trkpt><trkpt lat="-32.907600" lon="-70.295390"><ele>1445.808</ele><time>2020-04-01T23:55:03Z</time></trkpt><trkpt lat="-32.907600" lon="-70.295260"><ele>1446.129</ele><time>2020-04-01T23:55:23Z</time></trkpt><trkpt lat="-32.907600" lon="-70.295170"><ele>1446.363</ele><time>2020-04-01T23:55:43Z</time></trkpt><trkpt lat="-32.907600" lon="-70.295090"><ele>1446.576</ele><time>2020-04-01T23:56:03Z</time></trkpt><trkpt lat="-32.907590" lon="-70.295020"><ele>1446.791</ele><time>2020-04-01T23:56:23Z</time></trkpt><trkpt lat="-32.907590" lon="-70.294940"><ele>1446.864</ele><time>2020-04-01T23:56:43Z</time></trkpt><trkpt lat="-32.907570" lon="-70.294840"><ele>1446.826</ele><time>2020-04-01T23:57:03Z</time></trkpt><trkpt lat="-32.907560" lon="-70.294740"><ele>1446.815</ele><time>2020-04-01T23:57:23Z</time></trkpt><trkpt lat="-32.907540" lon="-70.294640"><ele>1446.792</ele><time>2020-04-01T23:57:43Z</time></trkpt><trkpt lat="-32.907520" lon="-70.294560"><ele>1446.674</ele><time>2020-04-01T23:58:03Z</time></trkpt><trkpt lat="-32.907500" lon="-70.294480"><ele>1446.456</ele><time>2020-04-01T23:58:23Z</time></trkpt><trkpt lat="-32.907480" lon="-70.294420"><ele>1447.021</ele><time>2020-04-01T23:58:43Z</time></trkpt><trkpt lat="-32.907450" lon="-70.294330"><ele>1447.808</ele><time>2020-04-01T23:59:03Z</time></trkpt><trkpt lat="-32.907420" lon="-70.294240"><ele>1448.791</ele><time>2020-04-01T23:59:23Z</time></trkpt><trkpt lat="-32.907390" lon="-70.294140"><ele>1449.675</ele><time>2020-04-01T23:59:43Z</time></trkpt><trkpt lat="-32.907330" lon="-70.294000"><ele>1451.968</ele><time>2020-04-02T00:00:03Z</time></trkpt><trkpt lat="-32.907310" lon="-70.293950"><ele>1452.613</ele><time>2020-04-02T00:00:23Z</time></trkpt><trkpt lat="-32.907260" lon="-70.293830"><ele>1454.426</ele><time>2020-04-02T00:00:43Z</time></trkpt><trkpt lat="-32.907090" lon="-70.293380"><ele>1459.848</ele><time>2020-04-02T00:01:03Z</time></trkpt><trkpt lat="-32.906810" lon="-70.292600"><ele>1459.167</ele><time>2020-04-02T00:01:23Z</time></trkpt><trkpt lat="-32.906640" lon="-70.292120"><ele>1459.574</ele><time>2020-04-02T00:01:43Z</time></trkpt><trkpt lat="-32.906540" lon="-70.291870"><ele>1462.096</ele><time>2020-04-02T00:02:03Z</time></trkpt><trkpt lat="-32.906440" lon="-70.291620"><ele>1463.831</ele><time>2020-04-02T00:02:23Z</time></trkpt><trkpt lat="-32.906350" lon="-70.291380"><ele>1466.724</ele><time>2020-04-02T00:02:43Z</time></trkpt><trkpt lat="-32.906320" lon="-70.291310"><ele>1467.708</ele><time>2020-04-02T00:03:03Z</time></trkpt><trkpt lat="-32.906250" lon="-70.291120"><ele>1470.113</ele><time>2020-04-02T00:03:23Z</time></trkpt><trkpt lat="-32.906160" lon="-70.290820"><ele>1473.757</ele><time>2020-04-02T00:03:43Z</time></trkpt><trkpt lat="-32.906130" lon="-70.290670"><ele>1476.360</ele><time>2020-04-02T00:04:03Z</time></trkpt><trkpt lat="-32.906110" lon="-70.290570"><ele>1478.195</ele><time>2020-04-02T00:04:23Z</time></trkpt><trkpt lat="-32.906100" lon="-70.290490"><ele>1479.498</ele><time>2020-04-02T00:04:43Z</time></trkpt><trkpt lat="-32.906100" lon="-70.290390"><ele>1480.550</ele><time>2020-04-02T00:05:03Z</time></trkpt><trkpt lat="-32.906100" lon="-70.290280"><ele>1481.899</ele><time>2020-04-02T00:05:23Z</time></trkpt><trkpt lat="-32.906110" lon="-70.290150"><ele>1483.096</ele><time>2020-04-02T00:05:43Z</time></trkpt><trkpt lat="-32.906120" lon="-70.290080"><ele>1483.482</ele><time>2020-04-02T00:06:03Z</time></trkpt><trkpt lat="-32.906150" lon="-70.289960"><ele>1483.843</ele><time>2020-04-02T00:06:23Z</time></trkpt><trkpt lat="-32.906180" lon="-70.289830"><ele>1485.117</ele><time>2020-04-02T00:06:43Z</time></trkpt><trkpt lat="-32.906200" lon="-70.289780"><ele>1485.208</ele><time>2020-04-02T00:07:03Z</time></trkpt><trkpt lat="-32.906290" lon="-70.289520"><ele>1486.722</ele><time>2020-04-02T00:07:23Z</time></trkpt><trkpt lat="-32.906340" lon="-70.289390"><ele>1487.416</ele><time>2020-04-02T00:07:43Z</time></trkpt><trkpt lat="-32.906470" lon="-70.289040"><ele>1488.529</ele><time>2020-04-02T00:08:03Z</time></trkpt><trkpt lat="-32.906480" lon="-70.289000"><ele>1488.654</ele><time>2020-04-02T00:08:23Z</time></trkpt><trkpt lat="-32.906530" lon="-70.288870"><ele>1488.367</ele><time>2020-04-02T00:08:43Z</time></trkpt><trkpt lat="-32.906550" lon="-70.288780"><ele>1488.669</ele><time>2020-04-02T00:09:03Z</time></trkpt><trkpt lat="-32.906560" lon="-70.288730"><ele>1488.998</ele><time>2020-04-02T00:09:23Z</time></trkpt><trkpt lat="-32.906560" lon="-70.288670"><ele>1489.615</ele><time>2020-04-02T00:09:43Z</time></trkpt><trkpt lat="-32.906570" lon="-70.288610"><ele>1489.915</ele><time>2020-04-02T00:10:03Z</time></trkpt><trkpt lat="-32.906570" lon="-70.288520"><ele>1491.065</ele><time>2020-04-02T00:10:23Z</time></trkpt><trkpt lat="-32.906560" lon="-70.288420"><ele>1492.511</ele><time>2020-04-02T00:10:43Z</time></trkpt><trkpt lat="-32.906550" lon="-70.288350"><ele>1493.608</ele><time>2020-04-02T00:11:03Z</time></trkpt><trkpt lat="-32.906530" lon="-70.288180"><ele>1493.935</ele><time>2020-04-02T00:11:23Z</time></trkpt><trkpt lat="-32.906490" lon="-70.287890"><ele>1494.169</ele><time>2020-04-02T00:11:43Z</time></trkpt><trkpt lat="-32.906450" lon="-70.287570"><ele>1493.762</ele><time>2020-04-02T00:12:03Z</time></trkpt><trkpt lat="-32.906430" lon="-70.287360"><ele>1495.067</ele><time>2020-04-02T00:12:23Z</time></trkpt><trkpt lat="-32.906410" lon="-70.287080"><ele>1497.730</ele><time>2020-04-02T00:12:43Z</time></trkpt><trkpt lat="-32.906410" lon="-70.287060"><ele>1497.852</ele><time>2020-04-02T00:13:03Z</time></trkpt><trkpt lat="-32.906380" lon="-70.286590"><ele>1501.371</ele><time>2020-04-02T00:13:23Z</time></trkpt><trkpt lat="-32.906320" lon="-70.286060"><ele>1501.928</ele><time>2020-04-02T00:13:43Z</time></trkpt><trkpt lat="-32.906280" lon="-70.285840"><ele>1502.762</ele><time>2020-04-02T00:14:03Z</time></trkpt><trkpt lat="-32.906230" lon="-70.285600"><ele>1505.283</ele><time>2020-04-02T00:14:23Z</time></trkpt><trkpt lat="-32.906160" lon="-70.285330"><ele>1508.711</ele><time>2020-04-02T00:14:43Z</time></trkpt><trkpt lat="-32.906110" lon="-70.285150"><ele>1511.408</ele><time>2020-04-02T00:15:03Z</time></trkpt><trkpt lat="-32.906060" lon="-70.284990"><ele>1514.110</ele><time>2020-04-02T00:15:23Z</time></trkpt><trkpt lat="-32.905970" lon="-70.284730"><ele>1515.664</ele><time>2020-04-02T00:15:43Z</time></trkpt><trkpt lat="-32.905910" lon="-70.284590"><ele>1516.767</ele><time>2020-04-02T00:16:03Z</time></trkpt><trkpt lat="-32.905740" lon="-70.284220"><ele>1519.692</ele><time>2020-04-02T00:16:23Z</time></trkpt><trkpt lat="-32.905620" lon="-70.283980"><ele>1522.015</ele><time>2020-04-02T00:16:43Z</time></trkpt><trkpt lat="-32.905460" lon="-70.283680"><ele>1525.377</ele><time>2020-04-02T00:17:03Z</time></trkpt><trkpt lat="-32.905360" lon="-70.283490"><ele>1527.526</ele><time>2020-04-02T00:17:23Z</time></trkpt><trkpt lat="-32.905290" lon="-70.283340"><ele>1528.983</ele><time>2020-04-02T00:17:43Z</time></trkpt><trkpt lat="-32.905250" lon="-70.283230"><ele>1530.565</ele><time>2020-04-02T00:18:03Z</time></trkpt><trkpt lat="-32.905220" lon="-70.283130"><ele>1531.868</ele><time>2020-04-02T00:18:23Z</time></trkpt><trkpt lat="-32.905200" lon="-70.283040"><ele>1532.714</ele><time>2020-04-02T00:18:43Z</time></trkpt><trkpt lat="-32.905030" lon="-70.282290"><ele>1541.908</ele><time>2020-04-02T00:19:03Z</time></trkpt><trkpt lat="-32.904980" lon="-70.281960"><ele>1544.720</ele><time>2020-04-02T00:19:23Z</time></trkpt><trkpt lat="-32.904960" lon="-70.281790"><ele>1546.084</ele><time>2020-04-02T00:19:43Z</time></trkpt><trkpt lat="-32.904950" lon="-70.281690"><ele>1546.717</ele><time>2020-04-02T00:20:03Z</time></trkpt><trkpt lat="-32.904940" lon="-70.281600"><ele>1547.742</ele><time>2020-04-02T00:20:23Z</time></trkpt><trkpt lat="-32.904940" lon="-70.281580"><ele>1547.855</ele><time>2020-04-02T00:20:43Z</time></trkpt><trkpt lat="-32.904930" lon="-70.281410"><ele>1549.587</ele><time>2020-04-02T00:21:03Z</time></trkpt><trkpt lat="-32.904940" lon="-70.281360"><ele>1549.346</ele><time>2020-04-02T00:21:23Z</time></trkpt><trkpt lat="-32.904950" lon="-70.281160"><ele>1550.243</ele><time>2020-04-02T00:21:43Z</time></trkpt><trkpt lat="-32.904970" lon="-70.280960"><ele>1550.665</ele><time>2020-04-02T00:22:03Z</time></trkpt><trkpt lat="-32.904990" lon="-70.280720"><ele>1551.368</ele><time>2020-04-02T00:22:23Z</time></trkpt><trkpt lat="-32.905020" lon="-70.280440"><ele>1552.114</ele><time>2020-04-02T00:22:43Z</time></trkpt><trkpt lat="-32.905030" lon="-70.280250"><ele>1553.108</ele><time>2020-04-02T00:23:03Z</time></trkpt><trkpt lat="-32.905030" lon="-70.280090"><ele>1554.250</ele><time>2020-04-02T00:23:23Z</time></trkpt><trkpt lat="-32.905030" lon="-70.279900"><ele>1554.214</ele><time>2020-04-02T00:23:43Z</time></trkpt><trkpt lat="-32.905020" lon="-70.279800"><ele>1553.937</ele><time>2020-04-02T00:24:03Z</time></trkpt><trkpt lat="-32.905000" lon="-70.279600"><ele>1553.152</ele><time>2020-04-02T00:24:23Z</time></trkpt><trkpt lat="-32.904980" lon="-70.279500"><ele>1553.255</ele><time>2020-04-02T00:24:43Z</time></trkpt><trkpt lat="-32.904950" lon="-70.279380"><ele>1553.677</ele><time>2020-04-02T00:25:03Z</time></trkpt><trkpt lat="-32.904910" lon="-70.279250"><ele>1554.436</ele><time>2020-04-02T00:25:23Z</time></trkpt><trkpt lat="-32.904890" lon="-70.279160"><ele>1554.663</ele><time>2020-04-02T00:25:43Z</time></trkpt><trkpt lat="-32.904850" lon="-70.279050"><ele>1555.493</ele><time>2020-04-02T00:26:03Z</time></trkpt><trkpt lat="-32.904810" lon="-70.278960"><ele>1556.465</ele><time>2020-04-02T00:26:23Z</time></trkpt><trkpt lat="-32.904680" lon="-70.278670"><ele>1559.621</ele><time>2020-04-02T00:26:43Z</time></trkpt><trkpt lat="-32.904510" lon="-70.278290"><ele>1563.808</ele><time>2020-04-02T00:27:03Z</time></trkpt><trkpt lat="-32.904270" lon="-70.277710"><ele>1567.053</ele><time>2020-04-02T00:27:23Z</time></trkpt><trkpt lat="-32.904020" lon="-70.277140"><ele>1568.637</ele><time>2020-04-02T00:27:43Z</time></trkpt><trkpt lat="-32.904000" lon="-70.277080"><ele>1568.980</ele><time>2020-04-02T00:28:03Z</time></trkpt><trkpt lat="-32.903680" lon="-70.276390"><ele>1578.755</ele><time>2020-04-02T00:28:23Z</time></trkpt><trkpt lat="-32.903600" lon="-70.276190"><ele>1581.898</ele><time>2020-04-02T00:28:43Z</time></trkpt><trkpt lat="-32.903450" lon="-70.275810"><ele>1586.730</ele><time>2020-04-02T00:29:03Z</time></trkpt><trkpt lat="-32.903370" lon="-70.275610"><ele>1588.839</ele><time>2020-04-02T00:29:23Z</time></trkpt><trkpt lat="-32.903310" lon="-70.275410"><ele>1590.186</ele><time>2020-04-02T00:29:43Z</time></trkpt><trkpt lat="-32.903270" lon="-70.275270"><ele>1591.078</ele><time>2020-04-02T00:30:03Z</time></trkpt><trkpt lat="-32.903230" lon="-70.275130"><ele>1591.933</ele><time>2020-04-02T00:30:23Z</time></trkpt><trkpt lat="-32.903200" lon="-70.275010"><ele>1592.526</ele><time>2020-04-02T00:30:43Z</time></trkpt><trkpt lat="-32.903120" lon="-70.274680"><ele>1595.308</ele><time>2020-04-02T00:31:03Z</time></trkpt><trkpt lat="-32.903060" lon="-70.274380"><ele>1597.561</ele><time>2020-04-02T00:31:23Z</time></trkpt><trkpt lat="-32.902890" lon="-70.273550"><ele>1605.355</ele><time>2020-04-02T00:31:43Z</time></trkpt><trkpt lat="-32.902810" lon="-70.273130"><ele>1607.258</ele><time>2020-04-02T00:32:03Z</time></trkpt><trkpt lat="-32.902560" lon="-70.271880"><ele>1608.333</ele><time>2020-04-02T00:32:23Z</time></trkpt><trkpt lat="-32.902520" lon="-70.271680"><ele>1608.626</ele><time>2020-04-02T00:32:43Z</time></trkpt><trkpt lat="-32.902490" lon="-70.271510"><ele>1609.468</ele><time>2020-04-02T00:33:03Z</time></trkpt><trkpt lat="-32.902480" lon="-70.271410"><ele>1609.727</ele><time>2020-04-02T00:33:23Z</time></trkpt><trkpt lat="-32.902480" lon="-70.271260"><ele>1609.884</ele><time>2020-04-02T00:33:43Z</time></trkpt><trkpt lat="-32.902500" lon="-70.271070"><ele>1609.761</ele><time>2020-04-02T00:34:03Z</time></trkpt><trkpt lat="-32.902530" lon="-70.270940"><ele>1609.621</ele><time>2020-04-02T00:34:23Z</time></trkpt><trkpt lat="-32.902550" lon="-70.270860"><ele>1609.613</ele><time>2020-04-02T00:34:43Z</time></trkpt><trkpt lat="-32.902590" lon="-70.270770"><ele>1609.608</ele><time>2020-04-02T00:35:03Z</time></trkpt><trkpt lat="-32.902620" lon="-70.270700"><ele>1609.760</ele><time>2020-04-02T00:35:23Z</time></trkpt><trkpt lat="-32.902650" lon="-70.270650"><ele>1609.684</ele><time>2020-04-02T00:35:43Z</time></trkpt><trkpt lat="-32.902740" lon="-70.270480"><ele>1609.597</ele><time>2020-04-02T00:36:03Z</time></trkpt><trkpt lat="-32.902810" lon="-70.270360"><ele>1609.222</ele><time>2020-04-02T00:36:23Z</time></trkpt><trkpt lat="-32.902860" lon="-70.270240"><ele>1609.085</ele><time>2020-04-02T00:36:43Z</time></trkpt><trkpt lat="-32.902910" lon="-70.270120"><ele>1608.827</ele><time>2020-04-02T00:37:03Z</time></trkpt><trkpt lat="-32.902950" lon="-70.270010"><ele>1608.626</ele><time>2020-04-02T00:37:23Z</time></trkpt><trkpt lat="-32.902980" lon="-70.269870"><ele>1608.363</ele><time>2020-04-02T00:37:43Z</time></trkpt><trkpt lat="-32.903000" lon="-70.269700"><ele>1608.112</ele><time>2020-04-02T00:38:03Z</time></trkpt><trkpt lat="-32.903000" lon="-70.269680"><ele>1608.132</ele><time>2020-04-02T00:38:23Z</time></trkpt><trkpt lat="-32.903000" lon="-70.269540"><ele>1608.105</ele><time>2020-04-02T00:38:43Z</time></trkpt><trkpt lat="-32.902990" lon="-70.269400"><ele>1608.208</ele><time>2020-04-02T00:39:03Z</time></trkpt><trkpt lat="-32.902840" lon="-70.268190"><ele>1611.465</ele><time>2020-04-02T00:39:23Z</time></trkpt><trkpt lat="-32.902740" lon="-70.267350"><ele>1612.579</ele><time>2020-04-02T00:39:43Z</time></trkpt><trkpt lat="-32.902710" lon="-70.267130"><ele>1613.172</ele><time>2020-04-02T00:40:03Z</time></trkpt><trkpt lat="-32.902450" lon="-70.264900"><ele>1613.667</ele><time>2020-04-02T00:40:23Z</time></trkpt><trkpt lat="-32.902250" lon="-70.263320"><ele>1613.570</ele><time>2020-04-02T00:40:43Z</time></trkpt><trkpt lat="-32.902230" lon="-70.263100"><ele>1613.862</ele><time>2020-04-02T00:41:03Z</time></trkpt><trkpt lat="-32.902180" lon="-70.262680"><ele>1614.361</ele><time>2020-04-02T00:41:23Z</time></trkpt><trkpt lat="-32.902090" lon="-70.261910"><ele>1617.048</ele><time>2020-04-02T00:41:43Z</time></trkpt><trkpt lat="-32.901750" lon="-70.259150"><ele>1628.015</ele><time>2020-04-02T00:42:03Z</time></trkpt><trkpt lat="-32.901540" lon="-70.257370"><ele>1633.265</ele><time>2020-04-02T00:42:23Z</time></trkpt><trkpt lat="-32.901440" lon="-70.256570"><ele>1634.011</ele><time>2020-04-02T00:42:43Z</time></trkpt><trkpt lat="-32.901280" lon="-70.255130"><ele>1631.808</ele><time>2020-04-02T00:43:03Z</time></trkpt><trkpt lat="-32.901280" lon="-70.255080"><ele>1631.825</ele><time>2020-04-02T00:43:23Z</time></trkpt><trkpt lat="-32.901220" lon="-70.254660"><ele>1633.589</ele><time>2020-04-02T00:43:43Z</time></trkpt><trkpt lat="-32.901190" lon="-70.254450"><ele>1634.522</ele><time>2020-04-02T00:44:03Z</time></trkpt><trkpt lat="-32.901060" lon="-70.253520"><ele>1640.237</ele><time>2020-04-02T00:44:23Z</time></trkpt><trkpt lat="-32.900950" lon="-70.252670"><ele>1644.810</ele><time>2020-04-02T00:44:43Z</time></trkpt><trkpt lat="-32.900920" lon="-70.252460"><ele>1645.892</ele><time>2020-04-02T00:45:03Z</time></trkpt><trkpt lat="-32.900920" lon="-70.252400"><ele>1645.611</ele><time>2020-04-02T00:45:23Z</time></trkpt><trkpt lat="-32.900880" lon="-70.252080"><ele>1645.588</ele><time>2020-04-02T00:45:43Z</time></trkpt><trkpt lat="-32.900810" lon="-70.251430"><ele>1644.676</ele><time>2020-04-02T00:46:03Z</time></trkpt><trkpt lat="-32.900740" lon="-70.250870"><ele>1644.890</ele><time>2020-04-02T00:46:23Z</time></trkpt><trkpt lat="-32.900720" lon="-70.250690"><ele>1645.319</ele><time>2020-04-02T00:46:43Z</time></trkpt><trkpt lat="-32.900640" lon="-70.249760"><ele>1649.608</ele><time>2020-04-02T00:47:03Z</time></trkpt><trkpt lat="-32.900610" lon="-70.249570"><ele>1652.331</ele><time>2020-04-02T00:47:23Z</time></trkpt><trkpt lat="-32.900560" lon="-70.248980"><ele>1656.665</ele><time>2020-04-02T00:47:43Z</time></trkpt><trkpt lat="-32.900500" lon="-70.248190"><ele>1657.078</ele><time>2020-04-02T00:48:03Z</time></trkpt><trkpt lat="-32.900460" lon="-70.247790"><ele>1658.423</ele><time>2020-04-02T00:48:23Z</time></trkpt><trkpt lat="-32.900420" lon="-70.247140"><ele>1662.156</ele><time>2020-04-02T00:48:43Z</time></trkpt><trkpt lat="-32.900330" lon="-70.245260"><ele>1672.688</ele><time>2020-04-02T00:49:03Z</time></trkpt><trkpt lat="-32.900330" lon="-70.244620"><ele>1670.147</ele><time>2020-04-02T00:49:23Z</time></trkpt><trkpt lat="-32.900330" lon="-70.244450"><ele>1668.474</ele><time>2020-04-02T00:49:43Z</time></trkpt><trkpt lat="-32.900340" lon="-70.244360"><ele>1667.379</ele><time>2020-04-02T00:50:03Z</time></trkpt><trkpt lat="-32.900340" lon="-70.244330"><ele>1667.005</ele><time>2020-04-02T00:50:23Z</time></trkpt><trkpt lat="-32.900360" lon="-70.244200"><ele>1665.225</ele><time>2020-04-02T00:50:43Z</time></trkpt><trkpt lat="-32.900370" lon="-70.244150"><ele>1664.708</ele><time>2020-04-02T00:51:03Z</time></trkpt><trkpt lat="-32.900380" lon="-70.244060"><ele>1664.651</ele><time>2020-04-02T00:51:23Z</time></trkpt><trkpt lat="-32.900460" lon="-70.243740"><ele>1663.365</ele><time>2020-04-02T00:51:43Z</time></trkpt><trkpt lat="-32.900660" lon="-70.242900"><ele>1664.128</ele><time>2020-04-02T00:52:03Z</time></trkpt><trkpt lat="-32.900720" lon="-70.242640"><ele>1664.883</ele><time>2020-04-02T00:52:23Z</time></trkpt><trkpt lat="-32.900740" lon="-70.242520"><ele>1665.326</ele><time>2020-04-02T00:52:43Z</time></trkpt><trkpt lat="-32.900750" lon="-70.242420"><ele>1665.558</ele><time>2020-04-02T00:53:03Z</time></trkpt><trkpt lat="-32.900750" lon="-70.242280"><ele>1666.037</ele><time>2020-04-02T00:53:23Z</time></trkpt><trkpt lat="-32.900750" lon="-70.242150"><ele>1666.564</ele><time>2020-04-02T00:53:43Z</time></trkpt><trkpt lat="-32.900740" lon="-70.241990"><ele>1667.483</ele><time>2020-04-02T00:54:03Z</time></trkpt><trkpt lat="-32.900720" lon="-70.241870"><ele>1668.425</ele><time>2020-04-02T00:54:23Z</time></trkpt><trkpt lat="-32.900710" lon="-70.241780"><ele>1669.017</ele><time>2020-04-02T00:54:43Z</time></trkpt><trkpt lat="-32.900680" lon="-70.241670"><ele>1670.208</ele><time>2020-04-02T00:55:03Z</time></trkpt><trkpt lat="-32.900640" lon="-70.241510"><ele>1671.622</ele><time>2020-04-02T00:55:23Z</time></trkpt><trkpt lat="-32.900560" lon="-70.241250"><ele>1674.256</ele><time>2020-04-02T00:55:43Z</time></trkpt><trkpt lat="-32.900500" lon="-70.241040"><ele>1676.119</ele><time>2020-04-02T00:56:03Z</time></trkpt><trkpt lat="-32.900450" lon="-70.240890"><ele>1677.694</ele><time>2020-04-02T00:56:23Z</time></trkpt><trkpt lat="-32.900440" lon="-70.240860"><ele>1677.917</ele><time>2020-04-02T00:56:43Z</time></trkpt><trkpt lat="-32.900370" lon="-70.240640"><ele>1679.449</ele><time>2020-04-02T00:57:03Z</time></trkpt><trkpt lat="-32.900290" lon="-70.240380"><ele>1680.218</ele><time>2020-04-02T00:57:23Z</time></trkpt><trkpt lat="-32.900250" lon="-70.240270"><ele>1680.395</ele><time>2020-04-02T00:57:43Z</time></trkpt><trkpt lat="-32.900200" lon="-70.240160"><ele>1680.449</ele><time>2020-04-02T00:58:03Z</time></trkpt><trkpt lat="-32.900100" lon="-70.239960"><ele>1680.202</ele><time>2020-04-02T00:58:23Z</time></trkpt><trkpt lat="-32.900020" lon="-70.239830"><ele>1680.122</ele><time>2020-04-02T00:58:43Z</time></trkpt><trkpt lat="-32.899900" lon="-70.239620"><ele>1681.408</ele><time>2020-04-02T00:59:03Z</time></trkpt><trkpt lat="-32.899750" lon="-70.239380"><ele>1682.318</ele><time>2020-04-02T00:59:23Z</time></trkpt><trkpt lat="-32.899390" lon="-70.238710"><ele>1682.542</ele><time>2020-04-02T00:59:43Z</time></trkpt><trkpt lat="-32.899080" lon="-70.238170"><ele>1682.625</ele><time>2020-04-02T01:00:03Z</time></trkpt><trkpt lat="-32.898970" lon="-70.237980"><ele>1683.970</ele><time>2020-04-02T01:00:23Z</time></trkpt><trkpt lat="-32.898870" lon="-70.237800"><ele>1685.453</ele><time>2020-04-02T01:00:43Z</time></trkpt><trkpt lat="-32.898500" lon="-70.237160"><ele>1693.135</ele><time>2020-04-02T01:01:03Z</time></trkpt><trkpt lat="-32.898470" lon="-70.237090"><ele>1693.664</ele><time>2020-04-02T01:01:23Z</time></trkpt><trkpt lat="-32.897950" lon="-70.236210"><ele>1701.341</ele><time>2020-04-02T01:01:43Z</time></trkpt><trkpt lat="-32.897910" lon="-70.236140"><ele>1701.491</ele><time>2020-04-02T01:02:03Z</time></trkpt><trkpt lat="-32.897740" lon="-70.235870"><ele>1701.481</ele><time>2020-04-02T01:02:23Z</time></trkpt><trkpt lat="-32.897610" lon="-70.235680"><ele>1702.319</ele><time>2020-04-02T01:02:43Z</time></trkpt><trkpt lat="-32.897390" lon="-70.235350"><ele>1703.408</ele><time>2020-04-02T01:03:03Z</time></trkpt><trkpt lat="-32.897180" lon="-70.235030"><ele>1703.253</ele><time>2020-04-02T01:03:23Z</time></trkpt><trkpt lat="-32.896840" lon="-70.234530"><ele>1705.177</ele><time>2020-04-02T01:03:43Z</time></trkpt><trkpt lat="-32.896670" lon="-70.234280"><ele>1705.030</ele><time>2020-04-02T01:04:03Z</time></trkpt><trkpt lat="-32.896270" lon="-70.233690"><ele>1711.355</ele><time>2020-04-02T01:04:23Z</time></trkpt><trkpt lat="-32.896110" lon="-70.233470"><ele>1710.038</ele><time>2020-04-02T01:04:43Z</time></trkpt><trkpt lat="-32.895920" lon="-70.233250"><ele>1708.940</ele><time>2020-04-02T01:05:03Z</time></trkpt><trkpt lat="-32.895900" lon="-70.233230"><ele>1709.089</ele><time>2020-04-02T01:05:23Z</time></trkpt><trkpt lat="-32.895670" lon="-70.233010"><ele>1717.156</ele><time>2020-04-02T01:05:43Z</time></trkpt><trkpt lat="-32.895390" lon="-70.232740"><ele>1726.381</ele><time>2020-04-02T01:06:03Z</time></trkpt><trkpt lat="-32.895240" lon="-70.232590"><ele>1729.061</ele><time>2020-04-02T01:06:23Z</time></trkpt><trkpt lat="-32.895140" lon="-70.232480"><ele>1729.817</ele><time>2020-04-02T01:06:43Z</time></trkpt><trkpt lat="-32.895080" lon="-70.232420"><ele>1729.908</ele><time>2020-04-02T01:07:03Z</time></trkpt><trkpt lat="-32.895030" lon="-70.232350"><ele>1729.272</ele><time>2020-04-02T01:07:23Z</time></trkpt><trkpt lat="-32.894980" lon="-70.232300"><ele>1729.246</ele><time>2020-04-02T01:07:43Z</time></trkpt><trkpt lat="-32.894930" lon="-70.232230"><ele>1729.159</ele><time>2020-04-02T01:08:03Z</time></trkpt><trkpt lat="-32.894880" lon="-70.232140"><ele>1728.494</ele><time>2020-04-02T01:08:23Z</time></trkpt><trkpt lat="-32.894820" lon="-70.232030"><ele>1727.767</ele><time>2020-04-02T01:08:43Z</time></trkpt><trkpt lat="-32.894770" lon="-70.231930"><ele>1727.019</ele><time>2020-04-02T01:09:03Z</time></trkpt><trkpt lat="-32.894700" lon="-70.231790"><ele>1726.268</ele><time>2020-04-02T01:09:23Z</time></trkpt><trkpt lat="-32.894460" lon="-70.231220"><ele>1728.035</ele><time>2020-04-02T01:09:43Z</time></trkpt><trkpt lat="-32.894380" lon="-70.231030"><ele>1726.971</ele><time>2020-04-02T01:10:03Z</time></trkpt><trkpt lat="-32.894340" lon="-70.230930"><ele>1725.741</ele><time>2020-04-02T01:10:23Z</time></trkpt><trkpt lat="-32.894270" lon="-70.230790"><ele>1724.115</ele><time>2020-04-02T01:10:43Z</time></trkpt><trkpt lat="-32.894220" lon="-70.230680"><ele>1723.108</ele><time>2020-04-02T01:11:03Z</time></trkpt><trkpt lat="-32.894180" lon="-70.230610"><ele>1722.291</ele><time>2020-04-02T01:11:23Z</time></trkpt><trkpt lat="-32.893910" lon="-70.230120"><ele>1724.555</ele><time>2020-04-02T01:11:43Z</time></trkpt><trkpt lat="-32.893830" lon="-70.229970"><ele>1725.798</ele><time>2020-04-02T01:12:03Z</time></trkpt><trkpt lat="-32.893600" lon="-70.229590"><ele>1732.423</ele><time>2020-04-02T01:12:23Z</time></trkpt><trkpt lat="-32.893500" lon="-70.229420"><ele>1733.676</ele><time>2020-04-02T01:12:43Z</time></trkpt><trkpt lat="-32.893350" lon="-70.229190"><ele>1734.028</ele><time>2020-04-02T01:13:03Z</time></trkpt><trkpt lat="-32.893150" lon="-70.228830"><ele>1741.637</ele><time>2020-04-02T01:13:23Z</time></trkpt><trkpt lat="-32.893090" lon="-70.228720"><ele>1744.184</ele><time>2020-04-02T01:13:43Z</time></trkpt><trkpt lat="-32.892680" lon="-70.228010"><ele>1753.993</ele><time>2020-04-02T01:14:03Z</time></trkpt><trkpt lat="-32.892440" lon="-70.227570"><ele>1753.465</ele><time>2020-04-02T01:14:23Z</time></trkpt><trkpt lat="-32.892280" lon="-70.227300"><ele>1761.021</ele><time>2020-04-02T01:14:43Z</time></trkpt><trkpt lat="-32.892120" lon="-70.227020"><ele>1766.708</ele><time>2020-04-02T01:15:03Z</time></trkpt><trkpt lat="-32.892010" lon="-70.226790"><ele>1768.143</ele><time>2020-04-02T01:15:23Z</time></trkpt><trkpt lat="-32.891930" lon="-70.226550"><ele>1767.667</ele><time>2020-04-02T01:15:43Z</time></trkpt><trkpt lat="-32.891790" lon="-70.226170"><ele>1766.380</ele><time>2020-04-02T01:16:03Z</time></trkpt><trkpt lat="-32.891630" lon="-70.225810"><ele>1763.795</ele><time>2020-04-02T01:16:23Z</time></trkpt><trkpt lat="-32.891620" lon="-70.225780"><ele>1764.038</ele><time>2020-04-02T01:16:43Z</time></trkpt><trkpt lat="-32.891500" lon="-70.225560"><ele>1768.390</ele><time>2020-04-02T01:17:03Z</time></trkpt><trkpt lat="-32.891230" lon="-70.225040"><ele>1774.669</ele><time>2020-04-02T01:17:23Z</time></trkpt><trkpt lat="-32.890910" lon="-70.224430"><ele>1772.276</ele><time>2020-04-02T01:17:43Z</time></trkpt><trkpt lat="-32.890710" lon="-70.224020"><ele>1771.523</ele><time>2020-04-02T01:18:03Z</time></trkpt><trkpt lat="-32.890540" lon="-70.223710"><ele>1775.783</ele><time>2020-04-02T01:18:23Z</time></trkpt><trkpt lat="-32.890450" lon="-70.223560"><ele>1777.211</ele><time>2020-04-02T01:18:43Z</time></trkpt><trkpt lat="-32.890420" lon="-70.223530"><ele>1777.808</ele><time>2020-04-02T01:19:03Z</time></trkpt><trkpt lat="-32.890340" lon="-70.223410"><ele>1778.776</ele><time>2020-04-02T01:19:23Z</time></trkpt><trkpt lat="-32.890020" lon="-70.223100"><ele>1782.530</ele><time>2020-04-02T01:19:43Z</time></trkpt><trkpt lat="-32.890020" lon="-70.223090"><ele>1782.433</ele><time>2020-04-02T01:20:03Z</time></trkpt><trkpt lat="-32.889730" lon="-70.222840"><ele>1788.988</ele><time>2020-04-02T01:20:23Z</time></trkpt><trkpt lat="-32.889560" lon="-70.222690"><ele>1790.531</ele><time>2020-04-02T01:20:43Z</time></trkpt><trkpt lat="-32.889370" lon="-70.222520"><ele>1790.113</ele><time>2020-04-02T01:21:03Z</time></trkpt><trkpt lat="-32.889310" lon="-70.222450"><ele>1789.842</ele><time>2020-04-02T01:21:23Z</time></trkpt><trkpt lat="-32.889160" lon="-70.222270"><ele>1789.849</ele><time>2020-04-02T01:21:43Z</time></trkpt><trkpt lat="-32.889080" lon="-70.222170"><ele>1793.247</ele><time>2020-04-02T01:22:03Z</time></trkpt><trkpt lat="-32.889060" lon="-70.222140"><ele>1793.929</ele><time>2020-04-02T01:22:23Z</time></trkpt><trkpt lat="-32.888940" lon="-70.221950"><ele>1797.021</ele><time>2020-04-02T01:22:43Z</time></trkpt><trkpt lat="-32.888840" lon="-70.221800"><ele>1798.908</ele><time>2020-04-02T01:23:03Z</time></trkpt><trkpt lat="-32.888760" lon="-70.221670"><ele>1799.698</ele><time>2020-04-02T01:23:23Z</time></trkpt><trkpt lat="-32.888390" lon="-70.221030"><ele>1808.832</ele><time>2020-04-02T01:23:43Z</time></trkpt><trkpt lat="-32.888350" lon="-70.220970"><ele>1809.115</ele><time>2020-04-02T01:24:03Z</time></trkpt><trkpt lat="-32.888310" lon="-70.220880"><ele>1809.180</ele><time>2020-04-02T01:24:23Z</time></trkpt><trkpt lat="-32.888260" lon="-70.220730"><ele>1808.543</ele><time>2020-04-02T01:24:43Z</time></trkpt><trkpt lat="-32.888170" lon="-70.220500"><ele>1808.075</ele><time>2020-04-02T01:25:03Z</time></trkpt><trkpt lat="-32.888130" lon="-70.220380"><ele>1807.574</ele><time>2020-04-02T01:25:23Z</time></trkpt><trkpt lat="-32.887940" lon="-70.219780"><ele>1808.631</ele><time>2020-04-02T01:25:43Z</time></trkpt><trkpt lat="-32.887800" lon="-70.219350"><ele>1814.437</ele><time>2020-04-02T01:26:03Z</time></trkpt><trkpt lat="-32.887730" lon="-70.219180"><ele>1817.149</ele><time>2020-04-02T01:26:23Z</time></trkpt><trkpt lat="-32.887730" lon="-70.219170"><ele>1817.113</ele><time>2020-04-02T01:26:43Z</time></trkpt><trkpt lat="-32.887660" lon="-70.218990"><ele>1817.508</ele><time>2020-04-02T01:27:03Z</time></trkpt><trkpt lat="-32.887610" lon="-70.218870"><ele>1817.287</ele><time>2020-04-02T01:27:23Z</time></trkpt><trkpt lat="-32.887580" lon="-70.218800"><ele>1816.731</ele><time>2020-04-02T01:27:43Z</time></trkpt><trkpt lat="-32.887560" lon="-70.218740"><ele>1816.034</ele><time>2020-04-02T01:28:03Z</time></trkpt><trkpt lat="-32.887500" lon="-70.218620"><ele>1814.599</ele><time>2020-04-02T01:28:23Z</time></trkpt><trkpt lat="-32.887490" lon="-70.218610"><ele>1814.682</ele><time>2020-04-02T01:28:43Z</time></trkpt><trkpt lat="-32.887400" lon="-70.218470"><ele>1813.924</ele><time>2020-04-02T01:29:03Z</time></trkpt><trkpt lat="-32.887310" lon="-70.218340"><ele>1813.023</ele><time>2020-04-02T01:29:23Z</time></trkpt><trkpt lat="-32.887170" lon="-70.218200"><ele>1815.980</ele><time>2020-04-02T01:29:43Z</time></trkpt><trkpt lat="-32.887030" lon="-70.218090"><ele>1818.432</ele><time>2020-04-02T01:30:03Z</time></trkpt><trkpt lat="-32.886960" lon="-70.218040"><ele>1819.492</ele><time>2020-04-02T01:30:23Z</time></trkpt><trkpt lat="-32.886880" lon="-70.217980"><ele>1820.311</ele><time>2020-04-02T01:30:43Z</time></trkpt><trkpt lat="-32.886810" lon="-70.217940"><ele>1821.008</ele><time>2020-04-02T01:31:03Z</time></trkpt><trkpt lat="-32.886640" lon="-70.217840"><ele>1822.757</ele><time>2020-04-02T01:31:23Z</time></trkpt><trkpt lat="-32.886530" lon="-70.217780"><ele>1825.161</ele><time>2020-04-02T01:31:43Z</time></trkpt><trkpt lat="-32.886310" lon="-70.217630"><ele>1828.624</ele><time>2020-04-02T01:32:03Z</time></trkpt><trkpt lat="-32.886220" lon="-70.217570"><ele>1829.819</ele><time>2020-04-02T01:32:23Z</time></trkpt><trkpt lat="-32.886140" lon="-70.217490"><ele>1830.222</ele><time>2020-04-02T01:32:43Z</time></trkpt><trkpt lat="-32.886050" lon="-70.217370"><ele>1830.654</ele><time>2020-04-02T01:33:03Z</time></trkpt><trkpt lat="-32.885970" lon="-70.217220"><ele>1829.773</ele><time>2020-04-02T01:33:23Z</time></trkpt><trkpt lat="-32.885710" lon="-70.216620"><ele>1822.940</ele><time>2020-04-02T01:33:43Z</time></trkpt><trkpt lat="-32.885460" lon="-70.216050"><ele>1825.268</ele><time>2020-04-02T01:34:03Z</time></trkpt><trkpt lat="-32.885390" lon="-70.215890"><ele>1825.442</ele><time>2020-04-02T01:34:23Z</time></trkpt><trkpt lat="-32.885310" lon="-70.215750"><ele>1826.626</ele><time>2020-04-02T01:34:43Z</time></trkpt><trkpt lat="-32.885230" lon="-70.215620"><ele>1827.808</ele><time>2020-04-02T01:35:03Z</time></trkpt><trkpt lat="-32.885120" lon="-70.215470"><ele>1828.720</ele><time>2020-04-02T01:35:23Z</time></trkpt><trkpt lat="-32.884910" lon="-70.215290"><ele>1830.774</ele><time>2020-04-02T01:35:43Z</time></trkpt><trkpt lat="-32.884630" lon="-70.215070"><ele>1834.087</ele><time>2020-04-02T01:36:03Z</time></trkpt><trkpt lat="-32.884330" lon="-70.214830"><ele>1836.712</ele><time>2020-04-02T01:36:23Z</time></trkpt><trkpt lat="-32.883940" lon="-70.214520"><ele>1838.365</ele><time>2020-04-02T01:36:43Z</time></trkpt><trkpt lat="-32.883470" lon="-70.214170"><ele>1839.337</ele><time>2020-04-02T01:37:03Z</time></trkpt><trkpt lat="-32.883170" lon="-70.213940"><ele>1842.626</ele><time>2020-04-02T01:37:23Z</time></trkpt><trkpt lat="-32.882990" lon="-70.213780"><ele>1845.623</ele><time>2020-04-02T01:37:43Z</time></trkpt><trkpt lat="-32.882960" lon="-70.213750"><ele>1846.176</ele><time>2020-04-02T01:38:03Z</time></trkpt><trkpt lat="-32.882860" lon="-70.213650"><ele>1847.890</ele><time>2020-04-02T01:38:23Z</time></trkpt><trkpt lat="-32.882660" lon="-70.213430"><ele>1851.319</ele><time>2020-04-02T01:38:43Z</time></trkpt><trkpt lat="-32.882290" lon="-70.212960"><ele>1854.008</ele><time>2020-04-02T01:39:03Z</time></trkpt><trkpt lat="-32.882200" lon="-70.212850"><ele>1854.421</ele><time>2020-04-02T01:39:23Z</time></trkpt><trkpt lat="-32.882070" lon="-70.212700"><ele>1855.045</ele><time>2020-04-02T01:39:43Z</time></trkpt><trkpt lat="-32.881840" lon="-70.212400"><ele>1855.958</ele><time>2020-04-02T01:40:03Z</time></trkpt><trkpt lat="-32.881830" lon="-70.212380"><ele>1855.823</ele><time>2020-04-02T01:40:23Z</time></trkpt><trkpt lat="-32.881370" lon="-70.211800"><ele>1857.546</ele><time>2020-04-02T01:40:43Z</time></trkpt><trkpt lat="-32.881090" lon="-70.211450"><ele>1862.688</ele><time>2020-04-02T01:41:03Z</time></trkpt><trkpt lat="-32.880880" lon="-70.211180"><ele>1867.237</ele><time>2020-04-02T01:41:23Z</time></trkpt><trkpt lat="-32.880840" lon="-70.211130"><ele>1867.924</ele><time>2020-04-02T01:41:43Z</time></trkpt><trkpt lat="-32.880720" lon="-70.210980"><ele>1868.763</ele><time>2020-04-02T01:42:03Z</time></trkpt><trkpt lat="-32.879610" lon="-70.209560"><ele>1874.944</ele><time>2020-04-02T01:42:23Z</time></trkpt><trkpt lat="-32.879060" lon="-70.208880"><ele>1882.218</ele><time>2020-04-02T01:42:43Z</time></trkpt><trkpt lat="-32.878770" lon="-70.208520"><ele>1887.208</ele><time>2020-04-02T01:43:03Z</time></trkpt><trkpt lat="-32.878630" lon="-70.208350"><ele>1888.020</ele><time>2020-04-02T01:43:23Z</time></trkpt><trkpt lat="-32.878320" lon="-70.207930"><ele>1892.144</ele><time>2020-04-02T01:43:43Z</time></trkpt><trkpt lat="-32.877910" lon="-70.207410"><ele>1899.087</ele><time>2020-04-02T01:44:03Z</time></trkpt><trkpt lat="-32.877830" lon="-70.207310"><ele>1899.942</ele><time>2020-04-02T01:44:23Z</time></trkpt><trkpt lat="-32.877710" lon="-70.207170"><ele>1901.335</ele><time>2020-04-02T01:44:43Z</time></trkpt><trkpt lat="-32.877510" lon="-70.206950"><ele>1903.917</ele><time>2020-04-02T01:45:03Z</time></trkpt><trkpt lat="-32.877390" lon="-70.206820"><ele>1905.566</ele><time>2020-04-02T01:45:23Z</time></trkpt><trkpt lat="-32.877260" lon="-70.206730"><ele>1907.223</ele><time>2020-04-02T01:45:43Z</time></trkpt><trkpt lat="-32.877130" lon="-70.206640"><ele>1908.871</ele><time>2020-04-02T01:46:03Z</time></trkpt><trkpt lat="-32.877040" lon="-70.206570"><ele>1909.841</ele><time>2020-04-02T01:46:23Z</time></trkpt><trkpt lat="-32.876840" lon="-70.206460"><ele>1912.115</ele><time>2020-04-02T01:46:43Z</time></trkpt><trkpt lat="-32.876670" lon="-70.206380"><ele>1913.908</ele><time>2020-04-02T01:47:03Z</time></trkpt><trkpt lat="-32.876640" lon="-70.206360"><ele>1914.151</ele><time>2020-04-02T01:47:23Z</time></trkpt><trkpt lat="-32.876150" lon="-70.206090"><ele>1914.995</ele><time>2020-04-02T01:47:43Z</time></trkpt><trkpt lat="-32.875880" lon="-70.205930"><ele>1914.138</ele><time>2020-04-02T01:48:03Z</time></trkpt><trkpt lat="-32.875670" lon="-70.205790"><ele>1918.443</ele><time>2020-04-02T01:48:23Z</time></trkpt><trkpt lat="-32.875540" lon="-70.205660"><ele>1921.776</ele><time>2020-04-02T01:48:43Z</time></trkpt><trkpt lat="-32.875500" lon="-70.205630"><ele>1922.748</ele><time>2020-04-02T01:49:03Z</time></trkpt><trkpt lat="-32.875360" lon="-70.205460"><ele>1925.437</ele><time>2020-04-02T01:49:23Z</time></trkpt><trkpt lat="-32.875230" lon="-70.205270"><ele>1926.994</ele><time>2020-04-02T01:49:43Z</time></trkpt><trkpt lat="-32.875130" lon="-70.205080"><ele>1927.077</ele><time>2020-04-02T01:50:03Z</time></trkpt><trkpt lat="-32.875100" lon="-70.204990"><ele>1926.561</ele><time>2020-04-02T01:50:23Z</time></trkpt><trkpt lat="-32.874970" lon="-70.204690"><ele>1927.927</ele><time>2020-04-02T01:50:43Z</time></trkpt><trkpt lat="-32.874730" lon="-70.204100"><ele>1932.708</ele><time>2020-04-02T01:51:03Z</time></trkpt><trkpt lat="-32.874500" lon="-70.203480"><ele>1935.391</ele><time>2020-04-02T01:51:23Z</time></trkpt><trkpt lat="-32.874490" lon="-70.203440"><ele>1935.215</ele><time>2020-04-02T01:51:43Z</time></trkpt><trkpt lat="-32.874300" lon="-70.203000"><ele>1941.218</ele><time>2020-04-02T01:52:03Z</time></trkpt><trkpt lat="-32.874130" lon="-70.202570"><ele>1948.583</ele><time>2020-04-02T01:52:23Z</time></trkpt><trkpt lat="-32.874000" lon="-70.202220"><ele>1951.856</ele><time>2020-04-02T01:52:43Z</time></trkpt><trkpt lat="-32.873870" lon="-70.201890"><ele>1955.358</ele><time>2020-04-02T01:53:03Z</time></trkpt><trkpt lat="-32.873840" lon="-70.201810"><ele>1956.167</ele><time>2020-04-02T01:53:23Z</time></trkpt><trkpt lat="-32.873790" lon="-70.201700"><ele>1957.844</ele><time>2020-04-02T01:53:43Z</time></trkpt><trkpt lat="-32.873730" lon="-70.201570"><ele>1958.223</ele><time>2020-04-02T01:54:03Z</time></trkpt><trkpt lat="-32.873630" lon="-70.201370"><ele>1958.383</ele><time>2020-04-02T01:54:23Z</time></trkpt><trkpt lat="-32.873510" lon="-70.201210"><ele>1960.311</ele><time>2020-04-02T01:54:43Z</time></trkpt><trkpt lat="-32.873490" lon="-70.201170"><ele>1960.408</ele><time>2020-04-02T01:55:03Z</time></trkpt><trkpt lat="-32.873370" lon="-70.201030"><ele>1962.946</ele><time>2020-04-02T01:55:23Z</time></trkpt><trkpt lat="-32.873190" lon="-70.200830"><ele>1965.460</ele><time>2020-04-02T01:55:43Z</time></trkpt><trkpt lat="-32.873100" lon="-70.200730"><ele>1965.543</ele><time>2020-04-02T01:56:03Z</time></trkpt><trkpt lat="-32.872790" lon="-70.200380"><ele>1968.978</ele><time>2020-04-02T01:56:23Z</time></trkpt><trkpt lat="-32.872690" lon="-70.200240"><ele>1970.681</ele><time>2020-04-02T01:56:43Z</time></trkpt><trkpt lat="-32.872610" lon="-70.200100"><ele>1971.733</ele><time>2020-04-02T01:57:03Z</time></trkpt><trkpt lat="-32.872600" lon="-70.200080"><ele>1971.962</ele><time>2020-04-02T01:57:23Z</time></trkpt><trkpt lat="-32.872540" lon="-70.199950"><ele>1972.639</ele><time>2020-04-02T01:57:43Z</time></trkpt><trkpt lat="-32.872470" lon="-70.199730"><ele>1972.279</ele><time>2020-04-02T01:58:03Z</time></trkpt><trkpt lat="-32.872460" lon="-70.199710"><ele>1972.405</ele><time>2020-04-02T01:58:23Z</time></trkpt><trkpt lat="-32.872400" lon="-70.199510"><ele>1972.325</ele><time>2020-04-02T01:58:43Z</time></trkpt><trkpt lat="-32.872330" lon="-70.199330"><ele>1973.508</ele><time>2020-04-02T01:59:03Z</time></trkpt><trkpt lat="-32.872250" lon="-70.199070"><ele>1975.481</ele><time>2020-04-02T01:59:23Z</time></trkpt><trkpt lat="-32.872130" lon="-70.198730"><ele>1980.725</ele><time>2020-04-02T01:59:43Z</time></trkpt><trkpt lat="-32.871990" lon="-70.198330"><ele>1984.318</ele><time>2020-04-02T02:00:03Z</time></trkpt><trkpt lat="-32.871820" lon="-70.197940"><ele>1988.123</ele><time>2020-04-02T02:00:23Z</time></trkpt><trkpt lat="-32.871740" lon="-70.197750"><ele>1989.386</ele><time>2020-04-02T02:00:43Z</time></trkpt><trkpt lat="-32.871680" lon="-70.197610"><ele>1990.088</ele><time>2020-04-02T02:01:03Z</time></trkpt><trkpt lat="-32.871480" lon="-70.197190"><ele>1996.657</ele><time>2020-04-02T02:01:23Z</time></trkpt><trkpt lat="-32.871150" lon="-70.196500"><ele>2009.034</ele><time>2020-04-02T02:01:43Z</time></trkpt><trkpt lat="-32.871120" lon="-70.196450"><ele>2010.189</ele><time>2020-04-02T02:02:03Z</time></trkpt><trkpt lat="-32.871030" lon="-70.196280"><ele>2011.606</ele><time>2020-04-02T02:02:23Z</time></trkpt><trkpt lat="-32.870930" lon="-70.196110"><ele>2011.326</ele><time>2020-04-02T02:02:43Z</time></trkpt><trkpt lat="-32.870810" lon="-70.195930"><ele>2009.408</ele><time>2020-04-02T02:03:03Z</time></trkpt><trkpt lat="-32.870620" lon="-70.195630"><ele>2014.452</ele><time>2020-04-02T02:03:23Z</time></trkpt><trkpt lat="-32.870510" lon="-70.195460"><ele>2017.896</ele><time>2020-04-02T02:03:43Z</time></trkpt><trkpt lat="-32.870410" lon="-70.195270"><ele>2019.779</ele><time>2020-04-02T02:04:03Z</time></trkpt><trkpt lat="-32.870350" lon="-70.195100"><ele>2019.654</ele><time>2020-04-02T02:04:23Z</time></trkpt><trkpt lat="-32.870290" lon="-70.194830"><ele>2018.897</ele><time>2020-04-02T02:04:43Z</time></trkpt><trkpt lat="-32.870240" lon="-70.194670"><ele>2018.799</ele><time>2020-04-02T02:05:03Z</time></trkpt><trkpt lat="-32.870180" lon="-70.194510"><ele>2018.258</ele><time>2020-04-02T02:05:23Z</time></trkpt><trkpt lat="-32.870080" lon="-70.194250"><ele>2015.995</ele><time>2020-04-02T02:05:43Z</time></trkpt><trkpt lat="-32.869950" lon="-70.193970"><ele>2015.529</ele><time>2020-04-02T02:06:03Z</time></trkpt><trkpt lat="-32.869820" lon="-70.193710"><ele>2017.600</ele><time>2020-04-02T02:06:23Z</time></trkpt><trkpt lat="-32.869610" lon="-70.193380"><ele>2020.320</ele><time>2020-04-02T02:06:43Z</time></trkpt><trkpt lat="-32.869460" lon="-70.193210"><ele>2022.408</ele><time>2020-04-02T02:07:03Z</time></trkpt><trkpt lat="-32.869460" lon="-70.193200"><ele>2022.356</ele><time>2020-04-02T02:07:23Z</time></trkpt><trkpt lat="-32.869410" lon="-70.193110"><ele>2022.530</ele><time>2020-04-02T02:07:43Z</time></trkpt><trkpt lat="-32.869370" lon="-70.193040"><ele>2022.573</ele><time>2020-04-02T02:08:03Z</time></trkpt><trkpt lat="-32.869320" lon="-70.192910"><ele>2021.948</ele><time>2020-04-02T02:08:23Z</time></trkpt><trkpt lat="-32.869280" lon="-70.192770"><ele>2020.841</ele><time>2020-04-02T02:08:43Z</time></trkpt><trkpt lat="-32.869260" lon="-70.192630"><ele>2019.373</ele><time>2020-04-02T02:09:03Z</time></trkpt><trkpt lat="-32.869240" lon="-70.192430"><ele>2018.242</ele><time>2020-04-02T02:09:23Z</time></trkpt><trkpt lat="-32.869200" lon="-70.191700"><ele>2022.859</ele><time>2020-04-02T02:09:43Z</time></trkpt><trkpt lat="-32.869180" lon="-70.191390"><ele>2023.339</ele><time>2020-04-02T02:10:03Z</time></trkpt><trkpt lat="-32.869160" lon="-70.191160"><ele>2023.801</ele><time>2020-04-02T02:10:23Z</time></trkpt><trkpt lat="-32.869150" lon="-70.191130"><ele>2024.121</ele><time>2020-04-02T02:10:43Z</time></trkpt><trkpt lat="-32.869130" lon="-70.190990"><ele>2024.808</ele><time>2020-04-02T02:11:03Z</time></trkpt><trkpt lat="-32.869090" lon="-70.190810"><ele>2025.917</ele><time>2020-04-02T02:11:23Z</time></trkpt><trkpt lat="-32.869000" lon="-70.190550"><ele>2026.611</ele><time>2020-04-02T02:11:43Z</time></trkpt><trkpt lat="-32.868850" lon="-70.190090"><ele>2027.284</ele><time>2020-04-02T02:12:03Z</time></trkpt><trkpt lat="-32.868690" lon="-70.189650"><ele>2030.159</ele><time>2020-04-02T02:12:23Z</time></trkpt><trkpt lat="-32.868640" lon="-70.189540"><ele>2030.952</ele><time>2020-04-02T02:12:43Z</time></trkpt><trkpt lat="-32.868610" lon="-70.189470"><ele>2031.354</ele><time>2020-04-02T02:13:03Z</time></trkpt><trkpt lat="-32.868560" lon="-70.189360"><ele>2031.813</ele><time>2020-04-02T02:13:23Z</time></trkpt><trkpt lat="-32.868500" lon="-70.189240"><ele>2032.320</ele><time>2020-04-02T02:13:43Z</time></trkpt><trkpt lat="-32.868430" lon="-70.189130"><ele>2032.771</ele><time>2020-04-02T02:14:03Z</time></trkpt><trkpt lat="-32.868340" lon="-70.188990"><ele>2032.741</ele><time>2020-04-02T02:14:23Z</time></trkpt><trkpt lat="-32.868330" lon="-70.188970"><ele>2032.715</ele><time>2020-04-02T02:14:43Z</time></trkpt><trkpt lat="-32.868190" lon="-70.188780"><ele>2034.608</ele><time>2020-04-02T02:15:03Z</time></trkpt><trkpt lat="-32.868110" lon="-70.188670"><ele>2035.591</ele><time>2020-04-02T02:15:23Z</time></trkpt><trkpt lat="-32.867870" lon="-70.188340"><ele>2037.555</ele><time>2020-04-02T02:15:43Z</time></trkpt><trkpt lat="-32.867630" lon="-70.188030"><ele>2041.598</ele><time>2020-04-02T02:16:03Z</time></trkpt><trkpt lat="-32.867590" lon="-70.187980"><ele>2041.773</ele><time>2020-04-02T02:16:23Z</time></trkpt><trkpt lat="-32.867300" lon="-70.187570"><ele>2047.166</ele><time>2020-04-02T02:16:43Z</time></trkpt><trkpt lat="-32.867240" lon="-70.187460"><ele>2048.858</ele><time>2020-04-02T02:17:03Z</time></trkpt><trkpt lat="-32.867200" lon="-70.187360"><ele>2049.917</ele><time>2020-04-02T02:17:23Z</time></trkpt><trkpt lat="-32.867130" lon="-70.187190"><ele>2051.344</ele><time>2020-04-02T02:17:43Z</time></trkpt><trkpt lat="-32.867070" lon="-70.186970"><ele>2051.556</ele><time>2020-04-02T02:18:03Z</time></trkpt><trkpt lat="-32.867020" lon="-70.186750"><ele>2050.959</ele><time>2020-04-02T02:18:23Z</time></trkpt><trkpt lat="-32.867010" lon="-70.186710"><ele>2050.814</ele><time>2020-04-02T02:18:43Z</time></trkpt><trkpt lat="-32.866970" lon="-70.186540"><ele>2050.608</ele><time>2020-04-02T02:19:03Z</time></trkpt><trkpt lat="-32.866970" lon="-70.186530"><ele>2050.649</ele><time>2020-04-02T02:19:23Z</time></trkpt><trkpt lat="-32.866920" lon="-70.186400"><ele>2050.833</ele><time>2020-04-02T02:19:43Z</time></trkpt><trkpt lat="-32.866890" lon="-70.186310"><ele>2050.866</ele><time>2020-04-02T02:20:03Z</time></trkpt><trkpt lat="-32.866860" lon="-70.186240"><ele>2050.931</ele><time>2020-04-02T02:20:23Z</time></trkpt><trkpt lat="-32.866800" lon="-70.186150"><ele>2051.334</ele><time>2020-04-02T02:20:43Z</time></trkpt><trkpt lat="-32.866740" lon="-70.186040"><ele>2051.516</ele><time>2020-04-02T02:21:03Z</time></trkpt><trkpt lat="-32.866500" lon="-70.185700"><ele>2055.345</ele><time>2020-04-02T02:21:23Z</time></trkpt><trkpt lat="-32.866360" lon="-70.185490"><ele>2057.582</ele><time>2020-04-02T02:21:43Z</time></trkpt><trkpt lat="-32.866250" lon="-70.185330"><ele>2058.947</ele><time>2020-04-02T02:22:03Z</time></trkpt><trkpt lat="-32.866170" lon="-70.185190"><ele>2059.329</ele><time>2020-04-02T02:22:23Z</time></trkpt><trkpt lat="-32.866120" lon="-70.185090"><ele>2059.421</ele><time>2020-04-02T02:22:43Z</time></trkpt><trkpt lat="-32.866070" lon="-70.184950"><ele>2059.408</ele><time>2020-04-02T02:23:03Z</time></trkpt><trkpt lat="-32.866030" lon="-70.184820"><ele>2060.178</ele><time>2020-04-02T02:23:23Z</time></trkpt><trkpt lat="-32.866010" lon="-70.184730"><ele>2060.372</ele><time>2020-04-02T02:23:43Z</time></trkpt><trkpt lat="-32.865990" lon="-70.184630"><ele>2060.445</ele><time>2020-04-02T02:24:03Z</time></trkpt><trkpt lat="-32.865980" lon="-70.184540"><ele>2060.330</ele><time>2020-04-02T02:24:23Z</time></trkpt><trkpt lat="-32.865970" lon="-70.184450"><ele>2060.133</ele><time>2020-04-02T02:24:43Z</time></trkpt><trkpt lat="-32.865960" lon="-70.184380"><ele>2060.095</ele><time>2020-04-02T02:25:03Z</time></trkpt><trkpt lat="-32.865960" lon="-70.184330"><ele>2059.834</ele><time>2020-04-02T02:25:23Z</time></trkpt><trkpt lat="-32.865960" lon="-70.184310"><ele>2059.771</ele><time>2020-04-02T02:25:43Z</time></trkpt><trkpt lat="-32.865970" lon="-70.184140"><ele>2059.444</ele><time>2020-04-02T02:26:03Z</time></trkpt><trkpt lat="-32.866020" lon="-70.183760"><ele>2064.005</ele><time>2020-04-02T02:26:23Z</time></trkpt><trkpt lat="-32.866060" lon="-70.183450"><ele>2067.515</ele><time>2020-04-02T02:26:43Z</time></trkpt><trkpt lat="-32.866080" lon="-70.183270"><ele>2069.308</ele><time>2020-04-02T02:27:03Z</time></trkpt><trkpt lat="-32.866100" lon="-70.183140"><ele>2070.068</ele><time>2020-04-02T02:27:23Z</time></trkpt><trkpt lat="-32.866120" lon="-70.182830"><ele>2072.462</ele><time>2020-04-02T02:27:43Z</time></trkpt><trkpt lat="-32.866120" lon="-70.182580"><ele>2074.795</ele><time>2020-04-02T02:28:03Z</time></trkpt><trkpt lat="-32.866100" lon="-70.182260"><ele>2077.870</ele><time>2020-04-02T02:28:23Z</time></trkpt><trkpt lat="-32.866080" lon="-70.181990"><ele>2080.583</ele><time>2020-04-02T02:28:43Z</time></trkpt><trkpt lat="-32.866060" lon="-70.181770"><ele>2082.985</ele><time>2020-04-02T02:29:03Z</time></trkpt><trkpt lat="-32.866040" lon="-70.181560"><ele>2084.234</ele><time>2020-04-02T02:29:23Z</time></trkpt><trkpt lat="-32.866020" lon="-70.181350"><ele>2084.561</ele><time>2020-04-02T02:29:43Z</time></trkpt><trkpt lat="-32.866000" lon="-70.181030"><ele>2084.758</ele><time>2020-04-02T02:30:03Z</time></trkpt><trkpt lat="-32.865980" lon="-70.180880"><ele>2085.052</ele><time>2020-04-02T02:30:23Z</time></trkpt><trkpt lat="-32.865950" lon="-70.180770"><ele>2085.217</ele><time>2020-04-02T02:30:43Z</time></trkpt><trkpt lat="-32.865940" lon="-70.180720"><ele>2085.008</ele><time>2020-04-02T02:31:03Z</time></trkpt><trkpt lat="-32.865920" lon="-70.180630"><ele>2084.689</ele><time>2020-04-02T02:31:23Z</time></trkpt><trkpt lat="-32.865880" lon="-70.180500"><ele>2084.143</ele><time>2020-04-02T02:31:43Z</time></trkpt><trkpt lat="-32.865830" lon="-70.180370"><ele>2083.586</ele><time>2020-04-02T02:32:03Z</time></trkpt><trkpt lat="-32.865780" lon="-70.180230"><ele>2082.851</ele><time>2020-04-02T02:32:23Z</time></trkpt><trkpt lat="-32.865740" lon="-70.180140"><ele>2082.584</ele><time>2020-04-02T02:32:43Z</time></trkpt><trkpt lat="-32.865680" lon="-70.180020"><ele>2082.296</ele><time>2020-04-02T02:33:03Z</time></trkpt><trkpt lat="-32.865600" lon="-70.179900"><ele>2082.345</ele><time>2020-04-02T02:33:23Z</time></trkpt><trkpt lat="-32.865510" lon="-70.179760"><ele>2082.462</ele><time>2020-04-02T02:33:43Z</time></trkpt><trkpt lat="-32.865400" lon="-70.179610"><ele>2082.633</ele><time>2020-04-02T02:34:03Z</time></trkpt><trkpt lat="-32.864980" lon="-70.179120"><ele>2083.723</ele><time>2020-04-02T02:34:23Z</time></trkpt><trkpt lat="-32.864640" lon="-70.178700"><ele>2082.515</ele><time>2020-04-02T02:34:43Z</time></trkpt><trkpt lat="-32.864520" lon="-70.178540"><ele>2081.808</ele><time>2020-04-02T02:35:03Z</time></trkpt><trkpt lat="-32.864480" lon="-70.178480"><ele>2081.477</ele><time>2020-04-02T02:35:23Z</time></trkpt><trkpt lat="-32.864360" lon="-70.178310"><ele>2080.621</ele><time>2020-04-02T02:35:43Z</time></trkpt><trkpt lat="-32.864250" lon="-70.178120"><ele>2080.784</ele><time>2020-04-02T02:36:03Z</time></trkpt><trkpt lat="-32.864160" lon="-70.177970"><ele>2080.549</ele><time>2020-04-02T02:36:23Z</time></trkpt><trkpt lat="-32.864090" lon="-70.177860"><ele>2080.752</ele><time>2020-04-02T02:36:43Z</time></trkpt><trkpt lat="-32.864010" lon="-70.177700"><ele>2080.774</ele><time>2020-04-02T02:37:03Z</time></trkpt><trkpt lat="-32.863990" lon="-70.177680"><ele>2080.853</ele><time>2020-04-02T02:37:23Z</time></trkpt><trkpt lat="-32.863610" lon="-70.176980"><ele>2086.720</ele><time>2020-04-02T02:37:43Z</time></trkpt><trkpt lat="-32.863410" lon="-70.176600"><ele>2089.568</ele><time>2020-04-02T02:38:03Z</time></trkpt><trkpt lat="-32.863150" lon="-70.176150"><ele>2093.242</ele><time>2020-04-02T02:38:23Z</time></trkpt><trkpt lat="-32.862580" lon="-70.175110"><ele>2102.326</ele><time>2020-04-02T02:38:43Z</time></trkpt><trkpt lat="-32.862340" lon="-70.174700"><ele>2107.308</ele><time>2020-04-02T02:39:03Z</time></trkpt><trkpt lat="-32.862280" lon="-70.174590"><ele>2108.770</ele><time>2020-04-02T02:39:23Z</time></trkpt><trkpt lat="-32.862230" lon="-70.174470"><ele>2109.834</ele><time>2020-04-02T02:39:43Z</time></trkpt><trkpt lat="-32.862160" lon="-70.174290"><ele>2111.347</ele><time>2020-04-02T02:40:03Z</time></trkpt><trkpt lat="-32.862120" lon="-70.174120"><ele>2112.482</ele><time>2020-04-02T02:40:23Z</time></trkpt><trkpt lat="-32.862080" lon="-70.173900"><ele>2114.685</ele><time>2020-04-02T02:40:43Z</time></trkpt><trkpt lat="-32.862080" lon="-70.173760"><ele>2115.747</ele><time>2020-04-02T02:41:03Z</time></trkpt><trkpt lat="-32.862080" lon="-70.173700"><ele>2116.276</ele><time>2020-04-02T02:41:23Z</time></trkpt><trkpt lat="-32.862070" lon="-70.173620"><ele>2116.993</ele><time>2020-04-02T02:41:43Z</time></trkpt><trkpt lat="-32.862090" lon="-70.173490"><ele>2117.771</ele><time>2020-04-02T02:42:03Z</time></trkpt><trkpt lat="-32.862100" lon="-70.173380"><ele>2118.541</ele><time>2020-04-02T02:42:23Z</time></trkpt><trkpt lat="-32.862140" lon="-70.173230"><ele>2118.915</ele><time>2020-04-02T02:42:43Z</time></trkpt><trkpt lat="-32.862220" lon="-70.173000"><ele>2119.208</ele><time>2020-04-02T02:43:03Z</time></trkpt><trkpt lat="-32.862250" lon="-70.172900"><ele>2119.371</ele><time>2020-04-02T02:43:23Z</time></trkpt><trkpt lat="-32.862990" lon="-70.171110"><ele>2127.295</ele><time>2020-04-02T02:43:43Z</time></trkpt><trkpt lat="-32.863310" lon="-70.170280"><ele>2125.728</ele><time>2020-04-02T02:44:03Z</time></trkpt><trkpt lat="-32.863370" lon="-70.170140"><ele>2125.783</ele><time>2020-04-02T02:44:23Z</time></trkpt><trkpt lat="-32.863450" lon="-70.169950"><ele>2127.056</ele><time>2020-04-02T02:44:43Z</time></trkpt><trkpt lat="-32.863620" lon="-70.169550"><ele>2131.428</ele><time>2020-04-02T02:45:03Z</time></trkpt><trkpt lat="-32.863730" lon="-70.169270"><ele>2133.147</ele><time>2020-04-02T02:45:23Z</time></trkpt><trkpt lat="-32.863810" lon="-70.169080"><ele>2133.774</ele><time>2020-04-02T02:45:43Z</time></trkpt><trkpt lat="-32.863940" lon="-70.168750"><ele>2133.499</ele><time>2020-04-02T02:46:03Z</time></trkpt><trkpt lat="-32.864000" lon="-70.168520"><ele>2132.707</ele><time>2020-04-02T02:46:23Z</time></trkpt><trkpt lat="-32.864030" lon="-70.168280"><ele>2132.327</ele><time>2020-04-02T02:46:43Z</time></trkpt><trkpt lat="-32.864030" lon="-70.168270"><ele>2132.308</ele><time>2020-04-02T02:47:03Z</time></trkpt><trkpt lat="-32.864060" lon="-70.168000"><ele>2132.543</ele><time>2020-04-02T02:47:23Z</time></trkpt><trkpt lat="-32.864080" lon="-70.166560"><ele>2136.757</ele><time>2020-04-02T02:47:43Z</time></trkpt><trkpt lat="-32.864090" lon="-70.166130"><ele>2137.360</ele><time>2020-04-02T02:48:03Z</time></trkpt><trkpt lat="-32.864090" lon="-70.165760"><ele>2138.525</ele><time>2020-04-02T02:48:23Z</time></trkpt><trkpt lat="-32.864100" lon="-70.165700"><ele>2138.958</ele><time>2020-04-02T02:48:43Z</time></trkpt><trkpt lat="-32.864100" lon="-70.165270"><ele>2142.980</ele><time>2020-04-02T02:49:03Z</time></trkpt><trkpt lat="-32.864110" lon="-70.165030"><ele>2144.959</ele><time>2020-04-02T02:49:23Z</time></trkpt><trkpt lat="-32.864110" lon="-70.164760"><ele>2147.456</ele><time>2020-04-02T02:49:43Z</time></trkpt><trkpt lat="-32.864120" lon="-70.164630"><ele>2148.356</ele><time>2020-04-02T02:50:03Z</time></trkpt><trkpt lat="-32.864130" lon="-70.164540"><ele>2148.959</ele><time>2020-04-02T02:50:23Z</time></trkpt><trkpt lat="-32.864150" lon="-70.164420"><ele>2149.414</ele><time>2020-04-02T02:50:43Z</time></trkpt><trkpt lat="-32.864170" lon="-70.164270"><ele>2150.108</ele><time>2020-04-02T02:51:03Z</time></trkpt><trkpt lat="-32.864230" lon="-70.164010"><ele>2154.379</ele><time>2020-04-02T02:51:23Z</time></trkpt><trkpt lat="-32.864330" lon="-70.163620"><ele>2162.163</ele><time>2020-04-02T02:51:43Z</time></trkpt><trkpt lat="-32.864390" lon="-70.163390"><ele>2165.986</ele><time>2020-04-02T02:52:03Z</time></trkpt><trkpt lat="-32.864490" lon="-70.162980"><ele>2167.911</ele><time>2020-04-02T02:52:23Z</time></trkpt><trkpt lat="-32.864520" lon="-70.162820"><ele>2168.734</ele><time>2020-04-02T02:52:43Z</time></trkpt><trkpt lat="-32.864550" lon="-70.162700"><ele>2169.066</ele><time>2020-04-02T02:53:03Z</time></trkpt><trkpt lat="-32.864570" lon="-70.162590"><ele>2169.585</ele><time>2020-04-02T02:53:23Z</time></trkpt><trkpt lat="-32.864580" lon="-70.162520"><ele>2169.912</ele><time>2020-04-02T02:53:43Z</time></trkpt><trkpt lat="-32.864590" lon="-70.162430"><ele>2170.011</ele><time>2020-04-02T02:54:03Z</time></trkpt><trkpt lat="-32.864600" lon="-70.162360"><ele>2169.921</ele><time>2020-04-02T02:54:23Z</time></trkpt><trkpt lat="-32.864590" lon="-70.162220"><ele>2170.903</ele><time>2020-04-02T02:54:43Z</time></trkpt><trkpt lat="-32.864570" lon="-70.161980"><ele>2172.808</ele><time>2020-04-02T02:55:03Z</time></trkpt><trkpt lat="-32.864540" lon="-70.161600"><ele>2175.875</ele><time>2020-04-02T02:55:23Z</time></trkpt><trkpt lat="-32.864510" lon="-70.161060"><ele>2179.499</ele><time>2020-04-02T02:55:43Z</time></trkpt><trkpt lat="-32.864510" lon="-70.160900"><ele>2180.192</ele><time>2020-04-02T02:56:03Z</time></trkpt><trkpt lat="-32.864520" lon="-70.160740"><ele>2181.887</ele><time>2020-04-02T02:56:23Z</time></trkpt><trkpt lat="-32.864550" lon="-70.160500"><ele>2185.180</ele><time>2020-04-02T02:56:43Z</time></trkpt><trkpt lat="-32.864640" lon="-70.159890"><ele>2190.212</ele><time>2020-04-02T02:57:03Z</time></trkpt><trkpt lat="-32.864680" lon="-70.159590"><ele>2189.451</ele><time>2020-04-02T02:57:23Z</time></trkpt><trkpt lat="-32.864690" lon="-70.159530"><ele>2189.168</ele><time>2020-04-02T02:57:43Z</time></trkpt><trkpt lat="-32.864730" lon="-70.159210"><ele>2188.785</ele><time>2020-04-02T02:58:03Z</time></trkpt><trkpt lat="-32.864790" lon="-70.158740"><ele>2192.789</ele><time>2020-04-02T02:58:23Z</time></trkpt><trkpt lat="-32.864800" lon="-70.158630"><ele>2194.017</ele><time>2020-04-02T02:58:43Z</time></trkpt><trkpt lat="-32.864820" lon="-70.158400"><ele>2196.708</ele><time>2020-04-02T02:59:03Z</time></trkpt><trkpt lat="-32.864820" lon="-70.158200"><ele>2196.722</ele><time>2020-04-02T02:59:23Z</time></trkpt><trkpt lat="-32.864820" lon="-70.158100"><ele>2196.066</ele><time>2020-04-02T02:59:43Z</time></trkpt><trkpt lat="-32.864820" lon="-70.158030"><ele>2195.469</ele><time>2020-04-02T03:00:03Z</time></trkpt><trkpt lat="-32.864790" lon="-70.157890"><ele>2195.664</ele><time>2020-04-02T03:00:23Z</time></trkpt><trkpt lat="-32.864760" lon="-70.157660"><ele>2195.187</ele><time>2020-04-02T03:00:43Z</time></trkpt><trkpt lat="-32.864720" lon="-70.157480"><ele>2195.539</ele><time>2020-04-02T03:01:03Z</time></trkpt><trkpt lat="-32.864630" lon="-70.157040"><ele>2200.418</ele><time>2020-04-02T03:01:23Z</time></trkpt><trkpt lat="-32.864610" lon="-70.156920"><ele>2201.695</ele><time>2020-04-02T03:01:43Z</time></trkpt><trkpt lat="-32.864600" lon="-70.156810"><ele>2202.353</ele><time>2020-04-02T03:02:03Z</time></trkpt><trkpt lat="-32.864590" lon="-70.156720"><ele>2203.004</ele><time>2020-04-02T03:02:23Z</time></trkpt><trkpt lat="-32.864590" lon="-70.156620"><ele>2204.114</ele><time>2020-04-02T03:02:43Z</time></trkpt><trkpt lat="-32.864600" lon="-70.156490"><ele>2206.008</ele><time>2020-04-02T03:03:03Z</time></trkpt><trkpt lat="-32.864610" lon="-70.156340"><ele>2208.279</ele><time>2020-04-02T03:03:23Z</time></trkpt><trkpt lat="-32.864630" lon="-70.156220"><ele>2209.243</ele><time>2020-04-02T03:03:43Z</time></trkpt><trkpt lat="-32.864660" lon="-70.156090"><ele>2209.686</ele><time>2020-04-02T03:04:03Z</time></trkpt><trkpt lat="-32.864690" lon="-70.156000"><ele>2209.271</ele><time>2020-04-02T03:04:23Z</time></trkpt><trkpt lat="-32.864720" lon="-70.155880"><ele>2209.124</ele><time>2020-04-02T03:04:43Z</time></trkpt><trkpt lat="-32.864870" lon="-70.155400"><ele>2205.796</ele><time>2020-04-02T03:05:03Z</time></trkpt><trkpt lat="-32.864960" lon="-70.155110"><ele>2202.265</ele><time>2020-04-02T03:05:23Z</time></trkpt><trkpt lat="-32.865110" lon="-70.154550"><ele>2206.062</ele><time>2020-04-02T03:05:43Z</time></trkpt><trkpt lat="-32.865340" lon="-70.153780"><ele>2208.639</ele><time>2020-04-02T03:06:03Z</time></trkpt><trkpt lat="-32.865350" lon="-70.153750"><ele>2208.601</ele><time>2020-04-02T03:06:23Z</time></trkpt><trkpt lat="-32.865400" lon="-70.153610"><ele>2208.221</ele><time>2020-04-02T03:06:43Z</time></trkpt><trkpt lat="-32.865410" lon="-70.153570"><ele>2208.108</ele><time>2020-04-02T03:07:03Z</time></trkpt><trkpt lat="-32.865430" lon="-70.153530"><ele>2207.987</ele><time>2020-04-02T03:07:23Z</time></trkpt><trkpt lat="-32.865450" lon="-70.153490"><ele>2207.711</ele><time>2020-04-02T03:07:43Z</time></trkpt><trkpt lat="-32.865490" lon="-70.153440"><ele>2207.194</ele><time>2020-04-02T03:08:03Z</time></trkpt><trkpt lat="-32.865520" lon="-70.153400"><ele>2206.799</ele><time>2020-04-02T03:08:23Z</time></trkpt><trkpt lat="-32.865560" lon="-70.153340"><ele>2206.222</ele><time>2020-04-02T03:08:43Z</time></trkpt><trkpt lat="-32.865600" lon="-70.153290"><ele>2206.564</ele><time>2020-04-02T03:09:03Z</time></trkpt><trkpt lat="-32.865690" lon="-70.153210"><ele>2206.523</ele><time>2020-04-02T03:09:23Z</time></trkpt><trkpt lat="-32.865890" lon="-70.153060"><ele>2207.260</ele><time>2020-04-02T03:09:43Z</time></trkpt><trkpt lat="-32.866120" lon="-70.152900"><ele>2210.646</ele><time>2020-04-02T03:10:03Z</time></trkpt><trkpt lat="-32.866810" lon="-70.152390"><ele>2211.988</ele><time>2020-04-02T03:10:23Z</time></trkpt><trkpt lat="-32.866890" lon="-70.152330"><ele>2212.316</ele><time>2020-04-02T03:10:43Z</time></trkpt><trkpt lat="-32.867000" lon="-70.152250"><ele>2212.808</ele><time>2020-04-02T03:11:03Z</time></trkpt><trkpt lat="-32.867140" lon="-70.152140"><ele>2213.368</ele><time>2020-04-02T03:11:23Z</time></trkpt><trkpt lat="-32.867200" lon="-70.152070"><ele>2213.542</ele><time>2020-04-02T03:11:43Z</time></trkpt><trkpt lat="-32.867250" lon="-70.152010"><ele>2213.725</ele><time>2020-04-02T03:12:03Z</time></trkpt><trkpt lat="-32.867280" lon="-70.151950"><ele>2213.850</ele><time>2020-04-02T03:12:23Z</time></trkpt><trkpt lat="-32.867320" lon="-70.151870"><ele>2214.083</ele><time>2020-04-02T03:12:43Z</time></trkpt><trkpt lat="-32.867360" lon="-70.151750"><ele>2214.255</ele><time>2020-04-02T03:13:03Z</time></trkpt><trkpt lat="-32.867370" lon="-70.151730"><ele>2214.294</ele><time>2020-04-02T03:13:23Z</time></trkpt><trkpt lat="-32.867390" lon="-70.151630"><ele>2214.681</ele><time>2020-04-02T03:13:43Z</time></trkpt><trkpt lat="-32.867400" lon="-70.151520"><ele>2215.576</ele><time>2020-04-02T03:14:03Z</time></trkpt><trkpt lat="-32.867400" lon="-70.151430"><ele>2216.390</ele><time>2020-04-02T03:14:23Z</time></trkpt><trkpt lat="-32.867390" lon="-70.151340"><ele>2217.119</ele><time>2020-04-02T03:14:43Z</time></trkpt><trkpt lat="-32.867380" lon="-70.151310"><ele>2217.308</ele><time>2020-04-02T03:15:03Z</time></trkpt><trkpt lat="-32.867350" lon="-70.151150"><ele>2218.821</ele><time>2020-04-02T03:15:23Z</time></trkpt><trkpt lat="-32.867180" lon="-70.150490"><ele>2224.155</ele><time>2020-04-02T03:15:43Z</time></trkpt><trkpt lat="-32.867120" lon="-70.150280"><ele>2225.428</ele><time>2020-04-02T03:16:03Z</time></trkpt><trkpt lat="-32.867010" lon="-70.149870"><ele>2229.523</ele><time>2020-04-02T03:16:23Z</time></trkpt><trkpt lat="-32.867000" lon="-70.149820"><ele>2230.456</ele><time>2020-04-02T03:16:43Z</time></trkpt><trkpt lat="-32.866960" lon="-70.149710"><ele>2232.128</ele><time>2020-04-02T03:17:03Z</time></trkpt><trkpt lat="-32.866930" lon="-70.149610"><ele>2233.557</ele><time>2020-04-02T03:17:23Z</time></trkpt><trkpt lat="-32.866870" lon="-70.149500"><ele>2234.474</ele><time>2020-04-02T03:17:43Z</time></trkpt><trkpt lat="-32.866830" lon="-70.149420"><ele>2234.935</ele><time>2020-04-02T03:18:03Z</time></trkpt><trkpt lat="-32.866790" lon="-70.149370"><ele>2234.886</ele><time>2020-04-02T03:18:23Z</time></trkpt><trkpt lat="-32.866770" lon="-70.149340"><ele>2234.714</ele><time>2020-04-02T03:18:43Z</time></trkpt><trkpt lat="-32.866750" lon="-70.149320"><ele>2234.508</ele><time>2020-04-02T03:19:03Z</time></trkpt><trkpt lat="-32.866740" lon="-70.149310"><ele>2234.417</ele><time>2020-04-02T03:19:23Z</time></trkpt><trkpt lat="-32.866690" lon="-70.149260"><ele>2233.861</ele><time>2020-04-02T03:19:43Z</time></trkpt><trkpt lat="-32.866630" lon="-70.149200"><ele>2234.064</ele><time>2020-04-02T03:20:03Z</time></trkpt><trkpt lat="-32.866580" lon="-70.149160"><ele>2234.979</ele><time>2020-04-02T03:20:23Z</time></trkpt><trkpt lat="-32.866520" lon="-70.149120"><ele>2237.022</ele><time>2020-04-02T03:20:43Z</time></trkpt><trkpt lat="-32.866440" lon="-70.149070"><ele>2239.554</ele><time>2020-04-02T03:21:03Z</time></trkpt><trkpt lat="-32.866220" lon="-70.148950"><ele>2244.783</ele><time>2020-04-02T03:21:23Z</time></trkpt><trkpt lat="-32.865410" lon="-70.148490"><ele>2256.410</ele><time>2020-04-02T03:21:43Z</time></trkpt><trkpt lat="-32.865080" lon="-70.148300"><ele>2258.523</ele><time>2020-04-02T03:22:03Z</time></trkpt><trkpt lat="-32.864280" lon="-70.147830"><ele>2269.483</ele><time>2020-04-02T03:22:23Z</time></trkpt><trkpt lat="-32.863360" lon="-70.147300"><ele>2279.811</ele><time>2020-04-02T03:22:43Z</time></trkpt><trkpt lat="-32.863290" lon="-70.147250"><ele>2281.208</ele><time>2020-04-02T03:23:03Z</time></trkpt><trkpt lat="-32.863260" lon="-70.147220"><ele>2282.146</ele><time>2020-04-02T03:23:23Z</time></trkpt><trkpt lat="-32.863220" lon="-70.147170"><ele>2283.330</ele><time>2020-04-02T03:23:43Z</time></trkpt><trkpt lat="-32.863200" lon="-70.147150"><ele>2283.963</ele><time>2020-04-02T03:24:03Z</time></trkpt><trkpt lat="-32.863190" lon="-70.147120"><ele>2284.598</ele><time>2020-04-02T03:24:23Z</time></trkpt><trkpt lat="-32.863180" lon="-70.147080"><ele>2285.231</ele><time>2020-04-02T03:24:43Z</time></trkpt><trkpt lat="-32.863180" lon="-70.147040"><ele>2285.783</ele><time>2020-04-02T03:25:03Z</time></trkpt><trkpt lat="-32.863170" lon="-70.146950"><ele>2287.162</ele><time>2020-04-02T03:25:23Z</time></trkpt><trkpt lat="-32.863170" lon="-70.146920"><ele>2287.689</ele><time>2020-04-02T03:25:43Z</time></trkpt><trkpt lat="-32.863180" lon="-70.146890"><ele>2287.948</ele><time>2020-04-02T03:26:03Z</time></trkpt><trkpt lat="-32.863190" lon="-70.146860"><ele>2288.161</ele><time>2020-04-02T03:26:23Z</time></trkpt><trkpt lat="-32.863200" lon="-70.146830"><ele>2288.417</ele><time>2020-04-02T03:26:43Z</time></trkpt><trkpt lat="-32.863220" lon="-70.146820"><ele>2288.308</ele><time>2020-04-02T03:27:03Z</time></trkpt><trkpt lat="-32.863240" lon="-70.146790"><ele>2288.518</ele><time>2020-04-02T03:27:23Z</time></trkpt><trkpt lat="-32.863280" lon="-70.146760"><ele>2288.492</ele><time>2020-04-02T03:27:43Z</time></trkpt><trkpt lat="-32.863330" lon="-70.146740"><ele>2288.065</ele><time>2020-04-02T03:28:03Z</time></trkpt><trkpt lat="-32.863390" lon="-70.146730"><ele>2288.330</ele><time>2020-04-02T03:28:23Z</time></trkpt><trkpt lat="-32.863430" lon="-70.146720"><ele>2288.593</ele><time>2020-04-02T03:28:43Z</time></trkpt><trkpt lat="-32.863480" lon="-70.146720"><ele>2288.775</ele><time>2020-04-02T03:29:03Z</time></trkpt><trkpt lat="-32.863540" lon="-70.146720"><ele>2288.864</ele><time>2020-04-02T03:29:23Z</time></trkpt><trkpt lat="-32.863610" lon="-70.146730"><ele>2288.931</ele><time>2020-04-02T03:29:43Z</time></trkpt><trkpt lat="-32.863720" lon="-70.146760"><ele>2288.655</ele><time>2020-04-02T03:30:03Z</time></trkpt><trkpt lat="-32.863960" lon="-70.146810"><ele>2288.207</ele><time>2020-04-02T03:30:23Z</time></trkpt><trkpt lat="-32.864020" lon="-70.146820"><ele>2288.117</ele><time>2020-04-02T03:30:43Z</time></trkpt><trkpt lat="-32.864200" lon="-70.146860"><ele>2288.008</ele><time>2020-04-02T03:31:03Z</time></trkpt><trkpt lat="-32.864370" lon="-70.146890"><ele>2290.849</ele><time>2020-04-02T03:31:23Z</time></trkpt><trkpt lat="-32.864550" lon="-70.146930"><ele>2293.323</ele><time>2020-04-02T03:31:43Z</time></trkpt><trkpt lat="-32.864740" lon="-70.146960"><ele>2296.116</ele><time>2020-04-02T03:32:03Z</time></trkpt><trkpt lat="-32.864910" lon="-70.146990"><ele>2298.471</ele><time>2020-04-02T03:32:23Z</time></trkpt><trkpt lat="-32.864970" lon="-70.147000"><ele>2299.294</ele><time>2020-04-02T03:32:43Z</time></trkpt><trkpt lat="-32.865020" lon="-70.147000"><ele>2299.916</ele><time>2020-04-02T03:33:03Z</time></trkpt><trkpt lat="-32.865040" lon="-70.146990"><ele>2300.335</ele><time>2020-04-02T03:33:23Z</time></trkpt><trkpt lat="-32.865050" lon="-70.146980"><ele>2300.752</ele><time>2020-04-02T03:33:43Z</time></trkpt><trkpt lat="-32.865070" lon="-70.146970"><ele>2301.252</ele><time>2020-04-02T03:34:03Z</time></trkpt><trkpt lat="-32.865090" lon="-70.146960"><ele>2301.653</ele><time>2020-04-02T03:34:23Z</time></trkpt><trkpt lat="-32.865100" lon="-70.146950"><ele>2302.008</ele><time>2020-04-02T03:34:43Z</time></trkpt><trkpt lat="-32.865120" lon="-70.146920"><ele>2303.108</ele><time>2020-04-02T03:35:03Z</time></trkpt><trkpt lat="-32.865130" lon="-70.146890"><ele>2304.259</ele><time>2020-04-02T03:35:23Z</time></trkpt><trkpt lat="-32.865130" lon="-70.146860"><ele>2305.363</ele><time>2020-04-02T03:35:43Z</time></trkpt><trkpt lat="-32.865140" lon="-70.146840"><ele>2306.056</ele><time>2020-04-02T03:36:03Z</time></trkpt><trkpt lat="-32.865140" lon="-70.146820"><ele>2306.741</ele><time>2020-04-02T03:36:23Z</time></trkpt><trkpt lat="-32.865130" lon="-70.146780"><ele>2308.064</ele><time>2020-04-02T03:36:43Z</time></trkpt><trkpt lat="-32.865120" lon="-70.146740"><ele>2309.356</ele><time>2020-04-02T03:37:03Z</time></trkpt><trkpt lat="-32.865110" lon="-70.146700"><ele>2310.675</ele><time>2020-04-02T03:37:23Z</time></trkpt><trkpt lat="-32.865090" lon="-70.146670"><ele>2311.582</ele><time>2020-04-02T03:37:43Z</time></trkpt><trkpt lat="-32.865070" lon="-70.146650"><ele>2312.079</ele><time>2020-04-02T03:38:03Z</time></trkpt><trkpt lat="-32.865040" lon="-70.146630"><ele>2312.505</ele><time>2020-04-02T03:38:23Z</time></trkpt><trkpt lat="-32.865020" lon="-70.146620"><ele>2312.725</ele><time>2020-04-02T03:38:43Z</time></trkpt><trkpt lat="-32.864950" lon="-70.146580"><ele>2312.708</ele><time>2020-04-02T03:39:03Z</time></trkpt><trkpt lat="-32.864850" lon="-70.146540"><ele>2312.021</ele><time>2020-04-02T03:39:23Z</time></trkpt><trkpt lat="-32.864470" lon="-70.146380"><ele>2310.645</ele><time>2020-04-02T03:39:43Z</time></trkpt><trkpt lat="-32.864170" lon="-70.146270"><ele>2310.138</ele><time>2020-04-02T03:40:03Z</time></trkpt><trkpt lat="-32.864000" lon="-70.146200"><ele>2312.143</ele><time>2020-04-02T03:40:23Z</time></trkpt><trkpt lat="-32.863880" lon="-70.146160"><ele>2313.086</ele><time>2020-04-02T03:40:43Z</time></trkpt><trkpt lat="-32.863480" lon="-70.146020"><ele>2315.828</ele><time>2020-04-02T03:41:03Z</time></trkpt><trkpt lat="-32.862450" lon="-70.145640"><ele>2325.687</ele><time>2020-04-02T03:41:23Z</time></trkpt><trkpt lat="-32.862030" lon="-70.145490"><ele>2331.964</ele><time>2020-04-02T03:41:43Z</time></trkpt><trkpt lat="-32.861930" lon="-70.145460"><ele>2332.895</ele><time>2020-04-02T03:42:03Z</time></trkpt><trkpt lat="-32.861880" lon="-70.145440"><ele>2333.449</ele><time>2020-04-02T03:42:23Z</time></trkpt><trkpt lat="-32.861760" lon="-70.145420"><ele>2333.723</ele><time>2020-04-02T03:42:43Z</time></trkpt><trkpt lat="-32.861650" lon="-70.145400"><ele>2334.108</ele><time>2020-04-02T03:43:03Z</time></trkpt><trkpt lat="-32.861590" lon="-70.145400"><ele>2334.333</ele><time>2020-04-02T03:43:23Z</time></trkpt><trkpt lat="-32.861580" lon="-70.145400"><ele>2334.367</ele><time>2020-04-02T03:43:43Z</time></trkpt><trkpt lat="-32.861470" lon="-70.145410"><ele>2334.420</ele><time>2020-04-02T03:44:03Z</time></trkpt><trkpt lat="-32.861320" lon="-70.145430"><ele>2334.485</ele><time>2020-04-02T03:44:23Z</time></trkpt><trkpt lat="-32.861290" lon="-70.145440"><ele>2334.248</ele><time>2020-04-02T03:44:43Z</time></trkpt><trkpt lat="-32.861200" lon="-70.145470"><ele>2333.780</ele><time>2020-04-02T03:45:03Z</time></trkpt><trkpt lat="-32.861150" lon="-70.145490"><ele>2333.319</ele><time>2020-04-02T03:45:23Z</time></trkpt><trkpt lat="-32.861110" lon="-70.145510"><ele>2332.956</ele><time>2020-04-02T03:45:43Z</time></trkpt><trkpt lat="-32.860990" lon="-70.145570"><ele>2331.931</ele><time>2020-04-02T03:46:03Z</time></trkpt><trkpt lat="-32.860880" lon="-70.145640"><ele>2330.661</ele><time>2020-04-02T03:46:23Z</time></trkpt><trkpt lat="-32.860780" lon="-70.145720"><ele>2329.907</ele><time>2020-04-02T03:46:43Z</time></trkpt><trkpt lat="-32.860740" lon="-70.145750"><ele>2329.908</ele><time>2020-04-02T03:47:03Z</time></trkpt><trkpt lat="-32.860600" lon="-70.145860"><ele>2330.797</ele><time>2020-04-02T03:47:23Z</time></trkpt><trkpt lat="-32.860560" lon="-70.145890"><ele>2331.491</ele><time>2020-04-02T03:47:43Z</time></trkpt><trkpt lat="-32.860520" lon="-70.145910"><ele>2332.244</ele><time>2020-04-02T03:48:03Z</time></trkpt><trkpt lat="-32.860490" lon="-70.145920"><ele>2332.819</ele><time>2020-04-02T03:48:23Z</time></trkpt><trkpt lat="-32.860460" lon="-70.145910"><ele>2333.522</ele><time>2020-04-02T03:48:43Z</time></trkpt><trkpt lat="-32.860420" lon="-70.145910"><ele>2334.434</ele><time>2020-04-02T03:49:03Z</time></trkpt><trkpt lat="-32.860370" lon="-70.145880"><ele>2335.513</ele><time>2020-04-02T03:49:23Z</time></trkpt><trkpt lat="-32.860340" lon="-70.145840"><ele>2336.180</ele><time>2020-04-02T03:49:43Z</time></trkpt><trkpt lat="-32.860320" lon="-70.145820"><ele>2336.829</ele><time>2020-04-02T03:50:03Z</time></trkpt><trkpt lat="-32.860300" lon="-70.145780"><ele>2338.000</ele><time>2020-04-02T03:50:23Z</time></trkpt><trkpt lat="-32.860290" lon="-70.145740"><ele>2339.120</ele><time>2020-04-02T03:50:43Z</time></trkpt><trkpt lat="-32.860290" lon="-70.145700"><ele>2339.908</ele><time>2020-04-02T03:51:03Z</time></trkpt><trkpt lat="-32.860280" lon="-70.145660"><ele>2341.016</ele><time>2020-04-02T03:51:23Z</time></trkpt><trkpt lat="-32.860290" lon="-70.145630"><ele>2341.420</ele><time>2020-04-02T03:51:43Z</time></trkpt><trkpt lat="-32.860300" lon="-70.145570"><ele>2342.563</ele><time>2020-04-02T03:52:03Z</time></trkpt><trkpt lat="-32.860310" lon="-70.145560"><ele>2342.548</ele><time>2020-04-02T03:52:23Z</time></trkpt><trkpt lat="-32.860310" lon="-70.145540"><ele>2343.011</ele><time>2020-04-02T03:52:43Z</time></trkpt><trkpt lat="-32.860330" lon="-70.145510"><ele>2343.283</ele><time>2020-04-02T03:53:03Z</time></trkpt><trkpt lat="-32.860360" lon="-70.145470"><ele>2343.672</ele><time>2020-04-02T03:53:23Z</time></trkpt><trkpt lat="-32.860400" lon="-70.145440"><ele>2343.579</ele><time>2020-04-02T03:53:43Z</time></trkpt><trkpt lat="-32.860600" lon="-70.145340"><ele>2342.431</ele><time>2020-04-02T03:54:03Z</time></trkpt><trkpt lat="-32.860770" lon="-70.145260"><ele>2341.561</ele><time>2020-04-02T03:54:23Z</time></trkpt><trkpt lat="-32.861070" lon="-70.145110"><ele>2344.007</ele><time>2020-04-02T03:54:43Z</time></trkpt><trkpt lat="-32.861080" lon="-70.145100"><ele>2344.308</ele><time>2020-04-02T03:55:03Z</time></trkpt><trkpt lat="-32.861090" lon="-70.145100"><ele>2344.347</ele><time>2020-04-02T03:55:23Z</time></trkpt><trkpt lat="-32.861090" lon="-70.145090"><ele>2344.571</ele><time>2020-04-02T03:55:43Z</time></trkpt><trkpt lat="-32.861100" lon="-70.145090"><ele>2344.574</ele><time>2020-04-02T03:56:03Z</time></trkpt><trkpt lat="-32.861100" lon="-70.145080"><ele>2344.899</ele><time>2020-04-02T03:56:23Z</time></trkpt><trkpt lat="-32.861110" lon="-70.145070"><ele>2345.172</ele><time>2020-04-02T03:56:43Z</time></trkpt><trkpt lat="-32.861120" lon="-70.145070"><ele>2345.194</ele><time>2020-04-02T03:57:03Z</time></trkpt><trkpt lat="-32.861120" lon="-70.145060"><ele>2345.393</ele><time>2020-04-02T03:57:23Z</time></trkpt><trkpt lat="-32.861130" lon="-70.145050"><ele>2345.620</ele><time>2020-04-02T03:57:43Z</time></trkpt><trkpt lat="-32.861140" lon="-70.145030"><ele>2346.247</ele><time>2020-04-02T03:58:03Z</time></trkpt><trkpt lat="-32.861160" lon="-70.145010"><ele>2346.729</ele><time>2020-04-02T03:58:23Z</time></trkpt><trkpt lat="-32.861170" lon="-70.144990"><ele>2347.421</ele><time>2020-04-02T03:58:43Z</time></trkpt><trkpt lat="-32.861180" lon="-70.144970"><ele>2348.108</ele><time>2020-04-02T03:59:03Z</time></trkpt><trkpt lat="-32.861180" lon="-70.144940"><ele>2349.258</ele><time>2020-04-02T03:59:23Z</time></trkpt><trkpt lat="-32.861190" lon="-70.144920"><ele>2349.912</ele><time>2020-04-02T03:59:43Z</time></trkpt><trkpt lat="-32.861190" lon="-70.144900"><ele>2350.685</ele><time>2020-04-02T04:00:03Z</time></trkpt><trkpt lat="-32.861200" lon="-70.144870"><ele>2351.830</ele><time>2020-04-02T04:00:23Z</time></trkpt><trkpt lat="-32.861200" lon="-70.144850"><ele>2352.523</ele><time>2020-04-02T04:00:43Z</time></trkpt><trkpt lat="-32.861200" lon="-70.144820"><ele>2353.675</ele><time>2020-04-02T04:01:03Z</time></trkpt><trkpt lat="-32.861200" lon="-70.144800"><ele>2354.324</ele><time>2020-04-02T04:01:23Z</time></trkpt><trkpt lat="-32.861190" lon="-70.144770"><ele>2355.431</ele><time>2020-04-02T04:01:43Z</time></trkpt><trkpt lat="-32.861190" lon="-70.144750"><ele>2356.183</ele><time>2020-04-02T04:02:03Z</time></trkpt><trkpt lat="-32.861180" lon="-70.144720"><ele>2357.125</ele><time>2020-04-02T04:02:23Z</time></trkpt><trkpt lat="-32.861180" lon="-70.144700"><ele>2357.817</ele><time>2020-04-02T04:02:43Z</time></trkpt><trkpt lat="-32.861170" lon="-70.144680"><ele>2358.508</ele><time>2020-04-02T04:03:03Z</time></trkpt><trkpt lat="-32.861150" lon="-70.144650"><ele>2359.412</ele><time>2020-04-02T04:03:23Z</time></trkpt><trkpt lat="-32.861140" lon="-70.144630"><ele>2360.086</ele><time>2020-04-02T04:03:43Z</time></trkpt><trkpt lat="-32.861120" lon="-70.144610"><ele>2360.579</ele><time>2020-04-02T04:04:03Z</time></trkpt><trkpt lat="-32.861100" lon="-70.144590"><ele>2361.034</ele><time>2020-04-02T04:04:23Z</time></trkpt><trkpt lat="-32.861080" lon="-70.144570"><ele>2361.587</ele><time>2020-04-02T04:04:43Z</time></trkpt><trkpt lat="-32.861060" lon="-70.144550"><ele>2361.939</ele><time>2020-04-02T04:05:03Z</time></trkpt><trkpt lat="-32.861040" lon="-70.144540"><ele>2362.098</ele><time>2020-04-02T04:05:23Z</time></trkpt><trkpt lat="-32.861020" lon="-70.144530"><ele>2362.165</ele><time>2020-04-02T04:05:43Z</time></trkpt><trkpt lat="-32.861000" lon="-70.144520"><ele>2362.216</ele><time>2020-04-02T04:06:03Z</time></trkpt><trkpt lat="-32.860970" lon="-70.144510"><ele>2362.276</ele><time>2020-04-02T04:06:23Z</time></trkpt><trkpt lat="-32.860950" lon="-70.144510"><ele>2361.913</ele><time>2020-04-02T04:06:43Z</time></trkpt><trkpt lat="-32.860930" lon="-70.144500"><ele>2362.008</ele><time>2020-04-02T04:07:03Z</time></trkpt><trkpt lat="-32.860910" lon="-70.144500"><ele>2361.765</ele><time>2020-04-02T04:07:23Z</time></trkpt><trkpt lat="-32.860890" lon="-70.144510"><ele>2361.289</ele><time>2020-04-02T04:07:43Z</time></trkpt><trkpt lat="-32.860860" lon="-70.144510"><ele>2360.842</ele><time>2020-04-02T04:08:03Z</time></trkpt><trkpt lat="-32.860840" lon="-70.144520"><ele>2360.367</ele><time>2020-04-02T04:08:23Z</time></trkpt><trkpt lat="-32.860720" lon="-70.144600"><ele>2359.390</ele><time>2020-04-02T04:08:43Z</time></trkpt><trkpt lat="-32.860450" lon="-70.144810"><ele>2357.252</ele><time>2020-04-02T04:09:03Z</time></trkpt><trkpt lat="-32.860200" lon="-70.145000"><ele>2356.171</ele><time>2020-04-02T04:09:23Z</time></trkpt><trkpt lat="-32.860180" lon="-70.145010"><ele>2356.298</ele><time>2020-04-02T04:09:43Z</time></trkpt><trkpt lat="-32.860140" lon="-70.145020"><ele>2356.667</ele><time>2020-04-02T04:10:03Z</time></trkpt><trkpt lat="-32.860120" lon="-70.145020"><ele>2356.981</ele><time>2020-04-02T04:10:23Z</time></trkpt><trkpt lat="-32.860090" lon="-70.145010"><ele>2357.519</ele><time>2020-04-02T04:10:43Z</time></trkpt><trkpt lat="-32.860070" lon="-70.145000"><ele>2358.008</ele><time>2020-04-02T04:11:03Z</time></trkpt><trkpt lat="-32.860040" lon="-70.144980"><ele>2358.920</ele><time>2020-04-02T04:11:23Z</time></trkpt><trkpt lat="-32.860000" lon="-70.144950"><ele>2360.194</ele><time>2020-04-02T04:11:43Z</time></trkpt><trkpt lat="-32.859990" lon="-70.144920"><ele>2360.937</ele><time>2020-04-02T04:12:03Z</time></trkpt><trkpt lat="-32.859970" lon="-70.144890"><ele>2361.982</ele><time>2020-04-02T04:12:23Z</time></trkpt><trkpt lat="-32.859960" lon="-70.144830"><ele>2363.335</ele><time>2020-04-02T04:12:43Z</time></trkpt><trkpt lat="-32.859970" lon="-70.144790"><ele>2364.067</ele><time>2020-04-02T04:13:03Z</time></trkpt><trkpt lat="-32.859970" lon="-70.144740"><ele>2365.166</ele><time>2020-04-02T04:13:23Z</time></trkpt><trkpt lat="-32.859980" lon="-70.144700"><ele>2365.873</ele><time>2020-04-02T04:13:43Z</time></trkpt><trkpt lat="-32.860000" lon="-70.144670"><ele>2366.135</ele><time>2020-04-02T04:14:03Z</time></trkpt><trkpt lat="-32.860020" lon="-70.144650"><ele>2366.386</ele><time>2020-04-02T04:14:23Z</time></trkpt><trkpt lat="-32.860040" lon="-70.144630"><ele>2366.514</ele><time>2020-04-02T04:14:43Z</time></trkpt><trkpt lat="-32.860250" lon="-70.144510"><ele>2366.908</ele><time>2020-04-02T04:15:03Z</time></trkpt><trkpt lat="-32.860310" lon="-70.144470"><ele>2367.287</ele><time>2020-04-02T04:15:23Z</time></trkpt><trkpt lat="-32.860420" lon="-70.144400"><ele>2367.741</ele><time>2020-04-02T04:15:43Z</time></trkpt><trkpt lat="-32.860460" lon="-70.144370"><ele>2368.174</ele><time>2020-04-02T04:16:03Z</time></trkpt><trkpt lat="-32.860470" lon="-70.144370"><ele>2368.069</ele><time>2020-04-02T04:16:23Z</time></trkpt><trkpt lat="-32.860500" lon="-70.144330"><ele>2368.722</ele><time>2020-04-02T04:16:43Z</time></trkpt><trkpt lat="-32.860530" lon="-70.144290"><ele>2369.494</ele><time>2020-04-02T04:17:03Z</time></trkpt><trkpt lat="-32.860540" lon="-70.144270"><ele>2369.813</ele><time>2020-04-02T04:17:23Z</time></trkpt><trkpt lat="-32.860550" lon="-70.144240"><ele>2370.570</ele><time>2020-04-02T04:17:43Z</time></trkpt><trkpt lat="-32.860560" lon="-70.144220"><ele>2370.971</ele><time>2020-04-02T04:18:03Z</time></trkpt><trkpt lat="-32.860560" lon="-70.144200"><ele>2371.441</ele><time>2020-04-02T04:18:23Z</time></trkpt><trkpt lat="-32.860560" lon="-70.144170"><ele>2372.215</ele><time>2020-04-02T04:18:43Z</time></trkpt><trkpt lat="-32.860570" lon="-70.144150"><ele>2373.008</ele><time>2020-04-02T04:19:03Z</time></trkpt><trkpt lat="-32.860570" lon="-70.144120"><ele>2374.351</ele><time>2020-04-02T04:19:23Z</time></trkpt><trkpt lat="-32.860560" lon="-70.144100"><ele>2375.225</ele><time>2020-04-02T04:19:43Z</time></trkpt><trkpt lat="-32.860560" lon="-70.144070"><ele>2376.698</ele><time>2020-04-02T04:20:03Z</time></trkpt><trkpt lat="-32.860550" lon="-70.144050"><ele>2377.573</ele><time>2020-04-02T04:20:23Z</time></trkpt><trkpt lat="-32.860550" lon="-70.144020"><ele>2378.856</ele><time>2020-04-02T04:20:43Z</time></trkpt><trkpt lat="-32.860540" lon="-70.144000"><ele>2379.778</ele><time>2020-04-02T04:21:03Z</time></trkpt><trkpt lat="-32.860530" lon="-70.143990"><ele>2380.237</ele><time>2020-04-02T04:21:23Z</time></trkpt><trkpt lat="-32.860520" lon="-70.143980"><ele>2380.674</ele><time>2020-04-02T04:21:43Z</time></trkpt><trkpt lat="-32.860510" lon="-70.143950"><ele>2381.918</ele><time>2020-04-02T04:22:03Z</time></trkpt><trkpt lat="-32.860500" lon="-70.143930"><ele>2382.898</ele><time>2020-04-02T04:22:23Z</time></trkpt><trkpt lat="-32.860480" lon="-70.143920"><ele>2383.217</ele><time>2020-04-02T04:22:43Z</time></trkpt><trkpt lat="-32.860470" lon="-70.143900"><ele>2384.108</ele><time>2020-04-02T04:23:03Z</time></trkpt><trkpt lat="-32.860450" lon="-70.143890"><ele>2384.535</ele><time>2020-04-02T04:23:23Z</time></trkpt><trkpt lat="-32.860440" lon="-70.143870"><ele>2385.319</ele><time>2020-04-02T04:23:43Z</time></trkpt><trkpt lat="-32.860420" lon="-70.143860"><ele>2385.662</ele><time>2020-04-02T04:24:03Z</time></trkpt><trkpt lat="-32.860400" lon="-70.143850"><ele>2386.077</ele><time>2020-04-02T04:24:23Z</time></trkpt><trkpt lat="-32.860380" lon="-70.143850"><ele>2386.010</ele><time>2020-04-02T04:24:43Z</time></trkpt><trkpt lat="-32.860360" lon="-70.143840"><ele>2386.342</ele><time>2020-04-02T04:25:03Z</time></trkpt><trkpt lat="-32.860350" lon="-70.143840"><ele>2386.311</ele><time>2020-04-02T04:25:23Z</time></trkpt><trkpt lat="-32.860320" lon="-70.143830"><ele>2386.698</ele><time>2020-04-02T04:25:43Z</time></trkpt><trkpt lat="-32.860290" lon="-70.143830"><ele>2386.545</ele><time>2020-04-02T04:26:03Z</time></trkpt><trkpt lat="-32.860270" lon="-70.143840"><ele>2386.247</ele><time>2020-04-02T04:26:23Z</time></trkpt><trkpt lat="-32.860240" lon="-70.143840"><ele>2386.111</ele><time>2020-04-02T04:26:43Z</time></trkpt><trkpt lat="-32.860220" lon="-70.143850"><ele>2385.708</ele><time>2020-04-02T04:27:03Z</time></trkpt><trkpt lat="-32.860190" lon="-70.143860"><ele>2385.368</ele><time>2020-04-02T04:27:23Z</time></trkpt><trkpt lat="-32.860170" lon="-70.143880"><ele>2384.742</ele><time>2020-04-02T04:27:43Z</time></trkpt><trkpt lat="-32.860150" lon="-70.143900"><ele>2384.045</ele><time>2020-04-02T04:28:03Z</time></trkpt><trkpt lat="-32.859780" lon="-70.144250"><ele>2379.830</ele><time>2020-04-02T04:28:23Z</time></trkpt><trkpt lat="-32.859390" lon="-70.144670"><ele>2377.153</ele><time>2020-04-02T04:28:43Z</time></trkpt><trkpt lat="-32.859370" lon="-70.144680"><ele>2377.235</ele><time>2020-04-02T04:29:03Z</time></trkpt><trkpt lat="-32.859340" lon="-70.144710"><ele>2376.994</ele><time>2020-04-02T04:29:23Z</time></trkpt><trkpt lat="-32.859310" lon="-70.144730"><ele>2376.931</ele><time>2020-04-02T04:29:43Z</time></trkpt><trkpt lat="-32.859270" lon="-70.144740"><ele>2377.488</ele><time>2020-04-02T04:30:03Z</time></trkpt><trkpt lat="-32.859260" lon="-70.144740"><ele>2377.524</ele><time>2020-04-02T04:30:23Z</time></trkpt><trkpt lat="-32.859230" lon="-70.144730"><ele>2378.326</ele><time>2020-04-02T04:30:43Z</time></trkpt><trkpt lat="-32.859200" lon="-70.144730"><ele>2378.908</ele><time>2020-04-02T04:31:03Z</time></trkpt><trkpt lat="-32.859190" lon="-70.144720"><ele>2379.392</ele><time>2020-04-02T04:31:23Z</time></trkpt><trkpt lat="-32.859170" lon="-70.144710"><ele>2379.986</ele><time>2020-04-02T04:31:43Z</time></trkpt><trkpt lat="-32.859150" lon="-70.144690"><ele>2380.939</ele><time>2020-04-02T04:32:03Z</time></trkpt><trkpt lat="-32.859130" lon="-70.144660"><ele>2382.074</ele><time>2020-04-02T04:32:23Z</time></trkpt><trkpt lat="-32.859120" lon="-70.144640"><ele>2382.837</ele><time>2020-04-02T04:32:43Z</time></trkpt><trkpt lat="-32.859110" lon="-70.144620"><ele>2383.569</ele><time>2020-04-02T04:33:03Z</time></trkpt><trkpt lat="-32.859110" lon="-70.144600"><ele>2384.128</ele><time>2020-04-02T04:33:23Z</time></trkpt><trkpt lat="-32.859100" lon="-70.144570"><ele>2385.145</ele><time>2020-04-02T04:33:43Z</time></trkpt><trkpt lat="-32.859100" lon="-70.144550"><ele>2385.685</ele><time>2020-04-02T04:34:03Z</time></trkpt><trkpt lat="-32.859100" lon="-70.144520"><ele>2386.589</ele><time>2020-04-02T04:34:23Z</time></trkpt><trkpt lat="-32.859100" lon="-70.144490"><ele>2387.317</ele><time>2020-04-02T04:34:43Z</time></trkpt><trkpt lat="-32.859110" lon="-70.144470"><ele>2387.708</ele><time>2020-04-02T04:35:03Z</time></trkpt><trkpt lat="-32.859110" lon="-70.144450"><ele>2388.262</ele><time>2020-04-02T04:35:23Z</time></trkpt><trkpt lat="-32.859120" lon="-70.144430"><ele>2388.696</ele><time>2020-04-02T04:35:43Z</time></trkpt><trkpt lat="-32.859140" lon="-70.144410"><ele>2388.849</ele><time>2020-04-02T04:36:03Z</time></trkpt><trkpt lat="-32.859180" lon="-70.144370"><ele>2389.194</ele><time>2020-04-02T04:36:23Z</time></trkpt><trkpt lat="-32.859210" lon="-70.144350"><ele>2389.127</ele><time>2020-04-02T04:36:43Z</time></trkpt><trkpt lat="-32.859230" lon="-70.144340"><ele>2388.989</ele><time>2020-04-02T04:37:03Z</time></trkpt><trkpt lat="-32.859430" lon="-70.144220"><ele>2387.998</ele><time>2020-04-02T04:37:23Z</time></trkpt><trkpt lat="-32.859600" lon="-70.144100"><ele>2387.075</ele><time>2020-04-02T04:37:43Z</time></trkpt><trkpt lat="-32.859660" lon="-70.144050"><ele>2386.848</ele><time>2020-04-02T04:38:03Z</time></trkpt><trkpt lat="-32.859690" lon="-70.144020"><ele>2386.861</ele><time>2020-04-02T04:38:23Z</time></trkpt><trkpt lat="-32.859710" lon="-70.144000"><ele>2386.917</ele><time>2020-04-02T04:38:43Z</time></trkpt><trkpt lat="-32.859710" lon="-70.143980"><ele>2387.308</ele><time>2020-04-02T04:39:03Z</time></trkpt><trkpt lat="-32.859720" lon="-70.143960"><ele>2387.628</ele><time>2020-04-02T04:39:23Z</time></trkpt><trkpt lat="-32.859730" lon="-70.143940"><ele>2387.852</ele><time>2020-04-02T04:39:43Z</time></trkpt><trkpt lat="-32.859730" lon="-70.143920"><ele>2388.395</ele><time>2020-04-02T04:40:03Z</time></trkpt><trkpt lat="-32.859740" lon="-70.143900"><ele>2388.640</ele><time>2020-04-02T04:40:23Z</time></trkpt><trkpt lat="-32.859740" lon="-70.143880"><ele>2389.013</ele><time>2020-04-02T04:40:43Z</time></trkpt><trkpt lat="-32.859740" lon="-70.143860"><ele>2389.455</ele><time>2020-04-02T04:41:03Z</time></trkpt><trkpt lat="-32.859740" lon="-70.143840"><ele>2389.974</ele><time>2020-04-02T04:41:23Z</time></trkpt><trkpt lat="-32.859730" lon="-70.143820"><ele>2390.541</ele><time>2020-04-02T04:41:43Z</time></trkpt><trkpt lat="-32.859730" lon="-70.143800"><ele>2390.985</ele><time>2020-04-02T04:42:03Z</time></trkpt><trkpt lat="-32.859720" lon="-70.143780"><ele>2391.589</ele><time>2020-04-02T04:42:23Z</time></trkpt><trkpt lat="-32.859710" lon="-70.143760"><ele>2392.117</ele><time>2020-04-02T04:42:43Z</time></trkpt><trkpt lat="-32.859700" lon="-70.143740"><ele>2392.708</ele><time>2020-04-02T04:43:03Z</time></trkpt><trkpt lat="-32.859680" lon="-70.143710"><ele>2393.722</ele><time>2020-04-02T04:43:23Z</time></trkpt><trkpt lat="-32.859670" lon="-70.143690"><ele>2394.256</ele><time>2020-04-02T04:43:43Z</time></trkpt><trkpt lat="-32.859660" lon="-70.143680"><ele>2394.659</ele><time>2020-04-02T04:44:03Z</time></trkpt><trkpt lat="-32.859640" lon="-70.143670"><ele>2395.144</ele><time>2020-04-02T04:44:23Z</time></trkpt><trkpt lat="-32.859630" lon="-70.143660"><ele>2395.427</ele><time>2020-04-02T04:44:43Z</time></trkpt><trkpt lat="-32.859610" lon="-70.143650"><ele>2395.989</ele><time>2020-04-02T04:45:03Z</time></trkpt><trkpt lat="-32.859590" lon="-70.143640"><ele>2396.338</ele><time>2020-04-02T04:45:23Z</time></trkpt><trkpt lat="-32.859570" lon="-70.143640"><ele>2396.635</ele><time>2020-04-02T04:45:43Z</time></trkpt><trkpt lat="-32.859550" lon="-70.143630"><ele>2397.171</ele><time>2020-04-02T04:46:03Z</time></trkpt><trkpt lat="-32.859540" lon="-70.143630"><ele>2397.241</ele><time>2020-04-02T04:46:23Z</time></trkpt><trkpt lat="-32.859520" lon="-70.143630"><ele>2397.515</ele><time>2020-04-02T04:46:43Z</time></trkpt><trkpt lat="-32.859510" lon="-70.143640"><ele>2397.408</ele><time>2020-04-02T04:47:03Z</time></trkpt><trkpt lat="-32.859490" lon="-70.143640"><ele>2397.741</ele><time>2020-04-02T04:47:23Z</time></trkpt><trkpt lat="-32.859480" lon="-70.143650"><ele>2397.655</ele><time>2020-04-02T04:47:43Z</time></trkpt><trkpt lat="-32.859460" lon="-70.143650"><ele>2397.968</ele><time>2020-04-02T04:48:03Z</time></trkpt><trkpt lat="-32.859450" lon="-70.143660"><ele>2397.893</ele><time>2020-04-02T04:48:23Z</time></trkpt><trkpt lat="-32.859430" lon="-70.143680"><ele>2397.876</ele><time>2020-04-02T04:48:43Z</time></trkpt><trkpt lat="-32.859390" lon="-70.143700"><ele>2398.038</ele><time>2020-04-02T04:49:03Z</time></trkpt><trkpt lat="-32.859320" lon="-70.143770"><ele>2397.967</ele><time>2020-04-02T04:49:23Z</time></trkpt><trkpt lat="-32.859300" lon="-70.143780"><ele>2398.034</ele><time>2020-04-02T04:49:43Z</time></trkpt><trkpt lat="-32.859200" lon="-70.143870"><ele>2398.436</ele><time>2020-04-02T04:50:03Z</time></trkpt><trkpt lat="-32.858780" lon="-70.144330"><ele>2397.717</ele><time>2020-04-02T04:50:23Z</time></trkpt><trkpt lat="-32.858730" lon="-70.144380"><ele>2397.218</ele><time>2020-04-02T04:50:43Z</time></trkpt><trkpt lat="-32.858700" lon="-70.144400"><ele>2397.208</ele><time>2020-04-02T04:51:03Z</time></trkpt><trkpt lat="-32.858660" lon="-70.144410"><ele>2397.787</ele><time>2020-04-02T04:51:23Z</time></trkpt><trkpt lat="-32.858630" lon="-70.144420"><ele>2397.931</ele><time>2020-04-02T04:51:43Z</time></trkpt><trkpt lat="-32.858580" lon="-70.144410"><ele>2399.154</ele><time>2020-04-02T04:52:03Z</time></trkpt><trkpt lat="-32.858550" lon="-70.144400"><ele>2400.089</ele><time>2020-04-02T04:52:23Z</time></trkpt><trkpt lat="-32.858520" lon="-70.144370"><ele>2401.492</ele><time>2020-04-02T04:52:43Z</time></trkpt><trkpt lat="-32.858500" lon="-70.144350"><ele>2402.444</ele><time>2020-04-02T04:53:03Z</time></trkpt><trkpt lat="-32.858480" lon="-70.144330"><ele>2403.483</ele><time>2020-04-02T04:53:23Z</time></trkpt><trkpt lat="-32.858470" lon="-70.144290"><ele>2404.730</ele><time>2020-04-02T04:53:43Z</time></trkpt><trkpt lat="-32.858470" lon="-70.144260"><ele>2405.627</ele><time>2020-04-02T04:54:03Z</time></trkpt><trkpt lat="-32.858470" lon="-70.144230"><ele>2406.568</ele><time>2020-04-02T04:54:23Z</time></trkpt><trkpt lat="-32.858470" lon="-70.144190"><ele>2407.714</ele><time>2020-04-02T04:54:43Z</time></trkpt><trkpt lat="-32.858480" lon="-70.144170"><ele>2408.108</ele><time>2020-04-02T04:55:03Z</time></trkpt><trkpt lat="-32.858490" lon="-70.144150"><ele>2408.426</ele><time>2020-04-02T04:55:23Z</time></trkpt><trkpt lat="-32.858510" lon="-70.144120"><ele>2408.670</ele><time>2020-04-02T04:55:43Z</time></trkpt><trkpt lat="-32.858520" lon="-70.144110"><ele>2408.673</ele><time>2020-04-02T04:56:03Z</time></trkpt><trkpt lat="-32.858580" lon="-70.144060"><ele>2408.578</ele><time>2020-04-02T04:56:23Z</time></trkpt><trkpt lat="-32.858800" lon="-70.143870"><ele>2407.411</ele><time>2020-04-02T04:56:43Z</time></trkpt><trkpt lat="-32.859040" lon="-70.143670"><ele>2404.823</ele><time>2020-04-02T04:57:03Z</time></trkpt><trkpt lat="-32.859130" lon="-70.143590"><ele>2403.622</ele><time>2020-04-02T04:57:23Z</time></trkpt><trkpt lat="-32.859250" lon="-70.143470"><ele>2403.369</ele><time>2020-04-02T04:57:43Z</time></trkpt><trkpt lat="-32.859290" lon="-70.143420"><ele>2403.762</ele><time>2020-04-02T04:58:03Z</time></trkpt><trkpt lat="-32.859340" lon="-70.143330"><ele>2404.783</ele><time>2020-04-02T04:58:23Z</time></trkpt><trkpt lat="-32.859350" lon="-70.143300"><ele>2405.511</ele><time>2020-04-02T04:58:43Z</time></trkpt><trkpt lat="-32.859350" lon="-70.143280"><ele>2406.208</ele><time>2020-04-02T04:59:03Z</time></trkpt><trkpt lat="-32.859350" lon="-70.143250"><ele>2407.250</ele><time>2020-04-02T04:59:23Z</time></trkpt><trkpt lat="-32.859350" lon="-70.143230"><ele>2407.884</ele><time>2020-04-02T04:59:43Z</time></trkpt><trkpt lat="-32.859350" lon="-70.143200"><ele>2408.887</ele><time>2020-04-02T05:00:03Z</time></trkpt><trkpt lat="-32.859340" lon="-70.143180"><ele>2409.562</ele><time>2020-04-02T05:00:23Z</time></trkpt><trkpt lat="-32.859330" lon="-70.143150"><ele>2410.575</ele><time>2020-04-02T05:00:43Z</time></trkpt><trkpt lat="-32.859320" lon="-70.143130"><ele>2411.247</ele><time>2020-04-02T05:01:03Z</time></trkpt><trkpt lat="-32.859310" lon="-70.143110"><ele>2411.936</ele><time>2020-04-02T05:01:23Z</time></trkpt><trkpt lat="-32.859300" lon="-70.143090"><ele>2412.543</ele><time>2020-04-02T05:01:43Z</time></trkpt><trkpt lat="-32.859280" lon="-70.143070"><ele>2413.253</ele><time>2020-04-02T05:02:03Z</time></trkpt><trkpt lat="-32.859260" lon="-70.143040"><ele>2414.204</ele><time>2020-04-02T05:02:23Z</time></trkpt><trkpt lat="-32.859240" lon="-70.143030"><ele>2414.614</ele><time>2020-04-02T05:02:43Z</time></trkpt><trkpt lat="-32.859230" lon="-70.143020"><ele>2414.908</ele><time>2020-04-02T05:03:03Z</time></trkpt><trkpt lat="-32.859210" lon="-70.143010"><ele>2415.229</ele><time>2020-04-02T05:03:23Z</time></trkpt><trkpt lat="-32.859190" lon="-70.143000"><ele>2415.613</ele><time>2020-04-02T05:03:43Z</time></trkpt><trkpt lat="-32.859160" lon="-70.143000"><ele>2415.816</ele><time>2020-04-02T05:04:03Z</time></trkpt><trkpt lat="-32.859140" lon="-70.142990"><ele>2416.531</ele><time>2020-04-02T05:04:23Z</time></trkpt><trkpt lat="-32.859120" lon="-70.142990"><ele>2417.094</ele><time>2020-04-02T05:04:43Z</time></trkpt><trkpt lat="-32.859100" lon="-70.142990"><ele>2417.566</ele><time>2020-04-02T05:05:03Z</time></trkpt><trkpt lat="-32.859080" lon="-70.143000"><ele>2417.715</ele><time>2020-04-02T05:05:23Z</time></trkpt><trkpt lat="-32.859060" lon="-70.143010"><ele>2418.082</ele><time>2020-04-02T05:05:43Z</time></trkpt><trkpt lat="-32.859030" lon="-70.143020"><ele>2418.443</ele><time>2020-04-02T05:06:03Z</time></trkpt><trkpt lat="-32.859000" lon="-70.143040"><ele>2418.764</ele><time>2020-04-02T05:06:23Z</time></trkpt><trkpt lat="-32.858990" lon="-70.143050"><ele>2418.710</ele><time>2020-04-02T05:06:43Z</time></trkpt><trkpt lat="-32.858960" lon="-70.143080"><ele>2418.708</ele><time>2020-04-02T05:07:03Z</time></trkpt><trkpt lat="-32.858810" lon="-70.143270"><ele>2418.288</ele><time>2020-04-02T05:07:23Z</time></trkpt><trkpt lat="-32.858740" lon="-70.143360"><ele>2418.392</ele><time>2020-04-02T05:07:43Z</time></trkpt><trkpt lat="-32.858630" lon="-70.143510"><ele>2418.525</ele><time>2020-04-02T05:08:03Z</time></trkpt><trkpt lat="-32.858440" lon="-70.143760"><ele>2418.230</ele><time>2020-04-02T05:08:23Z</time></trkpt><trkpt lat="-32.858140" lon="-70.144130"><ele>2416.843</ele><time>2020-04-02T05:08:43Z</time></trkpt><trkpt lat="-32.858070" lon="-70.144210"><ele>2416.355</ele><time>2020-04-02T05:09:03Z</time></trkpt><trkpt lat="-32.858050" lon="-70.144230"><ele>2416.274</ele><time>2020-04-02T05:09:23Z</time></trkpt><trkpt lat="-32.858040" lon="-70.144240"><ele>2416.121</ele><time>2020-04-02T05:09:43Z</time></trkpt><trkpt lat="-32.858030" lon="-70.144250"><ele>2416.032</ele><time>2020-04-02T05:10:03Z</time></trkpt><trkpt lat="-32.858020" lon="-70.144260"><ele>2416.092</ele><time>2020-04-02T05:10:23Z</time></trkpt><trkpt lat="-32.858010" lon="-70.144270"><ele>2415.911</ele><time>2020-04-02T05:10:43Z</time></trkpt><trkpt lat="-32.858000" lon="-70.144270"><ele>2416.208</ele><time>2020-04-02T05:11:03Z</time></trkpt><trkpt lat="-32.857980" lon="-70.144280"><ele>2416.357</ele><time>2020-04-02T05:11:23Z</time></trkpt><trkpt lat="-32.857970" lon="-70.144280"><ele>2416.661</ele><time>2020-04-02T05:11:43Z</time></trkpt><trkpt lat="-32.857960" lon="-70.144290"><ele>2416.574</ele><time>2020-04-02T05:12:03Z</time></trkpt><trkpt lat="-32.857940" lon="-70.144290"><ele>2417.089</ele><time>2020-04-02T05:12:23Z</time></trkpt><trkpt lat="-32.857930" lon="-70.144290"><ele>2417.252</ele><time>2020-04-02T05:12:43Z</time></trkpt><trkpt lat="-32.857910" lon="-70.144290"><ele>2417.714</ele><time>2020-04-02T05:13:03Z</time></trkpt><trkpt lat="-32.857880" lon="-70.144280"><ele>2418.833</ele><time>2020-04-02T05:13:23Z</time></trkpt><trkpt lat="-32.857870" lon="-70.144280"><ele>2419.050</ele><time>2020-04-02T05:13:43Z</time></trkpt><trkpt lat="-32.857850" lon="-70.144280"><ele>2419.547</ele><time>2020-04-02T05:14:03Z</time></trkpt><trkpt lat="-32.857840" lon="-70.144270"><ele>2420.129</ele><time>2020-04-02T05:14:23Z</time></trkpt><trkpt lat="-32.857830" lon="-70.144260"><ele>2420.721</ele><time>2020-04-02T05:14:43Z</time></trkpt><trkpt lat="-32.857820" lon="-70.144250"><ele>2421.308</ele><time>2020-04-02T05:15:03Z</time></trkpt><trkpt lat="-32.857800" lon="-70.144250"><ele>2421.738</ele><time>2020-04-02T05:15:23Z</time></trkpt><trkpt lat="-32.857790" lon="-70.144230"><ele>2422.612</ele><time>2020-04-02T05:15:43Z</time></trkpt><trkpt lat="-32.857780" lon="-70.144220"><ele>2423.245</ele><time>2020-04-02T05:16:03Z</time></trkpt><trkpt lat="-32.857770" lon="-70.144210"><ele>2423.810</ele><time>2020-04-02T05:16:23Z</time></trkpt><trkpt lat="-32.857760" lon="-70.144190"><ele>2424.773</ele><time>2020-04-02T05:16:43Z</time></trkpt><trkpt lat="-32.857760" lon="-70.144170"><ele>2425.325</ele><time>2020-04-02T05:17:03Z</time></trkpt><trkpt lat="-32.857750" lon="-70.144160"><ele>2425.914</ele><time>2020-04-02T05:17:23Z</time></trkpt><trkpt lat="-32.857750" lon="-70.144140"><ele>2426.571</ele><time>2020-04-02T05:17:43Z</time></trkpt><trkpt lat="-32.857740" lon="-70.144120"><ele>2427.387</ele><time>2020-04-02T05:18:03Z</time></trkpt><trkpt lat="-32.857740" lon="-70.144100"><ele>2427.942</ele><time>2020-04-02T05:18:23Z</time></trkpt><trkpt lat="-32.857740" lon="-70.144080"><ele>2428.526</ele><time>2020-04-02T05:18:43Z</time></trkpt><trkpt lat="-32.857740" lon="-70.144060"><ele>2429.108</ele><time>2020-04-02T05:19:03Z</time></trkpt><trkpt lat="-32.857740" lon="-70.144040"><ele>2429.682</ele><time>2020-04-02T05:19:23Z</time></trkpt><trkpt lat="-32.857750" lon="-70.144020"><ele>2430.046</ele><time>2020-04-02T05:19:43Z</time></trkpt><trkpt lat="-32.857750" lon="-70.144000"><ele>2430.529</ele><time>2020-04-02T05:20:03Z</time></trkpt><trkpt lat="-32.857760" lon="-70.143980"><ele>2430.924</ele><time>2020-04-02T05:20:23Z</time></trkpt><trkpt lat="-32.857760" lon="-70.143970"><ele>2431.177</ele><time>2020-04-02T05:20:43Z</time></trkpt><trkpt lat="-32.857770" lon="-70.143950"><ele>2431.599</ele><time>2020-04-02T05:21:03Z</time></trkpt><trkpt lat="-32.857780" lon="-70.143930"><ele>2431.868</ele><time>2020-04-02T05:21:23Z</time></trkpt><trkpt lat="-32.857790" lon="-70.143920"><ele>2431.865</ele><time>2020-04-02T05:21:43Z</time></trkpt><trkpt lat="-32.857800" lon="-70.143900"><ele>2432.158</ele><time>2020-04-02T05:22:03Z</time></trkpt><trkpt lat="-32.857900" lon="-70.143800"><ele>2432.152</ele><time>2020-04-02T05:22:23Z</time></trkpt><trkpt lat="-32.858440" lon="-70.143230"><ele>2429.617</ele><time>2020-04-02T05:22:43Z</time></trkpt><trkpt lat="-32.858480" lon="-70.143180"><ele>2429.308</ele><time>2020-04-02T05:23:03Z</time></trkpt><trkpt lat="-32.858600" lon="-70.143050"><ele>2428.699</ele><time>2020-04-02T05:23:23Z</time></trkpt><trkpt lat="-32.858620" lon="-70.143020"><ele>2428.763</ele><time>2020-04-02T05:23:43Z</time></trkpt><trkpt lat="-32.858650" lon="-70.143000"><ele>2428.416</ele><time>2020-04-02T05:24:03Z</time></trkpt><trkpt lat="-32.858670" lon="-70.142980"><ele>2428.311</ele><time>2020-04-02T05:24:23Z</time></trkpt><trkpt lat="-32.858700" lon="-70.142960"><ele>2428.074</ele><time>2020-04-02T05:24:43Z</time></trkpt><trkpt lat="-32.858710" lon="-70.142940"><ele>2428.216</ele><time>2020-04-02T05:25:03Z</time></trkpt><trkpt lat="-32.858720" lon="-70.142930"><ele>2428.245</ele><time>2020-04-02T05:25:23Z</time></trkpt><trkpt lat="-32.858730" lon="-70.142900"><ele>2428.652</ele><time>2020-04-02T05:25:43Z</time></trkpt><trkpt lat="-32.858750" lon="-70.142870"><ele>2428.833</ele><time>2020-04-02T05:26:03Z</time></trkpt><trkpt lat="-32.858760" lon="-70.142830"><ele>2429.523</ele><time>2020-04-02T05:26:23Z</time></trkpt><trkpt lat="-32.858760" lon="-70.142800"><ele>2430.115</ele><time>2020-04-02T05:26:43Z</time></trkpt><trkpt lat="-32.858770" lon="-70.142760"><ele>2430.808</ele><time>2020-04-02T05:27:03Z</time></trkpt><trkpt lat="-32.858770" lon="-70.142750"><ele>2431.057</ele><time>2020-04-02T05:27:23Z</time></trkpt><trkpt lat="-32.858770" lon="-70.142730"><ele>2431.571</ele><time>2020-04-02T05:27:43Z</time></trkpt><trkpt lat="-32.858760" lon="-70.142690"><ele>2432.634</ele><time>2020-04-02T05:28:03Z</time></trkpt><trkpt lat="-32.858760" lon="-70.142660"><ele>2433.349</ele><time>2020-04-02T05:28:23Z</time></trkpt><trkpt lat="-32.858750" lon="-70.142620"><ele>2434.332</ele><time>2020-04-02T05:28:43Z</time></trkpt><trkpt lat="-32.858730" lon="-70.142590"><ele>2435.474</ele><time>2020-04-02T05:29:03Z</time></trkpt><trkpt lat="-32.858710" lon="-70.142560"><ele>2436.473</ele><time>2020-04-02T05:29:23Z</time></trkpt><trkpt lat="-32.858710" lon="-70.142550"><ele>2436.660</ele><time>2020-04-02T05:29:43Z</time></trkpt><trkpt lat="-32.858690" lon="-70.142530"><ele>2437.479</ele><time>2020-04-02T05:30:03Z</time></trkpt><trkpt lat="-32.858670" lon="-70.142510"><ele>2438.105</ele><time>2020-04-02T05:30:23Z</time></trkpt><trkpt lat="-32.858640" lon="-70.142490"><ele>2439.225</ele><time>2020-04-02T05:30:43Z</time></trkpt><trkpt lat="-32.858610" lon="-70.142470"><ele>2440.208</ele><time>2020-04-02T05:31:03Z</time></trkpt><trkpt lat="-32.858580" lon="-70.142460"><ele>2441.041</ele><time>2020-04-02T05:31:23Z</time></trkpt><trkpt lat="-32.858550" lon="-70.142450"><ele>2441.755</ele><time>2020-04-02T05:31:43Z</time></trkpt><trkpt lat="-32.858520" lon="-70.142450"><ele>2442.278</ele><time>2020-04-02T05:32:03Z</time></trkpt><trkpt lat="-32.858460" lon="-70.142450"><ele>2443.143</ele><time>2020-04-02T05:32:23Z</time></trkpt><trkpt lat="-32.858430" lon="-70.142460"><ele>2443.346</ele><time>2020-04-02T05:32:43Z</time></trkpt><trkpt lat="-32.858400" lon="-70.142480"><ele>2443.318</ele><time>2020-04-02T05:33:03Z</time></trkpt><trkpt lat="-32.858370" lon="-70.142500"><ele>2443.457</ele><time>2020-04-02T05:33:23Z</time></trkpt><trkpt lat="-32.858350" lon="-70.142520"><ele>2443.494</ele><time>2020-04-02T05:33:43Z</time></trkpt><trkpt lat="-32.858320" lon="-70.142540"><ele>2443.926</ele><time>2020-04-02T05:34:03Z</time></trkpt><trkpt lat="-32.858300" lon="-70.142570"><ele>2444.247</ele><time>2020-04-02T05:34:23Z</time></trkpt><trkpt lat="-32.858280" lon="-70.142600"><ele>2444.411</ele><time>2020-04-02T05:34:43Z</time></trkpt><trkpt lat="-32.858270" lon="-70.142640"><ele>2444.208</ele><time>2020-04-02T05:35:03Z</time></trkpt><trkpt lat="-32.858200" lon="-70.142750"><ele>2445.046</ele><time>2020-04-02T05:35:23Z</time></trkpt><trkpt lat="-32.858110" lon="-70.142890"><ele>2445.940</ele><time>2020-04-02T05:35:43Z</time></trkpt><trkpt lat="-32.857990" lon="-70.143040"><ele>2447.423</ele><time>2020-04-02T05:36:03Z</time></trkpt><trkpt lat="-32.857910" lon="-70.143130"><ele>2448.598</ele><time>2020-04-02T05:36:23Z</time></trkpt><trkpt lat="-32.857640" lon="-70.143420"><ele>2450.971</ele><time>2020-04-02T05:36:43Z</time></trkpt><trkpt lat="-32.857440" lon="-70.143650"><ele>2449.823</ele><time>2020-04-02T05:37:03Z</time></trkpt><trkpt lat="-32.857350" lon="-70.143750"><ele>2448.972</ele><time>2020-04-02T05:37:23Z</time></trkpt><trkpt lat="-32.857310" lon="-70.143790"><ele>2448.519</ele><time>2020-04-02T05:37:43Z</time></trkpt><trkpt lat="-32.857260" lon="-70.143830"><ele>2448.473</ele><time>2020-04-02T05:38:03Z</time></trkpt><trkpt lat="-32.857230" lon="-70.143840"><ele>2448.885</ele><time>2020-04-02T05:38:23Z</time></trkpt><trkpt lat="-32.857200" lon="-70.143850"><ele>2449.113</ele><time>2020-04-02T05:38:43Z</time></trkpt><trkpt lat="-32.857180" lon="-70.143850"><ele>2449.608</ele><time>2020-04-02T05:39:03Z</time></trkpt><trkpt lat="-32.857150" lon="-70.143850"><ele>2450.441</ele><time>2020-04-02T05:39:23Z</time></trkpt><trkpt lat="-32.857130" lon="-70.143850"><ele>2450.835</ele><time>2020-04-02T05:39:43Z</time></trkpt><trkpt lat="-32.857100" lon="-70.143830"><ele>2452.348</ele><time>2020-04-02T05:40:03Z</time></trkpt><trkpt lat="-32.857090" lon="-70.143820"><ele>2452.993</ele><time>2020-04-02T05:40:23Z</time></trkpt><trkpt lat="-32.857070" lon="-70.143800"><ele>2454.286</ele><time>2020-04-02T05:40:43Z</time></trkpt><trkpt lat="-32.857050" lon="-70.143770"><ele>2455.838</ele><time>2020-04-02T05:41:03Z</time></trkpt><trkpt lat="-32.857040" lon="-70.143740"><ele>2457.357</ele><time>2020-04-02T05:41:23Z</time></trkpt><trkpt lat="-32.857030" lon="-70.143720"><ele>2458.354</ele><time>2020-04-02T05:41:43Z</time></trkpt><trkpt lat="-32.857030" lon="-70.143680"><ele>2459.898</ele><time>2020-04-02T05:42:03Z</time></trkpt><trkpt lat="-32.857030" lon="-70.143650"><ele>2461.015</ele><time>2020-04-02T05:42:23Z</time></trkpt><trkpt lat="-32.857040" lon="-70.143620"><ele>2461.926</ele><time>2020-04-02T05:42:43Z</time></trkpt><trkpt lat="-32.857050" lon="-70.143600"><ele>2462.408</ele><time>2020-04-02T05:43:03Z</time></trkpt><trkpt lat="-32.857050" lon="-70.143590"><ele>2462.763</ele><time>2020-04-02T05:43:23Z</time></trkpt><trkpt lat="-32.857070" lon="-70.143540"><ele>2464.147</ele><time>2020-04-02T05:43:43Z</time></trkpt><trkpt lat="-32.857100" lon="-70.143490"><ele>2465.190</ele><time>2020-04-02T05:44:03Z</time></trkpt><trkpt lat="-32.857130" lon="-70.143450"><ele>2465.755</ele><time>2020-04-02T05:44:23Z</time></trkpt><trkpt lat="-32.857150" lon="-70.143430"><ele>2465.898</ele><time>2020-04-02T05:44:43Z</time></trkpt><trkpt lat="-32.857410" lon="-70.143130"><ele>2465.360</ele><time>2020-04-02T05:45:03Z</time></trkpt><trkpt lat="-32.857540" lon="-70.142980"><ele>2464.279</ele><time>2020-04-02T05:45:23Z</time></trkpt><trkpt lat="-32.857550" lon="-70.142970"><ele>2464.136</ele><time>2020-04-02T05:45:43Z</time></trkpt><trkpt lat="-32.857640" lon="-70.142870"><ele>2463.083</ele><time>2020-04-02T05:46:03Z</time></trkpt><trkpt lat="-32.857990" lon="-70.142480"><ele>2457.525</ele><time>2020-04-02T05:46:23Z</time></trkpt><trkpt lat="-32.858040" lon="-70.142420"><ele>2456.717</ele><time>2020-04-02T05:46:43Z</time></trkpt><trkpt lat="-32.858060" lon="-70.142390"><ele>2456.508</ele><time>2020-04-02T05:47:03Z</time></trkpt><trkpt lat="-32.858090" lon="-70.142360"><ele>2456.092</ele><time>2020-04-02T05:47:23Z</time></trkpt><trkpt lat="-32.858110" lon="-70.142330"><ele>2455.896</ele><time>2020-04-02T05:47:43Z</time></trkpt><trkpt lat="-32.858130" lon="-70.142290"><ele>2455.889</ele><time>2020-04-02T05:48:03Z</time></trkpt><trkpt lat="-32.858140" lon="-70.142260"><ele>2456.014</ele><time>2020-04-02T05:48:23Z</time></trkpt><trkpt lat="-32.858150" lon="-70.142210"><ele>2456.657</ele><time>2020-04-02T05:48:43Z</time></trkpt><trkpt lat="-32.858150" lon="-70.142140"><ele>2457.989</ele><time>2020-04-02T05:49:03Z</time></trkpt><trkpt lat="-32.858140" lon="-70.142090"><ele>2459.258</ele><time>2020-04-02T05:49:23Z</time></trkpt><trkpt lat="-32.858130" lon="-70.142030"><ele>2460.795</ele><time>2020-04-02T05:49:43Z</time></trkpt><trkpt lat="-32.858120" lon="-70.142010"><ele>2461.468</ele><time>2020-04-02T05:50:03Z</time></trkpt><trkpt lat="-32.858110" lon="-70.141990"><ele>2462.242</ele><time>2020-04-02T05:50:23Z</time></trkpt><trkpt lat="-32.858090" lon="-70.141950"><ele>2463.626</ele><time>2020-04-02T05:50:43Z</time></trkpt><trkpt lat="-32.858060" lon="-70.141910"><ele>2465.408</ele><time>2020-04-02T05:51:03Z</time></trkpt><trkpt lat="-32.858030" lon="-70.141870"><ele>2467.160</ele><time>2020-04-02T05:51:23Z</time></trkpt><trkpt lat="-32.857990" lon="-70.141850"><ele>2468.874</ele><time>2020-04-02T05:51:43Z</time></trkpt><trkpt lat="-32.857950" lon="-70.141820"><ele>2470.737</ele><time>2020-04-02T05:52:03Z</time></trkpt><trkpt lat="-32.857920" lon="-70.141800"><ele>2472.182</ele><time>2020-04-02T05:52:23Z</time></trkpt><trkpt lat="-32.857900" lon="-70.141800"><ele>2472.715</ele><time>2020-04-02T05:52:43Z</time></trkpt><trkpt lat="-32.857880" lon="-70.141790"><ele>2473.637</ele><time>2020-04-02T05:53:03Z</time></trkpt><trkpt lat="-32.857840" lon="-70.141790"><ele>2474.996</ele><time>2020-04-02T05:53:23Z</time></trkpt><trkpt lat="-32.857830" lon="-70.141790"><ele>2475.243</ele><time>2020-04-02T05:53:43Z</time></trkpt><trkpt lat="-32.857790" lon="-70.141800"><ele>2476.497</ele><time>2020-04-02T05:54:03Z</time></trkpt><trkpt lat="-32.857760" lon="-70.141800"><ele>2477.423</ele><time>2020-04-02T05:54:23Z</time></trkpt><trkpt lat="-32.857730" lon="-70.141820"><ele>2478.125</ele><time>2020-04-02T05:54:43Z</time></trkpt><trkpt lat="-32.857700" lon="-70.141840"><ele>2478.808</ele><time>2020-04-02T05:55:03Z</time></trkpt><trkpt lat="-32.857670" lon="-70.141860"><ele>2479.573</ele><time>2020-04-02T05:55:23Z</time></trkpt><trkpt lat="-32.857630" lon="-70.141890"><ele>2480.497</ele><time>2020-04-02T05:55:43Z</time></trkpt><trkpt lat="-32.857600" lon="-70.141940"><ele>2480.690</ele><time>2020-04-02T05:56:03Z</time></trkpt><trkpt lat="-32.857490" lon="-70.142110"><ele>2482.045</ele><time>2020-04-02T05:56:23Z</time></trkpt><trkpt lat="-32.857440" lon="-70.142190"><ele>2482.588</ele><time>2020-04-02T05:56:43Z</time></trkpt><trkpt lat="-32.857270" lon="-70.142480"><ele>2483.820</ele><time>2020-04-02T05:57:03Z</time></trkpt><trkpt lat="-32.857110" lon="-70.142720"><ele>2483.929</ele><time>2020-04-02T05:57:23Z</time></trkpt><trkpt lat="-32.856970" lon="-70.142900"><ele>2484.566</ele><time>2020-04-02T05:57:43Z</time></trkpt><trkpt lat="-32.856820" lon="-70.143100"><ele>2485.119</ele><time>2020-04-02T05:58:03Z</time></trkpt><trkpt lat="-32.856810" lon="-70.143120"><ele>2485.009</ele><time>2020-04-02T05:58:23Z</time></trkpt><trkpt lat="-32.856790" lon="-70.143130"><ele>2485.419</ele><time>2020-04-02T05:58:43Z</time></trkpt><trkpt lat="-32.856780" lon="-70.143150"><ele>2485.308</ele><time>2020-04-02T05:59:03Z</time></trkpt><trkpt lat="-32.856770" lon="-70.143160"><ele>2485.495</ele><time>2020-04-02T05:59:23Z</time></trkpt><trkpt lat="-32.856760" lon="-70.143180"><ele>2485.389</ele><time>2020-04-02T05:59:43Z</time></trkpt><trkpt lat="-32.856750" lon="-70.143190"><ele>2485.422</ele><time>2020-04-02T06:00:03Z</time></trkpt><trkpt lat="-32.856730" lon="-70.143200"><ele>2485.857</ele><time>2020-04-02T06:00:23Z</time></trkpt><trkpt lat="-32.856720" lon="-70.143220"><ele>2485.740</ele><time>2020-04-02T06:00:43Z</time></trkpt><trkpt lat="-32.856710" lon="-70.143230"><ele>2485.822</ele><time>2020-04-02T06:01:03Z</time></trkpt><trkpt lat="-32.856700" lon="-70.143240"><ele>2485.991</ele><time>2020-04-02T06:01:23Z</time></trkpt><trkpt lat="-32.856680" lon="-70.143250"><ele>2486.438</ele><time>2020-04-02T06:01:43Z</time></trkpt><trkpt lat="-32.856670" lon="-70.143260"><ele>2486.575</ele><time>2020-04-02T06:02:03Z</time></trkpt><trkpt lat="-32.856660" lon="-70.143270"><ele>2486.628</ele><time>2020-04-02T06:02:23Z</time></trkpt><trkpt lat="-32.856640" lon="-70.143280"><ele>2487.120</ele><time>2020-04-02T06:02:43Z</time></trkpt><trkpt lat="-32.856630" lon="-70.143290"><ele>2487.308</ele><time>2020-04-02T06:03:03Z</time></trkpt><trkpt lat="-32.856620" lon="-70.143300"><ele>2487.491</ele><time>2020-04-02T06:03:23Z</time></trkpt><trkpt lat="-32.856610" lon="-70.143310"><ele>2487.525</ele><time>2020-04-02T06:03:43Z</time></trkpt><trkpt lat="-32.856600" lon="-70.143310"><ele>2487.998</ele><time>2020-04-02T06:04:03Z</time></trkpt><trkpt lat="-32.856580" lon="-70.143320"><ele>2488.453</ele><time>2020-04-02T06:04:23Z</time></trkpt><trkpt lat="-32.856570" lon="-70.143320"><ele>2488.826</ele><time>2020-04-02T06:04:43Z</time></trkpt><trkpt lat="-32.856560" lon="-70.143320"><ele>2489.128</ele><time>2020-04-02T06:05:03Z</time></trkpt><trkpt lat="-32.856550" lon="-70.143320"><ele>2489.557</ele><time>2020-04-02T06:05:23Z</time></trkpt><trkpt lat="-32.856540" lon="-70.143320"><ele>2489.814</ele><time>2020-04-02T06:05:43Z</time></trkpt><trkpt lat="-32.856520" lon="-70.143320"><ele>2490.697</ele><time>2020-04-02T06:06:03Z</time></trkpt><trkpt lat="-32.856510" lon="-70.143320"><ele>2490.923</ele><time>2020-04-02T06:06:23Z</time></trkpt><trkpt lat="-32.856500" lon="-70.143310"><ele>2491.525</ele><time>2020-04-02T06:06:43Z</time></trkpt><trkpt lat="-32.856490" lon="-70.143310"><ele>2491.908</ele><time>2020-04-02T06:07:03Z</time></trkpt><trkpt lat="-32.856480" lon="-70.143300"><ele>2492.443</ele><time>2020-04-02T06:07:23Z</time></trkpt><trkpt lat="-32.856470" lon="-70.143300"><ele>2492.847</ele><time>2020-04-02T06:07:43Z</time></trkpt><trkpt lat="-32.856460" lon="-70.143290"><ele>2493.460</ele><time>2020-04-02T06:08:03Z</time></trkpt><trkpt lat="-32.856450" lon="-70.143280"><ele>2494.075</ele><time>2020-04-02T06:08:23Z</time></trkpt><trkpt lat="-32.856440" lon="-70.143260"><ele>2494.778</ele><time>2020-04-02T06:08:43Z</time></trkpt><trkpt lat="-32.856430" lon="-70.143240"><ele>2495.590</ele><time>2020-04-02T06:09:03Z</time></trkpt><trkpt lat="-32.856420" lon="-70.143220"><ele>2496.339</ele><time>2020-04-02T06:09:23Z</time></trkpt><trkpt lat="-32.856410" lon="-70.143200"><ele>2497.126</ele><time>2020-04-02T06:09:43Z</time></trkpt><trkpt lat="-32.856400" lon="-70.143180"><ele>2497.952</ele><time>2020-04-02T06:10:03Z</time></trkpt><trkpt lat="-32.856400" lon="-70.143160"><ele>2498.353</ele><time>2020-04-02T06:10:23Z</time></trkpt><trkpt lat="-32.856390" lon="-70.143140"><ele>2499.108</ele><time>2020-04-02T06:10:43Z</time></trkpt><trkpt lat="-32.856390" lon="-70.143110"><ele>2499.808</ele><time>2020-04-02T06:11:03Z</time></trkpt><trkpt lat="-32.856390" lon="-70.143070"><ele>2500.639</ele><time>2020-04-02T06:11:23Z</time></trkpt><trkpt lat="-32.856390" lon="-70.143040"><ele>2501.393</ele><time>2020-04-02T06:11:43Z</time></trkpt><trkpt lat="-32.856390" lon="-70.143000"><ele>2502.266</ele><time>2020-04-02T06:12:03Z</time></trkpt><trkpt lat="-32.856400" lon="-70.142960"><ele>2502.731</ele><time>2020-04-02T06:12:23Z</time></trkpt><trkpt lat="-32.856420" lon="-70.142920"><ele>2502.884</ele><time>2020-04-02T06:12:43Z</time></trkpt><trkpt lat="-32.856430" lon="-70.142890"><ele>2503.176</ele><time>2020-04-02T06:13:03Z</time></trkpt><trkpt lat="-32.856450" lon="-70.142860"><ele>2503.085</ele><time>2020-04-02T06:13:23Z</time></trkpt><trkpt lat="-32.856470" lon="-70.142830"><ele>2503.092</ele><time>2020-04-02T06:13:43Z</time></trkpt><trkpt lat="-32.857060" lon="-70.141750"><ele>2502.081</ele><time>2020-04-02T06:14:03Z</time></trkpt><trkpt lat="-32.857150" lon="-70.141570"><ele>2501.861</ele><time>2020-04-02T06:14:23Z</time></trkpt><trkpt lat="-32.857190" lon="-70.141500"><ele>2501.617</ele><time>2020-04-02T06:14:43Z</time></trkpt><trkpt lat="-32.857230" lon="-70.141430"><ele>2501.508</ele><time>2020-04-02T06:15:03Z</time></trkpt><trkpt lat="-32.857240" lon="-70.141410"><ele>2501.532</ele><time>2020-04-02T06:15:23Z</time></trkpt><trkpt lat="-32.857260" lon="-70.141390"><ele>2501.266</ele><time>2020-04-02T06:15:43Z</time></trkpt><trkpt lat="-32.857270" lon="-70.141370"><ele>2501.299</ele><time>2020-04-02T06:16:03Z</time></trkpt><trkpt lat="-32.857280" lon="-70.141340"><ele>2501.464</ele><time>2020-04-02T06:16:23Z</time></trkpt><trkpt lat="-32.857290" lon="-70.141320"><ele>2501.477</ele><time>2020-04-02T06:16:43Z</time></trkpt><trkpt lat="-32.857300" lon="-70.141290"><ele>2501.779</ele><time>2020-04-02T06:17:03Z</time></trkpt><trkpt lat="-32.857300" lon="-70.141260"><ele>2502.258</ele><time>2020-04-02T06:17:23Z</time></trkpt><trkpt lat="-32.857310" lon="-70.141230"><ele>2502.455</ele><time>2020-04-02T06:17:43Z</time></trkpt><trkpt lat="-32.857310" lon="-70.141200"><ele>2502.968</ele><time>2020-04-02T06:18:03Z</time></trkpt><trkpt lat="-32.857300" lon="-70.141170"><ele>2503.842</ele><time>2020-04-02T06:18:23Z</time></trkpt><trkpt lat="-32.857300" lon="-70.141140"><ele>2504.326</ele><time>2020-04-02T06:18:43Z</time></trkpt><trkpt lat="-32.857290" lon="-70.141120"><ele>2505.008</ele><time>2020-04-02T06:19:03Z</time></trkpt><trkpt lat="-32.857280" lon="-70.141090"><ele>2505.840</ele><time>2020-04-02T06:19:23Z</time></trkpt><trkpt lat="-32.857270" lon="-70.141060"><ele>2506.624</ele><time>2020-04-02T06:19:43Z</time></trkpt><trkpt lat="-32.857250" lon="-70.141040"><ele>2507.687</ele><time>2020-04-02T06:20:03Z</time></trkpt><trkpt lat="-32.857230" lon="-70.141010"><ele>2508.792</ele><time>2020-04-02T06:20:23Z</time></trkpt><trkpt lat="-32.857200" lon="-70.140980"><ele>2510.195</ele><time>2020-04-02T06:20:43Z</time></trkpt><trkpt lat="-32.857180" lon="-70.140970"><ele>2510.967</ele><time>2020-04-02T06:21:03Z</time></trkpt><trkpt lat="-32.857150" lon="-70.140950"><ele>2512.186</ele><time>2020-04-02T06:21:23Z</time></trkpt><trkpt lat="-32.857110" lon="-70.140930"><ele>2513.693</ele><time>2020-04-02T06:21:43Z</time></trkpt><trkpt lat="-32.857060" lon="-70.140920"><ele>2515.336</ele><time>2020-04-02T06:22:03Z</time></trkpt><trkpt lat="-32.857020" lon="-70.140920"><ele>2516.517</ele><time>2020-04-02T06:22:23Z</time></trkpt><trkpt lat="-32.857000" lon="-70.140920"><ele>2517.018</ele><time>2020-04-02T06:22:43Z</time></trkpt><trkpt lat="-32.856950" lon="-70.140930"><ele>2518.408</ele><time>2020-04-02T06:23:03Z</time></trkpt><trkpt lat="-32.856940" lon="-70.140940"><ele>2518.527</ele><time>2020-04-02T06:23:23Z</time></trkpt><trkpt lat="-32.856900" lon="-70.140960"><ele>2519.451</ele><time>2020-04-02T06:23:43Z</time></trkpt><trkpt lat="-32.856860" lon="-70.141010"><ele>2519.964</ele><time>2020-04-02T06:24:03Z</time></trkpt><trkpt lat="-32.856830" lon="-70.141040"><ele>2520.319</ele><time>2020-04-02T06:24:23Z</time></trkpt><trkpt lat="-32.856810" lon="-70.141080"><ele>2520.432</ele><time>2020-04-02T06:24:43Z</time></trkpt><trkpt lat="-32.856780" lon="-70.141120"><ele>2520.744</ele><time>2020-04-02T06:25:03Z</time></trkpt><trkpt lat="-32.856760" lon="-70.141170"><ele>2520.683</ele><time>2020-04-02T06:25:23Z</time></trkpt><trkpt lat="-32.856750" lon="-70.141220"><ele>2520.370</ele><time>2020-04-02T06:25:43Z</time></trkpt><trkpt lat="-32.856700" lon="-70.141330"><ele>2520.421</ele><time>2020-04-02T06:26:03Z</time></trkpt><trkpt lat="-32.856640" lon="-70.141480"><ele>2520.441</ele><time>2020-04-02T06:26:23Z</time></trkpt><trkpt lat="-32.856540" lon="-70.141710"><ele>2521.005</ele><time>2020-04-02T06:26:43Z</time></trkpt><trkpt lat="-32.856450" lon="-70.141890"><ele>2521.208</ele><time>2020-04-02T06:27:03Z</time></trkpt><trkpt lat="-32.856340" lon="-70.142120"><ele>2521.386</ele><time>2020-04-02T06:27:23Z</time></trkpt><trkpt lat="-32.856070" lon="-70.142620"><ele>2521.950</ele><time>2020-04-02T06:27:43Z</time></trkpt><trkpt lat="-32.855990" lon="-70.142780"><ele>2521.333</ele><time>2020-04-02T06:28:03Z</time></trkpt><trkpt lat="-32.855930" lon="-70.142870"><ele>2521.518</ele><time>2020-04-02T06:28:23Z</time></trkpt><trkpt lat="-32.855860" lon="-70.142950"><ele>2522.311</ele><time>2020-04-02T06:28:43Z</time></trkpt><trkpt lat="-32.855850" lon="-70.142960"><ele>2522.583</ele><time>2020-04-02T06:29:03Z</time></trkpt><trkpt lat="-32.855830" lon="-70.142980"><ele>2522.832</ele><time>2020-04-02T06:29:23Z</time></trkpt><trkpt lat="-32.855810" lon="-70.142990"><ele>2523.419</ele><time>2020-04-02T06:29:43Z</time></trkpt><trkpt lat="-32.855790" lon="-70.143000"><ele>2524.069</ele><time>2020-04-02T06:30:03Z</time></trkpt><trkpt lat="-32.855770" lon="-70.143010"><ele>2524.704</ele><time>2020-04-02T06:30:23Z</time></trkpt><trkpt lat="-32.855750" lon="-70.143010"><ele>2525.524</ele><time>2020-04-02T06:30:43Z</time></trkpt><trkpt lat="-32.855730" lon="-70.143010"><ele>2526.408</ele><time>2020-04-02T06:31:03Z</time></trkpt><trkpt lat="-32.855710" lon="-70.143010"><ele>2527.230</ele><time>2020-04-02T06:31:23Z</time></trkpt><trkpt lat="-32.855680" lon="-70.143010"><ele>2528.564</ele><time>2020-04-02T06:31:43Z</time></trkpt><trkpt lat="-32.855650" lon="-70.143000"><ele>2529.957</ele><time>2020-04-02T06:32:03Z</time></trkpt><trkpt lat="-32.855630" lon="-70.142990"><ele>2531.082</ele><time>2020-04-02T06:32:23Z</time></trkpt><trkpt lat="-32.855610" lon="-70.142980"><ele>2532.145</ele><time>2020-04-02T06:32:43Z</time></trkpt><trkpt lat="-32.855600" lon="-70.142970"><ele>2532.767</ele><time>2020-04-02T06:33:03Z</time></trkpt><trkpt lat="-32.855570" lon="-70.142950"><ele>2534.436</ele><time>2020-04-02T06:33:23Z</time></trkpt><trkpt lat="-32.855560" lon="-70.142930"><ele>2535.243</ele><time>2020-04-02T06:33:43Z</time></trkpt><trkpt lat="-32.855550" lon="-70.142920"><ele>2535.859</ele><time>2020-04-02T06:34:03Z</time></trkpt><trkpt lat="-32.855540" lon="-70.142900"><ele>2536.703</ele><time>2020-04-02T06:34:23Z</time></trkpt><trkpt lat="-32.855530" lon="-70.142870"><ele>2537.723</ele><time>2020-04-02T06:34:43Z</time></trkpt><trkpt lat="-32.855520" lon="-70.142850"><ele>2538.508</ele><time>2020-04-02T06:35:03Z</time></trkpt><trkpt lat="-32.855510" lon="-70.142830"><ele>2539.449</ele><time>2020-04-02T06:35:23Z</time></trkpt><trkpt lat="-32.855510" lon="-70.142800"><ele>2540.013</ele><time>2020-04-02T06:35:43Z</time></trkpt><trkpt lat="-32.855500" lon="-70.142780"><ele>2540.856</ele><time>2020-04-02T06:36:03Z</time></trkpt><trkpt lat="-32.855500" lon="-70.142760"><ele>2541.221</ele><time>2020-04-02T06:36:23Z</time></trkpt><trkpt lat="-32.855500" lon="-70.142730"><ele>2541.944</ele><time>2020-04-02T06:36:43Z</time></trkpt><trkpt lat="-32.855510" lon="-70.142690"><ele>2542.396</ele><time>2020-04-02T06:37:03Z</time></trkpt><trkpt lat="-32.855520" lon="-70.142660"><ele>2542.515</ele><time>2020-04-02T06:37:23Z</time></trkpt><trkpt lat="-32.855530" lon="-70.142640"><ele>2542.582</ele><time>2020-04-02T06:37:43Z</time></trkpt><trkpt lat="-32.855540" lon="-70.142620"><ele>2542.512</ele><time>2020-04-02T06:38:03Z</time></trkpt><trkpt lat="-32.855560" lon="-70.142590"><ele>2542.332</ele><time>2020-04-02T06:38:23Z</time></trkpt><trkpt lat="-32.855700" lon="-70.142330"><ele>2541.105</ele><time>2020-04-02T06:38:43Z</time></trkpt><trkpt lat="-32.855850" lon="-70.142060"><ele>2540.308</ele><time>2020-04-02T06:39:03Z</time></trkpt><trkpt lat="-32.855900" lon="-70.141970"><ele>2540.175</ele><time>2020-04-02T06:39:23Z</time></trkpt><trkpt lat="-32.855950" lon="-70.141880"><ele>2539.919</ele><time>2020-04-02T06:39:43Z</time></trkpt><trkpt lat="-32.856010" lon="-70.141740"><ele>2540.122</ele><time>2020-04-02T06:40:03Z</time></trkpt><trkpt lat="-32.856070" lon="-70.141600"><ele>2539.857</ele><time>2020-04-02T06:40:23Z</time></trkpt><trkpt lat="-32.856130" lon="-70.141440"><ele>2539.360</ele><time>2020-04-02T06:40:43Z</time></trkpt><trkpt lat="-32.856230" lon="-70.141170"><ele>2538.662</ele><time>2020-04-02T06:41:03Z</time></trkpt><trkpt lat="-32.856460" lon="-70.140630"><ele>2538.181</ele><time>2020-04-02T06:41:23Z</time></trkpt><trkpt lat="-32.856550" lon="-70.140440"><ele>2538.778</ele><time>2020-04-02T06:41:43Z</time></trkpt><trkpt lat="-32.856600" lon="-70.140320"><ele>2539.672</ele><time>2020-04-02T06:42:03Z</time></trkpt><trkpt lat="-32.856650" lon="-70.140210"><ele>2540.413</ele><time>2020-04-02T06:42:23Z</time></trkpt><trkpt lat="-32.856690" lon="-70.140100"><ele>2541.514</ele><time>2020-04-02T06:42:43Z</time></trkpt><trkpt lat="-32.856700" lon="-70.140040"><ele>2542.408</ele><time>2020-04-02T06:43:03Z</time></trkpt><trkpt lat="-32.856700" lon="-70.139980"><ele>2543.671</ele><time>2020-04-02T06:43:23Z</time></trkpt><trkpt lat="-32.856680" lon="-70.139930"><ele>2545.455</ele><time>2020-04-02T06:43:43Z</time></trkpt><trkpt lat="-32.856650" lon="-70.139870"><ele>2547.438</ele><time>2020-04-02T06:44:03Z</time></trkpt><trkpt lat="-32.856630" lon="-70.139850"><ele>2548.283</ele><time>2020-04-02T06:44:23Z</time></trkpt><trkpt lat="-32.856570" lon="-70.139800"><ele>2550.496</ele><time>2020-04-02T06:44:43Z</time></trkpt><trkpt lat="-32.856530" lon="-70.139790"><ele>2551.238</ele><time>2020-04-02T06:45:03Z</time></trkpt><trkpt lat="-32.856490" lon="-70.139780"><ele>2552.127</ele><time>2020-04-02T06:45:23Z</time></trkpt><trkpt lat="-32.856430" lon="-70.139780"><ele>2553.094</ele><time>2020-04-02T06:45:43Z</time></trkpt><trkpt lat="-32.856370" lon="-70.139800"><ele>2553.722</ele><time>2020-04-02T06:46:03Z</time></trkpt><trkpt lat="-32.856330" lon="-70.139820"><ele>2554.062</ele><time>2020-04-02T06:46:23Z</time></trkpt><trkpt lat="-32.856310" lon="-70.139840"><ele>2554.108</ele><time>2020-04-02T06:46:43Z</time></trkpt><trkpt lat="-32.856280" lon="-70.139870"><ele>2554.208</ele><time>2020-04-02T06:47:03Z</time></trkpt><trkpt lat="-32.856260" lon="-70.139910"><ele>2554.096</ele><time>2020-04-02T06:47:23Z</time></trkpt><trkpt lat="-32.856220" lon="-70.139990"><ele>2553.810</ele><time>2020-04-02T06:47:43Z</time></trkpt><trkpt lat="-32.855900" lon="-70.140780"><ele>2553.313</ele><time>2020-04-02T06:48:03Z</time></trkpt><trkpt lat="-32.855810" lon="-70.141020"><ele>2554.098</ele><time>2020-04-02T06:48:23Z</time></trkpt><trkpt lat="-32.855790" lon="-70.141060"><ele>2554.221</ele><time>2020-04-02T06:48:43Z</time></trkpt><trkpt lat="-32.855770" lon="-70.141080"><ele>2554.633</ele><time>2020-04-02T06:49:03Z</time></trkpt><trkpt lat="-32.855740" lon="-70.141110"><ele>2555.172</ele><time>2020-04-02T06:49:23Z</time></trkpt><trkpt lat="-32.855690" lon="-70.141140"><ele>2556.229</ele><time>2020-04-02T06:49:43Z</time></trkpt><trkpt lat="-32.855670" lon="-70.141150"><ele>2556.786</ele><time>2020-04-02T06:50:03Z</time></trkpt><trkpt lat="-32.855620" lon="-70.141150"><ele>2558.060</ele><time>2020-04-02T06:50:23Z</time></trkpt><trkpt lat="-32.855590" lon="-70.141140"><ele>2558.826</ele><time>2020-04-02T06:50:43Z</time></trkpt><trkpt lat="-32.855550" lon="-70.141130"><ele>2560.008</ele><time>2020-04-02T06:51:03Z</time></trkpt><trkpt lat="-32.855530" lon="-70.141110"><ele>2560.782</ele><time>2020-04-02T06:51:23Z</time></trkpt><trkpt lat="-32.855500" lon="-70.141080"><ele>2561.786</ele><time>2020-04-02T06:51:43Z</time></trkpt><trkpt lat="-32.855480" lon="-70.141050"><ele>2562.519</ele><time>2020-04-02T06:52:03Z</time></trkpt><trkpt lat="-32.855460" lon="-70.141010"><ele>2563.444</ele><time>2020-04-02T06:52:23Z</time></trkpt><trkpt lat="-32.855450" lon="-70.140990"><ele>2563.817</ele><time>2020-04-02T06:52:43Z</time></trkpt><trkpt lat="-32.855450" lon="-70.140970"><ele>2564.099</ele><time>2020-04-02T06:53:03Z</time></trkpt><trkpt lat="-32.855450" lon="-70.140950"><ele>2564.118</ele><time>2020-04-02T06:53:23Z</time></trkpt><trkpt lat="-32.855450" lon="-70.140940"><ele>2564.225</ele><time>2020-04-02T06:53:43Z</time></trkpt><trkpt lat="-32.855440" lon="-70.140930"><ele>2564.625</ele><time>2020-04-02T06:54:03Z</time></trkpt><trkpt lat="-32.855450" lon="-70.140890"><ele>2564.626</ele><time>2020-04-02T06:54:23Z</time></trkpt><trkpt lat="-32.855460" lon="-70.140860"><ele>2564.608</ele><time>2020-04-02T06:54:43Z</time></trkpt><trkpt lat="-32.855500" lon="-70.140740"><ele>2564.408</ele><time>2020-04-02T06:55:03Z</time></trkpt><trkpt lat="-32.855520" lon="-70.140710"><ele>2564.146</ele><time>2020-04-02T06:55:23Z</time></trkpt><trkpt lat="-32.855660" lon="-70.140430"><ele>2562.780</ele><time>2020-04-02T06:55:43Z</time></trkpt><trkpt lat="-32.855750" lon="-70.140240"><ele>2562.033</ele><time>2020-04-02T06:56:03Z</time></trkpt><trkpt lat="-32.855770" lon="-70.140180"><ele>2562.028</ele><time>2020-04-02T06:56:23Z</time></trkpt><trkpt lat="-32.855810" lon="-70.140040"><ele>2562.231</ele><time>2020-04-02T06:56:43Z</time></trkpt><trkpt lat="-32.855820" lon="-70.139980"><ele>2562.333</ele><time>2020-04-02T06:57:03Z</time></trkpt><trkpt lat="-32.855840" lon="-70.139880"><ele>2562.232</ele><time>2020-04-02T06:57:23Z</time></trkpt><trkpt lat="-32.855850" lon="-70.139810"><ele>2562.239</ele><time>2020-04-02T06:57:43Z</time></trkpt><trkpt lat="-32.855850" lon="-70.139770"><ele>2562.324</ele><time>2020-04-02T06:58:03Z</time></trkpt><trkpt lat="-32.855840" lon="-70.139650"><ele>2562.804</ele><time>2020-04-02T06:58:23Z</time></trkpt><trkpt lat="-32.855820" lon="-70.139500"><ele>2563.414</ele><time>2020-04-02T06:58:43Z</time></trkpt><trkpt lat="-32.855800" lon="-70.139400"><ele>2564.008</ele><time>2020-04-02T06:59:03Z</time></trkpt><trkpt lat="-32.855780" lon="-70.139350"><ele>2564.526</ele><time>2020-04-02T06:59:23Z</time></trkpt><trkpt lat="-32.855760" lon="-70.139290"><ele>2564.960</ele><time>2020-04-02T06:59:43Z</time></trkpt><trkpt lat="-32.855720" lon="-70.139200"><ele>2565.743</ele><time>2020-04-02T07:00:03Z</time></trkpt><trkpt lat="-32.855640" lon="-70.139070"><ele>2567.988</ele><time>2020-04-02T07:00:23Z</time></trkpt><trkpt lat="-32.855590" lon="-70.139010"><ele>2569.051</ele><time>2020-04-02T07:00:43Z</time></trkpt><trkpt lat="-32.855580" lon="-70.139000"><ele>2569.233</ele><time>2020-04-02T07:01:03Z</time></trkpt><trkpt lat="-32.855380" lon="-70.138780"><ele>2572.142</ele><time>2020-04-02T07:01:23Z</time></trkpt><trkpt lat="-32.854640" lon="-70.138000"><ele>2574.559</ele><time>2020-04-02T07:01:43Z</time></trkpt><trkpt lat="-32.854500" lon="-70.137860"><ele>2575.523</ele><time>2020-04-02T07:02:03Z</time></trkpt><trkpt lat="-32.854090" lon="-70.137440"><ele>2578.283</ele><time>2020-04-02T07:02:23Z</time></trkpt><trkpt lat="-32.853960" lon="-70.137300"><ele>2579.011</ele><time>2020-04-02T07:02:43Z</time></trkpt><trkpt lat="-32.853740" lon="-70.137080"><ele>2580.008</ele><time>2020-04-02T07:03:03Z</time></trkpt><trkpt lat="-32.853550" lon="-70.136890"><ele>2580.526</ele><time>2020-04-02T07:03:23Z</time></trkpt><trkpt lat="-32.853410" lon="-70.136750"><ele>2580.880</ele><time>2020-04-02T07:03:43Z</time></trkpt><trkpt lat="-32.853270" lon="-70.136610"><ele>2582.493</ele><time>2020-04-02T07:04:03Z</time></trkpt><trkpt lat="-32.852990" lon="-70.136340"><ele>2587.648</ele><time>2020-04-02T07:04:23Z</time></trkpt><trkpt lat="-32.852580" lon="-70.135920"><ele>2591.731</ele><time>2020-04-02T07:04:43Z</time></trkpt><trkpt lat="-32.852490" lon="-70.135840"><ele>2591.873</ele><time>2020-04-02T07:05:03Z</time></trkpt><trkpt lat="-32.851630" lon="-70.134950"><ele>2592.552</ele><time>2020-04-02T07:05:23Z</time></trkpt><trkpt lat="-32.851220" lon="-70.134530"><ele>2597.879</ele><time>2020-04-02T07:05:43Z</time></trkpt><trkpt lat="-32.850980" lon="-70.134280"><ele>2595.753</ele><time>2020-04-02T07:06:03Z</time></trkpt><trkpt lat="-32.850810" lon="-70.134100"><ele>2593.504</ele><time>2020-04-02T07:06:23Z</time></trkpt><trkpt lat="-32.850620" lon="-70.133910"><ele>2596.014</ele><time>2020-04-02T07:06:43Z</time></trkpt><trkpt lat="-32.850570" lon="-70.133850"><ele>2596.708</ele><time>2020-04-02T07:07:03Z</time></trkpt><trkpt lat="-32.850480" lon="-70.133750"><ele>2597.339</ele><time>2020-04-02T07:07:23Z</time></trkpt><trkpt lat="-32.850370" lon="-70.133640"><ele>2597.563</ele><time>2020-04-02T07:07:43Z</time></trkpt><trkpt lat="-32.850300" lon="-70.133580"><ele>2597.226</ele><time>2020-04-02T07:08:03Z</time></trkpt><trkpt lat="-32.850290" lon="-70.133570"><ele>2597.231</ele><time>2020-04-02T07:08:23Z</time></trkpt><trkpt lat="-32.850200" lon="-70.133500"><ele>2596.474</ele><time>2020-04-02T07:08:43Z</time></trkpt><trkpt lat="-32.850140" lon="-70.133470"><ele>2595.766</ele><time>2020-04-02T07:09:03Z</time></trkpt><trkpt lat="-32.850070" lon="-70.133430"><ele>2594.755</ele><time>2020-04-02T07:09:23Z</time></trkpt><trkpt lat="-32.849960" lon="-70.133370"><ele>2594.292</ele><time>2020-04-02T07:09:43Z</time></trkpt><trkpt lat="-32.849880" lon="-70.133340"><ele>2595.268</ele><time>2020-04-02T07:10:03Z</time></trkpt><trkpt lat="-32.849810" lon="-70.133330"><ele>2596.242</ele><time>2020-04-02T07:10:23Z</time></trkpt><trkpt lat="-32.849690" lon="-70.133310"><ele>2598.126</ele><time>2020-04-02T07:10:43Z</time></trkpt><trkpt lat="-32.849630" lon="-70.133310"><ele>2598.708</ele><time>2020-04-02T07:11:03Z</time></trkpt><trkpt lat="-32.849600" lon="-70.133310"><ele>2599.040</ele><time>2020-04-02T07:11:23Z</time></trkpt><trkpt lat="-32.849510" lon="-70.133310"><ele>2600.084</ele><time>2020-04-02T07:11:43Z</time></trkpt><trkpt lat="-32.849390" lon="-70.133330"><ele>2600.717</ele><time>2020-04-02T07:12:03Z</time></trkpt><trkpt lat="-32.849270" lon="-70.133360"><ele>2601.752</ele><time>2020-04-02T07:12:23Z</time></trkpt><trkpt lat="-32.849200" lon="-70.133380"><ele>2602.495</ele><time>2020-04-02T07:12:43Z</time></trkpt><trkpt lat="-32.849100" lon="-70.133420"><ele>2604.047</ele><time>2020-04-02T07:13:03Z</time></trkpt><trkpt lat="-32.849100" lon="-70.133430"><ele>2604.026</ele><time>2020-04-02T07:13:23Z</time></trkpt><trkpt lat="-32.849010" lon="-70.133480"><ele>2605.633</ele><time>2020-04-02T07:13:43Z</time></trkpt><trkpt lat="-32.848920" lon="-70.133540"><ele>2607.285</ele><time>2020-04-02T07:14:03Z</time></trkpt><trkpt lat="-32.848870" lon="-70.133590"><ele>2608.089</ele><time>2020-04-02T07:14:23Z</time></trkpt><trkpt lat="-32.848760" lon="-70.133680"><ele>2609.717</ele><time>2020-04-02T07:14:43Z</time></trkpt><trkpt lat="-32.848680" lon="-70.133780"><ele>2610.708</ele><time>2020-04-02T07:15:03Z</time></trkpt><trkpt lat="-32.848630" lon="-70.133850"><ele>2611.332</ele><time>2020-04-02T07:15:23Z</time></trkpt><trkpt lat="-32.848580" lon="-70.133910"><ele>2611.956</ele><time>2020-04-02T07:15:43Z</time></trkpt><trkpt lat="-32.848550" lon="-70.133960"><ele>2612.269</ele><time>2020-04-02T07:16:03Z</time></trkpt><trkpt lat="-32.848540" lon="-70.133980"><ele>2612.374</ele><time>2020-04-02T07:16:23Z</time></trkpt><trkpt lat="-32.848510" lon="-70.134030"><ele>2612.547</ele><time>2020-04-02T07:16:43Z</time></trkpt><trkpt lat="-32.848480" lon="-70.134090"><ele>2612.789</ele><time>2020-04-02T07:17:03Z</time></trkpt><trkpt lat="-32.848460" lon="-70.134150"><ele>2612.748</ele><time>2020-04-02T07:17:23Z</time></trkpt><trkpt lat="-32.848430" lon="-70.134230"><ele>2613.195</ele><time>2020-04-02T07:17:43Z</time></trkpt><trkpt lat="-32.848380" lon="-70.134370"><ele>2614.262</ele><time>2020-04-02T07:18:03Z</time></trkpt><trkpt lat="-32.848360" lon="-70.134460"><ele>2614.783</ele><time>2020-04-02T07:18:23Z</time></trkpt><trkpt lat="-32.848340" lon="-70.134550"><ele>2615.311</ele><time>2020-04-02T07:18:43Z</time></trkpt><trkpt lat="-32.848320" lon="-70.134670"><ele>2616.508</ele><time>2020-04-02T07:19:03Z</time></trkpt><trkpt lat="-32.848290" lon="-70.135160"><ele>2619.530</ele><time>2020-04-02T07:19:23Z</time></trkpt><trkpt lat="-32.848240" lon="-70.135830"><ele>2624.924</ele><time>2020-04-02T07:19:43Z</time></trkpt><trkpt lat="-32.848240" lon="-70.135940"><ele>2624.037</ele><time>2020-04-02T07:20:03Z</time></trkpt><trkpt lat="-32.848190" lon="-70.136470"><ele>2623.322</ele><time>2020-04-02T07:20:23Z</time></trkpt><trkpt lat="-32.848180" lon="-70.136610"><ele>2623.155</ele><time>2020-04-02T07:20:43Z</time></trkpt><trkpt lat="-32.848180" lon="-70.136680"><ele>2622.847</ele><time>2020-04-02T07:21:03Z</time></trkpt><trkpt lat="-32.848140" lon="-70.136980"><ele>2628.276</ele><time>2020-04-02T07:21:23Z</time></trkpt><trkpt lat="-32.848100" lon="-70.137450"><ele>2634.033</ele><time>2020-04-02T07:21:43Z</time></trkpt><trkpt lat="-32.848100" lon="-70.137530"><ele>2634.214</ele><time>2020-04-02T07:22:03Z</time></trkpt><trkpt lat="-32.848090" lon="-70.137750"><ele>2634.354</ele><time>2020-04-02T07:22:23Z</time></trkpt><trkpt lat="-32.848070" lon="-70.137960"><ele>2634.909</ele><time>2020-04-02T07:22:43Z</time></trkpt><trkpt lat="-32.848090" lon="-70.138410"><ele>2634.408</ele><time>2020-04-02T07:23:03Z</time></trkpt><trkpt lat="-32.848210" lon="-70.139030"><ele>2641.685</ele><time>2020-04-02T07:23:23Z</time></trkpt><trkpt lat="-32.848260" lon="-70.139240"><ele>2643.979</ele><time>2020-04-02T07:23:43Z</time></trkpt><trkpt lat="-32.848290" lon="-70.139430"><ele>2646.372</ele><time>2020-04-02T07:24:03Z</time></trkpt><trkpt lat="-32.848460" lon="-70.140130"><ele>2650.287</ele><time>2020-04-02T07:24:23Z</time></trkpt><trkpt lat="-32.848490" lon="-70.140270"><ele>2650.240</ele><time>2020-04-02T07:24:43Z</time></trkpt><trkpt lat="-32.848530" lon="-70.140480"><ele>2650.412</ele><time>2020-04-02T07:25:03Z</time></trkpt><trkpt lat="-32.848710" lon="-70.141330"><ele>2654.991</ele><time>2020-04-02T07:25:23Z</time></trkpt><trkpt lat="-32.848840" lon="-70.141710"><ele>2657.478</ele><time>2020-04-02T07:25:43Z</time></trkpt><trkpt lat="-32.848890" lon="-70.141890"><ele>2660.966</ele><time>2020-04-02T07:26:03Z</time></trkpt><trkpt lat="-32.848900" lon="-70.141910"><ele>2661.129</ele><time>2020-04-02T07:26:23Z</time></trkpt><trkpt lat="-32.848900" lon="-70.141920"><ele>2661.421</ele><time>2020-04-02T07:26:43Z</time></trkpt><trkpt lat="-32.848900" lon="-70.141940"><ele>2662.008</ele><time>2020-04-02T07:27:03Z</time></trkpt><trkpt lat="-32.848900" lon="-70.141950"><ele>2662.330</ele><time>2020-04-02T07:27:23Z</time></trkpt><trkpt lat="-32.848900" lon="-70.141970"><ele>2662.964</ele><time>2020-04-02T07:27:43Z</time></trkpt><trkpt lat="-32.848900" lon="-70.141990"><ele>2663.557</ele><time>2020-04-02T07:28:03Z</time></trkpt><trkpt lat="-32.848890" lon="-70.142000"><ele>2664.252</ele><time>2020-04-02T07:28:23Z</time></trkpt><trkpt lat="-32.848890" lon="-70.142020"><ele>2664.755</ele><time>2020-04-02T07:28:43Z</time></trkpt><trkpt lat="-32.848880" lon="-70.142030"><ele>2665.437</ele><time>2020-04-02T07:29:03Z</time></trkpt><trkpt lat="-32.848880" lon="-70.142050"><ele>2666.086</ele><time>2020-04-02T07:29:23Z</time></trkpt><trkpt lat="-32.848870" lon="-70.142060"><ele>2666.713</ele><time>2020-04-02T07:29:43Z</time></trkpt><trkpt lat="-32.848860" lon="-70.142070"><ele>2667.499</ele><time>2020-04-02T07:30:03Z</time></trkpt><trkpt lat="-32.848850" lon="-70.142080"><ele>2668.107</ele><time>2020-04-02T07:30:23Z</time></trkpt><trkpt lat="-32.848840" lon="-70.142100"><ele>2669.127</ele><time>2020-04-02T07:30:43Z</time></trkpt><trkpt lat="-32.848830" lon="-70.142110"><ele>2669.808</ele><time>2020-04-02T07:31:03Z</time></trkpt><trkpt lat="-32.848820" lon="-70.142120"><ele>2670.513</ele><time>2020-04-02T07:31:23Z</time></trkpt><trkpt lat="-32.848810" lon="-70.142120"><ele>2670.917</ele><time>2020-04-02T07:31:43Z</time></trkpt><trkpt lat="-32.848800" lon="-70.142130"><ele>2671.740</ele><time>2020-04-02T07:32:03Z</time></trkpt><trkpt lat="-32.848790" lon="-70.142140"><ele>2672.425</ele><time>2020-04-02T07:32:23Z</time></trkpt><trkpt lat="-32.848770" lon="-70.142140"><ele>2673.228</ele><time>2020-04-02T07:32:43Z</time></trkpt><trkpt lat="-32.848760" lon="-70.142150"><ele>2673.940</ele><time>2020-04-02T07:33:03Z</time></trkpt><trkpt lat="-32.848750" lon="-70.142150"><ele>2674.369</ele><time>2020-04-02T07:33:23Z</time></trkpt><trkpt lat="-32.848730" lon="-70.142150"><ele>2675.146</ele><time>2020-04-02T07:33:43Z</time></trkpt><trkpt lat="-32.848720" lon="-70.142150"><ele>2675.572</ele><time>2020-04-02T07:34:03Z</time></trkpt><trkpt lat="-32.848710" lon="-70.142150"><ele>2675.913</ele><time>2020-04-02T07:34:23Z</time></trkpt><trkpt lat="-32.848690" lon="-70.142150"><ele>2676.714</ele><time>2020-04-02T07:34:43Z</time></trkpt><trkpt lat="-32.848680" lon="-70.142140"><ele>2676.808</ele><time>2020-04-02T07:35:03Z</time></trkpt><trkpt lat="-32.848670" lon="-70.142140"><ele>2677.251</ele><time>2020-04-02T07:35:23Z</time></trkpt><trkpt lat="-32.848650" lon="-70.142130"><ele>2677.795</ele><time>2020-04-02T07:35:43Z</time></trkpt><trkpt lat="-32.848640" lon="-70.142120"><ele>2677.818</ele><time>2020-04-02T07:36:03Z</time></trkpt><trkpt lat="-32.848630" lon="-70.142120"><ele>2678.253</ele><time>2020-04-02T07:36:23Z</time></trkpt><trkpt lat="-32.848620" lon="-70.142110"><ele>2678.376</ele><time>2020-04-02T07:36:43Z</time></trkpt><trkpt lat="-32.848610" lon="-70.142100"><ele>2678.478</ele><time>2020-04-02T07:37:03Z</time></trkpt><trkpt lat="-32.848600" lon="-70.142090"><ele>2678.597</ele><time>2020-04-02T07:37:23Z</time></trkpt><trkpt lat="-32.848590" lon="-70.142070"><ele>2678.374</ele><time>2020-04-02T07:37:43Z</time></trkpt><trkpt lat="-32.848580" lon="-70.142060"><ele>2678.369</ele><time>2020-04-02T07:38:03Z</time></trkpt><trkpt lat="-32.848560" lon="-70.142020"><ele>2677.904</ele><time>2020-04-02T07:38:23Z</time></trkpt><trkpt lat="-32.848470" lon="-70.141830"><ele>2675.224</ele><time>2020-04-02T07:38:43Z</time></trkpt><trkpt lat="-32.848340" lon="-70.141590"><ele>2673.608</ele><time>2020-04-02T07:39:03Z</time></trkpt><trkpt lat="-32.848300" lon="-70.141510"><ele>2674.260</ele><time>2020-04-02T07:39:23Z</time></trkpt><trkpt lat="-32.847900" lon="-70.140860"><ele>2679.644</ele><time>2020-04-02T07:39:43Z</time></trkpt><trkpt lat="-32.847810" lon="-70.140730"><ele>2681.287</ele><time>2020-04-02T07:40:03Z</time></trkpt><trkpt lat="-32.847700" lon="-70.140560"><ele>2683.232</ele><time>2020-04-02T07:40:23Z</time></trkpt><trkpt lat="-32.847660" lon="-70.140520"><ele>2684.155</ele><time>2020-04-02T07:40:43Z</time></trkpt><trkpt lat="-32.847470" lon="-70.140230"><ele>2687.147</ele><time>2020-04-02T07:41:03Z</time></trkpt><trkpt lat="-32.847360" lon="-70.140070"><ele>2688.736</ele><time>2020-04-02T07:41:23Z</time></trkpt><trkpt lat="-32.847250" lon="-70.139890"><ele>2689.833</ele><time>2020-04-02T07:41:43Z</time></trkpt><trkpt lat="-32.847150" lon="-70.139720"><ele>2690.898</ele><time>2020-04-02T07:42:03Z</time></trkpt><trkpt lat="-32.847070" lon="-70.139600"><ele>2692.015</ele><time>2020-04-02T07:42:23Z</time></trkpt><trkpt lat="-32.846870" lon="-70.139240"><ele>2694.426</ele><time>2020-04-02T07:42:43Z</time></trkpt><trkpt lat="-32.846870" lon="-70.139230"><ele>2694.308</ele><time>2020-04-02T07:43:03Z</time></trkpt><trkpt lat="-32.846840" lon="-70.139130"><ele>2694.963</ele><time>2020-04-02T07:43:23Z</time></trkpt><trkpt lat="-32.846830" lon="-70.139030"><ele>2696.447</ele><time>2020-04-02T07:43:43Z</time></trkpt><trkpt lat="-32.846830" lon="-70.138990"><ele>2696.820</ele><time>2020-04-02T07:44:03Z</time></trkpt><trkpt lat="-32.846830" lon="-70.138900"><ele>2697.865</ele><time>2020-04-02T07:44:23Z</time></trkpt><trkpt lat="-32.846840" lon="-70.138770"><ele>2698.778</ele><time>2020-04-02T07:44:43Z</time></trkpt><trkpt lat="-32.846850" lon="-70.138680"><ele>2699.170</ele><time>2020-04-02T07:45:03Z</time></trkpt><trkpt lat="-32.846890" lon="-70.138440"><ele>2699.149</ele><time>2020-04-02T07:45:23Z</time></trkpt><trkpt lat="-32.846970" lon="-70.137940"><ele>2699.666</ele><time>2020-04-02T07:45:43Z</time></trkpt><trkpt lat="-32.846990" lon="-70.137770"><ele>2700.311</ele><time>2020-04-02T07:46:03Z</time></trkpt><trkpt lat="-32.847010" lon="-70.137550"><ele>2701.621</ele><time>2020-04-02T07:46:23Z</time></trkpt><trkpt lat="-32.847020" lon="-70.137470"><ele>2702.003</ele><time>2020-04-02T07:46:43Z</time></trkpt><trkpt lat="-32.847030" lon="-70.137340"><ele>2703.408</ele><time>2020-04-02T07:47:03Z</time></trkpt><trkpt lat="-32.847050" lon="-70.137130"><ele>2705.325</ele><time>2020-04-02T07:47:23Z</time></trkpt><trkpt lat="-32.847090" lon="-70.136700"><ele>2709.059</ele><time>2020-04-02T07:47:43Z</time></trkpt><trkpt lat="-32.847100" lon="-70.136590"><ele>2708.642</ele><time>2020-04-02T07:48:03Z</time></trkpt><trkpt lat="-32.847130" lon="-70.136300"><ele>2705.457</ele><time>2020-04-02T07:48:23Z</time></trkpt><trkpt lat="-32.847140" lon="-70.136070"><ele>2703.970</ele><time>2020-04-02T07:48:43Z</time></trkpt><trkpt lat="-32.847140" lon="-70.135960"><ele>2703.552</ele><time>2020-04-02T07:49:03Z</time></trkpt><trkpt lat="-32.847140" lon="-70.135820"><ele>2703.061</ele><time>2020-04-02T07:49:23Z</time></trkpt><trkpt lat="-32.847130" lon="-70.135750"><ele>2703.338</ele><time>2020-04-02T07:49:43Z</time></trkpt><trkpt lat="-32.847110" lon="-70.135680"><ele>2704.328</ele><time>2020-04-02T07:50:03Z</time></trkpt><trkpt lat="-32.847100" lon="-70.135640"><ele>2704.889</ele><time>2020-04-02T07:50:23Z</time></trkpt><trkpt lat="-32.847080" lon="-70.135570"><ele>2705.717</ele><time>2020-04-02T07:50:43Z</time></trkpt><trkpt lat="-32.847040" lon="-70.135440"><ele>2707.508</ele><time>2020-04-02T07:51:03Z</time></trkpt><trkpt lat="-32.846970" lon="-70.135240"><ele>2710.216</ele><time>2020-04-02T07:51:23Z</time></trkpt><trkpt lat="-32.846920" lon="-70.135120"><ele>2711.920</ele><time>2020-04-02T07:51:43Z</time></trkpt><trkpt lat="-32.846890" lon="-70.135020"><ele>2712.423</ele><time>2020-04-02T07:52:03Z</time></trkpt><trkpt lat="-32.846880" lon="-70.134940"><ele>2712.758</ele><time>2020-04-02T07:52:23Z</time></trkpt><trkpt lat="-32.846860" lon="-70.134870"><ele>2713.961</ele><time>2020-04-02T07:52:43Z</time></trkpt><trkpt lat="-32.846860" lon="-70.134840"><ele>2713.823</ele><time>2020-04-02T07:53:03Z</time></trkpt><trkpt lat="-32.846860" lon="-70.134810"><ele>2713.872</ele><time>2020-04-02T07:53:23Z</time></trkpt><trkpt lat="-32.846850" lon="-70.134620"><ele>2714.389</ele><time>2020-04-02T07:53:43Z</time></trkpt><trkpt lat="-32.846830" lon="-70.134240"><ele>2715.351</ele><time>2020-04-02T07:54:03Z</time></trkpt><trkpt lat="-32.846810" lon="-70.134070"><ele>2716.401</ele><time>2020-04-02T07:54:23Z</time></trkpt><trkpt lat="-32.846810" lon="-70.134050"><ele>2716.411</ele><time>2020-04-02T07:54:43Z</time></trkpt><trkpt lat="-32.846800" lon="-70.134030"><ele>2717.008</ele><time>2020-04-02T07:55:03Z</time></trkpt><trkpt lat="-32.846780" lon="-70.134010"><ele>2718.359</ele><time>2020-04-02T07:55:23Z</time></trkpt><trkpt lat="-32.846770" lon="-70.133990"><ele>2718.953</ele><time>2020-04-02T07:55:43Z</time></trkpt><trkpt lat="-32.846750" lon="-70.133980"><ele>2720.256</ele><time>2020-04-02T07:56:03Z</time></trkpt><trkpt lat="-32.846740" lon="-70.133980"><ele>2720.851</ele><time>2020-04-02T07:56:23Z</time></trkpt><trkpt lat="-32.846710" lon="-70.133970"><ele>2722.734</ele><time>2020-04-02T07:56:43Z</time></trkpt><trkpt lat="-32.846690" lon="-70.133970"><ele>2724.096</ele><time>2020-04-02T07:57:03Z</time></trkpt><trkpt lat="-32.846640" lon="-70.133980"><ele>2726.455</ele><time>2020-04-02T07:57:23Z</time></trkpt><trkpt lat="-32.846610" lon="-70.133990"><ele>2727.572</ele><time>2020-04-02T07:57:43Z</time></trkpt><trkpt lat="-32.846570" lon="-70.134010"><ele>2728.829</ele><time>2020-04-02T07:58:03Z</time></trkpt><trkpt lat="-32.846530" lon="-70.134030"><ele>2730.200</ele><time>2020-04-02T07:58:23Z</time></trkpt><trkpt lat="-32.846510" lon="-70.134060"><ele>2730.720</ele><time>2020-04-02T07:58:43Z</time></trkpt><trkpt lat="-32.846490" lon="-70.134080"><ele>2731.308</ele><time>2020-04-02T07:59:03Z</time></trkpt><trkpt lat="-32.846480" lon="-70.134100"><ele>2731.626</ele><time>2020-04-02T07:59:23Z</time></trkpt><trkpt lat="-32.846470" lon="-70.134130"><ele>2731.870</ele><time>2020-04-02T07:59:43Z</time></trkpt><trkpt lat="-32.846460" lon="-70.134160"><ele>2732.073</ele><time>2020-04-02T08:00:03Z</time></trkpt><trkpt lat="-32.846460" lon="-70.134190"><ele>2732.018</ele><time>2020-04-02T08:00:23Z</time></trkpt><trkpt lat="-32.846460" lon="-70.134230"><ele>2732.261</ele><time>2020-04-02T08:00:43Z</time></trkpt><trkpt lat="-32.846470" lon="-70.134270"><ele>2732.053</ele><time>2020-04-02T08:01:03Z</time></trkpt><trkpt lat="-32.846490" lon="-70.134350"><ele>2731.552</ele><time>2020-04-02T08:01:23Z</time></trkpt><trkpt lat="-32.846550" lon="-70.134530"><ele>2729.829</ele><time>2020-04-02T08:01:43Z</time></trkpt><trkpt lat="-32.846580" lon="-70.134610"><ele>2728.958</ele><time>2020-04-02T08:02:03Z</time></trkpt><trkpt lat="-32.846580" lon="-70.134660"><ele>2729.052</ele><time>2020-04-02T08:02:23Z</time></trkpt><trkpt lat="-32.846590" lon="-70.134700"><ele>2728.717</ele><time>2020-04-02T08:02:43Z</time></trkpt><trkpt lat="-32.846590" lon="-70.134740"><ele>2728.808</ele><time>2020-04-02T08:03:03Z</time></trkpt><trkpt lat="-32.846590" lon="-70.134750"><ele>2728.849</ele><time>2020-04-02T08:03:23Z</time></trkpt><trkpt lat="-32.846580" lon="-70.134800"><ele>2729.313</ele><time>2020-04-02T08:03:43Z</time></trkpt><trkpt lat="-32.846580" lon="-70.134840"><ele>2729.496</ele><time>2020-04-02T08:04:03Z</time></trkpt><trkpt lat="-32.846560" lon="-70.134870"><ele>2730.381</ele><time>2020-04-02T08:04:23Z</time></trkpt><trkpt lat="-32.846550" lon="-70.134890"><ele>2730.824</ele><time>2020-04-02T08:04:43Z</time></trkpt><trkpt lat="-32.846540" lon="-70.134900"><ele>2731.266</ele><time>2020-04-02T08:05:03Z</time></trkpt><trkpt lat="-32.846530" lon="-70.134920"><ele>2731.785</ele><time>2020-04-02T08:05:23Z</time></trkpt><trkpt lat="-32.846500" lon="-70.134940"><ele>2733.042</ele><time>2020-04-02T08:05:43Z</time></trkpt><trkpt lat="-32.846430" lon="-70.134970"><ele>2736.114</ele><time>2020-04-02T08:06:03Z</time></trkpt><trkpt lat="-32.846390" lon="-70.134970"><ele>2737.854</ele><time>2020-04-02T08:06:23Z</time></trkpt><trkpt lat="-32.846360" lon="-70.134970"><ele>2739.109</ele><time>2020-04-02T08:06:43Z</time></trkpt><trkpt lat="-32.846350" lon="-70.134960"><ele>2739.508</ele><time>2020-04-02T08:07:03Z</time></trkpt><trkpt lat="-32.846330" lon="-70.134960"><ele>2740.365</ele><time>2020-04-02T08:07:23Z</time></trkpt><trkpt lat="-32.846310" lon="-70.134950"><ele>2741.189</ele><time>2020-04-02T08:07:43Z</time></trkpt><trkpt lat="-32.846300" lon="-70.134940"><ele>2741.532</ele><time>2020-04-02T08:08:03Z</time></trkpt><trkpt lat="-32.846280" lon="-70.134920"><ele>2742.367</ele><time>2020-04-02T08:08:23Z</time></trkpt><trkpt lat="-32.846270" lon="-70.134900"><ele>2742.670</ele><time>2020-04-02T08:08:43Z</time></trkpt><trkpt lat="-32.846260" lon="-70.134870"><ele>2742.832</ele><time>2020-04-02T08:09:03Z</time></trkpt><trkpt lat="-32.846250" lon="-70.134830"><ele>2743.051</ele><time>2020-04-02T08:09:23Z</time></trkpt><trkpt lat="-32.846250" lon="-70.134810"><ele>2742.958</ele><time>2020-04-02T08:09:43Z</time></trkpt><trkpt lat="-32.846220" lon="-70.134590"><ele>2742.794</ele><time>2020-04-02T08:10:03Z</time></trkpt><trkpt lat="-32.846190" lon="-70.134380"><ele>2742.457</ele><time>2020-04-02T08:10:23Z</time></trkpt><trkpt lat="-32.846190" lon="-70.134340"><ele>2742.222</ele><time>2020-04-02T08:10:43Z</time></trkpt><trkpt lat="-32.846190" lon="-70.134260"><ele>2741.608</ele><time>2020-04-02T08:11:03Z</time></trkpt><trkpt lat="-32.846190" lon="-70.134180"><ele>2741.113</ele><time>2020-04-02T08:11:23Z</time></trkpt><trkpt lat="-32.846190" lon="-70.134170"><ele>2741.067</ele><time>2020-04-02T08:11:43Z</time></trkpt><trkpt lat="-32.846200" lon="-70.134110"><ele>2741.250</ele><time>2020-04-02T08:12:03Z</time></trkpt><trkpt lat="-32.846210" lon="-70.134050"><ele>2741.365</ele><time>2020-04-02T08:12:23Z</time></trkpt><trkpt lat="-32.846230" lon="-70.133990"><ele>2741.128</ele><time>2020-04-02T08:12:43Z</time></trkpt><trkpt lat="-32.846240" lon="-70.133960"><ele>2741.040</ele><time>2020-04-02T08:13:03Z</time></trkpt><trkpt lat="-32.846300" lon="-70.133830"><ele>2739.739</ele><time>2020-04-02T08:13:23Z</time></trkpt><trkpt lat="-32.846380" lon="-70.133710"><ele>2737.426</ele><time>2020-04-02T08:13:43Z</time></trkpt><trkpt lat="-32.846440" lon="-70.133600"><ele>2735.662</ele><time>2020-04-02T08:14:03Z</time></trkpt><trkpt lat="-32.846570" lon="-70.133370"><ele>2731.283</ele><time>2020-04-02T08:14:23Z</time></trkpt><trkpt lat="-32.846590" lon="-70.133320"><ele>2730.311</ele><time>2020-04-02T08:14:43Z</time></trkpt><trkpt lat="-32.846600" lon="-70.133280"><ele>2729.508</ele><time>2020-04-02T08:15:03Z</time></trkpt><trkpt lat="-32.846600" lon="-70.133240"><ele>2729.140</ele><time>2020-04-02T08:15:23Z</time></trkpt><trkpt lat="-32.846600" lon="-70.133210"><ele>2728.984</ele><time>2020-04-02T08:15:43Z</time></trkpt><trkpt lat="-32.846590" lon="-70.133190"><ele>2729.297</ele><time>2020-04-02T08:16:03Z</time></trkpt><trkpt lat="-32.846580" lon="-70.133170"><ele>2729.562</ele><time>2020-04-02T08:16:23Z</time></trkpt><trkpt lat="-32.846570" lon="-70.133160"><ele>2729.925</ele><time>2020-04-02T08:16:43Z</time></trkpt><trkpt lat="-32.846540" lon="-70.133130"><ele>2731.297</ele><time>2020-04-02T08:17:03Z</time></trkpt><trkpt lat="-32.846520" lon="-70.133120"><ele>2732.246</ele><time>2020-04-02T08:17:23Z</time></trkpt><trkpt lat="-32.846500" lon="-70.133110"><ele>2733.173</ele><time>2020-04-02T08:17:43Z</time></trkpt><trkpt lat="-32.846470" lon="-70.133110"><ele>2734.692</ele><time>2020-04-02T08:18:03Z</time></trkpt><trkpt lat="-32.846430" lon="-70.133110"><ele>2736.773</ele><time>2020-04-02T08:18:23Z</time></trkpt><trkpt lat="-32.846390" lon="-70.133120"><ele>2738.820</ele><time>2020-04-02T08:18:43Z</time></trkpt><trkpt lat="-32.846340" lon="-70.133150"><ele>2741.308</ele><time>2020-04-02T08:19:03Z</time></trkpt><trkpt lat="-32.846310" lon="-70.133180"><ele>2742.813</ele><time>2020-04-02T08:19:23Z</time></trkpt><trkpt lat="-32.846290" lon="-70.133200"><ele>2743.837</ele><time>2020-04-02T08:19:43Z</time></trkpt><trkpt lat="-32.846190" lon="-70.133350"><ele>2748.030</ele><time>2020-04-02T08:20:03Z</time></trkpt><trkpt lat="-32.846050" lon="-70.133570"><ele>2751.935</ele><time>2020-04-02T08:20:23Z</time></trkpt><trkpt lat="-32.845940" lon="-70.133770"><ele>2754.168</ele><time>2020-04-02T08:20:43Z</time></trkpt><trkpt lat="-32.845890" lon="-70.133870"><ele>2754.880</ele><time>2020-04-02T08:21:03Z</time></trkpt><trkpt lat="-32.845880" lon="-70.133870"><ele>2755.229</ele><time>2020-04-02T08:21:23Z</time></trkpt><trkpt lat="-32.845810" lon="-70.134070"><ele>2755.236</ele><time>2020-04-02T08:21:43Z</time></trkpt><trkpt lat="-32.845810" lon="-70.134080"><ele>2755.156</ele><time>2020-04-02T08:22:03Z</time></trkpt><trkpt lat="-32.845780" lon="-70.134180"><ele>2755.359</ele><time>2020-04-02T08:22:23Z</time></trkpt><trkpt lat="-32.845780" lon="-70.134220"><ele>2755.714</ele><time>2020-04-02T08:22:43Z</time></trkpt><trkpt lat="-32.845770" lon="-70.134260"><ele>2756.608</ele><time>2020-04-02T08:23:03Z</time></trkpt><trkpt lat="-32.845770" lon="-70.134360"><ele>2757.639</ele><time>2020-04-02T08:23:23Z</time></trkpt><trkpt lat="-32.845780" lon="-70.134510"><ele>2758.813</ele><time>2020-04-02T08:23:43Z</time></trkpt><trkpt lat="-32.845800" lon="-70.134600"><ele>2759.026</ele><time>2020-04-02T08:24:03Z</time></trkpt><trkpt lat="-32.845800" lon="-70.134650"><ele>2759.571</ele><time>2020-04-02T08:24:23Z</time></trkpt><trkpt lat="-32.845820" lon="-70.134700"><ele>2759.324</ele><time>2020-04-02T08:24:43Z</time></trkpt><trkpt lat="-32.845840" lon="-70.134760"><ele>2759.146</ele><time>2020-04-02T08:25:03Z</time></trkpt><trkpt lat="-32.845890" lon="-70.134880"><ele>2758.345</ele><time>2020-04-02T08:25:23Z</time></trkpt><trkpt lat="-32.845890" lon="-70.134890"><ele>2758.422</ele><time>2020-04-02T08:25:43Z</time></trkpt><trkpt lat="-32.845910" lon="-70.134940"><ele>2758.167</ele><time>2020-04-02T08:26:03Z</time></trkpt><trkpt lat="-32.845960" lon="-70.135020"><ele>2756.981</ele><time>2020-04-02T08:26:23Z</time></trkpt><trkpt lat="-32.846200" lon="-70.135410"><ele>2754.219</ele><time>2020-04-02T08:26:43Z</time></trkpt><trkpt lat="-32.846290" lon="-70.135560"><ele>2753.508</ele><time>2020-04-02T08:27:03Z</time></trkpt><trkpt lat="-32.846310" lon="-70.135590"><ele>2753.260</ele><time>2020-04-02T08:27:23Z</time></trkpt><trkpt lat="-32.846340" lon="-70.135630"><ele>2752.874</ele><time>2020-04-02T08:27:43Z</time></trkpt><trkpt lat="-32.846350" lon="-70.135650"><ele>2752.837</ele><time>2020-04-02T08:28:03Z</time></trkpt><trkpt lat="-32.846370" lon="-70.135700"><ele>2753.082</ele><time>2020-04-02T08:28:23Z</time></trkpt><trkpt lat="-32.846370" lon="-70.135730"><ele>2753.695</ele><time>2020-04-02T08:28:43Z</time></trkpt><trkpt lat="-32.846370" lon="-70.135770"><ele>2754.547</ele><time>2020-04-02T08:29:03Z</time></trkpt><trkpt lat="-32.846360" lon="-70.135810"><ele>2755.776</ele><time>2020-04-02T08:29:23Z</time></trkpt><trkpt lat="-32.846340" lon="-70.135870"><ele>2757.223</ele><time>2020-04-02T08:29:43Z</time></trkpt><trkpt lat="-32.846320" lon="-70.135900"><ele>2758.232</ele><time>2020-04-02T08:30:03Z</time></trkpt><trkpt lat="-32.846310" lon="-70.135930"><ele>2758.892</ele><time>2020-04-02T08:30:23Z</time></trkpt><trkpt lat="-32.846290" lon="-70.135950"><ele>2759.811</ele><time>2020-04-02T08:30:43Z</time></trkpt><trkpt lat="-32.846260" lon="-70.135970"><ele>2761.308</ele><time>2020-04-02T08:31:03Z</time></trkpt><trkpt lat="-32.846210" lon="-70.135990"><ele>2763.727</ele><time>2020-04-02T08:31:23Z</time></trkpt><trkpt lat="-32.846170" lon="-70.136000"><ele>2765.681</ele><time>2020-04-02T08:31:43Z</time></trkpt><trkpt lat="-32.846140" lon="-70.136000"><ele>2766.974</ele><time>2020-04-02T08:32:03Z</time></trkpt><trkpt lat="-32.846110" lon="-70.136000"><ele>2768.219</ele><time>2020-04-02T08:32:23Z</time></trkpt><trkpt lat="-32.846080" lon="-70.135990"><ele>2769.482</ele><time>2020-04-02T08:32:43Z</time></trkpt><trkpt lat="-32.846050" lon="-70.135970"><ele>2770.544</ele><time>2020-04-02T08:33:03Z</time></trkpt><trkpt lat="-32.846040" lon="-70.135960"><ele>2770.883</ele><time>2020-04-02T08:33:23Z</time></trkpt><trkpt lat="-32.846030" lon="-70.135950"><ele>2771.060</ele><time>2020-04-02T08:33:43Z</time></trkpt><trkpt lat="-32.846020" lon="-70.135940"><ele>2771.342</ele><time>2020-04-02T08:34:03Z</time></trkpt><trkpt lat="-32.846000" lon="-70.135870"><ele>2771.022</ele><time>2020-04-02T08:34:23Z</time></trkpt><trkpt lat="-32.845990" lon="-70.135850"><ele>2771.114</ele><time>2020-04-02T08:34:43Z</time></trkpt><trkpt lat="-32.845870" lon="-70.135520"><ele>2769.908</ele><time>2020-04-02T08:35:03Z</time></trkpt><trkpt lat="-32.845460" lon="-70.134430"><ele>2770.768</ele><time>2020-04-02T08:35:23Z</time></trkpt><trkpt lat="-32.845440" lon="-70.134380"><ele>2771.032</ele><time>2020-04-02T08:35:43Z</time></trkpt><trkpt lat="-32.845420" lon="-70.134320"><ele>2771.235</ele><time>2020-04-02T08:36:03Z</time></trkpt><trkpt lat="-32.845400" lon="-70.134270"><ele>2771.640</ele><time>2020-04-02T08:36:23Z</time></trkpt><trkpt lat="-32.845390" lon="-70.134210"><ele>2771.533</ele><time>2020-04-02T08:36:43Z</time></trkpt><trkpt lat="-32.845380" lon="-70.134150"><ele>2771.635</ele><time>2020-04-02T08:37:03Z</time></trkpt><trkpt lat="-32.845370" lon="-70.134090"><ele>2772.394</ele><time>2020-04-02T08:37:23Z</time></trkpt><trkpt lat="-32.845360" lon="-70.134030"><ele>2773.061</ele><time>2020-04-02T08:37:43Z</time></trkpt><trkpt lat="-32.845360" lon="-70.133970"><ele>2773.393</ele><time>2020-04-02T08:38:03Z</time></trkpt><trkpt lat="-32.845360" lon="-70.133900"><ele>2773.765</ele><time>2020-04-02T08:38:23Z</time></trkpt><trkpt lat="-32.845360" lon="-70.133830"><ele>2774.021</ele><time>2020-04-02T08:38:43Z</time></trkpt><trkpt lat="-32.845370" lon="-70.133770"><ele>2774.008</ele><time>2020-04-02T08:39:03Z</time></trkpt><trkpt lat="-32.845380" lon="-70.133700"><ele>2774.083</ele><time>2020-04-02T08:39:23Z</time></trkpt><trkpt lat="-32.845400" lon="-70.133640"><ele>2773.717</ele><time>2020-04-02T08:39:43Z</time></trkpt><trkpt lat="-32.845410" lon="-70.133570"><ele>2773.860</ele><time>2020-04-02T08:40:03Z</time></trkpt><trkpt lat="-32.845440" lon="-70.133510"><ele>2773.365</ele><time>2020-04-02T08:40:23Z</time></trkpt><trkpt lat="-32.845460" lon="-70.133450"><ele>2773.198</ele><time>2020-04-02T08:40:43Z</time></trkpt><trkpt lat="-32.845500" lon="-70.133370"><ele>2772.510</ele><time>2020-04-02T08:41:03Z</time></trkpt><trkpt lat="-32.845540" lon="-70.133290"><ele>2772.569</ele><time>2020-04-02T08:41:23Z</time></trkpt><trkpt lat="-32.845590" lon="-70.133220"><ele>2772.476</ele><time>2020-04-02T08:41:43Z</time></trkpt><trkpt lat="-32.845640" lon="-70.133150"><ele>2772.212</ele><time>2020-04-02T08:42:03Z</time></trkpt><trkpt lat="-32.845700" lon="-70.133080"><ele>2771.632</ele><time>2020-04-02T08:42:23Z</time></trkpt><trkpt lat="-32.845760" lon="-70.133020"><ele>2770.705</ele><time>2020-04-02T08:42:43Z</time></trkpt><trkpt lat="-32.845820" lon="-70.132960"><ele>2769.808</ele><time>2020-04-02T08:43:03Z</time></trkpt><trkpt lat="-32.845880" lon="-70.132900"><ele>2767.635</ele><time>2020-04-02T08:43:23Z</time></trkpt><trkpt lat="-32.845910" lon="-70.132870"><ele>2766.249</ele><time>2020-04-02T08:43:43Z</time></trkpt><trkpt lat="-32.845940" lon="-70.132840"><ele>2764.832</ele><time>2020-04-02T08:44:03Z</time></trkpt><trkpt lat="-32.845970" lon="-70.132800"><ele>2763.487</ele><time>2020-04-02T08:44:23Z</time></trkpt><trkpt lat="-32.845990" lon="-70.132770"><ele>2762.560</ele><time>2020-04-02T08:44:43Z</time></trkpt><trkpt lat="-32.846010" lon="-70.132720"><ele>2761.782</ele><time>2020-04-02T08:45:03Z</time></trkpt><trkpt lat="-32.846020" lon="-70.132680"><ele>2761.461</ele><time>2020-04-02T08:45:23Z</time></trkpt><trkpt lat="-32.846030" lon="-70.132640"><ele>2761.148</ele><time>2020-04-02T08:45:43Z</time></trkpt><trkpt lat="-32.846040" lon="-70.132590"><ele>2760.969</ele><time>2020-04-02T08:46:03Z</time></trkpt><trkpt lat="-32.846040" lon="-70.132570"><ele>2761.004</ele><time>2020-04-02T08:46:23Z</time></trkpt><trkpt lat="-32.846040" lon="-70.132540"><ele>2761.324</ele><time>2020-04-02T08:46:43Z</time></trkpt><trkpt lat="-32.846030" lon="-70.132520"><ele>2762.108</ele><time>2020-04-02T08:47:03Z</time></trkpt><trkpt lat="-32.846020" lon="-70.132490"><ele>2763.110</ele><time>2020-04-02T08:47:23Z</time></trkpt><trkpt lat="-32.846010" lon="-70.132470"><ele>2764.024</ele><time>2020-04-02T08:47:43Z</time></trkpt><trkpt lat="-32.846000" lon="-70.132450"><ele>2764.987</ele><time>2020-04-02T08:48:03Z</time></trkpt><trkpt lat="-32.845990" lon="-70.132430"><ele>2765.842</ele><time>2020-04-02T08:48:23Z</time></trkpt><trkpt lat="-32.845980" lon="-70.132410"><ele>2766.795</ele><time>2020-04-02T08:48:43Z</time></trkpt><trkpt lat="-32.845960" lon="-70.132400"><ele>2768.227</ele><time>2020-04-02T08:49:03Z</time></trkpt><trkpt lat="-32.845940" lon="-70.132380"><ele>2769.766</ele><time>2020-04-02T08:49:23Z</time></trkpt><trkpt lat="-32.845920" lon="-70.132370"><ele>2771.153</ele><time>2020-04-02T08:49:43Z</time></trkpt><trkpt lat="-32.845910" lon="-70.132360"><ele>2771.936</ele><time>2020-04-02T08:50:03Z</time></trkpt><trkpt lat="-32.845890" lon="-70.132350"><ele>2773.317</ele><time>2020-04-02T08:50:23Z</time></trkpt><trkpt lat="-32.845870" lon="-70.132350"><ele>2774.618</ele><time>2020-04-02T08:50:43Z</time></trkpt><trkpt lat="-32.845860" lon="-70.132340"><ele>2775.408</ele><time>2020-04-02T08:51:03Z</time></trkpt><trkpt lat="-32.845840" lon="-70.132340"><ele>2776.767</ele><time>2020-04-02T08:51:23Z</time></trkpt><trkpt lat="-32.845830" lon="-70.132340"><ele>2777.371</ele><time>2020-04-02T08:51:43Z</time></trkpt><trkpt lat="-32.845810" lon="-70.132340"><ele>2778.024</ele><time>2020-04-02T08:52:03Z</time></trkpt><trkpt lat="-32.845790" lon="-70.132340"><ele>2778.899</ele><time>2020-04-02T08:52:23Z</time></trkpt><trkpt lat="-32.845780" lon="-70.132350"><ele>2779.022</ele><time>2020-04-02T08:52:43Z</time></trkpt><trkpt lat="-32.845760" lon="-70.132360"><ele>2779.774</ele><time>2020-04-02T08:53:03Z</time></trkpt><trkpt lat="-32.845740" lon="-70.132370"><ele>2780.423</ele><time>2020-04-02T08:53:23Z</time></trkpt><trkpt lat="-32.845730" lon="-70.132390"><ele>2780.660</ele><time>2020-04-02T08:53:43Z</time></trkpt><trkpt lat="-32.845720" lon="-70.132400"><ele>2780.941</ele><time>2020-04-02T08:54:03Z</time></trkpt><trkpt lat="-32.845700" lon="-70.132420"><ele>2781.481</ele><time>2020-04-02T08:54:23Z</time></trkpt><trkpt lat="-32.845690" lon="-70.132430"><ele>2781.709</ele><time>2020-04-02T08:54:43Z</time></trkpt><trkpt lat="-32.845680" lon="-70.132450"><ele>2781.908</ele><time>2020-04-02T08:55:03Z</time></trkpt><trkpt lat="-32.845660" lon="-70.132460"><ele>2782.678</ele><time>2020-04-02T08:55:23Z</time></trkpt><trkpt lat="-32.845650" lon="-70.132480"><ele>2782.812</ele><time>2020-04-02T08:55:43Z</time></trkpt><trkpt lat="-32.845630" lon="-70.132510"><ele>2783.255</ele><time>2020-04-02T08:56:03Z</time></trkpt><trkpt lat="-32.845600" lon="-70.132550"><ele>2783.520</ele><time>2020-04-02T08:56:23Z</time></trkpt><trkpt lat="-32.845580" lon="-70.132580"><ele>2783.783</ele><time>2020-04-02T08:56:43Z</time></trkpt><trkpt lat="-32.845550" lon="-70.132610"><ele>2784.345</ele><time>2020-04-02T08:57:03Z</time></trkpt><trkpt lat="-32.845530" lon="-70.132650"><ele>2784.294</ele><time>2020-04-02T08:57:23Z</time></trkpt><trkpt lat="-32.845510" lon="-70.132680"><ele>2784.481</ele><time>2020-04-02T08:57:43Z</time></trkpt><trkpt lat="-32.845490" lon="-70.132720"><ele>2784.398</ele><time>2020-04-02T08:58:03Z</time></trkpt><trkpt lat="-32.845260" lon="-70.133010"><ele>2785.915</ele><time>2020-04-02T08:58:23Z</time></trkpt><trkpt lat="-32.844970" lon="-70.133440"><ele>2786.626</ele><time>2020-04-02T08:58:43Z</time></trkpt><trkpt lat="-32.844870" lon="-70.133570"><ele>2788.208</ele><time>2020-04-02T08:59:03Z</time></trkpt><trkpt lat="-32.844710" lon="-70.133790"><ele>2790.943</ele><time>2020-04-02T08:59:23Z</time></trkpt><trkpt lat="-32.844650" lon="-70.133860"><ele>2791.937</ele><time>2020-04-02T08:59:43Z</time></trkpt><trkpt lat="-32.844550" lon="-70.133930"><ele>2793.650</ele><time>2020-04-02T09:00:03Z</time></trkpt><trkpt lat="-32.844480" lon="-70.133950"><ele>2794.725</ele><time>2020-04-02T09:00:23Z</time></trkpt><trkpt lat="-32.844460" lon="-70.133960"><ele>2795.028</ele><time>2020-04-02T09:00:43Z</time></trkpt><trkpt lat="-32.844430" lon="-70.133960"><ele>2795.590</ele><time>2020-04-02T09:01:03Z</time></trkpt><trkpt lat="-32.844370" lon="-70.133960"><ele>2796.439</ele><time>2020-04-02T09:01:23Z</time></trkpt><trkpt lat="-32.844320" lon="-70.133950"><ele>2797.146</ele><time>2020-04-02T09:01:43Z</time></trkpt><trkpt lat="-32.844290" lon="-70.133950"><ele>2797.667</ele><time>2020-04-02T09:02:03Z</time></trkpt><trkpt lat="-32.844280" lon="-70.133940"><ele>2797.781</ele><time>2020-04-02T09:02:23Z</time></trkpt><trkpt lat="-32.844200" lon="-70.133900"><ele>2798.919</ele><time>2020-04-02T09:02:43Z</time></trkpt><trkpt lat="-32.844170" lon="-70.133870"><ele>2799.208</ele><time>2020-04-02T09:03:03Z</time></trkpt><trkpt lat="-32.844110" lon="-70.133800"><ele>2800.540</ele><time>2020-04-02T09:03:23Z</time></trkpt><trkpt lat="-32.844080" lon="-70.133740"><ele>2801.134</ele><time>2020-04-02T09:03:43Z</time></trkpt><trkpt lat="-32.844060" lon="-70.133690"><ele>2801.577</ele><time>2020-04-02T09:04:03Z</time></trkpt><trkpt lat="-32.844050" lon="-70.133630"><ele>2801.672</ele><time>2020-04-02T09:04:23Z</time></trkpt><trkpt lat="-32.844040" lon="-70.133590"><ele>2801.725</ele><time>2020-04-02T09:04:43Z</time></trkpt><trkpt lat="-32.844040" lon="-70.133530"><ele>2801.597</ele><time>2020-04-02T09:05:03Z</time></trkpt><trkpt lat="-32.844040" lon="-70.133460"><ele>2801.486</ele><time>2020-04-02T09:05:23Z</time></trkpt><trkpt lat="-32.844060" lon="-70.133400"><ele>2800.783</ele><time>2020-04-02T09:05:43Z</time></trkpt><trkpt lat="-32.844070" lon="-70.133350"><ele>2800.432</ele><time>2020-04-02T09:06:03Z</time></trkpt><trkpt lat="-32.844090" lon="-70.133310"><ele>2800.292</ele><time>2020-04-02T09:06:23Z</time></trkpt><trkpt lat="-32.844120" lon="-70.133250"><ele>2800.511</ele><time>2020-04-02T09:06:43Z</time></trkpt><trkpt lat="-32.844130" lon="-70.133240"><ele>2800.408</ele><time>2020-04-02T09:07:03Z</time></trkpt><trkpt lat="-32.844150" lon="-70.133220"><ele>2800.377</ele><time>2020-04-02T09:07:23Z</time></trkpt><trkpt lat="-32.844210" lon="-70.133150"><ele>2800.581</ele><time>2020-04-02T09:07:43Z</time></trkpt><trkpt lat="-32.844260" lon="-70.133110"><ele>2800.634</ele><time>2020-04-02T09:08:03Z</time></trkpt><trkpt lat="-32.844390" lon="-70.133040"><ele>2800.349</ele><time>2020-04-02T09:08:23Z</time></trkpt><trkpt lat="-32.844840" lon="-70.132780"><ele>2800.872</ele><time>2020-04-02T09:08:43Z</time></trkpt><trkpt lat="-32.845050" lon="-70.132650"><ele>2800.734</ele><time>2020-04-02T09:09:03Z</time></trkpt><trkpt lat="-32.845180" lon="-70.132580"><ele>2797.883</ele><time>2020-04-02T09:09:23Z</time></trkpt><trkpt lat="-32.845270" lon="-70.132520"><ele>2795.970</ele><time>2020-04-02T09:09:43Z</time></trkpt><trkpt lat="-32.845330" lon="-70.132470"><ele>2794.498</ele><time>2020-04-02T09:10:03Z</time></trkpt><trkpt lat="-32.845390" lon="-70.132410"><ele>2792.815</ele><time>2020-04-02T09:10:23Z</time></trkpt><trkpt lat="-32.845450" lon="-70.132320"><ele>2791.526</ele><time>2020-04-02T09:10:43Z</time></trkpt><trkpt lat="-32.845480" lon="-70.132280"><ele>2790.808</ele><time>2020-04-02T09:11:03Z</time></trkpt><trkpt lat="-32.845510" lon="-70.132230"><ele>2790.123</ele><time>2020-04-02T09:11:23Z</time></trkpt><trkpt lat="-32.845530" lon="-70.132180"><ele>2789.857</ele><time>2020-04-02T09:11:43Z</time></trkpt><trkpt lat="-32.845550" lon="-70.132130"><ele>2789.570</ele><time>2020-04-02T09:12:03Z</time></trkpt><trkpt lat="-32.845560" lon="-70.132080"><ele>2789.515</ele><time>2020-04-02T09:12:23Z</time></trkpt><trkpt lat="-32.845580" lon="-70.132010"><ele>2789.448</ele><time>2020-04-02T09:12:43Z</time></trkpt><trkpt lat="-32.845590" lon="-70.131950"><ele>2789.540</ele><time>2020-04-02T09:13:03Z</time></trkpt><trkpt lat="-32.845590" lon="-70.131870"><ele>2790.259</ele><time>2020-04-02T09:13:23Z</time></trkpt><trkpt lat="-32.845590" lon="-70.131840"><ele>2790.446</ele><time>2020-04-02T09:13:43Z</time></trkpt><trkpt lat="-32.845600" lon="-70.131830"><ele>2790.181</ele><time>2020-04-02T09:14:03Z</time></trkpt><trkpt lat="-32.845590" lon="-70.131780"><ele>2791.061</ele><time>2020-04-02T09:14:23Z</time></trkpt><trkpt lat="-32.845580" lon="-70.131710"><ele>2792.017</ele><time>2020-04-02T09:14:43Z</time></trkpt><trkpt lat="-32.845560" lon="-70.131630"><ele>2793.408</ele><time>2020-04-02T09:15:03Z</time></trkpt><trkpt lat="-32.845520" lon="-70.131520"><ele>2795.622</ele><time>2020-04-02T09:15:23Z</time></trkpt><trkpt lat="-32.845460" lon="-70.131420"><ele>2798.186</ele><time>2020-04-02T09:15:43Z</time></trkpt><trkpt lat="-32.845400" lon="-70.131340"><ele>2800.179</ele><time>2020-04-02T09:16:03Z</time></trkpt><trkpt lat="-32.845350" lon="-70.131290"><ele>2801.464</ele><time>2020-04-02T09:16:23Z</time></trkpt><trkpt lat="-32.845290" lon="-70.131260"><ele>2802.917</ele><time>2020-04-02T09:16:43Z</time></trkpt><trkpt lat="-32.844730" lon="-70.130940"><ele>2806.249</ele><time>2020-04-02T09:17:03Z</time></trkpt><trkpt lat="-32.844640" lon="-70.130900"><ele>2805.818</ele><time>2020-04-02T09:17:23Z</time></trkpt><trkpt lat="-32.844570" lon="-70.130870"><ele>2805.635</ele><time>2020-04-02T09:17:43Z</time></trkpt><trkpt lat="-32.844490" lon="-70.130850"><ele>2805.564</ele><time>2020-04-02T09:18:03Z</time></trkpt><trkpt lat="-32.844470" lon="-70.130850"><ele>2805.506</ele><time>2020-04-02T09:18:23Z</time></trkpt><trkpt lat="-32.844410" lon="-70.130840"><ele>2805.516</ele><time>2020-04-02T09:18:43Z</time></trkpt><trkpt lat="-32.844300" lon="-70.130840"><ele>2805.808</ele><time>2020-04-02T09:19:03Z</time></trkpt><trkpt lat="-32.844240" lon="-70.130850"><ele>2806.110</ele><time>2020-04-02T09:19:23Z</time></trkpt><trkpt lat="-32.844220" lon="-70.130850"><ele>2806.174</ele><time>2020-04-02T09:19:43Z</time></trkpt><trkpt lat="-32.844120" lon="-70.130870"><ele>2806.727</ele><time>2020-04-02T09:20:03Z</time></trkpt><trkpt lat="-32.844050" lon="-70.130900"><ele>2807.352</ele><time>2020-04-02T09:20:23Z</time></trkpt><trkpt lat="-32.843950" lon="-70.130950"><ele>2808.275</ele><time>2020-04-02T09:20:43Z</time></trkpt><trkpt lat="-32.843750" lon="-70.131060"><ele>2809.777</ele><time>2020-04-02T09:21:03Z</time></trkpt><trkpt lat="-32.843520" lon="-70.131220"><ele>2811.066</ele><time>2020-04-02T09:21:23Z</time></trkpt><trkpt lat="-32.843430" lon="-70.131280"><ele>2811.323</ele><time>2020-04-02T09:21:43Z</time></trkpt><trkpt lat="-32.843290" lon="-70.131370"><ele>2811.911</ele><time>2020-04-02T09:22:03Z</time></trkpt><trkpt lat="-32.843060" lon="-70.131500"><ele>2814.421</ele><time>2020-04-02T09:22:23Z</time></trkpt><trkpt lat="-32.843030" lon="-70.131520"><ele>2814.803</ele><time>2020-04-02T09:22:43Z</time></trkpt><trkpt lat="-32.842870" lon="-70.131600"><ele>2816.908</ele><time>2020-04-02T09:23:03Z</time></trkpt><trkpt lat="-32.842740" lon="-70.131650"><ele>2818.585</ele><time>2020-04-02T09:23:23Z</time></trkpt><trkpt lat="-32.842640" lon="-70.131670"><ele>2819.729</ele><time>2020-04-02T09:23:43Z</time></trkpt><trkpt lat="-32.842540" lon="-70.131680"><ele>2820.982</ele><time>2020-04-02T09:24:03Z</time></trkpt><trkpt lat="-32.842460" lon="-70.131680"><ele>2821.967</ele><time>2020-04-02T09:24:23Z</time></trkpt><trkpt lat="-32.842290" lon="-70.131660"><ele>2824.240</ele><time>2020-04-02T09:24:43Z</time></trkpt><trkpt lat="-32.842160" lon="-70.131630"><ele>2825.842</ele><time>2020-04-02T09:25:03Z</time></trkpt><trkpt lat="-32.842080" lon="-70.131610"><ele>2826.811</ele><time>2020-04-02T09:25:23Z</time></trkpt><trkpt lat="-32.841800" lon="-70.131500"><ele>2829.898</ele><time>2020-04-02T09:25:43Z</time></trkpt><trkpt lat="-32.841070" lon="-70.131230"><ele>2838.757</ele><time>2020-04-02T09:26:03Z</time></trkpt><trkpt lat="-32.840090" lon="-70.130850"><ele>2838.400</ele><time>2020-04-02T09:26:23Z</time></trkpt><trkpt lat="-32.839930" lon="-70.130780"><ele>2839.920</ele><time>2020-04-02T09:26:43Z</time></trkpt><trkpt lat="-32.839750" lon="-70.130720"><ele>2843.408</ele><time>2020-04-02T09:27:03Z</time></trkpt><trkpt lat="-32.839240" lon="-70.130520"><ele>2852.049</ele><time>2020-04-02T09:27:23Z</time></trkpt><trkpt lat="-32.839070" lon="-70.130450"><ele>2854.643</ele><time>2020-04-02T09:27:43Z</time></trkpt><trkpt lat="-32.838490" lon="-70.130230"><ele>2861.136</ele><time>2020-04-02T09:28:03Z</time></trkpt><trkpt lat="-32.838050" lon="-70.130050"><ele>2864.121</ele><time>2020-04-02T09:28:23Z</time></trkpt><trkpt lat="-32.837880" lon="-70.129980"><ele>2865.354</ele><time>2020-04-02T09:28:43Z</time></trkpt><trkpt lat="-32.837750" lon="-70.129930"><ele>2866.696</ele><time>2020-04-02T09:29:03Z</time></trkpt><trkpt lat="-32.837710" lon="-70.129910"><ele>2867.055</ele><time>2020-04-02T09:29:23Z</time></trkpt><trkpt lat="-32.837670" lon="-70.129890"><ele>2867.372</ele><time>2020-04-02T09:29:43Z</time></trkpt><trkpt lat="-32.837560" lon="-70.129820"><ele>2868.498</ele><time>2020-04-02T09:30:03Z</time></trkpt><trkpt lat="-32.837490" lon="-70.129770"><ele>2869.115</ele><time>2020-04-02T09:30:23Z</time></trkpt><trkpt lat="-32.837410" lon="-70.129700"><ele>2869.726</ele><time>2020-04-02T09:30:43Z</time></trkpt><trkpt lat="-32.837340" lon="-70.129630"><ele>2870.008</ele><time>2020-04-02T09:31:03Z</time></trkpt><trkpt lat="-32.837270" lon="-70.129540"><ele>2870.363</ele><time>2020-04-02T09:31:23Z</time></trkpt><trkpt lat="-32.837230" lon="-70.129480"><ele>2870.367</ele><time>2020-04-02T09:31:43Z</time></trkpt><trkpt lat="-32.837170" lon="-70.129400"><ele>2870.350</ele><time>2020-04-02T09:32:03Z</time></trkpt><trkpt lat="-32.837130" lon="-70.129310"><ele>2870.155</ele><time>2020-04-02T09:32:23Z</time></trkpt><trkpt lat="-32.837070" lon="-70.129180"><ele>2869.628</ele><time>2020-04-02T09:32:43Z</time></trkpt><trkpt lat="-32.837020" lon="-70.129050"><ele>2869.710</ele><time>2020-04-02T09:33:03Z</time></trkpt><trkpt lat="-32.837000" lon="-70.129000"><ele>2869.989</ele><time>2020-04-02T09:33:23Z</time></trkpt><trkpt lat="-32.836980" lon="-70.128940"><ele>2870.176</ele><time>2020-04-02T09:33:43Z</time></trkpt><trkpt lat="-32.836940" lon="-70.128780"><ele>2870.672</ele><time>2020-04-02T09:34:03Z</time></trkpt><trkpt lat="-32.836940" lon="-70.128780"><ele>2870.613</ele><time>2020-04-02T09:34:23Z</time></trkpt><trkpt lat="-32.836760" lon="-70.128780"><ele>2871.714</ele><time>2020-04-02T09:34:43Z</time></trkpt><trkpt lat="-32.836630" lon="-70.128790"><ele>2872.608</ele><time>2020-04-02T09:35:03Z</time></trkpt><trkpt lat="-32.836580" lon="-70.128790"><ele>2873.081</ele><time>2020-04-02T09:35:23Z</time></trkpt><trkpt lat="-32.836570" lon="-70.128790"><ele>2873.035</ele><time>2020-04-02T09:35:43Z</time></trkpt><trkpt lat="-32.836490" lon="-70.128800"><ele>2873.658</ele><time>2020-04-02T09:36:03Z</time></trkpt><trkpt lat="-32.836460" lon="-70.128810"><ele>2873.813</ele><time>2020-04-02T09:36:23Z</time></trkpt><trkpt lat="-32.836430" lon="-70.128820"><ele>2874.096</ele><time>2020-04-02T09:36:43Z</time></trkpt><trkpt lat="-32.836410" lon="-70.128830"><ele>2874.188</ele><time>2020-04-02T09:37:03Z</time></trkpt><trkpt lat="-32.836060" lon="-70.129010"><ele>2876.497</ele><time>2020-04-02T09:37:23Z</time></trkpt><trkpt lat="-32.836030" lon="-70.129030"><ele>2876.634</ele><time>2020-04-02T09:37:43Z</time></trkpt><trkpt lat="-32.835980" lon="-70.129060"><ele>2876.981</ele><time>2020-04-02T09:38:03Z</time></trkpt><trkpt lat="-32.835910" lon="-70.129090"><ele>2877.561</ele><time>2020-04-02T09:38:23Z</time></trkpt><trkpt lat="-32.835730" lon="-70.129160"><ele>2878.017</ele><time>2020-04-02T09:38:43Z</time></trkpt></trkseg></trk></gpx>