<?xml version="1.0" encoding="UTF-8"?><gpx creator="Wikiloc - https://www.wikiloc.com" version="1.1" xmlns="http://www.topografix.com/GPX/1/1" xmlns:xsi="http://www.w3.org/2001/XMLSchema-instance" xsi:schemaLocation="http://www.topografix.com/GPX/1/1 http://www.topografix.com/GPX/1/1/gpx.xsd"><metadata><name>Wikiloc - Vuelta con Ride with Me, san Francisco</name><author><name>Rangiegt</name><link href="https://www.wikiloc.com/wikiloc/user.do?id=14883278"><text>Rangiegt on Wikiloc</text></link></author><link href="https://www.wikiloc.com/motorcycling-trails/vuelta-con-ride-with-me-san-francisco-171645645"><text>Vuelta con Ride with Me, san Francisco on Wikiloc</text></link><time>2024-05-22T18:29:51.069Z</time></metadata><wpt lat="37.794527" lon="-122.400830"><ele>6.0</ele><time>2024-05-22T15:57:23Z</time><name>Panorámica</name><cmt></cmt><desc></desc></wpt><wpt lat="37.795914" lon="-122.400104"><ele>5.0</ele><time>2024-05-22T16:01:54Z</time><name>Panorámica</name><cmt></cmt><desc></desc></wpt><wpt lat="37.796057" lon="-122.404107"><ele>8.0</ele><time>2024-05-22T16:04:10Z</time><name>Panorámica</name><cmt></cmt><desc></desc></wpt><wpt lat="37.797869" lon="-122.406718"><ele>23.0</ele><time>2024-05-22T16:06:14Z</time><name>Panorámica</name><cmt></cmt><desc></desc></wpt><wpt lat="37.800140" lon="-122.409108"><ele>27.0</ele><time>2024-05-22T16:08:05Z</time><name>Panorámica</name><cmt></cmt><desc></desc></wpt><wpt lat="37.800402" lon="-122.409295"><ele>28.0</ele><time>2024-05-22T16:08:27Z</time><name>Panorámica</name><cmt></cmt><desc></desc></wpt><wpt lat="37.800246" lon="-122.410794"><ele>26.0</ele><time>2024-05-22T16:09:46Z</time><name>Panorámica</name><cmt></cmt><desc></desc></wpt><wpt lat="37.799322" lon="-122.419111"><ele>82.0</ele><time>2024-05-22T16:11:55Z</time><name>Panorámica</name><cmt></cmt><desc></desc></wpt><wpt lat="37.801072" lon="-122.419396"><ele>92.0</ele><time>2024-05-22T16:13:12Z</time><name>Panorámica</name><cmt></cmt><desc></desc></wpt><wpt lat="37.801956" lon="-122.419545"><ele>88.0</ele><time>2024-05-22T16:13:54Z</time><name>Panorámica</name><cmt></cmt><desc></desc></wpt><wpt lat="37.801992" lon="-122.419359"><ele>83.0</ele><time>2024-05-22T16:14:07Z</time><name>Panorámica</name><cmt></cmt><desc></desc></wpt><wpt lat="37.802214" lon="-122.417989"><ele>55.0</ele><time>2024-05-22T16:15:24Z</time><name>Panorámica</name><cmt></cmt><desc></desc></wpt><wpt lat="37.802937" lon="-122.419894"><ele>72.0</ele><time>2024-05-22T16:16:34Z</time><name>Panorámica</name><cmt></cmt><desc></desc></wpt><wpt lat="37.806498" lon="-122.437004"><ele>5.0</ele><time>2024-05-22T16:23:34Z</time><name>Panorámica</name><cmt></cmt><desc></desc></wpt><wpt lat="37.803299" lon="-122.446979"><ele>5.0</ele><time>2024-05-22T16:26:39Z</time><name>Panorámica</name><cmt></cmt><desc></desc></wpt><wpt lat="37.802953" lon="-122.447004"><ele>5.0</ele><time>2024-05-22T16:28:18Z</time><name>Panorámica</name><cmt></cmt><desc></desc></wpt><wpt lat="37.797794" lon="-122.449325"><ele>24.0</ele><time>2024-05-22T16:33:54Z</time><name>Panorámica</name><cmt></cmt><desc></desc></wpt><wpt lat="37.802369" lon="-122.459040"><ele>22.0</ele><time>2024-05-22T16:42:58Z</time><name>Panorámica</name><cmt></cmt><desc></desc></wpt><wpt lat="37.802076" lon="-122.464838"><ele>18.0</ele><time>2024-05-22T16:43:23Z</time><name>Panorámica</name><cmt></cmt><desc></desc></wpt><wpt lat="37.806219" lon="-122.474392"><ele>57.0</ele><time>2024-05-22T16:44:10Z</time><name>Panorámica</name><cmt></cmt><desc></desc></wpt><wpt lat="37.808642" lon="-122.476975"><ele>60.0</ele><time>2024-05-22T16:44:30Z</time><name>Panorámica</name><cmt></cmt><desc></desc></wpt><wpt lat="37.810772" lon="-122.477492"><ele>70.0</ele><time>2024-05-22T16:44:43Z</time><name>Panorámica</name><cmt></cmt><desc></desc></wpt><wpt lat="37.815364" lon="-122.478035"><ele>89.0</ele><time>2024-05-22T16:45:07Z</time><name>Flora</name><cmt></cmt><desc></desc></wpt><wpt lat="37.831383" lon="-122.478464"><ele>9.0</ele><time>2024-05-22T16:51:19Z</time><name>Panorámica</name><cmt></cmt><desc></desc></wpt><wpt lat="37.797541" lon="-122.458399"><ele>32.0</ele><time>2024-05-22T17:11:01Z</time><name>Panorámica</name><cmt></cmt><desc></desc></wpt><wpt lat="37.797799" lon="-122.458995"><ele>33.0</ele><time>2024-05-22T17:11:14Z</time><name>Panorámica</name><cmt></cmt><desc></desc></wpt><wpt lat="37.769729" lon="-122.449022"><ele>84.0</ele><time>2024-05-22T17:25:31Z</time><name>Panorámica</name><cmt></cmt><desc></desc></wpt><wpt lat="37.771291" lon="-122.440491"><ele>83.0</ele><time>2024-05-22T17:30:42Z</time><name>Panorámica</name><cmt></cmt><desc></desc></wpt><wpt lat="37.772562" lon="-122.440778"><ele>68.0</ele><time>2024-05-22T17:31:41Z</time><name>Panorámica</name><cmt></cmt><desc></desc></wpt><wpt lat="37.774287" lon="-122.441040"><ele>65.0</ele><time>2024-05-22T17:32:45Z</time><name>Panorámica</name><cmt></cmt><desc></desc></wpt><wpt lat="37.775576" lon="-122.434207"><ele>81.0</ele><time>2024-05-22T17:36:49Z</time><name>Panorámica</name><cmt></cmt><desc></desc></wpt><wpt lat="37.761622" lon="-122.435085"><ele>42.0</ele><time>2024-05-22T17:52:24Z</time><name>Panorámica</name><cmt></cmt><desc></desc></wpt><wpt lat="37.758191" lon="-122.427525"><ele>45.0</ele><time>2024-05-22T17:57:53Z</time><name>Panorámica</name><cmt></cmt><desc></desc></wpt><wpt lat="37.758236" lon="-122.427593"><ele>46.0</ele><time>2024-05-22T18:01:49Z</time><name>Panorámica</name><cmt></cmt><desc></desc></wpt><wpt lat="37.759480" lon="-122.421317"><ele>18.0</ele><time>2024-05-22T18:07:58Z</time><name>Panorámica</name><cmt></cmt><desc></desc></wpt><wpt lat="37.762950" lon="-122.421475"><ele>15.0</ele><time>2024-05-22T18:09:56Z</time><name>Panorámica</name><cmt></cmt><desc></desc></wpt><wpt lat="37.762980" lon="-122.421345"><ele>15.0</ele><time>2024-05-22T18:10:05Z</time><name>Panorámica</name><cmt></cmt><desc></desc></wpt><wpt lat="37.763005" lon="-122.420836"><ele>13.0</ele><time>2024-05-22T18:10:33Z</time><name>Panorámica</name><cmt></cmt><desc></desc></wpt><wpt lat="37.775398" lon="-122.420973"><ele>18.0</ele><time>2024-05-22T18:19:15Z</time><name>Panorámica</name><cmt></cmt><desc></desc></wpt><wpt lat="37.777303" lon="-122.421370"><ele>21.0</ele><time>2024-05-22T18:21:19Z</time><name>Panorámica</name><cmt></cmt><desc></desc></wpt><wpt lat="37.778042" lon="-122.421248"><ele>21.0</ele><time>2024-05-22T18:21:37Z</time><name>Panorámica</name><cmt></cmt><desc></desc></wpt><wpt lat="37.778153" lon="-122.420401"><ele>21.0</ele><time>2024-05-22T18:21:48Z</time><name>Panorámica</name><cmt></cmt><desc></desc></wpt><wpt lat="37.778286" lon="-122.420163"><ele>21.0</ele><time>2024-05-22T18:22:00Z</time><name>Panorámica</name><cmt></cmt><desc></desc></wpt><wpt lat="37.778210" lon="-122.420093"><ele>20.0</ele><time>2024-05-22T18:22:53Z</time><name>Panorámica</name><cmt></cmt><desc></desc></wpt><wpt lat="37.778986" lon="-122.419946"><ele>21.0</ele><time>2024-05-22T18:23:18Z</time><name>Panorámica</name><cmt></cmt><desc></desc></wpt><wpt lat="37.780358" lon="-122.417993"><ele>21.0</ele><time>2024-05-22T18:24:03Z</time><name>Panorámica</name><cmt></cmt><desc></desc></wpt><wpt lat="37.780454" lon="-122.417377"><ele>20.0</ele><time>2024-05-22T18:24:20Z</time><name>Panorámica</name><cmt></cmt><desc></desc></wpt><wpt lat="37.781215" lon="-122.417175"><ele>23.0</ele><time>2024-05-22T18:25:48Z</time><name>Panorámica</name><cmt></cmt><desc></desc></wpt><wpt lat="37.783745" lon="-122.417652"><ele>30.0</ele><time>2024-05-22T18:28:25Z</time><name>Panorámica</name><cmt></cmt><desc></desc></wpt><trk><name>Vuelta con Ride with Me, san Francisco - Wikiloc</name><cmt></cmt><desc></desc><trkseg><trkpt lat="37.794596" lon="-122.400784"><ele>6.385</ele><time>2024-05-22T15:56:52.999Z</time></trkpt><trkpt lat="37.794545" lon="-122.400796"><ele>6.389</ele><time>2024-05-22T15:57:00.999Z</time></trkpt><trkpt lat="37.794587" lon="-122.400820"><ele>6.317</ele><time>2024-05-22T15:57:16.999Z</time></trkpt><trkpt lat="37.794527" lon="-122.400830"><ele>6.309</ele><time>2024-05-22T15:57:20.999Z</time></trkpt><trkpt lat="37.794596" lon="-122.400784"><ele>6.339</ele><time>2024-05-22T15:57:28.999Z</time></trkpt><trkpt lat="37.794554" lon="-122.400842"><ele>6.355</ele><time>2024-05-22T15:57:41.999Z</time></trkpt><trkpt lat="37.794590" lon="-122.400785"><ele>6.369</ele><time>2024-05-22T15:57:50.999Z</time></trkpt><trkpt lat="37.794656" lon="-122.400744"><ele>6.244</ele><time>2024-05-22T15:57:53.999Z</time></trkpt><trkpt lat="37.794701" lon="-122.400712"><ele>6.282</ele><time>2024-05-22T15:57:56Z</time></trkpt><trkpt lat="37.794719" lon="-122.400623"><ele>6.293</ele><time>2024-05-22T15:58:35Z</time></trkpt><trkpt lat="37.794787" lon="-122.400529"><ele>5.734</ele><time>2024-05-22T15:58:36Z</time></trkpt><trkpt lat="37.794879" lon="-122.400449"><ele>5.262</ele><time>2024-05-22T15:58:37Z</time></trkpt><trkpt lat="37.794896" lon="-122.400378"><ele>5.713</ele><time>2024-05-22T15:58:38Z</time></trkpt><trkpt lat="37.794882" lon="-122.400294"><ele>5.723</ele><time>2024-05-22T15:58:40Z</time></trkpt><trkpt lat="37.794898" lon="-122.400188"><ele>5.783</ele><time>2024-05-22T15:58:42Z</time></trkpt><trkpt lat="37.794908" lon="-122.400081"><ele>5.711</ele><time>2024-05-22T15:58:44Z</time></trkpt><trkpt lat="37.794943" lon="-122.400011"><ele>5.409</ele><time>2024-05-22T15:58:45Z</time></trkpt><trkpt lat="37.794984" lon="-122.399892"><ele>5.083</ele><time>2024-05-22T15:58:46Z</time></trkpt><trkpt lat="37.795035" lon="-122.399777"><ele>4.849</ele><time>2024-05-22T15:58:47Z</time></trkpt><trkpt lat="37.795071" lon="-122.399672"><ele>4.843</ele><time>2024-05-22T15:58:48Z</time></trkpt><trkpt lat="37.795093" lon="-122.399598"><ele>4.658</ele><time>2024-05-22T15:58:49Z</time></trkpt><trkpt lat="37.795108" lon="-122.399524"><ele>4.556</ele><time>2024-05-22T15:58:51Z</time></trkpt><trkpt lat="37.795119" lon="-122.399433"><ele>4.537</ele><time>2024-05-22T15:58:55Z</time></trkpt><trkpt lat="37.795022" lon="-122.399391"><ele>4.778</ele><time>2024-05-22T15:59:12Z</time></trkpt><trkpt lat="37.794991" lon="-122.399343"><ele>4.986</ele><time>2024-05-22T15:59:14Z</time></trkpt><trkpt lat="37.795054" lon="-122.399285"><ele>5.077</ele><time>2024-05-22T15:59:16Z</time></trkpt><trkpt lat="37.795108" lon="-122.399144"><ele>5.028</ele><time>2024-05-22T15:59:17Z</time></trkpt><trkpt lat="37.795167" lon="-122.399108"><ele>4.989</ele><time>2024-05-22T15:59:18Z</time></trkpt><trkpt lat="37.795210" lon="-122.399008"><ele>4.717</ele><time>2024-05-22T15:59:19Z</time></trkpt><trkpt lat="37.795217" lon="-122.398948"><ele>4.709</ele><time>2024-05-22T15:59:20Z</time></trkpt><trkpt lat="37.795227" lon="-122.398833"><ele>4.973</ele><time>2024-05-22T15:59:21Z</time></trkpt><trkpt lat="37.795257" lon="-122.398750"><ele>4.929</ele><time>2024-05-22T15:59:22Z</time></trkpt><trkpt lat="37.795266" lon="-122.398668"><ele>4.973</ele><time>2024-05-22T15:59:23Z</time></trkpt><trkpt lat="37.795276" lon="-122.398581"><ele>4.728</ele><time>2024-05-22T15:59:25Z</time></trkpt><trkpt lat="37.795285" lon="-122.398502"><ele>4.466</ele><time>2024-05-22T15:59:27Z</time></trkpt><trkpt lat="37.795293" lon="-122.398426"><ele>4.217</ele><time>2024-05-22T15:59:30Z</time></trkpt><trkpt lat="37.795311" lon="-122.398317"><ele>3.668</ele><time>2024-05-22T15:59:33Z</time></trkpt><trkpt lat="37.795158" lon="-122.397960"><ele>2.786</ele><time>2024-05-22T15:59:35Z</time></trkpt><trkpt lat="37.795054" lon="-122.397939"><ele>2.657</ele><time>2024-05-22T15:59:36Z</time></trkpt><trkpt lat="37.794966" lon="-122.397921"><ele>2.514</ele><time>2024-05-22T15:59:37Z</time></trkpt><trkpt lat="37.794822" lon="-122.397891"><ele>2.254</ele><time>2024-05-22T15:59:38.144Z</time></trkpt><trkpt lat="37.795217" lon="-122.397985"><ele>3.609</ele><time>2024-05-22T15:59:39Z</time></trkpt><trkpt lat="37.795030" lon="-122.398044"><ele>3.709</ele><time>2024-05-22T15:59:40Z</time></trkpt><trkpt lat="37.795041" lon="-122.397948"><ele>3.872</ele><time>2024-05-22T15:59:41Z</time></trkpt><trkpt lat="37.795053" lon="-122.397840"><ele>4.038</ele><time>2024-05-22T15:59:43Z</time></trkpt><trkpt lat="37.795062" lon="-122.397759"><ele>4.162</ele><time>2024-05-22T15:59:44Z</time></trkpt><trkpt lat="37.795078" lon="-122.397622"><ele>4.357</ele><time>2024-05-22T15:59:46Z</time></trkpt><trkpt lat="37.795087" lon="-122.397543"><ele>4.645</ele><time>2024-05-22T15:59:47Z</time></trkpt><trkpt lat="37.795096" lon="-122.397466"><ele>4.926</ele><time>2024-05-22T15:59:48Z</time></trkpt><trkpt lat="37.795104" lon="-122.397396"><ele>5.177</ele><time>2024-05-22T15:59:49Z</time></trkpt><trkpt lat="37.795403" lon="-122.397391"><ele>5.335</ele><time>2024-05-22T15:59:50Z</time></trkpt><trkpt lat="37.795398" lon="-122.397327"><ele>5.296</ele><time>2024-05-22T15:59:51Z</time></trkpt><trkpt lat="37.795412" lon="-122.397233"><ele>5.172</ele><time>2024-05-22T15:59:53Z</time></trkpt><trkpt lat="37.795419" lon="-122.397175"><ele>4.913</ele><time>2024-05-22T15:59:55Z</time></trkpt><trkpt lat="37.795429" lon="-122.397118"><ele>4.714</ele><time>2024-05-22T15:59:58Z</time></trkpt><trkpt lat="37.795453" lon="-122.397042"><ele>4.409</ele><time>2024-05-22T16:00:00Z</time></trkpt><trkpt lat="37.795473" lon="-122.396944"><ele>4.478</ele><time>2024-05-22T16:00:02.001Z</time></trkpt><trkpt lat="37.795484" lon="-122.396852"><ele>4.424</ele><time>2024-05-22T16:00:04.001Z</time></trkpt><trkpt lat="37.795689" lon="-122.396758"><ele>4.948</ele><time>2024-05-22T16:00:08.001Z</time></trkpt><trkpt lat="37.795744" lon="-122.396769"><ele>4.523</ele><time>2024-05-22T16:00:13.001Z</time></trkpt><trkpt lat="37.795799" lon="-122.396780"><ele>4.471</ele><time>2024-05-22T16:00:17.001Z</time></trkpt><trkpt lat="37.795735" lon="-122.396767"><ele>4.532</ele><time>2024-05-22T16:00:31.144Z</time></trkpt><trkpt lat="37.795686" lon="-122.396757"><ele>4.643</ele><time>2024-05-22T16:00:34.143Z</time></trkpt><trkpt lat="37.795758" lon="-122.396772"><ele>4.781</ele><time>2024-05-22T16:00:39Z</time></trkpt><trkpt lat="37.795816" lon="-122.396784"><ele>5.042</ele><time>2024-05-22T16:00:41Z</time></trkpt><trkpt lat="37.795895" lon="-122.396800"><ele>5.222</ele><time>2024-05-22T16:00:42Z</time></trkpt><trkpt lat="37.795971" lon="-122.396815"><ele>5.362</ele><time>2024-05-22T16:00:43Z</time></trkpt><trkpt lat="37.796046" lon="-122.396833"><ele>5.408</ele><time>2024-05-22T16:00:45Z</time></trkpt><trkpt lat="37.796110" lon="-122.396848"><ele>5.309</ele><time>2024-05-22T16:00:47Z</time></trkpt><trkpt lat="37.796188" lon="-122.396866"><ele>5.333</ele><time>2024-05-22T16:00:48Z</time></trkpt><trkpt lat="37.796228" lon="-122.396917"><ele>5.239</ele><time>2024-05-22T16:00:50Z</time></trkpt><trkpt lat="37.796173" lon="-122.397301"><ele>5.383</ele><time>2024-05-22T16:00:51Z</time></trkpt><trkpt lat="37.796191" lon="-122.397419"><ele>4.748</ele><time>2024-05-22T16:00:53Z</time></trkpt><trkpt lat="37.796279" lon="-122.397513"><ele>4.366</ele><time>2024-05-22T16:00:54Z</time></trkpt><trkpt lat="37.796268" lon="-122.397602"><ele>4.377</ele><time>2024-05-22T16:00:55Z</time></trkpt><trkpt lat="37.796256" lon="-122.397693"><ele>4.598</ele><time>2024-05-22T16:00:56Z</time></trkpt><trkpt lat="37.796244" lon="-122.397790"><ele>5.086</ele><time>2024-05-22T16:00:57Z</time></trkpt><trkpt lat="37.796230" lon="-122.397888"><ele>5.077</ele><time>2024-05-22T16:00:58Z</time></trkpt><trkpt lat="37.796219" lon="-122.397960"><ele>4.923</ele><time>2024-05-22T16:00:59Z</time></trkpt><trkpt lat="37.796208" lon="-122.398031"><ele>4.683</ele><time>2024-05-22T16:01:00Z</time></trkpt><trkpt lat="37.796198" lon="-122.398092"><ele>4.611</ele><time>2024-05-22T16:01:02Z</time></trkpt><trkpt lat="37.796050" lon="-122.398140"><ele>4.609</ele><time>2024-05-22T16:01:23Z</time></trkpt><trkpt lat="37.796147" lon="-122.398382"><ele>4.633</ele><time>2024-05-22T16:01:29Z</time></trkpt><trkpt lat="37.796126" lon="-122.398488"><ele>4.759</ele><time>2024-05-22T16:01:31Z</time></trkpt><trkpt lat="37.796114" lon="-122.398570"><ele>4.853</ele><time>2024-05-22T16:01:32Z</time></trkpt><trkpt lat="37.796099" lon="-122.398659"><ele>4.848</ele><time>2024-05-22T16:01:33Z</time></trkpt><trkpt lat="37.796080" lon="-122.398780"><ele>5.026</ele><time>2024-05-22T16:01:34Z</time></trkpt><trkpt lat="37.796067" lon="-122.398861"><ele>5.297</ele><time>2024-05-22T16:01:35Z</time></trkpt><trkpt lat="37.796056" lon="-122.398959"><ele>5.248</ele><time>2024-05-22T16:01:36Z</time></trkpt><trkpt lat="37.796043" lon="-122.399088"><ele>5.256</ele><time>2024-05-22T16:01:37Z</time></trkpt><trkpt lat="37.796031" lon="-122.399209"><ele>4.757</ele><time>2024-05-22T16:01:38Z</time></trkpt><trkpt lat="37.796022" lon="-122.399303"><ele>4.785</ele><time>2024-05-22T16:01:39Z</time></trkpt><trkpt lat="37.796015" lon="-122.399394"><ele>4.789</ele><time>2024-05-22T16:01:40Z</time></trkpt><trkpt lat="37.796018" lon="-122.399485"><ele>4.717</ele><time>2024-05-22T16:01:41Z</time></trkpt><trkpt lat="37.796019" lon="-122.399566"><ele>4.709</ele><time>2024-05-22T16:01:42Z</time></trkpt><trkpt lat="37.795991" lon="-122.399676"><ele>4.699</ele><time>2024-05-22T16:01:44Z</time></trkpt><trkpt lat="37.795979" lon="-122.399745"><ele>4.345</ele><time>2024-05-22T16:01:45Z</time></trkpt><trkpt lat="37.795956" lon="-122.399795"><ele>4.229</ele><time>2024-05-22T16:01:46Z</time></trkpt><trkpt lat="37.795940" lon="-122.399871"><ele>4.224</ele><time>2024-05-22T16:01:49Z</time></trkpt><trkpt lat="37.795910" lon="-122.399962"><ele>4.322</ele><time>2024-05-22T16:01:51Z</time></trkpt><trkpt lat="37.795891" lon="-122.400043"><ele>4.313</ele><time>2024-05-22T16:01:53Z</time></trkpt><trkpt lat="37.795912" lon="-122.400105"><ele>4.584</ele><time>2024-05-22T16:01:54Z</time></trkpt><trkpt lat="37.795911" lon="-122.400183"><ele>4.642</ele><time>2024-05-22T16:01:58Z</time></trkpt><trkpt lat="37.795899" lon="-122.400278"><ele>4.773</ele><time>2024-05-22T16:02:04Z</time></trkpt><trkpt lat="37.795895" lon="-122.400366"><ele>4.796</ele><time>2024-05-22T16:02:08.001Z</time></trkpt><trkpt lat="37.795890" lon="-122.400423"><ele>5.131</ele><time>2024-05-22T16:02:09.001Z</time></trkpt><trkpt lat="37.795879" lon="-122.400482"><ele>5.224</ele><time>2024-05-22T16:02:10.001Z</time></trkpt><trkpt lat="37.795866" lon="-122.400552"><ele>5.309</ele><time>2024-05-22T16:02:11.001Z</time></trkpt><trkpt lat="37.795862" lon="-122.400619"><ele>5.380</ele><time>2024-05-22T16:02:12.001Z</time></trkpt><trkpt lat="37.795849" lon="-122.400708"><ele>5.246</ele><time>2024-05-22T16:02:14.001Z</time></trkpt><trkpt lat="37.795831" lon="-122.400813"><ele>4.990</ele><time>2024-05-22T16:02:16.001Z</time></trkpt><trkpt lat="37.795821" lon="-122.400882"><ele>4.925</ele><time>2024-05-22T16:02:18.001Z</time></trkpt><trkpt lat="37.795821" lon="-122.400955"><ele>4.923</ele><time>2024-05-22T16:02:19.001Z</time></trkpt><trkpt lat="37.795805" lon="-122.401028"><ele>4.954</ele><time>2024-05-22T16:02:20.001Z</time></trkpt><trkpt lat="37.795800" lon="-122.401092"><ele>4.995</ele><time>2024-05-22T16:02:21.001Z</time></trkpt><trkpt lat="37.795791" lon="-122.401172"><ele>5.033</ele><time>2024-05-22T16:02:22.001Z</time></trkpt><trkpt lat="37.795779" lon="-122.401237"><ele>5.034</ele><time>2024-05-22T16:02:23.001Z</time></trkpt><trkpt lat="37.795767" lon="-122.401297"><ele>4.895</ele><time>2024-05-22T16:02:24.001Z</time></trkpt><trkpt lat="37.795761" lon="-122.401371"><ele>4.849</ele><time>2024-05-22T16:02:26.001Z</time></trkpt><trkpt lat="37.795754" lon="-122.401438"><ele>4.823</ele><time>2024-05-22T16:02:28.001Z</time></trkpt><trkpt lat="37.795744" lon="-122.401494"><ele>4.909</ele><time>2024-05-22T16:02:36.001Z</time></trkpt><trkpt lat="37.795732" lon="-122.401554"><ele>4.930</ele><time>2024-05-22T16:03:17.001Z</time></trkpt><trkpt lat="37.795724" lon="-122.401630"><ele>5.196</ele><time>2024-05-22T16:03:25.001Z</time></trkpt><trkpt lat="37.795714" lon="-122.401719"><ele>5.340</ele><time>2024-05-22T16:03:27.001Z</time></trkpt><trkpt lat="37.795703" lon="-122.401823"><ele>5.395</ele><time>2024-05-22T16:03:29.001Z</time></trkpt><trkpt lat="37.795694" lon="-122.401888"><ele>5.683</ele><time>2024-05-22T16:03:30.001Z</time></trkpt><trkpt lat="37.795687" lon="-122.401946"><ele>5.684</ele><time>2024-05-22T16:03:31.001Z</time></trkpt><trkpt lat="37.795672" lon="-122.402064"><ele>5.775</ele><time>2024-05-22T16:03:33.001Z</time></trkpt><trkpt lat="37.795663" lon="-122.402140"><ele>5.813</ele><time>2024-05-22T16:03:34.001Z</time></trkpt><trkpt lat="37.795657" lon="-122.402202"><ele>5.864</ele><time>2024-05-22T16:03:35.001Z</time></trkpt><trkpt lat="37.795658" lon="-122.402310"><ele>5.987</ele><time>2024-05-22T16:03:36.001Z</time></trkpt><trkpt lat="37.795653" lon="-122.402420"><ele>6.142</ele><time>2024-05-22T16:03:37.001Z</time></trkpt><trkpt lat="37.795639" lon="-122.402544"><ele>6.426</ele><time>2024-05-22T16:03:38.001Z</time></trkpt><trkpt lat="37.795626" lon="-122.402659"><ele>6.509</ele><time>2024-05-22T16:03:39.001Z</time></trkpt><trkpt lat="37.795608" lon="-122.402765"><ele>6.419</ele><time>2024-05-22T16:03:40.001Z</time></trkpt><trkpt lat="37.795586" lon="-122.402866"><ele>6.255</ele><time>2024-05-22T16:03:41.001Z</time></trkpt><trkpt lat="37.795565" lon="-122.402974"><ele>6.069</ele><time>2024-05-22T16:03:42.001Z</time></trkpt><trkpt lat="37.795549" lon="-122.403074"><ele>5.914</ele><time>2024-05-22T16:03:43.001Z</time></trkpt><trkpt lat="37.795532" lon="-122.403147"><ele>5.712</ele><time>2024-05-22T16:03:44.001Z</time></trkpt><trkpt lat="37.795519" lon="-122.403233"><ele>5.313</ele><time>2024-05-22T16:03:46.001Z</time></trkpt><trkpt lat="37.795549" lon="-122.403343"><ele>5.364</ele><time>2024-05-22T16:03:48.001Z</time></trkpt><trkpt lat="37.795580" lon="-122.403387"><ele>5.522</ele><time>2024-05-22T16:03:49.001Z</time></trkpt><trkpt lat="37.795596" lon="-122.403442"><ele>5.683</ele><time>2024-05-22T16:03:51.001Z</time></trkpt><trkpt lat="37.795619" lon="-122.403500"><ele>5.695</ele><time>2024-05-22T16:03:56.001Z</time></trkpt><trkpt lat="37.795646" lon="-122.403553"><ele>5.749</ele><time>2024-05-22T16:03:57.001Z</time></trkpt><trkpt lat="37.795680" lon="-122.403604"><ele>6.023</ele><time>2024-05-22T16:03:58.001Z</time></trkpt><trkpt lat="37.795721" lon="-122.403658"><ele>6.509</ele><time>2024-05-22T16:03:59.001Z</time></trkpt><trkpt lat="37.795764" lon="-122.403704"><ele>6.760</ele><time>2024-05-22T16:04:00.001Z</time></trkpt><trkpt lat="37.795792" lon="-122.403752"><ele>6.816</ele><time>2024-05-22T16:04:01.001Z</time></trkpt><trkpt lat="37.795836" lon="-122.403811"><ele>6.990</ele><time>2024-05-22T16:04:02.001Z</time></trkpt><trkpt lat="37.795881" lon="-122.403868"><ele>6.945</ele><time>2024-05-22T16:04:03.001Z</time></trkpt><trkpt lat="37.795936" lon="-122.403921"><ele>6.983</ele><time>2024-05-22T16:04:04.001Z</time></trkpt><trkpt lat="37.795963" lon="-122.403984"><ele>6.954</ele><time>2024-05-22T16:04:05.001Z</time></trkpt><trkpt lat="37.795994" lon="-122.404029"><ele>6.865</ele><time>2024-05-22T16:04:06.001Z</time></trkpt><trkpt lat="37.796027" lon="-122.404085"><ele>6.743</ele><time>2024-05-22T16:04:08.001Z</time></trkpt><trkpt lat="37.796071" lon="-122.404149"><ele>6.764</ele><time>2024-05-22T16:04:11.001Z</time></trkpt><trkpt lat="37.796109" lon="-122.404239"><ele>6.761</ele><time>2024-05-22T16:04:15.002Z</time></trkpt><trkpt lat="37.796133" lon="-122.404292"><ele>7.021</ele><time>2024-05-22T16:04:17.002Z</time></trkpt><trkpt lat="37.796162" lon="-122.404342"><ele>7.613</ele><time>2024-05-22T16:04:34.002Z</time></trkpt><trkpt lat="37.796165" lon="-122.404410"><ele>8.009</ele><time>2024-05-22T16:04:47.002Z</time></trkpt><trkpt lat="37.796202" lon="-122.404459"><ele>8.177</ele><time>2024-05-22T16:04:49.002Z</time></trkpt><trkpt lat="37.796240" lon="-122.404507"><ele>8.123</ele><time>2024-05-22T16:04:50.002Z</time></trkpt><trkpt lat="37.796288" lon="-122.404552"><ele>8.247</ele><time>2024-05-22T16:04:51.002Z</time></trkpt><trkpt lat="37.796331" lon="-122.404578"><ele>8.252</ele><time>2024-05-22T16:04:52.002Z</time></trkpt><trkpt lat="37.796368" lon="-122.404620"><ele>8.970</ele><time>2024-05-22T16:04:53.002Z</time></trkpt><trkpt lat="37.796408" lon="-122.404662"><ele>9.711</ele><time>2024-05-22T16:04:54.002Z</time></trkpt><trkpt lat="37.796450" lon="-122.404720"><ele>10.172</ele><time>2024-05-22T16:04:55.002Z</time></trkpt><trkpt lat="37.796544" lon="-122.404746"><ele>10.330</ele><time>2024-05-22T16:04:56.002Z</time></trkpt><trkpt lat="37.796593" lon="-122.404817"><ele>10.411</ele><time>2024-05-22T16:04:57.002Z</time></trkpt><trkpt lat="37.796652" lon="-122.404902"><ele>10.845</ele><time>2024-05-22T16:04:58.002Z</time></trkpt><trkpt lat="37.796712" lon="-122.404989"><ele>11.247</ele><time>2024-05-22T16:04:59.002Z</time></trkpt><trkpt lat="37.796774" lon="-122.405079"><ele>11.911</ele><time>2024-05-22T16:05:00.002Z</time></trkpt><trkpt lat="37.796838" lon="-122.405172"><ele>12.309</ele><time>2024-05-22T16:05:01.002Z</time></trkpt><trkpt lat="37.796908" lon="-122.405273"><ele>12.435</ele><time>2024-05-22T16:05:02.002Z</time></trkpt><trkpt lat="37.796962" lon="-122.405352"><ele>13.271</ele><time>2024-05-22T16:05:03.002Z</time></trkpt><trkpt lat="37.797016" lon="-122.405431"><ele>14.595</ele><time>2024-05-22T16:05:04.002Z</time></trkpt><trkpt lat="37.797072" lon="-122.405512"><ele>14.670</ele><time>2024-05-22T16:05:05.002Z</time></trkpt><trkpt lat="37.797123" lon="-122.405586"><ele>14.938</ele><time>2024-05-22T16:05:06.002Z</time></trkpt><trkpt lat="37.797174" lon="-122.405660"><ele>14.979</ele><time>2024-05-22T16:05:07.002Z</time></trkpt><trkpt lat="37.797227" lon="-122.405737"><ele>15.160</ele><time>2024-05-22T16:05:08.002Z</time></trkpt><trkpt lat="37.797275" lon="-122.405806"><ele>15.348</ele><time>2024-05-22T16:05:09.002Z</time></trkpt><trkpt lat="37.797329" lon="-122.405884"><ele>15.459</ele><time>2024-05-22T16:05:10.002Z</time></trkpt><trkpt lat="37.797377" lon="-122.405954"><ele>16.296</ele><time>2024-05-22T16:05:11.002Z</time></trkpt><trkpt lat="37.797422" lon="-122.406020"><ele>17.131</ele><time>2024-05-22T16:05:12.002Z</time></trkpt><trkpt lat="37.797463" lon="-122.406079"><ele>17.724</ele><time>2024-05-22T16:05:13.002Z</time></trkpt><trkpt lat="37.797506" lon="-122.406142"><ele>18.109</ele><time>2024-05-22T16:05:14.002Z</time></trkpt><trkpt lat="37.797542" lon="-122.406195"><ele>18.340</ele><time>2024-05-22T16:05:15.002Z</time></trkpt><trkpt lat="37.797580" lon="-122.406250"><ele>18.546</ele><time>2024-05-22T16:05:16.002Z</time></trkpt><trkpt lat="37.797611" lon="-122.406296"><ele>18.790</ele><time>2024-05-22T16:05:17.002Z</time></trkpt><trkpt lat="37.797646" lon="-122.406349"><ele>19.335</ele><time>2024-05-22T16:05:18.002Z</time></trkpt><trkpt lat="37.797701" lon="-122.406432"><ele>19.723</ele><time>2024-05-22T16:05:20.002Z</time></trkpt><trkpt lat="37.797746" lon="-122.406500"><ele>20.384</ele><time>2024-05-22T16:05:22.002Z</time></trkpt><trkpt lat="37.797715" lon="-122.406572"><ele>21.135</ele><time>2024-05-22T16:05:25.002Z</time></trkpt><trkpt lat="37.797785" lon="-122.406617"><ele>21.713</ele><time>2024-05-22T16:06:12.002Z</time></trkpt><trkpt lat="37.797819" lon="-122.406666"><ele>22.024</ele><time>2024-05-22T16:06:13.002Z</time></trkpt><trkpt lat="37.797860" lon="-122.406722"><ele>23.178</ele><time>2024-05-22T16:06:14.002Z</time></trkpt><trkpt lat="37.797904" lon="-122.406795"><ele>23.333</ele><time>2024-05-22T16:06:15.002Z</time></trkpt><trkpt lat="37.797934" lon="-122.406855"><ele>23.526</ele><time>2024-05-22T16:06:16.002Z</time></trkpt><trkpt lat="37.798014" lon="-122.406886"><ele>23.909</ele><time>2024-05-22T16:06:17.002Z</time></trkpt><trkpt lat="37.798066" lon="-122.406959"><ele>24.568</ele><time>2024-05-22T16:06:18.002Z</time></trkpt><trkpt lat="37.798118" lon="-122.407032"><ele>24.914</ele><time>2024-05-22T16:06:19.002Z</time></trkpt><trkpt lat="37.798168" lon="-122.407104"><ele>25.148</ele><time>2024-05-22T16:06:20.002Z</time></trkpt><trkpt lat="37.798216" lon="-122.407173"><ele>25.183</ele><time>2024-05-22T16:06:21.002Z</time></trkpt><trkpt lat="37.798267" lon="-122.407246"><ele>25.141</ele><time>2024-05-22T16:06:22.002Z</time></trkpt><trkpt lat="37.798313" lon="-122.407312"><ele>25.532</ele><time>2024-05-22T16:06:23.002Z</time></trkpt><trkpt lat="37.798367" lon="-122.407389"><ele>25.883</ele><time>2024-05-22T16:06:24.002Z</time></trkpt><trkpt lat="37.798408" lon="-122.407448"><ele>26.021</ele><time>2024-05-22T16:06:25.002Z</time></trkpt><trkpt lat="37.798453" lon="-122.407512"><ele>26.312</ele><time>2024-05-22T16:06:26.002Z</time></trkpt><trkpt lat="37.798490" lon="-122.407565"><ele>26.468</ele><time>2024-05-22T16:06:27.002Z</time></trkpt><trkpt lat="37.798524" lon="-122.407613"><ele>26.542</ele><time>2024-05-22T16:06:28.002Z</time></trkpt><trkpt lat="37.798555" lon="-122.407657"><ele>27.026</ele><time>2024-05-22T16:06:29.002Z</time></trkpt><trkpt lat="37.798589" lon="-122.407706"><ele>27.409</ele><time>2024-05-22T16:06:30.002Z</time></trkpt><trkpt lat="37.798624" lon="-122.407756"><ele>27.667</ele><time>2024-05-22T16:06:31.002Z</time></trkpt><trkpt lat="37.798663" lon="-122.407812"><ele>28.383</ele><time>2024-05-22T16:06:32.002Z</time></trkpt><trkpt lat="37.798705" lon="-122.407872"><ele>28.847</ele><time>2024-05-22T16:06:33.002Z</time></trkpt><trkpt lat="37.798753" lon="-122.407941"><ele>29.552</ele><time>2024-05-22T16:06:34.002Z</time></trkpt><trkpt lat="37.798794" lon="-122.407999"><ele>29.580</ele><time>2024-05-22T16:06:35.002Z</time></trkpt><trkpt lat="37.798838" lon="-122.408061"><ele>29.531</ele><time>2024-05-22T16:06:36.002Z</time></trkpt><trkpt lat="37.798870" lon="-122.408108"><ele>29.562</ele><time>2024-05-22T16:06:37.002Z</time></trkpt><trkpt lat="37.798920" lon="-122.408180"><ele>29.550</ele><time>2024-05-22T16:06:38.002Z</time></trkpt><trkpt lat="37.798959" lon="-122.408237"><ele>29.591</ele><time>2024-05-22T16:06:39.002Z</time></trkpt><trkpt lat="37.798990" lon="-122.408281"><ele>29.539</ele><time>2024-05-22T16:06:40.002Z</time></trkpt><trkpt lat="37.799039" lon="-122.408352"><ele>29.501</ele><time>2024-05-22T16:06:42.002Z</time></trkpt><trkpt lat="37.799087" lon="-122.408422"><ele>29.521</ele><time>2024-05-22T16:06:44.002Z</time></trkpt><trkpt lat="37.799076" lon="-122.408504"><ele>29.609</ele><time>2024-05-22T16:06:45.002Z</time></trkpt><trkpt lat="37.799112" lon="-122.408563"><ele>29.894</ele><time>2024-05-22T16:06:47.002Z</time></trkpt><trkpt lat="37.799156" lon="-122.408605"><ele>29.820</ele><time>2024-05-22T16:06:50.002Z</time></trkpt><trkpt lat="37.799198" lon="-122.408628"><ele>29.994</ele><time>2024-05-22T16:06:53.002Z</time></trkpt><trkpt lat="37.799158" lon="-122.408601"><ele>29.979</ele><time>2024-05-22T16:07:21.002Z</time></trkpt><trkpt lat="37.799224" lon="-122.408660"><ele>29.957</ele><time>2024-05-22T16:07:29.002Z</time></trkpt><trkpt lat="37.799255" lon="-122.408707"><ele>29.998</ele><time>2024-05-22T16:07:30.002Z</time></trkpt><trkpt lat="37.799312" lon="-122.408759"><ele>30.199</ele><time>2024-05-22T16:07:31.002Z</time></trkpt><trkpt lat="37.799359" lon="-122.408817"><ele>30.177</ele><time>2024-05-22T16:07:32.002Z</time></trkpt><trkpt lat="37.799408" lon="-122.408855"><ele>30.138</ele><time>2024-05-22T16:07:33.002Z</time></trkpt><trkpt lat="37.799458" lon="-122.408886"><ele>30.112</ele><time>2024-05-22T16:07:34.002Z</time></trkpt><trkpt lat="37.799501" lon="-122.408942"><ele>30.132</ele><time>2024-05-22T16:07:35.002Z</time></trkpt><trkpt lat="37.799534" lon="-122.408990"><ele>30.105</ele><time>2024-05-22T16:07:36.002Z</time></trkpt><trkpt lat="37.799574" lon="-122.409028"><ele>30.009</ele><time>2024-05-22T16:07:37.002Z</time></trkpt><trkpt lat="37.799644" lon="-122.409069"><ele>29.952</ele><time>2024-05-22T16:07:39.002Z</time></trkpt><trkpt lat="37.799725" lon="-122.409040"><ele>29.868</ele><time>2024-05-22T16:07:41.002Z</time></trkpt><trkpt lat="37.799781" lon="-122.409044"><ele>28.952</ele><time>2024-05-22T16:07:43.002Z</time></trkpt><trkpt lat="37.799902" lon="-122.409072"><ele>28.747</ele><time>2024-05-22T16:07:53.002Z</time></trkpt><trkpt lat="37.799987" lon="-122.409064"><ele>28.055</ele><time>2024-05-22T16:07:58.002Z</time></trkpt><trkpt lat="37.800131" lon="-122.409114"><ele>27.466</ele><time>2024-05-22T16:08:05.002Z</time></trkpt><trkpt lat="37.800156" lon="-122.409184"><ele>27.227</ele><time>2024-05-22T16:08:06.002Z</time></trkpt><trkpt lat="37.800207" lon="-122.409189"><ele>27.115</ele><time>2024-05-22T16:08:08.002Z</time></trkpt><trkpt lat="37.800258" lon="-122.409219"><ele>27.146</ele><time>2024-05-22T16:08:13.002Z</time></trkpt><trkpt lat="37.800312" lon="-122.409227"><ele>27.142</ele><time>2024-05-22T16:08:21.002Z</time></trkpt><trkpt lat="37.800357" lon="-122.409236"><ele>27.022</ele><time>2024-05-22T16:08:23.002Z</time></trkpt><trkpt lat="37.800392" lon="-122.409301"><ele>27.114</ele><time>2024-05-22T16:08:27.002Z</time></trkpt><trkpt lat="37.800400" lon="-122.409404"><ele>27.009</ele><time>2024-05-22T16:08:29.002Z</time></trkpt><trkpt lat="37.800385" lon="-122.409503"><ele>26.825</ele><time>2024-05-22T16:08:31.002Z</time></trkpt><trkpt lat="37.800380" lon="-122.409576"><ele>26.471</ele><time>2024-05-22T16:08:33.002Z</time></trkpt><trkpt lat="37.800376" lon="-122.409634"><ele>25.935</ele><time>2024-05-22T16:08:37.002Z</time></trkpt><trkpt lat="37.800396" lon="-122.409689"><ele>25.790</ele><time>2024-05-22T16:08:59.002Z</time></trkpt><trkpt lat="37.800391" lon="-122.409753"><ele>25.318</ele><time>2024-05-22T16:09:02.002Z</time></trkpt><trkpt lat="37.800384" lon="-122.409822"><ele>25.379</ele><time>2024-05-22T16:09:26.002Z</time></trkpt><trkpt lat="37.800372" lon="-122.409885"><ele>25.320</ele><time>2024-05-22T16:09:29.002Z</time></trkpt><trkpt lat="37.800361" lon="-122.409971"><ele>25.378</ele><time>2024-05-22T16:09:31.002Z</time></trkpt><trkpt lat="37.800352" lon="-122.410080"><ele>25.169</ele><time>2024-05-22T16:09:33.002Z</time></trkpt><trkpt lat="37.800346" lon="-122.410139"><ele>25.058</ele><time>2024-05-22T16:09:34.002Z</time></trkpt><trkpt lat="37.800336" lon="-122.410195"><ele>25.052</ele><time>2024-05-22T16:09:35.002Z</time></trkpt><trkpt lat="37.800325" lon="-122.410272"><ele>25.117</ele><time>2024-05-22T16:09:36.002Z</time></trkpt><trkpt lat="37.800320" lon="-122.410346"><ele>25.009</ele><time>2024-05-22T16:09:37.002Z</time></trkpt><trkpt lat="37.800311" lon="-122.410424"><ele>24.846</ele><time>2024-05-22T16:09:38.002Z</time></trkpt><trkpt lat="37.800299" lon="-122.410496"><ele>24.642</ele><time>2024-05-22T16:09:39.002Z</time></trkpt><trkpt lat="37.800287" lon="-122.410560"><ele>24.646</ele><time>2024-05-22T16:09:40.002Z</time></trkpt><trkpt lat="37.800278" lon="-122.410623"><ele>24.611</ele><time>2024-05-22T16:09:41.002Z</time></trkpt><trkpt lat="37.800266" lon="-122.410684"><ele>25.049</ele><time>2024-05-22T16:09:42.002Z</time></trkpt><trkpt lat="37.800252" lon="-122.410770"><ele>25.120</ele><time>2024-05-22T16:09:44.002Z</time></trkpt><trkpt lat="37.800233" lon="-122.410858"><ele>25.221</ele><time>2024-05-22T16:09:47.002Z</time></trkpt><trkpt lat="37.800234" lon="-122.410963"><ele>26.069</ele><time>2024-05-22T16:09:48.002Z</time></trkpt><trkpt lat="37.800223" lon="-122.411055"><ele>26.420</ele><time>2024-05-22T16:09:49.002Z</time></trkpt><trkpt lat="37.800213" lon="-122.411137"><ele>26.678</ele><time>2024-05-22T16:09:50.002Z</time></trkpt><trkpt lat="37.800203" lon="-122.411214"><ele>27.033</ele><time>2024-05-22T16:09:51.002Z</time></trkpt><trkpt lat="37.800172" lon="-122.411289"><ele>27.526</ele><time>2024-05-22T16:09:52.002Z</time></trkpt><trkpt lat="37.800165" lon="-122.411390"><ele>27.709</ele><time>2024-05-22T16:09:53.002Z</time></trkpt><trkpt lat="37.800149" lon="-122.411491"><ele>28.388</ele><time>2024-05-22T16:09:54.002Z</time></trkpt><trkpt lat="37.800125" lon="-122.411595"><ele>29.394</ele><time>2024-05-22T16:09:55.002Z</time></trkpt><trkpt lat="37.800112" lon="-122.411700"><ele>29.928</ele><time>2024-05-22T16:09:56.002Z</time></trkpt><trkpt lat="37.800103" lon="-122.411809"><ele>30.243</ele><time>2024-05-22T16:09:57.002Z</time></trkpt><trkpt lat="37.800098" lon="-122.411918"><ele>30.761</ele><time>2024-05-22T16:09:58.002Z</time></trkpt><trkpt lat="37.800081" lon="-122.412014"><ele>31.242</ele><time>2024-05-22T16:09:59.002Z</time></trkpt><trkpt lat="37.800067" lon="-122.412109"><ele>32.433</ele><time>2024-05-22T16:10:00.002Z</time></trkpt><trkpt lat="37.800053" lon="-122.412191"><ele>33.051</ele><time>2024-05-22T16:10:01.002Z</time></trkpt><trkpt lat="37.800043" lon="-122.412257"><ele>33.342</ele><time>2024-05-22T16:10:02.002Z</time></trkpt><trkpt lat="37.800052" lon="-122.412350"><ele>34.038</ele><time>2024-05-22T16:10:04.002Z</time></trkpt><trkpt lat="37.800044" lon="-122.412418"><ele>34.570</ele><time>2024-05-22T16:10:09.002Z</time></trkpt><trkpt lat="37.800016" lon="-122.412468"><ele>34.917</ele><time>2024-05-22T16:10:16.002Z</time></trkpt><trkpt lat="37.800001" lon="-122.412577"><ele>35.109</ele><time>2024-05-22T16:10:18.002Z</time></trkpt><trkpt lat="37.800001" lon="-122.412649"><ele>35.864</ele><time>2024-05-22T16:10:19.002Z</time></trkpt><trkpt lat="37.799988" lon="-122.412743"><ele>35.930</ele><time>2024-05-22T16:10:20.002Z</time></trkpt><trkpt lat="37.799978" lon="-122.412831"><ele>37.084</ele><time>2024-05-22T16:10:21.002Z</time></trkpt><trkpt lat="37.799966" lon="-122.412912"><ele>37.529</ele><time>2024-05-22T16:10:22.002Z</time></trkpt><trkpt lat="37.799960" lon="-122.412993"><ele>39.167</ele><time>2024-05-22T16:10:23.002Z</time></trkpt><trkpt lat="37.799944" lon="-122.413075"><ele>39.448</ele><time>2024-05-22T16:10:24.002Z</time></trkpt><trkpt lat="37.799937" lon="-122.413166"><ele>40.089</ele><time>2024-05-22T16:10:25.002Z</time></trkpt><trkpt lat="37.799927" lon="-122.413269"><ele>41.857</ele><time>2024-05-22T16:10:26.002Z</time></trkpt><trkpt lat="37.799934" lon="-122.413372"><ele>42.788</ele><time>2024-05-22T16:10:27.002Z</time></trkpt><trkpt lat="37.799890" lon="-122.413458"><ele>43.522</ele><time>2024-05-22T16:10:28.002Z</time></trkpt><trkpt lat="37.799878" lon="-122.413554"><ele>44.962</ele><time>2024-05-22T16:10:29.002Z</time></trkpt><trkpt lat="37.799868" lon="-122.413659"><ele>46.308</ele><time>2024-05-22T16:10:30.002Z</time></trkpt><trkpt lat="37.799839" lon="-122.413751"><ele>47.409</ele><time>2024-05-22T16:10:31.002Z</time></trkpt><trkpt lat="37.799827" lon="-122.413845"><ele>47.953</ele><time>2024-05-22T16:10:32.002Z</time></trkpt><trkpt lat="37.799815" lon="-122.413933"><ele>48.479</ele><time>2024-05-22T16:10:33.002Z</time></trkpt><trkpt lat="37.799794" lon="-122.414000"><ele>49.263</ele><time>2024-05-22T16:10:35.002Z</time></trkpt><trkpt lat="37.799808" lon="-122.414060"><ele>49.538</ele><time>2024-05-22T16:10:42.002Z</time></trkpt><trkpt lat="37.799786" lon="-122.414145"><ele>49.976</ele><time>2024-05-22T16:10:44.002Z</time></trkpt><trkpt lat="37.799780" lon="-122.414227"><ele>50.997</ele><time>2024-05-22T16:10:45.002Z</time></trkpt><trkpt lat="37.799773" lon="-122.414322"><ele>51.478</ele><time>2024-05-22T16:10:46.002Z</time></trkpt><trkpt lat="37.799770" lon="-122.414420"><ele>51.946</ele><time>2024-05-22T16:10:47.002Z</time></trkpt><trkpt lat="37.799758" lon="-122.414499"><ele>52.517</ele><time>2024-05-22T16:10:48.002Z</time></trkpt><trkpt lat="37.799750" lon="-122.414573"><ele>53.389</ele><time>2024-05-22T16:10:49.002Z</time></trkpt><trkpt lat="37.799742" lon="-122.414657"><ele>53.806</ele><time>2024-05-22T16:10:50.002Z</time></trkpt><trkpt lat="37.799724" lon="-122.414738"><ele>54.826</ele><time>2024-05-22T16:10:51.002Z</time></trkpt><trkpt lat="37.799712" lon="-122.414824"><ele>55.609</ele><time>2024-05-22T16:10:52.002Z</time></trkpt><trkpt lat="37.799713" lon="-122.414913"><ele>57.319</ele><time>2024-05-22T16:10:53.002Z</time></trkpt><trkpt lat="37.799706" lon="-122.415007"><ele>58.295</ele><time>2024-05-22T16:10:54.002Z</time></trkpt><trkpt lat="37.799696" lon="-122.415107"><ele>59.969</ele><time>2024-05-22T16:10:55.002Z</time></trkpt><trkpt lat="37.799670" lon="-122.415203"><ele>61.114</ele><time>2024-05-22T16:10:56.002Z</time></trkpt><trkpt lat="37.799656" lon="-122.415311"><ele>62.072</ele><time>2024-05-22T16:10:57.002Z</time></trkpt><trkpt lat="37.799637" lon="-122.415413"><ele>63.363</ele><time>2024-05-22T16:10:58.002Z</time></trkpt><trkpt lat="37.799628" lon="-122.415503"><ele>64.494</ele><time>2024-05-22T16:10:59.002Z</time></trkpt><trkpt lat="37.799621" lon="-122.415581"><ele>65.632</ele><time>2024-05-22T16:11:00.002Z</time></trkpt><trkpt lat="37.799615" lon="-122.415644"><ele>66.333</ele><time>2024-05-22T16:11:01.002Z</time></trkpt><trkpt lat="37.799612" lon="-122.415711"><ele>66.941</ele><time>2024-05-22T16:11:03.002Z</time></trkpt><trkpt lat="37.799607" lon="-122.415793"><ele>67.381</ele><time>2024-05-22T16:11:05.002Z</time></trkpt><trkpt lat="37.799602" lon="-122.415858"><ele>67.309</ele><time>2024-05-22T16:11:06.002Z</time></trkpt><trkpt lat="37.799580" lon="-122.415946"><ele>68.309</ele><time>2024-05-22T16:11:07.002Z</time></trkpt><trkpt lat="37.799562" lon="-122.416040"><ele>69.085</ele><time>2024-05-22T16:11:08.002Z</time></trkpt><trkpt lat="37.799555" lon="-122.416122"><ele>69.371</ele><time>2024-05-22T16:11:09.002Z</time></trkpt><trkpt lat="37.799549" lon="-122.416197"><ele>70.565</ele><time>2024-05-22T16:11:10.002Z</time></trkpt><trkpt lat="37.799540" lon="-122.416276"><ele>70.810</ele><time>2024-05-22T16:11:11.002Z</time></trkpt><trkpt lat="37.799527" lon="-122.416357"><ele>71.828</ele><time>2024-05-22T16:11:12.002Z</time></trkpt><trkpt lat="37.799522" lon="-122.416438"><ele>73.219</ele><time>2024-05-22T16:11:13.002Z</time></trkpt><trkpt lat="37.799508" lon="-122.416525"><ele>73.360</ele><time>2024-05-22T16:11:14.002Z</time></trkpt><trkpt lat="37.799509" lon="-122.416610"><ele>74.648</ele><time>2024-05-22T16:11:15.002Z</time></trkpt><trkpt lat="37.799493" lon="-122.416699"><ele>76.619</ele><time>2024-05-22T16:11:16.002Z</time></trkpt><trkpt lat="37.799487" lon="-122.416788"><ele>78.119</ele><time>2024-05-22T16:11:17.002Z</time></trkpt><trkpt lat="37.799469" lon="-122.416892"><ele>79.409</ele><time>2024-05-22T16:11:18.002Z</time></trkpt><trkpt lat="37.799448" lon="-122.416993"><ele>80.419</ele><time>2024-05-22T16:11:19.002Z</time></trkpt><trkpt lat="37.799438" lon="-122.417089"><ele>81.609</ele><time>2024-05-22T16:11:20.002Z</time></trkpt><trkpt lat="37.799429" lon="-122.417184"><ele>82.712</ele><time>2024-05-22T16:11:21.002Z</time></trkpt><trkpt lat="37.799407" lon="-122.417259"><ele>83.218</ele><time>2024-05-22T16:11:22.002Z</time></trkpt><trkpt lat="37.799395" lon="-122.417318"><ele>83.472</ele><time>2024-05-22T16:11:23.002Z</time></trkpt><trkpt lat="37.799391" lon="-122.417376"><ele>84.257</ele><time>2024-05-22T16:11:26.002Z</time></trkpt><trkpt lat="37.799397" lon="-122.417478"><ele>84.225</ele><time>2024-05-22T16:11:28.002Z</time></trkpt><trkpt lat="37.799392" lon="-122.417539"><ele>84.786</ele><time>2024-05-22T16:11:29.002Z</time></trkpt><trkpt lat="37.799380" lon="-122.417615"><ele>84.857</ele><time>2024-05-22T16:11:30.002Z</time></trkpt><trkpt lat="37.799370" lon="-122.417686"><ele>85.545</ele><time>2024-05-22T16:11:31.002Z</time></trkpt><trkpt lat="37.799359" lon="-122.417758"><ele>85.686</ele><time>2024-05-22T16:11:32.002Z</time></trkpt><trkpt lat="37.799348" lon="-122.417828"><ele>85.871</ele><time>2024-05-22T16:11:33.002Z</time></trkpt><trkpt lat="37.799333" lon="-122.417898"><ele>86.141</ele><time>2024-05-22T16:11:34.002Z</time></trkpt><trkpt lat="37.799324" lon="-122.417972"><ele>86.215</ele><time>2024-05-22T16:11:35.002Z</time></trkpt><trkpt lat="37.799312" lon="-122.418039"><ele>86.409</ele><time>2024-05-22T16:11:36.002Z</time></trkpt><trkpt lat="37.799305" lon="-122.418104"><ele>86.598</ele><time>2024-05-22T16:11:37.002Z</time></trkpt><trkpt lat="37.799306" lon="-122.418176"><ele>86.814</ele><time>2024-05-22T16:11:38.002Z</time></trkpt><trkpt lat="37.799309" lon="-122.418243"><ele>87.478</ele><time>2024-05-22T16:11:39.002Z</time></trkpt><trkpt lat="37.799292" lon="-122.418316"><ele>87.473</ele><time>2024-05-22T16:11:40.002Z</time></trkpt><trkpt lat="37.799297" lon="-122.418378"><ele>87.241</ele><time>2024-05-22T16:11:41.002Z</time></trkpt><trkpt lat="37.799289" lon="-122.418436"><ele>87.112</ele><time>2024-05-22T16:11:42.002Z</time></trkpt><trkpt lat="37.799287" lon="-122.418502"><ele>87.173</ele><time>2024-05-22T16:11:43.002Z</time></trkpt><trkpt lat="37.799272" lon="-122.418569"><ele>86.891</ele><time>2024-05-22T16:11:44.002Z</time></trkpt><trkpt lat="37.799270" lon="-122.418657"><ele>86.342</ele><time>2024-05-22T16:11:45.002Z</time></trkpt><trkpt lat="37.799248" lon="-122.418726"><ele>85.194</ele><time>2024-05-22T16:11:46.002Z</time></trkpt><trkpt lat="37.799231" lon="-122.418802"><ele>84.357</ele><time>2024-05-22T16:11:47.002Z</time></trkpt><trkpt lat="37.799220" lon="-122.418871"><ele>83.522</ele><time>2024-05-22T16:11:48.002Z</time></trkpt><trkpt lat="37.799228" lon="-122.418931"><ele>83.009</ele><time>2024-05-22T16:11:49.002Z</time></trkpt><trkpt lat="37.799242" lon="-122.419008"><ele>82.090</ele><time>2024-05-22T16:11:51.002Z</time></trkpt><trkpt lat="37.799249" lon="-122.419070"><ele>81.126</ele><time>2024-05-22T16:11:53.002Z</time></trkpt><trkpt lat="37.799319" lon="-122.419122"><ele>81.170</ele><time>2024-05-22T16:11:55.002Z</time></trkpt><trkpt lat="37.799393" lon="-122.419127"><ele>81.195</ele><time>2024-05-22T16:11:57.002Z</time></trkpt><trkpt lat="37.799500" lon="-122.419171"><ele>82.243</ele><time>2024-05-22T16:11:59.002Z</time></trkpt><trkpt lat="37.799565" lon="-122.419184"><ele>83.274</ele><time>2024-05-22T16:12:00.002Z</time></trkpt><trkpt lat="37.799630" lon="-122.419184"><ele>84.285</ele><time>2024-05-22T16:12:01.002Z</time></trkpt><trkpt lat="37.799696" lon="-122.419210"><ele>84.913</ele><time>2024-05-22T16:12:02.002Z</time></trkpt><trkpt lat="37.799756" lon="-122.419236"><ele>85.114</ele><time>2024-05-22T16:12:03.002Z</time></trkpt><trkpt lat="37.799826" lon="-122.419243"><ele>86.024</ele><time>2024-05-22T16:12:04.002Z</time></trkpt><trkpt lat="37.799889" lon="-122.419242"><ele>86.604</ele><time>2024-05-22T16:12:05.002Z</time></trkpt><trkpt lat="37.799948" lon="-122.419249"><ele>87.314</ele><time>2024-05-22T16:12:06.002Z</time></trkpt><trkpt lat="37.800012" lon="-122.419263"><ele>87.709</ele><time>2024-05-22T16:12:07.002Z</time></trkpt><trkpt lat="37.800080" lon="-122.419281"><ele>88.723</ele><time>2024-05-22T16:12:08.002Z</time></trkpt><trkpt lat="37.800148" lon="-122.419283"><ele>89.199</ele><time>2024-05-22T16:12:09.002Z</time></trkpt><trkpt lat="37.800217" lon="-122.419292"><ele>90.073</ele><time>2024-05-22T16:12:10.002Z</time></trkpt><trkpt lat="37.800284" lon="-122.419313"><ele>90.378</ele><time>2024-05-22T16:12:11.002Z</time></trkpt><trkpt lat="37.800352" lon="-122.419332"><ele>90.656</ele><time>2024-05-22T16:12:12.002Z</time></trkpt><trkpt lat="37.800406" lon="-122.419357"><ele>90.817</ele><time>2024-05-22T16:12:13.002Z</time></trkpt><trkpt lat="37.800467" lon="-122.419371"><ele>91.098</ele><time>2024-05-22T16:12:14.002Z</time></trkpt><trkpt lat="37.800528" lon="-122.419383"><ele>92.146</ele><time>2024-05-22T16:12:15.002Z</time></trkpt><trkpt lat="37.800594" lon="-122.419401"><ele>92.797</ele><time>2024-05-22T16:12:16.002Z</time></trkpt><trkpt lat="37.800646" lon="-122.419435"><ele>93.117</ele><time>2024-05-22T16:12:17.002Z</time></trkpt><trkpt lat="37.800748" lon="-122.419479"><ele>93.487</ele><time>2024-05-22T16:12:19.002Z</time></trkpt><trkpt lat="37.800806" lon="-122.419491"><ele>93.215</ele><time>2024-05-22T16:12:20.002Z</time></trkpt><trkpt lat="37.800894" lon="-122.419509"><ele>92.709</ele><time>2024-05-22T16:12:22.002Z</time></trkpt><trkpt lat="37.800949" lon="-122.419510"><ele>92.162</ele><time>2024-05-22T16:12:24.002Z</time></trkpt><trkpt lat="37.800987" lon="-122.419468"><ele>92.388</ele><time>2024-05-22T16:12:39.002Z</time></trkpt><trkpt lat="37.801041" lon="-122.419469"><ele>92.332</ele><time>2024-05-22T16:13:02.002Z</time></trkpt><trkpt lat="37.801070" lon="-122.419405"><ele>92.067</ele><time>2024-05-22T16:13:12.002Z</time></trkpt><trkpt lat="37.801095" lon="-122.419477"><ele>92.045</ele><time>2024-05-22T16:13:26.002Z</time></trkpt><trkpt lat="37.801136" lon="-122.419512"><ele>92.266</ele><time>2024-05-22T16:13:30.002Z</time></trkpt><trkpt lat="37.801199" lon="-122.419566"><ele>92.297</ele><time>2024-05-22T16:13:32.002Z</time></trkpt><trkpt lat="37.801243" lon="-122.419588"><ele>92.255</ele><time>2024-05-22T16:13:34.002Z</time></trkpt><trkpt lat="37.801310" lon="-122.419601"><ele>92.276</ele><time>2024-05-22T16:13:36.002Z</time></trkpt><trkpt lat="37.801397" lon="-122.419579"><ele>92.296</ele><time>2024-05-22T16:13:38.002Z</time></trkpt><trkpt lat="37.801443" lon="-122.419583"><ele>92.231</ele><time>2024-05-22T16:13:39.002Z</time></trkpt><trkpt lat="37.801508" lon="-122.419597"><ele>92.124</ele><time>2024-05-22T16:13:41.002Z</time></trkpt><trkpt lat="37.801565" lon="-122.419617"><ele>92.009</ele><time>2024-05-22T16:13:42.002Z</time></trkpt><trkpt lat="37.801627" lon="-122.419626"><ele>92.030</ele><time>2024-05-22T16:13:44.002Z</time></trkpt><trkpt lat="37.801691" lon="-122.419638"><ele>92.136</ele><time>2024-05-22T16:13:46.002Z</time></trkpt><trkpt lat="37.801737" lon="-122.419593"><ele>92.360</ele><time>2024-05-22T16:13:48.002Z</time></trkpt><trkpt lat="37.801800" lon="-122.419590"><ele>92.325</ele><time>2024-05-22T16:13:49.002Z</time></trkpt><trkpt lat="37.801846" lon="-122.419574"><ele>92.313</ele><time>2024-05-22T16:13:50.002Z</time></trkpt><trkpt lat="37.801903" lon="-122.419575"><ele>92.114</ele><time>2024-05-22T16:13:52.002Z</time></trkpt><trkpt lat="37.801955" lon="-122.419556"><ele>90.945</ele><time>2024-05-22T16:13:54.002Z</time></trkpt><trkpt lat="37.802000" lon="-122.419530"><ele>89.373</ele><time>2024-05-22T16:13:58.002Z</time></trkpt><trkpt lat="37.802023" lon="-122.419478"><ele>88.644</ele><time>2024-05-22T16:14:01.002Z</time></trkpt><trkpt lat="37.802010" lon="-122.419404"><ele>86.665</ele><time>2024-05-22T16:14:04.002Z</time></trkpt><trkpt lat="37.801974" lon="-122.419342"><ele>84.568</ele><time>2024-05-22T16:14:08.002Z</time></trkpt><trkpt lat="37.801953" lon="-122.419284"><ele>83.814</ele><time>2024-05-22T16:14:10.002Z</time></trkpt><trkpt lat="37.801986" lon="-122.419219"><ele>82.309</ele><time>2024-05-22T16:14:13.002Z</time></trkpt><trkpt lat="37.802027" lon="-122.419189"><ele>81.597</ele><time>2024-05-22T16:14:15.002Z</time></trkpt><trkpt lat="37.802072" lon="-122.419173"><ele>80.783</ele><time>2024-05-22T16:14:17.002Z</time></trkpt><trkpt lat="37.802101" lon="-122.419112"><ele>79.457</ele><time>2024-05-22T16:14:20.002Z</time></trkpt><trkpt lat="37.802097" lon="-122.419050"><ele>78.882</ele><time>2024-05-22T16:14:22.002Z</time></trkpt><trkpt lat="37.802070" lon="-122.419004"><ele>77.520</ele><time>2024-05-22T16:14:25.002Z</time></trkpt><trkpt lat="37.802039" lon="-122.418936"><ele>76.051</ele><time>2024-05-22T16:14:29.002Z</time></trkpt><trkpt lat="37.802064" lon="-122.418884"><ele>74.992</ele><time>2024-05-22T16:14:32.002Z</time></trkpt><trkpt lat="37.802115" lon="-122.418845"><ele>73.520</ele><time>2024-05-22T16:14:35.002Z</time></trkpt><trkpt lat="37.802137" lon="-122.418779"><ele>72.171</ele><time>2024-05-22T16:14:39.002Z</time></trkpt><trkpt lat="37.802118" lon="-122.418727"><ele>71.448</ele><time>2024-05-22T16:14:42.002Z</time></trkpt><trkpt lat="37.802076" lon="-122.418675"><ele>70.661</ele><time>2024-05-22T16:14:45.002Z</time></trkpt><trkpt lat="37.802059" lon="-122.418620"><ele>69.117</ele><time>2024-05-22T16:14:47.002Z</time></trkpt><trkpt lat="37.802065" lon="-122.418564"><ele>67.409</ele><time>2024-05-22T16:14:49.002Z</time></trkpt><trkpt lat="37.802127" lon="-122.418542"><ele>66.035</ele><time>2024-05-22T16:14:52.002Z</time></trkpt><trkpt lat="37.802158" lon="-122.418497"><ele>64.911</ele><time>2024-05-22T16:14:55.002Z</time></trkpt><trkpt lat="37.802158" lon="-122.418422"><ele>63.555</ele><time>2024-05-22T16:14:58.002Z</time></trkpt><trkpt lat="37.802137" lon="-122.418371"><ele>62.430</ele><time>2024-05-22T16:15:00.002Z</time></trkpt><trkpt lat="37.802103" lon="-122.418306"><ele>60.548</ele><time>2024-05-22T16:15:03.002Z</time></trkpt><trkpt lat="37.802123" lon="-122.418234"><ele>60.169</ele><time>2024-05-22T16:15:06.002Z</time></trkpt><trkpt lat="37.802171" lon="-122.418193"><ele>58.360</ele><time>2024-05-22T16:15:09.002Z</time></trkpt><trkpt lat="37.802211" lon="-122.418141"><ele>56.818</ele><time>2024-05-22T16:15:13.002Z</time></trkpt><trkpt lat="37.802248" lon="-122.418079"><ele>56.439</ele><time>2024-05-22T16:15:15.002Z</time></trkpt><trkpt lat="37.802246" lon="-122.418013"><ele>56.463</ele><time>2024-05-22T16:15:17.002Z</time></trkpt><trkpt lat="37.802200" lon="-122.418013"><ele>55.544</ele><time>2024-05-22T16:15:30.002Z</time></trkpt><trkpt lat="37.802258" lon="-122.418056"><ele>55.318</ele><time>2024-05-22T16:15:41.002Z</time></trkpt><trkpt lat="37.802316" lon="-122.418044"><ele>54.609</ele><time>2024-05-22T16:15:43.002Z</time></trkpt><trkpt lat="37.802393" lon="-122.418051"><ele>54.097</ele><time>2024-05-22T16:15:45.002Z</time></trkpt><trkpt lat="37.802468" lon="-122.418087"><ele>53.973</ele><time>2024-05-22T16:15:46.002Z</time></trkpt><trkpt lat="37.802536" lon="-122.418104"><ele>53.717</ele><time>2024-05-22T16:15:47.002Z</time></trkpt><trkpt lat="37.802585" lon="-122.418123"><ele>53.342</ele><time>2024-05-22T16:15:48.002Z</time></trkpt><trkpt lat="37.802630" lon="-122.418144"><ele>53.340</ele><time>2024-05-22T16:15:49.002Z</time></trkpt><trkpt lat="37.802675" lon="-122.418156"><ele>53.381</ele><time>2024-05-22T16:15:50.002Z</time></trkpt><trkpt lat="37.802724" lon="-122.418157"><ele>53.122</ele><time>2024-05-22T16:15:51.002Z</time></trkpt><trkpt lat="37.802782" lon="-122.418162"><ele>52.380</ele><time>2024-05-22T16:15:52.002Z</time></trkpt><trkpt lat="37.802830" lon="-122.418170"><ele>51.141</ele><time>2024-05-22T16:15:53.002Z</time></trkpt><trkpt lat="37.802877" lon="-122.418174"><ele>50.217</ele><time>2024-05-22T16:15:54.002Z</time></trkpt><trkpt lat="37.802946" lon="-122.418189"><ele>49.487</ele><time>2024-05-22T16:15:56.002Z</time></trkpt><trkpt lat="37.803009" lon="-122.418228"><ele>48.915</ele><time>2024-05-22T16:15:58.002Z</time></trkpt><trkpt lat="37.803054" lon="-122.418234"><ele>47.709</ele><time>2024-05-22T16:16:03.002Z</time></trkpt><trkpt lat="37.803090" lon="-122.418274"><ele>47.762</ele><time>2024-05-22T16:16:07.002Z</time></trkpt><trkpt lat="37.803072" lon="-122.418375"><ele>47.768</ele><time>2024-05-22T16:16:09.002Z</time></trkpt><trkpt lat="37.803064" lon="-122.418441"><ele>48.472</ele><time>2024-05-22T16:16:10.002Z</time></trkpt><trkpt lat="37.803067" lon="-122.418545"><ele>51.497</ele><time>2024-05-22T16:16:11.002Z</time></trkpt><trkpt lat="37.803075" lon="-122.418678"><ele>52.575</ele><time>2024-05-22T16:16:12.002Z</time></trkpt><trkpt lat="37.803085" lon="-122.418779"><ele>52.986</ele><time>2024-05-22T16:16:13.002Z</time></trkpt><trkpt lat="37.803085" lon="-122.418867"><ele>54.187</ele><time>2024-05-22T16:16:14.002Z</time></trkpt><trkpt lat="37.803050" lon="-122.418962"><ele>55.545</ele><time>2024-05-22T16:16:15.002Z</time></trkpt><trkpt lat="37.803032" lon="-122.419035"><ele>56.666</ele><time>2024-05-22T16:16:16.002Z</time></trkpt><trkpt lat="37.803012" lon="-122.419113"><ele>58.176</ele><time>2024-05-22T16:16:17.002Z</time></trkpt><trkpt lat="37.802991" lon="-122.419197"><ele>59.890</ele><time>2024-05-22T16:16:18.002Z</time></trkpt><trkpt lat="37.802979" lon="-122.419287"><ele>60.819</ele><time>2024-05-22T16:16:19.002Z</time></trkpt><trkpt lat="37.802964" lon="-122.419370"><ele>62.609</ele><time>2024-05-22T16:16:20.002Z</time></trkpt><trkpt lat="37.802958" lon="-122.419443"><ele>63.498</ele><time>2024-05-22T16:16:21.002Z</time></trkpt><trkpt lat="37.802954" lon="-122.419519"><ele>64.914</ele><time>2024-05-22T16:16:22.002Z</time></trkpt><trkpt lat="37.802973" lon="-122.419598"><ele>66.518</ele><time>2024-05-22T16:16:23.002Z</time></trkpt><trkpt lat="37.802927" lon="-122.419653"><ele>68.783</ele><time>2024-05-22T16:16:24.002Z</time></trkpt><trkpt lat="37.802916" lon="-122.419722"><ele>69.861</ele><time>2024-05-22T16:16:26.002Z</time></trkpt><trkpt lat="37.802914" lon="-122.419784"><ele>70.562</ele><time>2024-05-22T16:16:29.002Z</time></trkpt><trkpt lat="37.802920" lon="-122.419857"><ele>70.863</ele><time>2024-05-22T16:16:32.002Z</time></trkpt><trkpt lat="37.802938" lon="-122.419918"><ele>70.951</ele><time>2024-05-22T16:16:42.002Z</time></trkpt><trkpt lat="37.802947" lon="-122.420011"><ele>71.032</ele><time>2024-05-22T16:16:49.002Z</time></trkpt><trkpt lat="37.802913" lon="-122.420110"><ele>71.383</ele><time>2024-05-22T16:16:51.002Z</time></trkpt><trkpt lat="37.802906" lon="-122.420168"><ele>71.325</ele><time>2024-05-22T16:16:52.002Z</time></trkpt><trkpt lat="37.802897" lon="-122.420239"><ele>71.817</ele><time>2024-05-22T16:16:53.002Z</time></trkpt><trkpt lat="37.802902" lon="-122.420324"><ele>71.809</ele><time>2024-05-22T16:16:54.002Z</time></trkpt><trkpt lat="37.802896" lon="-122.420397"><ele>71.959</ele><time>2024-05-22T16:16:55.002Z</time></trkpt><trkpt lat="37.802876" lon="-122.420470"><ele>71.935</ele><time>2024-05-22T16:16:56.002Z</time></trkpt><trkpt lat="37.802861" lon="-122.420555"><ele>72.029</ele><time>2024-05-22T16:16:57.002Z</time></trkpt><trkpt lat="37.802848" lon="-122.420645"><ele>72.174</ele><time>2024-05-22T16:16:58.002Z</time></trkpt><trkpt lat="37.802836" lon="-122.420733"><ele>72.322</ele><time>2024-05-22T16:16:59.002Z</time></trkpt><trkpt lat="37.802831" lon="-122.420817"><ele>72.433</ele><time>2024-05-22T16:17:00.002Z</time></trkpt><trkpt lat="37.802828" lon="-122.420908"><ele>72.484</ele><time>2024-05-22T16:17:01.002Z</time></trkpt><trkpt lat="37.802801" lon="-122.421008"><ele>72.072</ele><time>2024-05-22T16:17:02.002Z</time></trkpt><trkpt lat="37.802794" lon="-122.421089"><ele>71.643</ele><time>2024-05-22T16:17:03.002Z</time></trkpt><trkpt lat="37.802783" lon="-122.421153"><ele>71.387</ele><time>2024-05-22T16:17:04.002Z</time></trkpt><trkpt lat="37.802781" lon="-122.421230"><ele>71.142</ele><time>2024-05-22T16:17:05.002Z</time></trkpt><trkpt lat="37.802774" lon="-122.421297"><ele>70.826</ele><time>2024-05-22T16:17:06.002Z</time></trkpt><trkpt lat="37.802773" lon="-122.421379"><ele>70.509</ele><time>2024-05-22T16:17:08.002Z</time></trkpt><trkpt lat="37.802802" lon="-122.421454"><ele>70.429</ele><time>2024-05-22T16:17:11.002Z</time></trkpt><trkpt lat="37.802854" lon="-122.421443"><ele>70.245</ele><time>2024-05-22T16:17:13.002Z</time></trkpt><trkpt lat="37.802912" lon="-122.421482"><ele>69.839</ele><time>2024-05-22T16:17:15.002Z</time></trkpt><trkpt lat="37.803001" lon="-122.421523"><ele>68.964</ele><time>2024-05-22T16:17:17.002Z</time></trkpt><trkpt lat="37.803046" lon="-122.421545"><ele>68.542</ele><time>2024-05-22T16:17:18.002Z</time></trkpt><trkpt lat="37.803093" lon="-122.421564"><ele>66.853</ele><time>2024-05-22T16:17:19.002Z</time></trkpt><trkpt lat="37.803140" lon="-122.421568"><ele>66.474</ele><time>2024-05-22T16:17:20.002Z</time></trkpt><trkpt lat="37.803192" lon="-122.421572"><ele>65.762</ele><time>2024-05-22T16:17:21.002Z</time></trkpt><trkpt lat="37.803249" lon="-122.421583"><ele>65.213</ele><time>2024-05-22T16:17:22.002Z</time></trkpt><trkpt lat="37.803304" lon="-122.421595"><ele>64.476</ele><time>2024-05-22T16:17:23.002Z</time></trkpt><trkpt lat="37.803400" lon="-122.421632"><ele>62.790</ele><time>2024-05-22T16:17:25.002Z</time></trkpt><trkpt lat="37.803455" lon="-122.421657"><ele>61.119</ele><time>2024-05-22T16:17:26.002Z</time></trkpt><trkpt lat="37.803496" lon="-122.421695"><ele>60.109</ele><time>2024-05-22T16:17:27.002Z</time></trkpt><trkpt lat="37.803540" lon="-122.421806"><ele>58.838</ele><time>2024-05-22T16:17:29.002Z</time></trkpt><trkpt lat="37.803548" lon="-122.421876"><ele>58.294</ele><time>2024-05-22T16:17:30.002Z</time></trkpt><trkpt lat="37.803553" lon="-122.421956"><ele>56.458</ele><time>2024-05-22T16:17:31.002Z</time></trkpt><trkpt lat="37.803546" lon="-122.422018"><ele>54.693</ele><time>2024-05-22T16:17:32.002Z</time></trkpt><trkpt lat="37.803534" lon="-122.422098"><ele>53.931</ele><time>2024-05-22T16:17:33.002Z</time></trkpt><trkpt lat="37.803519" lon="-122.422170"><ele>52.292</ele><time>2024-05-22T16:17:34.002Z</time></trkpt><trkpt lat="37.803515" lon="-122.422260"><ele>52.163</ele><time>2024-05-22T16:17:35.002Z</time></trkpt><trkpt lat="37.803521" lon="-122.422329"><ele>50.351</ele><time>2024-05-22T16:17:36.002Z</time></trkpt><trkpt lat="37.803504" lon="-122.422411"><ele>48.672</ele><time>2024-05-22T16:17:37.002Z</time></trkpt><trkpt lat="37.803503" lon="-122.422493"><ele>48.283</ele><time>2024-05-22T16:17:38.002Z</time></trkpt><trkpt lat="37.803487" lon="-122.422572"><ele>47.625</ele><time>2024-05-22T16:17:39.002Z</time></trkpt><trkpt lat="37.803475" lon="-122.422649"><ele>46.717</ele><time>2024-05-22T16:17:40.002Z</time></trkpt><trkpt lat="37.803468" lon="-122.422726"><ele>45.509</ele><time>2024-05-22T16:17:41.002Z</time></trkpt><trkpt lat="37.803467" lon="-122.422798"><ele>44.749</ele><time>2024-05-22T16:17:42.002Z</time></trkpt><trkpt lat="37.803459" lon="-122.422872"><ele>43.365</ele><time>2024-05-22T16:17:43.002Z</time></trkpt><trkpt lat="37.803458" lon="-122.422930"><ele>42.449</ele><time>2024-05-22T16:17:44.002Z</time></trkpt><trkpt lat="37.803442" lon="-122.423043"><ele>41.864</ele><time>2024-05-22T16:17:46.002Z</time></trkpt><trkpt lat="37.803434" lon="-122.423144"><ele>39.442</ele><time>2024-05-22T16:17:48.002Z</time></trkpt><trkpt lat="37.803428" lon="-122.423205"><ele>38.143</ele><time>2024-05-22T16:17:50.002Z</time></trkpt><trkpt lat="37.803436" lon="-122.423309"><ele>37.064</ele><time>2024-05-22T16:17:56.002Z</time></trkpt><trkpt lat="37.803418" lon="-122.423437"><ele>36.692</ele><time>2024-05-22T16:17:58.002Z</time></trkpt><trkpt lat="37.803412" lon="-122.423501"><ele>36.553</ele><time>2024-05-22T16:17:59.002Z</time></trkpt><trkpt lat="37.803407" lon="-122.423580"><ele>35.912</ele><time>2024-05-22T16:18:00.002Z</time></trkpt><trkpt lat="37.803419" lon="-122.423650"><ele>35.232</ele><time>2024-05-22T16:18:01.002Z</time></trkpt><trkpt lat="37.803410" lon="-122.423729"><ele>35.105</ele><time>2024-05-22T16:18:02.002Z</time></trkpt><trkpt lat="37.803391" lon="-122.423808"><ele>34.509</ele><time>2024-05-22T16:18:03.002Z</time></trkpt><trkpt lat="37.803380" lon="-122.423891"><ele>33.832</ele><time>2024-05-22T16:18:04.002Z</time></trkpt><trkpt lat="37.803378" lon="-122.423962"><ele>33.588</ele><time>2024-05-22T16:18:05.002Z</time></trkpt><trkpt lat="37.803367" lon="-122.424021"><ele>33.042</ele><time>2024-05-22T16:18:06.002Z</time></trkpt><trkpt lat="37.803358" lon="-122.424099"><ele>32.737</ele><time>2024-05-22T16:18:07.002Z</time></trkpt><trkpt lat="37.803341" lon="-122.424176"><ele>32.185</ele><time>2024-05-22T16:18:08.002Z</time></trkpt><trkpt lat="37.803331" lon="-122.424236"><ele>32.056</ele><time>2024-05-22T16:18:09.002Z</time></trkpt><trkpt lat="37.803326" lon="-122.424293"><ele>31.877</ele><time>2024-05-22T16:18:10.002Z</time></trkpt><trkpt lat="37.803317" lon="-122.424356"><ele>31.395</ele><time>2024-05-22T16:18:11.002Z</time></trkpt><trkpt lat="37.803307" lon="-122.424418"><ele>30.646</ele><time>2024-05-22T16:18:12.002Z</time></trkpt><trkpt lat="37.803286" lon="-122.424483"><ele>30.171</ele><time>2024-05-22T16:18:13.002Z</time></trkpt><trkpt lat="37.803272" lon="-122.424538"><ele>29.941</ele><time>2024-05-22T16:18:14.002Z</time></trkpt><trkpt lat="37.803257" lon="-122.424620"><ele>29.515</ele><time>2024-05-22T16:18:16.002Z</time></trkpt><trkpt lat="37.803247" lon="-122.424696"><ele>29.209</ele><time>2024-05-22T16:18:18.002Z</time></trkpt><trkpt lat="37.803268" lon="-122.424800"><ele>28.948</ele><time>2024-05-22T16:19:11.002Z</time></trkpt><trkpt lat="37.803256" lon="-122.424892"><ele>28.814</ele><time>2024-05-22T16:19:14.002Z</time></trkpt><trkpt lat="37.803249" lon="-122.424956"><ele>29.038</ele><time>2024-05-22T16:19:15.002Z</time></trkpt><trkpt lat="37.803242" lon="-122.425045"><ele>29.223</ele><time>2024-05-22T16:19:16.002Z</time></trkpt><trkpt lat="37.803231" lon="-122.425114"><ele>29.491</ele><time>2024-05-22T16:19:17.002Z</time></trkpt><trkpt lat="37.803218" lon="-122.425174"><ele>29.482</ele><time>2024-05-22T16:19:18.002Z</time></trkpt><trkpt lat="37.803210" lon="-122.425243"><ele>29.483</ele><time>2024-05-22T16:19:19.002Z</time></trkpt><trkpt lat="37.803193" lon="-122.425306"><ele>29.391</ele><time>2024-05-22T16:19:20.002Z</time></trkpt><trkpt lat="37.803188" lon="-122.425396"><ele>29.182</ele><time>2024-05-22T16:19:21.002Z</time></trkpt><trkpt lat="37.803182" lon="-122.425496"><ele>27.891</ele><time>2024-05-22T16:19:22.002Z</time></trkpt><trkpt lat="37.803175" lon="-122.425594"><ele>27.681</ele><time>2024-05-22T16:19:23.002Z</time></trkpt><trkpt lat="37.803149" lon="-122.425694"><ele>27.419</ele><time>2024-05-22T16:19:24.002Z</time></trkpt><trkpt lat="37.803134" lon="-122.425780"><ele>27.109</ele><time>2024-05-22T16:19:25.002Z</time></trkpt><trkpt lat="37.803128" lon="-122.425880"><ele>26.980</ele><time>2024-05-22T16:19:26.002Z</time></trkpt><trkpt lat="37.803125" lon="-122.425957"><ele>26.816</ele><time>2024-05-22T16:19:27.002Z</time></trkpt><trkpt lat="37.803113" lon="-122.426040"><ele>26.420</ele><time>2024-05-22T16:19:28.002Z</time></trkpt><trkpt lat="37.803092" lon="-122.426122"><ele>25.895</ele><time>2024-05-22T16:19:29.002Z</time></trkpt><trkpt lat="37.803086" lon="-122.426199"><ele>25.513</ele><time>2024-05-22T16:19:30.002Z</time></trkpt><trkpt lat="37.803082" lon="-122.426265"><ele>25.574</ele><time>2024-05-22T16:19:31.002Z</time></trkpt><trkpt lat="37.803071" lon="-122.426326"><ele>25.245</ele><time>2024-05-22T16:19:32.002Z</time></trkpt><trkpt lat="37.803056" lon="-122.426382"><ele>25.123</ele><time>2024-05-22T16:19:33.002Z</time></trkpt><trkpt lat="37.803041" lon="-122.426452"><ele>25.044</ele><time>2024-05-22T16:19:35.002Z</time></trkpt><trkpt lat="37.803030" lon="-122.426512"><ele>24.719</ele><time>2024-05-22T16:19:38.002Z</time></trkpt><trkpt lat="37.803020" lon="-122.426629"><ele>24.509</ele><time>2024-05-22T16:19:40.002Z</time></trkpt><trkpt lat="37.803016" lon="-122.426709"><ele>24.519</ele><time>2024-05-22T16:19:41.002Z</time></trkpt><trkpt lat="37.803014" lon="-122.426789"><ele>24.609</ele><time>2024-05-22T16:19:42.002Z</time></trkpt><trkpt lat="37.802997" lon="-122.426863"><ele>24.992</ele><time>2024-05-22T16:19:43.002Z</time></trkpt><trkpt lat="37.802982" lon="-122.426936"><ele>24.678</ele><time>2024-05-22T16:19:44.002Z</time></trkpt><trkpt lat="37.802964" lon="-122.427031"><ele>24.492</ele><time>2024-05-22T16:19:45.002Z</time></trkpt><trkpt lat="37.802950" lon="-122.427132"><ele>24.077</ele><time>2024-05-22T16:19:46.002Z</time></trkpt><trkpt lat="37.802940" lon="-122.427236"><ele>23.775</ele><time>2024-05-22T16:19:47.002Z</time></trkpt><trkpt lat="37.802933" lon="-122.427335"><ele>23.346</ele><time>2024-05-22T16:19:48.002Z</time></trkpt><trkpt lat="37.802924" lon="-122.427436"><ele>23.147</ele><time>2024-05-22T16:19:49.002Z</time></trkpt><trkpt lat="37.802913" lon="-122.427527"><ele>22.515</ele><time>2024-05-22T16:19:50.002Z</time></trkpt><trkpt lat="37.802902" lon="-122.427616"><ele>22.046</ele><time>2024-05-22T16:19:51.002Z</time></trkpt><trkpt lat="37.802889" lon="-122.427698"><ele>21.854</ele><time>2024-05-22T16:19:52.002Z</time></trkpt><trkpt lat="37.802883" lon="-122.427782"><ele>21.656</ele><time>2024-05-22T16:19:53.002Z</time></trkpt><trkpt lat="37.802874" lon="-122.427862"><ele>21.511</ele><time>2024-05-22T16:19:54.002Z</time></trkpt><trkpt lat="37.802870" lon="-122.427937"><ele>21.009</ele><time>2024-05-22T16:19:55.002Z</time></trkpt><trkpt lat="37.802867" lon="-122.428004"><ele>20.726</ele><time>2024-05-22T16:19:56.002Z</time></trkpt><trkpt lat="37.802854" lon="-122.428066"><ele>20.562</ele><time>2024-05-22T16:19:57.002Z</time></trkpt><trkpt lat="37.802844" lon="-122.428150"><ele>20.296</ele><time>2024-05-22T16:19:59.002Z</time></trkpt><trkpt lat="37.802837" lon="-122.428209"><ele>20.171</ele><time>2024-05-22T16:20:01.002Z</time></trkpt><trkpt lat="37.802818" lon="-122.428324"><ele>20.149</ele><time>2024-05-22T16:20:03.002Z</time></trkpt><trkpt lat="37.802806" lon="-122.428395"><ele>20.180</ele><time>2024-05-22T16:20:04.002Z</time></trkpt><trkpt lat="37.802791" lon="-122.428471"><ele>20.231</ele><time>2024-05-22T16:20:05.002Z</time></trkpt><trkpt lat="37.802777" lon="-122.428566"><ele>20.439</ele><time>2024-05-22T16:20:06.002Z</time></trkpt><trkpt lat="37.802770" lon="-122.428662"><ele>20.760</ele><time>2024-05-22T16:20:07.002Z</time></trkpt><trkpt lat="37.802752" lon="-122.428765"><ele>20.742</ele><time>2024-05-22T16:20:08.002Z</time></trkpt><trkpt lat="37.802742" lon="-122.428872"><ele>20.922</ele><time>2024-05-22T16:20:09.002Z</time></trkpt><trkpt lat="37.802732" lon="-122.428986"><ele>20.514</ele><time>2024-05-22T16:20:10.002Z</time></trkpt><trkpt lat="37.802715" lon="-122.429090"><ele>19.809</ele><time>2024-05-22T16:20:11.002Z</time></trkpt><trkpt lat="37.802698" lon="-122.429188"><ele>20.075</ele><time>2024-05-22T16:20:12.002Z</time></trkpt><trkpt lat="37.802689" lon="-122.429281"><ele>19.681</ele><time>2024-05-22T16:20:13.002Z</time></trkpt><trkpt lat="37.802676" lon="-122.429372"><ele>19.655</ele><time>2024-05-22T16:20:14.002Z</time></trkpt><trkpt lat="37.802670" lon="-122.429455"><ele>19.690</ele><time>2024-05-22T16:20:15.002Z</time></trkpt><trkpt lat="37.802667" lon="-122.429532"><ele>19.078</ele><time>2024-05-22T16:20:16.002Z</time></trkpt><trkpt lat="37.802652" lon="-122.429607"><ele>18.599</ele><time>2024-05-22T16:20:17.002Z</time></trkpt><trkpt lat="37.802649" lon="-122.429675"><ele>18.410</ele><time>2024-05-22T16:20:18.002Z</time></trkpt><trkpt lat="37.802640" lon="-122.429770"><ele>17.878</ele><time>2024-05-22T16:20:20.002Z</time></trkpt><trkpt lat="37.802648" lon="-122.429862"><ele>17.569</ele><time>2024-05-22T16:20:22.002Z</time></trkpt><trkpt lat="37.802690" lon="-122.429917"><ele>17.585</ele><time>2024-05-22T16:20:23.002Z</time></trkpt><trkpt lat="37.802743" lon="-122.429941"><ele>17.589</ele><time>2024-05-22T16:20:24.002Z</time></trkpt><trkpt lat="37.802795" lon="-122.429933"><ele>17.717</ele><time>2024-05-22T16:20:25.002Z</time></trkpt><trkpt lat="37.802853" lon="-122.429906"><ele>17.809</ele><time>2024-05-22T16:20:26.002Z</time></trkpt><trkpt lat="37.802916" lon="-122.429920"><ele>17.869</ele><time>2024-05-22T16:20:27.002Z</time></trkpt><trkpt lat="37.802950" lon="-122.429966"><ele>17.995</ele><time>2024-05-22T16:20:28.002Z</time></trkpt><trkpt lat="37.802999" lon="-122.429985"><ele>17.999</ele><time>2024-05-22T16:20:29.002Z</time></trkpt><trkpt lat="37.803045" lon="-122.429998"><ele>17.834</ele><time>2024-05-22T16:20:30.002Z</time></trkpt><trkpt lat="37.803105" lon="-122.430014"><ele>17.422</ele><time>2024-05-22T16:20:32.002Z</time></trkpt><trkpt lat="37.803169" lon="-122.430039"><ele>17.493</ele><time>2024-05-22T16:20:34.002Z</time></trkpt><trkpt lat="37.803230" lon="-122.430051"><ele>17.454</ele><time>2024-05-22T16:20:36.002Z</time></trkpt><trkpt lat="37.803278" lon="-122.430059"><ele>17.612</ele><time>2024-05-22T16:20:38.002Z</time></trkpt><trkpt lat="37.803332" lon="-122.430074"><ele>17.673</ele><time>2024-05-22T16:20:40.002Z</time></trkpt><trkpt lat="37.803377" lon="-122.430091"><ele>17.718</ele><time>2024-05-22T16:20:42.002Z</time></trkpt><trkpt lat="37.803430" lon="-122.430064"><ele>17.798</ele><time>2024-05-22T16:20:59.002Z</time></trkpt><trkpt lat="37.803489" lon="-122.430113"><ele>18.017</ele><time>2024-05-22T16:21:01.002Z</time></trkpt><trkpt lat="37.803523" lon="-122.430222"><ele>18.809</ele><time>2024-05-22T16:21:03.002Z</time></trkpt><trkpt lat="37.803531" lon="-122.430293"><ele>18.842</ele><time>2024-05-22T16:21:04.002Z</time></trkpt><trkpt lat="37.803530" lon="-122.430353"><ele>18.848</ele><time>2024-05-22T16:21:05.002Z</time></trkpt><trkpt lat="37.803518" lon="-122.430424"><ele>18.242</ele><time>2024-05-22T16:21:06.002Z</time></trkpt><trkpt lat="37.803513" lon="-122.430498"><ele>17.667</ele><time>2024-05-22T16:21:07.002Z</time></trkpt><trkpt lat="37.803500" lon="-122.430593"><ele>17.495</ele><time>2024-05-22T16:21:08.002Z</time></trkpt><trkpt lat="37.803494" lon="-122.430670"><ele>17.046</ele><time>2024-05-22T16:21:09.002Z</time></trkpt><trkpt lat="37.803487" lon="-122.430746"><ele>17.067</ele><time>2024-05-22T16:21:10.002Z</time></trkpt><trkpt lat="37.803491" lon="-122.430812"><ele>16.395</ele><time>2024-05-22T16:21:11.002Z</time></trkpt><trkpt lat="37.803469" lon="-122.430889"><ele>16.246</ele><time>2024-05-22T16:21:12.002Z</time></trkpt><trkpt lat="37.803464" lon="-122.430955"><ele>16.191</ele><time>2024-05-22T16:21:13.002Z</time></trkpt><trkpt lat="37.803457" lon="-122.431022"><ele>15.781</ele><time>2024-05-22T16:21:14.002Z</time></trkpt><trkpt lat="37.803453" lon="-122.431083"><ele>15.619</ele><time>2024-05-22T16:21:15.002Z</time></trkpt><trkpt lat="37.803443" lon="-122.431187"><ele>15.609</ele><time>2024-05-22T16:21:17.002Z</time></trkpt><trkpt lat="37.803425" lon="-122.431248"><ele>15.340</ele><time>2024-05-22T16:21:19.002Z</time></trkpt><trkpt lat="37.803418" lon="-122.431336"><ele>14.976</ele><time>2024-05-22T16:21:23.002Z</time></trkpt><trkpt lat="37.803399" lon="-122.431443"><ele>14.760</ele><time>2024-05-22T16:21:25.002Z</time></trkpt><trkpt lat="37.803384" lon="-122.431500"><ele>14.635</ele><time>2024-05-22T16:21:26.002Z</time></trkpt><trkpt lat="37.803379" lon="-122.431571"><ele>14.563</ele><time>2024-05-22T16:21:27.002Z</time></trkpt><trkpt lat="37.803426" lon="-122.431683"><ele>14.164</ele><time>2024-05-22T16:21:29.002Z</time></trkpt><trkpt lat="37.803528" lon="-122.431737"><ele>13.855</ele><time>2024-05-22T16:21:31.002Z</time></trkpt><trkpt lat="37.803596" lon="-122.431744"><ele>13.443</ele><time>2024-05-22T16:21:32.002Z</time></trkpt><trkpt lat="37.803672" lon="-122.431747"><ele>13.074</ele><time>2024-05-22T16:21:33.002Z</time></trkpt><trkpt lat="37.803752" lon="-122.431769"><ele>12.412</ele><time>2024-05-22T16:21:34.002Z</time></trkpt><trkpt lat="37.803822" lon="-122.431781"><ele>12.232</ele><time>2024-05-22T16:21:35.002Z</time></trkpt><trkpt lat="37.803893" lon="-122.431803"><ele>11.905</ele><time>2024-05-22T16:21:36.002Z</time></trkpt><trkpt lat="37.803967" lon="-122.431814"><ele>11.309</ele><time>2024-05-22T16:21:37.002Z</time></trkpt><trkpt lat="37.804040" lon="-122.431843"><ele>10.982</ele><time>2024-05-22T16:21:38.002Z</time></trkpt><trkpt lat="37.804119" lon="-122.431828"><ele>10.778</ele><time>2024-05-22T16:21:39.002Z</time></trkpt><trkpt lat="37.804197" lon="-122.431844"><ele>10.392</ele><time>2024-05-22T16:21:40.002Z</time></trkpt><trkpt lat="37.804271" lon="-122.431859"><ele>10.067</ele><time>2024-05-22T16:21:41.002Z</time></trkpt><trkpt lat="37.804331" lon="-122.431871"><ele>9.955</ele><time>2024-05-22T16:21:42.002Z</time></trkpt><trkpt lat="37.804392" lon="-122.431925"><ele>9.986</ele><time>2024-05-22T16:21:43.002Z</time></trkpt><trkpt lat="37.804447" lon="-122.431935"><ele>9.817</ele><time>2024-05-22T16:21:44.002Z</time></trkpt><trkpt lat="37.804502" lon="-122.431941"><ele>9.815</ele><time>2024-05-22T16:21:45.002Z</time></trkpt><trkpt lat="37.804562" lon="-122.431955"><ele>9.836</ele><time>2024-05-22T16:21:46.002Z</time></trkpt><trkpt lat="37.804618" lon="-122.431978"><ele>9.795</ele><time>2024-05-22T16:21:47.002Z</time></trkpt><trkpt lat="37.804668" lon="-122.431990"><ele>9.649</ele><time>2024-05-22T16:21:48.002Z</time></trkpt><trkpt lat="37.804726" lon="-122.431998"><ele>9.523</ele><time>2024-05-22T16:21:49.002Z</time></trkpt><trkpt lat="37.804786" lon="-122.432005"><ele>9.409</ele><time>2024-05-22T16:21:50.002Z</time></trkpt><trkpt lat="37.804860" lon="-122.431977"><ele>9.410</ele><time>2024-05-22T16:21:51.002Z</time></trkpt><trkpt lat="37.804932" lon="-122.431992"><ele>9.336</ele><time>2024-05-22T16:21:52.002Z</time></trkpt><trkpt lat="37.804985" lon="-122.432002"><ele>9.130</ele><time>2024-05-22T16:21:53.002Z</time></trkpt><trkpt lat="37.805042" lon="-122.432013"><ele>9.025</ele><time>2024-05-22T16:21:54.002Z</time></trkpt><trkpt lat="37.805094" lon="-122.432025"><ele>8.663</ele><time>2024-05-22T16:21:55.002Z</time></trkpt><trkpt lat="37.805180" lon="-122.432052"><ele>8.494</ele><time>2024-05-22T16:21:57.002Z</time></trkpt><trkpt lat="37.805226" lon="-122.432106"><ele>8.255</ele><time>2024-05-22T16:21:59.002Z</time></trkpt><trkpt lat="37.805232" lon="-122.432168"><ele>8.113</ele><time>2024-05-22T16:22:01.002Z</time></trkpt><trkpt lat="37.805234" lon="-122.432256"><ele>8.094</ele><time>2024-05-22T16:22:03.002Z</time></trkpt><trkpt lat="37.805222" lon="-122.432394"><ele>7.975</ele><time>2024-05-22T16:22:05.002Z</time></trkpt><trkpt lat="37.805209" lon="-122.432463"><ele>7.928</ele><time>2024-05-22T16:22:06.002Z</time></trkpt><trkpt lat="37.805200" lon="-122.432537"><ele>7.820</ele><time>2024-05-22T16:22:07.002Z</time></trkpt><trkpt lat="37.805196" lon="-122.432607"><ele>7.509</ele><time>2024-05-22T16:22:08.002Z</time></trkpt><trkpt lat="37.805191" lon="-122.432670"><ele>7.538</ele><time>2024-05-22T16:22:09.002Z</time></trkpt><trkpt lat="37.805173" lon="-122.432778"><ele>7.284</ele><time>2024-05-22T16:22:11.002Z</time></trkpt><trkpt lat="37.805159" lon="-122.432877"><ele>7.298</ele><time>2024-05-22T16:22:13.002Z</time></trkpt><trkpt lat="37.805139" lon="-122.432975"><ele>7.293</ele><time>2024-05-22T16:22:15.002Z</time></trkpt><trkpt lat="37.805131" lon="-122.433033"><ele>6.981</ele><time>2024-05-22T16:22:16.002Z</time></trkpt><trkpt lat="37.805112" lon="-122.433142"><ele>6.992</ele><time>2024-05-22T16:22:18.002Z</time></trkpt><trkpt lat="37.805098" lon="-122.433248"><ele>6.783</ele><time>2024-05-22T16:22:20.002Z</time></trkpt><trkpt lat="37.805086" lon="-122.433341"><ele>6.391</ele><time>2024-05-22T16:22:22.002Z</time></trkpt><trkpt lat="37.805089" lon="-122.433399"><ele>6.052</ele><time>2024-05-22T16:22:24.002Z</time></trkpt><trkpt lat="37.805076" lon="-122.433467"><ele>5.924</ele><time>2024-05-22T16:22:27.002Z</time></trkpt><trkpt lat="37.805059" lon="-122.433538"><ele>5.904</ele><time>2024-05-22T16:22:36.002Z</time></trkpt><trkpt lat="37.805044" lon="-122.433654"><ele>5.914</ele><time>2024-05-22T16:22:38.002Z</time></trkpt><trkpt lat="37.805045" lon="-122.433737"><ele>5.909</ele><time>2024-05-22T16:22:39.002Z</time></trkpt><trkpt lat="37.805056" lon="-122.433813"><ele>5.953</ele><time>2024-05-22T16:22:40.002Z</time></trkpt><trkpt lat="37.805081" lon="-122.433876"><ele>5.989</ele><time>2024-05-22T16:22:41.002Z</time></trkpt><trkpt lat="37.805121" lon="-122.433942"><ele>5.913</ele><time>2024-05-22T16:22:42.002Z</time></trkpt><trkpt lat="37.805154" lon="-122.434027"><ele>5.978</ele><time>2024-05-22T16:22:43.002Z</time></trkpt><trkpt lat="37.805217" lon="-122.434081"><ele>5.556</ele><time>2024-05-22T16:22:44.002Z</time></trkpt><trkpt lat="37.805253" lon="-122.434162"><ele>5.577</ele><time>2024-05-22T16:22:45.002Z</time></trkpt><trkpt lat="37.805305" lon="-122.434241"><ele>5.438</ele><time>2024-05-22T16:22:46.002Z</time></trkpt><trkpt lat="37.805359" lon="-122.434329"><ele>5.496</ele><time>2024-05-22T16:22:47.002Z</time></trkpt><trkpt lat="37.805406" lon="-122.434409"><ele>5.377</ele><time>2024-05-22T16:22:48.002Z</time></trkpt><trkpt lat="37.805464" lon="-122.434476"><ele>4.978</ele><time>2024-05-22T16:22:49.002Z</time></trkpt><trkpt lat="37.805509" lon="-122.434547"><ele>4.633</ele><time>2024-05-22T16:22:50.002Z</time></trkpt><trkpt lat="37.805554" lon="-122.434617"><ele>4.426</ele><time>2024-05-22T16:22:51.002Z</time></trkpt><trkpt lat="37.805599" lon="-122.434687"><ele>4.009</ele><time>2024-05-22T16:22:52.002Z</time></trkpt><trkpt lat="37.805636" lon="-122.434744"><ele>4.058</ele><time>2024-05-22T16:22:53.002Z</time></trkpt><trkpt lat="37.805672" lon="-122.434800"><ele>3.874</ele><time>2024-05-22T16:22:54.002Z</time></trkpt><trkpt lat="37.805708" lon="-122.434856"><ele>3.858</ele><time>2024-05-22T16:22:55.002Z</time></trkpt><trkpt lat="37.805741" lon="-122.434908"><ele>3.833</ele><time>2024-05-22T16:22:56.002Z</time></trkpt><trkpt lat="37.805772" lon="-122.434957"><ele>3.731</ele><time>2024-05-22T16:22:57.002Z</time></trkpt><trkpt lat="37.805819" lon="-122.435032"><ele>3.432</ele><time>2024-05-22T16:22:59.002Z</time></trkpt><trkpt lat="37.805862" lon="-122.435100"><ele>3.493</ele><time>2024-05-22T16:23:01.002Z</time></trkpt><trkpt lat="37.805903" lon="-122.435165"><ele>3.781</ele><time>2024-05-22T16:23:03.002Z</time></trkpt><trkpt lat="37.805939" lon="-122.435221"><ele>3.752</ele><time>2024-05-22T16:23:05.002Z</time></trkpt><trkpt lat="37.805968" lon="-122.435267"><ele>3.813</ele><time>2024-05-22T16:23:07.002Z</time></trkpt><trkpt lat="37.805962" lon="-122.435325"><ele>4.143</ele><time>2024-05-22T16:23:10.002Z</time></trkpt><trkpt lat="37.806010" lon="-122.435415"><ele>4.107</ele><time>2024-05-22T16:23:15.002Z</time></trkpt><trkpt lat="37.806046" lon="-122.435468"><ele>4.309</ele><time>2024-05-22T16:23:16.002Z</time></trkpt><trkpt lat="37.806086" lon="-122.435533"><ele>4.812</ele><time>2024-05-22T16:23:17.002Z</time></trkpt><trkpt lat="37.806127" lon="-122.435596"><ele>4.888</ele><time>2024-05-22T16:23:18.002Z</time></trkpt><trkpt lat="37.806201" lon="-122.435631"><ele>4.832</ele><time>2024-05-22T16:23:19.002Z</time></trkpt><trkpt lat="37.806247" lon="-122.435703"><ele>4.877</ele><time>2024-05-22T16:23:20.002Z</time></trkpt><trkpt lat="37.806301" lon="-122.435787"><ele>4.895</ele><time>2024-05-22T16:23:21.002Z</time></trkpt><trkpt lat="37.806356" lon="-122.435872"><ele>4.826</ele><time>2024-05-22T16:23:22.002Z</time></trkpt><trkpt lat="37.806406" lon="-122.435956"><ele>4.857</ele><time>2024-05-22T16:23:23.002Z</time></trkpt><trkpt lat="37.806455" lon="-122.436055"><ele>4.895</ele><time>2024-05-22T16:23:24.002Z</time></trkpt><trkpt lat="37.806496" lon="-122.436145"><ele>5.416</ele><time>2024-05-22T16:23:25.002Z</time></trkpt><trkpt lat="37.806526" lon="-122.436264"><ele>6.148</ele><time>2024-05-22T16:23:26.002Z</time></trkpt><trkpt lat="37.806533" lon="-122.436361"><ele>5.661</ele><time>2024-05-22T16:23:27.002Z</time></trkpt><trkpt lat="37.806541" lon="-122.436467"><ele>5.017</ele><time>2024-05-22T16:23:28.002Z</time></trkpt><trkpt lat="37.806547" lon="-122.436560"><ele>4.209</ele><time>2024-05-22T16:23:29.002Z</time></trkpt><trkpt lat="37.806546" lon="-122.436658"><ele>3.615</ele><time>2024-05-22T16:23:30.002Z</time></trkpt><trkpt lat="37.806530" lon="-122.436729"><ele>3.681</ele><time>2024-05-22T16:23:31.002Z</time></trkpt><trkpt lat="37.806512" lon="-122.436823"><ele>3.775</ele><time>2024-05-22T16:23:32.002Z</time></trkpt><trkpt lat="37.806501" lon="-122.436907"><ele>3.950</ele><time>2024-05-22T16:23:33.002Z</time></trkpt><trkpt lat="37.806496" lon="-122.437007"><ele>4.158</ele><time>2024-05-22T16:23:34.002Z</time></trkpt><trkpt lat="37.806494" lon="-122.437097"><ele>4.469</ele><time>2024-05-22T16:23:35.002Z</time></trkpt><trkpt lat="37.806483" lon="-122.437197"><ele>5.110</ele><time>2024-05-22T16:23:36.002Z</time></trkpt><trkpt lat="37.806470" lon="-122.437297"><ele>4.818</ele><time>2024-05-22T16:23:37.002Z</time></trkpt><trkpt lat="37.806450" lon="-122.437408"><ele>5.249</ele><time>2024-05-22T16:23:38.002Z</time></trkpt><trkpt lat="37.806433" lon="-122.437517"><ele>5.065</ele><time>2024-05-22T16:23:39.002Z</time></trkpt><trkpt lat="37.806419" lon="-122.437616"><ele>4.668</ele><time>2024-05-22T16:23:40.002Z</time></trkpt><trkpt lat="37.806403" lon="-122.437714"><ele>4.914</ele><time>2024-05-22T16:23:41.002Z</time></trkpt><trkpt lat="37.806393" lon="-122.437804"><ele>5.009</ele><time>2024-05-22T16:23:42.002Z</time></trkpt><trkpt lat="37.806380" lon="-122.437892"><ele>4.797</ele><time>2024-05-22T16:23:43.002Z</time></trkpt><trkpt lat="37.806372" lon="-122.437978"><ele>4.233</ele><time>2024-05-22T16:23:44.002Z</time></trkpt><trkpt lat="37.806361" lon="-122.438054"><ele>3.227</ele><time>2024-05-22T16:23:45.002Z</time></trkpt><trkpt lat="37.806351" lon="-122.438139"><ele>3.342</ele><time>2024-05-22T16:23:46.002Z</time></trkpt><trkpt lat="37.806343" lon="-122.438227"><ele>3.350</ele><time>2024-05-22T16:23:47.002Z</time></trkpt><trkpt lat="37.806331" lon="-122.438311"><ele>3.581</ele><time>2024-05-22T16:23:48.002Z</time></trkpt><trkpt lat="37.806319" lon="-122.438406"><ele>3.572</ele><time>2024-05-22T16:23:49.002Z</time></trkpt><trkpt lat="37.806303" lon="-122.438498"><ele>3.770</ele><time>2024-05-22T16:23:50.002Z</time></trkpt><trkpt lat="37.806297" lon="-122.438608"><ele>4.051</ele><time>2024-05-22T16:23:51.002Z</time></trkpt><trkpt lat="37.806283" lon="-122.438717"><ele>3.857</ele><time>2024-05-22T16:23:52.002Z</time></trkpt><trkpt lat="37.806272" lon="-122.438823"><ele>3.800</ele><time>2024-05-22T16:23:53.002Z</time></trkpt><trkpt lat="37.806255" lon="-122.438927"><ele>3.120</ele><time>2024-05-22T16:23:54.002Z</time></trkpt><trkpt lat="37.806241" lon="-122.439037"><ele>3.009</ele><time>2024-05-22T16:23:55.002Z</time></trkpt><trkpt lat="37.806234" lon="-122.439133"><ele>3.076</ele><time>2024-05-22T16:23:56.002Z</time></trkpt><trkpt lat="37.806221" lon="-122.439246"><ele>3.052</ele><time>2024-05-22T16:23:57.002Z</time></trkpt><trkpt lat="37.806209" lon="-122.439327"><ele>2.566</ele><time>2024-05-22T16:23:58.002Z</time></trkpt><trkpt lat="37.806195" lon="-122.439399"><ele>2.361</ele><time>2024-05-22T16:23:59.002Z</time></trkpt><trkpt lat="37.806187" lon="-122.439465"><ele>2.489</ele><time>2024-05-22T16:24:00.002Z</time></trkpt><trkpt lat="37.806179" lon="-122.439521"><ele>2.490</ele><time>2024-05-22T16:24:02.002Z</time></trkpt><trkpt lat="37.806160" lon="-122.439596"><ele>2.571</ele><time>2024-05-22T16:24:08.002Z</time></trkpt><trkpt lat="37.806159" lon="-122.439656"><ele>2.679</ele><time>2024-05-22T16:24:10.002Z</time></trkpt><trkpt lat="37.806146" lon="-122.439732"><ele>4.010</ele><time>2024-05-22T16:24:11.002Z</time></trkpt><trkpt lat="37.806137" lon="-122.439805"><ele>4.077</ele><time>2024-05-22T16:24:12.002Z</time></trkpt><trkpt lat="37.806130" lon="-122.439872"><ele>4.061</ele><time>2024-05-22T16:24:13.011Z</time></trkpt><trkpt lat="37.806121" lon="-122.439948"><ele>4.027</ele><time>2024-05-22T16:24:14.011Z</time></trkpt><trkpt lat="37.806111" lon="-122.440036"><ele>4.009</ele><time>2024-05-22T16:24:15.011Z</time></trkpt><trkpt lat="37.806105" lon="-122.440128"><ele>4.288</ele><time>2024-05-22T16:24:16.011Z</time></trkpt><trkpt lat="37.806089" lon="-122.440240"><ele>4.384</ele><time>2024-05-22T16:24:17.011Z</time></trkpt><trkpt lat="37.806082" lon="-122.440345"><ele>4.378</ele><time>2024-05-22T16:24:18.011Z</time></trkpt><trkpt lat="37.806067" lon="-122.440450"><ele>4.113</ele><time>2024-05-22T16:24:19.011Z</time></trkpt><trkpt lat="37.806049" lon="-122.440575"><ele>4.041</ele><time>2024-05-22T16:24:20.011Z</time></trkpt><trkpt lat="37.806036" lon="-122.440698"><ele>4.122</ele><time>2024-05-22T16:24:21.011Z</time></trkpt><trkpt lat="37.806022" lon="-122.440809"><ele>4.853</ele><time>2024-05-22T16:24:22.011Z</time></trkpt><trkpt lat="37.806005" lon="-122.440934"><ele>4.811</ele><time>2024-05-22T16:24:23.011Z</time></trkpt><trkpt lat="37.805994" lon="-122.441047"><ele>2.892</ele><time>2024-05-22T16:24:24.011Z</time></trkpt><trkpt lat="37.805984" lon="-122.441151"><ele>2.876</ele><time>2024-05-22T16:24:25.011Z</time></trkpt><trkpt lat="37.805964" lon="-122.441258"><ele>2.790</ele><time>2024-05-22T16:24:26.011Z</time></trkpt><trkpt lat="37.805951" lon="-122.441363"><ele>2.719</ele><time>2024-05-22T16:24:27.011Z</time></trkpt><trkpt lat="37.805941" lon="-122.441459"><ele>3.009</ele><time>2024-05-22T16:24:28.011Z</time></trkpt><trkpt lat="37.805930" lon="-122.441557"><ele>2.778</ele><time>2024-05-22T16:24:29.011Z</time></trkpt><trkpt lat="37.805918" lon="-122.441657"><ele>2.934</ele><time>2024-05-22T16:24:30.011Z</time></trkpt><trkpt lat="37.805898" lon="-122.441762"><ele>2.998</ele><time>2024-05-22T16:24:31.011Z</time></trkpt><trkpt lat="37.805891" lon="-122.441864"><ele>2.923</ele><time>2024-05-22T16:24:32.011Z</time></trkpt><trkpt lat="37.805875" lon="-122.441972"><ele>3.081</ele><time>2024-05-22T16:24:33.011Z</time></trkpt><trkpt lat="37.805861" lon="-122.442085"><ele>3.142</ele><time>2024-05-22T16:24:34.011Z</time></trkpt><trkpt lat="37.805849" lon="-122.442205"><ele>3.393</ele><time>2024-05-22T16:24:35.011Z</time></trkpt><trkpt lat="37.805828" lon="-122.442318"><ele>3.341</ele><time>2024-05-22T16:24:36.011Z</time></trkpt><trkpt lat="37.805818" lon="-122.442431"><ele>3.322</ele><time>2024-05-22T16:24:37.011Z</time></trkpt><trkpt lat="37.805807" lon="-122.442521"><ele>3.283</ele><time>2024-05-22T16:24:38.011Z</time></trkpt><trkpt lat="37.805797" lon="-122.442632"><ele>3.125</ele><time>2024-05-22T16:24:39.011Z</time></trkpt><trkpt lat="37.805774" lon="-122.442741"><ele>3.117</ele><time>2024-05-22T16:24:40.011Z</time></trkpt><trkpt lat="37.805763" lon="-122.442856"><ele>3.209</ele><time>2024-05-22T16:24:41.011Z</time></trkpt><trkpt lat="37.805749" lon="-122.442980"><ele>3.259</ele><time>2024-05-22T16:24:42.011Z</time></trkpt><trkpt lat="37.805746" lon="-122.443085"><ele>3.395</ele><time>2024-05-22T16:24:43.011Z</time></trkpt><trkpt lat="37.805730" lon="-122.443196"><ele>3.219</ele><time>2024-05-22T16:24:44.011Z</time></trkpt><trkpt lat="37.805715" lon="-122.443284"><ele>3.064</ele><time>2024-05-22T16:24:45.011Z</time></trkpt><trkpt lat="37.805700" lon="-122.443385"><ele>2.752</ele><time>2024-05-22T16:24:46.011Z</time></trkpt><trkpt lat="37.805690" lon="-122.443463"><ele>2.753</ele><time>2024-05-22T16:24:47.011Z</time></trkpt><trkpt lat="37.805686" lon="-122.443546"><ele>2.314</ele><time>2024-05-22T16:24:48.011Z</time></trkpt><trkpt lat="37.805684" lon="-122.443621"><ele>2.552</ele><time>2024-05-22T16:24:49.011Z</time></trkpt><trkpt lat="37.805675" lon="-122.443683"><ele>2.333</ele><time>2024-05-22T16:24:50.011Z</time></trkpt><trkpt lat="37.805666" lon="-122.443743"><ele>2.345</ele><time>2024-05-22T16:24:51.011Z</time></trkpt><trkpt lat="37.805657" lon="-122.443834"><ele>2.147</ele><time>2024-05-22T16:24:53.011Z</time></trkpt><trkpt lat="37.805645" lon="-122.443904"><ele>2.311</ele><time>2024-05-22T16:24:57.011Z</time></trkpt><trkpt lat="37.805630" lon="-122.443978"><ele>2.309</ele><time>2024-05-22T16:24:59.011Z</time></trkpt><trkpt lat="37.805616" lon="-122.444044"><ele>2.785</ele><time>2024-05-22T16:25:00.011Z</time></trkpt><trkpt lat="37.805606" lon="-122.444126"><ele>3.461</ele><time>2024-05-22T16:25:01.011Z</time></trkpt><trkpt lat="37.805602" lon="-122.444188"><ele>3.455</ele><time>2024-05-22T16:25:02.011Z</time></trkpt><trkpt lat="37.805583" lon="-122.444267"><ele>3.520</ele><time>2024-05-22T16:25:03.011Z</time></trkpt><trkpt lat="37.805574" lon="-122.444349"><ele>3.578</ele><time>2024-05-22T16:25:04.011Z</time></trkpt><trkpt lat="37.805565" lon="-122.444430"><ele>3.569</ele><time>2024-05-22T16:25:05.011Z</time></trkpt><trkpt lat="37.805547" lon="-122.444535"><ele>3.760</ele><time>2024-05-22T16:25:06.011Z</time></trkpt><trkpt lat="37.805531" lon="-122.444631"><ele>3.788</ele><time>2024-05-22T16:25:07.011Z</time></trkpt><trkpt lat="37.805506" lon="-122.444719"><ele>3.619</ele><time>2024-05-22T16:25:08.011Z</time></trkpt><trkpt lat="37.805491" lon="-122.444811"><ele>3.547</ele><time>2024-05-22T16:25:09.011Z</time></trkpt><trkpt lat="37.805486" lon="-122.444902"><ele>3.529</ele><time>2024-05-22T16:25:10.011Z</time></trkpt><trkpt lat="37.805469" lon="-122.445002"><ele>3.621</ele><time>2024-05-22T16:25:11.011Z</time></trkpt><trkpt lat="37.805459" lon="-122.445089"><ele>3.609</ele><time>2024-05-22T16:25:12.012Z</time></trkpt><trkpt lat="37.805451" lon="-122.445169"><ele>3.875</ele><time>2024-05-22T16:25:13.012Z</time></trkpt><trkpt lat="37.805439" lon="-122.445253"><ele>3.551</ele><time>2024-05-22T16:25:14.012Z</time></trkpt><trkpt lat="37.805426" lon="-122.445323"><ele>3.735</ele><time>2024-05-22T16:25:15.012Z</time></trkpt><trkpt lat="37.805417" lon="-122.445385"><ele>3.730</ele><time>2024-05-22T16:25:16.012Z</time></trkpt><trkpt lat="37.805422" lon="-122.445448"><ele>3.788</ele><time>2024-05-22T16:25:17.012Z</time></trkpt><trkpt lat="37.805405" lon="-122.445531"><ele>3.719</ele><time>2024-05-22T16:25:19.012Z</time></trkpt><trkpt lat="37.805395" lon="-122.445606"><ele>3.780</ele><time>2024-05-22T16:25:22.012Z</time></trkpt><trkpt lat="37.805388" lon="-122.445709"><ele>3.788</ele><time>2024-05-22T16:25:24.011Z</time></trkpt><trkpt lat="37.805374" lon="-122.445777"><ele>3.929</ele><time>2024-05-22T16:25:25.012Z</time></trkpt><trkpt lat="37.805365" lon="-122.445845"><ele>4.111</ele><time>2024-05-22T16:25:26.012Z</time></trkpt><trkpt lat="37.805361" lon="-122.445909"><ele>4.321</ele><time>2024-05-22T16:25:27.012Z</time></trkpt><trkpt lat="37.805348" lon="-122.445989"><ele>4.503</ele><time>2024-05-22T16:25:28.012Z</time></trkpt><trkpt lat="37.805345" lon="-122.446066"><ele>4.509</ele><time>2024-05-22T16:25:29.012Z</time></trkpt><trkpt lat="37.805339" lon="-122.446152"><ele>4.542</ele><time>2024-05-22T16:25:30.012Z</time></trkpt><trkpt lat="37.805329" lon="-122.446250"><ele>4.928</ele><time>2024-05-22T16:25:31.012Z</time></trkpt><trkpt lat="37.805319" lon="-122.446350"><ele>4.972</ele><time>2024-05-22T16:25:32.012Z</time></trkpt><trkpt lat="37.805312" lon="-122.446443"><ele>4.547</ele><time>2024-05-22T16:25:33.012Z</time></trkpt><trkpt lat="37.805296" lon="-122.446535"><ele>4.195</ele><time>2024-05-22T16:25:34.012Z</time></trkpt><trkpt lat="37.805283" lon="-122.446622"><ele>4.056</ele><time>2024-05-22T16:25:35.012Z</time></trkpt><trkpt lat="37.805272" lon="-122.446697"><ele>4.017</ele><time>2024-05-22T16:25:36.012Z</time></trkpt><trkpt lat="37.805265" lon="-122.446767"><ele>3.975</ele><time>2024-05-22T16:25:37.012Z</time></trkpt><trkpt lat="37.805255" lon="-122.446834"><ele>3.996</ele><time>2024-05-22T16:25:38.012Z</time></trkpt><trkpt lat="37.805232" lon="-122.446945"><ele>3.965</ele><time>2024-05-22T16:25:40.012Z</time></trkpt><trkpt lat="37.805213" lon="-122.447044"><ele>3.668</ele><time>2024-05-22T16:25:42.012Z</time></trkpt><trkpt lat="37.805208" lon="-122.447111"><ele>3.814</ele><time>2024-05-22T16:25:44.012Z</time></trkpt><trkpt lat="37.805198" lon="-122.447170"><ele>3.809</ele><time>2024-05-22T16:25:56.012Z</time></trkpt><trkpt lat="37.805187" lon="-122.447230"><ele>3.867</ele><time>2024-05-22T16:25:59.012Z</time></trkpt><trkpt lat="37.805165" lon="-122.447327"><ele>4.143</ele><time>2024-05-22T16:26:04.012Z</time></trkpt><trkpt lat="37.805118" lon="-122.447364"><ele>4.387</ele><time>2024-05-22T16:26:06.012Z</time></trkpt><trkpt lat="37.805032" lon="-122.447374"><ele>4.642</ele><time>2024-05-22T16:26:08.012Z</time></trkpt><trkpt lat="37.804972" lon="-122.447357"><ele>5.060</ele><time>2024-05-22T16:26:09.012Z</time></trkpt><trkpt lat="37.804924" lon="-122.447303"><ele>4.851</ele><time>2024-05-22T16:26:10.012Z</time></trkpt><trkpt lat="37.804877" lon="-122.447293"><ele>4.892</ele><time>2024-05-22T16:26:11.012Z</time></trkpt><trkpt lat="37.804831" lon="-122.447284"><ele>4.420</ele><time>2024-05-22T16:26:12.012Z</time></trkpt><trkpt lat="37.804780" lon="-122.447268"><ele>4.211</ele><time>2024-05-22T16:26:13.012Z</time></trkpt><trkpt lat="37.804719" lon="-122.447256"><ele>4.287</ele><time>2024-05-22T16:26:14.012Z</time></trkpt><trkpt lat="37.804661" lon="-122.447243"><ele>4.242</ele><time>2024-05-22T16:26:15.012Z</time></trkpt><trkpt lat="37.804597" lon="-122.447230"><ele>4.226</ele><time>2024-05-22T16:26:16.012Z</time></trkpt><trkpt lat="37.804537" lon="-122.447220"><ele>4.209</ele><time>2024-05-22T16:26:17.012Z</time></trkpt><trkpt lat="37.804473" lon="-122.447210"><ele>4.279</ele><time>2024-05-22T16:26:18.012Z</time></trkpt><trkpt lat="37.804411" lon="-122.447201"><ele>4.385</ele><time>2024-05-22T16:26:19.012Z</time></trkpt><trkpt lat="37.804344" lon="-122.447187"><ele>4.579</ele><time>2024-05-22T16:26:20.012Z</time></trkpt><trkpt lat="37.804278" lon="-122.447168"><ele>4.584</ele><time>2024-05-22T16:26:21.012Z</time></trkpt><trkpt lat="37.804209" lon="-122.447159"><ele>4.532</ele><time>2024-05-22T16:26:22.012Z</time></trkpt><trkpt lat="37.804141" lon="-122.447139"><ele>4.423</ele><time>2024-05-22T16:26:23.012Z</time></trkpt><trkpt lat="37.804068" lon="-122.447123"><ele>4.274</ele><time>2024-05-22T16:26:24.012Z</time></trkpt><trkpt lat="37.803994" lon="-122.447111"><ele>4.092</ele><time>2024-05-22T16:26:25.012Z</time></trkpt><trkpt lat="37.803922" lon="-122.447098"><ele>4.033</ele><time>2024-05-22T16:26:26.012Z</time></trkpt><trkpt lat="37.803855" lon="-122.447093"><ele>4.166</ele><time>2024-05-22T16:26:27.012Z</time></trkpt><trkpt lat="37.803783" lon="-122.447084"><ele>4.229</ele><time>2024-05-22T16:26:28.012Z</time></trkpt><trkpt lat="37.803717" lon="-122.447057"><ele>4.221</ele><time>2024-05-22T16:26:29.012Z</time></trkpt><trkpt lat="37.803654" lon="-122.447043"><ele>4.109</ele><time>2024-05-22T16:26:30.012Z</time></trkpt><trkpt lat="37.803606" lon="-122.447032"><ele>4.067</ele><time>2024-05-22T16:26:31.012Z</time></trkpt><trkpt lat="37.803547" lon="-122.447019"><ele>3.873</ele><time>2024-05-22T16:26:32.012Z</time></trkpt><trkpt lat="37.803499" lon="-122.447008"><ele>3.667</ele><time>2024-05-22T16:26:33.012Z</time></trkpt><trkpt lat="37.803424" lon="-122.446992"><ele>3.612</ele><time>2024-05-22T16:26:35.012Z</time></trkpt><trkpt lat="37.803375" lon="-122.446982"><ele>3.570</ele><time>2024-05-22T16:26:37.012Z</time></trkpt><trkpt lat="37.803330" lon="-122.447001"><ele>3.551</ele><time>2024-05-22T16:26:38.012Z</time></trkpt><trkpt lat="37.803242" lon="-122.446959"><ele>3.672</ele><time>2024-05-22T16:26:40.012Z</time></trkpt><trkpt lat="37.803195" lon="-122.446947"><ele>3.840</ele><time>2024-05-22T16:26:41.012Z</time></trkpt><trkpt lat="37.803113" lon="-122.446954"><ele>5.181</ele><time>2024-05-22T16:26:43.012Z</time></trkpt><trkpt lat="37.803052" lon="-122.446952"><ele>5.173</ele><time>2024-05-22T16:26:45.012Z</time></trkpt><trkpt lat="37.802997" lon="-122.446956"><ele>4.385</ele><time>2024-05-22T16:26:48.012Z</time></trkpt><trkpt lat="37.802951" lon="-122.446924"><ele>4.313</ele><time>2024-05-22T16:27:02.012Z</time></trkpt><trkpt lat="37.802959" lon="-122.446983"><ele>4.309</ele><time>2024-05-22T16:28:08.011Z</time></trkpt><trkpt lat="37.802993" lon="-122.446940"><ele>4.438</ele><time>2024-05-22T16:30:12.010Z</time></trkpt><trkpt lat="37.802934" lon="-122.446934"><ele>4.524</ele><time>2024-05-22T16:30:46.010Z</time></trkpt><trkpt lat="37.802857" lon="-122.446882"><ele>4.848</ele><time>2024-05-22T16:30:48.010Z</time></trkpt><trkpt lat="37.802803" lon="-122.446881"><ele>4.923</ele><time>2024-05-22T16:30:49.010Z</time></trkpt><trkpt lat="37.802746" lon="-122.446866"><ele>4.951</ele><time>2024-05-22T16:30:50.010Z</time></trkpt><trkpt lat="37.802687" lon="-122.446855"><ele>5.032</ele><time>2024-05-22T16:30:51.010Z</time></trkpt><trkpt lat="37.802637" lon="-122.446848"><ele>5.053</ele><time>2024-05-22T16:30:52.010Z</time></trkpt><trkpt lat="37.802581" lon="-122.446828"><ele>4.931</ele><time>2024-05-22T16:30:53.010Z</time></trkpt><trkpt lat="37.802523" lon="-122.446816"><ele>4.852</ele><time>2024-05-22T16:30:54.010Z</time></trkpt><trkpt lat="37.802467" lon="-122.446807"><ele>4.818</ele><time>2024-05-22T16:30:55.010Z</time></trkpt><trkpt lat="37.802406" lon="-122.446792"><ele>4.898</ele><time>2024-05-22T16:30:56.010Z</time></trkpt><trkpt lat="37.802342" lon="-122.446780"><ele>4.817</ele><time>2024-05-22T16:30:57.010Z</time></trkpt><trkpt lat="37.802273" lon="-122.446771"><ele>4.809</ele><time>2024-05-22T16:30:58.010Z</time></trkpt><trkpt lat="37.802197" lon="-122.446755"><ele>4.652</ele><time>2024-05-22T16:30:59.010Z</time></trkpt><trkpt lat="37.802132" lon="-122.446741"><ele>5.138</ele><time>2024-05-22T16:31:00.010Z</time></trkpt><trkpt lat="37.802062" lon="-122.446727"><ele>5.462</ele><time>2024-05-22T16:31:01.010Z</time></trkpt><trkpt lat="37.801986" lon="-122.446715"><ele>5.417</ele><time>2024-05-22T16:31:02.010Z</time></trkpt><trkpt lat="37.801911" lon="-122.446696"><ele>4.965</ele><time>2024-05-22T16:31:03.010Z</time></trkpt><trkpt lat="37.801836" lon="-122.446663"><ele>4.796</ele><time>2024-05-22T16:31:04.010Z</time></trkpt><trkpt lat="37.801765" lon="-122.446648"><ele>4.567</ele><time>2024-05-22T16:31:05.010Z</time></trkpt><trkpt lat="37.801691" lon="-122.446632"><ele>4.655</ele><time>2024-05-22T16:31:06.010Z</time></trkpt><trkpt lat="37.801613" lon="-122.446615"><ele>4.656</ele><time>2024-05-22T16:31:07.010Z</time></trkpt><trkpt lat="37.801544" lon="-122.446605"><ele>4.699</ele><time>2024-05-22T16:31:08.010Z</time></trkpt><trkpt lat="37.801464" lon="-122.446589"><ele>5.107</ele><time>2024-05-22T16:31:09.010Z</time></trkpt><trkpt lat="37.801394" lon="-122.446581"><ele>5.427</ele><time>2024-05-22T16:31:10.010Z</time></trkpt><trkpt lat="37.801312" lon="-122.446563"><ele>5.909</ele><time>2024-05-22T16:31:11.010Z</time></trkpt><trkpt lat="37.801238" lon="-122.446560"><ele>6.090</ele><time>2024-05-22T16:31:12.010Z</time></trkpt><trkpt lat="37.801168" lon="-122.446552"><ele>5.576</ele><time>2024-05-22T16:31:13.010Z</time></trkpt><trkpt lat="37.801105" lon="-122.446543"><ele>5.560</ele><time>2024-05-22T16:31:14.010Z</time></trkpt><trkpt lat="37.801040" lon="-122.446534"><ele>5.225</ele><time>2024-05-22T16:31:15.010Z</time></trkpt><trkpt lat="37.800974" lon="-122.446515"><ele>5.163</ele><time>2024-05-22T16:31:16.010Z</time></trkpt><trkpt lat="37.800910" lon="-122.446497"><ele>5.184</ele><time>2024-05-22T16:31:17.010Z</time></trkpt><trkpt lat="37.800845" lon="-122.446483"><ele>5.135</ele><time>2024-05-22T16:31:18.010Z</time></trkpt><trkpt lat="37.800781" lon="-122.446474"><ele>5.353</ele><time>2024-05-22T16:31:19.010Z</time></trkpt><trkpt lat="37.800724" lon="-122.446467"><ele>5.384</ele><time>2024-05-22T16:31:20.010Z</time></trkpt><trkpt lat="37.800677" lon="-122.446462"><ele>5.481</ele><time>2024-05-22T16:31:21.010Z</time></trkpt><trkpt lat="37.800614" lon="-122.446457"><ele>5.561</ele><time>2024-05-22T16:31:23.010Z</time></trkpt><trkpt lat="37.800551" lon="-122.446458"><ele>5.717</ele><time>2024-05-22T16:31:28.010Z</time></trkpt><trkpt lat="37.800497" lon="-122.446529"><ele>5.709</ele><time>2024-05-22T16:31:30.011Z</time></trkpt><trkpt lat="37.800482" lon="-122.446642"><ele>6.029</ele><time>2024-05-22T16:31:32.010Z</time></trkpt><trkpt lat="37.800467" lon="-122.446738"><ele>6.035</ele><time>2024-05-22T16:31:34.010Z</time></trkpt><trkpt lat="37.800455" lon="-122.446793"><ele>6.099</ele><time>2024-05-22T16:31:36.010Z</time></trkpt><trkpt lat="37.800450" lon="-122.446850"><ele>5.974</ele><time>2024-05-22T16:31:39.010Z</time></trkpt><trkpt lat="37.800430" lon="-122.446906"><ele>5.922</ele><time>2024-05-22T16:32:13.010Z</time></trkpt><trkpt lat="37.800428" lon="-122.446994"><ele>5.943</ele><time>2024-05-22T16:32:16.010Z</time></trkpt><trkpt lat="37.800420" lon="-122.447061"><ele>6.074</ele><time>2024-05-22T16:32:17.010Z</time></trkpt><trkpt lat="37.800417" lon="-122.447133"><ele>6.462</ele><time>2024-05-22T16:32:18.010Z</time></trkpt><trkpt lat="37.800414" lon="-122.447206"><ele>6.553</ele><time>2024-05-22T16:32:19.010Z</time></trkpt><trkpt lat="37.800416" lon="-122.447270"><ele>6.816</ele><time>2024-05-22T16:32:20.010Z</time></trkpt><trkpt lat="37.800413" lon="-122.447341"><ele>7.176</ele><time>2024-05-22T16:32:21.010Z</time></trkpt><trkpt lat="37.800401" lon="-122.447401"><ele>7.113</ele><time>2024-05-22T16:32:22.010Z</time></trkpt><trkpt lat="37.800388" lon="-122.447456"><ele>7.009</ele><time>2024-05-22T16:32:23.010Z</time></trkpt><trkpt lat="37.800374" lon="-122.447513"><ele>7.192</ele><time>2024-05-22T16:32:24.010Z</time></trkpt><trkpt lat="37.800359" lon="-122.447606"><ele>6.938</ele><time>2024-05-22T16:32:26.010Z</time></trkpt><trkpt lat="37.800300" lon="-122.447647"><ele>6.942</ele><time>2024-05-22T16:32:28.010Z</time></trkpt><trkpt lat="37.800228" lon="-122.447650"><ele>7.187</ele><time>2024-05-22T16:32:30.010Z</time></trkpt><trkpt lat="37.800172" lon="-122.447644"><ele>7.535</ele><time>2024-05-22T16:32:31.010Z</time></trkpt><trkpt lat="37.800113" lon="-122.447634"><ele>7.946</ele><time>2024-05-22T16:32:32.010Z</time></trkpt><trkpt lat="37.800051" lon="-122.447624"><ele>8.277</ele><time>2024-05-22T16:32:33.010Z</time></trkpt><trkpt lat="37.799980" lon="-122.447613"><ele>8.485</ele><time>2024-05-22T16:32:34.010Z</time></trkpt><trkpt lat="37.799906" lon="-122.447601"><ele>8.796</ele><time>2024-05-22T16:32:35.010Z</time></trkpt><trkpt lat="37.799836" lon="-122.447590"><ele>9.562</ele><time>2024-05-22T16:32:36.010Z</time></trkpt><trkpt lat="37.799765" lon="-122.447579"><ele>10.083</ele><time>2024-05-22T16:32:37.010Z</time></trkpt><trkpt lat="37.799701" lon="-122.447570"><ele>10.611</ele><time>2024-05-22T16:32:38.010Z</time></trkpt><trkpt lat="37.799639" lon="-122.447562"><ele>10.809</ele><time>2024-05-22T16:32:39.010Z</time></trkpt><trkpt lat="37.799586" lon="-122.447555"><ele>11.167</ele><time>2024-05-22T16:32:40.010Z</time></trkpt><trkpt lat="37.799514" lon="-122.447546"><ele>11.233</ele><time>2024-05-22T16:32:42.010Z</time></trkpt><trkpt lat="37.799449" lon="-122.447538"><ele>11.267</ele><time>2024-05-22T16:32:48.010Z</time></trkpt><trkpt lat="37.799391" lon="-122.447563"><ele>11.582</ele><time>2024-05-22T16:32:50.010Z</time></trkpt><trkpt lat="37.799295" lon="-122.447555"><ele>12.460</ele><time>2024-05-22T16:32:52.010Z</time></trkpt><trkpt lat="37.799227" lon="-122.447549"><ele>13.171</ele><time>2024-05-22T16:32:53.010Z</time></trkpt><trkpt lat="37.799170" lon="-122.447551"><ele>13.852</ele><time>2024-05-22T16:32:54.010Z</time></trkpt><trkpt lat="37.799128" lon="-122.447492"><ele>13.920</ele><time>2024-05-22T16:32:55.010Z</time></trkpt><trkpt lat="37.799069" lon="-122.447483"><ele>13.981</ele><time>2024-05-22T16:32:56.010Z</time></trkpt><trkpt lat="37.799004" lon="-122.447473"><ele>14.416</ele><time>2024-05-22T16:32:57.010Z</time></trkpt><trkpt lat="37.798932" lon="-122.447462"><ele>15.276</ele><time>2024-05-22T16:32:58.010Z</time></trkpt><trkpt lat="37.798862" lon="-122.447452"><ele>15.613</ele><time>2024-05-22T16:32:59.010Z</time></trkpt><trkpt lat="37.798791" lon="-122.447442"><ele>16.409</ele><time>2024-05-22T16:33:00.010Z</time></trkpt><trkpt lat="37.798729" lon="-122.447433"><ele>16.812</ele><time>2024-05-22T16:33:01.010Z</time></trkpt><trkpt lat="37.798676" lon="-122.447426"><ele>17.168</ele><time>2024-05-22T16:33:02.010Z</time></trkpt><trkpt lat="37.798611" lon="-122.447417"><ele>17.452</ele><time>2024-05-22T16:33:04.010Z</time></trkpt><trkpt lat="37.798563" lon="-122.447410"><ele>17.427</ele><time>2024-05-22T16:33:07.010Z</time></trkpt><trkpt lat="37.798493" lon="-122.447400"><ele>17.455</ele><time>2024-05-22T16:33:13.010Z</time></trkpt><trkpt lat="37.798459" lon="-122.447546"><ele>17.946</ele><time>2024-05-22T16:33:14.010Z</time></trkpt><trkpt lat="37.798449" lon="-122.447617"><ele>18.317</ele><time>2024-05-22T16:33:15.010Z</time></trkpt><trkpt lat="37.798454" lon="-122.447681"><ele>18.435</ele><time>2024-05-22T16:33:16.010Z</time></trkpt><trkpt lat="37.798436" lon="-122.447771"><ele>18.956</ele><time>2024-05-22T16:33:17.010Z</time></trkpt><trkpt lat="37.798403" lon="-122.447837"><ele>19.231</ele><time>2024-05-22T16:33:18.010Z</time></trkpt><trkpt lat="37.798395" lon="-122.447906"><ele>19.361</ele><time>2024-05-22T16:33:19.010Z</time></trkpt><trkpt lat="37.798368" lon="-122.447982"><ele>19.307</ele><time>2024-05-22T16:33:20.010Z</time></trkpt><trkpt lat="37.798322" lon="-122.448051"><ele>19.309</ele><time>2024-05-22T16:33:21.010Z</time></trkpt><trkpt lat="37.798273" lon="-122.448111"><ele>19.344</ele><time>2024-05-22T16:33:22.010Z</time></trkpt><trkpt lat="37.798198" lon="-122.448164"><ele>19.920</ele><time>2024-05-22T16:33:23.010Z</time></trkpt><trkpt lat="37.798132" lon="-122.448226"><ele>20.164</ele><time>2024-05-22T16:33:24.010Z</time></trkpt><trkpt lat="37.798069" lon="-122.448276"><ele>20.369</ele><time>2024-05-22T16:33:25.010Z</time></trkpt><trkpt lat="37.797987" lon="-122.448327"><ele>21.787</ele><time>2024-05-22T16:33:26.010Z</time></trkpt><trkpt lat="37.797921" lon="-122.448398"><ele>22.528</ele><time>2024-05-22T16:33:27.010Z</time></trkpt><trkpt lat="37.797857" lon="-122.448465"><ele>22.539</ele><time>2024-05-22T16:33:28.010Z</time></trkpt><trkpt lat="37.797804" lon="-122.448550"><ele>22.097</ele><time>2024-05-22T16:33:29.010Z</time></trkpt><trkpt lat="37.797760" lon="-122.448612"><ele>21.588</ele><time>2024-05-22T16:33:30.010Z</time></trkpt><trkpt lat="37.797722" lon="-122.448669"><ele>21.322</ele><time>2024-05-22T16:33:31.010Z</time></trkpt><trkpt lat="37.797689" lon="-122.448709"><ele>21.562</ele><time>2024-05-22T16:33:32.010Z</time></trkpt><trkpt lat="37.797663" lon="-122.448762"><ele>21.508</ele><time>2024-05-22T16:33:34.010Z</time></trkpt><trkpt lat="37.797639" lon="-122.448833"><ele>21.809</ele><time>2024-05-22T16:33:42.010Z</time></trkpt><trkpt lat="37.797614" lon="-122.448904"><ele>21.983</ele><time>2024-05-22T16:33:44.009Z</time></trkpt><trkpt lat="37.797616" lon="-122.448984"><ele>22.739</ele><time>2024-05-22T16:33:46.009Z</time></trkpt><trkpt lat="37.797646" lon="-122.449064"><ele>23.123</ele><time>2024-05-22T16:33:48.009Z</time></trkpt><trkpt lat="37.797679" lon="-122.449146"><ele>23.188</ele><time>2024-05-22T16:33:50.009Z</time></trkpt><trkpt lat="37.797724" lon="-122.449209"><ele>23.316</ele><time>2024-05-22T16:33:52.009Z</time></trkpt><trkpt lat="37.797772" lon="-122.449265"><ele>23.347</ele><time>2024-05-22T16:33:53.009Z</time></trkpt><trkpt lat="37.797797" lon="-122.449319"><ele>23.398</ele><time>2024-05-22T16:33:54.009Z</time></trkpt><trkpt lat="37.797820" lon="-122.449388"><ele>23.136</ele><time>2024-05-22T16:33:55.009Z</time></trkpt><trkpt lat="37.797837" lon="-122.449449"><ele>23.157</ele><time>2024-05-22T16:33:56.009Z</time></trkpt><trkpt lat="37.797864" lon="-122.449495"><ele>22.582</ele><time>2024-05-22T16:33:57.009Z</time></trkpt><trkpt lat="37.797898" lon="-122.449579"><ele>22.543</ele><time>2024-05-22T16:33:59.009Z</time></trkpt><trkpt lat="37.797944" lon="-122.449634"><ele>21.917</ele><time>2024-05-22T16:34:01.009Z</time></trkpt><trkpt lat="37.798024" lon="-122.449640"><ele>21.609</ele><time>2024-05-22T16:34:03.009Z</time></trkpt><trkpt lat="37.798085" lon="-122.449655"><ele>21.589</ele><time>2024-05-22T16:34:05.009Z</time></trkpt><trkpt lat="37.798153" lon="-122.449664"><ele>21.515</ele><time>2024-05-22T16:34:07.009Z</time></trkpt><trkpt lat="37.798197" lon="-122.449675"><ele>21.549</ele><time>2024-05-22T16:34:09.009Z</time></trkpt><trkpt lat="37.798252" lon="-122.449680"><ele>20.364</ele><time>2024-05-22T16:34:14.009Z</time></trkpt><trkpt lat="37.798338" lon="-122.449693"><ele>20.142</ele><time>2024-05-22T16:34:16.009Z</time></trkpt><trkpt lat="37.798373" lon="-122.449731"><ele>20.193</ele><time>2024-05-22T16:34:17.009Z</time></trkpt><trkpt lat="37.798398" lon="-122.449789"><ele>20.144</ele><time>2024-05-22T16:34:18.009Z</time></trkpt><trkpt lat="37.798427" lon="-122.449839"><ele>20.052</ele><time>2024-05-22T16:34:19.009Z</time></trkpt><trkpt lat="37.798466" lon="-122.449926"><ele>20.033</ele><time>2024-05-22T16:34:21.009Z</time></trkpt><trkpt lat="37.798494" lon="-122.449996"><ele>20.125</ele><time>2024-05-22T16:34:23.009Z</time></trkpt><trkpt lat="37.798529" lon="-122.450074"><ele>20.126</ele><time>2024-05-22T16:34:25.009Z</time></trkpt><trkpt lat="37.798557" lon="-122.450168"><ele>20.308</ele><time>2024-05-22T16:34:27.009Z</time></trkpt><trkpt lat="37.798571" lon="-122.450223"><ele>20.409</ele><time>2024-05-22T16:34:28.009Z</time></trkpt><trkpt lat="37.798567" lon="-122.450283"><ele>20.523</ele><time>2024-05-22T16:34:30.009Z</time></trkpt><trkpt lat="37.798594" lon="-122.450344"><ele>20.549</ele><time>2024-05-22T16:35:01.009Z</time></trkpt><trkpt lat="37.798638" lon="-122.450365"><ele>20.573</ele><time>2024-05-22T16:35:09.009Z</time></trkpt><trkpt lat="37.798676" lon="-122.450399"><ele>20.358</ele><time>2024-05-22T16:35:14.009Z</time></trkpt><trkpt lat="37.798723" lon="-122.450418"><ele>20.326</ele><time>2024-05-22T16:35:20.009Z</time></trkpt><trkpt lat="37.798779" lon="-122.450433"><ele>20.337</ele><time>2024-05-22T16:35:24.009Z</time></trkpt><trkpt lat="37.798820" lon="-122.450458"><ele>20.338</ele><time>2024-05-22T16:35:34.009Z</time></trkpt><trkpt lat="37.798852" lon="-122.450498"><ele>20.556</ele><time>2024-05-22T16:35:43.010Z</time></trkpt><trkpt lat="37.798861" lon="-122.450557"><ele>20.527</ele><time>2024-05-22T16:36:20.008Z</time></trkpt><trkpt lat="37.798938" lon="-122.450602"><ele>20.551</ele><time>2024-05-22T16:38:08.007Z</time></trkpt><trkpt lat="37.798952" lon="-122.450541"><ele>20.101</ele><time>2024-05-22T16:38:12.008Z</time></trkpt><trkpt lat="37.798893" lon="-122.450545"><ele>19.811</ele><time>2024-05-22T16:38:16.008Z</time></trkpt><trkpt lat="37.798839" lon="-122.450529"><ele>19.609</ele><time>2024-05-22T16:38:20.008Z</time></trkpt><trkpt lat="37.798808" lon="-122.450477"><ele>19.676</ele><time>2024-05-22T16:38:26.008Z</time></trkpt><trkpt lat="37.798762" lon="-122.450451"><ele>19.752</ele><time>2024-05-22T16:38:33.008Z</time></trkpt><trkpt lat="37.798718" lon="-122.450416"><ele>19.846</ele><time>2024-05-22T16:38:38.008Z</time></trkpt><trkpt lat="37.798700" lon="-122.450361"><ele>20.041</ele><time>2024-05-22T16:38:41.008Z</time></trkpt><trkpt lat="37.798658" lon="-122.450319"><ele>20.279</ele><time>2024-05-22T16:38:45.008Z</time></trkpt><trkpt lat="37.798599" lon="-122.450306"><ele>20.330</ele><time>2024-05-22T16:38:52.008Z</time></trkpt><trkpt lat="37.798587" lon="-122.450241"><ele>21.061</ele><time>2024-05-22T16:39:14.008Z</time></trkpt><trkpt lat="37.798554" lon="-122.450289"><ele>21.029</ele><time>2024-05-22T16:39:38.008Z</time></trkpt><trkpt lat="37.798518" lon="-122.450340"><ele>21.740</ele><time>2024-05-22T16:39:40.008Z</time></trkpt><trkpt lat="37.798457" lon="-122.450435"><ele>21.773</ele><time>2024-05-22T16:39:42.008Z</time></trkpt><trkpt lat="37.798412" lon="-122.450528"><ele>21.585</ele><time>2024-05-22T16:39:44.149Z</time></trkpt><trkpt lat="37.798385" lon="-122.450575"><ele>21.913</ele><time>2024-05-22T16:39:46.007Z</time></trkpt><trkpt lat="37.798365" lon="-122.450627"><ele>22.109</ele><time>2024-05-22T16:39:54.007Z</time></trkpt><trkpt lat="37.798354" lon="-122.450714"><ele>22.168</ele><time>2024-05-22T16:39:56.007Z</time></trkpt><trkpt lat="37.798375" lon="-122.450785"><ele>22.184</ele><time>2024-05-22T16:39:57.007Z</time></trkpt><trkpt lat="37.798406" lon="-122.450857"><ele>22.118</ele><time>2024-05-22T16:39:58.007Z</time></trkpt><trkpt lat="37.798431" lon="-122.450926"><ele>22.153</ele><time>2024-05-22T16:39:59.007Z</time></trkpt><trkpt lat="37.798456" lon="-122.450992"><ele>22.011</ele><time>2024-05-22T16:40:00.007Z</time></trkpt><trkpt lat="37.798491" lon="-122.451065"><ele>21.922</ele><time>2024-05-22T16:40:01.007Z</time></trkpt><trkpt lat="37.798526" lon="-122.451141"><ele>21.563</ele><time>2024-05-22T16:40:02.007Z</time></trkpt><trkpt lat="37.798576" lon="-122.451215"><ele>20.951</ele><time>2024-05-22T16:40:03.007Z</time></trkpt><trkpt lat="37.798638" lon="-122.451285"><ele>20.342</ele><time>2024-05-22T16:40:04.007Z</time></trkpt><trkpt lat="37.798710" lon="-122.451344"><ele>19.952</ele><time>2024-05-22T16:40:05.007Z</time></trkpt><trkpt lat="37.798788" lon="-122.451396"><ele>19.753</ele><time>2024-05-22T16:40:06.007Z</time></trkpt><trkpt lat="37.798872" lon="-122.451445"><ele>19.308</ele><time>2024-05-22T16:40:07.007Z</time></trkpt><trkpt lat="37.798956" lon="-122.451489"><ele>19.109</ele><time>2024-05-22T16:40:08.007Z</time></trkpt><trkpt lat="37.799043" lon="-122.451533"><ele>18.876</ele><time>2024-05-22T16:40:09.007Z</time></trkpt><trkpt lat="37.799120" lon="-122.451581"><ele>18.742</ele><time>2024-05-22T16:40:10.007Z</time></trkpt><trkpt lat="37.799193" lon="-122.451635"><ele>18.466</ele><time>2024-05-22T16:40:11.007Z</time></trkpt><trkpt lat="37.799252" lon="-122.451690"><ele>18.091</ele><time>2024-05-22T16:40:12.007Z</time></trkpt><trkpt lat="37.799303" lon="-122.451762"><ele>17.769</ele><time>2024-05-22T16:40:13.007Z</time></trkpt><trkpt lat="37.799334" lon="-122.451854"><ele>17.710</ele><time>2024-05-22T16:40:14.007Z</time></trkpt><trkpt lat="37.799352" lon="-122.451958"><ele>17.751</ele><time>2024-05-22T16:40:15.007Z</time></trkpt><trkpt lat="37.799371" lon="-122.452043"><ele>18.029</ele><time>2024-05-22T16:40:16.007Z</time></trkpt><trkpt lat="37.799378" lon="-122.452139"><ele>18.110</ele><time>2024-05-22T16:40:17.007Z</time></trkpt><trkpt lat="37.799374" lon="-122.452236"><ele>18.126</ele><time>2024-05-22T16:40:18.008Z</time></trkpt><trkpt lat="37.799367" lon="-122.452319"><ele>18.147</ele><time>2024-05-22T16:40:19.007Z</time></trkpt><trkpt lat="37.799356" lon="-122.452391"><ele>18.111</ele><time>2024-05-22T16:40:20.007Z</time></trkpt><trkpt lat="37.799347" lon="-122.452449"><ele>18.109</ele><time>2024-05-22T16:40:21.008Z</time></trkpt><trkpt lat="37.799324" lon="-122.452544"><ele>17.713</ele><time>2024-05-22T16:40:23.008Z</time></trkpt><trkpt lat="37.799334" lon="-122.452645"><ele>17.779</ele><time>2024-05-22T16:40:25.008Z</time></trkpt><trkpt lat="37.799355" lon="-122.452699"><ele>17.713</ele><time>2024-05-22T16:40:26.008Z</time></trkpt><trkpt lat="37.799395" lon="-122.452744"><ele>18.068</ele><time>2024-05-22T16:40:27.008Z</time></trkpt><trkpt lat="37.799447" lon="-122.452780"><ele>18.216</ele><time>2024-05-22T16:40:28.009Z</time></trkpt><trkpt lat="37.799507" lon="-122.452810"><ele>18.657</ele><time>2024-05-22T16:40:29.009Z</time></trkpt><trkpt lat="37.799575" lon="-122.452828"><ele>18.678</ele><time>2024-05-22T16:40:30.009Z</time></trkpt><trkpt lat="37.799647" lon="-122.452837"><ele>19.096</ele><time>2024-05-22T16:40:31.009Z</time></trkpt><trkpt lat="37.799716" lon="-122.452852"><ele>19.037</ele><time>2024-05-22T16:40:32.009Z</time></trkpt><trkpt lat="37.799796" lon="-122.452876"><ele>18.746</ele><time>2024-05-22T16:40:33.009Z</time></trkpt><trkpt lat="37.799872" lon="-122.452898"><ele>18.188</ele><time>2024-05-22T16:40:34.009Z</time></trkpt><trkpt lat="37.799948" lon="-122.452923"><ele>17.816</ele><time>2024-05-22T16:40:35.009Z</time></trkpt><trkpt lat="37.800023" lon="-122.452954"><ele>17.809</ele><time>2024-05-22T16:40:36.009Z</time></trkpt><trkpt lat="37.800094" lon="-122.452982"><ele>17.375</ele><time>2024-05-22T16:40:37.009Z</time></trkpt><trkpt lat="37.800160" lon="-122.453025"><ele>16.831</ele><time>2024-05-22T16:40:38.009Z</time></trkpt><trkpt lat="37.800216" lon="-122.453084"><ele>16.835</ele><time>2024-05-22T16:40:39.009Z</time></trkpt><trkpt lat="37.800266" lon="-122.453142"><ele>16.350</ele><time>2024-05-22T16:40:40.009Z</time></trkpt><trkpt lat="37.800313" lon="-122.453201"><ele>15.898</ele><time>2024-05-22T16:40:41.009Z</time></trkpt><trkpt lat="37.800352" lon="-122.453274"><ele>15.859</ele><time>2024-05-22T16:40:42.009Z</time></trkpt><trkpt lat="37.800389" lon="-122.453339"><ele>15.870</ele><time>2024-05-22T16:40:43.009Z</time></trkpt><trkpt lat="37.800418" lon="-122.453420"><ele>15.118</ele><time>2024-05-22T16:40:44.009Z</time></trkpt><trkpt lat="37.800451" lon="-122.453486"><ele>14.759</ele><time>2024-05-22T16:40:45.009Z</time></trkpt><trkpt lat="37.800480" lon="-122.453566"><ele>14.795</ele><time>2024-05-22T16:40:46.009Z</time></trkpt><trkpt lat="37.800510" lon="-122.453631"><ele>14.649</ele><time>2024-05-22T16:40:47.009Z</time></trkpt><trkpt lat="37.800538" lon="-122.453682"><ele>14.023</ele><time>2024-05-22T16:40:48.009Z</time></trkpt><trkpt lat="37.800574" lon="-122.453726"><ele>13.509</ele><time>2024-05-22T16:40:49.009Z</time></trkpt><trkpt lat="37.800617" lon="-122.453753"><ele>13.330</ele><time>2024-05-22T16:40:50.009Z</time></trkpt><trkpt lat="37.800668" lon="-122.453764"><ele>13.356</ele><time>2024-05-22T16:40:51.009Z</time></trkpt><trkpt lat="37.800725" lon="-122.453755"><ele>13.310</ele><time>2024-05-22T16:40:52.009Z</time></trkpt><trkpt lat="37.800783" lon="-122.453715"><ele>13.345</ele><time>2024-05-22T16:40:53.009Z</time></trkpt><trkpt lat="37.800846" lon="-122.453666"><ele>13.183</ele><time>2024-05-22T16:40:54.009Z</time></trkpt><trkpt lat="37.800914" lon="-122.453610"><ele>12.834</ele><time>2024-05-22T16:40:55.009Z</time></trkpt><trkpt lat="37.800988" lon="-122.453562"><ele>12.475</ele><time>2024-05-22T16:40:56.009Z</time></trkpt><trkpt lat="37.801058" lon="-122.453511"><ele>12.263</ele><time>2024-05-22T16:40:57.009Z</time></trkpt><trkpt lat="37.801123" lon="-122.453461"><ele>11.914</ele><time>2024-05-22T16:40:58.009Z</time></trkpt><trkpt lat="37.801196" lon="-122.453417"><ele>11.274</ele><time>2024-05-22T16:40:59.009Z</time></trkpt><trkpt lat="37.801262" lon="-122.453372"><ele>10.456</ele><time>2024-05-22T16:41:00.009Z</time></trkpt><trkpt lat="37.801334" lon="-122.453336"><ele>9.921</ele><time>2024-05-22T16:41:01.009Z</time></trkpt><trkpt lat="37.801400" lon="-122.453303"><ele>9.709</ele><time>2024-05-22T16:41:02.009Z</time></trkpt><trkpt lat="37.801457" lon="-122.453267"><ele>9.328</ele><time>2024-05-22T16:41:03.009Z</time></trkpt><trkpt lat="37.801512" lon="-122.453229"><ele>8.934</ele><time>2024-05-22T16:41:04.009Z</time></trkpt><trkpt lat="37.801563" lon="-122.453200"><ele>8.978</ele><time>2024-05-22T16:41:05.009Z</time></trkpt><trkpt lat="37.801612" lon="-122.453170"><ele>8.573</ele><time>2024-05-22T16:41:06.009Z</time></trkpt><trkpt lat="37.801684" lon="-122.453123"><ele>8.551</ele><time>2024-05-22T16:41:08.009Z</time></trkpt><trkpt lat="37.801746" lon="-122.453080"><ele>8.272</ele><time>2024-05-22T16:41:10.009Z</time></trkpt><trkpt lat="37.801784" lon="-122.453043"><ele>8.153</ele><time>2024-05-22T16:41:12.009Z</time></trkpt><trkpt lat="37.801835" lon="-122.453025"><ele>7.921</ele><time>2024-05-22T16:41:17.009Z</time></trkpt><trkpt lat="37.801901" lon="-122.452962"><ele>7.692</ele><time>2024-05-22T16:41:21.009Z</time></trkpt><trkpt lat="37.801953" lon="-122.452928"><ele>7.578</ele><time>2024-05-22T16:41:22.009Z</time></trkpt><trkpt lat="37.802001" lon="-122.452898"><ele>7.233</ele><time>2024-05-22T16:41:23.009Z</time></trkpt><trkpt lat="37.802056" lon="-122.452864"><ele>7.126</ele><time>2024-05-22T16:41:24.009Z</time></trkpt><trkpt lat="37.802103" lon="-122.452825"><ele>7.109</ele><time>2024-05-22T16:41:25.009Z</time></trkpt><trkpt lat="37.802165" lon="-122.452743"><ele>6.928</ele><time>2024-05-22T16:41:27.009Z</time></trkpt><trkpt lat="37.802232" lon="-122.452688"><ele>6.734</ele><time>2024-05-22T16:41:29.009Z</time></trkpt><trkpt lat="37.802283" lon="-122.452646"><ele>6.678</ele><time>2024-05-22T16:41:31.009Z</time></trkpt><trkpt lat="37.802335" lon="-122.452602"><ele>6.443</ele><time>2024-05-22T16:41:33.009Z</time></trkpt><trkpt lat="37.802374" lon="-122.452569"><ele>6.361</ele><time>2024-05-22T16:41:35.009Z</time></trkpt><trkpt lat="37.802427" lon="-122.452525"><ele>6.012</ele><time>2024-05-22T16:41:38.009Z</time></trkpt><trkpt lat="37.802469" lon="-122.452490"><ele>5.873</ele><time>2024-05-22T16:41:40.009Z</time></trkpt><trkpt lat="37.802528" lon="-122.452432"><ele>5.791</ele><time>2024-05-22T16:41:42.009Z</time></trkpt><trkpt lat="37.802569" lon="-122.452391"><ele>5.662</ele><time>2024-05-22T16:41:43.009Z</time></trkpt><trkpt lat="37.802615" lon="-122.452341"><ele>5.676</ele><time>2024-05-22T16:41:44.009Z</time></trkpt><trkpt lat="37.802659" lon="-122.452292"><ele>5.590</ele><time>2024-05-22T16:41:45.009Z</time></trkpt><trkpt lat="37.802702" lon="-122.452244"><ele>5.219</ele><time>2024-05-22T16:41:46.009Z</time></trkpt><trkpt lat="37.802740" lon="-122.452200"><ele>4.809</ele><time>2024-05-22T16:41:47.009Z</time></trkpt><trkpt lat="37.802782" lon="-122.452149"><ele>4.538</ele><time>2024-05-22T16:41:48.009Z</time></trkpt><trkpt lat="37.802823" lon="-122.452100"><ele>4.424</ele><time>2024-05-22T16:41:49.009Z</time></trkpt><trkpt lat="37.802863" lon="-122.452045"><ele>4.268</ele><time>2024-05-22T16:41:50.009Z</time></trkpt><trkpt lat="37.802899" lon="-122.451992"><ele>4.233</ele><time>2024-05-22T16:41:51.009Z</time></trkpt><trkpt lat="37.802940" lon="-122.451941"><ele>4.231</ele><time>2024-05-22T16:41:52.009Z</time></trkpt><trkpt lat="37.802978" lon="-122.451893"><ele>4.022</ele><time>2024-05-22T16:41:53.009Z</time></trkpt><trkpt lat="37.803014" lon="-122.451847"><ele>3.983</ele><time>2024-05-22T16:41:54.009Z</time></trkpt><trkpt lat="37.803065" lon="-122.451780"><ele>3.971</ele><time>2024-05-22T16:41:56.009Z</time></trkpt><trkpt lat="37.803100" lon="-122.451734"><ele>3.862</ele><time>2024-05-22T16:41:59.009Z</time></trkpt><trkpt lat="37.803140" lon="-122.451679"><ele>3.812</ele><time>2024-05-22T16:42:08.009Z</time></trkpt><trkpt lat="37.803180" lon="-122.451624"><ele>3.932</ele><time>2024-05-22T16:42:10.009Z</time></trkpt><trkpt lat="37.803211" lon="-122.451577"><ele>4.805</ele><time>2024-05-22T16:42:11.009Z</time></trkpt><trkpt lat="37.803251" lon="-122.451517"><ele>5.309</ele><time>2024-05-22T16:42:12.009Z</time></trkpt><trkpt lat="37.803288" lon="-122.451458"><ele>5.372</ele><time>2024-05-22T16:42:13.009Z</time></trkpt><trkpt lat="37.803317" lon="-122.451411"><ele>5.748</ele><time>2024-05-22T16:42:14.009Z</time></trkpt><trkpt lat="37.803351" lon="-122.451358"><ele>5.742</ele><time>2024-05-22T16:42:15.009Z</time></trkpt><trkpt lat="37.803482" lon="-122.451429"><ele>5.847</ele><time>2024-05-22T16:42:19.009Z</time></trkpt><trkpt lat="37.803587" lon="-122.451664"><ele>8.815</ele><time>2024-05-22T16:42:20.010Z</time></trkpt><trkpt lat="37.803606" lon="-122.451796"><ele>9.836</ele><time>2024-05-22T16:42:21.010Z</time></trkpt><trkpt lat="37.803622" lon="-122.451941"><ele>10.557</ele><time>2024-05-22T16:42:22.010Z</time></trkpt><trkpt lat="37.803632" lon="-122.452089"><ele>11.185</ele><time>2024-05-22T16:42:23.010Z</time></trkpt><trkpt lat="37.803636" lon="-122.452240"><ele>11.126</ele><time>2024-05-22T16:42:24.011Z</time></trkpt><trkpt lat="37.803631" lon="-122.452397"><ele>11.124</ele><time>2024-05-22T16:42:25.011Z</time></trkpt><trkpt lat="37.803622" lon="-122.452522"><ele>11.904</ele><time>2024-05-22T16:42:26.011Z</time></trkpt><trkpt lat="37.803607" lon="-122.452664"><ele>12.014</ele><time>2024-05-22T16:42:27.010Z</time></trkpt><trkpt lat="37.803584" lon="-122.452825"><ele>12.609</ele><time>2024-05-22T16:42:28.010Z</time></trkpt><trkpt lat="37.803559" lon="-122.452980"><ele>14.893</ele><time>2024-05-22T16:42:29.011Z</time></trkpt><trkpt lat="37.803529" lon="-122.453151"><ele>15.529</ele><time>2024-05-22T16:42:30.011Z</time></trkpt><trkpt lat="37.803501" lon="-122.453311"><ele>15.583</ele><time>2024-05-22T16:42:31.011Z</time></trkpt><trkpt lat="37.803470" lon="-122.453482"><ele>15.438</ele><time>2024-05-22T16:42:32.011Z</time></trkpt><trkpt lat="37.803437" lon="-122.453670"><ele>14.276</ele><time>2024-05-22T16:42:33.011Z</time></trkpt><trkpt lat="37.803399" lon="-122.453879"><ele>13.217</ele><time>2024-05-22T16:42:34.011Z</time></trkpt><trkpt lat="37.803336" lon="-122.454067"><ele>13.288</ele><time>2024-05-22T16:42:35.011Z</time></trkpt><trkpt lat="37.803306" lon="-122.454284"><ele>15.416</ele><time>2024-05-22T16:42:36.011Z</time></trkpt><trkpt lat="37.803291" lon="-122.454507"><ele>14.157</ele><time>2024-05-22T16:42:37.011Z</time></trkpt><trkpt lat="37.803279" lon="-122.454724"><ele>11.268</ele><time>2024-05-22T16:42:38.011Z</time></trkpt><trkpt lat="37.803250" lon="-122.454904"><ele>11.542</ele><time>2024-05-22T16:42:39.011Z</time></trkpt><trkpt lat="37.803235" lon="-122.455120"><ele>12.326</ele><time>2024-05-22T16:42:40.011Z</time></trkpt><trkpt lat="37.803212" lon="-122.455319"><ele>13.209</ele><time>2024-05-22T16:42:41.011Z</time></trkpt><trkpt lat="37.803195" lon="-122.455521"><ele>15.427</ele><time>2024-05-22T16:42:42.011Z</time></trkpt><trkpt lat="37.803179" lon="-122.455723"><ele>16.923</ele><time>2024-05-22T16:42:43.011Z</time></trkpt><trkpt lat="37.803219" lon="-122.455497"><ele>11.337</ele><time>2024-05-22T16:42:44.160Z</time></trkpt><trkpt lat="37.802947" lon="-122.456768"><ele>6.562</ele><time>2024-05-22T16:42:51.011Z</time></trkpt><trkpt lat="37.802914" lon="-122.456929"><ele>6.520</ele><time>2024-05-22T16:42:52.011Z</time></trkpt><trkpt lat="37.802841" lon="-122.457314"><ele>10.931</ele><time>2024-05-22T16:42:53.011Z</time></trkpt><trkpt lat="37.802769" lon="-122.457562"><ele>11.792</ele><time>2024-05-22T16:42:54.011Z</time></trkpt><trkpt lat="37.802664" lon="-122.458042"><ele>19.290</ele><time>2024-05-22T16:42:55.011Z</time></trkpt><trkpt lat="37.802546" lon="-122.458427"><ele>21.191</ele><time>2024-05-22T16:42:56.011Z</time></trkpt><trkpt lat="37.802450" lon="-122.458752"><ele>22.183</ele><time>2024-05-22T16:42:57.011Z</time></trkpt><trkpt lat="37.802368" lon="-122.459033"><ele>21.825</ele><time>2024-05-22T16:42:58.011Z</time></trkpt><trkpt lat="37.802244" lon="-122.459442"><ele>28.917</ele><time>2024-05-22T16:42:59.011Z</time></trkpt><trkpt lat="37.802161" lon="-122.459681"><ele>29.609</ele><time>2024-05-22T16:43:00.011Z</time></trkpt><trkpt lat="37.802090" lon="-122.459895"><ele>30.869</ele><time>2024-05-22T16:43:01.011Z</time></trkpt><trkpt lat="37.802022" lon="-122.460112"><ele>31.675</ele><time>2024-05-22T16:43:02.011Z</time></trkpt><trkpt lat="37.801966" lon="-122.460350"><ele>30.529</ele><time>2024-05-22T16:43:03.011Z</time></trkpt><trkpt lat="37.801908" lon="-122.460571"><ele>28.894</ele><time>2024-05-22T16:43:04.011Z</time></trkpt><trkpt lat="37.801859" lon="-122.460778"><ele>28.982</ele><time>2024-05-22T16:43:05.011Z</time></trkpt><trkpt lat="37.801821" lon="-122.461027"><ele>21.893</ele><time>2024-05-22T16:43:06.011Z</time></trkpt><trkpt lat="37.801795" lon="-122.461268"><ele>14.044</ele><time>2024-05-22T16:43:07.011Z</time></trkpt><trkpt lat="37.801764" lon="-122.461508"><ele>14.072</ele><time>2024-05-22T16:43:08.011Z</time></trkpt><trkpt lat="37.801744" lon="-122.461756"><ele>14.843</ele><time>2024-05-22T16:43:09.011Z</time></trkpt><trkpt lat="37.801723" lon="-122.461989"><ele>15.115</ele><time>2024-05-22T16:43:10.011Z</time></trkpt><trkpt lat="37.801708" lon="-122.462221"><ele>14.965</ele><time>2024-05-22T16:43:11.011Z</time></trkpt><trkpt lat="37.801704" lon="-122.462446"><ele>15.411</ele><time>2024-05-22T16:43:12.011Z</time></trkpt><trkpt lat="37.801708" lon="-122.462674"><ele>15.909</ele><time>2024-05-22T16:43:13.011Z</time></trkpt><trkpt lat="37.801718" lon="-122.462899"><ele>16.042</ele><time>2024-05-22T16:43:14.011Z</time></trkpt><trkpt lat="37.801737" lon="-122.463128"><ele>15.878</ele><time>2024-05-22T16:43:15.011Z</time></trkpt><trkpt lat="37.801794" lon="-122.463383"><ele>16.442</ele><time>2024-05-22T16:43:16.152Z</time></trkpt><trkpt lat="37.802032" lon="-122.464618"><ele>17.947</ele><time>2024-05-22T16:43:22.011Z</time></trkpt><trkpt lat="37.802076" lon="-122.464831"><ele>17.995</ele><time>2024-05-22T16:43:23.011Z</time></trkpt><trkpt lat="37.802134" lon="-122.465111"><ele>18.296</ele><time>2024-05-22T16:43:24.011Z</time></trkpt><trkpt lat="37.802196" lon="-122.465409"><ele>19.177</ele><time>2024-05-22T16:43:25.011Z</time></trkpt><trkpt lat="37.802267" lon="-122.465667"><ele>20.325</ele><time>2024-05-22T16:43:26.011Z</time></trkpt><trkpt lat="37.802344" lon="-122.465879"><ele>22.036</ele><time>2024-05-22T16:43:27.011Z</time></trkpt><trkpt lat="37.802410" lon="-122.466119"><ele>26.982</ele><time>2024-05-22T16:43:28.011Z</time></trkpt><trkpt lat="37.802462" lon="-122.466336"><ele>30.543</ele><time>2024-05-22T16:43:29.011Z</time></trkpt><trkpt lat="37.802518" lon="-122.466558"><ele>30.917</ele><time>2024-05-22T16:43:30.011Z</time></trkpt><trkpt lat="37.802571" lon="-122.466779"><ele>31.709</ele><time>2024-05-22T16:43:31.011Z</time></trkpt><trkpt lat="37.802614" lon="-122.467000"><ele>33.319</ele><time>2024-05-22T16:43:32.011Z</time></trkpt><trkpt lat="37.802656" lon="-122.467213"><ele>35.145</ele><time>2024-05-22T16:43:33.011Z</time></trkpt><trkpt lat="37.802704" lon="-122.467432"><ele>36.739</ele><time>2024-05-22T16:43:34.011Z</time></trkpt><trkpt lat="37.802748" lon="-122.467647"><ele>38.314</ele><time>2024-05-22T16:43:35.011Z</time></trkpt><trkpt lat="37.802792" lon="-122.467866"><ele>39.062</ele><time>2024-05-22T16:43:36.011Z</time></trkpt><trkpt lat="37.802840" lon="-122.468088"><ele>39.553</ele><time>2024-05-22T16:43:37.011Z</time></trkpt><trkpt lat="37.802889" lon="-122.468308"><ele>40.394</ele><time>2024-05-22T16:43:38.011Z</time></trkpt><trkpt lat="37.802943" lon="-122.468527"><ele>40.622</ele><time>2024-05-22T16:43:39.011Z</time></trkpt><trkpt lat="37.802998" lon="-122.468743"><ele>42.253</ele><time>2024-05-22T16:43:40.011Z</time></trkpt><trkpt lat="37.803059" lon="-122.468963"><ele>43.472</ele><time>2024-05-22T16:43:41.011Z</time></trkpt><trkpt lat="37.803123" lon="-122.469181"><ele>43.113</ele><time>2024-05-22T16:43:42.011Z</time></trkpt><trkpt lat="37.803190" lon="-122.469398"><ele>44.114</ele><time>2024-05-22T16:43:43.011Z</time></trkpt><trkpt lat="37.803259" lon="-122.469615"><ele>45.109</ele><time>2024-05-22T16:43:44.011Z</time></trkpt><trkpt lat="37.803328" lon="-122.469824"><ele>46.488</ele><time>2024-05-22T16:43:45.011Z</time></trkpt><trkpt lat="37.803397" lon="-122.470037"><ele>48.164</ele><time>2024-05-22T16:43:46.011Z</time></trkpt><trkpt lat="37.803467" lon="-122.470249"><ele>49.198</ele><time>2024-05-22T16:43:47.011Z</time></trkpt><trkpt lat="37.803544" lon="-122.470460"><ele>50.233</ele><time>2024-05-22T16:43:48.011Z</time></trkpt><trkpt lat="37.803626" lon="-122.470663"><ele>51.661</ele><time>2024-05-22T16:43:49.011Z</time></trkpt><trkpt lat="37.803712" lon="-122.470860"><ele>52.622</ele><time>2024-05-22T16:43:50.011Z</time></trkpt><trkpt lat="37.803808" lon="-122.471059"><ele>53.283</ele><time>2024-05-22T16:43:51.011Z</time></trkpt><trkpt lat="37.803902" lon="-122.471255"><ele>54.151</ele><time>2024-05-22T16:43:52.011Z</time></trkpt><trkpt lat="37.804002" lon="-122.471451"><ele>55.572</ele><time>2024-05-22T16:43:53.011Z</time></trkpt><trkpt lat="37.804107" lon="-122.471648"><ele>56.936</ele><time>2024-05-22T16:43:54.011Z</time></trkpt><trkpt lat="37.804211" lon="-122.471839"><ele>58.017</ele><time>2024-05-22T16:43:55.011Z</time></trkpt><trkpt lat="37.804322" lon="-122.472030"><ele>58.218</ele><time>2024-05-22T16:43:56.011Z</time></trkpt><trkpt lat="37.804428" lon="-122.472212"><ele>59.209</ele><time>2024-05-22T16:43:57.011Z</time></trkpt><trkpt lat="37.804545" lon="-122.472395"><ele>60.544</ele><time>2024-05-22T16:43:58.011Z</time></trkpt><trkpt lat="37.804663" lon="-122.472575"><ele>61.130</ele><time>2024-05-22T16:43:59.011Z</time></trkpt><trkpt lat="37.804785" lon="-122.472759"><ele>61.484</ele><time>2024-05-22T16:44:00.011Z</time></trkpt><trkpt lat="37.804932" lon="-122.472920"><ele>59.749</ele><time>2024-05-22T16:44:01.011Z</time></trkpt><trkpt lat="37.805063" lon="-122.473098"><ele>58.017</ele><time>2024-05-22T16:44:02.011Z</time></trkpt><trkpt lat="37.805198" lon="-122.473271"><ele>57.688</ele><time>2024-05-22T16:44:03.011Z</time></trkpt><trkpt lat="37.805337" lon="-122.473440"><ele>57.249</ele><time>2024-05-22T16:44:04.011Z</time></trkpt><trkpt lat="37.805481" lon="-122.473602"><ele>57.037</ele><time>2024-05-22T16:44:05.011Z</time></trkpt><trkpt lat="37.805622" lon="-122.473774"><ele>56.918</ele><time>2024-05-22T16:44:06.011Z</time></trkpt><trkpt lat="37.805772" lon="-122.473929"><ele>56.664</ele><time>2024-05-22T16:44:07.011Z</time></trkpt><trkpt lat="37.805920" lon="-122.474082"><ele>56.306</ele><time>2024-05-22T16:44:08.011Z</time></trkpt><trkpt lat="37.806072" lon="-122.474234"><ele>55.816</ele><time>2024-05-22T16:44:09.011Z</time></trkpt><trkpt lat="37.806220" lon="-122.474385"><ele>56.009</ele><time>2024-05-22T16:44:10.011Z</time></trkpt><trkpt lat="37.806365" lon="-122.474532"><ele>56.367</ele><time>2024-05-22T16:44:11.011Z</time></trkpt><trkpt lat="37.806511" lon="-122.474678"><ele>55.913</ele><time>2024-05-22T16:44:12.011Z</time></trkpt><trkpt lat="37.806652" lon="-122.474804"><ele>55.667</ele><time>2024-05-22T16:44:13.011Z</time></trkpt><trkpt lat="37.806790" lon="-122.474927"><ele>55.162</ele><time>2024-05-22T16:44:14.011Z</time></trkpt><trkpt lat="37.806924" lon="-122.475038"><ele>54.590</ele><time>2024-05-22T16:44:15.011Z</time></trkpt><trkpt lat="37.807047" lon="-122.475151"><ele>54.671</ele><time>2024-05-22T16:44:16.011Z</time></trkpt><trkpt lat="37.807165" lon="-122.475266"><ele>54.222</ele><time>2024-05-22T16:44:17.011Z</time></trkpt><trkpt lat="37.807278" lon="-122.475388"><ele>53.640</ele><time>2024-05-22T16:44:18.011Z</time></trkpt><trkpt lat="37.807388" lon="-122.475513"><ele>53.531</ele><time>2024-05-22T16:44:19.011Z</time></trkpt><trkpt lat="37.807492" lon="-122.475636"><ele>52.865</ele><time>2024-05-22T16:44:20.011Z</time></trkpt><trkpt lat="37.807587" lon="-122.475757"><ele>52.268</ele><time>2024-05-22T16:44:21.011Z</time></trkpt><trkpt lat="37.807687" lon="-122.475894"><ele>52.614</ele><time>2024-05-22T16:44:22.011Z</time></trkpt><trkpt lat="37.807788" lon="-122.476041"><ele>53.909</ele><time>2024-05-22T16:44:23.011Z</time></trkpt><trkpt lat="37.807886" lon="-122.476191"><ele>55.287</ele><time>2024-05-22T16:44:24.011Z</time></trkpt><trkpt lat="37.807994" lon="-122.476339"><ele>56.153</ele><time>2024-05-22T16:44:25.011Z</time></trkpt><trkpt lat="37.808110" lon="-122.476489"><ele>56.977</ele><time>2024-05-22T16:44:26.012Z</time></trkpt><trkpt lat="37.808239" lon="-122.476620"><ele>57.452</ele><time>2024-05-22T16:44:27.012Z</time></trkpt><trkpt lat="37.808369" lon="-122.476747"><ele>57.830</ele><time>2024-05-22T16:44:28.012Z</time></trkpt><trkpt lat="37.808503" lon="-122.476862"><ele>58.131</ele><time>2024-05-22T16:44:29.011Z</time></trkpt><trkpt lat="37.808642" lon="-122.476966"><ele>58.812</ele><time>2024-05-22T16:44:30.011Z</time></trkpt><trkpt lat="37.808787" lon="-122.477058"><ele>59.630</ele><time>2024-05-22T16:44:31.011Z</time></trkpt><trkpt lat="37.808939" lon="-122.477138"><ele>60.211</ele><time>2024-05-22T16:44:32.011Z</time></trkpt><trkpt lat="37.809093" lon="-122.477209"><ele>61.117</ele><time>2024-05-22T16:44:33.011Z</time></trkpt><trkpt lat="37.809253" lon="-122.477268"><ele>62.087</ele><time>2024-05-22T16:44:34.011Z</time></trkpt><trkpt lat="37.809415" lon="-122.477316"><ele>62.215</ele><time>2024-05-22T16:44:35.011Z</time></trkpt><trkpt lat="37.809581" lon="-122.477350"><ele>62.609</ele><time>2024-05-22T16:44:36.011Z</time></trkpt><trkpt lat="37.809749" lon="-122.477379"><ele>63.512</ele><time>2024-05-22T16:44:37.011Z</time></trkpt><trkpt lat="37.809920" lon="-122.477394"><ele>63.968</ele><time>2024-05-22T16:44:38.011Z</time></trkpt><trkpt lat="37.810086" lon="-122.477408"><ele>63.942</ele><time>2024-05-22T16:44:39.012Z</time></trkpt><trkpt lat="37.810250" lon="-122.477425"><ele>64.677</ele><time>2024-05-22T16:44:40.012Z</time></trkpt><trkpt lat="37.810426" lon="-122.477440"><ele>65.555</ele><time>2024-05-22T16:44:41.012Z</time></trkpt><trkpt lat="37.810602" lon="-122.477457"><ele>65.786</ele><time>2024-05-22T16:44:42.012Z</time></trkpt><trkpt lat="37.810772" lon="-122.477483"><ele>67.467</ele><time>2024-05-22T16:44:43.012Z</time></trkpt><trkpt lat="37.810953" lon="-122.477505"><ele>70.025</ele><time>2024-05-22T16:44:44.012Z</time></trkpt><trkpt lat="37.811137" lon="-122.477531"><ele>71.576</ele><time>2024-05-22T16:44:45.012Z</time></trkpt><trkpt lat="37.811315" lon="-122.477551"><ele>72.432</ele><time>2024-05-22T16:44:46.012Z</time></trkpt><trkpt lat="37.811499" lon="-122.477570"><ele>72.992</ele><time>2024-05-22T16:44:47.012Z</time></trkpt><trkpt lat="37.811685" lon="-122.477594"><ele>73.811</ele><time>2024-05-22T16:44:48.012Z</time></trkpt><trkpt lat="37.811875" lon="-122.477615"><ele>75.609</ele><time>2024-05-22T16:44:49.012Z</time></trkpt><trkpt lat="37.812062" lon="-122.477643"><ele>76.854</ele><time>2024-05-22T16:44:50.012Z</time></trkpt><trkpt lat="37.812251" lon="-122.477663"><ele>77.020</ele><time>2024-05-22T16:44:51.012Z</time></trkpt><trkpt lat="37.812444" lon="-122.477685"><ele>77.434</ele><time>2024-05-22T16:44:52.012Z</time></trkpt><trkpt lat="37.812637" lon="-122.477710"><ele>78.029</ele><time>2024-05-22T16:44:53.012Z</time></trkpt><trkpt lat="37.812837" lon="-122.477731"><ele>78.797</ele><time>2024-05-22T16:44:54.012Z</time></trkpt><trkpt lat="37.813036" lon="-122.477751"><ele>78.648</ele><time>2024-05-22T16:44:55.012Z</time></trkpt><trkpt lat="37.813240" lon="-122.477768"><ele>78.269</ele><time>2024-05-22T16:44:56.012Z</time></trkpt><trkpt lat="37.813440" lon="-122.477791"><ele>79.267</ele><time>2024-05-22T16:44:57.012Z</time></trkpt><trkpt lat="37.813641" lon="-122.477818"><ele>80.338</ele><time>2024-05-22T16:44:58.012Z</time></trkpt><trkpt lat="37.813815" lon="-122.477850"><ele>81.037</ele><time>2024-05-22T16:44:59.012Z</time></trkpt><trkpt lat="37.814007" lon="-122.477874"><ele>81.849</ele><time>2024-05-22T16:45:00.012Z</time></trkpt><trkpt lat="37.814187" lon="-122.477896"><ele>82.613</ele><time>2024-05-22T16:45:01.012Z</time></trkpt><trkpt lat="37.814376" lon="-122.477904"><ele>83.809</ele><time>2024-05-22T16:45:02.012Z</time></trkpt><trkpt lat="37.814576" lon="-122.477930"><ele>84.884</ele><time>2024-05-22T16:45:03.012Z</time></trkpt><trkpt lat="37.814771" lon="-122.477954"><ele>85.730</ele><time>2024-05-22T16:45:04.012Z</time></trkpt><trkpt lat="37.814969" lon="-122.477975"><ele>86.484</ele><time>2024-05-22T16:45:05.012Z</time></trkpt><trkpt lat="37.815169" lon="-122.477999"><ele>86.699</ele><time>2024-05-22T16:45:06.012Z</time></trkpt><trkpt lat="37.815363" lon="-122.478027"><ele>87.417</ele><time>2024-05-22T16:45:07.012Z</time></trkpt><trkpt lat="37.815559" lon="-122.478052"><ele>88.178</ele><time>2024-05-22T16:45:08.012Z</time></trkpt><trkpt lat="37.815749" lon="-122.478077"><ele>88.129</ele><time>2024-05-22T16:45:09.012Z</time></trkpt><trkpt lat="37.815941" lon="-122.478104"><ele>88.597</ele><time>2024-05-22T16:45:10.012Z</time></trkpt><trkpt lat="37.816135" lon="-122.478129"><ele>88.718</ele><time>2024-05-22T16:45:11.012Z</time></trkpt><trkpt lat="37.816332" lon="-122.478157"><ele>88.724</ele><time>2024-05-22T16:45:12.012Z</time></trkpt><trkpt lat="37.816530" lon="-122.478182"><ele>88.904</ele><time>2024-05-22T16:45:13.012Z</time></trkpt><trkpt lat="37.816727" lon="-122.478205"><ele>89.314</ele><time>2024-05-22T16:45:14.012Z</time></trkpt><trkpt lat="37.816923" lon="-122.478227"><ele>89.509</ele><time>2024-05-22T16:45:15.012Z</time></trkpt><trkpt lat="37.817115" lon="-122.478249"><ele>89.853</ele><time>2024-05-22T16:45:16.012Z</time></trkpt><trkpt lat="37.817307" lon="-122.478269"><ele>90.269</ele><time>2024-05-22T16:45:17.012Z</time></trkpt><trkpt lat="37.817499" lon="-122.478291"><ele>90.483</ele><time>2024-05-22T16:45:18.012Z</time></trkpt><trkpt lat="37.817695" lon="-122.478308"><ele>90.628</ele><time>2024-05-22T16:45:19.012Z</time></trkpt><trkpt lat="37.817898" lon="-122.478328"><ele>90.846</ele><time>2024-05-22T16:45:20.012Z</time></trkpt><trkpt lat="37.818102" lon="-122.478348"><ele>90.827</ele><time>2024-05-22T16:45:21.012Z</time></trkpt><trkpt lat="37.818301" lon="-122.478369"><ele>90.618</ele><time>2024-05-22T16:45:22.012Z</time></trkpt><trkpt lat="37.818502" lon="-122.478394"><ele>90.346</ele><time>2024-05-22T16:45:23.012Z</time></trkpt><trkpt lat="37.818701" lon="-122.478419"><ele>90.187</ele><time>2024-05-22T16:45:24.012Z</time></trkpt><trkpt lat="37.818902" lon="-122.478446"><ele>90.188</ele><time>2024-05-22T16:45:25.012Z</time></trkpt><trkpt lat="37.819103" lon="-122.478471"><ele>89.624</ele><time>2024-05-22T16:45:26.012Z</time></trkpt><trkpt lat="37.819301" lon="-122.478493"><ele>89.426</ele><time>2024-05-22T16:45:27.012Z</time></trkpt><trkpt lat="37.819503" lon="-122.478516"><ele>90.209</ele><time>2024-05-22T16:45:28.012Z</time></trkpt><trkpt lat="37.819705" lon="-122.478541"><ele>90.759</ele><time>2024-05-22T16:45:29.012Z</time></trkpt><trkpt lat="37.819909" lon="-122.478563"><ele>90.265</ele><time>2024-05-22T16:45:30.012Z</time></trkpt><trkpt lat="37.820112" lon="-122.478591"><ele>89.949</ele><time>2024-05-22T16:45:31.012Z</time></trkpt><trkpt lat="37.820320" lon="-122.478620"><ele>89.944</ele><time>2024-05-22T16:45:32.012Z</time></trkpt><trkpt lat="37.820528" lon="-122.478645"><ele>89.792</ele><time>2024-05-22T16:45:33.012Z</time></trkpt><trkpt lat="37.820739" lon="-122.478670"><ele>89.723</ele><time>2024-05-22T16:45:34.012Z</time></trkpt><trkpt lat="37.820945" lon="-122.478691"><ele>89.534</ele><time>2024-05-22T16:45:35.012Z</time></trkpt><trkpt lat="37.821154" lon="-122.478716"><ele>89.292</ele><time>2024-05-22T16:45:36.012Z</time></trkpt><trkpt lat="37.821362" lon="-122.478739"><ele>88.963</ele><time>2024-05-22T16:45:37.012Z</time></trkpt><trkpt lat="37.821565" lon="-122.478764"><ele>88.542</ele><time>2024-05-22T16:45:38.012Z</time></trkpt><trkpt lat="37.821771" lon="-122.478782"><ele>88.122</ele><time>2024-05-22T16:45:39.012Z</time></trkpt><trkpt lat="37.821982" lon="-122.478808"><ele>87.414</ele><time>2024-05-22T16:45:40.012Z</time></trkpt><trkpt lat="37.822188" lon="-122.478831"><ele>86.909</ele><time>2024-05-22T16:45:41.012Z</time></trkpt><trkpt lat="37.822396" lon="-122.478853"><ele>86.655</ele><time>2024-05-22T16:45:42.012Z</time></trkpt><trkpt lat="37.822596" lon="-122.478876"><ele>87.181</ele><time>2024-05-22T16:45:43.012Z</time></trkpt><trkpt lat="37.822803" lon="-122.478903"><ele>86.985</ele><time>2024-05-22T16:45:44.012Z</time></trkpt><trkpt lat="37.823006" lon="-122.478926"><ele>86.310</ele><time>2024-05-22T16:45:45.012Z</time></trkpt><trkpt lat="37.823207" lon="-122.478956"><ele>86.668</ele><time>2024-05-22T16:45:46.012Z</time></trkpt><trkpt lat="37.823413" lon="-122.478972"><ele>85.829</ele><time>2024-05-22T16:45:47.012Z</time></trkpt><trkpt lat="37.823611" lon="-122.478990"><ele>84.840</ele><time>2024-05-22T16:45:48.012Z</time></trkpt><trkpt lat="37.823811" lon="-122.479012"><ele>84.878</ele><time>2024-05-22T16:45:49.012Z</time></trkpt><trkpt lat="37.824016" lon="-122.479039"><ele>85.219</ele><time>2024-05-22T16:45:50.012Z</time></trkpt><trkpt lat="37.824219" lon="-122.479058"><ele>84.749</ele><time>2024-05-22T16:45:51.012Z</time></trkpt><trkpt lat="37.824423" lon="-122.479083"><ele>84.302</ele><time>2024-05-22T16:45:52.012Z</time></trkpt><trkpt lat="37.824623" lon="-122.479102"><ele>84.722</ele><time>2024-05-22T16:45:53.012Z</time></trkpt><trkpt lat="37.824831" lon="-122.479121"><ele>85.009</ele><time>2024-05-22T16:45:54.012Z</time></trkpt><trkpt lat="37.825033" lon="-122.479141"><ele>84.625</ele><time>2024-05-22T16:45:55.012Z</time></trkpt><trkpt lat="37.825232" lon="-122.479167"><ele>84.711</ele><time>2024-05-22T16:45:56.012Z</time></trkpt><trkpt lat="37.825436" lon="-122.479186"><ele>84.275</ele><time>2024-05-22T16:45:57.012Z</time></trkpt><trkpt lat="37.825643" lon="-122.479216"><ele>82.660</ele><time>2024-05-22T16:45:58.012Z</time></trkpt><trkpt lat="37.825854" lon="-122.479254"><ele>82.998</ele><time>2024-05-22T16:45:59.012Z</time></trkpt><trkpt lat="37.826064" lon="-122.479281"><ele>83.929</ele><time>2024-05-22T16:46:00.012Z</time></trkpt><trkpt lat="37.826283" lon="-122.479309"><ele>83.010</ele><time>2024-05-22T16:46:01.012Z</time></trkpt><trkpt lat="37.826487" lon="-122.479332"><ele>82.228</ele><time>2024-05-22T16:46:02.012Z</time></trkpt><trkpt lat="37.826699" lon="-122.479360"><ele>81.559</ele><time>2024-05-22T16:46:03.012Z</time></trkpt><trkpt lat="37.826909" lon="-122.479388"><ele>80.984</ele><time>2024-05-22T16:46:04.012Z</time></trkpt><trkpt lat="37.827122" lon="-122.479415"><ele>80.307</ele><time>2024-05-22T16:46:05.012Z</time></trkpt><trkpt lat="37.827329" lon="-122.479442"><ele>79.717</ele><time>2024-05-22T16:46:06.012Z</time></trkpt><trkpt lat="37.827529" lon="-122.479464"><ele>79.809</ele><time>2024-05-22T16:46:07.012Z</time></trkpt><trkpt lat="37.827741" lon="-122.479494"><ele>78.749</ele><time>2024-05-22T16:46:08.012Z</time></trkpt><trkpt lat="37.827954" lon="-122.479514"><ele>77.575</ele><time>2024-05-22T16:46:09.012Z</time></trkpt><trkpt lat="37.828159" lon="-122.479527"><ele>78.499</ele><time>2024-05-22T16:46:10.012Z</time></trkpt><trkpt lat="37.828371" lon="-122.479554"><ele>78.064</ele><time>2024-05-22T16:46:11.012Z</time></trkpt><trkpt lat="37.828582" lon="-122.479572"><ele>76.582</ele><time>2024-05-22T16:46:12.012Z</time></trkpt><trkpt lat="37.828795" lon="-122.479607"><ele>75.063</ele><time>2024-05-22T16:46:13.012Z</time></trkpt><trkpt lat="37.829008" lon="-122.479641"><ele>72.434</ele><time>2024-05-22T16:46:14.012Z</time></trkpt><trkpt lat="37.829219" lon="-122.479656"><ele>73.442</ele><time>2024-05-22T16:46:15.012Z</time></trkpt><trkpt lat="37.829427" lon="-122.479677"><ele>76.043</ele><time>2024-05-22T16:46:16.012Z</time></trkpt><trkpt lat="37.829631" lon="-122.479691"><ele>78.269</ele><time>2024-05-22T16:46:17.012Z</time></trkpt><trkpt lat="37.829836" lon="-122.479718"><ele>80.304</ele><time>2024-05-22T16:46:18.012Z</time></trkpt><trkpt lat="37.830042" lon="-122.479741"><ele>80.824</ele><time>2024-05-22T16:46:19.012Z</time></trkpt><trkpt lat="37.830245" lon="-122.479766"><ele>80.909</ele><time>2024-05-22T16:46:20.012Z</time></trkpt><trkpt lat="37.830447" lon="-122.479799"><ele>80.487</ele><time>2024-05-22T16:46:21.012Z</time></trkpt><trkpt lat="37.830650" lon="-122.479828"><ele>80.653</ele><time>2024-05-22T16:46:22.012Z</time></trkpt><trkpt lat="37.830849" lon="-122.479867"><ele>81.767</ele><time>2024-05-22T16:46:23.012Z</time></trkpt><trkpt lat="37.831044" lon="-122.479919"><ele>83.252</ele><time>2024-05-22T16:46:24.012Z</time></trkpt><trkpt lat="37.831243" lon="-122.479990"><ele>84.730</ele><time>2024-05-22T16:46:25.012Z</time></trkpt><trkpt lat="37.831438" lon="-122.480076"><ele>85.751</ele><time>2024-05-22T16:46:26.012Z</time></trkpt><trkpt lat="37.831631" lon="-122.480188"><ele>86.092</ele><time>2024-05-22T16:46:27.012Z</time></trkpt><trkpt lat="37.831812" lon="-122.480299"><ele>86.550</ele><time>2024-05-22T16:46:28.012Z</time></trkpt><trkpt lat="37.831991" lon="-122.480437"><ele>87.351</ele><time>2024-05-22T16:46:29.012Z</time></trkpt><trkpt lat="37.832155" lon="-122.480584"><ele>87.627</ele><time>2024-05-22T16:46:30.012Z</time></trkpt><trkpt lat="37.832313" lon="-122.480757"><ele>87.568</ele><time>2024-05-22T16:46:31.012Z</time></trkpt><trkpt lat="37.832462" lon="-122.480926"><ele>87.714</ele><time>2024-05-22T16:46:32.012Z</time></trkpt><trkpt lat="37.832604" lon="-122.481115"><ele>88.009</ele><time>2024-05-22T16:46:33.011Z</time></trkpt><trkpt lat="37.832736" lon="-122.481313"><ele>88.333</ele><time>2024-05-22T16:46:34.011Z</time></trkpt><trkpt lat="37.832856" lon="-122.481517"><ele>90.299</ele><time>2024-05-22T16:46:35.011Z</time></trkpt><trkpt lat="37.832971" lon="-122.481715"><ele>92.963</ele><time>2024-05-22T16:46:36.011Z</time></trkpt><trkpt lat="37.833088" lon="-122.481928"><ele>93.888</ele><time>2024-05-22T16:46:37.011Z</time></trkpt><trkpt lat="37.833202" lon="-122.482137"><ele>93.636</ele><time>2024-05-22T16:46:38.012Z</time></trkpt><trkpt lat="37.833319" lon="-122.482346"><ele>93.657</ele><time>2024-05-22T16:46:39.012Z</time></trkpt><trkpt lat="37.833432" lon="-122.482545"><ele>93.778</ele><time>2024-05-22T16:46:40.012Z</time></trkpt><trkpt lat="37.833552" lon="-122.482742"><ele>93.556</ele><time>2024-05-22T16:46:41.012Z</time></trkpt><trkpt lat="37.833673" lon="-122.482923"><ele>93.967</ele><time>2024-05-22T16:46:42.012Z</time></trkpt><trkpt lat="37.833795" lon="-122.483095"><ele>94.736</ele><time>2024-05-22T16:46:43.012Z</time></trkpt><trkpt lat="37.833935" lon="-122.483286"><ele>88.617</ele><time>2024-05-22T16:46:44.012Z</time></trkpt><trkpt lat="37.834055" lon="-122.483433"><ele>82.318</ele><time>2024-05-22T16:46:45.012Z</time></trkpt><trkpt lat="37.834172" lon="-122.483562"><ele>82.109</ele><time>2024-05-22T16:46:46.012Z</time></trkpt><trkpt lat="37.834285" lon="-122.483670"><ele>82.274</ele><time>2024-05-22T16:46:47.012Z</time></trkpt><trkpt lat="37.834395" lon="-122.483764"><ele>82.460</ele><time>2024-05-22T16:46:48.012Z</time></trkpt><trkpt lat="37.834507" lon="-122.483845"><ele>82.534</ele><time>2024-05-22T16:46:49.012Z</time></trkpt><trkpt lat="37.834620" lon="-122.483922"><ele>82.849</ele><time>2024-05-22T16:46:50.012Z</time></trkpt><trkpt lat="37.834729" lon="-122.483981"><ele>83.197</ele><time>2024-05-22T16:46:51.012Z</time></trkpt><trkpt lat="37.834828" lon="-122.484026"><ele>83.798</ele><time>2024-05-22T16:46:52.012Z</time></trkpt><trkpt lat="37.834926" lon="-122.484065"><ele>83.929</ele><time>2024-05-22T16:46:53.012Z</time></trkpt><trkpt lat="37.835029" lon="-122.484087"><ele>84.377</ele><time>2024-05-22T16:46:54.012Z</time></trkpt><trkpt lat="37.835135" lon="-122.484090"><ele>84.628</ele><time>2024-05-22T16:46:55.012Z</time></trkpt><trkpt lat="37.835238" lon="-122.484083"><ele>84.642</ele><time>2024-05-22T16:46:56.012Z</time></trkpt><trkpt lat="37.835336" lon="-122.484063"><ele>84.922</ele><time>2024-05-22T16:46:57.012Z</time></trkpt><trkpt lat="37.835429" lon="-122.484034"><ele>85.014</ele><time>2024-05-22T16:46:58.012Z</time></trkpt><trkpt lat="37.835517" lon="-122.483995"><ele>85.009</ele><time>2024-05-22T16:46:59.012Z</time></trkpt><trkpt lat="37.835605" lon="-122.483952"><ele>84.755</ele><time>2024-05-22T16:47:00.012Z</time></trkpt><trkpt lat="37.835689" lon="-122.483903"><ele>84.251</ele><time>2024-05-22T16:47:01.012Z</time></trkpt><trkpt lat="37.835776" lon="-122.483849"><ele>83.615</ele><time>2024-05-22T16:47:02.012Z</time></trkpt><trkpt lat="37.835854" lon="-122.483771"><ele>83.310</ele><time>2024-05-22T16:47:03.012Z</time></trkpt><trkpt lat="37.835940" lon="-122.483710"><ele>82.938</ele><time>2024-05-22T16:47:04.012Z</time></trkpt><trkpt lat="37.836021" lon="-122.483650"><ele>82.299</ele><time>2024-05-22T16:47:05.012Z</time></trkpt><trkpt lat="37.836095" lon="-122.483596"><ele>80.480</ele><time>2024-05-22T16:47:06.012Z</time></trkpt><trkpt lat="37.836160" lon="-122.483549"><ele>80.148</ele><time>2024-05-22T16:47:07.012Z</time></trkpt><trkpt lat="37.836220" lon="-122.483504"><ele>79.079</ele><time>2024-05-22T16:47:08.012Z</time></trkpt><trkpt lat="37.836304" lon="-122.483461"><ele>78.277</ele><time>2024-05-22T16:47:09.012Z</time></trkpt><trkpt lat="37.836384" lon="-122.483428"><ele>78.261</ele><time>2024-05-22T16:47:10.012Z</time></trkpt><trkpt lat="37.836444" lon="-122.483341"><ele>78.627</ele><time>2024-05-22T16:47:11.012Z</time></trkpt><trkpt lat="37.836524" lon="-122.483274"><ele>79.109</ele><time>2024-05-22T16:47:12.012Z</time></trkpt><trkpt lat="37.836617" lon="-122.483206"><ele>79.138</ele><time>2024-05-22T16:47:13.012Z</time></trkpt><trkpt lat="37.836717" lon="-122.483143"><ele>78.874</ele><time>2024-05-22T16:47:14.012Z</time></trkpt><trkpt lat="37.836813" lon="-122.483091"><ele>77.958</ele><time>2024-05-22T16:47:15.012Z</time></trkpt><trkpt lat="37.836909" lon="-122.483049"><ele>77.853</ele><time>2024-05-22T16:47:16.012Z</time></trkpt><trkpt lat="37.837014" lon="-122.483013"><ele>77.841</ele><time>2024-05-22T16:47:17.012Z</time></trkpt><trkpt lat="37.837122" lon="-122.482992"><ele>77.582</ele><time>2024-05-22T16:47:18.012Z</time></trkpt><trkpt lat="37.837224" lon="-122.482979"><ele>76.993</ele><time>2024-05-22T16:47:19.012Z</time></trkpt><trkpt lat="37.837326" lon="-122.482976"><ele>76.551</ele><time>2024-05-22T16:47:20.012Z</time></trkpt><trkpt lat="37.837423" lon="-122.482981"><ele>76.112</ele><time>2024-05-22T16:47:21.012Z</time></trkpt><trkpt lat="37.837501" lon="-122.482985"><ele>75.512</ele><time>2024-05-22T16:47:22.012Z</time></trkpt><trkpt lat="37.837580" lon="-122.482989"><ele>75.532</ele><time>2024-05-22T16:47:23.012Z</time></trkpt><trkpt lat="37.837642" lon="-122.482992"><ele>74.905</ele><time>2024-05-22T16:47:24.012Z</time></trkpt><trkpt lat="37.837689" lon="-122.482993"><ele>74.309</ele><time>2024-05-22T16:47:25.012Z</time></trkpt><trkpt lat="37.837746" lon="-122.482998"><ele>73.512</ele><time>2024-05-22T16:47:27.012Z</time></trkpt><trkpt lat="37.837810" lon="-122.483003"><ele>72.858</ele><time>2024-05-22T16:47:31.012Z</time></trkpt><trkpt lat="37.837860" lon="-122.483006"><ele>72.552</ele><time>2024-05-22T16:47:33.012Z</time></trkpt><trkpt lat="37.837892" lon="-122.483232"><ele>72.037</ele><time>2024-05-22T16:47:35.012Z</time></trkpt><trkpt lat="37.837922" lon="-122.483299"><ele>72.095</ele><time>2024-05-22T16:47:36.012Z</time></trkpt><trkpt lat="37.837980" lon="-122.483347"><ele>71.656</ele><time>2024-05-22T16:47:37.012Z</time></trkpt><trkpt lat="37.838040" lon="-122.483414"><ele>71.337</ele><time>2024-05-22T16:47:38.012Z</time></trkpt><trkpt lat="37.838099" lon="-122.483482"><ele>71.335</ele><time>2024-05-22T16:47:39.012Z</time></trkpt><trkpt lat="37.838164" lon="-122.483561"><ele>71.596</ele><time>2024-05-22T16:47:40.012Z</time></trkpt><trkpt lat="37.838232" lon="-122.483647"><ele>71.966</ele><time>2024-05-22T16:47:41.012Z</time></trkpt><trkpt lat="37.838296" lon="-122.483737"><ele>71.829</ele><time>2024-05-22T16:47:42.012Z</time></trkpt><trkpt lat="37.838369" lon="-122.483822"><ele>71.821</ele><time>2024-05-22T16:47:43.012Z</time></trkpt><trkpt lat="37.838435" lon="-122.483922"><ele>71.709</ele><time>2024-05-22T16:47:44.012Z</time></trkpt><trkpt lat="37.838495" lon="-122.484019"><ele>72.537</ele><time>2024-05-22T16:47:45.012Z</time></trkpt><trkpt lat="37.838557" lon="-122.484124"><ele>72.683</ele><time>2024-05-22T16:47:46.012Z</time></trkpt><trkpt lat="37.838614" lon="-122.484235"><ele>73.147</ele><time>2024-05-22T16:47:47.012Z</time></trkpt><trkpt lat="37.838667" lon="-122.484351"><ele>73.332</ele><time>2024-05-22T16:47:48.012Z</time></trkpt><trkpt lat="37.838718" lon="-122.484471"><ele>73.360</ele><time>2024-05-22T16:47:49.012Z</time></trkpt><trkpt lat="37.838763" lon="-122.484589"><ele>73.341</ele><time>2024-05-22T16:47:50.012Z</time></trkpt><trkpt lat="37.838804" lon="-122.484703"><ele>73.542</ele><time>2024-05-22T16:47:51.012Z</time></trkpt><trkpt lat="37.838840" lon="-122.484810"><ele>74.070</ele><time>2024-05-22T16:47:52.012Z</time></trkpt><trkpt lat="37.838866" lon="-122.484906"><ele>74.021</ele><time>2024-05-22T16:47:53.012Z</time></trkpt><trkpt lat="37.838889" lon="-122.484996"><ele>73.625</ele><time>2024-05-22T16:47:54.012Z</time></trkpt><trkpt lat="37.838912" lon="-122.485069"><ele>73.226</ele><time>2024-05-22T16:47:55.012Z</time></trkpt><trkpt lat="37.838937" lon="-122.485133"><ele>73.108</ele><time>2024-05-22T16:47:56.012Z</time></trkpt><trkpt lat="37.838961" lon="-122.485218"><ele>73.009</ele><time>2024-05-22T16:47:58.012Z</time></trkpt><trkpt lat="37.839050" lon="-122.485171"><ele>72.753</ele><time>2024-05-22T16:47:59.012Z</time></trkpt><trkpt lat="37.839090" lon="-122.485145"><ele>72.779</ele><time>2024-05-22T16:48:00.012Z</time></trkpt><trkpt lat="37.839141" lon="-122.485119"><ele>72.373</ele><time>2024-05-22T16:48:01.012Z</time></trkpt><trkpt lat="37.839153" lon="-122.485042"><ele>72.288</ele><time>2024-05-22T16:48:02.012Z</time></trkpt><trkpt lat="37.839143" lon="-122.484959"><ele>71.746</ele><time>2024-05-22T16:48:03.012Z</time></trkpt><trkpt lat="37.839115" lon="-122.484862"><ele>70.887</ele><time>2024-05-22T16:48:04.012Z</time></trkpt><trkpt lat="37.839073" lon="-122.484771"><ele>70.288</ele><time>2024-05-22T16:48:05.012Z</time></trkpt><trkpt lat="37.839020" lon="-122.484677"><ele>69.746</ele><time>2024-05-22T16:48:06.012Z</time></trkpt><trkpt lat="37.838961" lon="-122.484579"><ele>69.057</ele><time>2024-05-22T16:48:07.012Z</time></trkpt><trkpt lat="37.838904" lon="-122.484483"><ele>68.145</ele><time>2024-05-22T16:48:08.012Z</time></trkpt><trkpt lat="37.838843" lon="-122.484377"><ele>67.547</ele><time>2024-05-22T16:48:09.012Z</time></trkpt><trkpt lat="37.838780" lon="-122.484269"><ele>66.711</ele><time>2024-05-22T16:48:10.012Z</time></trkpt><trkpt lat="37.838707" lon="-122.484168"><ele>66.009</ele><time>2024-05-22T16:48:11.012Z</time></trkpt><trkpt lat="37.838642" lon="-122.484049"><ele>65.265</ele><time>2024-05-22T16:48:12.012Z</time></trkpt><trkpt lat="37.838575" lon="-122.483937"><ele>65.151</ele><time>2024-05-22T16:48:13.012Z</time></trkpt><trkpt lat="37.838500" lon="-122.483824"><ele>64.455</ele><time>2024-05-22T16:48:14.012Z</time></trkpt><trkpt lat="37.838428" lon="-122.483711"><ele>63.970</ele><time>2024-05-22T16:48:15.012Z</time></trkpt><trkpt lat="37.838356" lon="-122.483602"><ele>63.978</ele><time>2024-05-22T16:48:16.012Z</time></trkpt><trkpt lat="37.838276" lon="-122.483489"><ele>63.699</ele><time>2024-05-22T16:48:17.012Z</time></trkpt><trkpt lat="37.838198" lon="-122.483377"><ele>62.620</ele><time>2024-05-22T16:48:18.012Z</time></trkpt><trkpt lat="37.838124" lon="-122.483266"><ele>62.318</ele><time>2024-05-22T16:48:19.012Z</time></trkpt><trkpt lat="37.838049" lon="-122.483159"><ele>61.859</ele><time>2024-05-22T16:48:20.012Z</time></trkpt><trkpt lat="37.837977" lon="-122.483053"><ele>61.152</ele><time>2024-05-22T16:48:21.012Z</time></trkpt><trkpt lat="37.837905" lon="-122.482950"><ele>60.653</ele><time>2024-05-22T16:48:22.012Z</time></trkpt><trkpt lat="37.837832" lon="-122.482844"><ele>58.808</ele><time>2024-05-22T16:48:23.012Z</time></trkpt><trkpt lat="37.837753" lon="-122.482726"><ele>57.809</ele><time>2024-05-22T16:48:24.012Z</time></trkpt><trkpt lat="37.837672" lon="-122.482605"><ele>57.776</ele><time>2024-05-22T16:48:25.012Z</time></trkpt><trkpt lat="37.837597" lon="-122.482494"><ele>57.652</ele><time>2024-05-22T16:48:26.012Z</time></trkpt><trkpt lat="37.837522" lon="-122.482381"><ele>56.546</ele><time>2024-05-22T16:48:27.012Z</time></trkpt><trkpt lat="37.837448" lon="-122.482269"><ele>55.731</ele><time>2024-05-22T16:48:28.012Z</time></trkpt><trkpt lat="37.837367" lon="-122.482172"><ele>55.659</ele><time>2024-05-22T16:48:29.012Z</time></trkpt><trkpt lat="37.837282" lon="-122.482074"><ele>53.590</ele><time>2024-05-22T16:48:30.012Z</time></trkpt><trkpt lat="37.837187" lon="-122.481992"><ele>52.941</ele><time>2024-05-22T16:48:31.012Z</time></trkpt><trkpt lat="37.837087" lon="-122.481905"><ele>52.549</ele><time>2024-05-22T16:48:32.012Z</time></trkpt><trkpt lat="37.836990" lon="-122.481824"><ele>52.060</ele><time>2024-05-22T16:48:33.012Z</time></trkpt><trkpt lat="37.836912" lon="-122.481740"><ele>51.111</ele><time>2024-05-22T16:48:34.012Z</time></trkpt><trkpt lat="37.836835" lon="-122.481633"><ele>50.521</ele><time>2024-05-22T16:48:35.012Z</time></trkpt><trkpt lat="37.836753" lon="-122.481507"><ele>50.503</ele><time>2024-05-22T16:48:36.012Z</time></trkpt><trkpt lat="37.836669" lon="-122.481400"><ele>52.409</ele><time>2024-05-22T16:48:37.012Z</time></trkpt><trkpt lat="37.836578" lon="-122.481303"><ele>52.432</ele><time>2024-05-22T16:48:38.013Z</time></trkpt><trkpt lat="37.836481" lon="-122.481217"><ele>52.258</ele><time>2024-05-22T16:48:39.013Z</time></trkpt><trkpt lat="37.836381" lon="-122.481151"><ele>51.352</ele><time>2024-05-22T16:48:40.013Z</time></trkpt><trkpt lat="37.836274" lon="-122.481081"><ele>50.057</ele><time>2024-05-22T16:48:41.014Z</time></trkpt><trkpt lat="37.836168" lon="-122.481026"><ele>49.355</ele><time>2024-05-22T16:48:42.013Z</time></trkpt><trkpt lat="37.836068" lon="-122.480979"><ele>47.996</ele><time>2024-05-22T16:48:43.013Z</time></trkpt><trkpt lat="37.835967" lon="-122.480946"><ele>46.767</ele><time>2024-05-22T16:48:44.013Z</time></trkpt><trkpt lat="37.835871" lon="-122.480941"><ele>45.195</ele><time>2024-05-22T16:48:45.013Z</time></trkpt><trkpt lat="37.835778" lon="-122.480954"><ele>43.326</ele><time>2024-05-22T16:48:46.013Z</time></trkpt><trkpt lat="37.835690" lon="-122.480987"><ele>41.931</ele><time>2024-05-22T16:48:47.013Z</time></trkpt><trkpt lat="37.835607" lon="-122.481043"><ele>40.361</ele><time>2024-05-22T16:48:48.013Z</time></trkpt><trkpt lat="37.835532" lon="-122.481124"><ele>38.607</ele><time>2024-05-22T16:48:49.013Z</time></trkpt><trkpt lat="37.835463" lon="-122.481219"><ele>37.409</ele><time>2024-05-22T16:48:50.013Z</time></trkpt><trkpt lat="37.835397" lon="-122.481316"><ele>35.824</ele><time>2024-05-22T16:48:51.013Z</time></trkpt><trkpt lat="37.835334" lon="-122.481417"><ele>35.290</ele><time>2024-05-22T16:48:52.013Z</time></trkpt><trkpt lat="37.835273" lon="-122.481514"><ele>34.364</ele><time>2024-05-22T16:48:53.013Z</time></trkpt><trkpt lat="37.835212" lon="-122.481597"><ele>33.269</ele><time>2024-05-22T16:48:54.013Z</time></trkpt><trkpt lat="37.835145" lon="-122.481662"><ele>32.717</ele><time>2024-05-22T16:48:55.013Z</time></trkpt><trkpt lat="37.835067" lon="-122.481699"><ele>32.358</ele><time>2024-05-22T16:48:56.013Z</time></trkpt><trkpt lat="37.834989" lon="-122.481707"><ele>31.769</ele><time>2024-05-22T16:48:57.013Z</time></trkpt><trkpt lat="37.834908" lon="-122.481704"><ele>31.287</ele><time>2024-05-22T16:48:58.013Z</time></trkpt><trkpt lat="37.834835" lon="-122.481669"><ele>30.648</ele><time>2024-05-22T16:48:59.013Z</time></trkpt><trkpt lat="37.834771" lon="-122.481606"><ele>30.349</ele><time>2024-05-22T16:49:00.013Z</time></trkpt><trkpt lat="37.834716" lon="-122.481535"><ele>29.902</ele><time>2024-05-22T16:49:01.013Z</time></trkpt><trkpt lat="37.834665" lon="-122.481453"><ele>29.422</ele><time>2024-05-22T16:49:02.013Z</time></trkpt><trkpt lat="37.834624" lon="-122.481362"><ele>29.209</ele><time>2024-05-22T16:49:03.013Z</time></trkpt><trkpt lat="37.834592" lon="-122.481262"><ele>29.085</ele><time>2024-05-22T16:49:04.013Z</time></trkpt><trkpt lat="37.834573" lon="-122.481164"><ele>28.481</ele><time>2024-05-22T16:49:05.013Z</time></trkpt><trkpt lat="37.834566" lon="-122.481062"><ele>27.855</ele><time>2024-05-22T16:49:06.013Z</time></trkpt><trkpt lat="37.834570" lon="-122.480972"><ele>27.310</ele><time>2024-05-22T16:49:07.013Z</time></trkpt><trkpt lat="37.834591" lon="-122.480881"><ele>26.478</ele><time>2024-05-22T16:49:08.013Z</time></trkpt><trkpt lat="37.834622" lon="-122.480788"><ele>25.529</ele><time>2024-05-22T16:49:09.013Z</time></trkpt><trkpt lat="37.834662" lon="-122.480709"><ele>24.810</ele><time>2024-05-22T16:49:10.013Z</time></trkpt><trkpt lat="37.834717" lon="-122.480633"><ele>24.328</ele><time>2024-05-22T16:49:11.013Z</time></trkpt><trkpt lat="37.834771" lon="-122.480561"><ele>23.439</ele><time>2024-05-22T16:49:12.013Z</time></trkpt><trkpt lat="37.834820" lon="-122.480497"><ele>22.234</ele><time>2024-05-22T16:49:13.013Z</time></trkpt><trkpt lat="37.834860" lon="-122.480443"><ele>21.255</ele><time>2024-05-22T16:49:14.013Z</time></trkpt><trkpt lat="37.834906" lon="-122.480381"><ele>20.210</ele><time>2024-05-22T16:49:15.013Z</time></trkpt><trkpt lat="37.834964" lon="-122.480304"><ele>18.909</ele><time>2024-05-22T16:49:16.013Z</time></trkpt><trkpt lat="37.835017" lon="-122.480246"><ele>17.814</ele><time>2024-05-22T16:49:17.013Z</time></trkpt><trkpt lat="37.835043" lon="-122.480189"><ele>17.240</ele><time>2024-05-22T16:49:18.013Z</time></trkpt><trkpt lat="37.835098" lon="-122.480103"><ele>16.994</ele><time>2024-05-22T16:49:20.013Z</time></trkpt><trkpt lat="37.835123" lon="-122.480050"><ele>16.859</ele><time>2024-05-22T16:49:22.013Z</time></trkpt><trkpt lat="37.835157" lon="-122.479987"><ele>16.037</ele><time>2024-05-22T16:49:24.013Z</time></trkpt><trkpt lat="37.835160" lon="-122.479919"><ele>16.088</ele><time>2024-05-22T16:49:25.013Z</time></trkpt><trkpt lat="37.835075" lon="-122.479815"><ele>15.959</ele><time>2024-05-22T16:49:27.013Z</time></trkpt><trkpt lat="37.835009" lon="-122.479766"><ele>15.977</ele><time>2024-05-22T16:49:28.013Z</time></trkpt><trkpt lat="37.834932" lon="-122.479737"><ele>15.488</ele><time>2024-05-22T16:49:29.013Z</time></trkpt><trkpt lat="37.834845" lon="-122.479704"><ele>14.911</ele><time>2024-05-22T16:49:30.013Z</time></trkpt><trkpt lat="37.834772" lon="-122.479682"><ele>14.421</ele><time>2024-05-22T16:49:31.013Z</time></trkpt><trkpt lat="37.834699" lon="-122.479649"><ele>14.203</ele><time>2024-05-22T16:49:32.013Z</time></trkpt><trkpt lat="37.834618" lon="-122.479618"><ele>13.809</ele><time>2024-05-22T16:49:33.013Z</time></trkpt><trkpt lat="37.834534" lon="-122.479582"><ele>13.482</ele><time>2024-05-22T16:49:34.013Z</time></trkpt><trkpt lat="37.834456" lon="-122.479537"><ele>13.228</ele><time>2024-05-22T16:49:35.013Z</time></trkpt><trkpt lat="37.834382" lon="-122.479472"><ele>13.282</ele><time>2024-05-22T16:49:36.013Z</time></trkpt><trkpt lat="37.834309" lon="-122.479421"><ele>13.137</ele><time>2024-05-22T16:49:37.013Z</time></trkpt><trkpt lat="37.834261" lon="-122.479341"><ele>12.715</ele><time>2024-05-22T16:49:38.013Z</time></trkpt><trkpt lat="37.834213" lon="-122.479252"><ele>12.516</ele><time>2024-05-22T16:49:39.013Z</time></trkpt><trkpt lat="37.834169" lon="-122.479163"><ele>12.357</ele><time>2024-05-22T16:49:40.013Z</time></trkpt><trkpt lat="37.834132" lon="-122.479077"><ele>12.515</ele><time>2024-05-22T16:49:41.013Z</time></trkpt><trkpt lat="37.834091" lon="-122.478984"><ele>12.716</ele><time>2024-05-22T16:49:42.013Z</time></trkpt><trkpt lat="37.834046" lon="-122.478899"><ele>12.737</ele><time>2024-05-22T16:49:43.013Z</time></trkpt><trkpt lat="37.834012" lon="-122.478838"><ele>12.749</ele><time>2024-05-22T16:49:44.013Z</time></trkpt><trkpt lat="37.833986" lon="-122.478778"><ele>12.513</ele><time>2024-05-22T16:49:45.013Z</time></trkpt><trkpt lat="37.833972" lon="-122.478718"><ele>12.509</ele><time>2024-05-22T16:49:46.013Z</time></trkpt><trkpt lat="37.833949" lon="-122.478664"><ele>12.524</ele><time>2024-05-22T16:49:48.013Z</time></trkpt><trkpt lat="37.833918" lon="-122.478593"><ele>12.570</ele><time>2024-05-22T16:49:50.013Z</time></trkpt><trkpt lat="37.833878" lon="-122.478557"><ele>12.624</ele><time>2024-05-22T16:49:51.013Z</time></trkpt><trkpt lat="37.833823" lon="-122.478520"><ele>12.769</ele><time>2024-05-22T16:49:52.013Z</time></trkpt><trkpt lat="37.833770" lon="-122.478479"><ele>12.737</ele><time>2024-05-22T16:49:53.013Z</time></trkpt><trkpt lat="37.833712" lon="-122.478437"><ele>12.798</ele><time>2024-05-22T16:49:54.013Z</time></trkpt><trkpt lat="37.833648" lon="-122.478399"><ele>12.739</ele><time>2024-05-22T16:49:55.013Z</time></trkpt><trkpt lat="37.833582" lon="-122.478358"><ele>12.987</ele><time>2024-05-22T16:49:56.013Z</time></trkpt><trkpt lat="37.833521" lon="-122.478344"><ele>13.148</ele><time>2024-05-22T16:49:57.013Z</time></trkpt><trkpt lat="37.833451" lon="-122.478319"><ele>13.383</ele><time>2024-05-22T16:49:58.013Z</time></trkpt><trkpt lat="37.833374" lon="-122.478300"><ele>13.525</ele><time>2024-05-22T16:49:59.013Z</time></trkpt><trkpt lat="37.833292" lon="-122.478325"><ele>13.517</ele><time>2024-05-22T16:50:00.013Z</time></trkpt><trkpt lat="37.833195" lon="-122.478322"><ele>13.909</ele><time>2024-05-22T16:50:01.013Z</time></trkpt><trkpt lat="37.833097" lon="-122.478309"><ele>14.549</ele><time>2024-05-22T16:50:02.013Z</time></trkpt><trkpt lat="37.833006" lon="-122.478303"><ele>15.345</ele><time>2024-05-22T16:50:03.013Z</time></trkpt><trkpt lat="37.832916" lon="-122.478293"><ele>15.529</ele><time>2024-05-22T16:50:04.013Z</time></trkpt><trkpt lat="37.832826" lon="-122.478269"><ele>15.564</ele><time>2024-05-22T16:50:05.013Z</time></trkpt><trkpt lat="37.832738" lon="-122.478273"><ele>15.522</ele><time>2024-05-22T16:50:06.013Z</time></trkpt><trkpt lat="37.832649" lon="-122.478249"><ele>17.453</ele><time>2024-05-22T16:50:07.013Z</time></trkpt><trkpt lat="37.832575" lon="-122.478199"><ele>17.484</ele><time>2024-05-22T16:50:08.013Z</time></trkpt><trkpt lat="37.832509" lon="-122.478141"><ele>17.422</ele><time>2024-05-22T16:50:09.013Z</time></trkpt><trkpt lat="37.832438" lon="-122.478082"><ele>17.593</ele><time>2024-05-22T16:50:10.013Z</time></trkpt><trkpt lat="37.832367" lon="-122.478029"><ele>17.589</ele><time>2024-05-22T16:50:11.013Z</time></trkpt><trkpt lat="37.832299" lon="-122.477987"><ele>17.506</ele><time>2024-05-22T16:50:12.013Z</time></trkpt><trkpt lat="37.832236" lon="-122.477952"><ele>17.126</ele><time>2024-05-22T16:50:13.013Z</time></trkpt><trkpt lat="37.832176" lon="-122.477934"><ele>16.409</ele><time>2024-05-22T16:50:14.013Z</time></trkpt><trkpt lat="37.832120" lon="-122.477906"><ele>16.039</ele><time>2024-05-22T16:50:15.013Z</time></trkpt><trkpt lat="37.832059" lon="-122.477888"><ele>15.785</ele><time>2024-05-22T16:50:16.013Z</time></trkpt><trkpt lat="37.832002" lon="-122.477876"><ele>15.699</ele><time>2024-05-22T16:50:17.013Z</time></trkpt><trkpt lat="37.831942" lon="-122.477881"><ele>14.864</ele><time>2024-05-22T16:50:18.013Z</time></trkpt><trkpt lat="37.831885" lon="-122.477892"><ele>14.692</ele><time>2024-05-22T16:50:19.013Z</time></trkpt><trkpt lat="37.831833" lon="-122.477904"><ele>13.943</ele><time>2024-05-22T16:50:20.013Z</time></trkpt><trkpt lat="37.831783" lon="-122.477937"><ele>13.944</ele><time>2024-05-22T16:50:21.013Z</time></trkpt><trkpt lat="37.831692" lon="-122.478010"><ele>13.092</ele><time>2024-05-22T16:50:23.013Z</time></trkpt><trkpt lat="37.831646" lon="-122.478075"><ele>12.153</ele><time>2024-05-22T16:50:24.013Z</time></trkpt><trkpt lat="37.831615" lon="-122.478141"><ele>11.626</ele><time>2024-05-22T16:50:25.013Z</time></trkpt><trkpt lat="37.831575" lon="-122.478207"><ele>11.347</ele><time>2024-05-22T16:50:26.013Z</time></trkpt><trkpt lat="37.831543" lon="-122.478275"><ele>11.111</ele><time>2024-05-22T16:50:27.013Z</time></trkpt><trkpt lat="37.831512" lon="-122.478343"><ele>10.709</ele><time>2024-05-22T16:50:28.013Z</time></trkpt><trkpt lat="37.831482" lon="-122.478399"><ele>10.663</ele><time>2024-05-22T16:50:29.013Z</time></trkpt><trkpt lat="37.831458" lon="-122.478452"><ele>10.669</ele><time>2024-05-22T16:50:30.013Z</time></trkpt><trkpt lat="37.831435" lon="-122.478502"><ele>10.343</ele><time>2024-05-22T16:50:31.013Z</time></trkpt><trkpt lat="37.831408" lon="-122.478581"><ele>10.398</ele><time>2024-05-22T16:50:33.013Z</time></trkpt><trkpt lat="37.831350" lon="-122.478618"><ele>10.486</ele><time>2024-05-22T16:50:36.013Z</time></trkpt><trkpt lat="37.831335" lon="-122.478556"><ele>10.367</ele><time>2024-05-22T16:50:40.013Z</time></trkpt><trkpt lat="37.831373" lon="-122.478513"><ele>10.378</ele><time>2024-05-22T16:50:43.013Z</time></trkpt><trkpt lat="37.831412" lon="-122.478477"><ele>9.956</ele><time>2024-05-22T16:51:01.014Z</time></trkpt><trkpt lat="37.831366" lon="-122.478459"><ele>9.867</ele><time>2024-05-22T16:51:31.014Z</time></trkpt><trkpt lat="37.831414" lon="-122.478499"><ele>9.684</ele><time>2024-05-22T16:52:13.014Z</time></trkpt><trkpt lat="37.831422" lon="-122.478441"><ele>9.607</ele><time>2024-05-22T16:53:52.014Z</time></trkpt><trkpt lat="37.831407" lon="-122.478495"><ele>9.817</ele><time>2024-05-22T16:54:01.014Z</time></trkpt><trkpt lat="37.831446" lon="-122.478461"><ele>9.909</ele><time>2024-05-22T16:56:59.014Z</time></trkpt><trkpt lat="37.831411" lon="-122.478508"><ele>10.259</ele><time>2024-05-22T16:57:11.015Z</time></trkpt><trkpt lat="37.831394" lon="-122.478454"><ele>10.235</ele><time>2024-05-22T16:58:48.014Z</time></trkpt><trkpt lat="37.831449" lon="-122.478475"><ele>10.299</ele><time>2024-05-22T16:59:19.016Z</time></trkpt><trkpt lat="37.831493" lon="-122.478435"><ele>10.284</ele><time>2024-05-22T16:59:21.016Z</time></trkpt><trkpt lat="37.831527" lon="-122.478377"><ele>9.842</ele><time>2024-05-22T16:59:22.016Z</time></trkpt><trkpt lat="37.831557" lon="-122.478313"><ele>9.573</ele><time>2024-05-22T16:59:23.016Z</time></trkpt><trkpt lat="37.831620" lon="-122.478209"><ele>9.964</ele><time>2024-05-22T16:59:25.016Z</time></trkpt><trkpt lat="37.831655" lon="-122.478146"><ele>9.612</ele><time>2024-05-22T16:59:26.016Z</time></trkpt><trkpt lat="37.831695" lon="-122.478079"><ele>9.973</ele><time>2024-05-22T16:59:27.016Z</time></trkpt><trkpt lat="37.831740" lon="-122.478036"><ele>9.836</ele><time>2024-05-22T16:59:28.016Z</time></trkpt><trkpt lat="37.831790" lon="-122.477992"><ele>9.817</ele><time>2024-05-22T16:59:29.016Z</time></trkpt><trkpt lat="37.831801" lon="-122.477852"><ele>10.018</ele><time>2024-05-22T16:59:30.016Z</time></trkpt><trkpt lat="37.831896" lon="-122.477846"><ele>10.009</ele><time>2024-05-22T16:59:31.016Z</time></trkpt><trkpt lat="37.831955" lon="-122.477836"><ele>10.154</ele><time>2024-05-22T16:59:32.016Z</time></trkpt><trkpt lat="37.832023" lon="-122.477842"><ele>10.490</ele><time>2024-05-22T16:59:33.016Z</time></trkpt><trkpt lat="37.832086" lon="-122.477855"><ele>11.054</ele><time>2024-05-22T16:59:34.016Z</time></trkpt><trkpt lat="37.832191" lon="-122.477904"><ele>11.589</ele><time>2024-05-22T16:59:36.016Z</time></trkpt><trkpt lat="37.832247" lon="-122.477932"><ele>12.287</ele><time>2024-05-22T16:59:37.016Z</time></trkpt><trkpt lat="37.832306" lon="-122.477960"><ele>13.068</ele><time>2024-05-22T16:59:38.016Z</time></trkpt><trkpt lat="37.832362" lon="-122.477984"><ele>13.729</ele><time>2024-05-22T16:59:39.016Z</time></trkpt><trkpt lat="37.832418" lon="-122.478011"><ele>14.247</ele><time>2024-05-22T16:59:40.016Z</time></trkpt><trkpt lat="37.832480" lon="-122.478049"><ele>14.388</ele><time>2024-05-22T16:59:41.016Z</time></trkpt><trkpt lat="37.832533" lon="-122.478110"><ele>14.838</ele><time>2024-05-22T16:59:42.016Z</time></trkpt><trkpt lat="37.832576" lon="-122.478174"><ele>14.970</ele><time>2024-05-22T16:59:43.016Z</time></trkpt><trkpt lat="37.832636" lon="-122.478200"><ele>15.417</ele><time>2024-05-22T16:59:44.016Z</time></trkpt><trkpt lat="37.832690" lon="-122.478227"><ele>15.509</ele><time>2024-05-22T16:59:45.016Z</time></trkpt><trkpt lat="37.832744" lon="-122.478238"><ele>16.274</ele><time>2024-05-22T16:59:46.016Z</time></trkpt><trkpt lat="37.832813" lon="-122.478245"><ele>17.350</ele><time>2024-05-22T16:59:47.016Z</time></trkpt><trkpt lat="37.832886" lon="-122.478248"><ele>17.324</ele><time>2024-05-22T16:59:48.016Z</time></trkpt><trkpt lat="37.832964" lon="-122.478252"><ele>18.149</ele><time>2024-05-22T16:59:49.016Z</time></trkpt><trkpt lat="37.833040" lon="-122.478256"><ele>18.317</ele><time>2024-05-22T16:59:50.016Z</time></trkpt><trkpt lat="37.833116" lon="-122.478260"><ele>18.388</ele><time>2024-05-22T16:59:51.016Z</time></trkpt><trkpt lat="37.833181" lon="-122.478263"><ele>17.999</ele><time>2024-05-22T16:59:52.016Z</time></trkpt><trkpt lat="37.833250" lon="-122.478266"><ele>17.517</ele><time>2024-05-22T16:59:53.016Z</time></trkpt><trkpt lat="37.833323" lon="-122.478269"><ele>17.528</ele><time>2024-05-22T16:59:54.016Z</time></trkpt><trkpt lat="37.833397" lon="-122.478272"><ele>17.429</ele><time>2024-05-22T16:59:55.016Z</time></trkpt><trkpt lat="37.833472" lon="-122.478277"><ele>16.800</ele><time>2024-05-22T16:59:56.016Z</time></trkpt><trkpt lat="37.833533" lon="-122.478298"><ele>15.920</ele><time>2024-05-22T16:59:57.016Z</time></trkpt><trkpt lat="37.833596" lon="-122.478306"><ele>15.109</ele><time>2024-05-22T16:59:58.016Z</time></trkpt><trkpt lat="37.833660" lon="-122.478317"><ele>14.893</ele><time>2024-05-22T16:59:59.016Z</time></trkpt><trkpt lat="37.833699" lon="-122.478370"><ele>13.439</ele><time>2024-05-22T17:00:00.016Z</time></trkpt><trkpt lat="37.833748" lon="-122.478403"><ele>13.143</ele><time>2024-05-22T17:00:01.016Z</time></trkpt><trkpt lat="37.833792" lon="-122.478417"><ele>11.898</ele><time>2024-05-22T17:00:02.016Z</time></trkpt><trkpt lat="37.833840" lon="-122.478491"><ele>11.816</ele><time>2024-05-22T17:00:04.016Z</time></trkpt><trkpt lat="37.833891" lon="-122.478512"><ele>11.827</ele><time>2024-05-22T17:00:06.016Z</time></trkpt><trkpt lat="37.833936" lon="-122.478533"><ele>11.948</ele><time>2024-05-22T17:00:09.016Z</time></trkpt><trkpt lat="37.834004" lon="-122.478565"><ele>11.996</ele><time>2024-05-22T17:00:11.016Z</time></trkpt><trkpt lat="37.834026" lon="-122.478705"><ele>12.277</ele><time>2024-05-22T17:00:12.016Z</time></trkpt><trkpt lat="37.834055" lon="-122.478760"><ele>12.492</ele><time>2024-05-22T17:00:14.016Z</time></trkpt><trkpt lat="37.834101" lon="-122.478847"><ele>13.273</ele><time>2024-05-22T17:00:16.016Z</time></trkpt><trkpt lat="37.834131" lon="-122.478904"><ele>13.920</ele><time>2024-05-22T17:00:17.016Z</time></trkpt><trkpt lat="37.834156" lon="-122.478953"><ele>13.909</ele><time>2024-05-22T17:00:18.016Z</time></trkpt><trkpt lat="37.834183" lon="-122.479006"><ele>15.170</ele><time>2024-05-22T17:00:19.016Z</time></trkpt><trkpt lat="37.834212" lon="-122.479063"><ele>15.496</ele><time>2024-05-22T17:00:20.016Z</time></trkpt><trkpt lat="37.834237" lon="-122.479111"><ele>15.450</ele><time>2024-05-22T17:00:21.016Z</time></trkpt><trkpt lat="37.834272" lon="-122.479179"><ele>15.995</ele><time>2024-05-22T17:00:22.016Z</time></trkpt><trkpt lat="37.834305" lon="-122.479244"><ele>16.783</ele><time>2024-05-22T17:00:23.016Z</time></trkpt><trkpt lat="37.834342" lon="-122.479303"><ele>17.174</ele><time>2024-05-22T17:00:24.016Z</time></trkpt><trkpt lat="37.834400" lon="-122.479373"><ele>17.565</ele><time>2024-05-22T17:00:25.016Z</time></trkpt><trkpt lat="37.834448" lon="-122.479419"><ele>17.983</ele><time>2024-05-22T17:00:26.016Z</time></trkpt><trkpt lat="37.834531" lon="-122.479482"><ele>18.034</ele><time>2024-05-22T17:00:27.016Z</time></trkpt><trkpt lat="37.834641" lon="-122.479541"><ele>17.639</ele><time>2024-05-22T17:00:28.016Z</time></trkpt><trkpt lat="37.834723" lon="-122.479568"><ele>17.301</ele><time>2024-05-22T17:00:29.016Z</time></trkpt><trkpt lat="37.834806" lon="-122.479567"><ele>16.121</ele><time>2024-05-22T17:00:30.016Z</time></trkpt><trkpt lat="37.834882" lon="-122.479608"><ele>15.309</ele><time>2024-05-22T17:00:31.016Z</time></trkpt><trkpt lat="37.834969" lon="-122.479660"><ele>14.144</ele><time>2024-05-22T17:00:32.016Z</time></trkpt><trkpt lat="37.835050" lon="-122.479671"><ele>13.460</ele><time>2024-05-22T17:00:33.016Z</time></trkpt><trkpt lat="37.835116" lon="-122.479700"><ele>13.234</ele><time>2024-05-22T17:00:34.016Z</time></trkpt><trkpt lat="37.835156" lon="-122.479783"><ele>13.219</ele><time>2024-05-22T17:00:35.016Z</time></trkpt><trkpt lat="37.835197" lon="-122.479846"><ele>13.447</ele><time>2024-05-22T17:00:36.016Z</time></trkpt><trkpt lat="37.835234" lon="-122.479920"><ele>13.818</ele><time>2024-05-22T17:00:37.016Z</time></trkpt><trkpt lat="37.835213" lon="-122.480025"><ele>14.459</ele><time>2024-05-22T17:00:39.016Z</time></trkpt><trkpt lat="37.835197" lon="-122.480087"><ele>15.687</ele><time>2024-05-22T17:00:40.016Z</time></trkpt><trkpt lat="37.835159" lon="-122.480142"><ele>16.528</ele><time>2024-05-22T17:00:41.016Z</time></trkpt><trkpt lat="37.835116" lon="-122.480207"><ele>17.514</ele><time>2024-05-22T17:00:42.016Z</time></trkpt><trkpt lat="37.835077" lon="-122.480256"><ele>18.254</ele><time>2024-05-22T17:00:43.016Z</time></trkpt><trkpt lat="37.835001" lon="-122.480326"><ele>19.509</ele><time>2024-05-22T17:00:44.016Z</time></trkpt><trkpt lat="37.834940" lon="-122.480410"><ele>19.909</ele><time>2024-05-22T17:00:45.016Z</time></trkpt><trkpt lat="37.834868" lon="-122.480504"><ele>20.442</ele><time>2024-05-22T17:00:46.016Z</time></trkpt><trkpt lat="37.834803" lon="-122.480584"><ele>21.038</ele><time>2024-05-22T17:00:47.016Z</time></trkpt><trkpt lat="37.834730" lon="-122.480663"><ele>21.882</ele><time>2024-05-22T17:00:48.016Z</time></trkpt><trkpt lat="37.834680" lon="-122.480755"><ele>22.897</ele><time>2024-05-22T17:00:49.016Z</time></trkpt><trkpt lat="37.834629" lon="-122.480833"><ele>23.145</ele><time>2024-05-22T17:00:50.016Z</time></trkpt><trkpt lat="37.834609" lon="-122.480926"><ele>23.886</ele><time>2024-05-22T17:00:51.016Z</time></trkpt><trkpt lat="37.834610" lon="-122.481022"><ele>24.597</ele><time>2024-05-22T17:00:52.016Z</time></trkpt><trkpt lat="37.834620" lon="-122.481148"><ele>25.485</ele><time>2024-05-22T17:00:53.016Z</time></trkpt><trkpt lat="37.834647" lon="-122.481270"><ele>27.026</ele><time>2024-05-22T17:00:54.016Z</time></trkpt><trkpt lat="37.834689" lon="-122.481385"><ele>28.029</ele><time>2024-05-22T17:00:55.016Z</time></trkpt><trkpt lat="37.834747" lon="-122.481458"><ele>28.900</ele><time>2024-05-22T17:00:56.016Z</time></trkpt><trkpt lat="37.834792" lon="-122.481533"><ele>29.420</ele><time>2024-05-22T17:00:57.016Z</time></trkpt><trkpt lat="37.834843" lon="-122.481582"><ele>30.309</ele><time>2024-05-22T17:00:58.016Z</time></trkpt><trkpt lat="37.834895" lon="-122.481619"><ele>31.263</ele><time>2024-05-22T17:00:59.016Z</time></trkpt><trkpt lat="37.834960" lon="-122.481641"><ele>31.639</ele><time>2024-05-22T17:01:00.016Z</time></trkpt><trkpt lat="37.835011" lon="-122.481633"><ele>32.573</ele><time>2024-05-22T17:01:01.016Z</time></trkpt><trkpt lat="37.835076" lon="-122.481643"><ele>33.238</ele><time>2024-05-22T17:01:02.016Z</time></trkpt><trkpt lat="37.835144" lon="-122.481590"><ele>33.976</ele><time>2024-05-22T17:01:04.016Z</time></trkpt><trkpt lat="37.835207" lon="-122.481528"><ele>35.277</ele><time>2024-05-22T17:01:06.016Z</time></trkpt><trkpt lat="37.835247" lon="-122.481470"><ele>36.538</ele><time>2024-05-22T17:01:07.016Z</time></trkpt><trkpt lat="37.835298" lon="-122.481385"><ele>37.466</ele><time>2024-05-22T17:01:08.016Z</time></trkpt><trkpt lat="37.835347" lon="-122.481305"><ele>37.957</ele><time>2024-05-22T17:01:09.016Z</time></trkpt><trkpt lat="37.835395" lon="-122.481229"><ele>38.334</ele><time>2024-05-22T17:01:10.016Z</time></trkpt><trkpt lat="37.835445" lon="-122.481157"><ele>38.755</ele><time>2024-05-22T17:01:11.016Z</time></trkpt><trkpt lat="37.835499" lon="-122.481088"><ele>39.110</ele><time>2024-05-22T17:01:12.017Z</time></trkpt><trkpt lat="37.835570" lon="-122.481002"><ele>39.509</ele><time>2024-05-22T17:01:13.017Z</time></trkpt><trkpt lat="37.835646" lon="-122.480947"><ele>39.924</ele><time>2024-05-22T17:01:14.017Z</time></trkpt><trkpt lat="37.835739" lon="-122.480898"><ele>40.460</ele><time>2024-05-22T17:01:15.017Z</time></trkpt><trkpt lat="37.835830" lon="-122.480875"><ele>40.794</ele><time>2024-05-22T17:01:16.016Z</time></trkpt><trkpt lat="37.835941" lon="-122.480874"><ele>41.169</ele><time>2024-05-22T17:01:17.016Z</time></trkpt><trkpt lat="37.836027" lon="-122.480895"><ele>42.097</ele><time>2024-05-22T17:01:18.017Z</time></trkpt><trkpt lat="37.836129" lon="-122.480937"><ele>42.928</ele><time>2024-05-22T17:01:19.016Z</time></trkpt><trkpt lat="37.836217" lon="-122.480980"><ele>43.939</ele><time>2024-05-22T17:01:20.016Z</time></trkpt><trkpt lat="37.836305" lon="-122.481026"><ele>45.187</ele><time>2024-05-22T17:01:21.016Z</time></trkpt><trkpt lat="37.836397" lon="-122.481081"><ele>46.268</ele><time>2024-05-22T17:01:22.017Z</time></trkpt><trkpt lat="37.836486" lon="-122.481144"><ele>47.464</ele><time>2024-05-22T17:01:23.017Z</time></trkpt><trkpt lat="37.836577" lon="-122.481219"><ele>48.706</ele><time>2024-05-22T17:01:24.017Z</time></trkpt><trkpt lat="37.836651" lon="-122.481298"><ele>49.916</ele><time>2024-05-22T17:01:25.016Z</time></trkpt><trkpt lat="37.836718" lon="-122.481379"><ele>51.209</ele><time>2024-05-22T17:01:26.016Z</time></trkpt><trkpt lat="37.836765" lon="-122.481462"><ele>51.867</ele><time>2024-05-22T17:01:27.016Z</time></trkpt><trkpt lat="37.836851" lon="-122.481536"><ele>53.613</ele><time>2024-05-22T17:01:28.016Z</time></trkpt><trkpt lat="37.836922" lon="-122.481632"><ele>54.637</ele><time>2024-05-22T17:01:29.016Z</time></trkpt><trkpt lat="37.836988" lon="-122.481711"><ele>55.342</ele><time>2024-05-22T17:01:30.016Z</time></trkpt><trkpt lat="37.837064" lon="-122.481787"><ele>56.420</ele><time>2024-05-22T17:01:31.016Z</time></trkpt><trkpt lat="37.837147" lon="-122.481863"><ele>57.251</ele><time>2024-05-22T17:01:32.016Z</time></trkpt><trkpt lat="37.837227" lon="-122.481934"><ele>58.262</ele><time>2024-05-22T17:01:33.016Z</time></trkpt><trkpt lat="37.837301" lon="-122.481994"><ele>59.210</ele><time>2024-05-22T17:01:34.016Z</time></trkpt><trkpt lat="37.837380" lon="-122.482084"><ele>60.211</ele><time>2024-05-22T17:01:35.016Z</time></trkpt><trkpt lat="37.837450" lon="-122.482171"><ele>61.061</ele><time>2024-05-22T17:01:36.016Z</time></trkpt><trkpt lat="37.837519" lon="-122.482259"><ele>62.021</ele><time>2024-05-22T17:01:37.016Z</time></trkpt><trkpt lat="37.837590" lon="-122.482352"><ele>63.013</ele><time>2024-05-22T17:01:38.016Z</time></trkpt><trkpt lat="37.837654" lon="-122.482467"><ele>64.409</ele><time>2024-05-22T17:01:39.016Z</time></trkpt><trkpt lat="37.837757" lon="-122.482560"><ele>65.597</ele><time>2024-05-22T17:01:40.016Z</time></trkpt><trkpt lat="37.837828" lon="-122.482676"><ele>66.663</ele><time>2024-05-22T17:01:41.016Z</time></trkpt><trkpt lat="37.837902" lon="-122.482795"><ele>67.017</ele><time>2024-05-22T17:01:42.016Z</time></trkpt><trkpt lat="37.837979" lon="-122.482916"><ele>68.042</ele><time>2024-05-22T17:01:43.016Z</time></trkpt><trkpt lat="37.838048" lon="-122.483028"><ele>69.280</ele><time>2024-05-22T17:01:44.016Z</time></trkpt><trkpt lat="37.838117" lon="-122.483132"><ele>70.511</ele><time>2024-05-22T17:01:45.016Z</time></trkpt><trkpt lat="37.838185" lon="-122.483227"><ele>71.422</ele><time>2024-05-22T17:01:46.016Z</time></trkpt><trkpt lat="37.838254" lon="-122.483332"><ele>72.820</ele><time>2024-05-22T17:01:47.016Z</time></trkpt><trkpt lat="37.838338" lon="-122.483470"><ele>73.441</ele><time>2024-05-22T17:01:48.016Z</time></trkpt><trkpt lat="37.838435" lon="-122.483598"><ele>74.963</ele><time>2024-05-22T17:01:49.016Z</time></trkpt><trkpt lat="37.838545" lon="-122.483730"><ele>75.944</ele><time>2024-05-22T17:01:50.016Z</time></trkpt><trkpt lat="37.838623" lon="-122.483853"><ele>77.118</ele><time>2024-05-22T17:01:51.016Z</time></trkpt><trkpt lat="37.838685" lon="-122.483955"><ele>77.909</ele><time>2024-05-22T17:01:52.016Z</time></trkpt><trkpt lat="37.838750" lon="-122.484075"><ele>77.937</ele><time>2024-05-22T17:01:53.016Z</time></trkpt><trkpt lat="37.838819" lon="-122.484191"><ele>77.663</ele><time>2024-05-22T17:01:54.016Z</time></trkpt><trkpt lat="37.838894" lon="-122.484315"><ele>77.677</ele><time>2024-05-22T17:01:55.016Z</time></trkpt><trkpt lat="37.838964" lon="-122.484438"><ele>77.892</ele><time>2024-05-22T17:01:56.016Z</time></trkpt><trkpt lat="37.839028" lon="-122.484559"><ele>79.310</ele><time>2024-05-22T17:01:57.016Z</time></trkpt><trkpt lat="37.839084" lon="-122.484662"><ele>79.991</ele><time>2024-05-22T17:01:58.016Z</time></trkpt><trkpt lat="37.839165" lon="-122.484782"><ele>79.942</ele><time>2024-05-22T17:01:59.016Z</time></trkpt><trkpt lat="37.839218" lon="-122.484878"><ele>71.680</ele><time>2024-05-22T17:02:00.016Z</time></trkpt><trkpt lat="37.839240" lon="-122.484973"><ele>70.561</ele><time>2024-05-22T17:02:01.016Z</time></trkpt><trkpt lat="37.839240" lon="-122.485050"><ele>70.317</ele><time>2024-05-22T17:02:02.016Z</time></trkpt><trkpt lat="37.839222" lon="-122.485123"><ele>69.987</ele><time>2024-05-22T17:02:03.016Z</time></trkpt><trkpt lat="37.839174" lon="-122.485179"><ele>69.715</ele><time>2024-05-22T17:02:04.016Z</time></trkpt><trkpt lat="37.839134" lon="-122.485215"><ele>69.609</ele><time>2024-05-22T17:02:05.016Z</time></trkpt><trkpt lat="37.839052" lon="-122.485252"><ele>69.682</ele><time>2024-05-22T17:02:07.016Z</time></trkpt><trkpt lat="37.838996" lon="-122.485292"><ele>69.638</ele><time>2024-05-22T17:02:09.016Z</time></trkpt><trkpt lat="37.838949" lon="-122.485301"><ele>69.632</ele><time>2024-05-22T17:02:11.016Z</time></trkpt><trkpt lat="37.838882" lon="-122.485268"><ele>70.717</ele><time>2024-05-22T17:02:13.016Z</time></trkpt><trkpt lat="37.838860" lon="-122.485198"><ele>70.575</ele><time>2024-05-22T17:02:14.016Z</time></trkpt><trkpt lat="37.838841" lon="-122.485129"><ele>70.736</ele><time>2024-05-22T17:02:15.016Z</time></trkpt><trkpt lat="37.838824" lon="-122.485043"><ele>70.737</ele><time>2024-05-22T17:02:16.016Z</time></trkpt><trkpt lat="37.838810" lon="-122.484938"><ele>70.635</ele><time>2024-05-22T17:02:17.016Z</time></trkpt><trkpt lat="37.838791" lon="-122.484831"><ele>70.696</ele><time>2024-05-22T17:02:18.016Z</time></trkpt><trkpt lat="37.838760" lon="-122.484726"><ele>70.694</ele><time>2024-05-22T17:02:19.016Z</time></trkpt><trkpt lat="37.838721" lon="-122.484617"><ele>70.757</ele><time>2024-05-22T17:02:20.016Z</time></trkpt><trkpt lat="37.838646" lon="-122.484509"><ele>71.022</ele><time>2024-05-22T17:02:21.016Z</time></trkpt><trkpt lat="37.838596" lon="-122.484402"><ele>71.609</ele><time>2024-05-22T17:02:22.016Z</time></trkpt><trkpt lat="37.838539" lon="-122.484288"><ele>72.010</ele><time>2024-05-22T17:02:23.016Z</time></trkpt><trkpt lat="37.838476" lon="-122.484175"><ele>72.226</ele><time>2024-05-22T17:02:24.016Z</time></trkpt><trkpt lat="37.838408" lon="-122.484062"><ele>72.540</ele><time>2024-05-22T17:02:25.016Z</time></trkpt><trkpt lat="37.838340" lon="-122.483953"><ele>72.885</ele><time>2024-05-22T17:02:26.016Z</time></trkpt><trkpt lat="37.838276" lon="-122.483851"><ele>73.563</ele><time>2024-05-22T17:02:27.016Z</time></trkpt><trkpt lat="37.838212" lon="-122.483758"><ele>74.414</ele><time>2024-05-22T17:02:28.016Z</time></trkpt><trkpt lat="37.838146" lon="-122.483666"><ele>75.085</ele><time>2024-05-22T17:02:29.016Z</time></trkpt><trkpt lat="37.838087" lon="-122.483578"><ele>75.493</ele><time>2024-05-22T17:02:30.016Z</time></trkpt><trkpt lat="37.838022" lon="-122.483501"><ele>75.724</ele><time>2024-05-22T17:02:31.016Z</time></trkpt><trkpt lat="37.837964" lon="-122.483430"><ele>75.861</ele><time>2024-05-22T17:02:32.016Z</time></trkpt><trkpt lat="37.837907" lon="-122.483362"><ele>75.921</ele><time>2024-05-22T17:02:33.016Z</time></trkpt><trkpt lat="37.837867" lon="-122.483302"><ele>76.113</ele><time>2024-05-22T17:02:34.016Z</time></trkpt><trkpt lat="37.837828" lon="-122.483261"><ele>76.609</ele><time>2024-05-22T17:02:35.016Z</time></trkpt><trkpt lat="37.837806" lon="-122.483188"><ele>76.837</ele><time>2024-05-22T17:02:37.016Z</time></trkpt><trkpt lat="37.837808" lon="-122.483114"><ele>76.833</ele><time>2024-05-22T17:02:47.016Z</time></trkpt><trkpt lat="37.837807" lon="-122.483052"><ele>76.977</ele><time>2024-05-22T17:02:49.016Z</time></trkpt><trkpt lat="37.837640" lon="-122.483032"><ele>77.082</ele><time>2024-05-22T17:02:51.016Z</time></trkpt><trkpt lat="37.837571" lon="-122.483028"><ele>78.020</ele><time>2024-05-22T17:02:52.016Z</time></trkpt><trkpt lat="37.837511" lon="-122.483025"><ele>78.771</ele><time>2024-05-22T17:02:53.016Z</time></trkpt><trkpt lat="37.837449" lon="-122.483022"><ele>78.912</ele><time>2024-05-22T17:02:54.016Z</time></trkpt><trkpt lat="37.837388" lon="-122.483019"><ele>79.140</ele><time>2024-05-22T17:02:55.016Z</time></trkpt><trkpt lat="37.837327" lon="-122.483016"><ele>79.321</ele><time>2024-05-22T17:02:56.016Z</time></trkpt><trkpt lat="37.837260" lon="-122.483018"><ele>80.073</ele><time>2024-05-22T17:02:57.016Z</time></trkpt><trkpt lat="37.837191" lon="-122.483023"><ele>80.785</ele><time>2024-05-22T17:02:58.016Z</time></trkpt><trkpt lat="37.837112" lon="-122.483036"><ele>82.313</ele><time>2024-05-22T17:02:59.016Z</time></trkpt><trkpt lat="37.837031" lon="-122.483052"><ele>82.909</ele><time>2024-05-22T17:03:00.016Z</time></trkpt><trkpt lat="37.836956" lon="-122.483071"><ele>83.748</ele><time>2024-05-22T17:03:01.016Z</time></trkpt><trkpt lat="37.836877" lon="-122.483108"><ele>84.754</ele><time>2024-05-22T17:03:02.016Z</time></trkpt><trkpt lat="37.836775" lon="-122.483156"><ele>84.788</ele><time>2024-05-22T17:03:03.016Z</time></trkpt><trkpt lat="37.836681" lon="-122.483212"><ele>81.213</ele><time>2024-05-22T17:03:04.016Z</time></trkpt><trkpt lat="37.836594" lon="-122.483272"><ele>81.261</ele><time>2024-05-22T17:03:05.016Z</time></trkpt><trkpt lat="37.836515" lon="-122.483335"><ele>81.292</ele><time>2024-05-22T17:03:06.016Z</time></trkpt><trkpt lat="37.836443" lon="-122.483400"><ele>81.673</ele><time>2024-05-22T17:03:07.016Z</time></trkpt><trkpt lat="37.836377" lon="-122.483469"><ele>81.681</ele><time>2024-05-22T17:03:08.016Z</time></trkpt><trkpt lat="37.836316" lon="-122.483540"><ele>81.612</ele><time>2024-05-22T17:03:09.016Z</time></trkpt><trkpt lat="37.836266" lon="-122.483604"><ele>81.781</ele><time>2024-05-22T17:03:10.016Z</time></trkpt><trkpt lat="37.836225" lon="-122.483663"><ele>81.861</ele><time>2024-05-22T17:03:11.016Z</time></trkpt><trkpt lat="37.836180" lon="-122.483743"><ele>81.917</ele><time>2024-05-22T17:03:12.016Z</time></trkpt><trkpt lat="37.836147" lon="-122.483798"><ele>81.909</ele><time>2024-05-22T17:03:13.016Z</time></trkpt><trkpt lat="37.836108" lon="-122.483874"><ele>81.969</ele><time>2024-05-22T17:03:15.016Z</time></trkpt><trkpt lat="37.836060" lon="-122.483929"><ele>81.985</ele><time>2024-05-22T17:03:17.016Z</time></trkpt><trkpt lat="37.836042" lon="-122.483999"><ele>81.919</ele><time>2024-05-22T17:03:18.017Z</time></trkpt><trkpt lat="37.836009" lon="-122.484068"><ele>81.924</ele><time>2024-05-22T17:03:19.018Z</time></trkpt><trkpt lat="37.835971" lon="-122.484141"><ele>81.922</ele><time>2024-05-22T17:03:20.018Z</time></trkpt><trkpt lat="37.835936" lon="-122.484208"><ele>82.133</ele><time>2024-05-22T17:03:21.018Z</time></trkpt><trkpt lat="37.835904" lon="-122.484271"><ele>82.844</ele><time>2024-05-22T17:03:22.017Z</time></trkpt><trkpt lat="37.835868" lon="-122.484337"><ele>83.392</ele><time>2024-05-22T17:03:23.017Z</time></trkpt><trkpt lat="37.835827" lon="-122.484417"><ele>83.823</ele><time>2024-05-22T17:03:24.017Z</time></trkpt><trkpt lat="37.835783" lon="-122.484499"><ele>84.642</ele><time>2024-05-22T17:03:25.017Z</time></trkpt><trkpt lat="37.835739" lon="-122.484581"><ele>84.822</ele><time>2024-05-22T17:03:26.017Z</time></trkpt><trkpt lat="37.835692" lon="-122.484665"><ele>85.114</ele><time>2024-05-22T17:03:27.017Z</time></trkpt><trkpt lat="37.835643" lon="-122.484749"><ele>85.509</ele><time>2024-05-22T17:03:28.016Z</time></trkpt><trkpt lat="37.835583" lon="-122.484819"><ele>86.015</ele><time>2024-05-22T17:03:29.016Z</time></trkpt><trkpt lat="37.835520" lon="-122.484885"><ele>86.331</ele><time>2024-05-22T17:03:30.017Z</time></trkpt><trkpt lat="37.835452" lon="-122.484947"><ele>86.595</ele><time>2024-05-22T17:03:31.016Z</time></trkpt><trkpt lat="37.835383" lon="-122.485005"><ele>86.710</ele><time>2024-05-22T17:03:32.016Z</time></trkpt><trkpt lat="37.835314" lon="-122.485057"><ele>86.938</ele><time>2024-05-22T17:03:33.016Z</time></trkpt><trkpt lat="37.835204" lon="-122.485072"><ele>87.349</ele><time>2024-05-22T17:03:34.016Z</time></trkpt><trkpt lat="37.835097" lon="-122.485086"><ele>87.340</ele><time>2024-05-22T17:03:35.016Z</time></trkpt><trkpt lat="37.834993" lon="-122.485083"><ele>87.258</ele><time>2024-05-22T17:03:36.016Z</time></trkpt><trkpt lat="37.834892" lon="-122.485066"><ele>86.819</ele><time>2024-05-22T17:03:37.016Z</time></trkpt><trkpt lat="37.834792" lon="-122.485056"><ele>86.723</ele><time>2024-05-22T17:03:38.016Z</time></trkpt><trkpt lat="37.834699" lon="-122.485016"><ele>86.783</ele><time>2024-05-22T17:03:39.016Z</time></trkpt><trkpt lat="37.834614" lon="-122.484942"><ele>86.511</ele><time>2024-05-22T17:03:40.016Z</time></trkpt><trkpt lat="37.834523" lon="-122.484858"><ele>86.109</ele><time>2024-05-22T17:03:41.016Z</time></trkpt><trkpt lat="37.834453" lon="-122.484732"><ele>86.133</ele><time>2024-05-22T17:03:42.016Z</time></trkpt><trkpt lat="37.834386" lon="-122.484627"><ele>86.119</ele><time>2024-05-22T17:03:43.016Z</time></trkpt><trkpt lat="37.834322" lon="-122.484510"><ele>85.933</ele><time>2024-05-22T17:03:44.016Z</time></trkpt><trkpt lat="37.834259" lon="-122.484380"><ele>85.928</ele><time>2024-05-22T17:03:45.016Z</time></trkpt><trkpt lat="37.834190" lon="-122.484253"><ele>86.556</ele><time>2024-05-22T17:03:46.016Z</time></trkpt><trkpt lat="37.834119" lon="-122.484139"><ele>86.557</ele><time>2024-05-22T17:03:47.016Z</time></trkpt><trkpt lat="37.834044" lon="-122.484016"><ele>85.918</ele><time>2024-05-22T17:03:48.016Z</time></trkpt><trkpt lat="37.833949" lon="-122.483922"><ele>85.626</ele><time>2024-05-22T17:03:49.016Z</time></trkpt><trkpt lat="37.833858" lon="-122.483807"><ele>85.527</ele><time>2024-05-22T17:03:50.016Z</time></trkpt><trkpt lat="37.833773" lon="-122.483686"><ele>85.354</ele><time>2024-05-22T17:03:51.016Z</time></trkpt><trkpt lat="37.833689" lon="-122.483565"><ele>85.056</ele><time>2024-05-22T17:03:52.016Z</time></trkpt><trkpt lat="37.833646" lon="-122.483398"><ele>84.511</ele><time>2024-05-22T17:03:53.016Z</time></trkpt><trkpt lat="37.833565" lon="-122.483262"><ele>83.609</ele><time>2024-05-22T17:03:54.016Z</time></trkpt><trkpt lat="37.833486" lon="-122.483122"><ele>83.046</ele><time>2024-05-22T17:03:55.016Z</time></trkpt><trkpt lat="37.833399" lon="-122.482965"><ele>82.412</ele><time>2024-05-22T17:03:56.016Z</time></trkpt><trkpt lat="37.833314" lon="-122.482815"><ele>81.726</ele><time>2024-05-22T17:03:57.016Z</time></trkpt><trkpt lat="37.833233" lon="-122.482658"><ele>81.151</ele><time>2024-05-22T17:03:58.016Z</time></trkpt><trkpt lat="37.833148" lon="-122.482501"><ele>80.679</ele><time>2024-05-22T17:03:59.016Z</time></trkpt><trkpt lat="37.833067" lon="-122.482343"><ele>80.060</ele><time>2024-05-22T17:04:00.016Z</time></trkpt><trkpt lat="37.832984" lon="-122.482182"><ele>79.371</ele><time>2024-05-22T17:04:01.016Z</time></trkpt><trkpt lat="37.832905" lon="-122.482027"><ele>78.659</ele><time>2024-05-22T17:04:02.016Z</time></trkpt><trkpt lat="37.832833" lon="-122.481878"><ele>78.020</ele><time>2024-05-22T17:04:03.016Z</time></trkpt><trkpt lat="37.832766" lon="-122.481732"><ele>77.335</ele><time>2024-05-22T17:04:04.016Z</time></trkpt><trkpt lat="37.832697" lon="-122.481588"><ele>77.086</ele><time>2024-05-22T17:04:05.016Z</time></trkpt><trkpt lat="37.832618" lon="-122.481449"><ele>76.614</ele><time>2024-05-22T17:04:06.016Z</time></trkpt><trkpt lat="37.832536" lon="-122.481312"><ele>75.809</ele><time>2024-05-22T17:04:07.016Z</time></trkpt><trkpt lat="37.832455" lon="-122.481174"><ele>75.334</ele><time>2024-05-22T17:04:08.016Z</time></trkpt><trkpt lat="37.832390" lon="-122.481016"><ele>74.760</ele><time>2024-05-22T17:04:09.016Z</time></trkpt><trkpt lat="37.832271" lon="-122.480904"><ele>74.264</ele><time>2024-05-22T17:04:10.016Z</time></trkpt><trkpt lat="37.832168" lon="-122.480779"><ele>73.759</ele><time>2024-05-22T17:04:11.016Z</time></trkpt><trkpt lat="37.832056" lon="-122.480660"><ele>73.217</ele><time>2024-05-22T17:04:12.016Z</time></trkpt><trkpt lat="37.831931" lon="-122.480550"><ele>72.728</ele><time>2024-05-22T17:04:13.016Z</time></trkpt><trkpt lat="37.831807" lon="-122.480450"><ele>72.239</ele><time>2024-05-22T17:04:14.016Z</time></trkpt><trkpt lat="37.831674" lon="-122.480347"><ele>71.657</ele><time>2024-05-22T17:04:15.016Z</time></trkpt><trkpt lat="37.831537" lon="-122.480264"><ele>70.968</ele><time>2024-05-22T17:04:16.016Z</time></trkpt><trkpt lat="37.831395" lon="-122.480186"><ele>70.447</ele><time>2024-05-22T17:04:17.016Z</time></trkpt><trkpt lat="37.831252" lon="-122.480115"><ele>69.829</ele><time>2024-05-22T17:04:18.016Z</time></trkpt><trkpt lat="37.831104" lon="-122.480052"><ele>69.121</ele><time>2024-05-22T17:04:19.016Z</time></trkpt><trkpt lat="37.830958" lon="-122.480005"><ele>68.509</ele><time>2024-05-22T17:04:20.016Z</time></trkpt><trkpt lat="37.830818" lon="-122.479971"><ele>68.315</ele><time>2024-05-22T17:04:21.016Z</time></trkpt><trkpt lat="37.830667" lon="-122.479942"><ele>68.271</ele><time>2024-05-22T17:04:22.016Z</time></trkpt><trkpt lat="37.830513" lon="-122.479919"><ele>67.615</ele><time>2024-05-22T17:04:23.016Z</time></trkpt><trkpt lat="37.830354" lon="-122.479896"><ele>67.480</ele><time>2024-05-22T17:04:24.016Z</time></trkpt><trkpt lat="37.830195" lon="-122.479880"><ele>67.128</ele><time>2024-05-22T17:04:25.016Z</time></trkpt><trkpt lat="37.830044" lon="-122.479853"><ele>66.439</ele><time>2024-05-22T17:04:26.016Z</time></trkpt><trkpt lat="37.829882" lon="-122.479838"><ele>66.070</ele><time>2024-05-22T17:04:27.016Z</time></trkpt><trkpt lat="37.829734" lon="-122.479826"><ele>65.568</ele><time>2024-05-22T17:04:28.016Z</time></trkpt><trkpt lat="37.829585" lon="-122.479812"><ele>64.949</ele><time>2024-05-22T17:04:29.016Z</time></trkpt><trkpt lat="37.829437" lon="-122.479785"><ele>64.899</ele><time>2024-05-22T17:04:30.016Z</time></trkpt><trkpt lat="37.829290" lon="-122.479764"><ele>64.807</ele><time>2024-05-22T17:04:31.016Z</time></trkpt><trkpt lat="37.829139" lon="-122.479740"><ele>64.327</ele><time>2024-05-22T17:04:32.016Z</time></trkpt><trkpt lat="37.828987" lon="-122.479721"><ele>64.009</ele><time>2024-05-22T17:04:33.016Z</time></trkpt><trkpt lat="37.828835" lon="-122.479712"><ele>63.090</ele><time>2024-05-22T17:04:34.016Z</time></trkpt><trkpt lat="37.828688" lon="-122.479662"><ele>64.466</ele><time>2024-05-22T17:04:35.016Z</time></trkpt><trkpt lat="37.828557" lon="-122.479640"><ele>66.370</ele><time>2024-05-22T17:04:36.016Z</time></trkpt><trkpt lat="37.828419" lon="-122.479618"><ele>66.255</ele><time>2024-05-22T17:04:37.016Z</time></trkpt><trkpt lat="37.828278" lon="-122.479598"><ele>66.873</ele><time>2024-05-22T17:04:38.016Z</time></trkpt><trkpt lat="37.828134" lon="-122.479583"><ele>67.424</ele><time>2024-05-22T17:04:39.016Z</time></trkpt><trkpt lat="37.827987" lon="-122.479563"><ele>67.865</ele><time>2024-05-22T17:04:40.016Z</time></trkpt><trkpt lat="37.827834" lon="-122.479551"><ele>68.623</ele><time>2024-05-22T17:04:41.016Z</time></trkpt><trkpt lat="37.827681" lon="-122.479552"><ele>69.694</ele><time>2024-05-22T17:04:42.016Z</time></trkpt><trkpt lat="37.827528" lon="-122.479532"><ele>70.399</ele><time>2024-05-22T17:04:43.016Z</time></trkpt><trkpt lat="37.827385" lon="-122.479523"><ele>70.707</ele><time>2024-05-22T17:04:44.016Z</time></trkpt><trkpt lat="37.827238" lon="-122.479517"><ele>70.627</ele><time>2024-05-22T17:04:45.016Z</time></trkpt><trkpt lat="37.827094" lon="-122.479505"><ele>70.609</ele><time>2024-05-22T17:04:46.016Z</time></trkpt><trkpt lat="37.826949" lon="-122.479482"><ele>71.180</ele><time>2024-05-22T17:04:47.016Z</time></trkpt><trkpt lat="37.826792" lon="-122.479467"><ele>72.656</ele><time>2024-05-22T17:04:48.016Z</time></trkpt><trkpt lat="37.826642" lon="-122.479455"><ele>73.770</ele><time>2024-05-22T17:04:49.016Z</time></trkpt><trkpt lat="37.826492" lon="-122.479439"><ele>73.795</ele><time>2024-05-22T17:04:50.016Z</time></trkpt><trkpt lat="37.826342" lon="-122.479427"><ele>74.023</ele><time>2024-05-22T17:04:51.016Z</time></trkpt><trkpt lat="37.826194" lon="-122.479431"><ele>73.264</ele><time>2024-05-22T17:04:52.016Z</time></trkpt><trkpt lat="37.826033" lon="-122.479407"><ele>72.895</ele><time>2024-05-22T17:04:53.016Z</time></trkpt><trkpt lat="37.825877" lon="-122.479399"><ele>73.323</ele><time>2024-05-22T17:04:54.016Z</time></trkpt><trkpt lat="37.825712" lon="-122.479360"><ele>74.644</ele><time>2024-05-22T17:04:55.016Z</time></trkpt><trkpt lat="37.825549" lon="-122.479344"><ele>75.654</ele><time>2024-05-22T17:04:56.016Z</time></trkpt><trkpt lat="37.825381" lon="-122.479310"><ele>75.756</ele><time>2024-05-22T17:04:57.016Z</time></trkpt><trkpt lat="37.825216" lon="-122.479291"><ele>76.611</ele><time>2024-05-22T17:04:58.016Z</time></trkpt><trkpt lat="37.825047" lon="-122.479273"><ele>77.109</ele><time>2024-05-22T17:04:59.016Z</time></trkpt><trkpt lat="37.824884" lon="-122.479253"><ele>77.466</ele><time>2024-05-22T17:05:00.016Z</time></trkpt><trkpt lat="37.824719" lon="-122.479229"><ele>77.832</ele><time>2024-05-22T17:05:01.016Z</time></trkpt><trkpt lat="37.824553" lon="-122.479207"><ele>78.496</ele><time>2024-05-22T17:05:02.016Z</time></trkpt><trkpt lat="37.824390" lon="-122.479184"><ele>79.211</ele><time>2024-05-22T17:05:03.016Z</time></trkpt><trkpt lat="37.824227" lon="-122.479158"><ele>79.319</ele><time>2024-05-22T17:05:04.016Z</time></trkpt><trkpt lat="37.824064" lon="-122.479145"><ele>78.560</ele><time>2024-05-22T17:05:05.016Z</time></trkpt><trkpt lat="37.823901" lon="-122.479126"><ele>78.961</ele><time>2024-05-22T17:05:06.016Z</time></trkpt><trkpt lat="37.823738" lon="-122.479104"><ele>79.689</ele><time>2024-05-22T17:05:07.016Z</time></trkpt><trkpt lat="37.823576" lon="-122.479082"><ele>79.350</ele><time>2024-05-22T17:05:08.016Z</time></trkpt><trkpt lat="37.823414" lon="-122.479058"><ele>79.235</ele><time>2024-05-22T17:05:09.016Z</time></trkpt><trkpt lat="37.823244" lon="-122.479042"><ele>79.886</ele><time>2024-05-22T17:05:10.016Z</time></trkpt><trkpt lat="37.823077" lon="-122.479015"><ele>80.614</ele><time>2024-05-22T17:05:11.016Z</time></trkpt><trkpt lat="37.822907" lon="-122.479000"><ele>81.409</ele><time>2024-05-22T17:05:12.016Z</time></trkpt><trkpt lat="37.822739" lon="-122.478985"><ele>81.684</ele><time>2024-05-22T17:05:13.016Z</time></trkpt><trkpt lat="37.822569" lon="-122.478959"><ele>81.620</ele><time>2024-05-22T17:05:14.016Z</time></trkpt><trkpt lat="37.822396" lon="-122.478934"><ele>82.184</ele><time>2024-05-22T17:05:15.016Z</time></trkpt><trkpt lat="37.822218" lon="-122.478915"><ele>82.479</ele><time>2024-05-22T17:05:16.016Z</time></trkpt><trkpt lat="37.822042" lon="-122.478895"><ele>82.217</ele><time>2024-05-22T17:05:17.016Z</time></trkpt><trkpt lat="37.821858" lon="-122.478867"><ele>83.458</ele><time>2024-05-22T17:05:18.016Z</time></trkpt><trkpt lat="37.821681" lon="-122.478857"><ele>84.319</ele><time>2024-05-22T17:05:19.016Z</time></trkpt><trkpt lat="37.821505" lon="-122.478834"><ele>83.947</ele><time>2024-05-22T17:05:20.016Z</time></trkpt><trkpt lat="37.821325" lon="-122.478808"><ele>84.788</ele><time>2024-05-22T17:05:21.016Z</time></trkpt><trkpt lat="37.821154" lon="-122.478784"><ele>85.634</ele><time>2024-05-22T17:05:22.016Z</time></trkpt><trkpt lat="37.820981" lon="-122.478768"><ele>85.755</ele><time>2024-05-22T17:05:23.016Z</time></trkpt><trkpt lat="37.820801" lon="-122.478747"><ele>85.610</ele><time>2024-05-22T17:05:24.017Z</time></trkpt><trkpt lat="37.820622" lon="-122.478733"><ele>85.109</ele><time>2024-05-22T17:05:25.017Z</time></trkpt><trkpt lat="37.820440" lon="-122.478708"><ele>84.354</ele><time>2024-05-22T17:05:26.017Z</time></trkpt><trkpt lat="37.820259" lon="-122.478688"><ele>84.180</ele><time>2024-05-22T17:05:27.017Z</time></trkpt><trkpt lat="37.820079" lon="-122.478667"><ele>84.134</ele><time>2024-05-22T17:05:28.016Z</time></trkpt><trkpt lat="37.819895" lon="-122.478638"><ele>84.539</ele><time>2024-05-22T17:05:29.016Z</time></trkpt><trkpt lat="37.819716" lon="-122.478616"><ele>85.167</ele><time>2024-05-22T17:05:30.017Z</time></trkpt><trkpt lat="37.819534" lon="-122.478593"><ele>85.438</ele><time>2024-05-22T17:05:31.018Z</time></trkpt><trkpt lat="37.819349" lon="-122.478575"><ele>85.429</ele><time>2024-05-22T17:05:32.018Z</time></trkpt><trkpt lat="37.819162" lon="-122.478557"><ele>85.067</ele><time>2024-05-22T17:05:33.018Z</time></trkpt><trkpt lat="37.818981" lon="-122.478531"><ele>84.738</ele><time>2024-05-22T17:05:34.017Z</time></trkpt><trkpt lat="37.818796" lon="-122.478509"><ele>85.281</ele><time>2024-05-22T17:05:35.017Z</time></trkpt><trkpt lat="37.818608" lon="-122.478489"><ele>85.661</ele><time>2024-05-22T17:05:36.017Z</time></trkpt><trkpt lat="37.818424" lon="-122.478456"><ele>85.817</ele><time>2024-05-22T17:05:37.016Z</time></trkpt><trkpt lat="37.818240" lon="-122.478423"><ele>86.309</ele><time>2024-05-22T17:05:38.016Z</time></trkpt><trkpt lat="37.818052" lon="-122.478404"><ele>86.969</ele><time>2024-05-22T17:05:39.016Z</time></trkpt><trkpt lat="37.817868" lon="-122.478392"><ele>86.715</ele><time>2024-05-22T17:05:40.016Z</time></trkpt><trkpt lat="37.817685" lon="-122.478374"><ele>86.169</ele><time>2024-05-22T17:05:41.016Z</time></trkpt><trkpt lat="37.817503" lon="-122.478359"><ele>86.064</ele><time>2024-05-22T17:05:42.016Z</time></trkpt><trkpt lat="37.817311" lon="-122.478331"><ele>87.242</ele><time>2024-05-22T17:05:43.016Z</time></trkpt><trkpt lat="37.817124" lon="-122.478310"><ele>88.353</ele><time>2024-05-22T17:05:44.016Z</time></trkpt><trkpt lat="37.816932" lon="-122.478286"><ele>88.244</ele><time>2024-05-22T17:05:45.016Z</time></trkpt><trkpt lat="37.816746" lon="-122.478264"><ele>87.612</ele><time>2024-05-22T17:05:46.016Z</time></trkpt><trkpt lat="37.816560" lon="-122.478242"><ele>87.123</ele><time>2024-05-22T17:05:47.016Z</time></trkpt><trkpt lat="37.816376" lon="-122.478217"><ele>86.798</ele><time>2024-05-22T17:05:48.016Z</time></trkpt><trkpt lat="37.816194" lon="-122.478188"><ele>86.015</ele><time>2024-05-22T17:05:49.016Z</time></trkpt><trkpt lat="37.816008" lon="-122.478142"><ele>86.626</ele><time>2024-05-22T17:05:50.016Z</time></trkpt><trkpt lat="37.815819" lon="-122.478118"><ele>87.609</ele><time>2024-05-22T17:05:51.016Z</time></trkpt><trkpt lat="37.815634" lon="-122.478097"><ele>87.460</ele><time>2024-05-22T17:05:52.016Z</time></trkpt><trkpt lat="37.815455" lon="-122.478082"><ele>86.176</ele><time>2024-05-22T17:05:53.016Z</time></trkpt><trkpt lat="37.815269" lon="-122.478050"><ele>85.330</ele><time>2024-05-22T17:05:54.016Z</time></trkpt><trkpt lat="37.815089" lon="-122.478037"><ele>84.215</ele><time>2024-05-22T17:05:55.016Z</time></trkpt><trkpt lat="37.814906" lon="-122.478007"><ele>82.963</ele><time>2024-05-22T17:05:56.016Z</time></trkpt><trkpt lat="37.814720" lon="-122.477982"><ele>82.914</ele><time>2024-05-22T17:05:57.016Z</time></trkpt><trkpt lat="37.814531" lon="-122.477961"><ele>82.725</ele><time>2024-05-22T17:05:58.016Z</time></trkpt><trkpt lat="37.814336" lon="-122.477937"><ele>83.343</ele><time>2024-05-22T17:05:59.016Z</time></trkpt><trkpt lat="37.814155" lon="-122.477922"><ele>83.374</ele><time>2024-05-22T17:06:00.016Z</time></trkpt><trkpt lat="37.813972" lon="-122.477901"><ele>82.114</ele><time>2024-05-22T17:06:01.016Z</time></trkpt><trkpt lat="37.813793" lon="-122.477884"><ele>81.254</ele><time>2024-05-22T17:06:02.016Z</time></trkpt><trkpt lat="37.813610" lon="-122.477853"><ele>80.609</ele><time>2024-05-22T17:06:03.016Z</time></trkpt><trkpt lat="37.813423" lon="-122.477829"><ele>80.009</ele><time>2024-05-22T17:06:04.016Z</time></trkpt><trkpt lat="37.813232" lon="-122.477814"><ele>79.342</ele><time>2024-05-22T17:06:05.016Z</time></trkpt><trkpt lat="37.813046" lon="-122.477795"><ele>78.538</ele><time>2024-05-22T17:06:06.016Z</time></trkpt><trkpt lat="37.812860" lon="-122.477770"><ele>77.852</ele><time>2024-05-22T17:06:07.016Z</time></trkpt><trkpt lat="37.812670" lon="-122.477747"><ele>77.327</ele><time>2024-05-22T17:06:08.016Z</time></trkpt><trkpt lat="37.812480" lon="-122.477722"><ele>76.645</ele><time>2024-05-22T17:06:09.016Z</time></trkpt><trkpt lat="37.812285" lon="-122.477702"><ele>76.126</ele><time>2024-05-22T17:06:10.016Z</time></trkpt><trkpt lat="37.812096" lon="-122.477681"><ele>75.557</ele><time>2024-05-22T17:06:11.016Z</time></trkpt><trkpt lat="37.811901" lon="-122.477661"><ele>74.755</ele><time>2024-05-22T17:06:12.016Z</time></trkpt><trkpt lat="37.811705" lon="-122.477641"><ele>74.536</ele><time>2024-05-22T17:06:13.016Z</time></trkpt><trkpt lat="37.811509" lon="-122.477618"><ele>74.779</ele><time>2024-05-22T17:06:14.016Z</time></trkpt><trkpt lat="37.811314" lon="-122.477597"><ele>74.505</ele><time>2024-05-22T17:06:15.016Z</time></trkpt><trkpt lat="37.811113" lon="-122.477571"><ele>74.425</ele><time>2024-05-22T17:06:16.016Z</time></trkpt><trkpt lat="37.810917" lon="-122.477554"><ele>74.009</ele><time>2024-05-22T17:06:17.016Z</time></trkpt><trkpt lat="37.810722" lon="-122.477534"><ele>73.028</ele><time>2024-05-22T17:06:18.016Z</time></trkpt><trkpt lat="37.810523" lon="-122.477518"><ele>72.364</ele><time>2024-05-22T17:06:19.016Z</time></trkpt><trkpt lat="37.810330" lon="-122.477503"><ele>71.228</ele><time>2024-05-22T17:06:20.016Z</time></trkpt><trkpt lat="37.810131" lon="-122.477476"><ele>70.823</ele><time>2024-05-22T17:06:21.016Z</time></trkpt><trkpt lat="37.809937" lon="-122.477443"><ele>71.041</ele><time>2024-05-22T17:06:22.016Z</time></trkpt><trkpt lat="37.809745" lon="-122.477421"><ele>70.582</ele><time>2024-05-22T17:06:23.016Z</time></trkpt><trkpt lat="37.809554" lon="-122.477399"><ele>69.823</ele><time>2024-05-22T17:06:24.016Z</time></trkpt><trkpt lat="37.809365" lon="-122.477356"><ele>69.031</ele><time>2024-05-22T17:06:25.016Z</time></trkpt><trkpt lat="37.809177" lon="-122.477296"><ele>68.472</ele><time>2024-05-22T17:06:26.016Z</time></trkpt><trkpt lat="37.809001" lon="-122.477221"><ele>67.847</ele><time>2024-05-22T17:06:27.016Z</time></trkpt><trkpt lat="37.808821" lon="-122.477131"><ele>67.629</ele><time>2024-05-22T17:06:28.016Z</time></trkpt><trkpt lat="37.808644" lon="-122.477027"><ele>67.621</ele><time>2024-05-22T17:06:29.016Z</time></trkpt><trkpt lat="37.808479" lon="-122.476898"><ele>66.909</ele><time>2024-05-22T17:06:30.016Z</time></trkpt><trkpt lat="37.808321" lon="-122.476755"><ele>66.625</ele><time>2024-05-22T17:06:31.016Z</time></trkpt><trkpt lat="37.808167" lon="-122.476613"><ele>66.451</ele><time>2024-05-22T17:06:32.016Z</time></trkpt><trkpt lat="37.808021" lon="-122.476468"><ele>65.645</ele><time>2024-05-22T17:06:33.016Z</time></trkpt><trkpt lat="37.807881" lon="-122.476319"><ele>64.920</ele><time>2024-05-22T17:06:34.016Z</time></trkpt><trkpt lat="37.807751" lon="-122.476176"><ele>63.798</ele><time>2024-05-22T17:06:35.016Z</time></trkpt><trkpt lat="37.807623" lon="-122.476028"><ele>62.269</ele><time>2024-05-22T17:06:36.016Z</time></trkpt><trkpt lat="37.807504" lon="-122.475890"><ele>61.280</ele><time>2024-05-22T17:06:37.016Z</time></trkpt><trkpt lat="37.807381" lon="-122.475745"><ele>61.598</ele><time>2024-05-22T17:06:38.016Z</time></trkpt><trkpt lat="37.807267" lon="-122.475607"><ele>62.229</ele><time>2024-05-22T17:06:39.016Z</time></trkpt><trkpt lat="37.807116" lon="-122.475525"><ele>61.426</ele><time>2024-05-22T17:06:40.016Z</time></trkpt><trkpt lat="37.807000" lon="-122.475385"><ele>60.647</ele><time>2024-05-22T17:06:41.016Z</time></trkpt><trkpt lat="37.806886" lon="-122.475244"><ele>60.411</ele><time>2024-05-22T17:06:42.016Z</time></trkpt><trkpt lat="37.806767" lon="-122.475101"><ele>60.409</ele><time>2024-05-22T17:06:43.016Z</time></trkpt><trkpt lat="37.806647" lon="-122.474955"><ele>60.193</ele><time>2024-05-22T17:06:44.016Z</time></trkpt><trkpt lat="37.806523" lon="-122.474819"><ele>59.419</ele><time>2024-05-22T17:06:45.016Z</time></trkpt><trkpt lat="37.806396" lon="-122.474683"><ele>58.393</ele><time>2024-05-22T17:06:46.016Z</time></trkpt><trkpt lat="37.806258" lon="-122.474540"><ele>57.188</ele><time>2024-05-22T17:06:47.016Z</time></trkpt><trkpt lat="37.806121" lon="-122.474404"><ele>56.936</ele><time>2024-05-22T17:06:48.016Z</time></trkpt><trkpt lat="37.805995" lon="-122.474260"><ele>57.297</ele><time>2024-05-22T17:06:49.016Z</time></trkpt><trkpt lat="37.805870" lon="-122.474116"><ele>57.798</ele><time>2024-05-22T17:06:50.016Z</time></trkpt><trkpt lat="37.805734" lon="-122.473969"><ele>58.186</ele><time>2024-05-22T17:06:51.016Z</time></trkpt><trkpt lat="37.805595" lon="-122.473816"><ele>58.097</ele><time>2024-05-22T17:06:52.016Z</time></trkpt><trkpt lat="37.805452" lon="-122.473665"><ele>57.717</ele><time>2024-05-22T17:06:53.016Z</time></trkpt><trkpt lat="37.805309" lon="-122.473504"><ele>57.287</ele><time>2024-05-22T17:06:54.016Z</time></trkpt><trkpt lat="37.805162" lon="-122.473345"><ele>56.415</ele><time>2024-05-22T17:06:55.016Z</time></trkpt><trkpt lat="37.805022" lon="-122.473193"><ele>57.109</ele><time>2024-05-22T17:06:56.016Z</time></trkpt><trkpt lat="37.804887" lon="-122.473028"><ele>58.852</ele><time>2024-05-22T17:06:57.016Z</time></trkpt><trkpt lat="37.804752" lon="-122.472858"><ele>58.618</ele><time>2024-05-22T17:06:58.016Z</time></trkpt><trkpt lat="37.804620" lon="-122.472681"><ele>57.732</ele><time>2024-05-22T17:06:59.016Z</time></trkpt><trkpt lat="37.804490" lon="-122.472504"><ele>57.687</ele><time>2024-05-22T17:07:00.016Z</time></trkpt><trkpt lat="37.804361" lon="-122.472321"><ele>57.245</ele><time>2024-05-22T17:07:01.016Z</time></trkpt><trkpt lat="37.804230" lon="-122.472134"><ele>56.686</ele><time>2024-05-22T17:07:02.016Z</time></trkpt><trkpt lat="37.804101" lon="-122.471942"><ele>56.077</ele><time>2024-05-22T17:07:03.016Z</time></trkpt><trkpt lat="37.803982" lon="-122.471746"><ele>55.185</ele><time>2024-05-22T17:07:04.016Z</time></trkpt><trkpt lat="37.803861" lon="-122.471549"><ele>54.416</ele><time>2024-05-22T17:07:05.016Z</time></trkpt><trkpt lat="37.803749" lon="-122.471345"><ele>53.822</ele><time>2024-05-22T17:07:06.016Z</time></trkpt><trkpt lat="37.803636" lon="-122.471134"><ele>53.062</ele><time>2024-05-22T17:07:07.016Z</time></trkpt><trkpt lat="37.803525" lon="-122.470915"><ele>52.108</ele><time>2024-05-22T17:07:08.016Z</time></trkpt><trkpt lat="37.803419" lon="-122.470691"><ele>51.009</ele><time>2024-05-22T17:07:09.016Z</time></trkpt><trkpt lat="37.803317" lon="-122.470466"><ele>50.273</ele><time>2024-05-22T17:07:10.016Z</time></trkpt><trkpt lat="37.803221" lon="-122.470235"><ele>49.429</ele><time>2024-05-22T17:07:11.016Z</time></trkpt><trkpt lat="37.803131" lon="-122.469992"><ele>48.563</ele><time>2024-05-22T17:07:12.016Z</time></trkpt><trkpt lat="37.803047" lon="-122.469752"><ele>47.738</ele><time>2024-05-22T17:07:13.016Z</time></trkpt><trkpt lat="37.802966" lon="-122.469506"><ele>46.986</ele><time>2024-05-22T17:07:14.016Z</time></trkpt><trkpt lat="37.802888" lon="-122.469255"><ele>46.117</ele><time>2024-05-22T17:07:15.016Z</time></trkpt><trkpt lat="37.802817" lon="-122.469000"><ele>45.148</ele><time>2024-05-22T17:07:16.016Z</time></trkpt><trkpt lat="37.802754" lon="-122.468751"><ele>44.326</ele><time>2024-05-22T17:07:17.016Z</time></trkpt><trkpt lat="37.802695" lon="-122.468499"><ele>43.977</ele><time>2024-05-22T17:07:18.016Z</time></trkpt><trkpt lat="37.802634" lon="-122.468253"><ele>43.126</ele><time>2024-05-22T17:07:19.016Z</time></trkpt><trkpt lat="37.802577" lon="-122.468005"><ele>41.547</ele><time>2024-05-22T17:07:20.016Z</time></trkpt><trkpt lat="37.802529" lon="-122.467752"><ele>41.311</ele><time>2024-05-22T17:07:21.016Z</time></trkpt><trkpt lat="37.802476" lon="-122.467508"><ele>41.309</ele><time>2024-05-22T17:07:22.016Z</time></trkpt><trkpt lat="37.802429" lon="-122.467265"><ele>40.043</ele><time>2024-05-22T17:07:23.016Z</time></trkpt><trkpt lat="37.802375" lon="-122.467025"><ele>39.159</ele><time>2024-05-22T17:07:24.016Z</time></trkpt><trkpt lat="37.802322" lon="-122.466783"><ele>38.493</ele><time>2024-05-22T17:07:25.016Z</time></trkpt><trkpt lat="37.802271" lon="-122.466539"><ele>37.668</ele><time>2024-05-22T17:07:26.016Z</time></trkpt><trkpt lat="37.802215" lon="-122.466300"><ele>36.626</ele><time>2024-05-22T17:07:27.016Z</time></trkpt><trkpt lat="37.802158" lon="-122.466054"><ele>35.727</ele><time>2024-05-22T17:07:28.016Z</time></trkpt><trkpt lat="37.802100" lon="-122.465812"><ele>34.478</ele><time>2024-05-22T17:07:29.016Z</time></trkpt><trkpt lat="37.802051" lon="-122.465561"><ele>33.126</ele><time>2024-05-22T17:07:30.018Z</time></trkpt><trkpt lat="37.802000" lon="-122.465319"><ele>32.127</ele><time>2024-05-22T17:07:31.018Z</time></trkpt><trkpt lat="37.801959" lon="-122.465071"><ele>31.396</ele><time>2024-05-22T17:07:32.018Z</time></trkpt><trkpt lat="37.801911" lon="-122.464833"><ele>30.831</ele><time>2024-05-22T17:07:33.018Z</time></trkpt><trkpt lat="37.801866" lon="-122.464595"><ele>30.024</ele><time>2024-05-22T17:07:34.019Z</time></trkpt><trkpt lat="37.801818" lon="-122.464355"><ele>29.009</ele><time>2024-05-22T17:07:35.019Z</time></trkpt><trkpt lat="37.801764" lon="-122.464109"><ele>27.940</ele><time>2024-05-22T17:07:36.019Z</time></trkpt><trkpt lat="37.801715" lon="-122.463861"><ele>27.326</ele><time>2024-05-22T17:07:37.019Z</time></trkpt><trkpt lat="37.801662" lon="-122.463613"><ele>26.570</ele><time>2024-05-22T17:07:38.019Z</time></trkpt><trkpt lat="37.801613" lon="-122.463362"><ele>25.725</ele><time>2024-05-22T17:07:39.019Z</time></trkpt><trkpt lat="37.801570" lon="-122.463108"><ele>26.243</ele><time>2024-05-22T17:07:40.019Z</time></trkpt><trkpt lat="37.801545" lon="-122.462808"><ele>27.134</ele><time>2024-05-22T17:07:41.161Z</time></trkpt><trkpt lat="37.801482" lon="-122.460994"><ele>22.165</ele><time>2024-05-22T17:07:49.018Z</time></trkpt><trkpt lat="37.801528" lon="-122.460746"><ele>22.133</ele><time>2024-05-22T17:07:50.018Z</time></trkpt><trkpt lat="37.801590" lon="-122.460435"><ele>21.654</ele><time>2024-05-22T17:07:51.018Z</time></trkpt><trkpt lat="37.801669" lon="-122.460121"><ele>20.635</ele><time>2024-05-22T17:07:52.018Z</time></trkpt><trkpt lat="37.801760" lon="-122.459829"><ele>19.786</ele><time>2024-05-22T17:07:53.018Z</time></trkpt><trkpt lat="37.801851" lon="-122.459554"><ele>18.814</ele><time>2024-05-22T17:07:54.018Z</time></trkpt><trkpt lat="37.802077" lon="-122.459327"><ele>16.309</ele><time>2024-05-22T17:07:55.018Z</time></trkpt><trkpt lat="37.802145" lon="-122.459079"><ele>16.434</ele><time>2024-05-22T17:07:56.018Z</time></trkpt><trkpt lat="37.802218" lon="-122.458832"><ele>15.930</ele><time>2024-05-22T17:07:57.018Z</time></trkpt><trkpt lat="37.802293" lon="-122.458581"><ele>14.764</ele><time>2024-05-22T17:07:58.018Z</time></trkpt><trkpt lat="37.802363" lon="-122.458343"><ele>13.489</ele><time>2024-05-22T17:07:59.018Z</time></trkpt><trkpt lat="37.802448" lon="-122.458118"><ele>11.617</ele><time>2024-05-22T17:08:00.018Z</time></trkpt><trkpt lat="37.802525" lon="-122.457882"><ele>9.698</ele><time>2024-05-22T17:08:01.018Z</time></trkpt><trkpt lat="37.802593" lon="-122.457649"><ele>8.159</ele><time>2024-05-22T17:08:02.018Z</time></trkpt><trkpt lat="37.802665" lon="-122.457414"><ele>7.127</ele><time>2024-05-22T17:08:03.018Z</time></trkpt><trkpt lat="37.802743" lon="-122.457195"><ele>6.568</ele><time>2024-05-22T17:08:04.018Z</time></trkpt><trkpt lat="37.802821" lon="-122.456975"><ele>5.653</ele><time>2024-05-22T17:08:05.018Z</time></trkpt><trkpt lat="37.802857" lon="-122.456748"><ele>4.704</ele><time>2024-05-22T17:08:06.018Z</time></trkpt><trkpt lat="37.802902" lon="-122.456529"><ele>3.814</ele><time>2024-05-22T17:08:07.018Z</time></trkpt><trkpt lat="37.802943" lon="-122.456316"><ele>3.809</ele><time>2024-05-22T17:08:08.018Z</time></trkpt><trkpt lat="37.802982" lon="-122.456086"><ele>4.966</ele><time>2024-05-22T17:08:09.018Z</time></trkpt><trkpt lat="37.803016" lon="-122.455844"><ele>4.422</ele><time>2024-05-22T17:08:10.161Z</time></trkpt><trkpt lat="37.803043" lon="-122.455633"><ele>3.136</ele><time>2024-05-22T17:08:11.161Z</time></trkpt><trkpt lat="37.803330" lon="-122.454126"><ele>3.151</ele><time>2024-05-22T17:08:19.018Z</time></trkpt><trkpt lat="37.803242" lon="-122.453813"><ele>4.989</ele><time>2024-05-22T17:08:20.018Z</time></trkpt><trkpt lat="37.803243" lon="-122.453638"><ele>6.740</ele><time>2024-05-22T17:08:21.018Z</time></trkpt><trkpt lat="37.803123" lon="-122.453442"><ele>7.621</ele><time>2024-05-22T17:08:22.018Z</time></trkpt><trkpt lat="37.803086" lon="-122.453295"><ele>8.589</ele><time>2024-05-22T17:08:23.018Z</time></trkpt><trkpt lat="37.803118" lon="-122.453172"><ele>8.520</ele><time>2024-05-22T17:08:24.018Z</time></trkpt><trkpt lat="37.803129" lon="-122.453091"><ele>8.449</ele><time>2024-05-22T17:08:25.018Z</time></trkpt><trkpt lat="37.803151" lon="-122.452973"><ele>5.502</ele><time>2024-05-22T17:08:26.018Z</time></trkpt><trkpt lat="37.803167" lon="-122.452873"><ele>2.222</ele><time>2024-05-22T17:08:27.018Z</time></trkpt><trkpt lat="37.803180" lon="-122.452787"><ele>1.609</ele><time>2024-05-22T17:08:28.018Z</time></trkpt><trkpt lat="37.803167" lon="-122.452725"><ele>1.185</ele><time>2024-05-22T17:08:29.018Z</time></trkpt><trkpt lat="37.802875" lon="-122.452580"><ele>2.221</ele><time>2024-05-22T17:08:31.018Z</time></trkpt><trkpt lat="37.802800" lon="-122.452554"><ele>2.755</ele><time>2024-05-22T17:08:32.018Z</time></trkpt><trkpt lat="37.802739" lon="-122.452559"><ele>3.250</ele><time>2024-05-22T17:08:33.018Z</time></trkpt><trkpt lat="37.802665" lon="-122.452588"><ele>4.188</ele><time>2024-05-22T17:08:34.018Z</time></trkpt><trkpt lat="37.802583" lon="-122.452631"><ele>4.999</ele><time>2024-05-22T17:08:35.018Z</time></trkpt><trkpt lat="37.802517" lon="-122.452668"><ele>5.120</ele><time>2024-05-22T17:08:36.018Z</time></trkpt><trkpt lat="37.802457" lon="-122.452705"><ele>5.438</ele><time>2024-05-22T17:08:37.018Z</time></trkpt><trkpt lat="37.802402" lon="-122.452744"><ele>5.729</ele><time>2024-05-22T17:08:38.018Z</time></trkpt><trkpt lat="37.802354" lon="-122.452775"><ele>5.793</ele><time>2024-05-22T17:08:39.018Z</time></trkpt><trkpt lat="37.802290" lon="-122.452822"><ele>5.865</ele><time>2024-05-22T17:08:41.018Z</time></trkpt><trkpt lat="37.802234" lon="-122.452851"><ele>5.821</ele><time>2024-05-22T17:08:43.018Z</time></trkpt><trkpt lat="37.802187" lon="-122.452878"><ele>6.509</ele><time>2024-05-22T17:08:46.018Z</time></trkpt><trkpt lat="37.802148" lon="-122.452912"><ele>7.540</ele><time>2024-05-22T17:08:48.018Z</time></trkpt><trkpt lat="37.802097" lon="-122.452946"><ele>7.676</ele><time>2024-05-22T17:08:50.018Z</time></trkpt><trkpt lat="37.802055" lon="-122.452974"><ele>7.740</ele><time>2024-05-22T17:08:51.018Z</time></trkpt><trkpt lat="37.802009" lon="-122.453016"><ele>7.925</ele><time>2024-05-22T17:08:52.018Z</time></trkpt><trkpt lat="37.801962" lon="-122.453047"><ele>8.193</ele><time>2024-05-22T17:08:53.018Z</time></trkpt><trkpt lat="37.801907" lon="-122.453080"><ele>8.264</ele><time>2024-05-22T17:08:54.018Z</time></trkpt><trkpt lat="37.801848" lon="-122.453123"><ele>8.355</ele><time>2024-05-22T17:08:55.018Z</time></trkpt><trkpt lat="37.801783" lon="-122.453165"><ele>8.733</ele><time>2024-05-22T17:08:56.018Z</time></trkpt><trkpt lat="37.801715" lon="-122.453214"><ele>9.214</ele><time>2024-05-22T17:08:57.018Z</time></trkpt><trkpt lat="37.801633" lon="-122.453235"><ele>9.547</ele><time>2024-05-22T17:08:58.018Z</time></trkpt><trkpt lat="37.801555" lon="-122.453284"><ele>9.829</ele><time>2024-05-22T17:08:59.018Z</time></trkpt><trkpt lat="37.801472" lon="-122.453336"><ele>10.221</ele><time>2024-05-22T17:09:00.018Z</time></trkpt><trkpt lat="37.801392" lon="-122.453385"><ele>10.609</ele><time>2024-05-22T17:09:01.018Z</time></trkpt><trkpt lat="37.801311" lon="-122.453435"><ele>11.225</ele><time>2024-05-22T17:09:02.018Z</time></trkpt><trkpt lat="37.801230" lon="-122.453485"><ele>11.661</ele><time>2024-05-22T17:09:03.018Z</time></trkpt><trkpt lat="37.801149" lon="-122.453537"><ele>12.285</ele><time>2024-05-22T17:09:04.018Z</time></trkpt><trkpt lat="37.801072" lon="-122.453587"><ele>12.410</ele><time>2024-05-22T17:09:05.018Z</time></trkpt><trkpt lat="37.801002" lon="-122.453634"><ele>12.988</ele><time>2024-05-22T17:09:06.018Z</time></trkpt><trkpt lat="37.800931" lon="-122.453671"><ele>13.569</ele><time>2024-05-22T17:09:07.018Z</time></trkpt><trkpt lat="37.800869" lon="-122.453702"><ele>14.080</ele><time>2024-05-22T17:09:08.018Z</time></trkpt><trkpt lat="37.800813" lon="-122.453730"><ele>14.338</ele><time>2024-05-22T17:09:09.018Z</time></trkpt><trkpt lat="37.800771" lon="-122.453751"><ele>14.329</ele><time>2024-05-22T17:09:10.018Z</time></trkpt><trkpt lat="37.800725" lon="-122.453777"><ele>14.344</ele><time>2024-05-22T17:09:12.018Z</time></trkpt><trkpt lat="37.800667" lon="-122.453811"><ele>14.305</ele><time>2024-05-22T17:09:15.018Z</time></trkpt><trkpt lat="37.800640" lon="-122.453896"><ele>14.215</ele><time>2024-05-22T17:09:17.018Z</time></trkpt><trkpt lat="37.800664" lon="-122.453977"><ele>14.209</ele><time>2024-05-22T17:09:18.018Z</time></trkpt><trkpt lat="37.800686" lon="-122.454035"><ele>14.245</ele><time>2024-05-22T17:09:19.018Z</time></trkpt><trkpt lat="37.800703" lon="-122.454095"><ele>14.211</ele><time>2024-05-22T17:09:20.018Z</time></trkpt><trkpt lat="37.800715" lon="-122.454151"><ele>14.275</ele><time>2024-05-22T17:09:21.018Z</time></trkpt><trkpt lat="37.800714" lon="-122.454221"><ele>14.020</ele><time>2024-05-22T17:09:22.018Z</time></trkpt><trkpt lat="37.800739" lon="-122.454275"><ele>14.018</ele><time>2024-05-22T17:09:23.018Z</time></trkpt><trkpt lat="37.800793" lon="-122.454302"><ele>14.029</ele><time>2024-05-22T17:09:24.018Z</time></trkpt><trkpt lat="37.800830" lon="-122.454385"><ele>13.770</ele><time>2024-05-22T17:09:26.018Z</time></trkpt><trkpt lat="37.800865" lon="-122.454466"><ele>13.778</ele><time>2024-05-22T17:09:28.018Z</time></trkpt><trkpt lat="37.800900" lon="-122.454546"><ele>13.699</ele><time>2024-05-22T17:09:30.018Z</time></trkpt><trkpt lat="37.800760" lon="-122.454658"><ele>13.842</ele><time>2024-05-22T17:09:32.018Z</time></trkpt><trkpt lat="37.800703" lon="-122.454695"><ele>13.922</ele><time>2024-05-22T17:09:33.018Z</time></trkpt><trkpt lat="37.800640" lon="-122.454730"><ele>14.114</ele><time>2024-05-22T17:09:34.018Z</time></trkpt><trkpt lat="37.800576" lon="-122.454766"><ele>14.209</ele><time>2024-05-22T17:09:35.018Z</time></trkpt><trkpt lat="37.800513" lon="-122.454806"><ele>14.575</ele><time>2024-05-22T17:09:36.020Z</time></trkpt><trkpt lat="37.800447" lon="-122.454850"><ele>14.821</ele><time>2024-05-22T17:09:37.019Z</time></trkpt><trkpt lat="37.800391" lon="-122.454890"><ele>15.165</ele><time>2024-05-22T17:09:38.019Z</time></trkpt><trkpt lat="37.800331" lon="-122.454939"><ele>15.410</ele><time>2024-05-22T17:09:39.019Z</time></trkpt><trkpt lat="37.800269" lon="-122.454990"><ele>15.768</ele><time>2024-05-22T17:09:40.019Z</time></trkpt><trkpt lat="37.800210" lon="-122.455042"><ele>16.169</ele><time>2024-05-22T17:09:41.019Z</time></trkpt><trkpt lat="37.800155" lon="-122.455087"><ele>16.650</ele><time>2024-05-22T17:09:42.019Z</time></trkpt><trkpt lat="37.800095" lon="-122.455134"><ele>17.298</ele><time>2024-05-22T17:09:43.019Z</time></trkpt><trkpt lat="37.800041" lon="-122.455176"><ele>17.749</ele><time>2024-05-22T17:09:44.019Z</time></trkpt><trkpt lat="37.799985" lon="-122.455218"><ele>18.072</ele><time>2024-05-22T17:09:45.019Z</time></trkpt><trkpt lat="37.799931" lon="-122.455263"><ele>18.613</ele><time>2024-05-22T17:09:46.019Z</time></trkpt><trkpt lat="37.799870" lon="-122.455307"><ele>19.014</ele><time>2024-05-22T17:09:47.019Z</time></trkpt><trkpt lat="37.799808" lon="-122.455357"><ele>19.609</ele><time>2024-05-22T17:09:48.019Z</time></trkpt><trkpt lat="37.799744" lon="-122.455411"><ele>20.098</ele><time>2024-05-22T17:09:49.019Z</time></trkpt><trkpt lat="37.799676" lon="-122.455465"><ele>20.484</ele><time>2024-05-22T17:09:50.019Z</time></trkpt><trkpt lat="37.799609" lon="-122.455517"><ele>20.878</ele><time>2024-05-22T17:09:51.019Z</time></trkpt><trkpt lat="37.799547" lon="-122.455563"><ele>21.223</ele><time>2024-05-22T17:09:52.019Z</time></trkpt><trkpt lat="37.799482" lon="-122.455628"><ele>21.651</ele><time>2024-05-22T17:09:53.019Z</time></trkpt><trkpt lat="37.799411" lon="-122.455680"><ele>21.812</ele><time>2024-05-22T17:09:54.019Z</time></trkpt><trkpt lat="37.799338" lon="-122.455732"><ele>21.953</ele><time>2024-05-22T17:09:55.019Z</time></trkpt><trkpt lat="37.799270" lon="-122.455770"><ele>22.211</ele><time>2024-05-22T17:09:56.019Z</time></trkpt><trkpt lat="37.799205" lon="-122.455813"><ele>22.482</ele><time>2024-05-22T17:09:57.019Z</time></trkpt><trkpt lat="37.799137" lon="-122.455851"><ele>22.684</ele><time>2024-05-22T17:09:58.019Z</time></trkpt><trkpt lat="37.799068" lon="-122.455893"><ele>22.907</ele><time>2024-05-22T17:09:59.019Z</time></trkpt><trkpt lat="37.798996" lon="-122.455944"><ele>23.217</ele><time>2024-05-22T17:10:00.019Z</time></trkpt><trkpt lat="37.798942" lon="-122.455977"><ele>23.509</ele><time>2024-05-22T17:10:01.019Z</time></trkpt><trkpt lat="37.798892" lon="-122.456008"><ele>23.779</ele><time>2024-05-22T17:10:02.019Z</time></trkpt><trkpt lat="37.798841" lon="-122.456050"><ele>23.815</ele><time>2024-05-22T17:10:03.019Z</time></trkpt><trkpt lat="37.798796" lon="-122.456078"><ele>24.059</ele><time>2024-05-22T17:10:04.019Z</time></trkpt><trkpt lat="37.798729" lon="-122.456126"><ele>24.224</ele><time>2024-05-22T17:10:06.019Z</time></trkpt><trkpt lat="37.798684" lon="-122.456162"><ele>24.422</ele><time>2024-05-22T17:10:08.019Z</time></trkpt><trkpt lat="37.798652" lon="-122.456220"><ele>24.493</ele><time>2024-05-22T17:10:13.019Z</time></trkpt><trkpt lat="37.798614" lon="-122.456259"><ele>24.554</ele><time>2024-05-22T17:10:15.019Z</time></trkpt><trkpt lat="37.798554" lon="-122.456282"><ele>24.942</ele><time>2024-05-22T17:10:17.019Z</time></trkpt><trkpt lat="37.798499" lon="-122.456306"><ele>24.983</ele><time>2024-05-22T17:10:19.019Z</time></trkpt><trkpt lat="37.798429" lon="-122.456350"><ele>25.579</ele><time>2024-05-22T17:10:21.019Z</time></trkpt><trkpt lat="37.798383" lon="-122.456387"><ele>25.705</ele><time>2024-05-22T17:10:22.019Z</time></trkpt><trkpt lat="37.798328" lon="-122.456422"><ele>26.025</ele><time>2024-05-22T17:10:23.019Z</time></trkpt><trkpt lat="37.798280" lon="-122.456474"><ele>26.309</ele><time>2024-05-22T17:10:24.019Z</time></trkpt><trkpt lat="37.798235" lon="-122.456514"><ele>26.888</ele><time>2024-05-22T17:10:25.019Z</time></trkpt><trkpt lat="37.798180" lon="-122.456554"><ele>26.984</ele><time>2024-05-22T17:10:26.019Z</time></trkpt><trkpt lat="37.798124" lon="-122.456597"><ele>27.168</ele><time>2024-05-22T17:10:27.019Z</time></trkpt><trkpt lat="37.798061" lon="-122.456646"><ele>27.373</ele><time>2024-05-22T17:10:28.019Z</time></trkpt><trkpt lat="37.797993" lon="-122.456702"><ele>27.621</ele><time>2024-05-22T17:10:29.019Z</time></trkpt><trkpt lat="37.797923" lon="-122.456753"><ele>27.852</ele><time>2024-05-22T17:10:30.019Z</time></trkpt><trkpt lat="37.797852" lon="-122.456800"><ele>28.083</ele><time>2024-05-22T17:10:31.019Z</time></trkpt><trkpt lat="37.797781" lon="-122.456845"><ele>28.351</ele><time>2024-05-22T17:10:32.019Z</time></trkpt><trkpt lat="37.797712" lon="-122.456894"><ele>28.732</ele><time>2024-05-22T17:10:33.019Z</time></trkpt><trkpt lat="37.797648" lon="-122.456951"><ele>29.132</ele><time>2024-05-22T17:10:34.019Z</time></trkpt><trkpt lat="37.797580" lon="-122.457006"><ele>29.592</ele><time>2024-05-22T17:10:35.019Z</time></trkpt><trkpt lat="37.797524" lon="-122.457056"><ele>29.811</ele><time>2024-05-22T17:10:36.019Z</time></trkpt><trkpt lat="37.797456" lon="-122.457101"><ele>30.109</ele><time>2024-05-22T17:10:37.019Z</time></trkpt><trkpt lat="37.797392" lon="-122.457145"><ele>30.464</ele><time>2024-05-22T17:10:38.019Z</time></trkpt><trkpt lat="37.797331" lon="-122.457188"><ele>30.690</ele><time>2024-05-22T17:10:39.019Z</time></trkpt><trkpt lat="37.797277" lon="-122.457222"><ele>30.824</ele><time>2024-05-22T17:10:40.019Z</time></trkpt><trkpt lat="37.797222" lon="-122.457257"><ele>30.989</ele><time>2024-05-22T17:10:41.019Z</time></trkpt><trkpt lat="37.797191" lon="-122.457329"><ele>31.087</ele><time>2024-05-22T17:10:42.019Z</time></trkpt><trkpt lat="37.797141" lon="-122.457369"><ele>31.278</ele><time>2024-05-22T17:10:43.019Z</time></trkpt><trkpt lat="37.797102" lon="-122.457416"><ele>31.279</ele><time>2024-05-22T17:10:44.019Z</time></trkpt><trkpt lat="37.797141" lon="-122.457535"><ele>31.387</ele><time>2024-05-22T17:10:45.019Z</time></trkpt><trkpt lat="37.797151" lon="-122.457602"><ele>31.368</ele><time>2024-05-22T17:10:46.019Z</time></trkpt><trkpt lat="37.797191" lon="-122.457666"><ele>31.512</ele><time>2024-05-22T17:10:47.019Z</time></trkpt><trkpt lat="37.797219" lon="-122.457728"><ele>31.732</ele><time>2024-05-22T17:10:48.019Z</time></trkpt><trkpt lat="37.797249" lon="-122.457792"><ele>31.705</ele><time>2024-05-22T17:10:49.019Z</time></trkpt><trkpt lat="37.797277" lon="-122.457852"><ele>32.109</ele><time>2024-05-22T17:10:50.019Z</time></trkpt><trkpt lat="37.797298" lon="-122.457914"><ele>32.452</ele><time>2024-05-22T17:10:51.019Z</time></trkpt><trkpt lat="37.797320" lon="-122.457973"><ele>32.418</ele><time>2024-05-22T17:10:52.019Z</time></trkpt><trkpt lat="37.797372" lon="-122.458045"><ele>32.522</ele><time>2024-05-22T17:10:54.019Z</time></trkpt><trkpt lat="37.797423" lon="-122.458141"><ele>32.547</ele><time>2024-05-22T17:10:56.019Z</time></trkpt><trkpt lat="37.797449" lon="-122.458198"><ele>32.555</ele><time>2024-05-22T17:10:57.019Z</time></trkpt><trkpt lat="37.797488" lon="-122.458288"><ele>32.546</ele><time>2024-05-22T17:10:59.019Z</time></trkpt><trkpt lat="37.797506" lon="-122.458349"><ele>32.537</ele><time>2024-05-22T17:11:00.019Z</time></trkpt><trkpt lat="37.797544" lon="-122.458390"><ele>32.595</ele><time>2024-05-22T17:11:01.019Z</time></trkpt><trkpt lat="37.797568" lon="-122.458442"><ele>32.526</ele><time>2024-05-22T17:11:02.019Z</time></trkpt><trkpt lat="37.797593" lon="-122.458496"><ele>32.573</ele><time>2024-05-22T17:11:03.019Z</time></trkpt><trkpt lat="37.797616" lon="-122.458546"><ele>32.585</ele><time>2024-05-22T17:11:04.019Z</time></trkpt><trkpt lat="37.797636" lon="-122.458624"><ele>32.513</ele><time>2024-05-22T17:11:06.019Z</time></trkpt><trkpt lat="37.797679" lon="-122.458719"><ele>32.609</ele><time>2024-05-22T17:11:08.019Z</time></trkpt><trkpt lat="37.797703" lon="-122.458779"><ele>32.638</ele><time>2024-05-22T17:11:09.019Z</time></trkpt><trkpt lat="37.797728" lon="-122.458827"><ele>32.724</ele><time>2024-05-22T17:11:10.019Z</time></trkpt><trkpt lat="37.797771" lon="-122.458922"><ele>33.018</ele><time>2024-05-22T17:11:12.019Z</time></trkpt><trkpt lat="37.797802" lon="-122.458986"><ele>33.223</ele><time>2024-05-22T17:11:14.019Z</time></trkpt><trkpt lat="37.797842" lon="-122.459041"><ele>33.221</ele><time>2024-05-22T17:11:16.019Z</time></trkpt><trkpt lat="37.797871" lon="-122.459108"><ele>33.252</ele><time>2024-05-22T17:11:18.019Z</time></trkpt><trkpt lat="37.797900" lon="-122.459186"><ele>33.263</ele><time>2024-05-22T17:11:20.019Z</time></trkpt><trkpt lat="37.797929" lon="-122.459252"><ele>33.121</ele><time>2024-05-22T17:11:22.019Z</time></trkpt><trkpt lat="37.797967" lon="-122.459338"><ele>33.172</ele><time>2024-05-22T17:11:24.019Z</time></trkpt><trkpt lat="37.797993" lon="-122.459399"><ele>33.034</ele><time>2024-05-22T17:11:26.019Z</time></trkpt><trkpt lat="37.798018" lon="-122.459458"><ele>33.155</ele><time>2024-05-22T17:11:28.019Z</time></trkpt><trkpt lat="37.797876" lon="-122.459583"><ele>33.710</ele><time>2024-05-22T17:11:31.019Z</time></trkpt><trkpt lat="37.797812" lon="-122.459607"><ele>34.409</ele><time>2024-05-22T17:11:32.019Z</time></trkpt><trkpt lat="37.797753" lon="-122.459632"><ele>34.584</ele><time>2024-05-22T17:11:33.019Z</time></trkpt><trkpt lat="37.797701" lon="-122.459651"><ele>34.980</ele><time>2024-05-22T17:11:34.019Z</time></trkpt><trkpt lat="37.797644" lon="-122.459671"><ele>35.384</ele><time>2024-05-22T17:11:35.019Z</time></trkpt><trkpt lat="37.797586" lon="-122.459689"><ele>35.499</ele><time>2024-05-22T17:11:36.019Z</time></trkpt><trkpt lat="37.797513" lon="-122.459712"><ele>36.477</ele><time>2024-05-22T17:11:37.019Z</time></trkpt><trkpt lat="37.797437" lon="-122.459721"><ele>37.088</ele><time>2024-05-22T17:11:38.019Z</time></trkpt><trkpt lat="37.797358" lon="-122.459718"><ele>37.999</ele><time>2024-05-22T17:11:39.019Z</time></trkpt><trkpt lat="37.797285" lon="-122.459702"><ele>38.457</ele><time>2024-05-22T17:11:40.019Z</time></trkpt><trkpt lat="37.797207" lon="-122.459688"><ele>39.698</ele><time>2024-05-22T17:11:41.019Z</time></trkpt><trkpt lat="37.797122" lon="-122.459662"><ele>41.029</ele><time>2024-05-22T17:11:42.020Z</time></trkpt><trkpt lat="37.797043" lon="-122.459651"><ele>41.800</ele><time>2024-05-22T17:11:43.019Z</time></trkpt><trkpt lat="37.796957" lon="-122.459636"><ele>42.420</ele><time>2024-05-22T17:11:44.019Z</time></trkpt><trkpt lat="37.796878" lon="-122.459619"><ele>43.009</ele><time>2024-05-22T17:11:45.019Z</time></trkpt><trkpt lat="37.796802" lon="-122.459595"><ele>43.463</ele><time>2024-05-22T17:11:46.019Z</time></trkpt><trkpt lat="37.796727" lon="-122.459586"><ele>44.169</ele><time>2024-05-22T17:11:47.019Z</time></trkpt><trkpt lat="37.796623" lon="-122.459574"><ele>45.133</ele><time>2024-05-22T17:11:48.019Z</time></trkpt><trkpt lat="37.796523" lon="-122.459613"><ele>46.638</ele><time>2024-05-22T17:11:49.019Z</time></trkpt><trkpt lat="37.796439" lon="-122.459668"><ele>47.496</ele><time>2024-05-22T17:11:50.019Z</time></trkpt><trkpt lat="37.796365" lon="-122.459747"><ele>48.697</ele><time>2024-05-22T17:11:51.020Z</time></trkpt><trkpt lat="37.796296" lon="-122.459827"><ele>49.818</ele><time>2024-05-22T17:11:52.019Z</time></trkpt><trkpt lat="37.796227" lon="-122.459918"><ele>50.836</ele><time>2024-05-22T17:11:53.019Z</time></trkpt><trkpt lat="37.796154" lon="-122.460008"><ele>51.997</ele><time>2024-05-22T17:11:54.020Z</time></trkpt><trkpt lat="37.796077" lon="-122.460099"><ele>52.995</ele><time>2024-05-22T17:11:55.020Z</time></trkpt><trkpt lat="37.795991" lon="-122.460186"><ele>54.149</ele><time>2024-05-22T17:11:56.020Z</time></trkpt><trkpt lat="37.795913" lon="-122.460276"><ele>55.423</ele><time>2024-05-22T17:11:57.020Z</time></trkpt><trkpt lat="37.795842" lon="-122.460363"><ele>56.209</ele><time>2024-05-22T17:11:58.020Z</time></trkpt><trkpt lat="37.795772" lon="-122.460454"><ele>56.910</ele><time>2024-05-22T17:11:59.020Z</time></trkpt><trkpt lat="37.795699" lon="-122.460540"><ele>58.256</ele><time>2024-05-22T17:12:00.020Z</time></trkpt><trkpt lat="37.795628" lon="-122.460624"><ele>59.370</ele><time>2024-05-22T17:12:01.020Z</time></trkpt><trkpt lat="37.795555" lon="-122.460699"><ele>60.655</ele><time>2024-05-22T17:12:02.020Z</time></trkpt><trkpt lat="37.795475" lon="-122.460771"><ele>61.693</ele><time>2024-05-22T17:12:03.020Z</time></trkpt><trkpt lat="37.795400" lon="-122.460856"><ele>62.674</ele><time>2024-05-22T17:12:04.020Z</time></trkpt><trkpt lat="37.795333" lon="-122.460932"><ele>64.075</ele><time>2024-05-22T17:12:05.020Z</time></trkpt><trkpt lat="37.795274" lon="-122.461011"><ele>65.173</ele><time>2024-05-22T17:12:06.020Z</time></trkpt><trkpt lat="37.795210" lon="-122.461080"><ele>65.554</ele><time>2024-05-22T17:12:07.020Z</time></trkpt><trkpt lat="37.795145" lon="-122.461157"><ele>66.555</ele><time>2024-05-22T17:12:08.020Z</time></trkpt><trkpt lat="37.795076" lon="-122.461231"><ele>67.607</ele><time>2024-05-22T17:12:09.020Z</time></trkpt><trkpt lat="37.795004" lon="-122.461307"><ele>69.617</ele><time>2024-05-22T17:12:10.020Z</time></trkpt><trkpt lat="37.794926" lon="-122.461377"><ele>70.209</ele><time>2024-05-22T17:12:11.020Z</time></trkpt><trkpt lat="37.794851" lon="-122.461449"><ele>71.146</ele><time>2024-05-22T17:12:12.020Z</time></trkpt><trkpt lat="37.794771" lon="-122.461511"><ele>72.562</ele><time>2024-05-22T17:12:13.020Z</time></trkpt><trkpt lat="37.794681" lon="-122.461566"><ele>73.416</ele><time>2024-05-22T17:12:14.020Z</time></trkpt><trkpt lat="37.794596" lon="-122.461619"><ele>74.361</ele><time>2024-05-22T17:12:15.020Z</time></trkpt><trkpt lat="37.794499" lon="-122.461646"><ele>75.589</ele><time>2024-05-22T17:12:16.020Z</time></trkpt><trkpt lat="37.794393" lon="-122.461650"><ele>76.760</ele><time>2024-05-22T17:12:17.020Z</time></trkpt><trkpt lat="37.794290" lon="-122.461636"><ele>78.021</ele><time>2024-05-22T17:12:18.020Z</time></trkpt><trkpt lat="37.794195" lon="-122.461607"><ele>78.989</ele><time>2024-05-22T17:12:19.020Z</time></trkpt><trkpt lat="37.794099" lon="-122.461553"><ele>79.920</ele><time>2024-05-22T17:12:20.020Z</time></trkpt><trkpt lat="37.794008" lon="-122.461506"><ele>80.793</ele><time>2024-05-22T17:12:21.020Z</time></trkpt><trkpt lat="37.793917" lon="-122.461472"><ele>81.565</ele><time>2024-05-22T17:12:22.020Z</time></trkpt><trkpt lat="37.793820" lon="-122.461447"><ele>82.321</ele><time>2024-05-22T17:12:23.020Z</time></trkpt><trkpt lat="37.793728" lon="-122.461436"><ele>83.109</ele><time>2024-05-22T17:12:24.020Z</time></trkpt><trkpt lat="37.793623" lon="-122.461418"><ele>84.290</ele><time>2024-05-22T17:12:25.020Z</time></trkpt><trkpt lat="37.793523" lon="-122.461418"><ele>84.866</ele><time>2024-05-22T17:12:26.020Z</time></trkpt><trkpt lat="37.793431" lon="-122.461430"><ele>85.630</ele><time>2024-05-22T17:12:27.020Z</time></trkpt><trkpt lat="37.793356" lon="-122.461441"><ele>86.035</ele><time>2024-05-22T17:12:28.020Z</time></trkpt><trkpt lat="37.793293" lon="-122.461446"><ele>86.843</ele><time>2024-05-22T17:12:29.020Z</time></trkpt><trkpt lat="37.793242" lon="-122.461441"><ele>87.584</ele><time>2024-05-22T17:12:30.020Z</time></trkpt><trkpt lat="37.793187" lon="-122.461429"><ele>87.895</ele><time>2024-05-22T17:12:32.020Z</time></trkpt><trkpt lat="37.793140" lon="-122.461423"><ele>88.213</ele><time>2024-05-22T17:12:34.020Z</time></trkpt><trkpt lat="37.793059" lon="-122.461390"><ele>88.644</ele><time>2024-05-22T17:12:36.020Z</time></trkpt><trkpt lat="37.792990" lon="-122.461354"><ele>89.299</ele><time>2024-05-22T17:12:37.020Z</time></trkpt><trkpt lat="37.792931" lon="-122.461316"><ele>90.807</ele><time>2024-05-22T17:12:38.020Z</time></trkpt><trkpt lat="37.792873" lon="-122.461286"><ele>91.227</ele><time>2024-05-22T17:12:39.020Z</time></trkpt><trkpt lat="37.792824" lon="-122.461246"><ele>91.309</ele><time>2024-05-22T17:12:40.020Z</time></trkpt><trkpt lat="37.792779" lon="-122.461209"><ele>91.460</ele><time>2024-05-22T17:12:41.020Z</time></trkpt><trkpt lat="37.792728" lon="-122.461170"><ele>91.486</ele><time>2024-05-22T17:12:42.020Z</time></trkpt><trkpt lat="37.792673" lon="-122.461088"><ele>92.170</ele><time>2024-05-22T17:12:43.020Z</time></trkpt><trkpt lat="37.792635" lon="-122.461029"><ele>92.195</ele><time>2024-05-22T17:12:44.020Z</time></trkpt><trkpt lat="37.792581" lon="-122.460937"><ele>92.253</ele><time>2024-05-22T17:12:45.020Z</time></trkpt><trkpt lat="37.792538" lon="-122.460848"><ele>92.054</ele><time>2024-05-22T17:12:46.020Z</time></trkpt><trkpt lat="37.792504" lon="-122.460744"><ele>91.975</ele><time>2024-05-22T17:12:47.020Z</time></trkpt><trkpt lat="37.792480" lon="-122.460652"><ele>91.613</ele><time>2024-05-22T17:12:48.020Z</time></trkpt><trkpt lat="37.792472" lon="-122.460555"><ele>91.364</ele><time>2024-05-22T17:12:49.020Z</time></trkpt><trkpt lat="37.792468" lon="-122.460444"><ele>91.164</ele><time>2024-05-22T17:12:50.020Z</time></trkpt><trkpt lat="37.792466" lon="-122.460333"><ele>91.006</ele><time>2024-05-22T17:12:51.020Z</time></trkpt><trkpt lat="37.792461" lon="-122.460236"><ele>90.916</ele><time>2024-05-22T17:12:52.020Z</time></trkpt><trkpt lat="37.792454" lon="-122.460138"><ele>90.809</ele><time>2024-05-22T17:12:53.020Z</time></trkpt><trkpt lat="37.792449" lon="-122.460032"><ele>90.837</ele><time>2024-05-22T17:12:54.020Z</time></trkpt><trkpt lat="37.792435" lon="-122.459931"><ele>90.693</ele><time>2024-05-22T17:12:55.020Z</time></trkpt><trkpt lat="37.792410" lon="-122.459833"><ele>90.727</ele><time>2024-05-22T17:12:56.020Z</time></trkpt><trkpt lat="37.792382" lon="-122.459742"><ele>90.792</ele><time>2024-05-22T17:12:57.020Z</time></trkpt><trkpt lat="37.792356" lon="-122.459660"><ele>90.720</ele><time>2024-05-22T17:12:58.020Z</time></trkpt><trkpt lat="37.792318" lon="-122.459570"><ele>90.761</ele><time>2024-05-22T17:12:59.020Z</time></trkpt><trkpt lat="37.792272" lon="-122.459486"><ele>90.672</ele><time>2024-05-22T17:13:00.020Z</time></trkpt><trkpt lat="37.792228" lon="-122.459397"><ele>90.660</ele><time>2024-05-22T17:13:01.020Z</time></trkpt><trkpt lat="37.792184" lon="-122.459307"><ele>90.481</ele><time>2024-05-22T17:13:02.020Z</time></trkpt><trkpt lat="37.792143" lon="-122.459210"><ele>90.314</ele><time>2024-05-22T17:13:03.020Z</time></trkpt><trkpt lat="37.792104" lon="-122.459127"><ele>90.354</ele><time>2024-05-22T17:13:04.020Z</time></trkpt><trkpt lat="37.792066" lon="-122.459032"><ele>90.309</ele><time>2024-05-22T17:13:05.020Z</time></trkpt><trkpt lat="37.792017" lon="-122.458965"><ele>90.209</ele><time>2024-05-22T17:13:06.020Z</time></trkpt><trkpt lat="37.791961" lon="-122.458908"><ele>90.022</ele><time>2024-05-22T17:13:07.020Z</time></trkpt><trkpt lat="37.791903" lon="-122.458875"><ele>89.878</ele><time>2024-05-22T17:13:08.020Z</time></trkpt><trkpt lat="37.791836" lon="-122.458856"><ele>89.392</ele><time>2024-05-22T17:13:09.020Z</time></trkpt><trkpt lat="37.791760" lon="-122.458849"><ele>88.947</ele><time>2024-05-22T17:13:10.020Z</time></trkpt><trkpt lat="37.791679" lon="-122.458859"><ele>88.915</ele><time>2024-05-22T17:13:11.020Z</time></trkpt><trkpt lat="37.791609" lon="-122.458884"><ele>89.286</ele><time>2024-05-22T17:13:12.020Z</time></trkpt><trkpt lat="37.791532" lon="-122.458894"><ele>89.727</ele><time>2024-05-22T17:13:13.020Z</time></trkpt><trkpt lat="37.791460" lon="-122.458911"><ele>90.035</ele><time>2024-05-22T17:13:14.020Z</time></trkpt><trkpt lat="37.791384" lon="-122.458915"><ele>90.196</ele><time>2024-05-22T17:13:15.020Z</time></trkpt><trkpt lat="37.791308" lon="-122.458925"><ele>90.112</ele><time>2024-05-22T17:13:16.020Z</time></trkpt><trkpt lat="37.791239" lon="-122.458923"><ele>90.032</ele><time>2024-05-22T17:13:17.020Z</time></trkpt><trkpt lat="37.791174" lon="-122.458925"><ele>90.105</ele><time>2024-05-22T17:13:18.020Z</time></trkpt><trkpt lat="37.791116" lon="-122.458935"><ele>89.909</ele><time>2024-05-22T17:13:19.020Z</time></trkpt><trkpt lat="37.791052" lon="-122.458932"><ele>89.992</ele><time>2024-05-22T17:13:20.020Z</time></trkpt><trkpt lat="37.790990" lon="-122.458929"><ele>90.128</ele><time>2024-05-22T17:13:21.020Z</time></trkpt><trkpt lat="37.790927" lon="-122.458925"><ele>90.122</ele><time>2024-05-22T17:13:22.020Z</time></trkpt><trkpt lat="37.790868" lon="-122.458914"><ele>90.037</ele><time>2024-05-22T17:13:23.020Z</time></trkpt><trkpt lat="37.790814" lon="-122.458900"><ele>90.135</ele><time>2024-05-22T17:13:24.020Z</time></trkpt><trkpt lat="37.790754" lon="-122.458880"><ele>90.086</ele><time>2024-05-22T17:13:25.020Z</time></trkpt><trkpt lat="37.790695" lon="-122.458863"><ele>90.057</ele><time>2024-05-22T17:13:26.020Z</time></trkpt><trkpt lat="37.790633" lon="-122.458840"><ele>90.155</ele><time>2024-05-22T17:13:27.020Z</time></trkpt><trkpt lat="37.790575" lon="-122.458814"><ele>91.456</ele><time>2024-05-22T17:13:28.020Z</time></trkpt><trkpt lat="37.790516" lon="-122.458782"><ele>91.591</ele><time>2024-05-22T17:13:29.020Z</time></trkpt><trkpt lat="37.790454" lon="-122.458763"><ele>91.581</ele><time>2024-05-22T17:13:30.020Z</time></trkpt><trkpt lat="37.790399" lon="-122.458748"><ele>91.919</ele><time>2024-05-22T17:13:31.020Z</time></trkpt><trkpt lat="37.790326" lon="-122.458731"><ele>91.909</ele><time>2024-05-22T17:13:32.020Z</time></trkpt><trkpt lat="37.790251" lon="-122.458689"><ele>91.780</ele><time>2024-05-22T17:13:33.020Z</time></trkpt><trkpt lat="37.790181" lon="-122.458702"><ele>91.636</ele><time>2024-05-22T17:13:34.020Z</time></trkpt><trkpt lat="37.790114" lon="-122.458734"><ele>91.540</ele><time>2024-05-22T17:13:35.020Z</time></trkpt><trkpt lat="37.790066" lon="-122.458787"><ele>91.525</ele><time>2024-05-22T17:13:36.020Z</time></trkpt><trkpt lat="37.790015" lon="-122.458854"><ele>91.753</ele><time>2024-05-22T17:13:37.020Z</time></trkpt><trkpt lat="37.789979" lon="-122.458927"><ele>91.794</ele><time>2024-05-22T17:13:38.020Z</time></trkpt><trkpt lat="37.789946" lon="-122.459001"><ele>91.895</ele><time>2024-05-22T17:13:39.020Z</time></trkpt><trkpt lat="37.789923" lon="-122.459076"><ele>91.993</ele><time>2024-05-22T17:13:40.020Z</time></trkpt><trkpt lat="37.789897" lon="-122.459136"><ele>91.924</ele><time>2024-05-22T17:13:41.020Z</time></trkpt><trkpt lat="37.789876" lon="-122.459206"><ele>91.522</ele><time>2024-05-22T17:13:42.020Z</time></trkpt><trkpt lat="37.789854" lon="-122.459272"><ele>91.662</ele><time>2024-05-22T17:13:43.020Z</time></trkpt><trkpt lat="37.789834" lon="-122.459330"><ele>91.508</ele><time>2024-05-22T17:13:44.020Z</time></trkpt><trkpt lat="37.789787" lon="-122.459422"><ele>91.309</ele><time>2024-05-22T17:13:46.020Z</time></trkpt><trkpt lat="37.789757" lon="-122.459483"><ele>91.093</ele><time>2024-05-22T17:13:48.021Z</time></trkpt><trkpt lat="37.789708" lon="-122.459532"><ele>91.069</ele><time>2024-05-22T17:13:57.020Z</time></trkpt><trkpt lat="37.789661" lon="-122.459541"><ele>91.043</ele><time>2024-05-22T17:13:58.021Z</time></trkpt><trkpt lat="37.789603" lon="-122.459530"><ele>91.788</ele><time>2024-05-22T17:13:59.021Z</time></trkpt><trkpt lat="37.789522" lon="-122.459517"><ele>91.776</ele><time>2024-05-22T17:14:01.020Z</time></trkpt><trkpt lat="37.789472" lon="-122.459522"><ele>91.747</ele><time>2024-05-22T17:14:03.020Z</time></trkpt><trkpt lat="37.789390" lon="-122.459519"><ele>90.358</ele><time>2024-05-22T17:14:06.020Z</time></trkpt><trkpt lat="37.789335" lon="-122.459504"><ele>89.696</ele><time>2024-05-22T17:14:07.020Z</time></trkpt><trkpt lat="37.789280" lon="-122.459498"><ele>89.647</ele><time>2024-05-22T17:14:08.020Z</time></trkpt><trkpt lat="37.789227" lon="-122.459495"><ele>88.925</ele><time>2024-05-22T17:14:09.020Z</time></trkpt><trkpt lat="37.789173" lon="-122.459492"><ele>88.826</ele><time>2024-05-22T17:14:10.020Z</time></trkpt><trkpt lat="37.789111" lon="-122.459487"><ele>88.108</ele><time>2024-05-22T17:14:11.020Z</time></trkpt><trkpt lat="37.789049" lon="-122.459485"><ele>87.009</ele><time>2024-05-22T17:14:12.020Z</time></trkpt><trkpt lat="37.788987" lon="-122.459481"><ele>86.153</ele><time>2024-05-22T17:14:13.020Z</time></trkpt><trkpt lat="37.788926" lon="-122.459482"><ele>84.789</ele><time>2024-05-22T17:14:14.020Z</time></trkpt><trkpt lat="37.788863" lon="-122.459476"><ele>83.133</ele><time>2024-05-22T17:14:15.020Z</time></trkpt><trkpt lat="37.788799" lon="-122.459470"><ele>82.538</ele><time>2024-05-22T17:14:16.020Z</time></trkpt><trkpt lat="37.788737" lon="-122.459463"><ele>81.716</ele><time>2024-05-22T17:14:17.020Z</time></trkpt><trkpt lat="37.788686" lon="-122.459459"><ele>80.577</ele><time>2024-05-22T17:14:18.020Z</time></trkpt><trkpt lat="37.788631" lon="-122.459451"><ele>79.948</ele><time>2024-05-22T17:14:19.020Z</time></trkpt><trkpt lat="37.788585" lon="-122.459446"><ele>78.326</ele><time>2024-05-22T17:14:20.020Z</time></trkpt><trkpt lat="37.788526" lon="-122.459441"><ele>77.127</ele><time>2024-05-22T17:14:22.019Z</time></trkpt><trkpt lat="37.788455" lon="-122.459430"><ele>76.633</ele><time>2024-05-22T17:14:24.018Z</time></trkpt><trkpt lat="37.788405" lon="-122.459427"><ele>76.623</ele><time>2024-05-22T17:14:25.018Z</time></trkpt><trkpt lat="37.788352" lon="-122.459429"><ele>76.515</ele><time>2024-05-22T17:14:26.018Z</time></trkpt><trkpt lat="37.788294" lon="-122.459425"><ele>76.309</ele><time>2024-05-22T17:14:27.018Z</time></trkpt><trkpt lat="37.788228" lon="-122.459417"><ele>76.324</ele><time>2024-05-22T17:14:28.018Z</time></trkpt><trkpt lat="37.788156" lon="-122.459403"><ele>76.130</ele><time>2024-05-22T17:14:29.018Z</time></trkpt><trkpt lat="37.788087" lon="-122.459384"><ele>76.194</ele><time>2024-05-22T17:14:30.018Z</time></trkpt><trkpt lat="37.788017" lon="-122.459381"><ele>75.619</ele><time>2024-05-22T17:14:31.018Z</time></trkpt><trkpt lat="37.787953" lon="-122.459378"><ele>75.167</ele><time>2024-05-22T17:14:32.018Z</time></trkpt><trkpt lat="37.787904" lon="-122.459369"><ele>75.048</ele><time>2024-05-22T17:14:33.018Z</time></trkpt><trkpt lat="37.787843" lon="-122.459363"><ele>74.399</ele><time>2024-05-22T17:14:34.018Z</time></trkpt><trkpt lat="37.787783" lon="-122.459358"><ele>73.197</ele><time>2024-05-22T17:14:35.018Z</time></trkpt><trkpt lat="37.787734" lon="-122.459353"><ele>72.858</ele><time>2024-05-22T17:14:36.018Z</time></trkpt><trkpt lat="37.787683" lon="-122.459353"><ele>72.371</ele><time>2024-05-22T17:14:37.018Z</time></trkpt><trkpt lat="37.787619" lon="-122.459355"><ele>70.941</ele><time>2024-05-22T17:14:39.018Z</time></trkpt><trkpt lat="37.787572" lon="-122.459363"><ele>70.915</ele><time>2024-05-22T17:14:42.018Z</time></trkpt><trkpt lat="37.787504" lon="-122.459364"><ele>70.909</ele><time>2024-05-22T17:15:12.017Z</time></trkpt><trkpt lat="37.787417" lon="-122.459365"><ele>70.948</ele><time>2024-05-22T17:15:14.017Z</time></trkpt><trkpt lat="37.787341" lon="-122.459368"><ele>71.574</ele><time>2024-05-22T17:15:16.017Z</time></trkpt><trkpt lat="37.787273" lon="-122.459365"><ele>71.518</ele><time>2024-05-22T17:15:18.017Z</time></trkpt><trkpt lat="37.787229" lon="-122.459348"><ele>71.053</ele><time>2024-05-22T17:15:19.017Z</time></trkpt><trkpt lat="37.787183" lon="-122.459346"><ele>70.991</ele><time>2024-05-22T17:15:21.017Z</time></trkpt><trkpt lat="37.787128" lon="-122.459355"><ele>70.892</ele><time>2024-05-22T17:15:26.017Z</time></trkpt><trkpt lat="37.787078" lon="-122.459339"><ele>70.963</ele><time>2024-05-22T17:15:27.017Z</time></trkpt><trkpt lat="37.787022" lon="-122.459330"><ele>70.871</ele><time>2024-05-22T17:15:28.017Z</time></trkpt><trkpt lat="37.786954" lon="-122.459327"><ele>70.732</ele><time>2024-05-22T17:15:29.017Z</time></trkpt><trkpt lat="37.786886" lon="-122.459325"><ele>71.199</ele><time>2024-05-22T17:15:30.017Z</time></trkpt><trkpt lat="37.786826" lon="-122.459320"><ele>71.107</ele><time>2024-05-22T17:15:31.017Z</time></trkpt><trkpt lat="37.786762" lon="-122.459314"><ele>70.727</ele><time>2024-05-22T17:15:32.017Z</time></trkpt><trkpt lat="37.786686" lon="-122.459304"><ele>70.109</ele><time>2024-05-22T17:15:33.017Z</time></trkpt><trkpt lat="37.786617" lon="-122.459295"><ele>69.810</ele><time>2024-05-22T17:15:34.017Z</time></trkpt><trkpt lat="37.786555" lon="-122.459289"><ele>69.516</ele><time>2024-05-22T17:15:35.017Z</time></trkpt><trkpt lat="37.786501" lon="-122.459298"><ele>69.550</ele><time>2024-05-22T17:15:36.017Z</time></trkpt><trkpt lat="37.786439" lon="-122.459296"><ele>69.335</ele><time>2024-05-22T17:15:37.017Z</time></trkpt><trkpt lat="37.786370" lon="-122.459287"><ele>68.823</ele><time>2024-05-22T17:15:38.017Z</time></trkpt><trkpt lat="37.786305" lon="-122.459282"><ele>68.664</ele><time>2024-05-22T17:15:39.017Z</time></trkpt><trkpt lat="37.786236" lon="-122.459268"><ele>68.145</ele><time>2024-05-22T17:15:40.017Z</time></trkpt><trkpt lat="37.786176" lon="-122.459269"><ele>66.713</ele><time>2024-05-22T17:15:41.017Z</time></trkpt><trkpt lat="37.786127" lon="-122.459268"><ele>66.464</ele><time>2024-05-22T17:15:42.017Z</time></trkpt><trkpt lat="37.786079" lon="-122.459266"><ele>66.368</ele><time>2024-05-22T17:15:43.017Z</time></trkpt><trkpt lat="37.786009" lon="-122.459267"><ele>65.642</ele><time>2024-05-22T17:15:45.017Z</time></trkpt><trkpt lat="37.785963" lon="-122.459255"><ele>65.226</ele><time>2024-05-22T17:15:47.017Z</time></trkpt><trkpt lat="37.785893" lon="-122.459247"><ele>64.909</ele><time>2024-05-22T17:16:02.019Z</time></trkpt><trkpt lat="37.785837" lon="-122.459246"><ele>64.517</ele><time>2024-05-22T17:16:03.019Z</time></trkpt><trkpt lat="37.785776" lon="-122.459245"><ele>64.523</ele><time>2024-05-22T17:16:04.019Z</time></trkpt><trkpt lat="37.785713" lon="-122.459239"><ele>64.547</ele><time>2024-05-22T17:16:05.019Z</time></trkpt><trkpt lat="37.785649" lon="-122.459236"><ele>64.952</ele><time>2024-05-22T17:16:06.019Z</time></trkpt><trkpt lat="37.785587" lon="-122.459236"><ele>64.940</ele><time>2024-05-22T17:16:07.019Z</time></trkpt><trkpt lat="37.785511" lon="-122.459231"><ele>64.921</ele><time>2024-05-22T17:16:08.019Z</time></trkpt><trkpt lat="37.785423" lon="-122.459224"><ele>64.912</ele><time>2024-05-22T17:16:09.019Z</time></trkpt><trkpt lat="37.785331" lon="-122.459222"><ele>64.420</ele><time>2024-05-22T17:16:10.019Z</time></trkpt><trkpt lat="37.785232" lon="-122.459209"><ele>63.261</ele><time>2024-05-22T17:16:11.019Z</time></trkpt><trkpt lat="37.785139" lon="-122.459195"><ele>62.616</ele><time>2024-05-22T17:16:12.019Z</time></trkpt><trkpt lat="37.785049" lon="-122.459184"><ele>62.076</ele><time>2024-05-22T17:16:13.019Z</time></trkpt><trkpt lat="37.784959" lon="-122.459178"><ele>61.013</ele><time>2024-05-22T17:16:14.019Z</time></trkpt><trkpt lat="37.784870" lon="-122.459171"><ele>61.409</ele><time>2024-05-22T17:16:15.019Z</time></trkpt><trkpt lat="37.784790" lon="-122.459168"><ele>61.442</ele><time>2024-05-22T17:16:16.019Z</time></trkpt><trkpt lat="37.784717" lon="-122.459165"><ele>61.458</ele><time>2024-05-22T17:16:17.019Z</time></trkpt><trkpt lat="37.784647" lon="-122.459166"><ele>61.412</ele><time>2024-05-22T17:16:18.019Z</time></trkpt><trkpt lat="37.784582" lon="-122.459162"><ele>61.017</ele><time>2024-05-22T17:16:19.019Z</time></trkpt><trkpt lat="37.784520" lon="-122.459151"><ele>61.025</ele><time>2024-05-22T17:16:20.019Z</time></trkpt><trkpt lat="37.784459" lon="-122.459147"><ele>61.026</ele><time>2024-05-22T17:16:21.019Z</time></trkpt><trkpt lat="37.784410" lon="-122.459140"><ele>61.187</ele><time>2024-05-22T17:16:22.019Z</time></trkpt><trkpt lat="37.784323" lon="-122.459116"><ele>61.215</ele><time>2024-05-22T17:16:24.019Z</time></trkpt><trkpt lat="37.784249" lon="-122.459114"><ele>61.346</ele><time>2024-05-22T17:16:26.019Z</time></trkpt><trkpt lat="37.784204" lon="-122.459114"><ele>61.324</ele><time>2024-05-22T17:16:28.019Z</time></trkpt><trkpt lat="37.784154" lon="-122.459122"><ele>61.604</ele><time>2024-05-22T17:16:36.019Z</time></trkpt><trkpt lat="37.784100" lon="-122.459125"><ele>61.814</ele><time>2024-05-22T17:16:38.019Z</time></trkpt><trkpt lat="37.784023" lon="-122.459133"><ele>61.609</ele><time>2024-05-22T17:16:39.019Z</time></trkpt><trkpt lat="37.783954" lon="-122.459141"><ele>61.673</ele><time>2024-05-22T17:16:40.019Z</time></trkpt><trkpt lat="37.783884" lon="-122.459138"><ele>61.699</ele><time>2024-05-22T17:16:41.019Z</time></trkpt><trkpt lat="37.783813" lon="-122.459132"><ele>61.593</ele><time>2024-05-22T17:16:42.019Z</time></trkpt><trkpt lat="37.783750" lon="-122.459126"><ele>61.738</ele><time>2024-05-22T17:16:43.019Z</time></trkpt><trkpt lat="37.783685" lon="-122.459119"><ele>61.856</ele><time>2024-05-22T17:16:44.019Z</time></trkpt><trkpt lat="37.783613" lon="-122.459110"><ele>62.067</ele><time>2024-05-22T17:16:45.019Z</time></trkpt><trkpt lat="37.783537" lon="-122.459107"><ele>62.288</ele><time>2024-05-22T17:16:46.019Z</time></trkpt><trkpt lat="37.783457" lon="-122.459104"><ele>62.266</ele><time>2024-05-22T17:16:47.019Z</time></trkpt><trkpt lat="37.783375" lon="-122.459097"><ele>62.077</ele><time>2024-05-22T17:16:48.019Z</time></trkpt><trkpt lat="37.783284" lon="-122.459087"><ele>62.081</ele><time>2024-05-22T17:16:49.019Z</time></trkpt><trkpt lat="37.783199" lon="-122.459087"><ele>62.061</ele><time>2024-05-22T17:16:50.019Z</time></trkpt><trkpt lat="37.783112" lon="-122.459085"><ele>62.117</ele><time>2024-05-22T17:16:51.019Z</time></trkpt><trkpt lat="37.783022" lon="-122.459067"><ele>62.309</ele><time>2024-05-22T17:16:52.019Z</time></trkpt><trkpt lat="37.782939" lon="-122.459058"><ele>62.379</ele><time>2024-05-22T17:16:53.019Z</time></trkpt><trkpt lat="37.782850" lon="-122.459042"><ele>62.355</ele><time>2024-05-22T17:16:54.019Z</time></trkpt><trkpt lat="37.782760" lon="-122.459040"><ele>62.379</ele><time>2024-05-22T17:16:55.019Z</time></trkpt><trkpt lat="37.782672" lon="-122.459035"><ele>62.574</ele><time>2024-05-22T17:16:56.019Z</time></trkpt><trkpt lat="37.782572" lon="-122.459028"><ele>62.932</ele><time>2024-05-22T17:16:57.019Z</time></trkpt><trkpt lat="37.782473" lon="-122.459026"><ele>63.663</ele><time>2024-05-22T17:16:58.019Z</time></trkpt><trkpt lat="37.782374" lon="-122.459016"><ele>63.884</ele><time>2024-05-22T17:16:59.019Z</time></trkpt><trkpt lat="37.782271" lon="-122.458999"><ele>64.252</ele><time>2024-05-22T17:17:00.019Z</time></trkpt><trkpt lat="37.782180" lon="-122.458990"><ele>63.883</ele><time>2024-05-22T17:17:01.019Z</time></trkpt><trkpt lat="37.782092" lon="-122.458992"><ele>63.381</ele><time>2024-05-22T17:17:02.019Z</time></trkpt><trkpt lat="37.782002" lon="-122.458990"><ele>63.461</ele><time>2024-05-22T17:17:03.019Z</time></trkpt><trkpt lat="37.781913" lon="-122.458985"><ele>63.317</ele><time>2024-05-22T17:17:04.019Z</time></trkpt><trkpt lat="37.781834" lon="-122.458966"><ele>63.409</ele><time>2024-05-22T17:17:05.019Z</time></trkpt><trkpt lat="37.781753" lon="-122.458939"><ele>63.589</ele><time>2024-05-22T17:17:06.019Z</time></trkpt><trkpt lat="37.781681" lon="-122.458922"><ele>63.635</ele><time>2024-05-22T17:17:07.019Z</time></trkpt><trkpt lat="37.781624" lon="-122.458923"><ele>64.119</ele><time>2024-05-22T17:17:08.019Z</time></trkpt><trkpt lat="37.781579" lon="-122.458930"><ele>64.514</ele><time>2024-05-22T17:17:09.019Z</time></trkpt><trkpt lat="37.781518" lon="-122.458937"><ele>64.532</ele><time>2024-05-22T17:17:11.019Z</time></trkpt><trkpt lat="37.781478" lon="-122.458969"><ele>64.783</ele><time>2024-05-22T17:18:12.019Z</time></trkpt><trkpt lat="37.781419" lon="-122.458963"><ele>64.724</ele><time>2024-05-22T17:18:14.019Z</time></trkpt><trkpt lat="37.781373" lon="-122.458957"><ele>64.952</ele><time>2024-05-22T17:18:15.019Z</time></trkpt><trkpt lat="37.781315" lon="-122.458958"><ele>65.413</ele><time>2024-05-22T17:18:16.019Z</time></trkpt><trkpt lat="37.781262" lon="-122.458965"><ele>65.225</ele><time>2024-05-22T17:18:17.019Z</time></trkpt><trkpt lat="37.781207" lon="-122.458959"><ele>65.526</ele><time>2024-05-22T17:18:18.019Z</time></trkpt><trkpt lat="37.781146" lon="-122.458953"><ele>65.408</ele><time>2024-05-22T17:18:19.019Z</time></trkpt><trkpt lat="37.781077" lon="-122.458946"><ele>65.409</ele><time>2024-05-22T17:18:20.019Z</time></trkpt><trkpt lat="37.781016" lon="-122.458945"><ele>65.493</ele><time>2024-05-22T17:18:21.019Z</time></trkpt><trkpt lat="37.780962" lon="-122.458941"><ele>65.549</ele><time>2024-05-22T17:18:22.019Z</time></trkpt><trkpt lat="37.780909" lon="-122.458938"><ele>65.573</ele><time>2024-05-22T17:18:23.019Z</time></trkpt><trkpt lat="37.780851" lon="-122.458946"><ele>65.658</ele><time>2024-05-22T17:18:24.019Z</time></trkpt><trkpt lat="37.780767" lon="-122.458924"><ele>66.116</ele><time>2024-05-22T17:18:25.019Z</time></trkpt><trkpt lat="37.780677" lon="-122.458914"><ele>66.497</ele><time>2024-05-22T17:18:26.019Z</time></trkpt><trkpt lat="37.780588" lon="-122.458914"><ele>66.158</ele><time>2024-05-22T17:18:27.019Z</time></trkpt><trkpt lat="37.780498" lon="-122.458905"><ele>65.596</ele><time>2024-05-22T17:18:28.019Z</time></trkpt><trkpt lat="37.780397" lon="-122.458886"><ele>65.367</ele><time>2024-05-22T17:18:29.019Z</time></trkpt><trkpt lat="37.780302" lon="-122.458871"><ele>65.333</ele><time>2024-05-22T17:18:30.019Z</time></trkpt><trkpt lat="37.780211" lon="-122.458861"><ele>65.723</ele><time>2024-05-22T17:18:31.019Z</time></trkpt><trkpt lat="37.780121" lon="-122.458854"><ele>66.015</ele><time>2024-05-22T17:18:32.019Z</time></trkpt><trkpt lat="37.780040" lon="-122.458851"><ele>65.809</ele><time>2024-05-22T17:18:33.019Z</time></trkpt><trkpt lat="37.779960" lon="-122.458849"><ele>65.624</ele><time>2024-05-22T17:18:34.019Z</time></trkpt><trkpt lat="37.779875" lon="-122.458842"><ele>65.440</ele><time>2024-05-22T17:18:35.019Z</time></trkpt><trkpt lat="37.779803" lon="-122.458839"><ele>65.354</ele><time>2024-05-22T17:18:36.019Z</time></trkpt><trkpt lat="37.779738" lon="-122.458842"><ele>65.179</ele><time>2024-05-22T17:18:37.019Z</time></trkpt><trkpt lat="37.779679" lon="-122.458834"><ele>65.047</ele><time>2024-05-22T17:18:38.019Z</time></trkpt><trkpt lat="37.779627" lon="-122.458831"><ele>64.678</ele><time>2024-05-22T17:18:39.019Z</time></trkpt><trkpt lat="37.779567" lon="-122.458832"><ele>64.549</ele><time>2024-05-22T17:18:41.019Z</time></trkpt><trkpt lat="37.779527" lon="-122.458792"><ele>64.537</ele><time>2024-05-22T17:19:07.019Z</time></trkpt><trkpt lat="37.779465" lon="-122.458789"><ele>64.538</ele><time>2024-05-22T17:19:09.019Z</time></trkpt><trkpt lat="37.779416" lon="-122.458789"><ele>65.813</ele><time>2024-05-22T17:19:10.019Z</time></trkpt><trkpt lat="37.779321" lon="-122.458786"><ele>65.843</ele><time>2024-05-22T17:19:12.019Z</time></trkpt><trkpt lat="37.779263" lon="-122.458778"><ele>65.907</ele><time>2024-05-22T17:19:13.019Z</time></trkpt><trkpt lat="37.779199" lon="-122.458766"><ele>65.909</ele><time>2024-05-22T17:19:14.019Z</time></trkpt><trkpt lat="37.779122" lon="-122.458759"><ele>65.922</ele><time>2024-05-22T17:19:15.019Z</time></trkpt><trkpt lat="37.779042" lon="-122.458758"><ele>66.388</ele><time>2024-05-22T17:19:16.019Z</time></trkpt><trkpt lat="37.778957" lon="-122.458752"><ele>66.572</ele><time>2024-05-22T17:19:17.019Z</time></trkpt><trkpt lat="37.778857" lon="-122.458743"><ele>66.567</ele><time>2024-05-22T17:19:18.019Z</time></trkpt><trkpt lat="37.778776" lon="-122.458746"><ele>66.525</ele><time>2024-05-22T17:19:19.019Z</time></trkpt><trkpt lat="37.778682" lon="-122.458737"><ele>66.966</ele><time>2024-05-22T17:19:20.019Z</time></trkpt><trkpt lat="37.778596" lon="-122.458734"><ele>67.177</ele><time>2024-05-22T17:19:21.019Z</time></trkpt><trkpt lat="37.778505" lon="-122.458743"><ele>67.345</ele><time>2024-05-22T17:19:22.019Z</time></trkpt><trkpt lat="37.778400" lon="-122.458741"><ele>66.986</ele><time>2024-05-22T17:19:23.019Z</time></trkpt><trkpt lat="37.778304" lon="-122.458725"><ele>66.913</ele><time>2024-05-22T17:19:24.019Z</time></trkpt><trkpt lat="37.778232" lon="-122.458725"><ele>66.743</ele><time>2024-05-22T17:19:25.019Z</time></trkpt><trkpt lat="37.778155" lon="-122.458716"><ele>66.807</ele><time>2024-05-22T17:19:26.019Z</time></trkpt><trkpt lat="37.778091" lon="-122.458710"><ele>67.009</ele><time>2024-05-22T17:19:27.019Z</time></trkpt><trkpt lat="37.778038" lon="-122.458711"><ele>66.982</ele><time>2024-05-22T17:19:28.019Z</time></trkpt><trkpt lat="37.777978" lon="-122.458705"><ele>66.918</ele><time>2024-05-22T17:19:29.019Z</time></trkpt><trkpt lat="37.777926" lon="-122.458708"><ele>66.922</ele><time>2024-05-22T17:19:30.019Z</time></trkpt><trkpt lat="37.777869" lon="-122.458700"><ele>66.987</ele><time>2024-05-22T17:19:31.019Z</time></trkpt><trkpt lat="37.777818" lon="-122.458694"><ele>66.785</ele><time>2024-05-22T17:19:32.019Z</time></trkpt><trkpt lat="37.777736" lon="-122.458681"><ele>66.746</ele><time>2024-05-22T17:19:34.019Z</time></trkpt><trkpt lat="37.777681" lon="-122.458681"><ele>66.427</ele><time>2024-05-22T17:19:37.019Z</time></trkpt><trkpt lat="37.777606" lon="-122.458685"><ele>66.495</ele><time>2024-05-22T17:19:40.019Z</time></trkpt><trkpt lat="37.777548" lon="-122.458681"><ele>66.466</ele><time>2024-05-22T17:19:41.019Z</time></trkpt><trkpt lat="37.777455" lon="-122.458671"><ele>67.028</ele><time>2024-05-22T17:19:43.019Z</time></trkpt><trkpt lat="37.777395" lon="-122.458661"><ele>67.189</ele><time>2024-05-22T17:19:44.019Z</time></trkpt><trkpt lat="37.777319" lon="-122.458640"><ele>67.217</ele><time>2024-05-22T17:19:45.019Z</time></trkpt><trkpt lat="37.777238" lon="-122.458626"><ele>67.409</ele><time>2024-05-22T17:19:46.019Z</time></trkpt><trkpt lat="37.777154" lon="-122.458623"><ele>67.833</ele><time>2024-05-22T17:19:47.019Z</time></trkpt><trkpt lat="37.777064" lon="-122.458616"><ele>68.239</ele><time>2024-05-22T17:19:48.019Z</time></trkpt><trkpt lat="37.776977" lon="-122.458609"><ele>68.513</ele><time>2024-05-22T17:19:49.019Z</time></trkpt><trkpt lat="37.776886" lon="-122.458604"><ele>68.528</ele><time>2024-05-22T17:19:50.019Z</time></trkpt><trkpt lat="37.776790" lon="-122.458601"><ele>68.986</ele><time>2024-05-22T17:19:51.019Z</time></trkpt><trkpt lat="37.776689" lon="-122.458596"><ele>69.017</ele><time>2024-05-22T17:19:52.019Z</time></trkpt><trkpt lat="37.776599" lon="-122.458592"><ele>69.078</ele><time>2024-05-22T17:19:53.019Z</time></trkpt><trkpt lat="37.776520" lon="-122.458578"><ele>69.056</ele><time>2024-05-22T17:19:54.019Z</time></trkpt><trkpt lat="37.776434" lon="-122.458572"><ele>69.087</ele><time>2024-05-22T17:19:55.019Z</time></trkpt><trkpt lat="37.776341" lon="-122.458563"><ele>69.329</ele><time>2024-05-22T17:19:56.019Z</time></trkpt><trkpt lat="37.776254" lon="-122.458564"><ele>69.700</ele><time>2024-05-22T17:19:57.019Z</time></trkpt><trkpt lat="37.776164" lon="-122.458558"><ele>69.820</ele><time>2024-05-22T17:19:58.019Z</time></trkpt><trkpt lat="37.776063" lon="-122.458542"><ele>70.509</ele><time>2024-05-22T17:19:59.019Z</time></trkpt><trkpt lat="37.775966" lon="-122.458530"><ele>71.213</ele><time>2024-05-22T17:20:00.019Z</time></trkpt><trkpt lat="37.775878" lon="-122.458525"><ele>71.249</ele><time>2024-05-22T17:20:01.019Z</time></trkpt><trkpt lat="37.775792" lon="-122.458519"><ele>70.613</ele><time>2024-05-22T17:20:02.019Z</time></trkpt><trkpt lat="37.775713" lon="-122.458521"><ele>70.578</ele><time>2024-05-22T17:20:03.019Z</time></trkpt><trkpt lat="37.775638" lon="-122.458510"><ele>70.216</ele><time>2024-05-22T17:20:04.019Z</time></trkpt><trkpt lat="37.775547" lon="-122.458503"><ele>69.777</ele><time>2024-05-22T17:20:05.019Z</time></trkpt><trkpt lat="37.775442" lon="-122.458488"><ele>69.498</ele><time>2024-05-22T17:20:06.021Z</time></trkpt><trkpt lat="37.775359" lon="-122.458477"><ele>70.966</ele><time>2024-05-22T17:20:07.021Z</time></trkpt><trkpt lat="37.775274" lon="-122.458488"><ele>70.917</ele><time>2024-05-22T17:20:08.021Z</time></trkpt><trkpt lat="37.775193" lon="-122.458491"><ele>71.675</ele><time>2024-05-22T17:20:09.020Z</time></trkpt><trkpt lat="37.775106" lon="-122.458473"><ele>72.328</ele><time>2024-05-22T17:20:10.020Z</time></trkpt><trkpt lat="37.775034" lon="-122.458453"><ele>72.420</ele><time>2024-05-22T17:20:11.020Z</time></trkpt><trkpt lat="37.774974" lon="-122.458440"><ele>72.609</ele><time>2024-05-22T17:20:12.020Z</time></trkpt><trkpt lat="37.774926" lon="-122.458445"><ele>72.738</ele><time>2024-05-22T17:20:13.020Z</time></trkpt><trkpt lat="37.774836" lon="-122.458426"><ele>72.984</ele><time>2024-05-22T17:20:15.020Z</time></trkpt><trkpt lat="37.774774" lon="-122.458432"><ele>73.138</ele><time>2024-05-22T17:20:17.020Z</time></trkpt><trkpt lat="37.774715" lon="-122.458438"><ele>73.753</ele><time>2024-05-22T17:20:48.019Z</time></trkpt><trkpt lat="37.774619" lon="-122.458460"><ele>75.331</ele><time>2024-05-22T17:20:50.019Z</time></trkpt><trkpt lat="37.774553" lon="-122.458462"><ele>76.572</ele><time>2024-05-22T17:20:51.019Z</time></trkpt><trkpt lat="37.774490" lon="-122.458453"><ele>77.023</ele><time>2024-05-22T17:20:52.019Z</time></trkpt><trkpt lat="37.774425" lon="-122.458417"><ele>77.081</ele><time>2024-05-22T17:20:53.019Z</time></trkpt><trkpt lat="37.774370" lon="-122.458409"><ele>76.832</ele><time>2024-05-22T17:20:54.019Z</time></trkpt><trkpt lat="37.774326" lon="-122.458392"><ele>77.189</ele><time>2024-05-22T17:20:56.019Z</time></trkpt><trkpt lat="37.774306" lon="-122.458169"><ele>77.106</ele><time>2024-05-22T17:20:57.019Z</time></trkpt><trkpt lat="37.774329" lon="-122.458077"><ele>77.526</ele><time>2024-05-22T17:20:58.019Z</time></trkpt><trkpt lat="37.774341" lon="-122.457985"><ele>78.009</ele><time>2024-05-22T17:20:59.019Z</time></trkpt><trkpt lat="37.774356" lon="-122.457886"><ele>78.579</ele><time>2024-05-22T17:21:00.019Z</time></trkpt><trkpt lat="37.774357" lon="-122.457780"><ele>79.585</ele><time>2024-05-22T17:21:01.019Z</time></trkpt><trkpt lat="37.774371" lon="-122.457673"><ele>80.389</ele><time>2024-05-22T17:21:02.019Z</time></trkpt><trkpt lat="37.774402" lon="-122.457562"><ele>80.964</ele><time>2024-05-22T17:21:03.019Z</time></trkpt><trkpt lat="37.774400" lon="-122.457448"><ele>81.522</ele><time>2024-05-22T17:21:04.019Z</time></trkpt><trkpt lat="37.774415" lon="-122.457329"><ele>83.173</ele><time>2024-05-22T17:21:05.019Z</time></trkpt><trkpt lat="37.774432" lon="-122.457194"><ele>84.614</ele><time>2024-05-22T17:21:06.019Z</time></trkpt><trkpt lat="37.774449" lon="-122.457060"><ele>84.992</ele><time>2024-05-22T17:21:07.019Z</time></trkpt><trkpt lat="37.774465" lon="-122.456936"><ele>84.913</ele><time>2024-05-22T17:21:08.019Z</time></trkpt><trkpt lat="37.774480" lon="-122.456815"><ele>85.623</ele><time>2024-05-22T17:21:09.019Z</time></trkpt><trkpt lat="37.774496" lon="-122.456685"><ele>86.383</ele><time>2024-05-22T17:21:10.019Z</time></trkpt><trkpt lat="37.774530" lon="-122.456554"><ele>87.211</ele><time>2024-05-22T17:21:11.019Z</time></trkpt><trkpt lat="37.774544" lon="-122.456421"><ele>87.609</ele><time>2024-05-22T17:21:12.019Z</time></trkpt><trkpt lat="37.774559" lon="-122.456298"><ele>88.933</ele><time>2024-05-22T17:21:13.019Z</time></trkpt><trkpt lat="37.774568" lon="-122.456174"><ele>88.969</ele><time>2024-05-22T17:21:14.019Z</time></trkpt><trkpt lat="37.774579" lon="-122.456047"><ele>89.273</ele><time>2024-05-22T17:21:15.019Z</time></trkpt><trkpt lat="37.774590" lon="-122.455920"><ele>90.448</ele><time>2024-05-22T17:21:16.019Z</time></trkpt><trkpt lat="37.774599" lon="-122.455799"><ele>91.166</ele><time>2024-05-22T17:21:17.019Z</time></trkpt><trkpt lat="37.774611" lon="-122.455683"><ele>91.997</ele><time>2024-05-22T17:21:18.019Z</time></trkpt><trkpt lat="37.774624" lon="-122.455574"><ele>92.748</ele><time>2024-05-22T17:21:19.019Z</time></trkpt><trkpt lat="37.774644" lon="-122.455467"><ele>93.116</ele><time>2024-05-22T17:21:20.019Z</time></trkpt><trkpt lat="37.774666" lon="-122.455374"><ele>94.187</ele><time>2024-05-22T17:21:21.019Z</time></trkpt><trkpt lat="37.774674" lon="-122.455276"><ele>95.232</ele><time>2024-05-22T17:21:22.019Z</time></trkpt><trkpt lat="37.774684" lon="-122.455188"><ele>95.692</ele><time>2024-05-22T17:21:23.019Z</time></trkpt><trkpt lat="37.774700" lon="-122.455120"><ele>95.711</ele><time>2024-05-22T17:21:24.019Z</time></trkpt><trkpt lat="37.774732" lon="-122.455012"><ele>95.809</ele><time>2024-05-22T17:21:26.019Z</time></trkpt><trkpt lat="37.774733" lon="-122.454952"><ele>95.814</ele><time>2024-05-22T17:21:27.019Z</time></trkpt><trkpt lat="37.774736" lon="-122.454851"><ele>96.790</ele><time>2024-05-22T17:21:29.019Z</time></trkpt><trkpt lat="37.774689" lon="-122.454757"><ele>97.474</ele><time>2024-05-22T17:21:31.019Z</time></trkpt><trkpt lat="37.774644" lon="-122.454733"><ele>97.959</ele><time>2024-05-22T17:21:32.019Z</time></trkpt><trkpt lat="37.774577" lon="-122.454711"><ele>98.137</ele><time>2024-05-22T17:21:33.019Z</time></trkpt><trkpt lat="37.774515" lon="-122.454699"><ele>97.988</ele><time>2024-05-22T17:21:34.019Z</time></trkpt><trkpt lat="37.774450" lon="-122.454689"><ele>97.399</ele><time>2024-05-22T17:21:35.019Z</time></trkpt><trkpt lat="37.774376" lon="-122.454683"><ele>97.397</ele><time>2024-05-22T17:21:36.019Z</time></trkpt><trkpt lat="37.774310" lon="-122.454676"><ele>97.348</ele><time>2024-05-22T17:21:37.019Z</time></trkpt><trkpt lat="37.774230" lon="-122.454660"><ele>96.942</ele><time>2024-05-22T17:21:38.019Z</time></trkpt><trkpt lat="37.774143" lon="-122.454631"><ele>96.022</ele><time>2024-05-22T17:21:39.019Z</time></trkpt><trkpt lat="37.774069" lon="-122.454610"><ele>95.514</ele><time>2024-05-22T17:21:40.019Z</time></trkpt><trkpt lat="37.773990" lon="-122.454600"><ele>95.309</ele><time>2024-05-22T17:21:41.019Z</time></trkpt><trkpt lat="37.773914" lon="-122.454588"><ele>95.355</ele><time>2024-05-22T17:21:42.019Z</time></trkpt><trkpt lat="37.773836" lon="-122.454567"><ele>95.181</ele><time>2024-05-22T17:21:43.019Z</time></trkpt><trkpt lat="37.773762" lon="-122.454556"><ele>95.585</ele><time>2024-05-22T17:21:44.019Z</time></trkpt><trkpt lat="37.773698" lon="-122.454546"><ele>95.660</ele><time>2024-05-22T17:21:45.019Z</time></trkpt><trkpt lat="37.773636" lon="-122.454540"><ele>95.218</ele><time>2024-05-22T17:21:46.019Z</time></trkpt><trkpt lat="37.773574" lon="-122.454538"><ele>95.199</ele><time>2024-05-22T17:21:47.019Z</time></trkpt><trkpt lat="37.773501" lon="-122.454525"><ele>95.150</ele><time>2024-05-22T17:21:48.019Z</time></trkpt><trkpt lat="37.773424" lon="-122.454506"><ele>92.838</ele><time>2024-05-22T17:21:49.019Z</time></trkpt><trkpt lat="37.773343" lon="-122.454488"><ele>92.439</ele><time>2024-05-22T17:21:50.019Z</time></trkpt><trkpt lat="37.773269" lon="-122.454483"><ele>92.068</ele><time>2024-05-22T17:21:51.019Z</time></trkpt><trkpt lat="37.773182" lon="-122.454466"><ele>91.142</ele><time>2024-05-22T17:21:52.019Z</time></trkpt><trkpt lat="37.773097" lon="-122.454437"><ele>89.926</ele><time>2024-05-22T17:21:53.019Z</time></trkpt><trkpt lat="37.773000" lon="-122.454429"><ele>88.509</ele><time>2024-05-22T17:21:54.019Z</time></trkpt><trkpt lat="37.772903" lon="-122.454405"><ele>87.757</ele><time>2024-05-22T17:21:55.019Z</time></trkpt><trkpt lat="37.772804" lon="-122.454387"><ele>86.753</ele><time>2024-05-22T17:21:56.019Z</time></trkpt><trkpt lat="37.772710" lon="-122.454373"><ele>85.857</ele><time>2024-05-22T17:21:57.019Z</time></trkpt><trkpt lat="37.772606" lon="-122.454340"><ele>85.862</ele><time>2024-05-22T17:21:58.019Z</time></trkpt><trkpt lat="37.772510" lon="-122.454316"><ele>85.750</ele><time>2024-05-22T17:21:59.019Z</time></trkpt><trkpt lat="37.772402" lon="-122.454283"><ele>82.961</ele><time>2024-05-22T17:22:00.019Z</time></trkpt><trkpt lat="37.772300" lon="-122.454270"><ele>82.752</ele><time>2024-05-22T17:22:01.019Z</time></trkpt><trkpt lat="37.772212" lon="-122.454252"><ele>82.690</ele><time>2024-05-22T17:22:02.019Z</time></trkpt><trkpt lat="37.772117" lon="-122.454228"><ele>80.961</ele><time>2024-05-22T17:22:03.019Z</time></trkpt><trkpt lat="37.772024" lon="-122.454205"><ele>79.999</ele><time>2024-05-22T17:22:04.019Z</time></trkpt><trkpt lat="37.771936" lon="-122.454190"><ele>79.407</ele><time>2024-05-22T17:22:05.019Z</time></trkpt><trkpt lat="37.771867" lon="-122.454183"><ele>78.727</ele><time>2024-05-22T17:22:06.019Z</time></trkpt><trkpt lat="37.771809" lon="-122.454171"><ele>77.909</ele><time>2024-05-22T17:22:07.019Z</time></trkpt><trkpt lat="37.771760" lon="-122.454159"><ele>77.830</ele><time>2024-05-22T17:22:08.019Z</time></trkpt><trkpt lat="37.771710" lon="-122.454151"><ele>77.846</ele><time>2024-05-22T17:22:10.019Z</time></trkpt><trkpt lat="37.771687" lon="-122.454096"><ele>77.960</ele><time>2024-05-22T17:22:48.020Z</time></trkpt><trkpt lat="37.771641" lon="-122.454079"><ele>78.095</ele><time>2024-05-22T17:22:49.020Z</time></trkpt><trkpt lat="37.771544" lon="-122.454080"><ele>78.933</ele><time>2024-05-22T17:22:51.020Z</time></trkpt><trkpt lat="37.771480" lon="-122.454074"><ele>79.594</ele><time>2024-05-22T17:22:52.020Z</time></trkpt><trkpt lat="37.771425" lon="-122.454066"><ele>79.525</ele><time>2024-05-22T17:22:53.020Z</time></trkpt><trkpt lat="37.771357" lon="-122.454045"><ele>79.653</ele><time>2024-05-22T17:22:54.020Z</time></trkpt><trkpt lat="37.771278" lon="-122.454031"><ele>79.794</ele><time>2024-05-22T17:22:55.020Z</time></trkpt><trkpt lat="37.771200" lon="-122.454022"><ele>80.045</ele><time>2024-05-22T17:22:56.020Z</time></trkpt><trkpt lat="37.771116" lon="-122.454009"><ele>80.447</ele><time>2024-05-22T17:22:57.020Z</time></trkpt><trkpt lat="37.771026" lon="-122.453983"><ele>80.611</ele><time>2024-05-22T17:22:58.020Z</time></trkpt><trkpt lat="37.770928" lon="-122.453954"><ele>80.709</ele><time>2024-05-22T17:22:59.020Z</time></trkpt><trkpt lat="37.770842" lon="-122.453940"><ele>80.675</ele><time>2024-05-22T17:23:00.020Z</time></trkpt><trkpt lat="37.770750" lon="-122.453920"><ele>80.451</ele><time>2024-05-22T17:23:01.020Z</time></trkpt><trkpt lat="37.770660" lon="-122.453909"><ele>80.465</ele><time>2024-05-22T17:23:02.020Z</time></trkpt><trkpt lat="37.770559" lon="-122.453891"><ele>80.470</ele><time>2024-05-22T17:23:03.020Z</time></trkpt><trkpt lat="37.770439" lon="-122.453851"><ele>80.698</ele><time>2024-05-22T17:23:04.020Z</time></trkpt><trkpt lat="37.770333" lon="-122.453823"><ele>80.869</ele><time>2024-05-22T17:23:05.020Z</time></trkpt><trkpt lat="37.770235" lon="-122.453803"><ele>81.290</ele><time>2024-05-22T17:23:06.020Z</time></trkpt><trkpt lat="37.770140" lon="-122.453783"><ele>81.438</ele><time>2024-05-22T17:23:07.020Z</time></trkpt><trkpt lat="37.770036" lon="-122.453757"><ele>81.689</ele><time>2024-05-22T17:23:08.020Z</time></trkpt><trkpt lat="37.769946" lon="-122.453747"><ele>81.687</ele><time>2024-05-22T17:23:09.020Z</time></trkpt><trkpt lat="37.769849" lon="-122.453729"><ele>81.342</ele><time>2024-05-22T17:23:10.020Z</time></trkpt><trkpt lat="37.769757" lon="-122.453709"><ele>81.326</ele><time>2024-05-22T17:23:11.020Z</time></trkpt><trkpt lat="37.769667" lon="-122.453690"><ele>81.309</ele><time>2024-05-22T17:23:12.020Z</time></trkpt><trkpt lat="37.769582" lon="-122.453679"><ele>81.269</ele><time>2024-05-22T17:23:13.020Z</time></trkpt><trkpt lat="37.769502" lon="-122.453661"><ele>81.215</ele><time>2024-05-22T17:23:14.020Z</time></trkpt><trkpt lat="37.769434" lon="-122.453645"><ele>81.069</ele><time>2024-05-22T17:23:15.020Z</time></trkpt><trkpt lat="37.769375" lon="-122.453632"><ele>80.534</ele><time>2024-05-22T17:23:16.020Z</time></trkpt><trkpt lat="37.769295" lon="-122.453611"><ele>80.622</ele><time>2024-05-22T17:23:18.020Z</time></trkpt><trkpt lat="37.769243" lon="-122.453602"><ele>81.183</ele><time>2024-05-22T17:23:22.020Z</time></trkpt><trkpt lat="37.769198" lon="-122.453559"><ele>81.124</ele><time>2024-05-22T17:23:25.020Z</time></trkpt><trkpt lat="37.769167" lon="-122.453426"><ele>82.322</ele><time>2024-05-22T17:23:26.020Z</time></trkpt><trkpt lat="37.769174" lon="-122.453369"><ele>82.573</ele><time>2024-05-22T17:23:27.020Z</time></trkpt><trkpt lat="37.769182" lon="-122.453310"><ele>82.881</ele><time>2024-05-22T17:23:28.020Z</time></trkpt><trkpt lat="37.769196" lon="-122.453200"><ele>83.061</ele><time>2024-05-22T17:23:30.020Z</time></trkpt><trkpt lat="37.769204" lon="-122.453140"><ele>83.017</ele><time>2024-05-22T17:23:31.020Z</time></trkpt><trkpt lat="37.769212" lon="-122.453080"><ele>83.309</ele><time>2024-05-22T17:23:32.020Z</time></trkpt><trkpt lat="37.769219" lon="-122.453020"><ele>83.419</ele><time>2024-05-22T17:23:33.020Z</time></trkpt><trkpt lat="37.769231" lon="-122.452926"><ele>83.655</ele><time>2024-05-22T17:23:35.020Z</time></trkpt><trkpt lat="37.769256" lon="-122.452843"><ele>83.789</ele><time>2024-05-22T17:23:37.020Z</time></trkpt><trkpt lat="37.769254" lon="-122.452743"><ele>84.354</ele><time>2024-05-22T17:23:39.020Z</time></trkpt><trkpt lat="37.769270" lon="-122.452661"><ele>84.632</ele><time>2024-05-22T17:23:41.020Z</time></trkpt><trkpt lat="37.769276" lon="-122.452580"><ele>84.963</ele><time>2024-05-22T17:23:57.020Z</time></trkpt><trkpt lat="37.769289" lon="-122.452497"><ele>85.284</ele><time>2024-05-22T17:23:59.020Z</time></trkpt><trkpt lat="37.769297" lon="-122.452401"><ele>85.652</ele><time>2024-05-22T17:24:01.020Z</time></trkpt><trkpt lat="37.769305" lon="-122.452342"><ele>85.863</ele><time>2024-05-22T17:24:02.020Z</time></trkpt><trkpt lat="37.769316" lon="-122.452254"><ele>86.133</ele><time>2024-05-22T17:24:04.020Z</time></trkpt><trkpt lat="37.769325" lon="-122.452183"><ele>86.123</ele><time>2024-05-22T17:24:06.020Z</time></trkpt><trkpt lat="37.769332" lon="-122.452126"><ele>86.115</ele><time>2024-05-22T17:24:11.020Z</time></trkpt><trkpt lat="37.769341" lon="-122.452059"><ele>86.109</ele><time>2024-05-22T17:24:23.021Z</time></trkpt><trkpt lat="37.769354" lon="-122.451954"><ele>86.164</ele><time>2024-05-22T17:24:25.021Z</time></trkpt><trkpt lat="37.769376" lon="-122.451895"><ele>86.630</ele><time>2024-05-22T17:24:26.021Z</time></trkpt><trkpt lat="37.769385" lon="-122.451830"><ele>86.834</ele><time>2024-05-22T17:24:27.021Z</time></trkpt><trkpt lat="37.769392" lon="-122.451767"><ele>86.869</ele><time>2024-05-22T17:24:28.021Z</time></trkpt><trkpt lat="37.769401" lon="-122.451710"><ele>86.887</ele><time>2024-05-22T17:24:29.021Z</time></trkpt><trkpt lat="37.769394" lon="-122.451643"><ele>86.778</ele><time>2024-05-22T17:24:30.021Z</time></trkpt><trkpt lat="37.769409" lon="-122.451529"><ele>86.569</ele><time>2024-05-22T17:24:32.020Z</time></trkpt><trkpt lat="37.769416" lon="-122.451472"><ele>86.497</ele><time>2024-05-22T17:24:33.020Z</time></trkpt><trkpt lat="37.769423" lon="-122.451414"><ele>86.478</ele><time>2024-05-22T17:24:34.020Z</time></trkpt><trkpt lat="37.769435" lon="-122.451323"><ele>86.218</ele><time>2024-05-22T17:24:36.020Z</time></trkpt><trkpt lat="37.769428" lon="-122.451225"><ele>86.098</ele><time>2024-05-22T17:24:38.020Z</time></trkpt><trkpt lat="37.769439" lon="-122.451129"><ele>85.517</ele><time>2024-05-22T17:24:40.020Z</time></trkpt><trkpt lat="37.769455" lon="-122.451057"><ele>85.309</ele><time>2024-05-22T17:24:42.020Z</time></trkpt><trkpt lat="37.769489" lon="-122.450988"><ele>85.362</ele><time>2024-05-22T17:24:45.020Z</time></trkpt><trkpt lat="37.769491" lon="-122.450929"><ele>85.338</ele><time>2024-05-22T17:24:51.020Z</time></trkpt><trkpt lat="37.769486" lon="-122.450839"><ele>85.372</ele><time>2024-05-22T17:24:56.020Z</time></trkpt><trkpt lat="37.769504" lon="-122.450732"><ele>85.257</ele><time>2024-05-22T17:24:58.020Z</time></trkpt><trkpt lat="37.769527" lon="-122.450636"><ele>84.835</ele><time>2024-05-22T17:25:00.020Z</time></trkpt><trkpt lat="37.769534" lon="-122.450544"><ele>84.486</ele><time>2024-05-22T17:25:02.020Z</time></trkpt><trkpt lat="37.769544" lon="-122.450468"><ele>84.067</ele><time>2024-05-22T17:25:04.020Z</time></trkpt><trkpt lat="37.769553" lon="-122.450393"><ele>83.665</ele><time>2024-05-22T17:25:06.020Z</time></trkpt><trkpt lat="37.769562" lon="-122.450319"><ele>83.436</ele><time>2024-05-22T17:25:08.020Z</time></trkpt><trkpt lat="37.769573" lon="-122.450228"><ele>83.286</ele><time>2024-05-22T17:25:10.020Z</time></trkpt><trkpt lat="37.769580" lon="-122.450172"><ele>83.260</ele><time>2024-05-22T17:25:11.020Z</time></trkpt><trkpt lat="37.769589" lon="-122.450102"><ele>83.226</ele><time>2024-05-22T17:25:12.020Z</time></trkpt><trkpt lat="37.769598" lon="-122.450029"><ele>83.209</ele><time>2024-05-22T17:25:13.020Z</time></trkpt><trkpt lat="37.769606" lon="-122.449970"><ele>83.279</ele><time>2024-05-22T17:25:14.020Z</time></trkpt><trkpt lat="37.769613" lon="-122.449912"><ele>83.255</ele><time>2024-05-22T17:25:15.020Z</time></trkpt><trkpt lat="37.769620" lon="-122.449856"><ele>83.279</ele><time>2024-05-22T17:25:16.020Z</time></trkpt><trkpt lat="37.769627" lon="-122.449800"><ele>83.254</ele><time>2024-05-22T17:25:17.020Z</time></trkpt><trkpt lat="37.769640" lon="-122.449701"><ele>83.282</ele><time>2024-05-22T17:25:19.020Z</time></trkpt><trkpt lat="37.769651" lon="-122.449614"><ele>83.353</ele><time>2024-05-22T17:25:21.020Z</time></trkpt><trkpt lat="37.769664" lon="-122.449511"><ele>83.354</ele><time>2024-05-22T17:25:23.020Z</time></trkpt><trkpt lat="37.769681" lon="-122.449378"><ele>83.472</ele><time>2024-05-22T17:25:25.020Z</time></trkpt><trkpt lat="37.769690" lon="-122.449305"><ele>83.713</ele><time>2024-05-22T17:25:26.020Z</time></trkpt><trkpt lat="37.769699" lon="-122.449238"><ele>84.084</ele><time>2024-05-22T17:25:27.020Z</time></trkpt><trkpt lat="37.769708" lon="-122.449170"><ele>84.107</ele><time>2024-05-22T17:25:28.020Z</time></trkpt><trkpt lat="37.769721" lon="-122.449066"><ele>84.117</ele><time>2024-05-22T17:25:30.020Z</time></trkpt><trkpt lat="37.769732" lon="-122.448978"><ele>84.409</ele><time>2024-05-22T17:25:32.020Z</time></trkpt><trkpt lat="37.769745" lon="-122.448875"><ele>84.459</ele><time>2024-05-22T17:25:34.020Z</time></trkpt><trkpt lat="37.769753" lon="-122.448815"><ele>84.495</ele><time>2024-05-22T17:25:35.020Z</time></trkpt><trkpt lat="37.769761" lon="-122.448751"><ele>84.449</ele><time>2024-05-22T17:25:36.020Z</time></trkpt><trkpt lat="37.769771" lon="-122.448674"><ele>84.434</ele><time>2024-05-22T17:25:37.020Z</time></trkpt><trkpt lat="37.769781" lon="-122.448593"><ele>84.452</ele><time>2024-05-22T17:25:38.020Z</time></trkpt><trkpt lat="37.769791" lon="-122.448515"><ele>84.453</ele><time>2024-05-22T17:25:39.020Z</time></trkpt><trkpt lat="37.769800" lon="-122.448443"><ele>84.224</ele><time>2024-05-22T17:25:40.020Z</time></trkpt><trkpt lat="37.769808" lon="-122.448380"><ele>84.212</ele><time>2024-05-22T17:25:41.020Z</time></trkpt><trkpt lat="37.769815" lon="-122.448323"><ele>83.953</ele><time>2024-05-22T17:25:42.020Z</time></trkpt><trkpt lat="37.769823" lon="-122.448260"><ele>83.794</ele><time>2024-05-22T17:25:43.020Z</time></trkpt><trkpt lat="37.769837" lon="-122.448152"><ele>83.557</ele><time>2024-05-22T17:25:45.020Z</time></trkpt><trkpt lat="37.769849" lon="-122.448056"><ele>83.422</ele><time>2024-05-22T17:25:47.020Z</time></trkpt><trkpt lat="37.769861" lon="-122.447961"><ele>83.309</ele><time>2024-05-22T17:25:49.020Z</time></trkpt><trkpt lat="37.769873" lon="-122.447867"><ele>83.280</ele><time>2024-05-22T17:25:51.020Z</time></trkpt><trkpt lat="37.769885" lon="-122.447771"><ele>83.286</ele><time>2024-05-22T17:25:53.020Z</time></trkpt><trkpt lat="37.769897" lon="-122.447675"><ele>83.250</ele><time>2024-05-22T17:25:55.020Z</time></trkpt><trkpt lat="37.769909" lon="-122.447577"><ele>83.225</ele><time>2024-05-22T17:25:57.020Z</time></trkpt><trkpt lat="37.769919" lon="-122.447496"><ele>83.223</ele><time>2024-05-22T17:25:59.020Z</time></trkpt><trkpt lat="37.769930" lon="-122.447409"><ele>83.314</ele><time>2024-05-22T17:26:01.020Z</time></trkpt><trkpt lat="37.769939" lon="-122.447338"><ele>83.375</ele><time>2024-05-22T17:26:03.020Z</time></trkpt><trkpt lat="37.769946" lon="-122.447279"><ele>83.213</ele><time>2024-05-22T17:26:05.020Z</time></trkpt><trkpt lat="37.769955" lon="-122.447205"><ele>83.094</ele><time>2024-05-22T17:26:08.020Z</time></trkpt><trkpt lat="37.769963" lon="-122.447143"><ele>83.082</ele><time>2024-05-22T17:26:12.020Z</time></trkpt><trkpt lat="37.769971" lon="-122.447077"><ele>83.043</ele><time>2024-05-22T17:26:32.022Z</time></trkpt><trkpt lat="37.769980" lon="-122.447018"><ele>83.017</ele><time>2024-05-22T17:26:35.021Z</time></trkpt><trkpt lat="37.770088" lon="-122.447013"><ele>83.009</ele><time>2024-05-22T17:28:17.020Z</time></trkpt><trkpt lat="37.770065" lon="-122.446958"><ele>83.069</ele><time>2024-05-22T17:28:59.020Z</time></trkpt><trkpt lat="37.770045" lon="-122.446859"><ele>81.935</ele><time>2024-05-22T17:29:01.020Z</time></trkpt><trkpt lat="37.770041" lon="-122.446794"><ele>81.919</ele><time>2024-05-22T17:29:02.020Z</time></trkpt><trkpt lat="37.770054" lon="-122.446739"><ele>81.914</ele><time>2024-05-22T17:29:03.020Z</time></trkpt><trkpt lat="37.770064" lon="-122.446674"><ele>82.042</ele><time>2024-05-22T17:29:04.020Z</time></trkpt><trkpt lat="37.770071" lon="-122.446618"><ele>82.163</ele><time>2024-05-22T17:29:05.020Z</time></trkpt><trkpt lat="37.770090" lon="-122.446545"><ele>82.244</ele><time>2024-05-22T17:29:07.020Z</time></trkpt><trkpt lat="37.770099" lon="-122.446471"><ele>82.332</ele><time>2024-05-22T17:29:10.020Z</time></trkpt><trkpt lat="37.770118" lon="-122.446379"><ele>82.693</ele><time>2024-05-22T17:29:12.020Z</time></trkpt><trkpt lat="37.770130" lon="-122.446323"><ele>82.797</ele><time>2024-05-22T17:29:13.020Z</time></trkpt><trkpt lat="37.770136" lon="-122.446260"><ele>82.823</ele><time>2024-05-22T17:29:14.020Z</time></trkpt><trkpt lat="37.770143" lon="-122.446201"><ele>83.025</ele><time>2024-05-22T17:29:15.020Z</time></trkpt><trkpt lat="37.770140" lon="-122.446117"><ele>83.209</ele><time>2024-05-22T17:29:16.020Z</time></trkpt><trkpt lat="37.770145" lon="-122.446040"><ele>83.650</ele><time>2024-05-22T17:29:17.020Z</time></trkpt><trkpt lat="37.770124" lon="-122.445967"><ele>83.646</ele><time>2024-05-22T17:29:18.020Z</time></trkpt><trkpt lat="37.770134" lon="-122.445888"><ele>83.930</ele><time>2024-05-22T17:29:19.020Z</time></trkpt><trkpt lat="37.770144" lon="-122.445804"><ele>84.065</ele><time>2024-05-22T17:29:20.020Z</time></trkpt><trkpt lat="37.770155" lon="-122.445717"><ele>84.043</ele><time>2024-05-22T17:29:21.020Z</time></trkpt><trkpt lat="37.770166" lon="-122.445633"><ele>84.054</ele><time>2024-05-22T17:29:22.020Z</time></trkpt><trkpt lat="37.770176" lon="-122.445545"><ele>84.665</ele><time>2024-05-22T17:29:23.020Z</time></trkpt><trkpt lat="37.770203" lon="-122.445454"><ele>84.673</ele><time>2024-05-22T17:29:24.020Z</time></trkpt><trkpt lat="37.770212" lon="-122.445356"><ele>84.874</ele><time>2024-05-22T17:29:25.020Z</time></trkpt><trkpt lat="37.770224" lon="-122.445246"><ele>84.437</ele><time>2024-05-22T17:29:26.020Z</time></trkpt><trkpt lat="37.770238" lon="-122.445129"><ele>84.149</ele><time>2024-05-22T17:29:27.020Z</time></trkpt><trkpt lat="37.770235" lon="-122.445024"><ele>83.813</ele><time>2024-05-22T17:29:28.020Z</time></trkpt><trkpt lat="37.770263" lon="-122.444929"><ele>83.609</ele><time>2024-05-22T17:29:29.020Z</time></trkpt><trkpt lat="37.770261" lon="-122.444821"><ele>83.634</ele><time>2024-05-22T17:29:30.020Z</time></trkpt><trkpt lat="37.770298" lon="-122.444717"><ele>83.590</ele><time>2024-05-22T17:29:31.020Z</time></trkpt><trkpt lat="37.770309" lon="-122.444622"><ele>83.644</ele><time>2024-05-22T17:29:32.020Z</time></trkpt><trkpt lat="37.770321" lon="-122.444530"><ele>83.699</ele><time>2024-05-22T17:29:33.020Z</time></trkpt><trkpt lat="37.770338" lon="-122.444427"><ele>84.197</ele><time>2024-05-22T17:29:34.020Z</time></trkpt><trkpt lat="37.770357" lon="-122.444327"><ele>84.518</ele><time>2024-05-22T17:29:35.020Z</time></trkpt><trkpt lat="37.770370" lon="-122.444223"><ele>84.339</ele><time>2024-05-22T17:29:36.020Z</time></trkpt><trkpt lat="37.770389" lon="-122.444126"><ele>84.427</ele><time>2024-05-22T17:29:37.020Z</time></trkpt><trkpt lat="37.770406" lon="-122.444010"><ele>84.318</ele><time>2024-05-22T17:29:38.020Z</time></trkpt><trkpt lat="37.770422" lon="-122.443893"><ele>84.347</ele><time>2024-05-22T17:29:39.020Z</time></trkpt><trkpt lat="37.770432" lon="-122.443778"><ele>84.329</ele><time>2024-05-22T17:29:40.020Z</time></trkpt><trkpt lat="37.770454" lon="-122.443671"><ele>84.421</ele><time>2024-05-22T17:29:41.020Z</time></trkpt><trkpt lat="37.770474" lon="-122.443565"><ele>84.309</ele><time>2024-05-22T17:29:42.020Z</time></trkpt><trkpt lat="37.770484" lon="-122.443451"><ele>84.225</ele><time>2024-05-22T17:29:43.020Z</time></trkpt><trkpt lat="37.770488" lon="-122.443335"><ele>84.351</ele><time>2024-05-22T17:29:44.020Z</time></trkpt><trkpt lat="37.770493" lon="-122.443224"><ele>84.615</ele><time>2024-05-22T17:29:45.020Z</time></trkpt><trkpt lat="37.770519" lon="-122.443096"><ele>84.930</ele><time>2024-05-22T17:29:46.020Z</time></trkpt><trkpt lat="37.770539" lon="-122.442980"><ele>85.448</ele><time>2024-05-22T17:29:47.020Z</time></trkpt><trkpt lat="37.770558" lon="-122.442866"><ele>85.459</ele><time>2024-05-22T17:29:48.020Z</time></trkpt><trkpt lat="37.770576" lon="-122.442751"><ele>85.430</ele><time>2024-05-22T17:29:49.020Z</time></trkpt><trkpt lat="37.770601" lon="-122.442636"><ele>85.458</ele><time>2024-05-22T17:29:50.020Z</time></trkpt><trkpt lat="37.770624" lon="-122.442526"><ele>85.649</ele><time>2024-05-22T17:29:51.020Z</time></trkpt><trkpt lat="37.770645" lon="-122.442420"><ele>85.781</ele><time>2024-05-22T17:29:52.020Z</time></trkpt><trkpt lat="37.770650" lon="-122.442300"><ele>86.161</ele><time>2024-05-22T17:29:53.020Z</time></trkpt><trkpt lat="37.770662" lon="-122.442197"><ele>86.117</ele><time>2024-05-22T17:29:54.020Z</time></trkpt><trkpt lat="37.770685" lon="-122.442103"><ele>86.109</ele><time>2024-05-22T17:29:55.020Z</time></trkpt><trkpt lat="37.770690" lon="-122.442007"><ele>86.169</ele><time>2024-05-22T17:29:56.020Z</time></trkpt><trkpt lat="37.770714" lon="-122.441917"><ele>86.035</ele><time>2024-05-22T17:29:57.020Z</time></trkpt><trkpt lat="37.770728" lon="-122.441823"><ele>85.849</ele><time>2024-05-22T17:29:58.020Z</time></trkpt><trkpt lat="37.770734" lon="-122.441743"><ele>85.854</ele><time>2024-05-22T17:29:59.020Z</time></trkpt><trkpt lat="37.770739" lon="-122.441677"><ele>85.972</ele><time>2024-05-22T17:30:00.020Z</time></trkpt><trkpt lat="37.770751" lon="-122.441614"><ele>86.013</ele><time>2024-05-22T17:30:01.020Z</time></trkpt><trkpt lat="37.770774" lon="-122.441503"><ele>86.264</ele><time>2024-05-22T17:30:03.020Z</time></trkpt><trkpt lat="37.770781" lon="-122.441443"><ele>86.272</ele><time>2024-05-22T17:30:04.020Z</time></trkpt><trkpt lat="37.770789" lon="-122.441379"><ele>86.843</ele><time>2024-05-22T17:30:05.020Z</time></trkpt><trkpt lat="37.770803" lon="-122.441266"><ele>87.032</ele><time>2024-05-22T17:30:07.020Z</time></trkpt><trkpt lat="37.770810" lon="-122.441208"><ele>86.892</ele><time>2024-05-22T17:30:08.020Z</time></trkpt><trkpt lat="37.770818" lon="-122.441146"><ele>86.811</ele><time>2024-05-22T17:30:09.020Z</time></trkpt><trkpt lat="37.770833" lon="-122.441023"><ele>86.709</ele><time>2024-05-22T17:30:11.020Z</time></trkpt><trkpt lat="37.770843" lon="-122.440942"><ele>86.714</ele><time>2024-05-22T17:30:12.020Z</time></trkpt><trkpt lat="37.770851" lon="-122.440874"><ele>86.270</ele><time>2024-05-22T17:30:13.020Z</time></trkpt><trkpt lat="37.770860" lon="-122.440803"><ele>86.134</ele><time>2024-05-22T17:30:14.020Z</time></trkpt><trkpt lat="37.770876" lon="-122.440676"><ele>85.879</ele><time>2024-05-22T17:30:16.020Z</time></trkpt><trkpt lat="37.770885" lon="-122.440617"><ele>85.527</ele><time>2024-05-22T17:30:17.020Z</time></trkpt><trkpt lat="37.770898" lon="-122.440529"><ele>85.298</ele><time>2024-05-22T17:30:19.020Z</time></trkpt><trkpt lat="37.770907" lon="-122.440449"><ele>85.279</ele><time>2024-05-22T17:30:21.020Z</time></trkpt><trkpt lat="37.770921" lon="-122.440368"><ele>85.377</ele><time>2024-05-22T17:30:24.020Z</time></trkpt><trkpt lat="37.770975" lon="-122.440375"><ele>85.328</ele><time>2024-05-22T17:30:29.020Z</time></trkpt><trkpt lat="37.771015" lon="-122.440412"><ele>85.324</ele><time>2024-05-22T17:30:31.020Z</time></trkpt><trkpt lat="37.771065" lon="-122.440427"><ele>85.004</ele><time>2024-05-22T17:30:33.020Z</time></trkpt><trkpt lat="37.771126" lon="-122.440468"><ele>84.914</ele><time>2024-05-22T17:30:36.021Z</time></trkpt><trkpt lat="37.771188" lon="-122.440482"><ele>83.909</ele><time>2024-05-22T17:30:38.021Z</time></trkpt><trkpt lat="37.771246" lon="-122.440490"><ele>83.813</ele><time>2024-05-22T17:30:40.021Z</time></trkpt><trkpt lat="37.771312" lon="-122.440499"><ele>83.279</ele><time>2024-05-22T17:30:43.021Z</time></trkpt><trkpt lat="37.771379" lon="-122.440526"><ele>82.313</ele><time>2024-05-22T17:30:45.021Z</time></trkpt><trkpt lat="37.771460" lon="-122.440538"><ele>82.028</ele><time>2024-05-22T17:30:47.022Z</time></trkpt><trkpt lat="37.771540" lon="-122.440555"><ele>81.046</ele><time>2024-05-22T17:30:49.021Z</time></trkpt><trkpt lat="37.771594" lon="-122.440562"><ele>79.967</ele><time>2024-05-22T17:30:51.021Z</time></trkpt><trkpt lat="37.771653" lon="-122.440563"><ele>78.918</ele><time>2024-05-22T17:30:53.021Z</time></trkpt><trkpt lat="37.771702" lon="-122.440574"><ele>78.256</ele><time>2024-05-22T17:30:56.021Z</time></trkpt><trkpt lat="37.771771" lon="-122.440575"><ele>77.357</ele><time>2024-05-22T17:30:59.021Z</time></trkpt><trkpt lat="37.771862" lon="-122.440563"><ele>77.397</ele><time>2024-05-22T17:31:01.021Z</time></trkpt><trkpt lat="37.771907" lon="-122.440569"><ele>77.323</ele><time>2024-05-22T17:31:02.021Z</time></trkpt><trkpt lat="37.771958" lon="-122.440587"><ele>77.125</ele><time>2024-05-22T17:31:03.021Z</time></trkpt><trkpt lat="37.772052" lon="-122.440613"><ele>76.109</ele><time>2024-05-22T17:31:05.021Z</time></trkpt><trkpt lat="37.772109" lon="-122.440631"><ele>75.480</ele><time>2024-05-22T17:31:06.021Z</time></trkpt><trkpt lat="37.772161" lon="-122.440648"><ele>73.316</ele><time>2024-05-22T17:31:07.021Z</time></trkpt><trkpt lat="37.772220" lon="-122.440660"><ele>72.480</ele><time>2024-05-22T17:31:08.021Z</time></trkpt><trkpt lat="37.772269" lon="-122.440672"><ele>71.985</ele><time>2024-05-22T17:31:09.021Z</time></trkpt><trkpt lat="37.772352" lon="-122.440708"><ele>70.823</ele><time>2024-05-22T17:31:11.021Z</time></trkpt><trkpt lat="37.772428" lon="-122.440722"><ele>69.574</ele><time>2024-05-22T17:31:13.021Z</time></trkpt><trkpt lat="37.772484" lon="-122.440725"><ele>68.245</ele><time>2024-05-22T17:31:16.021Z</time></trkpt><trkpt lat="37.772517" lon="-122.440770"><ele>67.773</ele><time>2024-05-22T17:31:35.021Z</time></trkpt><trkpt lat="37.772578" lon="-122.440788"><ele>67.524</ele><time>2024-05-22T17:31:42.021Z</time></trkpt><trkpt lat="37.772663" lon="-122.440789"><ele>67.463</ele><time>2024-05-22T17:31:44.021Z</time></trkpt><trkpt lat="37.772764" lon="-122.440797"><ele>67.444</ele><time>2024-05-22T17:31:46.021Z</time></trkpt><trkpt lat="37.772823" lon="-122.440795"><ele>67.318</ele><time>2024-05-22T17:31:47.021Z</time></trkpt><trkpt lat="37.772889" lon="-122.440803"><ele>67.109</ele><time>2024-05-22T17:31:48.021Z</time></trkpt><trkpt lat="37.772951" lon="-122.440805"><ele>66.637</ele><time>2024-05-22T17:31:49.021Z</time></trkpt><trkpt lat="37.773013" lon="-122.440815"><ele>66.253</ele><time>2024-05-22T17:31:50.021Z</time></trkpt><trkpt lat="37.773076" lon="-122.440832"><ele>66.277</ele><time>2024-05-22T17:31:51.021Z</time></trkpt><trkpt lat="37.773133" lon="-122.440846"><ele>65.982</ele><time>2024-05-22T17:31:52.021Z</time></trkpt><trkpt lat="37.773183" lon="-122.440857"><ele>65.650</ele><time>2024-05-22T17:31:53.021Z</time></trkpt><trkpt lat="37.773263" lon="-122.440866"><ele>65.651</ele><time>2024-05-22T17:31:55.021Z</time></trkpt><trkpt lat="37.773332" lon="-122.440874"><ele>64.722</ele><time>2024-05-22T17:31:57.021Z</time></trkpt><trkpt lat="37.773385" lon="-122.440891"><ele>64.710</ele><time>2024-05-22T17:31:59.021Z</time></trkpt><trkpt lat="37.773415" lon="-122.440953"><ele>64.411</ele><time>2024-05-22T17:32:11.021Z</time></trkpt><trkpt lat="37.773471" lon="-122.440952"><ele>64.452</ele><time>2024-05-22T17:32:28.021Z</time></trkpt><trkpt lat="37.773534" lon="-122.440952"><ele>64.453</ele><time>2024-05-22T17:32:31.021Z</time></trkpt><trkpt lat="37.773614" lon="-122.440952"><ele>64.408</ele><time>2024-05-22T17:32:33.021Z</time></trkpt><trkpt lat="37.773670" lon="-122.440961"><ele>64.409</ele><time>2024-05-22T17:32:34.021Z</time></trkpt><trkpt lat="37.773769" lon="-122.440983"><ele>64.846</ele><time>2024-05-22T17:32:36.021Z</time></trkpt><trkpt lat="37.773828" lon="-122.440997"><ele>65.152</ele><time>2024-05-22T17:32:37.021Z</time></trkpt><trkpt lat="37.773897" lon="-122.440969"><ele>65.316</ele><time>2024-05-22T17:32:38.021Z</time></trkpt><trkpt lat="37.773967" lon="-122.440982"><ele>65.721</ele><time>2024-05-22T17:32:39.021Z</time></trkpt><trkpt lat="37.774038" lon="-122.440996"><ele>65.729</ele><time>2024-05-22T17:32:40.022Z</time></trkpt><trkpt lat="37.774096" lon="-122.441007"><ele>66.150</ele><time>2024-05-22T17:32:41.022Z</time></trkpt><trkpt lat="37.774152" lon="-122.441019"><ele>66.171</ele><time>2024-05-22T17:32:42.022Z</time></trkpt><trkpt lat="37.774198" lon="-122.441029"><ele>66.089</ele><time>2024-05-22T17:32:43.022Z</time></trkpt><trkpt lat="37.774249" lon="-122.441040"><ele>65.550</ele><time>2024-05-22T17:32:44.022Z</time></trkpt><trkpt lat="37.774309" lon="-122.441053"><ele>65.535</ele><time>2024-05-22T17:32:46.022Z</time></trkpt><trkpt lat="37.774360" lon="-122.441064"><ele>65.486</ele><time>2024-05-22T17:32:48.021Z</time></trkpt><trkpt lat="37.774431" lon="-122.441079"><ele>65.014</ele><time>2024-05-22T17:32:53.021Z</time></trkpt><trkpt lat="37.774502" lon="-122.441095"><ele>65.009</ele><time>2024-05-22T17:32:55.021Z</time></trkpt><trkpt lat="37.774548" lon="-122.441105"><ele>65.084</ele><time>2024-05-22T17:32:56.021Z</time></trkpt><trkpt lat="37.774609" lon="-122.441091"><ele>65.020</ele><time>2024-05-22T17:32:58.021Z</time></trkpt><trkpt lat="37.774585" lon="-122.440977"><ele>64.844</ele><time>2024-05-22T17:32:59.021Z</time></trkpt><trkpt lat="37.774595" lon="-122.440893"><ele>64.639</ele><time>2024-05-22T17:33:00.021Z</time></trkpt><trkpt lat="37.774605" lon="-122.440806"><ele>64.587</ele><time>2024-05-22T17:33:01.021Z</time></trkpt><trkpt lat="37.774615" lon="-122.440727"><ele>64.698</ele><time>2024-05-22T17:33:02.021Z</time></trkpt><trkpt lat="37.774625" lon="-122.440651"><ele>64.889</ele><time>2024-05-22T17:33:03.021Z</time></trkpt><trkpt lat="37.774636" lon="-122.440563"><ele>64.827</ele><time>2024-05-22T17:33:04.021Z</time></trkpt><trkpt lat="37.774648" lon="-122.440469"><ele>64.898</ele><time>2024-05-22T17:33:05.021Z</time></trkpt><trkpt lat="37.774657" lon="-122.440396"><ele>64.844</ele><time>2024-05-22T17:33:06.021Z</time></trkpt><trkpt lat="37.774672" lon="-122.440276"><ele>64.105</ele><time>2024-05-22T17:33:08.021Z</time></trkpt><trkpt lat="37.774681" lon="-122.440204"><ele>64.015</ele><time>2024-05-22T17:33:09.021Z</time></trkpt><trkpt lat="37.774690" lon="-122.440133"><ele>64.009</ele><time>2024-05-22T17:33:10.021Z</time></trkpt><trkpt lat="37.774698" lon="-122.440069"><ele>64.085</ele><time>2024-05-22T17:33:11.021Z</time></trkpt><trkpt lat="37.774706" lon="-122.440004"><ele>63.821</ele><time>2024-05-22T17:33:12.021Z</time></trkpt><trkpt lat="37.774721" lon="-122.439890"><ele>63.955</ele><time>2024-05-22T17:33:14.021Z</time></trkpt><trkpt lat="37.774729" lon="-122.439831"><ele>63.940</ele><time>2024-05-22T17:33:15.021Z</time></trkpt><trkpt lat="37.774740" lon="-122.439743"><ele>63.848</ele><time>2024-05-22T17:33:17.021Z</time></trkpt><trkpt lat="37.774752" lon="-122.439653"><ele>63.999</ele><time>2024-05-22T17:33:20.021Z</time></trkpt><trkpt lat="37.774760" lon="-122.439588"><ele>64.090</ele><time>2024-05-22T17:33:21.021Z</time></trkpt><trkpt lat="37.774769" lon="-122.439520"><ele>64.098</ele><time>2024-05-22T17:33:22.021Z</time></trkpt><trkpt lat="37.774780" lon="-122.439437"><ele>64.419</ele><time>2024-05-22T17:33:23.021Z</time></trkpt><trkpt lat="37.774790" lon="-122.439356"><ele>64.423</ele><time>2024-05-22T17:33:24.021Z</time></trkpt><trkpt lat="37.774798" lon="-122.439293"><ele>64.483</ele><time>2024-05-22T17:33:25.021Z</time></trkpt><trkpt lat="37.774807" lon="-122.439222"><ele>64.411</ele><time>2024-05-22T17:33:26.021Z</time></trkpt><trkpt lat="37.774820" lon="-122.439123"><ele>63.909</ele><time>2024-05-22T17:33:27.021Z</time></trkpt><trkpt lat="37.774834" lon="-122.439012"><ele>63.293</ele><time>2024-05-22T17:33:28.021Z</time></trkpt><trkpt lat="37.774845" lon="-122.438928"><ele>62.829</ele><time>2024-05-22T17:33:29.021Z</time></trkpt><trkpt lat="37.774855" lon="-122.438846"><ele>62.513</ele><time>2024-05-22T17:33:30.021Z</time></trkpt><trkpt lat="37.774866" lon="-122.438759"><ele>62.388</ele><time>2024-05-22T17:33:31.021Z</time></trkpt><trkpt lat="37.774876" lon="-122.438684"><ele>62.236</ele><time>2024-05-22T17:33:32.021Z</time></trkpt><trkpt lat="37.774887" lon="-122.438601"><ele>62.277</ele><time>2024-05-22T17:33:33.021Z</time></trkpt><trkpt lat="37.774897" lon="-122.438523"><ele>61.618</ele><time>2024-05-22T17:33:34.021Z</time></trkpt><trkpt lat="37.774907" lon="-122.438446"><ele>61.566</ele><time>2024-05-22T17:33:35.021Z</time></trkpt><trkpt lat="37.774915" lon="-122.438383"><ele>61.087</ele><time>2024-05-22T17:33:36.021Z</time></trkpt><trkpt lat="37.774928" lon="-122.438278"><ele>60.963</ele><time>2024-05-22T17:33:38.021Z</time></trkpt><trkpt lat="37.774937" lon="-122.438208"><ele>60.544</ele><time>2024-05-22T17:33:40.021Z</time></trkpt><trkpt lat="37.775017" lon="-122.438168"><ele>59.818</ele><time>2024-05-22T17:34:04.021Z</time></trkpt><trkpt lat="37.774985" lon="-122.438089"><ele>59.709</ele><time>2024-05-22T17:34:18.021Z</time></trkpt><trkpt lat="37.774994" lon="-122.438023"><ele>59.727</ele><time>2024-05-22T17:34:20.021Z</time></trkpt><trkpt lat="37.775005" lon="-122.437955"><ele>59.523</ele><time>2024-05-22T17:34:21.021Z</time></trkpt><trkpt lat="37.775012" lon="-122.437878"><ele>59.227</ele><time>2024-05-22T17:34:22.021Z</time></trkpt><trkpt lat="37.775023" lon="-122.437802"><ele>59.292</ele><time>2024-05-22T17:34:23.021Z</time></trkpt><trkpt lat="37.774994" lon="-122.437720"><ele>59.230</ele><time>2024-05-22T17:34:24.021Z</time></trkpt><trkpt lat="37.775002" lon="-122.437639"><ele>59.371</ele><time>2024-05-22T17:34:25.021Z</time></trkpt><trkpt lat="37.775032" lon="-122.437558"><ele>59.482</ele><time>2024-05-22T17:34:26.021Z</time></trkpt><trkpt lat="37.775028" lon="-122.437466"><ele>59.890</ele><time>2024-05-22T17:34:27.021Z</time></trkpt><trkpt lat="37.775040" lon="-122.437376"><ele>60.451</ele><time>2024-05-22T17:34:28.021Z</time></trkpt><trkpt lat="37.775051" lon="-122.437286"><ele>60.828</ele><time>2024-05-22T17:34:29.021Z</time></trkpt><trkpt lat="37.775078" lon="-122.437198"><ele>61.189</ele><time>2024-05-22T17:34:30.021Z</time></trkpt><trkpt lat="37.775074" lon="-122.437103"><ele>61.217</ele><time>2024-05-22T17:34:31.021Z</time></trkpt><trkpt lat="37.775090" lon="-122.437004"><ele>61.609</ele><time>2024-05-22T17:34:32.021Z</time></trkpt><trkpt lat="37.775095" lon="-122.436906"><ele>62.213</ele><time>2024-05-22T17:34:33.021Z</time></trkpt><trkpt lat="37.775112" lon="-122.436814"><ele>62.639</ele><time>2024-05-22T17:34:34.021Z</time></trkpt><trkpt lat="37.775124" lon="-122.436720"><ele>63.093</ele><time>2024-05-22T17:34:35.021Z</time></trkpt><trkpt lat="37.775140" lon="-122.436618"><ele>63.278</ele><time>2024-05-22T17:34:36.021Z</time></trkpt><trkpt lat="37.775143" lon="-122.436535"><ele>63.366</ele><time>2024-05-22T17:34:37.021Z</time></trkpt><trkpt lat="37.775158" lon="-122.436470"><ele>63.557</ele><time>2024-05-22T17:34:38.021Z</time></trkpt><trkpt lat="37.775161" lon="-122.436407"><ele>63.658</ele><time>2024-05-22T17:34:39.021Z</time></trkpt><trkpt lat="37.775190" lon="-122.436363"><ele>63.896</ele><time>2024-05-22T17:34:55.022Z</time></trkpt><trkpt lat="37.775204" lon="-122.436272"><ele>63.917</ele><time>2024-05-22T17:35:04.022Z</time></trkpt><trkpt lat="37.775205" lon="-122.436206"><ele>64.083</ele><time>2024-05-22T17:35:05.022Z</time></trkpt><trkpt lat="37.775244" lon="-122.436091"><ele>64.125</ele><time>2024-05-22T17:35:07.022Z</time></trkpt><trkpt lat="37.775248" lon="-122.436002"><ele>64.417</ele><time>2024-05-22T17:35:08.022Z</time></trkpt><trkpt lat="37.775251" lon="-122.435912"><ele>64.709</ele><time>2024-05-22T17:35:09.022Z</time></trkpt><trkpt lat="37.775227" lon="-122.435820"><ele>65.399</ele><time>2024-05-22T17:35:10.022Z</time></trkpt><trkpt lat="37.775240" lon="-122.435715"><ele>66.395</ele><time>2024-05-22T17:35:11.022Z</time></trkpt><trkpt lat="37.775263" lon="-122.435621"><ele>67.569</ele><time>2024-05-22T17:35:12.022Z</time></trkpt><trkpt lat="37.775273" lon="-122.435531"><ele>68.684</ele><time>2024-05-22T17:35:13.022Z</time></trkpt><trkpt lat="37.775278" lon="-122.435440"><ele>69.582</ele><time>2024-05-22T17:35:14.022Z</time></trkpt><trkpt lat="37.775294" lon="-122.435345"><ele>70.483</ele><time>2024-05-22T17:35:15.022Z</time></trkpt><trkpt lat="37.775312" lon="-122.435246"><ele>71.514</ele><time>2024-05-22T17:35:16.022Z</time></trkpt><trkpt lat="37.775316" lon="-122.435143"><ele>72.992</ele><time>2024-05-22T17:35:17.022Z</time></trkpt><trkpt lat="37.775328" lon="-122.435045"><ele>73.843</ele><time>2024-05-22T17:35:18.022Z</time></trkpt><trkpt lat="37.775347" lon="-122.434950"><ele>74.513</ele><time>2024-05-22T17:35:19.022Z</time></trkpt><trkpt lat="37.775362" lon="-122.434861"><ele>75.743</ele><time>2024-05-22T17:35:20.022Z</time></trkpt><trkpt lat="37.775372" lon="-122.434785"><ele>76.707</ele><time>2024-05-22T17:35:21.022Z</time></trkpt><trkpt lat="37.775374" lon="-122.434723"><ele>77.109</ele><time>2024-05-22T17:35:22.022Z</time></trkpt><trkpt lat="37.775392" lon="-122.434663"><ele>78.342</ele><time>2024-05-22T17:35:24.022Z</time></trkpt><trkpt lat="37.775389" lon="-122.434559"><ele>78.558</ele><time>2024-05-22T17:35:29.022Z</time></trkpt><trkpt lat="37.775397" lon="-122.434495"><ele>79.552</ele><time>2024-05-22T17:35:30.022Z</time></trkpt><trkpt lat="37.775406" lon="-122.434427"><ele>80.237</ele><time>2024-05-22T17:35:31.022Z</time></trkpt><trkpt lat="37.775416" lon="-122.434351"><ele>80.755</ele><time>2024-05-22T17:35:32.022Z</time></trkpt><trkpt lat="37.775424" lon="-122.434284"><ele>81.126</ele><time>2024-05-22T17:35:33.022Z</time></trkpt><trkpt lat="37.775431" lon="-122.434225"><ele>81.197</ele><time>2024-05-22T17:35:34.022Z</time></trkpt><trkpt lat="37.775440" lon="-122.434155"><ele>81.265</ele><time>2024-05-22T17:35:36.022Z</time></trkpt><trkpt lat="37.775523" lon="-122.434151"><ele>81.226</ele><time>2024-05-22T17:35:38.022Z</time></trkpt><trkpt lat="37.775575" lon="-122.434172"><ele>81.296</ele><time>2024-05-22T17:36:31.021Z</time></trkpt><trkpt lat="37.775578" lon="-122.434236"><ele>80.931</ele><time>2024-05-22T17:36:57.022Z</time></trkpt><trkpt lat="37.775595" lon="-122.434176"><ele>80.524</ele><time>2024-05-22T17:37:12.022Z</time></trkpt><trkpt lat="37.775596" lon="-122.434116"><ele>80.509</ele><time>2024-05-22T17:37:18.022Z</time></trkpt><trkpt lat="37.775613" lon="-122.434048"><ele>80.320</ele><time>2024-05-22T17:37:26.022Z</time></trkpt><trkpt lat="37.775598" lon="-122.433992"><ele>80.026</ele><time>2024-05-22T17:38:04.022Z</time></trkpt><trkpt lat="37.775638" lon="-122.434019"><ele>79.610</ele><time>2024-05-22T17:39:34.021Z</time></trkpt><trkpt lat="37.775590" lon="-122.434045"><ele>79.285</ele><time>2024-05-22T17:40:55.020Z</time></trkpt><trkpt lat="37.775557" lon="-122.434086"><ele>79.263</ele><time>2024-05-22T17:40:59.020Z</time></trkpt><trkpt lat="37.775566" lon="-122.434159"><ele>79.294</ele><time>2024-05-22T17:41:06.020Z</time></trkpt><trkpt lat="37.775587" lon="-122.434221"><ele>79.365</ele><time>2024-05-22T17:41:11.020Z</time></trkpt><trkpt lat="37.775599" lon="-122.434280"><ele>79.613</ele><time>2024-05-22T17:41:14.020Z</time></trkpt><trkpt lat="37.775638" lon="-122.434323"><ele>80.134</ele><time>2024-05-22T17:41:22.020Z</time></trkpt><trkpt lat="37.775641" lon="-122.434264"><ele>80.237</ele><time>2024-05-22T17:41:40.020Z</time></trkpt><trkpt lat="37.775633" lon="-122.434207"><ele>80.349</ele><time>2024-05-22T17:41:52.020Z</time></trkpt><trkpt lat="37.775618" lon="-122.434147"><ele>80.313</ele><time>2024-05-22T17:41:59.020Z</time></trkpt><trkpt lat="37.775572" lon="-122.434091"><ele>80.209</ele><time>2024-05-22T17:42:16.020Z</time></trkpt><trkpt lat="37.775535" lon="-122.434130"><ele>80.184</ele><time>2024-05-22T17:42:25.020Z</time></trkpt><trkpt lat="37.775505" lon="-122.434175"><ele>80.140</ele><time>2024-05-22T17:42:40.020Z</time></trkpt><trkpt lat="37.775552" lon="-122.434182"><ele>80.224</ele><time>2024-05-22T17:43:02.020Z</time></trkpt><trkpt lat="37.775579" lon="-122.434134"><ele>80.259</ele><time>2024-05-22T17:44:03.020Z</time></trkpt><trkpt lat="37.775552" lon="-122.434184"><ele>80.387</ele><time>2024-05-22T17:44:39.020Z</time></trkpt><trkpt lat="37.775506" lon="-122.434189"><ele>80.598</ele><time>2024-05-22T17:44:58.020Z</time></trkpt><trkpt lat="37.775500" lon="-122.434249"><ele>80.789</ele><time>2024-05-22T17:45:53.013Z</time></trkpt><trkpt lat="37.775478" lon="-122.434303"><ele>80.837</ele><time>2024-05-22T17:45:55.011Z</time></trkpt><trkpt lat="37.775464" lon="-122.434366"><ele>80.638</ele><time>2024-05-22T17:45:57.009Z</time></trkpt><trkpt lat="37.775446" lon="-122.434443"><ele>80.662</ele><time>2024-05-22T17:46:00.007Z</time></trkpt><trkpt lat="37.775430" lon="-122.434540"><ele>80.383</ele><time>2024-05-22T17:46:02.006Z</time></trkpt><trkpt lat="37.775396" lon="-122.434645"><ele>79.911</ele><time>2024-05-22T17:46:04.005Z</time></trkpt><trkpt lat="37.775406" lon="-122.434715"><ele>79.509</ele><time>2024-05-22T17:46:05.004Z</time></trkpt><trkpt lat="37.775399" lon="-122.434787"><ele>79.577</ele><time>2024-05-22T17:46:06.004Z</time></trkpt><trkpt lat="37.775383" lon="-122.434867"><ele>79.563</ele><time>2024-05-22T17:46:07.004Z</time></trkpt><trkpt lat="37.775372" lon="-122.434960"><ele>79.057</ele><time>2024-05-22T17:46:08.004Z</time></trkpt><trkpt lat="37.775355" lon="-122.435053"><ele>77.712</ele><time>2024-05-22T17:46:09.004Z</time></trkpt><trkpt lat="37.775342" lon="-122.435150"><ele>77.040</ele><time>2024-05-22T17:46:10.004Z</time></trkpt><trkpt lat="37.775336" lon="-122.435253"><ele>76.021</ele><time>2024-05-22T17:46:11.004Z</time></trkpt><trkpt lat="37.775314" lon="-122.435337"><ele>75.542</ele><time>2024-05-22T17:46:12.004Z</time></trkpt><trkpt lat="37.775298" lon="-122.435423"><ele>74.420</ele><time>2024-05-22T17:46:13.004Z</time></trkpt><trkpt lat="37.775288" lon="-122.435502"><ele>73.121</ele><time>2024-05-22T17:46:14.004Z</time></trkpt><trkpt lat="37.775294" lon="-122.435563"><ele>72.823</ele><time>2024-05-22T17:46:15.004Z</time></trkpt><trkpt lat="37.775286" lon="-122.435623"><ele>71.283</ele><time>2024-05-22T17:46:16.004Z</time></trkpt><trkpt lat="37.775273" lon="-122.435726"><ele>70.411</ele><time>2024-05-22T17:46:18.004Z</time></trkpt><trkpt lat="37.775263" lon="-122.435807"><ele>68.709</ele><time>2024-05-22T17:46:20.004Z</time></trkpt><trkpt lat="37.775256" lon="-122.435873"><ele>67.583</ele><time>2024-05-22T17:46:24.003Z</time></trkpt><trkpt lat="37.775248" lon="-122.435954"><ele>66.939</ele><time>2024-05-22T17:46:27.003Z</time></trkpt><trkpt lat="37.775242" lon="-122.436012"><ele>66.763</ele><time>2024-05-22T17:46:29.003Z</time></trkpt><trkpt lat="37.775235" lon="-122.436070"><ele>66.188</ele><time>2024-05-22T17:46:30.003Z</time></trkpt><trkpt lat="37.775229" lon="-122.436134"><ele>66.416</ele><time>2024-05-22T17:46:31.003Z</time></trkpt><trkpt lat="37.775220" lon="-122.436220"><ele>66.187</ele><time>2024-05-22T17:46:32.003Z</time></trkpt><trkpt lat="37.775213" lon="-122.436288"><ele>66.398</ele><time>2024-05-22T17:46:33.003Z</time></trkpt><trkpt lat="37.775201" lon="-122.436360"><ele>66.566</ele><time>2024-05-22T17:46:34.003Z</time></trkpt><trkpt lat="37.775191" lon="-122.436443"><ele>66.517</ele><time>2024-05-22T17:46:35.003Z</time></trkpt><trkpt lat="37.775165" lon="-122.436515"><ele>66.485</ele><time>2024-05-22T17:46:36.003Z</time></trkpt><trkpt lat="37.775158" lon="-122.436611"><ele>65.989</ele><time>2024-05-22T17:46:37.003Z</time></trkpt><trkpt lat="37.775154" lon="-122.436706"><ele>63.917</ele><time>2024-05-22T17:46:38.003Z</time></trkpt><trkpt lat="37.775143" lon="-122.436793"><ele>63.409</ele><time>2024-05-22T17:46:39.003Z</time></trkpt><trkpt lat="37.775137" lon="-122.436875"><ele>63.279</ele><time>2024-05-22T17:46:40.003Z</time></trkpt><trkpt lat="37.775132" lon="-122.436957"><ele>62.945</ele><time>2024-05-22T17:46:41.003Z</time></trkpt><trkpt lat="37.775122" lon="-122.437028"><ele>62.659</ele><time>2024-05-22T17:46:42.003Z</time></trkpt><trkpt lat="37.775112" lon="-122.437102"><ele>62.524</ele><time>2024-05-22T17:46:43.003Z</time></trkpt><trkpt lat="37.775105" lon="-122.437172"><ele>61.812</ele><time>2024-05-22T17:46:44.003Z</time></trkpt><trkpt lat="37.775098" lon="-122.437238"><ele>61.713</ele><time>2024-05-22T17:46:45.003Z</time></trkpt><trkpt lat="37.775093" lon="-122.437301"><ele>61.674</ele><time>2024-05-22T17:46:46.003Z</time></trkpt><trkpt lat="37.775087" lon="-122.437365"><ele>61.542</ele><time>2024-05-22T17:46:47.003Z</time></trkpt><trkpt lat="37.775079" lon="-122.437424"><ele>61.083</ele><time>2024-05-22T17:46:48.003Z</time></trkpt><trkpt lat="37.775059" lon="-122.437485"><ele>60.496</ele><time>2024-05-22T17:46:49.003Z</time></trkpt><trkpt lat="37.775040" lon="-122.437577"><ele>59.431</ele><time>2024-05-22T17:46:51.003Z</time></trkpt><trkpt lat="37.775035" lon="-122.437638"><ele>59.224</ele><time>2024-05-22T17:46:54.003Z</time></trkpt><trkpt lat="37.775024" lon="-122.437728"><ele>59.209</ele><time>2024-05-22T17:47:50.003Z</time></trkpt><trkpt lat="37.775009" lon="-122.437790"><ele>59.260</ele><time>2024-05-22T17:47:52.003Z</time></trkpt><trkpt lat="37.774945" lon="-122.437821"><ele>59.386</ele><time>2024-05-22T17:47:55.003Z</time></trkpt><trkpt lat="37.774867" lon="-122.437828"><ele>59.420</ele><time>2024-05-22T17:47:57.003Z</time></trkpt><trkpt lat="37.774819" lon="-122.437815"><ele>59.695</ele><time>2024-05-22T17:47:58.003Z</time></trkpt><trkpt lat="37.774766" lon="-122.437797"><ele>59.513</ele><time>2024-05-22T17:47:59.003Z</time></trkpt><trkpt lat="37.774719" lon="-122.437783"><ele>59.544</ele><time>2024-05-22T17:48:00.003Z</time></trkpt><trkpt lat="37.774641" lon="-122.437768"><ele>59.575</ele><time>2024-05-22T17:48:02.003Z</time></trkpt><trkpt lat="37.774569" lon="-122.437755"><ele>59.193</ele><time>2024-05-22T17:48:04.003Z</time></trkpt><trkpt lat="37.774498" lon="-122.437734"><ele>58.964</ele><time>2024-05-22T17:48:06.003Z</time></trkpt><trkpt lat="37.774441" lon="-122.437731"><ele>58.745</ele><time>2024-05-22T17:48:08.003Z</time></trkpt><trkpt lat="37.774393" lon="-122.437711"><ele>58.747</ele><time>2024-05-22T17:48:11.003Z</time></trkpt><trkpt lat="37.774342" lon="-122.437693"><ele>58.411</ele><time>2024-05-22T17:48:13.003Z</time></trkpt><trkpt lat="37.774293" lon="-122.437674"><ele>58.309</ele><time>2024-05-22T17:48:15.003Z</time></trkpt><trkpt lat="37.774245" lon="-122.437667"><ele>58.365</ele><time>2024-05-22T17:48:18.003Z</time></trkpt><trkpt lat="37.774183" lon="-122.437647"><ele>58.311</ele><time>2024-05-22T17:48:25.003Z</time></trkpt><trkpt lat="37.774099" lon="-122.437622"><ele>58.485</ele><time>2024-05-22T17:48:27.003Z</time></trkpt><trkpt lat="37.774042" lon="-122.437609"><ele>58.680</ele><time>2024-05-22T17:48:28.003Z</time></trkpt><trkpt lat="37.773988" lon="-122.437600"><ele>58.638</ele><time>2024-05-22T17:48:29.003Z</time></trkpt><trkpt lat="37.773929" lon="-122.437597"><ele>58.619</ele><time>2024-05-22T17:48:30.003Z</time></trkpt><trkpt lat="37.773869" lon="-122.437590"><ele>58.260</ele><time>2024-05-22T17:48:31.003Z</time></trkpt><trkpt lat="37.773797" lon="-122.437582"><ele>57.948</ele><time>2024-05-22T17:48:32.003Z</time></trkpt><trkpt lat="37.773722" lon="-122.437581"><ele>57.969</ele><time>2024-05-22T17:48:33.003Z</time></trkpt><trkpt lat="37.773643" lon="-122.437580"><ele>57.718</ele><time>2024-05-22T17:48:34.003Z</time></trkpt><trkpt lat="37.773560" lon="-122.437569"><ele>57.598</ele><time>2024-05-22T17:48:35.003Z</time></trkpt><trkpt lat="37.773479" lon="-122.437553"><ele>57.517</ele><time>2024-05-22T17:48:36.003Z</time></trkpt><trkpt lat="37.773397" lon="-122.437539"><ele>57.209</ele><time>2024-05-22T17:48:37.003Z</time></trkpt><trkpt lat="37.773313" lon="-122.437522"><ele>56.922</ele><time>2024-05-22T17:48:38.003Z</time></trkpt><trkpt lat="37.773225" lon="-122.437512"><ele>56.828</ele><time>2024-05-22T17:48:39.003Z</time></trkpt><trkpt lat="37.773143" lon="-122.437485"><ele>56.892</ele><time>2024-05-22T17:48:40.003Z</time></trkpt><trkpt lat="37.773059" lon="-122.437465"><ele>56.917</ele><time>2024-05-22T17:48:41.003Z</time></trkpt><trkpt lat="37.772970" lon="-122.437439"><ele>57.395</ele><time>2024-05-22T17:48:42.003Z</time></trkpt><trkpt lat="37.772887" lon="-122.437416"><ele>57.626</ele><time>2024-05-22T17:48:43.003Z</time></trkpt><trkpt lat="37.772797" lon="-122.437399"><ele>57.437</ele><time>2024-05-22T17:48:44.003Z</time></trkpt><trkpt lat="37.772701" lon="-122.437385"><ele>57.625</ele><time>2024-05-22T17:48:45.003Z</time></trkpt><trkpt lat="37.772609" lon="-122.437381"><ele>58.056</ele><time>2024-05-22T17:48:46.003Z</time></trkpt><trkpt lat="37.772517" lon="-122.437375"><ele>58.014</ele><time>2024-05-22T17:48:47.003Z</time></trkpt><trkpt lat="37.772425" lon="-122.437355"><ele>58.654</ele><time>2024-05-22T17:48:48.003Z</time></trkpt><trkpt lat="37.772334" lon="-122.437336"><ele>58.609</ele><time>2024-05-22T17:48:49.003Z</time></trkpt><trkpt lat="37.772241" lon="-122.437318"><ele>58.709</ele><time>2024-05-22T17:48:50.003Z</time></trkpt><trkpt lat="37.772147" lon="-122.437302"><ele>59.982</ele><time>2024-05-22T17:48:51.003Z</time></trkpt><trkpt lat="37.772055" lon="-122.437295"><ele>59.938</ele><time>2024-05-22T17:48:52.003Z</time></trkpt><trkpt lat="37.771966" lon="-122.437287"><ele>58.922</ele><time>2024-05-22T17:48:53.003Z</time></trkpt><trkpt lat="37.771881" lon="-122.437291"><ele>58.947</ele><time>2024-05-22T17:48:54.003Z</time></trkpt><trkpt lat="37.771810" lon="-122.437277"><ele>58.915</ele><time>2024-05-22T17:48:55.003Z</time></trkpt><trkpt lat="37.771744" lon="-122.437253"><ele>59.196</ele><time>2024-05-22T17:48:56.003Z</time></trkpt><trkpt lat="37.771686" lon="-122.437248"><ele>59.617</ele><time>2024-05-22T17:48:57.003Z</time></trkpt><trkpt lat="37.771635" lon="-122.437237"><ele>59.945</ele><time>2024-05-22T17:48:58.003Z</time></trkpt><trkpt lat="37.771559" lon="-122.437212"><ele>59.966</ele><time>2024-05-22T17:49:00.003Z</time></trkpt><trkpt lat="37.771502" lon="-122.437178"><ele>60.013</ele><time>2024-05-22T17:49:02.003Z</time></trkpt><trkpt lat="37.771461" lon="-122.437126"><ele>60.143</ele><time>2024-05-22T17:49:06.003Z</time></trkpt><trkpt lat="37.771366" lon="-122.437075"><ele>61.307</ele><time>2024-05-22T17:49:54.003Z</time></trkpt><trkpt lat="37.771304" lon="-122.437058"><ele>62.009</ele><time>2024-05-22T17:49:56.003Z</time></trkpt><trkpt lat="37.771259" lon="-122.437040"><ele>62.882</ele><time>2024-05-22T17:49:57.003Z</time></trkpt><trkpt lat="37.771203" lon="-122.437019"><ele>63.538</ele><time>2024-05-22T17:49:58.003Z</time></trkpt><trkpt lat="37.771136" lon="-122.437026"><ele>63.482</ele><time>2024-05-22T17:49:59.003Z</time></trkpt><trkpt lat="37.771072" lon="-122.437046"><ele>63.697</ele><time>2024-05-22T17:50:00.003Z</time></trkpt><trkpt lat="37.771007" lon="-122.437011"><ele>63.885</ele><time>2024-05-22T17:50:01.003Z</time></trkpt><trkpt lat="37.770928" lon="-122.437002"><ele>64.966</ele><time>2024-05-22T17:50:02.003Z</time></trkpt><trkpt lat="37.770849" lon="-122.436984"><ele>65.867</ele><time>2024-05-22T17:50:03.003Z</time></trkpt><trkpt lat="37.770755" lon="-122.436973"><ele>66.585</ele><time>2024-05-22T17:50:04.003Z</time></trkpt><trkpt lat="37.770663" lon="-122.436950"><ele>67.796</ele><time>2024-05-22T17:50:05.003Z</time></trkpt><trkpt lat="37.770568" lon="-122.436932"><ele>69.163</ele><time>2024-05-22T17:50:06.003Z</time></trkpt><trkpt lat="37.770474" lon="-122.436918"><ele>71.144</ele><time>2024-05-22T17:50:07.003Z</time></trkpt><trkpt lat="37.770392" lon="-122.436899"><ele>72.218</ele><time>2024-05-22T17:50:08.003Z</time></trkpt><trkpt lat="37.770310" lon="-122.436876"><ele>71.909</ele><time>2024-05-22T17:50:09.003Z</time></trkpt><trkpt lat="37.770231" lon="-122.436818"><ele>72.427</ele><time>2024-05-22T17:50:10.003Z</time></trkpt><trkpt lat="37.770171" lon="-122.436771"><ele>72.783</ele><time>2024-05-22T17:50:11.003Z</time></trkpt><trkpt lat="37.770125" lon="-122.436692"><ele>72.647</ele><time>2024-05-22T17:50:12.003Z</time></trkpt><trkpt lat="37.770081" lon="-122.436599"><ele>73.212</ele><time>2024-05-22T17:50:13.003Z</time></trkpt><trkpt lat="37.770030" lon="-122.436515"><ele>73.290</ele><time>2024-05-22T17:50:14.003Z</time></trkpt><trkpt lat="37.769970" lon="-122.436446"><ele>73.691</ele><time>2024-05-22T17:50:15.003Z</time></trkpt><trkpt lat="37.769894" lon="-122.436372"><ele>73.712</ele><time>2024-05-22T17:50:16.003Z</time></trkpt><trkpt lat="37.769809" lon="-122.436319"><ele>73.590</ele><time>2024-05-22T17:50:17.003Z</time></trkpt><trkpt lat="37.769726" lon="-122.436254"><ele>73.571</ele><time>2024-05-22T17:50:18.003Z</time></trkpt><trkpt lat="37.769640" lon="-122.436192"><ele>73.267</ele><time>2024-05-22T17:50:19.003Z</time></trkpt><trkpt lat="37.769562" lon="-122.436132"><ele>73.281</ele><time>2024-05-22T17:50:20.003Z</time></trkpt><trkpt lat="37.769469" lon="-122.436081"><ele>73.219</ele><time>2024-05-22T17:50:21.003Z</time></trkpt><trkpt lat="37.769372" lon="-122.436036"><ele>73.209</ele><time>2024-05-22T17:50:22.003Z</time></trkpt><trkpt lat="37.769277" lon="-122.435988"><ele>72.627</ele><time>2024-05-22T17:50:23.003Z</time></trkpt><trkpt lat="37.769183" lon="-122.435943"><ele>71.213</ele><time>2024-05-22T17:50:24.003Z</time></trkpt><trkpt lat="37.769093" lon="-122.435898"><ele>71.037</ele><time>2024-05-22T17:50:25.003Z</time></trkpt><trkpt lat="37.768999" lon="-122.435861"><ele>70.852</ele><time>2024-05-22T17:50:26.003Z</time></trkpt><trkpt lat="37.768902" lon="-122.435850"><ele>70.730</ele><time>2024-05-22T17:50:27.003Z</time></trkpt><trkpt lat="37.768812" lon="-122.435831"><ele>70.731</ele><time>2024-05-22T17:50:28.003Z</time></trkpt><trkpt lat="37.768725" lon="-122.435823"><ele>70.722</ele><time>2024-05-22T17:50:29.003Z</time></trkpt><trkpt lat="37.768627" lon="-122.435807"><ele>71.120</ele><time>2024-05-22T17:50:30.003Z</time></trkpt><trkpt lat="37.768530" lon="-122.435801"><ele>71.241</ele><time>2024-05-22T17:50:31.003Z</time></trkpt><trkpt lat="37.768434" lon="-122.435801"><ele>71.723</ele><time>2024-05-22T17:50:32.003Z</time></trkpt><trkpt lat="37.768343" lon="-122.435789"><ele>71.783</ele><time>2024-05-22T17:50:33.003Z</time></trkpt><trkpt lat="37.768255" lon="-122.435784"><ele>71.711</ele><time>2024-05-22T17:50:34.003Z</time></trkpt><trkpt lat="37.768166" lon="-122.435782"><ele>72.009</ele><time>2024-05-22T17:50:35.003Z</time></trkpt><trkpt lat="37.768083" lon="-122.435776"><ele>71.883</ele><time>2024-05-22T17:50:36.003Z</time></trkpt><trkpt lat="37.768009" lon="-122.435781"><ele>71.999</ele><time>2024-05-22T17:50:37.003Z</time></trkpt><trkpt lat="37.767934" lon="-122.435772"><ele>71.913</ele><time>2024-05-22T17:50:38.003Z</time></trkpt><trkpt lat="37.767866" lon="-122.435769"><ele>71.948</ele><time>2024-05-22T17:50:39.003Z</time></trkpt><trkpt lat="37.767802" lon="-122.435759"><ele>72.066</ele><time>2024-05-22T17:50:40.003Z</time></trkpt><trkpt lat="37.767738" lon="-122.435748"><ele>72.377</ele><time>2024-05-22T17:50:41.003Z</time></trkpt><trkpt lat="37.767671" lon="-122.435745"><ele>72.548</ele><time>2024-05-22T17:50:42.003Z</time></trkpt><trkpt lat="37.767602" lon="-122.435733"><ele>73.386</ele><time>2024-05-22T17:50:43.003Z</time></trkpt><trkpt lat="37.767544" lon="-122.435713"><ele>73.637</ele><time>2024-05-22T17:50:44.003Z</time></trkpt><trkpt lat="37.767458" lon="-122.435717"><ele>73.599</ele><time>2024-05-22T17:50:45.003Z</time></trkpt><trkpt lat="37.767376" lon="-122.435725"><ele>73.607</ele><time>2024-05-22T17:50:46.003Z</time></trkpt><trkpt lat="37.767282" lon="-122.435717"><ele>73.327</ele><time>2024-05-22T17:50:47.003Z</time></trkpt><trkpt lat="37.767191" lon="-122.435700"><ele>72.909</ele><time>2024-05-22T17:50:48.003Z</time></trkpt><trkpt lat="37.767097" lon="-122.435680"><ele>72.340</ele><time>2024-05-22T17:50:49.003Z</time></trkpt><trkpt lat="37.766999" lon="-122.435665"><ele>72.046</ele><time>2024-05-22T17:50:50.003Z</time></trkpt><trkpt lat="37.766906" lon="-122.435657"><ele>70.550</ele><time>2024-05-22T17:50:51.003Z</time></trkpt><trkpt lat="37.766809" lon="-122.435650"><ele>70.085</ele><time>2024-05-22T17:50:52.003Z</time></trkpt><trkpt lat="37.766707" lon="-122.435643"><ele>69.343</ele><time>2024-05-22T17:50:53.003Z</time></trkpt><trkpt lat="37.766613" lon="-122.435637"><ele>68.064</ele><time>2024-05-22T17:50:54.003Z</time></trkpt><trkpt lat="37.766523" lon="-122.435615"><ele>67.625</ele><time>2024-05-22T17:50:55.003Z</time></trkpt><trkpt lat="37.766440" lon="-122.435599"><ele>66.743</ele><time>2024-05-22T17:50:56.003Z</time></trkpt><trkpt lat="37.766349" lon="-122.435589"><ele>66.714</ele><time>2024-05-22T17:50:57.003Z</time></trkpt><trkpt lat="37.766257" lon="-122.435584"><ele>66.411</ele><time>2024-05-22T17:50:58.003Z</time></trkpt><trkpt lat="37.766165" lon="-122.435579"><ele>65.321</ele><time>2024-05-22T17:50:59.003Z</time></trkpt><trkpt lat="37.766068" lon="-122.435566"><ele>64.303</ele><time>2024-05-22T17:51:00.003Z</time></trkpt><trkpt lat="37.765970" lon="-122.435565"><ele>62.709</ele><time>2024-05-22T17:51:01.003Z</time></trkpt><trkpt lat="37.765867" lon="-122.435553"><ele>62.612</ele><time>2024-05-22T17:51:02.003Z</time></trkpt><trkpt lat="37.765777" lon="-122.435534"><ele>61.488</ele><time>2024-05-22T17:51:03.003Z</time></trkpt><trkpt lat="37.765667" lon="-122.435537"><ele>60.132</ele><time>2024-05-22T17:51:04.003Z</time></trkpt><trkpt lat="37.765553" lon="-122.435533"><ele>60.197</ele><time>2024-05-22T17:51:05.003Z</time></trkpt><trkpt lat="37.765457" lon="-122.435523"><ele>61.955</ele><time>2024-05-22T17:51:06.003Z</time></trkpt><trkpt lat="37.765368" lon="-122.435519"><ele>62.996</ele><time>2024-05-22T17:51:07.003Z</time></trkpt><trkpt lat="37.765284" lon="-122.435521"><ele>62.917</ele><time>2024-05-22T17:51:08.003Z</time></trkpt><trkpt lat="37.765208" lon="-122.435509"><ele>62.995</ele><time>2024-05-22T17:51:09.003Z</time></trkpt><trkpt lat="37.765137" lon="-122.435487"><ele>64.156</ele><time>2024-05-22T17:51:10.003Z</time></trkpt><trkpt lat="37.765068" lon="-122.435481"><ele>65.435</ele><time>2024-05-22T17:51:11.003Z</time></trkpt><trkpt lat="37.764991" lon="-122.435486"><ele>65.586</ele><time>2024-05-22T17:51:12.003Z</time></trkpt><trkpt lat="37.764921" lon="-122.435477"><ele>65.714</ele><time>2024-05-22T17:51:13.003Z</time></trkpt><trkpt lat="37.764854" lon="-122.435473"><ele>66.109</ele><time>2024-05-22T17:51:14.003Z</time></trkpt><trkpt lat="37.764781" lon="-122.435474"><ele>66.074</ele><time>2024-05-22T17:51:15.003Z</time></trkpt><trkpt lat="37.764718" lon="-122.435469"><ele>66.090</ele><time>2024-05-22T17:51:16.003Z</time></trkpt><trkpt lat="37.764655" lon="-122.435449"><ele>65.764</ele><time>2024-05-22T17:51:17.003Z</time></trkpt><trkpt lat="37.764592" lon="-122.435432"><ele>65.519</ele><time>2024-05-22T17:51:18.003Z</time></trkpt><trkpt lat="37.764525" lon="-122.435423"><ele>65.287</ele><time>2024-05-22T17:51:19.003Z</time></trkpt><trkpt lat="37.764458" lon="-122.435419"><ele>64.788</ele><time>2024-05-22T17:51:20.003Z</time></trkpt><trkpt lat="37.764397" lon="-122.435403"><ele>64.429</ele><time>2024-05-22T17:51:21.003Z</time></trkpt><trkpt lat="37.764325" lon="-122.435381"><ele>63.617</ele><time>2024-05-22T17:51:23.003Z</time></trkpt><trkpt lat="37.764267" lon="-122.435381"><ele>63.298</ele><time>2024-05-22T17:51:26.003Z</time></trkpt><trkpt lat="37.764198" lon="-122.435350"><ele>63.021</ele><time>2024-05-22T17:51:29.003Z</time></trkpt><trkpt lat="37.764149" lon="-122.435344"><ele>63.041</ele><time>2024-05-22T17:51:30.003Z</time></trkpt><trkpt lat="37.764094" lon="-122.435334"><ele>63.005</ele><time>2024-05-22T17:51:31.003Z</time></trkpt><trkpt lat="37.764036" lon="-122.435340"><ele>63.009</ele><time>2024-05-22T17:51:32.003Z</time></trkpt><trkpt lat="37.763981" lon="-122.435353"><ele>63.083</ele><time>2024-05-22T17:51:33.004Z</time></trkpt><trkpt lat="37.763927" lon="-122.435343"><ele>62.439</ele><time>2024-05-22T17:51:34.004Z</time></trkpt><trkpt lat="37.763874" lon="-122.435319"><ele>62.173</ele><time>2024-05-22T17:51:35.004Z</time></trkpt><trkpt lat="37.763817" lon="-122.435314"><ele>61.348</ele><time>2024-05-22T17:51:36.005Z</time></trkpt><trkpt lat="37.763740" lon="-122.435316"><ele>60.796</ele><time>2024-05-22T17:51:37.004Z</time></trkpt><trkpt lat="37.763677" lon="-122.435314"><ele>59.887</ele><time>2024-05-22T17:51:38.004Z</time></trkpt><trkpt lat="37.763600" lon="-122.435306"><ele>58.258</ele><time>2024-05-22T17:51:39.004Z</time></trkpt><trkpt lat="37.763523" lon="-122.435301"><ele>57.526</ele><time>2024-05-22T17:51:40.004Z</time></trkpt><trkpt lat="37.763447" lon="-122.435302"><ele>56.597</ele><time>2024-05-22T17:51:41.004Z</time></trkpt><trkpt lat="37.763369" lon="-122.435309"><ele>55.192</ele><time>2024-05-22T17:51:42.004Z</time></trkpt><trkpt lat="37.763311" lon="-122.435296"><ele>54.273</ele><time>2024-05-22T17:51:43.003Z</time></trkpt><trkpt lat="37.763253" lon="-122.435275"><ele>53.620</ele><time>2024-05-22T17:51:44.003Z</time></trkpt><trkpt lat="37.763201" lon="-122.435254"><ele>53.209</ele><time>2024-05-22T17:51:45.004Z</time></trkpt><trkpt lat="37.763123" lon="-122.435247"><ele>52.360</ele><time>2024-05-22T17:51:47.004Z</time></trkpt><trkpt lat="37.763065" lon="-122.435238"><ele>51.446</ele><time>2024-05-22T17:51:49.004Z</time></trkpt><trkpt lat="37.763020" lon="-122.435219"><ele>49.940</ele><time>2024-05-22T17:51:53.004Z</time></trkpt><trkpt lat="37.762948" lon="-122.435209"><ele>49.175</ele><time>2024-05-22T17:52:02.004Z</time></trkpt><trkpt lat="37.762897" lon="-122.435202"><ele>48.733</ele><time>2024-05-22T17:52:03.004Z</time></trkpt><trkpt lat="37.762838" lon="-122.435199"><ele>48.524</ele><time>2024-05-22T17:52:04.004Z</time></trkpt><trkpt lat="37.762774" lon="-122.435194"><ele>48.285</ele><time>2024-05-22T17:52:05.004Z</time></trkpt><trkpt lat="37.762707" lon="-122.435200"><ele>48.233</ele><time>2024-05-22T17:52:06.004Z</time></trkpt><trkpt lat="37.762644" lon="-122.435196"><ele>48.214</ele><time>2024-05-22T17:52:07.004Z</time></trkpt><trkpt lat="37.762582" lon="-122.435195"><ele>48.157</ele><time>2024-05-22T17:52:08.004Z</time></trkpt><trkpt lat="37.762520" lon="-122.435192"><ele>48.100</ele><time>2024-05-22T17:52:09.004Z</time></trkpt><trkpt lat="37.762459" lon="-122.435189"><ele>48.120</ele><time>2024-05-22T17:52:10.004Z</time></trkpt><trkpt lat="37.762402" lon="-122.435189"><ele>47.309</ele><time>2024-05-22T17:52:11.004Z</time></trkpt><trkpt lat="37.762347" lon="-122.435179"><ele>46.946</ele><time>2024-05-22T17:52:12.004Z</time></trkpt><trkpt lat="37.762282" lon="-122.435176"><ele>46.362</ele><time>2024-05-22T17:52:13.004Z</time></trkpt><trkpt lat="37.762219" lon="-122.435173"><ele>46.216</ele><time>2024-05-22T17:52:14.004Z</time></trkpt><trkpt lat="37.762159" lon="-122.435160"><ele>45.791</ele><time>2024-05-22T17:52:15.004Z</time></trkpt><trkpt lat="37.762113" lon="-122.435155"><ele>45.669</ele><time>2024-05-22T17:52:16.004Z</time></trkpt><trkpt lat="37.762029" lon="-122.435159"><ele>45.590</ele><time>2024-05-22T17:52:18.004Z</time></trkpt><trkpt lat="37.761968" lon="-122.435147"><ele>45.271</ele><time>2024-05-22T17:52:19.004Z</time></trkpt><trkpt lat="37.761880" lon="-122.435131"><ele>43.789</ele><time>2024-05-22T17:52:20.004Z</time></trkpt><trkpt lat="37.761804" lon="-122.435124"><ele>43.410</ele><time>2024-05-22T17:52:21.004Z</time></trkpt><trkpt lat="37.761737" lon="-122.435113"><ele>43.454</ele><time>2024-05-22T17:52:22.004Z</time></trkpt><trkpt lat="37.761671" lon="-122.435098"><ele>42.956</ele><time>2024-05-22T17:52:23.004Z</time></trkpt><trkpt lat="37.761605" lon="-122.435090"><ele>42.511</ele><time>2024-05-22T17:52:24.004Z</time></trkpt><trkpt lat="37.761525" lon="-122.435078"><ele>42.209</ele><time>2024-05-22T17:52:25.004Z</time></trkpt><trkpt lat="37.761457" lon="-122.435068"><ele>42.266</ele><time>2024-05-22T17:52:26.004Z</time></trkpt><trkpt lat="37.761395" lon="-122.435071"><ele>41.672</ele><time>2024-05-22T17:52:27.004Z</time></trkpt><trkpt lat="37.761332" lon="-122.435033"><ele>41.026</ele><time>2024-05-22T17:52:28.004Z</time></trkpt><trkpt lat="37.761238" lon="-122.435027"><ele>40.141</ele><time>2024-05-22T17:52:30.004Z</time></trkpt><trkpt lat="37.761163" lon="-122.435014"><ele>39.489</ele><time>2024-05-22T17:52:32.004Z</time></trkpt><trkpt lat="37.761115" lon="-122.435031"><ele>38.970</ele><time>2024-05-22T17:52:35.004Z</time></trkpt><trkpt lat="37.761072" lon="-122.435007"><ele>39.241</ele><time>2024-05-22T17:53:16.003Z</time></trkpt><trkpt lat="37.761027" lon="-122.435020"><ele>38.829</ele><time>2024-05-22T17:53:22.003Z</time></trkpt><trkpt lat="37.760971" lon="-122.435022"><ele>38.540</ele><time>2024-05-22T17:53:34.003Z</time></trkpt><trkpt lat="37.760920" lon="-122.434984"><ele>38.752</ele><time>2024-05-22T17:53:37.003Z</time></trkpt><trkpt lat="37.760918" lon="-122.434898"><ele>38.953</ele><time>2024-05-22T17:53:39.056Z</time></trkpt><trkpt lat="37.760925" lon="-122.434833"><ele>38.608</ele><time>2024-05-22T17:53:40.056Z</time></trkpt><trkpt lat="37.760928" lon="-122.434772"><ele>38.609</ele><time>2024-05-22T17:53:41.056Z</time></trkpt><trkpt lat="37.760926" lon="-122.434710"><ele>38.476</ele><time>2024-05-22T17:53:42.056Z</time></trkpt><trkpt lat="37.760897" lon="-122.434602"><ele>38.212</ele><time>2024-05-22T17:53:44.056Z</time></trkpt><trkpt lat="37.760893" lon="-122.434545"><ele>38.216</ele><time>2024-05-22T17:53:45.056Z</time></trkpt><trkpt lat="37.760910" lon="-122.434469"><ele>37.761</ele><time>2024-05-22T17:53:46.056Z</time></trkpt><trkpt lat="37.760925" lon="-122.434374"><ele>37.239</ele><time>2024-05-22T17:53:48.056Z</time></trkpt><trkpt lat="37.760932" lon="-122.434270"><ele>37.270</ele><time>2024-05-22T17:53:50.056Z</time></trkpt><trkpt lat="37.760947" lon="-122.434205"><ele>36.311</ele><time>2024-05-22T17:53:53.056Z</time></trkpt><trkpt lat="37.760962" lon="-122.434145"><ele>36.169</ele><time>2024-05-22T17:53:57.056Z</time></trkpt><trkpt lat="37.760969" lon="-122.434045"><ele>35.720</ele><time>2024-05-22T17:54:00.056Z</time></trkpt><trkpt lat="37.760975" lon="-122.433980"><ele>35.682</ele><time>2024-05-22T17:54:01.056Z</time></trkpt><trkpt lat="37.760974" lon="-122.433913"><ele>35.443</ele><time>2024-05-22T17:54:02.056Z</time></trkpt><trkpt lat="37.760976" lon="-122.433840"><ele>35.317</ele><time>2024-05-22T17:54:03.056Z</time></trkpt><trkpt lat="37.760984" lon="-122.433768"><ele>34.809</ele><time>2024-05-22T17:54:04.056Z</time></trkpt><trkpt lat="37.760994" lon="-122.433689"><ele>34.449</ele><time>2024-05-22T17:54:05.056Z</time></trkpt><trkpt lat="37.761001" lon="-122.433590"><ele>33.985</ele><time>2024-05-22T17:54:06.056Z</time></trkpt><trkpt lat="37.761005" lon="-122.433506"><ele>33.929</ele><time>2024-05-22T17:54:07.056Z</time></trkpt><trkpt lat="37.761011" lon="-122.433409"><ele>33.344</ele><time>2024-05-22T17:54:08.056Z</time></trkpt><trkpt lat="37.761010" lon="-122.433327"><ele>32.972</ele><time>2024-05-22T17:54:09.056Z</time></trkpt><trkpt lat="37.761011" lon="-122.433255"><ele>32.683</ele><time>2024-05-22T17:54:10.056Z</time></trkpt><trkpt lat="37.761023" lon="-122.433192"><ele>31.794</ele><time>2024-05-22T17:54:11.056Z</time></trkpt><trkpt lat="37.761030" lon="-122.433130"><ele>31.222</ele><time>2024-05-22T17:54:12.056Z</time></trkpt><trkpt lat="37.761030" lon="-122.433066"><ele>31.263</ele><time>2024-05-22T17:54:13.056Z</time></trkpt><trkpt lat="37.761002" lon="-122.433008"><ele>31.241</ele><time>2024-05-22T17:54:24.056Z</time></trkpt><trkpt lat="37.761003" lon="-122.432929"><ele>31.281</ele><time>2024-05-22T17:54:26.056Z</time></trkpt><trkpt lat="37.761025" lon="-122.432813"><ele>31.209</ele><time>2024-05-22T17:54:28.056Z</time></trkpt><trkpt lat="37.761015" lon="-122.432746"><ele>31.209</ele><time>2024-05-22T17:54:29.056Z</time></trkpt><trkpt lat="37.761025" lon="-122.432670"><ele>31.185</ele><time>2024-05-22T17:54:30.056Z</time></trkpt><trkpt lat="37.761031" lon="-122.432591"><ele>31.181</ele><time>2024-05-22T17:54:31.056Z</time></trkpt><trkpt lat="37.761040" lon="-122.432505"><ele>31.035</ele><time>2024-05-22T17:54:32.056Z</time></trkpt><trkpt lat="37.761018" lon="-122.432404"><ele>30.770</ele><time>2024-05-22T17:54:33.056Z</time></trkpt><trkpt lat="37.761025" lon="-122.432291"><ele>30.578</ele><time>2024-05-22T17:54:34.056Z</time></trkpt><trkpt lat="37.761031" lon="-122.432187"><ele>30.369</ele><time>2024-05-22T17:54:35.056Z</time></trkpt><trkpt lat="37.761037" lon="-122.432085"><ele>30.180</ele><time>2024-05-22T17:54:36.056Z</time></trkpt><trkpt lat="37.761043" lon="-122.431987"><ele>29.698</ele><time>2024-05-22T17:54:37.056Z</time></trkpt><trkpt lat="37.761050" lon="-122.431870"><ele>29.169</ele><time>2024-05-22T17:54:38.056Z</time></trkpt><trkpt lat="37.761056" lon="-122.431765"><ele>29.085</ele><time>2024-05-22T17:54:39.056Z</time></trkpt><trkpt lat="37.761062" lon="-122.431661"><ele>28.789</ele><time>2024-05-22T17:54:40.056Z</time></trkpt><trkpt lat="37.761068" lon="-122.431566"><ele>28.217</ele><time>2024-05-22T17:54:41.056Z</time></trkpt><trkpt lat="37.761074" lon="-122.431470"><ele>27.909</ele><time>2024-05-22T17:54:42.056Z</time></trkpt><trkpt lat="37.761080" lon="-122.431375"><ele>27.829</ele><time>2024-05-22T17:54:43.056Z</time></trkpt><trkpt lat="37.761085" lon="-122.431285"><ele>27.515</ele><time>2024-05-22T17:54:44.056Z</time></trkpt><trkpt lat="37.761090" lon="-122.431195"><ele>27.059</ele><time>2024-05-22T17:54:45.056Z</time></trkpt><trkpt lat="37.761095" lon="-122.431105"><ele>26.864</ele><time>2024-05-22T17:54:46.056Z</time></trkpt><trkpt lat="37.761100" lon="-122.431022"><ele>26.732</ele><time>2024-05-22T17:54:47.056Z</time></trkpt><trkpt lat="37.761105" lon="-122.430945"><ele>26.433</ele><time>2024-05-22T17:54:48.056Z</time></trkpt><trkpt lat="37.761109" lon="-122.430880"><ele>26.324</ele><time>2024-05-22T17:54:49.056Z</time></trkpt><trkpt lat="37.761114" lon="-122.430798"><ele>26.032</ele><time>2024-05-22T17:54:51.056Z</time></trkpt><trkpt lat="37.761132" lon="-122.430732"><ele>25.553</ele><time>2024-05-22T17:54:53.056Z</time></trkpt><trkpt lat="37.761068" lon="-122.430655"><ele>25.369</ele><time>2024-05-22T17:54:55.056Z</time></trkpt><trkpt lat="37.761027" lon="-122.430594"><ele>25.304</ele><time>2024-05-22T17:54:56.056Z</time></trkpt><trkpt lat="37.760972" lon="-122.430592"><ele>25.324</ele><time>2024-05-22T17:54:57.056Z</time></trkpt><trkpt lat="37.760919" lon="-122.430587"><ele>25.809</ele><time>2024-05-22T17:54:58.056Z</time></trkpt><trkpt lat="37.760861" lon="-122.430582"><ele>26.637</ele><time>2024-05-22T17:54:59.056Z</time></trkpt><trkpt lat="37.760802" lon="-122.430576"><ele>28.263</ele><time>2024-05-22T17:55:00.056Z</time></trkpt><trkpt lat="37.760747" lon="-122.430571"><ele>30.067</ele><time>2024-05-22T17:55:01.056Z</time></trkpt><trkpt lat="37.760700" lon="-122.430567"><ele>30.952</ele><time>2024-05-22T17:55:02.056Z</time></trkpt><trkpt lat="37.760644" lon="-122.430562"><ele>32.510</ele><time>2024-05-22T17:55:03.056Z</time></trkpt><trkpt lat="37.760585" lon="-122.430582"><ele>33.241</ele><time>2024-05-22T17:55:04.056Z</time></trkpt><trkpt lat="37.760527" lon="-122.430575"><ele>35.062</ele><time>2024-05-22T17:55:05.056Z</time></trkpt><trkpt lat="37.760472" lon="-122.430570"><ele>36.630</ele><time>2024-05-22T17:55:06.056Z</time></trkpt><trkpt lat="37.760414" lon="-122.430563"><ele>37.051</ele><time>2024-05-22T17:55:07.056Z</time></trkpt><trkpt lat="37.760363" lon="-122.430551"><ele>38.926</ele><time>2024-05-22T17:55:08.056Z</time></trkpt><trkpt lat="37.760308" lon="-122.430544"><ele>39.347</ele><time>2024-05-22T17:55:09.056Z</time></trkpt><trkpt lat="37.760248" lon="-122.430533"><ele>40.411</ele><time>2024-05-22T17:55:10.056Z</time></trkpt><trkpt lat="37.760195" lon="-122.430525"><ele>41.809</ele><time>2024-05-22T17:55:11.056Z</time></trkpt><trkpt lat="37.760138" lon="-122.430521"><ele>42.973</ele><time>2024-05-22T17:55:12.056Z</time></trkpt><trkpt lat="37.760083" lon="-122.430514"><ele>44.599</ele><time>2024-05-22T17:55:13.056Z</time></trkpt><trkpt lat="37.760028" lon="-122.430508"><ele>45.433</ele><time>2024-05-22T17:55:14.056Z</time></trkpt><trkpt lat="37.759970" lon="-122.430508"><ele>46.638</ele><time>2024-05-22T17:55:15.056Z</time></trkpt><trkpt lat="37.759916" lon="-122.430507"><ele>48.666</ele><time>2024-05-22T17:55:16.056Z</time></trkpt><trkpt lat="37.759857" lon="-122.430499"><ele>49.117</ele><time>2024-05-22T17:55:17.056Z</time></trkpt><trkpt lat="37.759800" lon="-122.430480"><ele>51.238</ele><time>2024-05-22T17:55:18.056Z</time></trkpt><trkpt lat="37.759747" lon="-122.430482"><ele>52.496</ele><time>2024-05-22T17:55:19.056Z</time></trkpt><trkpt lat="37.759699" lon="-122.430486"><ele>53.637</ele><time>2024-05-22T17:55:20.056Z</time></trkpt><trkpt lat="37.759631" lon="-122.430483"><ele>54.486</ele><time>2024-05-22T17:55:22.056Z</time></trkpt><trkpt lat="37.759591" lon="-122.430437"><ele>55.160</ele><time>2024-05-22T17:55:24.056Z</time></trkpt><trkpt lat="37.759565" lon="-122.430361"><ele>55.926</ele><time>2024-05-22T17:55:26.056Z</time></trkpt><trkpt lat="37.759564" lon="-122.430293"><ele>56.509</ele><time>2024-05-22T17:55:27.056Z</time></trkpt><trkpt lat="37.759566" lon="-122.430216"><ele>56.939</ele><time>2024-05-22T17:55:28.056Z</time></trkpt><trkpt lat="37.759575" lon="-122.430136"><ele>57.775</ele><time>2024-05-22T17:55:29.056Z</time></trkpt><trkpt lat="37.759580" lon="-122.430046"><ele>57.849</ele><time>2024-05-22T17:55:30.056Z</time></trkpt><trkpt lat="37.759587" lon="-122.429951"><ele>57.444</ele><time>2024-05-22T17:55:31.056Z</time></trkpt><trkpt lat="37.759592" lon="-122.429863"><ele>57.632</ele><time>2024-05-22T17:55:32.056Z</time></trkpt><trkpt lat="37.759598" lon="-122.429771"><ele>57.133</ele><time>2024-05-22T17:55:33.056Z</time></trkpt><trkpt lat="37.759600" lon="-122.429686"><ele>56.434</ele><time>2024-05-22T17:55:34.056Z</time></trkpt><trkpt lat="37.759608" lon="-122.429599"><ele>56.062</ele><time>2024-05-22T17:55:35.056Z</time></trkpt><trkpt lat="37.759619" lon="-122.429524"><ele>55.743</ele><time>2024-05-22T17:55:36.056Z</time></trkpt><trkpt lat="37.759629" lon="-122.429445"><ele>55.472</ele><time>2024-05-22T17:55:37.056Z</time></trkpt><trkpt lat="37.759637" lon="-122.429361"><ele>55.013</ele><time>2024-05-22T17:55:38.056Z</time></trkpt><trkpt lat="37.759642" lon="-122.429276"><ele>54.114</ele><time>2024-05-22T17:55:39.056Z</time></trkpt><trkpt lat="37.759651" lon="-122.429191"><ele>53.509</ele><time>2024-05-22T17:55:40.056Z</time></trkpt><trkpt lat="37.759659" lon="-122.429105"><ele>52.768</ele><time>2024-05-22T17:55:41.056Z</time></trkpt><trkpt lat="37.759658" lon="-122.429031"><ele>52.524</ele><time>2024-05-22T17:55:42.056Z</time></trkpt><trkpt lat="37.759664" lon="-122.428968"><ele>51.398</ele><time>2024-05-22T17:55:43.056Z</time></trkpt><trkpt lat="37.759673" lon="-122.428898"><ele>49.213</ele><time>2024-05-22T17:55:44.057Z</time></trkpt><trkpt lat="37.759676" lon="-122.428829"><ele>48.961</ele><time>2024-05-22T17:55:45.057Z</time></trkpt><trkpt lat="37.759679" lon="-122.428765"><ele>47.612</ele><time>2024-05-22T17:55:46.057Z</time></trkpt><trkpt lat="37.759695" lon="-122.428708"><ele>46.663</ele><time>2024-05-22T17:55:47.057Z</time></trkpt><trkpt lat="37.759698" lon="-122.428645"><ele>45.411</ele><time>2024-05-22T17:55:48.057Z</time></trkpt><trkpt lat="37.759702" lon="-122.428583"><ele>45.182</ele><time>2024-05-22T17:55:49.057Z</time></trkpt><trkpt lat="37.759702" lon="-122.428521"><ele>44.911</ele><time>2024-05-22T17:55:50.057Z</time></trkpt><trkpt lat="37.759703" lon="-122.428443"><ele>44.621</ele><time>2024-05-22T17:55:52.057Z</time></trkpt><trkpt lat="37.759660" lon="-122.428352"><ele>44.003</ele><time>2024-05-22T17:55:55.057Z</time></trkpt><trkpt lat="37.759614" lon="-122.428319"><ele>43.109</ele><time>2024-05-22T17:55:56.057Z</time></trkpt><trkpt lat="37.759562" lon="-122.428302"><ele>43.182</ele><time>2024-05-22T17:55:57.057Z</time></trkpt><trkpt lat="37.759500" lon="-122.428289"><ele>43.138</ele><time>2024-05-22T17:55:58.057Z</time></trkpt><trkpt lat="37.759433" lon="-122.428270"><ele>43.262</ele><time>2024-05-22T17:55:59.057Z</time></trkpt><trkpt lat="37.759368" lon="-122.428271"><ele>43.457</ele><time>2024-05-22T17:56:00.057Z</time></trkpt><trkpt lat="37.759321" lon="-122.428265"><ele>44.295</ele><time>2024-05-22T17:56:01.057Z</time></trkpt><trkpt lat="37.759251" lon="-122.428252"><ele>44.526</ele><time>2024-05-22T17:56:02.057Z</time></trkpt><trkpt lat="37.759189" lon="-122.428249"><ele>44.517</ele><time>2024-05-22T17:56:03.057Z</time></trkpt><trkpt lat="37.759124" lon="-122.428244"><ele>44.575</ele><time>2024-05-22T17:56:04.057Z</time></trkpt><trkpt lat="37.759057" lon="-122.428226"><ele>44.516</ele><time>2024-05-22T17:56:05.057Z</time></trkpt><trkpt lat="37.758989" lon="-122.428221"><ele>45.418</ele><time>2024-05-22T17:56:06.057Z</time></trkpt><trkpt lat="37.758908" lon="-122.428220"><ele>45.698</ele><time>2024-05-22T17:56:07.057Z</time></trkpt><trkpt lat="37.758826" lon="-122.428208"><ele>45.717</ele><time>2024-05-22T17:56:08.057Z</time></trkpt><trkpt lat="37.758739" lon="-122.428201"><ele>45.809</ele><time>2024-05-22T17:56:09.057Z</time></trkpt><trkpt lat="37.758650" lon="-122.428201"><ele>45.872</ele><time>2024-05-22T17:56:10.057Z</time></trkpt><trkpt lat="37.758567" lon="-122.428187"><ele>45.898</ele><time>2024-05-22T17:56:11.057Z</time></trkpt><trkpt lat="37.758483" lon="-122.428187"><ele>46.422</ele><time>2024-05-22T17:56:12.057Z</time></trkpt><trkpt lat="37.758415" lon="-122.428182"><ele>46.927</ele><time>2024-05-22T17:56:13.057Z</time></trkpt><trkpt lat="37.758351" lon="-122.428176"><ele>47.115</ele><time>2024-05-22T17:56:14.057Z</time></trkpt><trkpt lat="37.758298" lon="-122.428177"><ele>47.086</ele><time>2024-05-22T17:56:15.057Z</time></trkpt><trkpt lat="37.758220" lon="-122.428169"><ele>47.377</ele><time>2024-05-22T17:56:17.057Z</time></trkpt><trkpt lat="37.758175" lon="-122.428155"><ele>47.375</ele><time>2024-05-22T17:56:19.057Z</time></trkpt><trkpt lat="37.758122" lon="-122.428125"><ele>47.556</ele><time>2024-05-22T17:56:21.057Z</time></trkpt><trkpt lat="37.758093" lon="-122.428054"><ele>47.391</ele><time>2024-05-22T17:56:23.057Z</time></trkpt><trkpt lat="37.758106" lon="-122.427992"><ele>47.581</ele><time>2024-05-22T17:56:27.057Z</time></trkpt><trkpt lat="37.758101" lon="-122.427932"><ele>47.419</ele><time>2024-05-22T17:56:29.057Z</time></trkpt><trkpt lat="37.758108" lon="-122.427757"><ele>47.109</ele><time>2024-05-22T17:56:31.057Z</time></trkpt><trkpt lat="37.758110" lon="-122.427683"><ele>46.850</ele><time>2024-05-22T17:56:33.057Z</time></trkpt><trkpt lat="37.758073" lon="-122.427646"><ele>46.696</ele><time>2024-05-22T17:56:37.057Z</time></trkpt><trkpt lat="37.758076" lon="-122.427586"><ele>46.640</ele><time>2024-05-22T17:56:44.057Z</time></trkpt><trkpt lat="37.758118" lon="-122.427538"><ele>46.525</ele><time>2024-05-22T17:57:14.057Z</time></trkpt><trkpt lat="37.758175" lon="-122.427579"><ele>46.543</ele><time>2024-05-22T17:57:27.057Z</time></trkpt><trkpt lat="37.758228" lon="-122.427558"><ele>46.544</ele><time>2024-05-22T17:58:28.058Z</time></trkpt><trkpt lat="37.758287" lon="-122.427555"><ele>45.785</ele><time>2024-05-22T17:59:11.058Z</time></trkpt><trkpt lat="37.758293" lon="-122.427615"><ele>45.723</ele><time>2024-05-22T18:01:13.058Z</time></trkpt><trkpt lat="37.758219" lon="-122.427638"><ele>45.194</ele><time>2024-05-22T18:01:38.058Z</time></trkpt><trkpt lat="37.758166" lon="-122.427659"><ele>45.182</ele><time>2024-05-22T18:02:08.059Z</time></trkpt><trkpt lat="37.758122" lon="-122.427633"><ele>45.743</ele><time>2024-05-22T18:02:20.059Z</time></trkpt><trkpt lat="37.758088" lon="-122.427595"><ele>46.217</ele><time>2024-05-22T18:02:27.059Z</time></trkpt><trkpt lat="37.758133" lon="-122.427614"><ele>46.309</ele><time>2024-05-22T18:03:22.059Z</time></trkpt><trkpt lat="37.758154" lon="-122.427526"><ele>46.389</ele><time>2024-05-22T18:03:48.059Z</time></trkpt><trkpt lat="37.758190" lon="-122.427491"><ele>46.255</ele><time>2024-05-22T18:03:51.059Z</time></trkpt><trkpt lat="37.758207" lon="-122.427436"><ele>46.059</ele><time>2024-05-22T18:03:53.059Z</time></trkpt><trkpt lat="37.758201" lon="-122.427326"><ele>45.874</ele><time>2024-05-22T18:03:55.059Z</time></trkpt><trkpt lat="37.758206" lon="-122.427246"><ele>44.692</ele><time>2024-05-22T18:03:56.059Z</time></trkpt><trkpt lat="37.758201" lon="-122.427178"><ele>44.513</ele><time>2024-05-22T18:03:57.059Z</time></trkpt><trkpt lat="37.758216" lon="-122.427062"><ele>43.644</ele><time>2024-05-22T18:03:59.059Z</time></trkpt><trkpt lat="37.758221" lon="-122.426965"><ele>43.162</ele><time>2024-05-22T18:04:00.059Z</time></trkpt><trkpt lat="37.758225" lon="-122.426852"><ele>42.653</ele><time>2024-05-22T18:04:01.059Z</time></trkpt><trkpt lat="37.758227" lon="-122.426775"><ele>42.211</ele><time>2024-05-22T18:04:02.059Z</time></trkpt><trkpt lat="37.758230" lon="-122.426675"><ele>41.421</ele><time>2024-05-22T18:04:03.059Z</time></trkpt><trkpt lat="37.758235" lon="-122.426588"><ele>40.903</ele><time>2024-05-22T18:04:04.059Z</time></trkpt><trkpt lat="37.758239" lon="-122.426521"><ele>40.809</ele><time>2024-05-22T18:04:05.059Z</time></trkpt><trkpt lat="37.758249" lon="-122.426460"><ele>40.472</ele><time>2024-05-22T18:04:06.060Z</time></trkpt><trkpt lat="37.758261" lon="-122.426336"><ele>39.998</ele><time>2024-05-22T18:04:08.060Z</time></trkpt><trkpt lat="37.758173" lon="-122.426255"><ele>39.342</ele><time>2024-05-22T18:04:09.060Z</time></trkpt><trkpt lat="37.758178" lon="-122.426172"><ele>39.017</ele><time>2024-05-22T18:04:10.060Z</time></trkpt><trkpt lat="37.758184" lon="-122.426065"><ele>38.875</ele><time>2024-05-22T18:04:11.060Z</time></trkpt><trkpt lat="37.758191" lon="-122.425949"><ele>38.836</ele><time>2024-05-22T18:04:12.060Z</time></trkpt><trkpt lat="37.758200" lon="-122.425813"><ele>38.617</ele><time>2024-05-22T18:04:13.060Z</time></trkpt><trkpt lat="37.758205" lon="-122.425699"><ele>39.075</ele><time>2024-05-22T18:04:14.060Z</time></trkpt><trkpt lat="37.758212" lon="-122.425594"><ele>39.046</ele><time>2024-05-22T18:04:15.060Z</time></trkpt><trkpt lat="37.758219" lon="-122.425488"><ele>38.728</ele><time>2024-05-22T18:04:16.060Z</time></trkpt><trkpt lat="37.758225" lon="-122.425389"><ele>37.789</ele><time>2024-05-22T18:04:17.060Z</time></trkpt><trkpt lat="37.758231" lon="-122.425303"><ele>36.517</ele><time>2024-05-22T18:04:18.060Z</time></trkpt><trkpt lat="37.758237" lon="-122.425215"><ele>36.409</ele><time>2024-05-22T18:04:19.060Z</time></trkpt><trkpt lat="37.758243" lon="-122.425116"><ele>35.813</ele><time>2024-05-22T18:04:20.060Z</time></trkpt><trkpt lat="37.758249" lon="-122.425024"><ele>35.359</ele><time>2024-05-22T18:04:21.060Z</time></trkpt><trkpt lat="37.758255" lon="-122.424935"><ele>34.953</ele><time>2024-05-22T18:04:22.060Z</time></trkpt><trkpt lat="37.758262" lon="-122.424833"><ele>34.768</ele><time>2024-05-22T18:04:23.060Z</time></trkpt><trkpt lat="37.758268" lon="-122.424739"><ele>33.936</ele><time>2024-05-22T18:04:24.060Z</time></trkpt><trkpt lat="37.758274" lon="-122.424652"><ele>32.867</ele><time>2024-05-22T18:04:25.060Z</time></trkpt><trkpt lat="37.758280" lon="-122.424563"><ele>32.278</ele><time>2024-05-22T18:04:26.060Z</time></trkpt><trkpt lat="37.758286" lon="-122.424476"><ele>31.756</ele><time>2024-05-22T18:04:27.060Z</time></trkpt><trkpt lat="37.758293" lon="-122.424374"><ele>31.127</ele><time>2024-05-22T18:04:28.060Z</time></trkpt><trkpt lat="37.758299" lon="-122.424281"><ele>30.773</ele><time>2024-05-22T18:04:29.060Z</time></trkpt><trkpt lat="37.758304" lon="-122.424201"><ele>30.285</ele><time>2024-05-22T18:04:30.060Z</time></trkpt><trkpt lat="37.758309" lon="-122.424128"><ele>29.413</ele><time>2024-05-22T18:04:31.060Z</time></trkpt><trkpt lat="37.758314" lon="-122.424059"><ele>28.909</ele><time>2024-05-22T18:04:32.060Z</time></trkpt><trkpt lat="37.758312" lon="-122.423978"><ele>28.388</ele><time>2024-05-22T18:04:33.060Z</time></trkpt><trkpt lat="37.758317" lon="-122.423882"><ele>27.854</ele><time>2024-05-22T18:04:35.060Z</time></trkpt><trkpt lat="37.758324" lon="-122.423797"><ele>27.548</ele><time>2024-05-22T18:04:37.060Z</time></trkpt><trkpt lat="37.758327" lon="-122.423739"><ele>27.353</ele><time>2024-05-22T18:04:40.060Z</time></trkpt><trkpt lat="37.758339" lon="-122.423678"><ele>27.391</ele><time>2024-05-22T18:05:19.060Z</time></trkpt><trkpt lat="37.758343" lon="-122.423621"><ele>27.252</ele><time>2024-05-22T18:05:23.060Z</time></trkpt><trkpt lat="37.758349" lon="-122.423525"><ele>26.913</ele><time>2024-05-22T18:05:25.060Z</time></trkpt><trkpt lat="37.758353" lon="-122.423419"><ele>26.861</ele><time>2024-05-22T18:05:27.060Z</time></trkpt><trkpt lat="37.758358" lon="-122.423330"><ele>26.612</ele><time>2024-05-22T18:05:29.060Z</time></trkpt><trkpt lat="37.758368" lon="-122.423265"><ele>26.418</ele><time>2024-05-22T18:05:31.060Z</time></trkpt><trkpt lat="37.758322" lon="-122.423243"><ele>26.598</ele><time>2024-05-22T18:05:50.060Z</time></trkpt><trkpt lat="37.758398" lon="-122.423281"><ele>26.517</ele><time>2024-05-22T18:06:07.060Z</time></trkpt><trkpt lat="37.758349" lon="-122.423310"><ele>26.509</ele><time>2024-05-22T18:06:51.061Z</time></trkpt><trkpt lat="37.758369" lon="-122.423243"><ele>26.522</ele><time>2024-05-22T18:07:08.061Z</time></trkpt><trkpt lat="37.758385" lon="-122.423160"><ele>26.548</ele><time>2024-05-22T18:07:10.061Z</time></trkpt><trkpt lat="37.758384" lon="-122.423055"><ele>25.752</ele><time>2024-05-22T18:07:12.061Z</time></trkpt><trkpt lat="37.758424" lon="-122.423011"><ele>25.527</ele><time>2024-05-22T18:07:13.061Z</time></trkpt><trkpt lat="37.758466" lon="-122.422958"><ele>25.545</ele><time>2024-05-22T18:07:14.061Z</time></trkpt><trkpt lat="37.758488" lon="-122.422903"><ele>25.776</ele><time>2024-05-22T18:07:15.061Z</time></trkpt><trkpt lat="37.758493" lon="-122.422842"><ele>25.567</ele><time>2024-05-22T18:07:16.061Z</time></trkpt><trkpt lat="37.758487" lon="-122.422784"><ele>25.465</ele><time>2024-05-22T18:07:17.061Z</time></trkpt><trkpt lat="37.758571" lon="-122.422682"><ele>24.966</ele><time>2024-05-22T18:07:18.061Z</time></trkpt><trkpt lat="37.758564" lon="-122.422572"><ele>24.374</ele><time>2024-05-22T18:07:19.061Z</time></trkpt><trkpt lat="37.758407" lon="-122.422458"><ele>23.656</ele><time>2024-05-22T18:07:20.061Z</time></trkpt><trkpt lat="37.758412" lon="-122.422379"><ele>23.221</ele><time>2024-05-22T18:07:21.061Z</time></trkpt><trkpt lat="37.758417" lon="-122.422290"><ele>22.709</ele><time>2024-05-22T18:07:22.061Z</time></trkpt><trkpt lat="37.758421" lon="-122.422221"><ele>22.638</ele><time>2024-05-22T18:07:23.061Z</time></trkpt><trkpt lat="37.758425" lon="-122.422154"><ele>22.574</ele><time>2024-05-22T18:07:24.061Z</time></trkpt><trkpt lat="37.758429" lon="-122.422086"><ele>21.968</ele><time>2024-05-22T18:07:25.061Z</time></trkpt><trkpt lat="37.758434" lon="-122.422000"><ele>21.933</ele><time>2024-05-22T18:07:26.061Z</time></trkpt><trkpt lat="37.758438" lon="-122.421922"><ele>21.911</ele><time>2024-05-22T18:07:27.061Z</time></trkpt><trkpt lat="37.758585" lon="-122.421866"><ele>21.242</ele><time>2024-05-22T18:07:28.061Z</time></trkpt><trkpt lat="37.758574" lon="-122.421801"><ele>21.223</ele><time>2024-05-22T18:07:29.061Z</time></trkpt><trkpt lat="37.758564" lon="-122.421734"><ele>20.931</ele><time>2024-05-22T18:07:30.061Z</time></trkpt><trkpt lat="37.758564" lon="-122.421671"><ele>20.652</ele><time>2024-05-22T18:07:31.061Z</time></trkpt><trkpt lat="37.758565" lon="-122.421604"><ele>20.616</ele><time>2024-05-22T18:07:32.061Z</time></trkpt><trkpt lat="37.758567" lon="-122.421534"><ele>20.576</ele><time>2024-05-22T18:07:33.061Z</time></trkpt><trkpt lat="37.758563" lon="-122.421462"><ele>20.313</ele><time>2024-05-22T18:07:35.061Z</time></trkpt><trkpt lat="37.758555" lon="-122.421405"><ele>20.309</ele><time>2024-05-22T18:07:37.061Z</time></trkpt><trkpt lat="37.758552" lon="-122.421338"><ele>20.212</ele><time>2024-05-22T18:07:40.061Z</time></trkpt><trkpt lat="37.758592" lon="-122.421303"><ele>20.078</ele><time>2024-05-22T18:07:44.061Z</time></trkpt><trkpt lat="37.758666" lon="-122.421313"><ele>19.912</ele><time>2024-05-22T18:07:46.061Z</time></trkpt><trkpt lat="37.758727" lon="-122.421314"><ele>19.767</ele><time>2024-05-22T18:07:47.061Z</time></trkpt><trkpt lat="37.758805" lon="-122.421296"><ele>19.665</ele><time>2024-05-22T18:07:48.061Z</time></trkpt><trkpt lat="37.759039" lon="-122.421308"><ele>19.376</ele><time>2024-05-22T18:07:49.061Z</time></trkpt><trkpt lat="37.759107" lon="-122.421312"><ele>19.247</ele><time>2024-05-22T18:07:50.061Z</time></trkpt><trkpt lat="37.759157" lon="-122.421319"><ele>19.145</ele><time>2024-05-22T18:07:51.061Z</time></trkpt><trkpt lat="37.759206" lon="-122.421327"><ele>19.286</ele><time>2024-05-22T18:07:52.061Z</time></trkpt><trkpt lat="37.759262" lon="-122.421326"><ele>19.184</ele><time>2024-05-22T18:07:53.061Z</time></trkpt><trkpt lat="37.759343" lon="-122.421320"><ele>18.907</ele><time>2024-05-22T18:07:55.061Z</time></trkpt><trkpt lat="37.759414" lon="-122.421321"><ele>18.717</ele><time>2024-05-22T18:07:57.061Z</time></trkpt><trkpt lat="37.759464" lon="-122.421320"><ele>18.109</ele><time>2024-05-22T18:07:58.061Z</time></trkpt><trkpt lat="37.759545" lon="-122.421317"><ele>18.069</ele><time>2024-05-22T18:08:00.061Z</time></trkpt><trkpt lat="37.759643" lon="-122.421322"><ele>18.025</ele><time>2024-05-22T18:08:02.061Z</time></trkpt><trkpt lat="37.759719" lon="-122.421341"><ele>18.059</ele><time>2024-05-22T18:08:04.061Z</time></trkpt><trkpt lat="37.759798" lon="-122.421357"><ele>17.964</ele><time>2024-05-22T18:08:06.061Z</time></trkpt><trkpt lat="37.759871" lon="-122.421373"><ele>17.572</ele><time>2024-05-22T18:08:09.061Z</time></trkpt><trkpt lat="37.759924" lon="-122.421357"><ele>17.063</ele><time>2024-05-22T18:08:12.061Z</time></trkpt><trkpt lat="37.759972" lon="-122.421370"><ele>17.144</ele><time>2024-05-22T18:08:22.062Z</time></trkpt><trkpt lat="37.760024" lon="-122.421375"><ele>17.122</ele><time>2024-05-22T18:08:27.062Z</time></trkpt><trkpt lat="37.760115" lon="-122.421391"><ele>17.153</ele><time>2024-05-22T18:08:29.062Z</time></trkpt><trkpt lat="37.760167" lon="-122.421398"><ele>17.182</ele><time>2024-05-22T18:08:30.062Z</time></trkpt><trkpt lat="37.760223" lon="-122.421404"><ele>17.143</ele><time>2024-05-22T18:08:31.062Z</time></trkpt><trkpt lat="37.760280" lon="-122.421416"><ele>17.117</ele><time>2024-05-22T18:08:32.062Z</time></trkpt><trkpt lat="37.760339" lon="-122.421425"><ele>17.409</ele><time>2024-05-22T18:08:33.062Z</time></trkpt><trkpt lat="37.760404" lon="-122.421440"><ele>17.429</ele><time>2024-05-22T18:08:34.062Z</time></trkpt><trkpt lat="37.760469" lon="-122.421454"><ele>17.435</ele><time>2024-05-22T18:08:35.062Z</time></trkpt><trkpt lat="37.760530" lon="-122.421454"><ele>17.239</ele><time>2024-05-22T18:08:36.062Z</time></trkpt><trkpt lat="37.760594" lon="-122.421455"><ele>16.544</ele><time>2024-05-22T18:08:37.062Z</time></trkpt><trkpt lat="37.760669" lon="-122.421471"><ele>16.072</ele><time>2024-05-22T18:08:38.062Z</time></trkpt><trkpt lat="37.760745" lon="-122.421470"><ele>15.923</ele><time>2024-05-22T18:08:39.062Z</time></trkpt><trkpt lat="37.760811" lon="-122.421482"><ele>15.674</ele><time>2024-05-22T18:08:40.062Z</time></trkpt><trkpt lat="37.760872" lon="-122.421495"><ele>15.452</ele><time>2024-05-22T18:08:41.062Z</time></trkpt><trkpt lat="37.760924" lon="-122.421494"><ele>15.343</ele><time>2024-05-22T18:08:42.062Z</time></trkpt><trkpt lat="37.760981" lon="-122.421498"><ele>14.928</ele><time>2024-05-22T18:08:43.062Z</time></trkpt><trkpt lat="37.761040" lon="-122.421506"><ele>14.989</ele><time>2024-05-22T18:08:44.062Z</time></trkpt><trkpt lat="37.761121" lon="-122.421518"><ele>14.917</ele><time>2024-05-22T18:08:46.062Z</time></trkpt><trkpt lat="37.761181" lon="-122.421528"><ele>14.709</ele><time>2024-05-22T18:08:48.062Z</time></trkpt><trkpt lat="37.761228" lon="-122.421533"><ele>14.583</ele><time>2024-05-22T18:08:51.062Z</time></trkpt><trkpt lat="37.761270" lon="-122.421579"><ele>14.659</ele><time>2024-05-22T18:09:03.062Z</time></trkpt><trkpt lat="37.761357" lon="-122.421597"><ele>14.393</ele><time>2024-05-22T18:09:06.062Z</time></trkpt><trkpt lat="37.761410" lon="-122.421607"><ele>14.258</ele><time>2024-05-22T18:09:07.062Z</time></trkpt><trkpt lat="37.761464" lon="-122.421613"><ele>14.196</ele><time>2024-05-22T18:09:08.062Z</time></trkpt><trkpt lat="37.761530" lon="-122.421605"><ele>14.287</ele><time>2024-05-22T18:09:09.062Z</time></trkpt><trkpt lat="37.761585" lon="-122.421608"><ele>14.168</ele><time>2024-05-22T18:09:10.062Z</time></trkpt><trkpt lat="37.761645" lon="-122.421604"><ele>14.176</ele><time>2024-05-22T18:09:11.062Z</time></trkpt><trkpt lat="37.761707" lon="-122.421609"><ele>14.457</ele><time>2024-05-22T18:09:12.062Z</time></trkpt><trkpt lat="37.761774" lon="-122.421616"><ele>14.481</ele><time>2024-05-22T18:09:13.062Z</time></trkpt><trkpt lat="37.761840" lon="-122.421617"><ele>14.461</ele><time>2024-05-22T18:09:14.062Z</time></trkpt><trkpt lat="37.761904" lon="-122.421618"><ele>14.417</ele><time>2024-05-22T18:09:15.062Z</time></trkpt><trkpt lat="37.761966" lon="-122.421621"><ele>14.409</ele><time>2024-05-22T18:09:16.062Z</time></trkpt><trkpt lat="37.762037" lon="-122.421619"><ele>14.439</ele><time>2024-05-22T18:09:17.062Z</time></trkpt><trkpt lat="37.762097" lon="-122.421626"><ele>14.355</ele><time>2024-05-22T18:09:18.062Z</time></trkpt><trkpt lat="37.762161" lon="-122.421635"><ele>14.369</ele><time>2024-05-22T18:09:19.062Z</time></trkpt><trkpt lat="37.762225" lon="-122.421642"><ele>14.144</ele><time>2024-05-22T18:09:20.062Z</time></trkpt><trkpt lat="37.762289" lon="-122.421640"><ele>14.092</ele><time>2024-05-22T18:09:21.062Z</time></trkpt><trkpt lat="37.762356" lon="-122.421646"><ele>14.063</ele><time>2024-05-22T18:09:22.062Z</time></trkpt><trkpt lat="37.762418" lon="-122.421649"><ele>14.014</ele><time>2024-05-22T18:09:23.062Z</time></trkpt><trkpt lat="37.762473" lon="-122.421651"><ele>14.052</ele><time>2024-05-22T18:09:24.062Z</time></trkpt><trkpt lat="37.762532" lon="-122.421649"><ele>14.113</ele><time>2024-05-22T18:09:25.062Z</time></trkpt><trkpt lat="37.762577" lon="-122.421653"><ele>14.163</ele><time>2024-05-22T18:09:26.062Z</time></trkpt><trkpt lat="37.762624" lon="-122.421649"><ele>14.244</ele><time>2024-05-22T18:09:29.062Z</time></trkpt><trkpt lat="37.762673" lon="-122.421659"><ele>14.318</ele><time>2024-05-22T18:09:40.062Z</time></trkpt><trkpt lat="37.762735" lon="-122.421662"><ele>14.409</ele><time>2024-05-22T18:09:42.062Z</time></trkpt><trkpt lat="37.762785" lon="-122.421655"><ele>14.737</ele><time>2024-05-22T18:09:43.062Z</time></trkpt><trkpt lat="37.762859" lon="-122.421659"><ele>14.963</ele><time>2024-05-22T18:09:45.062Z</time></trkpt><trkpt lat="37.762907" lon="-122.421644"><ele>14.917</ele><time>2024-05-22T18:09:47.062Z</time></trkpt><trkpt lat="37.762922" lon="-122.421584"><ele>14.932</ele><time>2024-05-22T18:09:49.062Z</time></trkpt><trkpt lat="37.762923" lon="-122.421527"><ele>14.920</ele><time>2024-05-22T18:09:52.062Z</time></trkpt><trkpt lat="37.762943" lon="-122.421464"><ele>14.931</ele><time>2024-05-22T18:09:58.062Z</time></trkpt><trkpt lat="37.762964" lon="-122.421400"><ele>14.822</ele><time>2024-05-22T18:10:02.062Z</time></trkpt><trkpt lat="37.762961" lon="-122.421330"><ele>14.850</ele><time>2024-05-22T18:10:06.062Z</time></trkpt><trkpt lat="37.762971" lon="-122.421273"><ele>14.631</ele><time>2024-05-22T18:10:09.062Z</time></trkpt><trkpt lat="37.762983" lon="-122.421211"><ele>14.567</ele><time>2024-05-22T18:10:13.062Z</time></trkpt><trkpt lat="37.762998" lon="-122.421157"><ele>14.581</ele><time>2024-05-22T18:10:16.062Z</time></trkpt><trkpt lat="37.763013" lon="-122.421100"><ele>14.219</ele><time>2024-05-22T18:10:19.062Z</time></trkpt><trkpt lat="37.763003" lon="-122.421043"><ele>13.909</ele><time>2024-05-22T18:10:23.062Z</time></trkpt><trkpt lat="37.763012" lon="-122.420986"><ele>13.797</ele><time>2024-05-22T18:10:26.062Z</time></trkpt><trkpt lat="37.763019" lon="-122.420917"><ele>13.473</ele><time>2024-05-22T18:10:29.062Z</time></trkpt><trkpt lat="37.763006" lon="-122.420849"><ele>13.297</ele><time>2024-05-22T18:10:32.062Z</time></trkpt><trkpt lat="37.762987" lon="-122.420795"><ele>13.152</ele><time>2024-05-22T18:10:36.062Z</time></trkpt><trkpt lat="37.762976" lon="-122.420733"><ele>13.060</ele><time>2024-05-22T18:10:41.062Z</time></trkpt><trkpt lat="37.762986" lon="-122.420657"><ele>12.981</ele><time>2024-05-22T18:10:44.062Z</time></trkpt><trkpt lat="37.763004" lon="-122.420589"><ele>12.852</ele><time>2024-05-22T18:10:48.062Z</time></trkpt><trkpt lat="37.763024" lon="-122.420521"><ele>12.670</ele><time>2024-05-22T18:10:51.062Z</time></trkpt><trkpt lat="37.763041" lon="-122.420437"><ele>12.581</ele><time>2024-05-22T18:10:55.062Z</time></trkpt><trkpt lat="37.763039" lon="-122.420371"><ele>12.331</ele><time>2024-05-22T18:10:57.062Z</time></trkpt><trkpt lat="37.763053" lon="-122.420309"><ele>12.161</ele><time>2024-05-22T18:11:00.062Z</time></trkpt><trkpt lat="37.763054" lon="-122.420241"><ele>12.107</ele><time>2024-05-22T18:11:03.062Z</time></trkpt><trkpt lat="37.763050" lon="-122.420169"><ele>11.909</ele><time>2024-05-22T18:11:06.062Z</time></trkpt><trkpt lat="37.763038" lon="-122.420113"><ele>11.984</ele><time>2024-05-22T18:11:09.062Z</time></trkpt><trkpt lat="37.763060" lon="-122.420041"><ele>11.840</ele><time>2024-05-22T18:11:11.062Z</time></trkpt><trkpt lat="37.763072" lon="-122.419986"><ele>11.634</ele><time>2024-05-22T18:11:14.062Z</time></trkpt><trkpt lat="37.763075" lon="-122.419891"><ele>11.499</ele><time>2024-05-22T18:11:17.062Z</time></trkpt><trkpt lat="37.763086" lon="-122.419826"><ele>10.937</ele><time>2024-05-22T18:11:19.062Z</time></trkpt><trkpt lat="37.763066" lon="-122.419757"><ele>10.778</ele><time>2024-05-22T18:11:22.062Z</time></trkpt><trkpt lat="37.763072" lon="-122.419678"><ele>10.759</ele><time>2024-05-22T18:11:28.062Z</time></trkpt><trkpt lat="37.763070" lon="-122.419614"><ele>10.777</ele><time>2024-05-22T18:11:31.062Z</time></trkpt><trkpt lat="37.763015" lon="-122.419555"><ele>10.918</ele><time>2024-05-22T18:11:33.062Z</time></trkpt><trkpt lat="37.762969" lon="-122.419536"><ele>11.079</ele><time>2024-05-22T18:11:34.062Z</time></trkpt><trkpt lat="37.762913" lon="-122.419536"><ele>11.005</ele><time>2024-05-22T18:11:35.062Z</time></trkpt><trkpt lat="37.762827" lon="-122.419541"><ele>11.025</ele><time>2024-05-22T18:11:37.062Z</time></trkpt><trkpt lat="37.762783" lon="-122.419555"><ele>11.009</ele><time>2024-05-22T18:11:38.062Z</time></trkpt><trkpt lat="37.762719" lon="-122.419579"><ele>10.238</ele><time>2024-05-22T18:11:40.062Z</time></trkpt><trkpt lat="37.762695" lon="-122.419674"><ele>9.944</ele><time>2024-05-22T18:11:42.062Z</time></trkpt><trkpt lat="37.762695" lon="-122.419732"><ele>10.268</ele><time>2024-05-22T18:11:43.062Z</time></trkpt><trkpt lat="37.762692" lon="-122.419798"><ele>10.563</ele><time>2024-05-22T18:11:44.062Z</time></trkpt><trkpt lat="37.762690" lon="-122.419901"><ele>10.671</ele><time>2024-05-22T18:11:46.062Z</time></trkpt><trkpt lat="37.762691" lon="-122.420016"><ele>11.122</ele><time>2024-05-22T18:11:48.062Z</time></trkpt><trkpt lat="37.762684" lon="-122.420078"><ele>11.253</ele><time>2024-05-22T18:11:49.062Z</time></trkpt><trkpt lat="37.762676" lon="-122.420144"><ele>11.391</ele><time>2024-05-22T18:11:50.062Z</time></trkpt><trkpt lat="37.762653" lon="-122.420249"><ele>11.452</ele><time>2024-05-22T18:11:52.062Z</time></trkpt><trkpt lat="37.762662" lon="-122.420318"><ele>11.412</ele><time>2024-05-22T18:11:53.062Z</time></trkpt><trkpt lat="37.762664" lon="-122.420383"><ele>11.432</ele><time>2024-05-22T18:11:54.062Z</time></trkpt><trkpt lat="37.762667" lon="-122.420444"><ele>11.705</ele><time>2024-05-22T18:11:55.062Z</time></trkpt><trkpt lat="37.762651" lon="-122.420507"><ele>11.909</ele><time>2024-05-22T18:11:56.062Z</time></trkpt><trkpt lat="37.762644" lon="-122.420566"><ele>12.082</ele><time>2024-05-22T18:11:57.062Z</time></trkpt><trkpt lat="37.762642" lon="-122.420631"><ele>12.288</ele><time>2024-05-22T18:11:58.062Z</time></trkpt><trkpt lat="37.762657" lon="-122.420690"><ele>12.582</ele><time>2024-05-22T18:11:59.062Z</time></trkpt><trkpt lat="37.762650" lon="-122.420756"><ele>12.517</ele><time>2024-05-22T18:12:00.062Z</time></trkpt><trkpt lat="37.762652" lon="-122.420822"><ele>12.655</ele><time>2024-05-22T18:12:01.062Z</time></trkpt><trkpt lat="37.762635" lon="-122.420891"><ele>12.696</ele><time>2024-05-22T18:12:02.062Z</time></trkpt><trkpt lat="37.762607" lon="-122.420954"><ele>12.547</ele><time>2024-05-22T18:12:03.062Z</time></trkpt><trkpt lat="37.762607" lon="-122.421018"><ele>12.435</ele><time>2024-05-22T18:12:04.062Z</time></trkpt><trkpt lat="37.762603" lon="-122.421086"><ele>12.696</ele><time>2024-05-22T18:12:05.062Z</time></trkpt><trkpt lat="37.762600" lon="-122.421153"><ele>12.526</ele><time>2024-05-22T18:12:06.062Z</time></trkpt><trkpt lat="37.762597" lon="-122.421211"><ele>12.547</ele><time>2024-05-22T18:12:07.062Z</time></trkpt><trkpt lat="37.762593" lon="-122.421293"><ele>12.611</ele><time>2024-05-22T18:12:09.062Z</time></trkpt><trkpt lat="37.762590" lon="-122.421354"><ele>12.809</ele><time>2024-05-22T18:12:11.062Z</time></trkpt><trkpt lat="37.762587" lon="-122.421413"><ele>13.023</ele><time>2024-05-22T18:12:13.062Z</time></trkpt><trkpt lat="37.762588" lon="-122.421477"><ele>13.199</ele><time>2024-05-22T18:12:24.062Z</time></trkpt><trkpt lat="37.762567" lon="-122.421530"><ele>13.423</ele><time>2024-05-22T18:12:30.063Z</time></trkpt><trkpt lat="37.762571" lon="-122.421602"><ele>13.758</ele><time>2024-05-22T18:12:32.063Z</time></trkpt><trkpt lat="37.762646" lon="-122.421665"><ele>14.096</ele><time>2024-05-22T18:12:34.063Z</time></trkpt><trkpt lat="37.762703" lon="-122.421668"><ele>14.177</ele><time>2024-05-22T18:12:35.063Z</time></trkpt><trkpt lat="37.762757" lon="-122.421670"><ele>14.798</ele><time>2024-05-22T18:12:36.063Z</time></trkpt><trkpt lat="37.762811" lon="-122.421666"><ele>14.816</ele><time>2024-05-22T18:12:37.063Z</time></trkpt><trkpt lat="37.762862" lon="-122.421676"><ele>14.917</ele><time>2024-05-22T18:12:38.063Z</time></trkpt><trkpt lat="37.762923" lon="-122.421675"><ele>14.996</ele><time>2024-05-22T18:12:39.063Z</time></trkpt><trkpt lat="37.762985" lon="-122.421676"><ele>14.831</ele><time>2024-05-22T18:12:40.063Z</time></trkpt><trkpt lat="37.763050" lon="-122.421678"><ele>14.824</ele><time>2024-05-22T18:12:41.063Z</time></trkpt><trkpt lat="37.763119" lon="-122.421684"><ele>14.609</ele><time>2024-05-22T18:12:42.063Z</time></trkpt><trkpt lat="37.763192" lon="-122.421693"><ele>14.660</ele><time>2024-05-22T18:12:43.063Z</time></trkpt><trkpt lat="37.763255" lon="-122.421701"><ele>14.876</ele><time>2024-05-22T18:12:44.063Z</time></trkpt><trkpt lat="37.763320" lon="-122.421704"><ele>15.060</ele><time>2024-05-22T18:12:45.063Z</time></trkpt><trkpt lat="37.763387" lon="-122.421710"><ele>15.125</ele><time>2024-05-22T18:12:46.063Z</time></trkpt><trkpt lat="37.763451" lon="-122.421722"><ele>15.293</ele><time>2024-05-22T18:12:47.063Z</time></trkpt><trkpt lat="37.763518" lon="-122.421734"><ele>15.314</ele><time>2024-05-22T18:12:48.063Z</time></trkpt><trkpt lat="37.763579" lon="-122.421742"><ele>15.465</ele><time>2024-05-22T18:12:49.063Z</time></trkpt><trkpt lat="37.763636" lon="-122.421748"><ele>15.593</ele><time>2024-05-22T18:12:50.063Z</time></trkpt><trkpt lat="37.763688" lon="-122.421743"><ele>15.524</ele><time>2024-05-22T18:12:51.063Z</time></trkpt><trkpt lat="37.763772" lon="-122.421761"><ele>15.591</ele><time>2024-05-22T18:12:53.063Z</time></trkpt><trkpt lat="37.763845" lon="-122.421767"><ele>15.581</ele><time>2024-05-22T18:12:55.063Z</time></trkpt><trkpt lat="37.763902" lon="-122.421770"><ele>15.419</ele><time>2024-05-22T18:12:57.063Z</time></trkpt><trkpt lat="37.763954" lon="-122.421784"><ele>15.409</ele><time>2024-05-22T18:12:59.063Z</time></trkpt><trkpt lat="37.764002" lon="-122.421784"><ele>15.530</ele><time>2024-05-22T18:13:04.063Z</time></trkpt><trkpt lat="37.764080" lon="-122.421808"><ele>15.576</ele><time>2024-05-22T18:13:13.063Z</time></trkpt><trkpt lat="37.764142" lon="-122.421823"><ele>15.530</ele><time>2024-05-22T18:13:15.063Z</time></trkpt><trkpt lat="37.764206" lon="-122.421815"><ele>15.545</ele><time>2024-05-22T18:13:18.063Z</time></trkpt><trkpt lat="37.764250" lon="-122.421830"><ele>15.663</ele><time>2024-05-22T18:13:21.063Z</time></trkpt><trkpt lat="37.764308" lon="-122.421836"><ele>15.624</ele><time>2024-05-22T18:13:23.063Z</time></trkpt><trkpt lat="37.764381" lon="-122.421837"><ele>15.555</ele><time>2024-05-22T18:13:25.063Z</time></trkpt><trkpt lat="37.764446" lon="-122.421848"><ele>15.413</ele><time>2024-05-22T18:13:27.063Z</time></trkpt><trkpt lat="37.764496" lon="-122.421852"><ele>15.454</ele><time>2024-05-22T18:13:29.063Z</time></trkpt><trkpt lat="37.764543" lon="-122.421857"><ele>15.417</ele><time>2024-05-22T18:13:31.063Z</time></trkpt><trkpt lat="37.764646" lon="-122.421878"><ele>15.487</ele><time>2024-05-22T18:14:13.063Z</time></trkpt><trkpt lat="37.764710" lon="-122.421877"><ele>15.415</ele><time>2024-05-22T18:14:17.063Z</time></trkpt><trkpt lat="37.764758" lon="-122.421875"><ele>15.909</ele><time>2024-05-22T18:14:18.063Z</time></trkpt><trkpt lat="37.764849" lon="-122.421878"><ele>15.992</ele><time>2024-05-22T18:14:20.063Z</time></trkpt><trkpt lat="37.764936" lon="-122.421892"><ele>16.178</ele><time>2024-05-22T18:14:22.063Z</time></trkpt><trkpt lat="37.764996" lon="-122.421893"><ele>16.132</ele><time>2024-05-22T18:14:23.063Z</time></trkpt><trkpt lat="37.765074" lon="-122.421897"><ele>16.227</ele><time>2024-05-22T18:14:24.063Z</time></trkpt><trkpt lat="37.765159" lon="-122.421900"><ele>16.245</ele><time>2024-05-22T18:14:25.063Z</time></trkpt><trkpt lat="37.765244" lon="-122.421906"><ele>15.926</ele><time>2024-05-22T18:14:26.063Z</time></trkpt><trkpt lat="37.765327" lon="-122.421908"><ele>15.567</ele><time>2024-05-22T18:14:27.063Z</time></trkpt><trkpt lat="37.765407" lon="-122.421910"><ele>15.255</ele><time>2024-05-22T18:14:28.063Z</time></trkpt><trkpt lat="37.765476" lon="-122.421918"><ele>14.876</ele><time>2024-05-22T18:14:29.063Z</time></trkpt><trkpt lat="37.765549" lon="-122.421925"><ele>14.594</ele><time>2024-05-22T18:14:30.063Z</time></trkpt><trkpt lat="37.765624" lon="-122.421936"><ele>14.257</ele><time>2024-05-22T18:14:31.063Z</time></trkpt><trkpt lat="37.765695" lon="-122.421950"><ele>14.022</ele><time>2024-05-22T18:14:32.063Z</time></trkpt><trkpt lat="37.765753" lon="-122.421952"><ele>13.909</ele><time>2024-05-22T18:14:33.063Z</time></trkpt><trkpt lat="37.765804" lon="-122.421954"><ele>13.980</ele><time>2024-05-22T18:14:34.063Z</time></trkpt><trkpt lat="37.765855" lon="-122.421958"><ele>13.916</ele><time>2024-05-22T18:14:35.063Z</time></trkpt><trkpt lat="37.765909" lon="-122.421969"><ele>14.090</ele><time>2024-05-22T18:14:36.064Z</time></trkpt><trkpt lat="37.765972" lon="-122.421970"><ele>13.965</ele><time>2024-05-22T18:14:38.064Z</time></trkpt><trkpt lat="37.766011" lon="-122.422011"><ele>14.183</ele><time>2024-05-22T18:14:55.064Z</time></trkpt><trkpt lat="37.766070" lon="-122.422010"><ele>14.194</ele><time>2024-05-22T18:15:06.064Z</time></trkpt><trkpt lat="37.766113" lon="-122.422027"><ele>14.265</ele><time>2024-05-22T18:15:10.064Z</time></trkpt><trkpt lat="37.766181" lon="-122.422043"><ele>14.293</ele><time>2024-05-22T18:15:12.064Z</time></trkpt><trkpt lat="37.766228" lon="-122.422047"><ele>14.284</ele><time>2024-05-22T18:15:13.064Z</time></trkpt><trkpt lat="37.766278" lon="-122.422046"><ele>14.287</ele><time>2024-05-22T18:15:14.064Z</time></trkpt><trkpt lat="37.766332" lon="-122.422043"><ele>14.042</ele><time>2024-05-22T18:15:15.064Z</time></trkpt><trkpt lat="37.766377" lon="-122.422049"><ele>13.926</ele><time>2024-05-22T18:15:16.064Z</time></trkpt><trkpt lat="37.766436" lon="-122.422052"><ele>13.809</ele><time>2024-05-22T18:15:17.064Z</time></trkpt><trkpt lat="37.766500" lon="-122.422058"><ele>13.769</ele><time>2024-05-22T18:15:18.064Z</time></trkpt><trkpt lat="37.766574" lon="-122.422069"><ele>13.755</ele><time>2024-05-22T18:15:19.064Z</time></trkpt><trkpt lat="37.766651" lon="-122.422054"><ele>14.279</ele><time>2024-05-22T18:15:20.064Z</time></trkpt><trkpt lat="37.766728" lon="-122.422053"><ele>14.244</ele><time>2024-05-22T18:15:21.064Z</time></trkpt><trkpt lat="37.766790" lon="-122.422059"><ele>14.032</ele><time>2024-05-22T18:15:22.064Z</time></trkpt><trkpt lat="37.766847" lon="-122.422065"><ele>13.793</ele><time>2024-05-22T18:15:23.064Z</time></trkpt><trkpt lat="37.766910" lon="-122.422071"><ele>13.664</ele><time>2024-05-22T18:15:24.064Z</time></trkpt><trkpt lat="37.766974" lon="-122.422077"><ele>13.682</ele><time>2024-05-22T18:15:25.064Z</time></trkpt><trkpt lat="37.767040" lon="-122.422083"><ele>13.633</ele><time>2024-05-22T18:15:26.064Z</time></trkpt><trkpt lat="37.767106" lon="-122.422114"><ele>13.776</ele><time>2024-05-22T18:15:27.064Z</time></trkpt><trkpt lat="37.767163" lon="-122.422125"><ele>13.490</ele><time>2024-05-22T18:15:28.064Z</time></trkpt><trkpt lat="37.767220" lon="-122.422114"><ele>13.419</ele><time>2024-05-22T18:15:29.064Z</time></trkpt><trkpt lat="37.767274" lon="-122.422126"><ele>13.309</ele><time>2024-05-22T18:15:30.064Z</time></trkpt><trkpt lat="37.767319" lon="-122.422135"><ele>13.468</ele><time>2024-05-22T18:15:31.064Z</time></trkpt><trkpt lat="37.767367" lon="-122.422143"><ele>13.444</ele><time>2024-05-22T18:15:32.064Z</time></trkpt><trkpt lat="37.767412" lon="-122.422148"><ele>13.458</ele><time>2024-05-22T18:15:33.064Z</time></trkpt><trkpt lat="37.767497" lon="-122.422152"><ele>13.433</ele><time>2024-05-22T18:15:35.064Z</time></trkpt><trkpt lat="37.767567" lon="-122.422162"><ele>13.491</ele><time>2024-05-22T18:15:37.064Z</time></trkpt><trkpt lat="37.767632" lon="-122.422169"><ele>13.532</ele><time>2024-05-22T18:15:39.064Z</time></trkpt><trkpt lat="37.767685" lon="-122.422161"><ele>13.563</ele><time>2024-05-22T18:15:41.064Z</time></trkpt><trkpt lat="37.767749" lon="-122.422161"><ele>13.571</ele><time>2024-05-22T18:15:43.064Z</time></trkpt><trkpt lat="37.767838" lon="-122.422166"><ele>13.612</ele><time>2024-05-22T18:15:45.064Z</time></trkpt><trkpt lat="37.767887" lon="-122.422175"><ele>13.622</ele><time>2024-05-22T18:15:46.064Z</time></trkpt><trkpt lat="37.767945" lon="-122.422180"><ele>13.662</ele><time>2024-05-22T18:15:47.064Z</time></trkpt><trkpt lat="37.768006" lon="-122.422185"><ele>13.608</ele><time>2024-05-22T18:15:48.064Z</time></trkpt><trkpt lat="37.768076" lon="-122.422190"><ele>13.609</ele><time>2024-05-22T18:15:49.064Z</time></trkpt><trkpt lat="37.768149" lon="-122.422203"><ele>13.623</ele><time>2024-05-22T18:15:50.064Z</time></trkpt><trkpt lat="37.768217" lon="-122.422205"><ele>13.679</ele><time>2024-05-22T18:15:51.064Z</time></trkpt><trkpt lat="37.768298" lon="-122.422210"><ele>14.063</ele><time>2024-05-22T18:15:52.064Z</time></trkpt><trkpt lat="37.768367" lon="-122.422220"><ele>14.178</ele><time>2024-05-22T18:15:53.064Z</time></trkpt><trkpt lat="37.768438" lon="-122.422231"><ele>14.086</ele><time>2024-05-22T18:15:54.064Z</time></trkpt><trkpt lat="37.768500" lon="-122.422248"><ele>14.037</ele><time>2024-05-22T18:15:55.064Z</time></trkpt><trkpt lat="37.768550" lon="-122.422257"><ele>14.118</ele><time>2024-05-22T18:15:56.064Z</time></trkpt><trkpt lat="37.768615" lon="-122.422261"><ele>13.996</ele><time>2024-05-22T18:15:57.064Z</time></trkpt><trkpt lat="37.768677" lon="-122.422258"><ele>13.867</ele><time>2024-05-22T18:15:58.064Z</time></trkpt><trkpt lat="37.768734" lon="-122.422267"><ele>13.717</ele><time>2024-05-22T18:15:59.064Z</time></trkpt><trkpt lat="37.768789" lon="-122.422268"><ele>13.787</ele><time>2024-05-22T18:16:00.064Z</time></trkpt><trkpt lat="37.768838" lon="-122.422273"><ele>13.715</ele><time>2024-05-22T18:16:01.064Z</time></trkpt><trkpt lat="37.768930" lon="-122.422281"><ele>13.709</ele><time>2024-05-22T18:16:03.064Z</time></trkpt><trkpt lat="37.768976" lon="-122.422282"><ele>13.782</ele><time>2024-05-22T18:16:04.064Z</time></trkpt><trkpt lat="37.769028" lon="-122.422284"><ele>13.798</ele><time>2024-05-22T18:16:05.064Z</time></trkpt><trkpt lat="37.769086" lon="-122.422284"><ele>13.882</ele><time>2024-05-22T18:16:06.064Z</time></trkpt><trkpt lat="37.769155" lon="-122.422293"><ele>14.297</ele><time>2024-05-22T18:16:07.064Z</time></trkpt><trkpt lat="37.769231" lon="-122.422303"><ele>14.365</ele><time>2024-05-22T18:16:08.064Z</time></trkpt><trkpt lat="37.769310" lon="-122.422313"><ele>14.526</ele><time>2024-05-22T18:16:09.064Z</time></trkpt><trkpt lat="37.769390" lon="-122.422316"><ele>14.547</ele><time>2024-05-22T18:16:10.064Z</time></trkpt><trkpt lat="37.769471" lon="-122.422323"><ele>14.565</ele><time>2024-05-22T18:16:11.064Z</time></trkpt><trkpt lat="37.769543" lon="-122.422321"><ele>14.436</ele><time>2024-05-22T18:16:12.064Z</time></trkpt><trkpt lat="37.769603" lon="-122.422325"><ele>14.333</ele><time>2024-05-22T18:16:13.064Z</time></trkpt><trkpt lat="37.769651" lon="-122.422332"><ele>14.323</ele><time>2024-05-22T18:16:14.064Z</time></trkpt><trkpt lat="37.769697" lon="-122.422352"><ele>14.315</ele><time>2024-05-22T18:16:19.064Z</time></trkpt><trkpt lat="37.769789" lon="-122.422326"><ele>14.309</ele><time>2024-05-22T18:16:53.065Z</time></trkpt><trkpt lat="37.769846" lon="-122.422337"><ele>14.464</ele><time>2024-05-22T18:17:02.065Z</time></trkpt><trkpt lat="37.769941" lon="-122.422357"><ele>14.770</ele><time>2024-05-22T18:17:04.065Z</time></trkpt><trkpt lat="37.769989" lon="-122.422367"><ele>14.894</ele><time>2024-05-22T18:17:05.065Z</time></trkpt><trkpt lat="37.770033" lon="-122.422386"><ele>15.079</ele><time>2024-05-22T18:17:06.065Z</time></trkpt><trkpt lat="37.770089" lon="-122.422386"><ele>15.037</ele><time>2024-05-22T18:17:07.065Z</time></trkpt><trkpt lat="37.770145" lon="-122.422394"><ele>15.018</ele><time>2024-05-22T18:17:08.065Z</time></trkpt><trkpt lat="37.770219" lon="-122.422404"><ele>15.359</ele><time>2024-05-22T18:17:09.065Z</time></trkpt><trkpt lat="37.770305" lon="-122.422423"><ele>15.567</ele><time>2024-05-22T18:17:10.065Z</time></trkpt><trkpt lat="37.770406" lon="-122.422431"><ele>16.178</ele><time>2024-05-22T18:17:11.065Z</time></trkpt><trkpt lat="37.770509" lon="-122.422442"><ele>17.166</ele><time>2024-05-22T18:17:12.065Z</time></trkpt><trkpt lat="37.770606" lon="-122.422453"><ele>17.229</ele><time>2024-05-22T18:17:13.065Z</time></trkpt><trkpt lat="37.770691" lon="-122.422463"><ele>17.221</ele><time>2024-05-22T18:17:14.065Z</time></trkpt><trkpt lat="37.770784" lon="-122.422456"><ele>18.409</ele><time>2024-05-22T18:17:15.065Z</time></trkpt><trkpt lat="37.770874" lon="-122.422455"><ele>18.437</ele><time>2024-05-22T18:17:16.065Z</time></trkpt><trkpt lat="37.770964" lon="-122.422455"><ele>19.513</ele><time>2024-05-22T18:17:17.065Z</time></trkpt><trkpt lat="37.771061" lon="-122.422454"><ele>19.537</ele><time>2024-05-22T18:17:18.065Z</time></trkpt><trkpt lat="37.771174" lon="-122.422474"><ele>18.322</ele><time>2024-05-22T18:17:19.065Z</time></trkpt><trkpt lat="37.771287" lon="-122.422480"><ele>17.820</ele><time>2024-05-22T18:17:20.065Z</time></trkpt><trkpt lat="37.771383" lon="-122.422488"><ele>16.941</ele><time>2024-05-22T18:17:21.065Z</time></trkpt><trkpt lat="37.771482" lon="-122.422499"><ele>16.642</ele><time>2024-05-22T18:17:22.065Z</time></trkpt><trkpt lat="37.771580" lon="-122.422510"><ele>15.980</ele><time>2024-05-22T18:17:23.065Z</time></trkpt><trkpt lat="37.771671" lon="-122.422523"><ele>15.941</ele><time>2024-05-22T18:17:24.065Z</time></trkpt><trkpt lat="37.771750" lon="-122.422531"><ele>15.934</ele><time>2024-05-22T18:17:25.065Z</time></trkpt><trkpt lat="37.771824" lon="-122.422545"><ele>16.055</ele><time>2024-05-22T18:17:26.065Z</time></trkpt><trkpt lat="37.771898" lon="-122.422558"><ele>16.510</ele><time>2024-05-22T18:17:27.065Z</time></trkpt><trkpt lat="37.771964" lon="-122.422561"><ele>16.909</ele><time>2024-05-22T18:17:28.065Z</time></trkpt><trkpt lat="37.772020" lon="-122.422569"><ele>16.974</ele><time>2024-05-22T18:17:29.065Z</time></trkpt><trkpt lat="37.772080" lon="-122.422574"><ele>16.920</ele><time>2024-05-22T18:17:30.065Z</time></trkpt><trkpt lat="37.772133" lon="-122.422579"><ele>16.824</ele><time>2024-05-22T18:17:31.065Z</time></trkpt><trkpt lat="37.772209" lon="-122.422590"><ele>16.899</ele><time>2024-05-22T18:17:33.065Z</time></trkpt><trkpt lat="37.772255" lon="-122.422604"><ele>16.827</ele><time>2024-05-22T18:17:36.065Z</time></trkpt><trkpt lat="37.772299" lon="-122.422631"><ele>16.898</ele><time>2024-05-22T18:18:01.065Z</time></trkpt><trkpt lat="37.772349" lon="-122.422633"><ele>16.869</ele><time>2024-05-22T18:18:03.065Z</time></trkpt><trkpt lat="37.772429" lon="-122.422638"><ele>17.317</ele><time>2024-05-22T18:18:05.065Z</time></trkpt><trkpt lat="37.772475" lon="-122.422631"><ele>17.728</ele><time>2024-05-22T18:18:06.065Z</time></trkpt><trkpt lat="37.772519" lon="-122.422613"><ele>17.724</ele><time>2024-05-22T18:18:07.065Z</time></trkpt><trkpt lat="37.772559" lon="-122.422586"><ele>17.704</ele><time>2024-05-22T18:18:08.065Z</time></trkpt><trkpt lat="37.772596" lon="-122.422550"><ele>17.814</ele><time>2024-05-22T18:18:09.065Z</time></trkpt><trkpt lat="37.772639" lon="-122.422504"><ele>17.809</ele><time>2024-05-22T18:18:10.065Z</time></trkpt><trkpt lat="37.772681" lon="-122.422447"><ele>17.883</ele><time>2024-05-22T18:18:11.065Z</time></trkpt><trkpt lat="37.772717" lon="-122.422389"><ele>17.889</ele><time>2024-05-22T18:18:12.065Z</time></trkpt><trkpt lat="37.772754" lon="-122.422338"><ele>17.523</ele><time>2024-05-22T18:18:13.065Z</time></trkpt><trkpt lat="37.772798" lon="-122.422286"><ele>17.438</ele><time>2024-05-22T18:18:14.065Z</time></trkpt><trkpt lat="37.772845" lon="-122.422230"><ele>17.366</ele><time>2024-05-22T18:18:15.065Z</time></trkpt><trkpt lat="37.772885" lon="-122.422170"><ele>17.387</ele><time>2024-05-22T18:18:16.065Z</time></trkpt><trkpt lat="37.772935" lon="-122.422106"><ele>17.348</ele><time>2024-05-22T18:18:17.065Z</time></trkpt><trkpt lat="37.772982" lon="-122.422043"><ele>17.466</ele><time>2024-05-22T18:18:18.065Z</time></trkpt><trkpt lat="37.773034" lon="-122.421979"><ele>17.577</ele><time>2024-05-22T18:18:19.065Z</time></trkpt><trkpt lat="37.773080" lon="-122.421916"><ele>17.485</ele><time>2024-05-22T18:18:20.065Z</time></trkpt><trkpt lat="37.773143" lon="-122.421844"><ele>17.289</ele><time>2024-05-22T18:18:21.065Z</time></trkpt><trkpt lat="37.773198" lon="-122.421774"><ele>17.017</ele><time>2024-05-22T18:18:22.065Z</time></trkpt><trkpt lat="37.773248" lon="-122.421708"><ele>16.909</ele><time>2024-05-22T18:18:23.065Z</time></trkpt><trkpt lat="37.773296" lon="-122.421651"><ele>16.879</ele><time>2024-05-22T18:18:24.065Z</time></trkpt><trkpt lat="37.773345" lon="-122.421604"><ele>16.715</ele><time>2024-05-22T18:18:25.065Z</time></trkpt><trkpt lat="37.773406" lon="-122.421532"><ele>16.759</ele><time>2024-05-22T18:18:27.065Z</time></trkpt><trkpt lat="37.773458" lon="-122.421479"><ele>16.624</ele><time>2024-05-22T18:18:29.065Z</time></trkpt><trkpt lat="37.773502" lon="-122.421436"><ele>16.652</ele><time>2024-05-22T18:18:33.065Z</time></trkpt><trkpt lat="37.773536" lon="-122.421385"><ele>16.613</ele><time>2024-05-22T18:18:35.065Z</time></trkpt><trkpt lat="37.773566" lon="-122.421341"><ele>16.854</ele><time>2024-05-22T18:18:36.065Z</time></trkpt><trkpt lat="37.773593" lon="-122.421292"><ele>16.832</ele><time>2024-05-22T18:18:37.065Z</time></trkpt><trkpt lat="37.773618" lon="-122.421229"><ele>16.883</ele><time>2024-05-22T18:18:38.065Z</time></trkpt><trkpt lat="37.773660" lon="-122.421190"><ele>16.864</ele><time>2024-05-22T18:18:39.065Z</time></trkpt><trkpt lat="37.773696" lon="-122.421139"><ele>16.706</ele><time>2024-05-22T18:18:40.065Z</time></trkpt><trkpt lat="37.773739" lon="-122.421083"><ele>16.516</ele><time>2024-05-22T18:18:41.065Z</time></trkpt><trkpt lat="37.773783" lon="-122.421034"><ele>16.409</ele><time>2024-05-22T18:18:42.065Z</time></trkpt><trkpt lat="37.773817" lon="-122.420976"><ele>16.437</ele><time>2024-05-22T18:18:43.065Z</time></trkpt><trkpt lat="37.773855" lon="-122.420931"><ele>16.333</ele><time>2024-05-22T18:18:44.065Z</time></trkpt><trkpt lat="37.773884" lon="-122.420881"><ele>16.317</ele><time>2024-05-22T18:18:45.065Z</time></trkpt><trkpt lat="37.773926" lon="-122.420847"><ele>16.332</ele><time>2024-05-22T18:18:46.065Z</time></trkpt><trkpt lat="37.773974" lon="-122.420816"><ele>16.340</ele><time>2024-05-22T18:18:47.065Z</time></trkpt><trkpt lat="37.774020" lon="-122.420790"><ele>16.371</ele><time>2024-05-22T18:18:48.066Z</time></trkpt><trkpt lat="37.774096" lon="-122.420752"><ele>16.352</ele><time>2024-05-22T18:18:50.066Z</time></trkpt><trkpt lat="37.774163" lon="-122.420769"><ele>16.330</ele><time>2024-05-22T18:18:51.066Z</time></trkpt><trkpt lat="37.774245" lon="-122.420801"><ele>16.221</ele><time>2024-05-22T18:18:53.066Z</time></trkpt><trkpt lat="37.774295" lon="-122.420817"><ele>15.888</ele><time>2024-05-22T18:18:54.066Z</time></trkpt><trkpt lat="37.774355" lon="-122.420825"><ele>15.924</ele><time>2024-05-22T18:18:55.066Z</time></trkpt><trkpt lat="37.774454" lon="-122.420817"><ele>15.626</ele><time>2024-05-22T18:18:57.066Z</time></trkpt><trkpt lat="37.774515" lon="-122.420835"><ele>16.109</ele><time>2024-05-22T18:18:58.066Z</time></trkpt><trkpt lat="37.774575" lon="-122.420860"><ele>16.449</ele><time>2024-05-22T18:18:59.066Z</time></trkpt><trkpt lat="37.774650" lon="-122.420866"><ele>16.585</ele><time>2024-05-22T18:19:00.066Z</time></trkpt><trkpt lat="37.774717" lon="-122.420886"><ele>16.469</ele><time>2024-05-22T18:19:01.066Z</time></trkpt><trkpt lat="37.774771" lon="-122.420889"><ele>16.634</ele><time>2024-05-22T18:19:02.066Z</time></trkpt><trkpt lat="37.774858" lon="-122.420901"><ele>16.812</ele><time>2024-05-22T18:19:04.066Z</time></trkpt><trkpt lat="37.774927" lon="-122.420902"><ele>16.823</ele><time>2024-05-22T18:19:06.066Z</time></trkpt><trkpt lat="37.775009" lon="-122.420918"><ele>17.194</ele><time>2024-05-22T18:19:08.066Z</time></trkpt><trkpt lat="37.775061" lon="-122.420937"><ele>17.112</ele><time>2024-05-22T18:19:09.066Z</time></trkpt><trkpt lat="37.775110" lon="-122.420946"><ele>17.293</ele><time>2024-05-22T18:19:10.066Z</time></trkpt><trkpt lat="37.775227" lon="-122.420948"><ele>17.527</ele><time>2024-05-22T18:19:12.066Z</time></trkpt><trkpt lat="37.775294" lon="-122.420974"><ele>17.868</ele><time>2024-05-22T18:19:13.066Z</time></trkpt><trkpt lat="37.775378" lon="-122.420979"><ele>18.014</ele><time>2024-05-22T18:19:15.066Z</time></trkpt><trkpt lat="37.775446" lon="-122.420987"><ele>17.809</ele><time>2024-05-22T18:19:17.066Z</time></trkpt><trkpt lat="37.775490" lon="-122.421001"><ele>18.083</ele><time>2024-05-22T18:19:19.066Z</time></trkpt><trkpt lat="37.775535" lon="-122.421010"><ele>17.829</ele><time>2024-05-22T18:19:21.066Z</time></trkpt><trkpt lat="37.775602" lon="-122.421012"><ele>17.863</ele><time>2024-05-22T18:19:23.066Z</time></trkpt><trkpt lat="37.775663" lon="-122.421025"><ele>17.918</ele><time>2024-05-22T18:19:25.066Z</time></trkpt><trkpt lat="37.775708" lon="-122.421035"><ele>17.956</ele><time>2024-05-22T18:19:27.066Z</time></trkpt><trkpt lat="37.775762" lon="-122.421040"><ele>17.967</ele><time>2024-05-22T18:19:29.066Z</time></trkpt><trkpt lat="37.775828" lon="-122.421024"><ele>17.978</ele><time>2024-05-22T18:19:31.066Z</time></trkpt><trkpt lat="37.775907" lon="-122.421021"><ele>18.176</ele><time>2024-05-22T18:19:34.066Z</time></trkpt><trkpt lat="37.775996" lon="-122.421037"><ele>18.447</ele><time>2024-05-22T18:19:36.066Z</time></trkpt><trkpt lat="37.776040" lon="-122.421051"><ele>18.419</ele><time>2024-05-22T18:19:37.066Z</time></trkpt><trkpt lat="37.776094" lon="-122.421066"><ele>18.409</ele><time>2024-05-22T18:19:38.066Z</time></trkpt><trkpt lat="37.776141" lon="-122.421081"><ele>18.319</ele><time>2024-05-22T18:19:39.066Z</time></trkpt><trkpt lat="37.776200" lon="-122.421102"><ele>18.209</ele><time>2024-05-22T18:19:41.066Z</time></trkpt><trkpt lat="37.776253" lon="-122.421103"><ele>18.272</ele><time>2024-05-22T18:19:43.066Z</time></trkpt><trkpt lat="37.776296" lon="-122.421136"><ele>18.268</ele><time>2024-05-22T18:19:46.066Z</time></trkpt><trkpt lat="37.776346" lon="-122.421144"><ele>18.292</ele><time>2024-05-22T18:19:48.066Z</time></trkpt><trkpt lat="37.776421" lon="-122.421174"><ele>18.237</ele><time>2024-05-22T18:19:50.066Z</time></trkpt><trkpt lat="37.776483" lon="-122.421178"><ele>18.235</ele><time>2024-05-22T18:19:52.066Z</time></trkpt><trkpt lat="37.776535" lon="-122.421191"><ele>18.116</ele><time>2024-05-22T18:19:56.066Z</time></trkpt><trkpt lat="37.776585" lon="-122.421240"><ele>18.597</ele><time>2024-05-22T18:20:12.066Z</time></trkpt><trkpt lat="37.776633" lon="-122.421242"><ele>18.535</ele><time>2024-05-22T18:20:19.066Z</time></trkpt><trkpt lat="37.776695" lon="-122.421254"><ele>19.236</ele><time>2024-05-22T18:20:48.066Z</time></trkpt><trkpt lat="37.776766" lon="-122.421253"><ele>19.252</ele><time>2024-05-22T18:20:50.066Z</time></trkpt><trkpt lat="37.776822" lon="-122.421258"><ele>19.253</ele><time>2024-05-22T18:20:52.066Z</time></trkpt><trkpt lat="37.776890" lon="-122.421257"><ele>19.208</ele><time>2024-05-22T18:20:54.067Z</time></trkpt><trkpt lat="37.776939" lon="-122.421274"><ele>19.109</ele><time>2024-05-22T18:20:56.067Z</time></trkpt><trkpt lat="37.776989" lon="-122.421299"><ele>19.186</ele><time>2024-05-22T18:21:03.067Z</time></trkpt><trkpt lat="37.777039" lon="-122.421309"><ele>19.472</ele><time>2024-05-22T18:21:05.067Z</time></trkpt><trkpt lat="37.777084" lon="-122.421318"><ele>19.496</ele><time>2024-05-22T18:21:07.067Z</time></trkpt><trkpt lat="37.777153" lon="-122.421316"><ele>19.481</ele><time>2024-05-22T18:21:09.067Z</time></trkpt><trkpt lat="37.777190" lon="-122.421349"><ele>19.559</ele><time>2024-05-22T18:21:14.067Z</time></trkpt><trkpt lat="37.777240" lon="-122.421365"><ele>19.660</ele><time>2024-05-22T18:21:17.067Z</time></trkpt><trkpt lat="37.777314" lon="-122.421384"><ele>19.681</ele><time>2024-05-22T18:21:20.067Z</time></trkpt><trkpt lat="37.777371" lon="-122.421387"><ele>19.839</ele><time>2024-05-22T18:21:21.067Z</time></trkpt><trkpt lat="37.777451" lon="-122.421401"><ele>19.930</ele><time>2024-05-22T18:21:22.067Z</time></trkpt><trkpt lat="37.777503" lon="-122.421410"><ele>19.991</ele><time>2024-05-22T18:21:23.067Z</time></trkpt><trkpt lat="37.777570" lon="-122.421428"><ele>19.981</ele><time>2024-05-22T18:21:24.067Z</time></trkpt><trkpt lat="37.777632" lon="-122.421427"><ele>19.919</ele><time>2024-05-22T18:21:25.067Z</time></trkpt><trkpt lat="37.777682" lon="-122.421417"><ele>19.909</ele><time>2024-05-22T18:21:26.067Z</time></trkpt><trkpt lat="37.777734" lon="-122.421448"><ele>19.630</ele><time>2024-05-22T18:21:27.067Z</time></trkpt><trkpt lat="37.777789" lon="-122.421459"><ele>19.456</ele><time>2024-05-22T18:21:28.067Z</time></trkpt><trkpt lat="37.777845" lon="-122.421470"><ele>19.460</ele><time>2024-05-22T18:21:29.067Z</time></trkpt><trkpt lat="37.777916" lon="-122.421484"><ele>19.465</ele><time>2024-05-22T18:21:31.067Z</time></trkpt><trkpt lat="37.777965" lon="-122.421494"><ele>19.463</ele><time>2024-05-22T18:21:33.067Z</time></trkpt><trkpt lat="37.778003" lon="-122.421383"><ele>19.594</ele><time>2024-05-22T18:21:35.067Z</time></trkpt><trkpt lat="37.778009" lon="-122.421322"><ele>19.695</ele><time>2024-05-22T18:21:36.067Z</time></trkpt><trkpt lat="37.778021" lon="-122.421254"><ele>19.863</ele><time>2024-05-22T18:21:37.067Z</time></trkpt><trkpt lat="37.778023" lon="-122.421180"><ele>20.164</ele><time>2024-05-22T18:21:38.067Z</time></trkpt><trkpt lat="37.778050" lon="-122.421108"><ele>20.127</ele><time>2024-05-22T18:21:39.067Z</time></trkpt><trkpt lat="37.778060" lon="-122.421049"><ele>20.368</ele><time>2024-05-22T18:21:40.067Z</time></trkpt><trkpt lat="37.778070" lon="-122.420979"><ele>20.114</ele><time>2024-05-22T18:21:41.067Z</time></trkpt><trkpt lat="37.778076" lon="-122.420910"><ele>20.009</ele><time>2024-05-22T18:21:42.067Z</time></trkpt><trkpt lat="37.778077" lon="-122.420825"><ele>19.933</ele><time>2024-05-22T18:21:43.067Z</time></trkpt><trkpt lat="37.778088" lon="-122.420738"><ele>19.769</ele><time>2024-05-22T18:21:44.067Z</time></trkpt><trkpt lat="37.778098" lon="-122.420657"><ele>19.733</ele><time>2024-05-22T18:21:45.067Z</time></trkpt><trkpt lat="37.778109" lon="-122.420572"><ele>19.628</ele><time>2024-05-22T18:21:46.067Z</time></trkpt><trkpt lat="37.778120" lon="-122.420488"><ele>19.456</ele><time>2024-05-22T18:21:47.067Z</time></trkpt><trkpt lat="37.778131" lon="-122.420406"><ele>19.547</ele><time>2024-05-22T18:21:48.067Z</time></trkpt><trkpt lat="37.778141" lon="-122.420330"><ele>19.558</ele><time>2024-05-22T18:21:49.067Z</time></trkpt><trkpt lat="37.778153" lon="-122.420265"><ele>19.646</ele><time>2024-05-22T18:21:50.067Z</time></trkpt><trkpt lat="37.778168" lon="-122.420166"><ele>19.677</ele><time>2024-05-22T18:21:52.067Z</time></trkpt><trkpt lat="37.778258" lon="-122.420145"><ele>19.585</ele><time>2024-05-22T18:21:55.067Z</time></trkpt><trkpt lat="37.778216" lon="-122.420123"><ele>19.489</ele><time>2024-05-22T18:22:46.067Z</time></trkpt><trkpt lat="37.778195" lon="-122.420056"><ele>19.317</ele><time>2024-05-22T18:22:55.067Z</time></trkpt><trkpt lat="37.778200" lon="-122.419987"><ele>19.309</ele><time>2024-05-22T18:22:57.067Z</time></trkpt><trkpt lat="37.778223" lon="-122.419929"><ele>19.379</ele><time>2024-05-22T18:22:59.067Z</time></trkpt><trkpt lat="37.778272" lon="-122.419865"><ele>19.365</ele><time>2024-05-22T18:23:02.067Z</time></trkpt><trkpt lat="37.778333" lon="-122.419823"><ele>19.399</ele><time>2024-05-22T18:23:04.067Z</time></trkpt><trkpt lat="37.778394" lon="-122.419824"><ele>19.664</ele><time>2024-05-22T18:23:05.067Z</time></trkpt><trkpt lat="37.778452" lon="-122.419814"><ele>19.332</ele><time>2024-05-22T18:23:06.067Z</time></trkpt><trkpt lat="37.778504" lon="-122.419829"><ele>19.343</ele><time>2024-05-22T18:23:07.067Z</time></trkpt><trkpt lat="37.778581" lon="-122.419849"><ele>19.214</ele><time>2024-05-22T18:23:09.067Z</time></trkpt><trkpt lat="37.778635" lon="-122.419860"><ele>19.252</ele><time>2024-05-22T18:23:11.067Z</time></trkpt><trkpt lat="37.778693" lon="-122.419895"><ele>19.213</ele><time>2024-05-22T18:23:13.067Z</time></trkpt><trkpt lat="37.778775" lon="-122.419917"><ele>20.734</ele><time>2024-05-22T18:23:15.067Z</time></trkpt><trkpt lat="37.778830" lon="-122.419932"><ele>20.655</ele><time>2024-05-22T18:23:16.067Z</time></trkpt><trkpt lat="37.778895" lon="-122.419944"><ele>20.710</ele><time>2024-05-22T18:23:17.067Z</time></trkpt><trkpt lat="37.778964" lon="-122.419953"><ele>20.709</ele><time>2024-05-22T18:23:18.067Z</time></trkpt><trkpt lat="37.779025" lon="-122.419960"><ele>20.764</ele><time>2024-05-22T18:23:19.067Z</time></trkpt><trkpt lat="37.779087" lon="-122.419969"><ele>20.440</ele><time>2024-05-22T18:23:20.067Z</time></trkpt><trkpt lat="37.779142" lon="-122.419979"><ele>20.464</ele><time>2024-05-22T18:23:21.067Z</time></trkpt><trkpt lat="37.779190" lon="-122.419991"><ele>20.329</ele><time>2024-05-22T18:23:22.067Z</time></trkpt><trkpt lat="37.779230" lon="-122.420029"><ele>20.427</ele><time>2024-05-22T18:23:23.067Z</time></trkpt><trkpt lat="37.779281" lon="-122.420021"><ele>20.378</ele><time>2024-05-22T18:23:24.067Z</time></trkpt><trkpt lat="37.779350" lon="-122.420027"><ele>20.489</ele><time>2024-05-22T18:23:25.067Z</time></trkpt><trkpt lat="37.779406" lon="-122.420033"><ele>20.537</ele><time>2024-05-22T18:23:26.067Z</time></trkpt><trkpt lat="37.779462" lon="-122.420026"><ele>20.968</ele><time>2024-05-22T18:23:27.067Z</time></trkpt><trkpt lat="37.779531" lon="-122.420045"><ele>21.066</ele><time>2024-05-22T18:23:28.067Z</time></trkpt><trkpt lat="37.779609" lon="-122.420058"><ele>21.229</ele><time>2024-05-22T18:23:29.067Z</time></trkpt><trkpt lat="37.779687" lon="-122.420082"><ele>21.521</ele><time>2024-05-22T18:23:30.067Z</time></trkpt><trkpt lat="37.779755" lon="-122.420088"><ele>21.509</ele><time>2024-05-22T18:23:31.067Z</time></trkpt><trkpt lat="37.779819" lon="-122.420100"><ele>21.637</ele><time>2024-05-22T18:23:32.067Z</time></trkpt><trkpt lat="37.779874" lon="-122.420109"><ele>21.563</ele><time>2024-05-22T18:23:33.067Z</time></trkpt><trkpt lat="37.779928" lon="-122.420120"><ele>21.317</ele><time>2024-05-22T18:23:34.067Z</time></trkpt><trkpt lat="37.779974" lon="-122.420131"><ele>21.232</ele><time>2024-05-22T18:23:35.067Z</time></trkpt><trkpt lat="37.780043" lon="-122.420103"><ele>21.230</ele><time>2024-05-22T18:23:37.067Z</time></trkpt><trkpt lat="37.780063" lon="-122.419992"><ele>21.231</ele><time>2024-05-22T18:23:39.067Z</time></trkpt><trkpt lat="37.780075" lon="-122.419908"><ele>21.062</ele><time>2024-05-22T18:23:40.067Z</time></trkpt><trkpt lat="37.780083" lon="-122.419820"><ele>21.260</ele><time>2024-05-22T18:23:41.067Z</time></trkpt><trkpt lat="37.780096" lon="-122.419707"><ele>21.231</ele><time>2024-05-22T18:23:42.067Z</time></trkpt><trkpt lat="37.780117" lon="-122.419600"><ele>21.269</ele><time>2024-05-22T18:23:43.067Z</time></trkpt><trkpt lat="37.780141" lon="-122.419490"><ele>21.104</ele><time>2024-05-22T18:23:44.067Z</time></trkpt><trkpt lat="37.780160" lon="-122.419381"><ele>21.224</ele><time>2024-05-22T18:23:45.067Z</time></trkpt><trkpt lat="37.780170" lon="-122.419280"><ele>21.309</ele><time>2024-05-22T18:23:46.067Z</time></trkpt><trkpt lat="37.780194" lon="-122.419175"><ele>21.217</ele><time>2024-05-22T18:23:47.067Z</time></trkpt><trkpt lat="37.780212" lon="-122.419068"><ele>21.013</ele><time>2024-05-22T18:23:48.067Z</time></trkpt><trkpt lat="37.780228" lon="-122.418961"><ele>20.747</ele><time>2024-05-22T18:23:49.067Z</time></trkpt><trkpt lat="37.780234" lon="-122.418863"><ele>20.682</ele><time>2024-05-22T18:23:50.067Z</time></trkpt><trkpt lat="37.780245" lon="-122.418769"><ele>20.480</ele><time>2024-05-22T18:23:51.067Z</time></trkpt><trkpt lat="37.780258" lon="-122.418695"><ele>20.221</ele><time>2024-05-22T18:23:52.067Z</time></trkpt><trkpt lat="37.780266" lon="-122.418608"><ele>20.292</ele><time>2024-05-22T18:23:53.067Z</time></trkpt><trkpt lat="37.780278" lon="-122.418522"><ele>20.390</ele><time>2024-05-22T18:23:54.067Z</time></trkpt><trkpt lat="37.780288" lon="-122.418449"><ele>20.431</ele><time>2024-05-22T18:23:55.067Z</time></trkpt><trkpt lat="37.780296" lon="-122.418380"><ele>20.472</ele><time>2024-05-22T18:23:56.067Z</time></trkpt><trkpt lat="37.780304" lon="-122.418316"><ele>20.413</ele><time>2024-05-22T18:23:57.067Z</time></trkpt><trkpt lat="37.780284" lon="-122.418251"><ele>19.814</ele><time>2024-05-22T18:23:58.067Z</time></trkpt><trkpt lat="37.780292" lon="-122.418187"><ele>19.509</ele><time>2024-05-22T18:23:59.067Z</time></trkpt><trkpt lat="37.780305" lon="-122.418086"><ele>19.368</ele><time>2024-05-22T18:24:01.067Z</time></trkpt><trkpt lat="37.780335" lon="-122.417999"><ele>19.384</ele><time>2024-05-22T18:24:03.067Z</time></trkpt><trkpt lat="37.780348" lon="-122.417913"><ele>19.498</ele><time>2024-05-22T18:24:05.067Z</time></trkpt><trkpt lat="37.780362" lon="-122.417830"><ele>19.553</ele><time>2024-05-22T18:24:07.067Z</time></trkpt><trkpt lat="37.780371" lon="-122.417766"><ele>19.511</ele><time>2024-05-22T18:24:09.067Z</time></trkpt><trkpt lat="37.780378" lon="-122.417706"><ele>19.532</ele><time>2024-05-22T18:24:11.067Z</time></trkpt><trkpt lat="37.780386" lon="-122.417641"><ele>19.563</ele><time>2024-05-22T18:24:13.067Z</time></trkpt><trkpt lat="37.780390" lon="-122.417584"><ele>19.561</ele><time>2024-05-22T18:24:15.067Z</time></trkpt><trkpt lat="37.780407" lon="-122.417510"><ele>19.512</ele><time>2024-05-22T18:24:17.067Z</time></trkpt><trkpt lat="37.780424" lon="-122.417425"><ele>19.451</ele><time>2024-05-22T18:24:19.067Z</time></trkpt><trkpt lat="37.780442" lon="-122.417357"><ele>19.401</ele><time>2024-05-22T18:24:21.067Z</time></trkpt><trkpt lat="37.780460" lon="-122.417287"><ele>19.311</ele><time>2024-05-22T18:24:23.067Z</time></trkpt><trkpt lat="37.780462" lon="-122.417218"><ele>19.309</ele><time>2024-05-22T18:24:26.067Z</time></trkpt><trkpt lat="37.780481" lon="-122.417136"><ele>19.336</ele><time>2024-05-22T18:24:43.067Z</time></trkpt><trkpt lat="37.780493" lon="-122.417064"><ele>19.242</ele><time>2024-05-22T18:24:45.067Z</time></trkpt><trkpt lat="37.780546" lon="-122.417034"><ele>19.186</ele><time>2024-05-22T18:24:47.067Z</time></trkpt><trkpt lat="37.780609" lon="-122.417034"><ele>19.091</ele><time>2024-05-22T18:24:49.067Z</time></trkpt><trkpt lat="37.780683" lon="-122.417034"><ele>18.899</ele><time>2024-05-22T18:24:51.067Z</time></trkpt><trkpt lat="37.780728" lon="-122.417042"><ele>18.870</ele><time>2024-05-22T18:24:52.067Z</time></trkpt><trkpt lat="37.780783" lon="-122.417061"><ele>18.831</ele><time>2024-05-22T18:24:54.067Z</time></trkpt><trkpt lat="37.780832" lon="-122.417107"><ele>19.019</ele><time>2024-05-22T18:24:56.067Z</time></trkpt><trkpt lat="37.780895" lon="-122.417119"><ele>19.660</ele><time>2024-05-22T18:24:59.067Z</time></trkpt><trkpt lat="37.780989" lon="-122.417149"><ele>20.047</ele><time>2024-05-22T18:25:35.068Z</time></trkpt><trkpt lat="37.781048" lon="-122.417167"><ele>20.129</ele><time>2024-05-22T18:25:43.068Z</time></trkpt><trkpt lat="37.781106" lon="-122.417179"><ele>20.321</ele><time>2024-05-22T18:25:45.068Z</time></trkpt><trkpt lat="37.781161" lon="-122.417182"><ele>20.509</ele><time>2024-05-22T18:25:47.068Z</time></trkpt><trkpt lat="37.781221" lon="-122.417166"><ele>20.595</ele><time>2024-05-22T18:25:49.068Z</time></trkpt><trkpt lat="37.781284" lon="-122.417172"><ele>21.731</ele><time>2024-05-22T18:25:52.068Z</time></trkpt><trkpt lat="37.781335" lon="-122.417212"><ele>21.975</ele><time>2024-05-22T18:25:54.068Z</time></trkpt><trkpt lat="37.781400" lon="-122.417221"><ele>22.750</ele><time>2024-05-22T18:25:56.068Z</time></trkpt><trkpt lat="37.781448" lon="-122.417187"><ele>22.838</ele><time>2024-05-22T18:25:59.068Z</time></trkpt><trkpt lat="37.781493" lon="-122.417200"><ele>23.319</ele><time>2024-05-22T18:26:02.068Z</time></trkpt><trkpt lat="37.781559" lon="-122.417197"><ele>23.380</ele><time>2024-05-22T18:26:04.068Z</time></trkpt><trkpt lat="37.781602" lon="-122.417214"><ele>23.328</ele><time>2024-05-22T18:26:05.068Z</time></trkpt><trkpt lat="37.781685" lon="-122.417243"><ele>23.379</ele><time>2024-05-22T18:26:07.068Z</time></trkpt><trkpt lat="37.781729" lon="-122.417210"><ele>23.349</ele><time>2024-05-22T18:26:08.068Z</time></trkpt><trkpt lat="37.781775" lon="-122.417238"><ele>23.402</ele><time>2024-05-22T18:26:09.068Z</time></trkpt><trkpt lat="37.781819" lon="-122.417260"><ele>23.922</ele><time>2024-05-22T18:26:11.068Z</time></trkpt><trkpt lat="37.781871" lon="-122.417265"><ele>23.909</ele><time>2024-05-22T18:26:13.068Z</time></trkpt><trkpt lat="37.781952" lon="-122.417273"><ele>23.975</ele><time>2024-05-22T18:26:15.068Z</time></trkpt><trkpt lat="37.782021" lon="-122.417265"><ele>23.561</ele><time>2024-05-22T18:26:17.068Z</time></trkpt><trkpt lat="37.782065" lon="-122.417316"><ele>23.385</ele><time>2024-05-22T18:26:21.068Z</time></trkpt><trkpt lat="37.782154" lon="-122.417387"><ele>23.230</ele><time>2024-05-22T18:26:49.068Z</time></trkpt><trkpt lat="37.782197" lon="-122.417426"><ele>23.338</ele><time>2024-05-22T18:27:01.068Z</time></trkpt><trkpt lat="37.782261" lon="-122.417427"><ele>23.649</ele><time>2024-05-22T18:27:03.068Z</time></trkpt><trkpt lat="37.782353" lon="-122.417435"><ele>23.820</ele><time>2024-05-22T18:27:05.068Z</time></trkpt><trkpt lat="37.782443" lon="-122.417416"><ele>23.988</ele><time>2024-05-22T18:27:07.068Z</time></trkpt><trkpt lat="37.782496" lon="-122.417385"><ele>24.089</ele><time>2024-05-22T18:27:09.068Z</time></trkpt><trkpt lat="37.782542" lon="-122.417360"><ele>24.025</ele><time>2024-05-22T18:27:11.068Z</time></trkpt><trkpt lat="37.782589" lon="-122.417390"><ele>24.026</ele><time>2024-05-22T18:27:13.068Z</time></trkpt><trkpt lat="37.782635" lon="-122.417488"><ele>24.408</ele><time>2024-05-22T18:27:32.068Z</time></trkpt><trkpt lat="37.782716" lon="-122.417509"><ele>24.709</ele><time>2024-05-22T18:27:46.068Z</time></trkpt><trkpt lat="37.782758" lon="-122.417539"><ele>25.363</ele><time>2024-05-22T18:27:47.068Z</time></trkpt><trkpt lat="37.782809" lon="-122.417571"><ele>25.819</ele><time>2024-05-22T18:27:48.068Z</time></trkpt><trkpt lat="37.782873" lon="-122.417576"><ele>26.193</ele><time>2024-05-22T18:27:49.068Z</time></trkpt><trkpt lat="37.782934" lon="-122.417578"><ele>26.418</ele><time>2024-05-22T18:27:50.068Z</time></trkpt><trkpt lat="37.782994" lon="-122.417521"><ele>26.516</ele><time>2024-05-22T18:27:51.068Z</time></trkpt><trkpt lat="37.783053" lon="-122.417533"><ele>27.047</ele><time>2024-05-22T18:27:52.068Z</time></trkpt><trkpt lat="37.783110" lon="-122.417544"><ele>27.298</ele><time>2024-05-22T18:27:53.068Z</time></trkpt><trkpt lat="37.783181" lon="-122.417558"><ele>27.286</ele><time>2024-05-22T18:27:54.068Z</time></trkpt><trkpt lat="37.783242" lon="-122.417570"><ele>27.637</ele><time>2024-05-22T18:27:55.068Z</time></trkpt><trkpt lat="37.783296" lon="-122.417598"><ele>27.695</ele><time>2024-05-22T18:27:56.068Z</time></trkpt><trkpt lat="37.783355" lon="-122.417601"><ele>27.249</ele><time>2024-05-22T18:27:57.068Z</time></trkpt><trkpt lat="37.783408" lon="-122.417600"><ele>27.123</ele><time>2024-05-22T18:27:58.068Z</time></trkpt><trkpt lat="37.783467" lon="-122.417599"><ele>27.109</ele><time>2024-05-22T18:27:59.068Z</time></trkpt><trkpt lat="37.783521" lon="-122.417599"><ele>27.110</ele><time>2024-05-22T18:28:00.068Z</time></trkpt><trkpt lat="37.783576" lon="-122.417604"><ele>27.686</ele><time>2024-05-22T18:28:01.068Z</time></trkpt><trkpt lat="37.783625" lon="-122.417619"><ele>28.150</ele><time>2024-05-22T18:28:02.068Z</time></trkpt><trkpt lat="37.783693" lon="-122.417632"><ele>28.285</ele><time>2024-05-22T18:28:04.068Z</time></trkpt><trkpt lat="37.783740" lon="-122.417632"><ele>28.273</ele><time>2024-05-22T18:28:42.068Z</time></trkpt><trkpt lat="37.783789" lon="-122.417653"><ele>28.284</ele><time>2024-05-22T18:28:45.068Z</time></trkpt><trkpt lat="37.783867" lon="-122.417687"><ele>28.265</ele><time>2024-05-22T18:28:47.068Z</time></trkpt><trkpt lat="37.783917" lon="-122.417700"><ele>28.593</ele><time>2024-05-22T18:28:49.068Z</time></trkpt><trkpt lat="37.783965" lon="-122.417704"><ele>29.094</ele><time>2024-05-22T18:28:51.068Z</time></trkpt><trkpt lat="37.784034" lon="-122.417730"><ele>29.166</ele><time>2024-05-22T18:28:53.068Z</time></trkpt><trkpt lat="37.784085" lon="-122.417748"><ele>29.729</ele><time>2024-05-22T18:28:54.068Z</time></trkpt><trkpt lat="37.784165" lon="-122.417793"><ele>29.821</ele><time>2024-05-22T18:28:56.068Z</time></trkpt><trkpt lat="37.784210" lon="-122.417816"><ele>29.809</ele><time>2024-05-22T18:28:57.068Z</time></trkpt><trkpt lat="37.784310" lon="-122.417848"><ele>29.857</ele><time>2024-05-22T18:28:59.068Z</time></trkpt><trkpt lat="37.784362" lon="-122.417857"><ele>30.053</ele><time>2024-05-22T18:29:00.068Z</time></trkpt><trkpt lat="37.784466" lon="-122.417854"><ele>30.087</ele><time>2024-05-22T18:29:02.068Z</time></trkpt><trkpt lat="37.784521" lon="-122.417831"><ele>30.532</ele><time>2024-05-22T18:29:03.068Z</time></trkpt><trkpt lat="37.784560" lon="-122.417866"><ele>30.880</ele><time>2024-05-22T18:29:04.068Z</time></trkpt><trkpt lat="37.784610" lon="-122.417912"><ele>31.211</ele><time>2024-05-22T18:29:05.068Z</time></trkpt><trkpt lat="37.784659" lon="-122.417951"><ele>31.492</ele><time>2024-05-22T18:29:06.068Z</time></trkpt><trkpt lat="37.784724" lon="-122.417956"><ele>31.690</ele><time>2024-05-22T18:29:07.068Z</time></trkpt><trkpt lat="37.784800" lon="-122.417943"><ele>31.761</ele><time>2024-05-22T18:29:08.068Z</time></trkpt><trkpt lat="37.784863" lon="-122.417944"><ele>32.676</ele><time>2024-05-22T18:29:09.068Z</time></trkpt><trkpt lat="37.784919" lon="-122.417891"><ele>33.090</ele><time>2024-05-22T18:29:10.068Z</time></trkpt><trkpt lat="37.784996" lon="-122.417915"><ele>33.219</ele><time>2024-05-22T18:29:11.068Z</time></trkpt><trkpt lat="37.785055" lon="-122.417931"><ele>33.409</ele><time>2024-05-22T18:29:12.068Z</time></trkpt><trkpt lat="37.785119" lon="-122.417948"><ele>33.478</ele><time>2024-05-22T18:29:13.068Z</time></trkpt><trkpt lat="37.785227" lon="-122.417976"><ele>33.464</ele><time>2024-05-22T18:29:14.068Z</time></trkpt><trkpt lat="37.785357" lon="-122.418001"><ele>33.858</ele><time>2024-05-22T18:29:15.068Z</time></trkpt><trkpt lat="37.785468" lon="-122.418012"><ele>34.723</ele><time>2024-05-22T18:29:16.069Z</time></trkpt><trkpt lat="37.785564" lon="-122.418022"><ele>34.961</ele><time>2024-05-22T18:29:17.069Z</time></trkpt><trkpt lat="37.785658" lon="-122.418028"><ele>35.312</ele><time>2024-05-22T18:29:18.069Z</time></trkpt><trkpt lat="37.785760" lon="-122.418046"><ele>35.653</ele><time>2024-05-22T18:29:19.069Z</time></trkpt><trkpt lat="37.785837" lon="-122.418066"><ele>35.621</ele><time>2024-05-22T18:29:20.069Z</time></trkpt><trkpt lat="37.785931" lon="-122.418147"><ele>35.652</ele><time>2024-05-22T18:29:22.069Z</time></trkpt><trkpt lat="37.786035" lon="-122.418139"><ele>37.238</ele><time>2024-05-22T18:29:23.069Z</time></trkpt><trkpt lat="37.786163" lon="-122.418156"><ele>37.570</ele><time>2024-05-22T18:29:24.069Z</time></trkpt><trkpt lat="37.786296" lon="-122.418186"><ele>37.517</ele><time>2024-05-22T18:29:25.069Z</time></trkpt><trkpt lat="37.786405" lon="-122.418208"><ele>37.109</ele><time>2024-05-22T18:29:26.069Z</time></trkpt><trkpt lat="37.786514" lon="-122.418228"><ele>35.644</ele><time>2024-05-22T18:29:27.069Z</time></trkpt><trkpt lat="37.786569" lon="-122.418234"><ele>35.470</ele><time>2024-05-22T18:29:28.069Z</time></trkpt><trkpt lat="37.786620" lon="-122.418247"><ele>35.524</ele><time>2024-05-22T18:29:29.069Z</time></trkpt><trkpt lat="37.786673" lon="-122.418249"><ele>35.619</ele><time>2024-05-22T18:29:31.069Z</time></trkpt><trkpt lat="37.786718" lon="-122.418255"><ele>35.897</ele><time>2024-05-22T18:29:33.069Z</time></trkpt><trkpt lat="37.786782" lon="-122.418248"><ele>36.568</ele><time>2024-05-22T18:29:41.069Z</time></trkpt><trkpt lat="37.786838" lon="-122.418247"><ele>37.379</ele><time>2024-05-22T18:29:43.069Z</time></trkpt><trkpt lat="37.786908" lon="-122.418251"><ele>38.587</ele><time>2024-05-22T18:29:45.069Z</time></trkpt><trkpt lat="37.786982" lon="-122.418264"><ele>38.688</ele><time>2024-05-22T18:29:48.069Z</time></trkpt><trkpt lat="37.787008" lon="-122.418216"><ele>38.613</ele><time>2024-05-22T18:29:51.069Z</time></trkpt></trkseg></trk></gpx>